name,time,power,sensor,target
power_consumption,1704903229613000000,0.005368348449251985,paolo-laptop,influx_dest
power_consumption,1704903233620000000,0.004233457918025399,paolo-laptop,influx_dest
power_consumption,1704903234622000000,0.004778133363515312,paolo-laptop,influx_dest
power_consumption,1704903235623000000,0.004778819884505179,paolo-laptop,influx_dest
power_consumption,1704903236625000000,0.007254226370607698,paolo-laptop,influx_dest
power_consumption,1704903237627000000,0.0038657407566641926,paolo-laptop,influx_dest
power_consumption,1704903238628000000,0.0050947892610261145,paolo-laptop,influx_dest
power_consumption,1704903239631000000,0.0049176396153255645,paolo-laptop,influx_dest
power_consumption,1704903240632000000,0.012253394019731415,paolo-laptop,influx_dest
power_consumption,1704903241633000000,0.005266446084356402,paolo-laptop,influx_dest
power_consumption,1704903242638000000,0.005275841496769993,paolo-laptop,influx_dest
power_consumption,1704903243640000000,0.00524054358413453,paolo-laptop,influx_dest
power_consumption,1704903245643000000,0.00418476529600471,paolo-laptop,influx_dest
power_consumption,1704903246648000000,0.004034778191099769,paolo-laptop,influx_dest
power_consumption,1704903247654000000,0.0035786450016782392,paolo-laptop,influx_dest
power_consumption,1704903249657000000,0.0032321995611964034,paolo-laptop,influx_dest
power_consumption,1704903250658000000,0.12113210205523331,paolo-laptop,influx_dest
power_consumption,1704903251660000000,0.0030846071276671157,paolo-laptop,influx_dest
power_consumption,1704903254664000000,0.0034682294596294345,paolo-laptop,influx_dest
power_consumption,1704903255665000000,0.0032677622338600993,paolo-laptop,influx_dest
power_consumption,1704903257668000000,0.0032175258348156595,paolo-laptop,influx_dest
power_consumption,1704903258669000000,0.0029540669163957587,paolo-laptop,influx_dest
power_consumption,1704903262674000000,0.0029430248717408464,paolo-laptop,influx_dest
power_consumption,1704903263675000000,0.002775441173900113,paolo-laptop,influx_dest
power_consumption,1704903264677000000,0.0034423689428210217,paolo-laptop,influx_dest
power_consumption,1704903266681000000,0.002945130343372755,paolo-laptop,influx_dest
power_consumption,1704903267682000000,0.0045623156669787985,paolo-laptop,influx_dest
power_consumption,1704903268684000000,0.0030765710119260155,paolo-laptop,influx_dest
power_consumption,1704903270688000000,0.00852226308216453,paolo-laptop,influx_dest
power_consumption,1704903271689000000,0.0027511852652352875,paolo-laptop,influx_dest
power_consumption,1704903272691000000,0.0025483155645803683,paolo-laptop,influx_dest
power_consumption,1704903273693000000,0.0037060811208159874,paolo-laptop,influx_dest
power_consumption,1704903274694000000,0.0021696228028466875,paolo-laptop,influx_dest
power_consumption,1704903275695000000,0.002347082305845394,paolo-laptop,influx_dest
power_consumption,1704903276696000000,0.0027564968964888087,paolo-laptop,influx_dest
power_consumption,1704903277697000000,0.0032379200959833515,paolo-laptop,influx_dest
power_consumption,1704903278699000000,0.003126836160464211,paolo-laptop,influx_dest
power_consumption,1704903279700000000,0.0033461816083457255,paolo-laptop,influx_dest
power_consumption,1704903280704000000,0.012697367587211253,paolo-laptop,influx_dest
power_consumption,1704903281709000000,0.0042083169817258926,paolo-laptop,influx_dest
power_consumption,1704903282711000000,0.0030769293750248588,paolo-laptop,influx_dest
power_consumption,1704903283712000000,0.004091484747645136,paolo-laptop,influx_dest
power_consumption,1704903284716000000,0.0037707681000756733,paolo-laptop,influx_dest
power_consumption,1704903285718000000,0.00318731455139792,paolo-laptop,influx_dest
power_consumption,1704903286720000000,0.005426034531160811,paolo-laptop,influx_dest
power_consumption,1704903287722000000,0.005079318455706104,paolo-laptop,influx_dest
power_consumption,1704903288725000000,0.003310509036586786,paolo-laptop,influx_dest
power_consumption,1704903289728000000,0.00401220824806997,paolo-laptop,influx_dest
power_consumption,1704903290730000000,0.012208931131124312,paolo-laptop,influx_dest
power_consumption,1704903291732000000,0.0035936388339336614,paolo-laptop,influx_dest
power_consumption,1704903292734000000,0.003305845620313204,paolo-laptop,influx_dest
power_consumption,1704903293735000000,0.004660090100472768,paolo-laptop,influx_dest
power_consumption,1704903294737000000,0.0032251941285129804,paolo-laptop,influx_dest
power_consumption,1704903295739000000,0.00533111526058784,paolo-laptop,influx_dest
power_consumption,1704903296740000000,0.006029495933472417,paolo-laptop,influx_dest
power_consumption,1704903297743000000,0.004379300925065445,paolo-laptop,influx_dest
power_consumption,1704903298745000000,0.005168255248421884,paolo-laptop,influx_dest
power_consumption,1704903299746000000,0.003942637630610611,paolo-laptop,influx_dest
power_consumption,1704903300748000000,0.01089223582146851,paolo-laptop,influx_dest
power_consumption,1704903301750000000,0.00376482465172496,paolo-laptop,influx_dest
power_consumption,1704903302752000000,0.003427720946011707,paolo-laptop,influx_dest
power_consumption,1704903303755000000,0.004676955113788387,paolo-laptop,influx_dest
power_consumption,1704903304757000000,0.005363044476623925,paolo-laptop,influx_dest
power_consumption,1704903305759000000,0.004580692651938216,paolo-laptop,influx_dest
power_consumption,1704903306761000000,0.005136827773319177,paolo-laptop,influx_dest
power_consumption,1704903307767000000,0.004318623386844212,paolo-laptop,influx_dest
power_consumption,1704903308769000000,0.00410516965294274,paolo-laptop,influx_dest
power_consumption,1704903309772000000,0.005052069315264359,paolo-laptop,influx_dest
power_consumption,1704903310774000000,0.011121590816351426,paolo-laptop,influx_dest
power_consumption,1704903311776000000,0.0028730531786956316,paolo-laptop,influx_dest
power_consumption,1704903312779000000,0.005608551554249971,paolo-laptop,influx_dest
power_consumption,1704903313781000000,0.05983607248423582,paolo-laptop,influx_dest
power_consumption,1704903314783000000,0.0046069026124667505,paolo-laptop,influx_dest
power_consumption,1704903315785000000,0.0052544430505504424,paolo-laptop,influx_dest
power_consumption,1704903316787000000,0.005948454481655642,paolo-laptop,influx_dest
power_consumption,1704903317790000000,0.005392543532557922,paolo-laptop,influx_dest
power_consumption,1704903318792000000,0.005650859635626444,paolo-laptop,influx_dest
power_consumption,1704903319794000000,0.00488505687208045,paolo-laptop,influx_dest
power_consumption,1704903320796000000,0.012526591595621046,paolo-laptop,influx_dest
power_consumption,1704903321798000000,0.005598583531086169,paolo-laptop,influx_dest
power_consumption,1704903322800000000,0.003704557576281347,paolo-laptop,influx_dest
power_consumption,1704903323802000000,0.005026926295556242,paolo-laptop,influx_dest
power_consumption,1704903324804000000,0.0056268094395447174,paolo-laptop,influx_dest
power_consumption,1704903325807000000,0.002841295339895691,paolo-laptop,influx_dest
power_consumption,1704903326809000000,0.006334524652944466,paolo-laptop,influx_dest
power_consumption,1704903327811000000,0.003378455878030069,paolo-laptop,influx_dest
power_consumption,1704903328814000000,0.0035997836923776496,paolo-laptop,influx_dest
power_consumption,1704903329816000000,0.005530675337357728,paolo-laptop,influx_dest
power_consumption,1704903330818000000,0.009617972143433476,paolo-laptop,influx_dest
power_consumption,1704903331820000000,0.0029020525255555553,paolo-laptop,influx_dest
power_consumption,1704903332822000000,0.002980784375036102,paolo-laptop,influx_dest
power_consumption,1704903333823000000,0.0030205069368064055,paolo-laptop,influx_dest
power_consumption,1704903334825000000,0.005187587548357431,paolo-laptop,influx_dest
power_consumption,1704903335827000000,0.0050763886666694725,paolo-laptop,influx_dest
power_consumption,1704903336830000000,0.005305592807738898,paolo-laptop,influx_dest
power_consumption,1704903337832000000,0.004930181070366957,paolo-laptop,influx_dest
power_consumption,1704903338834000000,0.005534477591477226,paolo-laptop,influx_dest
power_consumption,1704903339836000000,0.00545282260126276,paolo-laptop,influx_dest
power_consumption,1704903340838000000,0.009854243390034902,paolo-laptop,influx_dest
power_consumption,1704903341840000000,0.004977515741584438,paolo-laptop,influx_dest
power_consumption,1704903342842000000,0.004698339344194049,paolo-laptop,influx_dest
power_consumption,1704903343845000000,0.004703634807623803,paolo-laptop,influx_dest
power_consumption,1704903344847000000,0.005470417475701152,paolo-laptop,influx_dest
power_consumption,1704903345849000000,0.0056297661987189185,paolo-laptop,influx_dest
power_consumption,1704903346851000000,0.005199885772829781,paolo-laptop,influx_dest
power_consumption,1704903347853000000,0.005090519768715036,paolo-laptop,influx_dest
power_consumption,1704903348856000000,0.0053513929403357485,paolo-laptop,influx_dest
power_consumption,1704903349858000000,0.004297600151029194,paolo-laptop,influx_dest
power_consumption,1704903350861000000,0.01181636747705258,paolo-laptop,influx_dest
power_consumption,1704903351863000000,0.0056618749534247965,paolo-laptop,influx_dest
power_consumption,1704903352866000000,0.005821235376296125,paolo-laptop,influx_dest
power_consumption,1704903353868000000,0.0048083705957465825,paolo-laptop,influx_dest
power_consumption,1704903354870000000,0.004741058854961915,paolo-laptop,influx_dest
power_consumption,1704903355873000000,0.00447675031593904,paolo-laptop,influx_dest
power_consumption,1704903356877000000,0.007712709631017101,paolo-laptop,influx_dest
power_consumption,1704903357883000000,0.004747611402310463,paolo-laptop,influx_dest
power_consumption,1704903358887000000,0.005495700632378923,paolo-laptop,influx_dest
power_consumption,1704903359889000000,0.005878287086809569,paolo-laptop,influx_dest
power_consumption,1704903360890000000,0.013455766599880573,paolo-laptop,influx_dest
power_consumption,1704903361892000000,0.002663221186693906,paolo-laptop,influx_dest
power_consumption,1704903362894000000,0.006202171113365025,paolo-laptop,influx_dest
power_consumption,1704903363896000000,0.006584867120312033,paolo-laptop,influx_dest
power_consumption,1704903364898000000,0.005876558849776588,paolo-laptop,influx_dest
power_consumption,1704903365900000000,0.005201992285559341,paolo-laptop,influx_dest
power_consumption,1704903366905000000,0.005854030744599455,paolo-laptop,influx_dest
power_consumption,1704903367930000000,0.005228036733443044,paolo-laptop,influx_dest
power_consumption,1704903368932000000,0.004251376268324218,paolo-laptop,influx_dest
power_consumption,1704903369934000000,0.004797511873040227,paolo-laptop,influx_dest
power_consumption,1704903370937000000,0.010187704682434691,paolo-laptop,influx_dest
power_consumption,1704903371939000000,0.004800914057462104,paolo-laptop,influx_dest
power_consumption,1704903372941000000,0.005238532907340621,paolo-laptop,influx_dest
power_consumption,1704903373944000000,0.004047904319269879,paolo-laptop,influx_dest
power_consumption,1704903374946000000,0.055308155767963135,paolo-laptop,influx_dest
power_consumption,1704903375951000000,0.0045082807995361265,paolo-laptop,influx_dest
power_consumption,1704903376953000000,0.0047973981924229955,paolo-laptop,influx_dest
power_consumption,1704903377954000000,0.005224510307465678,paolo-laptop,influx_dest
power_consumption,1704903378956000000,0.004387462050307776,paolo-laptop,influx_dest
power_consumption,1704903379958000000,0.0057003858516524895,paolo-laptop,influx_dest
power_consumption,1704903380961000000,0.011820589335589661,paolo-laptop,influx_dest
power_consumption,1704903381963000000,0.0049675095820453305,paolo-laptop,influx_dest
power_consumption,1704903383968000000,0.004649346497402097,paolo-laptop,influx_dest
power_consumption,1704903386981000000,0.0054115642199461245,paolo-laptop,influx_dest
power_consumption,1704903387984000000,0.005505082870616207,paolo-laptop,influx_dest
power_consumption,1704903388986000000,0.005322518674028167,paolo-laptop,influx_dest
power_consumption,1704903389988000000,0.004016611596226855,paolo-laptop,influx_dest
power_consumption,1704903390990000000,0.013509023331271195,paolo-laptop,influx_dest
power_consumption,1704903391993000000,0.004387175020705045,paolo-laptop,influx_dest
power_consumption,1704903392996000000,0.0043441481959791434,paolo-laptop,influx_dest
power_consumption,1704903393998000000,0.005475055975694199,paolo-laptop,influx_dest
power_consumption,1704903395000000000,0.006065615762290058,paolo-laptop,influx_dest
power_consumption,1704903396002000000,0.005032098093768562,paolo-laptop,influx_dest
power_consumption,1704903397004000000,0.006311280539073692,paolo-laptop,influx_dest
power_consumption,1704903398006000000,0.004635420876519227,paolo-laptop,influx_dest
power_consumption,1704903399009000000,0.0056274802296116385,paolo-laptop,influx_dest
power_consumption,1704903401013000000,0.004910775257677909,paolo-laptop,influx_dest
power_consumption,1704903402015000000,0.005608257214609591,paolo-laptop,influx_dest
power_consumption,1704903403017000000,0.004682448704614617,paolo-laptop,influx_dest
power_consumption,1704903410039000000,0.011774979943838302,paolo-laptop,influx_dest
power_consumption,1704903411041000000,0.004504875695528897,paolo-laptop,influx_dest
power_consumption,1704903412043000000,0.005040599931073101,paolo-laptop,influx_dest
power_consumption,1704903413044000000,0.0042267621539953445,paolo-laptop,influx_dest
power_consumption,1704903416050000000,0.00440831165523945,paolo-laptop,influx_dest
power_consumption,1704903417052000000,0.0078014450312123736,paolo-laptop,influx_dest
power_consumption,1704903418054000000,0.005710556906517108,paolo-laptop,influx_dest
power_consumption,1704903419056000000,0.005446887857002615,paolo-laptop,influx_dest
power_consumption,1704903420058000000,0.011991481458742305,paolo-laptop,influx_dest
power_consumption,1704903421060000000,0.004388329362665247,paolo-laptop,influx_dest
power_consumption,1704903422063000000,0.005509431589464378,paolo-laptop,influx_dest
power_consumption,1704903423065000000,0.005095900310184761,paolo-laptop,influx_dest
power_consumption,1704903424067000000,0.005332165729923729,paolo-laptop,influx_dest
power_consumption,1704903425069000000,0.005609172615695733,paolo-laptop,influx_dest
power_consumption,1704903426072000000,0.005738430378678635,paolo-laptop,influx_dest
power_consumption,1704903427074000000,0.006129551023032434,paolo-laptop,influx_dest
power_consumption,1704903428076000000,0.005062451930815247,paolo-laptop,influx_dest
power_consumption,1704903429078000000,0.005799522339212672,paolo-laptop,influx_dest
power_consumption,1704903430080000000,0.013684281486630822,paolo-laptop,influx_dest
power_consumption,1704903431082000000,0.004550091173795262,paolo-laptop,influx_dest
power_consumption,1704903432088000000,0.00591085124098566,paolo-laptop,influx_dest
power_consumption,1704903433090000000,0.005620600623761678,paolo-laptop,influx_dest
power_consumption,1704903434092000000,0.004349623421381223,paolo-laptop,influx_dest
power_consumption,1704903435094000000,0.005413703632065078,paolo-laptop,influx_dest
power_consumption,1704903436096000000,0.005124031010947644,paolo-laptop,influx_dest
power_consumption,1704903437098000000,0.005831228691331966,paolo-laptop,influx_dest
power_consumption,1704903438110000000,0.005058020648423879,paolo-laptop,influx_dest
power_consumption,1704903439116000000,0.05856076392690368,paolo-laptop,influx_dest
power_consumption,1704903440118000000,0.01230777118321213,paolo-laptop,influx_dest
power_consumption,1704903441121000000,0.005390592240359886,paolo-laptop,influx_dest
power_consumption,1704903442125000000,0.0047033919304447554,paolo-laptop,influx_dest
power_consumption,1704903443138000000,0.005170505448282656,paolo-laptop,influx_dest
power_consumption,1704903444148000000,0.004866261041097527,paolo-laptop,influx_dest
power_consumption,1704903445150000000,0.004797693362803798,paolo-laptop,influx_dest
power_consumption,1704903446152000000,0.004993229966662647,paolo-laptop,influx_dest
power_consumption,1704903447158000000,0.00671480139164732,paolo-laptop,influx_dest
power_consumption,1704903448165000000,0.004572859669409977,paolo-laptop,influx_dest
power_consumption,1704903449167000000,0.004659002180917739,paolo-laptop,influx_dest
power_consumption,1704903450169000000,0.012479369252649357,paolo-laptop,influx_dest
power_consumption,1704903451171000000,0.004745727241160528,paolo-laptop,influx_dest
power_consumption,1704903452173000000,0.004482816652257641,paolo-laptop,influx_dest
power_consumption,1704903453176000000,0.004326353034708083,paolo-laptop,influx_dest
power_consumption,1704903454178000000,0.005363013220060152,paolo-laptop,influx_dest
power_consumption,1704903455184000000,0.004534595168994879,paolo-laptop,influx_dest
power_consumption,1704903456185000000,0.004305014303327893,paolo-laptop,influx_dest
power_consumption,1704903460204000000,0.011894127117506884,paolo-laptop,influx_dest
power_consumption,1704903461208000000,0.00497436080162762,paolo-laptop,influx_dest
power_consumption,1704903463212000000,0.005033842660866555,paolo-laptop,influx_dest
power_consumption,1704903468231000000,0.004655867399560289,paolo-laptop,influx_dest
power_consumption,1704903471238000000,0.005002458972244243,paolo-laptop,influx_dest
power_consumption,1704903472240000000,0.003929613727376745,paolo-laptop,influx_dest
power_consumption,1704903473242000000,0.004501258123628904,paolo-laptop,influx_dest
power_consumption,1704903474246000000,0.006559486116846132,paolo-laptop,influx_dest
power_consumption,1704903475249000000,0.00472880159285874,paolo-laptop,influx_dest
power_consumption,1704903476253000000,0.004901915692253156,paolo-laptop,influx_dest
power_consumption,1704903477258000000,0.00648797553753618,paolo-laptop,influx_dest
power_consumption,1704903478260000000,0.005490410680538361,paolo-laptop,influx_dest
power_consumption,1704903479263000000,0.004776936055863574,paolo-laptop,influx_dest
power_consumption,1704903480266000000,0.01175958084382737,paolo-laptop,influx_dest
power_consumption,1704903481268000000,0.004785299346323447,paolo-laptop,influx_dest
power_consumption,1704903482273000000,0.004744745588591907,paolo-laptop,influx_dest
power_consumption,1704903483276000000,0.005592707362018628,paolo-laptop,influx_dest
power_consumption,1704903484282000000,0.004458967757343393,paolo-laptop,influx_dest
power_consumption,1704903485287000000,0.004953233374720353,paolo-laptop,influx_dest
power_consumption,1704903486291000000,0.005327128486338282,paolo-laptop,influx_dest
power_consumption,1704903487293000000,0.005890601604960174,paolo-laptop,influx_dest
power_consumption,1704903488295000000,0.004706414231467013,paolo-laptop,influx_dest
power_consumption,1704903489297000000,0.00513906858986691,paolo-laptop,influx_dest
power_consumption,1704903490298000000,0.01371052946006271,paolo-laptop,influx_dest
power_consumption,1704903491302000000,0.0046871466513875686,paolo-laptop,influx_dest
power_consumption,1704903498321000000,0.05578366660310184,paolo-laptop,influx_dest
power_consumption,1704903501328000000,0.005185737235716413,paolo-laptop,influx_dest
power_consumption,1704903502330000000,0.00520656529821428,paolo-laptop,influx_dest
power_consumption,1704903503331000000,0.004284895206693296,paolo-laptop,influx_dest
power_consumption,1704903507343000000,0.005181156151816458,paolo-laptop,influx_dest
power_consumption,1704903508344000000,0.0046851445298521505,paolo-laptop,influx_dest
power_consumption,1704903509346000000,0.004602039111166271,paolo-laptop,influx_dest
power_consumption,1704903510350000000,0.011868257421587241,paolo-laptop,influx_dest
power_consumption,1704903516361000000,0.0029200477020955105,paolo-laptop,influx_dest
power_consumption,1704903517363000000,0.006096977342221281,paolo-laptop,influx_dest
power_consumption,1704903518365000000,0.002792911307756626,paolo-laptop,influx_dest
power_consumption,1704903521371000000,0.003421590289748183,paolo-laptop,influx_dest
power_consumption,1704903522372000000,0.002911676049357732,paolo-laptop,influx_dest
power_consumption,1704903524377000000,0.0056645747146533395,paolo-laptop,influx_dest
power_consumption,1704903525379000000,0.005841139440433275,paolo-laptop,influx_dest
power_consumption,1704903526381000000,0.00441778552447314,paolo-laptop,influx_dest
power_consumption,1704903527384000000,0.0055366463936468375,paolo-laptop,influx_dest
power_consumption,1704903528386000000,0.005315477717041833,paolo-laptop,influx_dest
power_consumption,1704903529388000000,0.005224133966929421,paolo-laptop,influx_dest
power_consumption,1704903530390000000,0.011604265086492862,paolo-laptop,influx_dest
power_consumption,1704903531396000000,0.004810567367159895,paolo-laptop,influx_dest
power_consumption,1704903532398000000,0.004771516290471843,paolo-laptop,influx_dest
power_consumption,1704903533404000000,0.005137645520477506,paolo-laptop,influx_dest
power_consumption,1704903534409000000,0.005072918517487696,paolo-laptop,influx_dest
power_consumption,1704903535411000000,0.005062989518025588,paolo-laptop,influx_dest
power_consumption,1704903536413000000,0.005276784402991675,paolo-laptop,influx_dest
power_consumption,1704903537415000000,0.006223807980603231,paolo-laptop,influx_dest
power_consumption,1704903538418000000,0.005427183643023049,paolo-laptop,influx_dest
power_consumption,1704903539420000000,0.005119794528576939,paolo-laptop,influx_dest
power_consumption,1704903540425000000,0.012643861621491273,paolo-laptop,influx_dest
power_consumption,1704903541427000000,0.003363219908075848,paolo-laptop,influx_dest
power_consumption,1704903550456000000,0.012630721851772091,paolo-laptop,influx_dest
power_consumption,1704903551459000000,0.0040852076429508805,paolo-laptop,influx_dest
power_consumption,1704903552461000000,0.005790488326547658,paolo-laptop,influx_dest
power_consumption,1704903553463000000,0.005513848709487466,paolo-laptop,influx_dest
power_consumption,1704903554465000000,0.005350139019393673,paolo-laptop,influx_dest
power_consumption,1704903555477000000,0.05175885223268141,paolo-laptop,influx_dest
power_consumption,1704903556483000000,0.006081258094367891,paolo-laptop,influx_dest
power_consumption,1704903557485000000,0.005322156906428306,paolo-laptop,influx_dest
power_consumption,1704903558488000000,0.005433346900356641,paolo-laptop,influx_dest
power_consumption,1704903559490000000,0.005866556022376124,paolo-laptop,influx_dest
power_consumption,1704903560492000000,0.012760480154269494,paolo-laptop,influx_dest
power_consumption,1704903561495000000,0.005791012888731156,paolo-laptop,influx_dest
power_consumption,1704903562497000000,0.005509640240639098,paolo-laptop,influx_dest
power_consumption,1704903563500000000,0.004881431497216965,paolo-laptop,influx_dest
power_consumption,1704903564502000000,0.0062299886619651655,paolo-laptop,influx_dest
power_consumption,1704903565504000000,0.004950131342095533,paolo-laptop,influx_dest
power_consumption,1704903566506000000,0.005975417067945376,paolo-laptop,influx_dest
power_consumption,1704903567508000000,0.0053463119698884285,paolo-laptop,influx_dest
power_consumption,1704903568510000000,0.005929250100863053,paolo-laptop,influx_dest
power_consumption,1704903569512000000,0.005376546478282241,paolo-laptop,influx_dest
power_consumption,1704903570515000000,0.0128688359772681,paolo-laptop,influx_dest
power_consumption,1704903571517000000,0.005561753832542272,paolo-laptop,influx_dest
power_consumption,1704903572519000000,0.00500038878925612,paolo-laptop,influx_dest
power_consumption,1704903573522000000,0.004435295451626708,paolo-laptop,influx_dest
power_consumption,1704903574526000000,0.005331677500082485,paolo-laptop,influx_dest
power_consumption,1704903575528000000,0.004632443002675031,paolo-laptop,influx_dest
power_consumption,1704903576530000000,0.005594365496456613,paolo-laptop,influx_dest
power_consumption,1704903577531000000,0.004586590743176483,paolo-laptop,influx_dest
power_consumption,1704903578533000000,0.005379238514211648,paolo-laptop,influx_dest
power_consumption,1704903579537000000,0.005229309670035235,paolo-laptop,influx_dest
power_consumption,1704903580539000000,0.011535608102161254,paolo-laptop,influx_dest
power_consumption,1704903581540000000,0.004824363450095198,paolo-laptop,influx_dest
power_consumption,1704903583543000000,0.005203270119303087,paolo-laptop,influx_dest
power_consumption,1704903584545000000,0.0030577861111355667,paolo-laptop,influx_dest
power_consumption,1704903586549000000,0.005546963444017703,paolo-laptop,influx_dest
power_consumption,1704903588553000000,0.0028940870611310733,paolo-laptop,influx_dest
power_consumption,1704903589555000000,0.004415457015243995,paolo-laptop,influx_dest
power_consumption,1704903590557000000,0.012398894978412442,paolo-laptop,influx_dest
power_consumption,1704903591559000000,0.006702901845195137,paolo-laptop,influx_dest
power_consumption,1704903592561000000,0.006717327785264371,paolo-laptop,influx_dest
power_consumption,1704903593563000000,0.005701044113030714,paolo-laptop,influx_dest
power_consumption,1704903594565000000,0.006278414205735709,paolo-laptop,influx_dest
power_consumption,1704903595567000000,0.00662727627873139,paolo-laptop,influx_dest
power_consumption,1704903596570000000,0.006566535645692484,paolo-laptop,influx_dest
power_consumption,1704903597572000000,0.005566604938556029,paolo-laptop,influx_dest
power_consumption,1704903598575000000,0.004979135530779727,paolo-laptop,influx_dest
power_consumption,1704903599577000000,0.005338502093122699,paolo-laptop,influx_dest
power_consumption,1704903600580000000,0.012252247433461788,paolo-laptop,influx_dest
power_consumption,1704903601582000000,0.006325169162397833,paolo-laptop,influx_dest
power_consumption,1704903602584000000,0.005689174278123129,paolo-laptop,influx_dest
power_consumption,1704903603587000000,0.005354351397798061,paolo-laptop,influx_dest
power_consumption,1704903604591000000,0.0072993749250722835,paolo-laptop,influx_dest
power_consumption,1704903605593000000,0.005331141499750723,paolo-laptop,influx_dest
power_consumption,1704903606596000000,0.007577697270392423,paolo-laptop,influx_dest
power_consumption,1704903607599000000,0.0060344011898590556,paolo-laptop,influx_dest
power_consumption,1704903608601000000,0.002697644036002523,paolo-laptop,influx_dest
power_consumption,1704903610606000000,0.010698368923941463,paolo-laptop,influx_dest
power_consumption,1704903615622000000,0.002329189512923848,paolo-laptop,influx_dest
power_consumption,1704903617625000000,0.002936511667314984,paolo-laptop,influx_dest
power_consumption,1704903625648000000,0.0029921380352644408,paolo-laptop,influx_dest
power_consumption,1704903632669000000,0.003186608529461849,paolo-laptop,influx_dest
power_consumption,1704903635679000000,0.0025840167355461446,paolo-laptop,influx_dest
power_consumption,1704903642712000000,0.0068431118793349476,paolo-laptop,influx_dest
power_consumption,1704903645720000000,0.003200621102825832,paolo-laptop,influx_dest
power_consumption,1704903646721000000,0.006887623315532944,paolo-laptop,influx_dest
power_consumption,1704903647723000000,0.0022671464907352687,paolo-laptop,influx_dest
power_consumption,1704903648725000000,0.0060295405362870745,paolo-laptop,influx_dest
power_consumption,1704903649726000000,0.0072057710306036174,paolo-laptop,influx_dest
power_consumption,1704903650729000000,0.010895380360021006,paolo-laptop,influx_dest
power_consumption,1704903651731000000,0.00654745670992184,paolo-laptop,influx_dest
power_consumption,1704903655737000000,0.0031498627742345296,paolo-laptop,influx_dest
power_consumption,1704903658743000000,0.0067961062284834315,paolo-laptop,influx_dest
power_consumption,1704903661755000000,0.0028707594527941794,paolo-laptop,influx_dest
power_consumption,1704903666768000000,0.0026026965430232967,paolo-laptop,influx_dest
power_consumption,1704903668773000000,0.006959594483752868,paolo-laptop,influx_dest
power_consumption,1704903669775000000,0.00252708816695044,paolo-laptop,influx_dest
power_consumption,1704903670779000000,0.013540413444089645,paolo-laptop,influx_dest
power_consumption,1704903678804000000,0.002492524457981356,paolo-laptop,influx_dest
power_consumption,1704903679806000000,0.003189867401460664,paolo-laptop,influx_dest
power_consumption,1704903680810000000,0.012501062501965475,paolo-laptop,influx_dest
power_consumption,1704903682813000000,0.005312148069285879,paolo-laptop,influx_dest
power_consumption,1704903683817000000,0.0030066663111985624,paolo-laptop,influx_dest
power_consumption,1704903684820000000,0.01342676020977776,paolo-laptop,influx_dest
power_consumption,1704903685823000000,0.009316308417713786,paolo-laptop,influx_dest
power_consumption,1704903686824000000,0.005633766638603517,paolo-laptop,influx_dest
power_consumption,1704903687828000000,0.007895861378822274,paolo-laptop,influx_dest
power_consumption,1704903688830000000,0.0027221387234639093,paolo-laptop,influx_dest
power_consumption,1704903689831000000,0.005564883532618912,paolo-laptop,influx_dest
power_consumption,1704903690833000000,0.011398043218542268,paolo-laptop,influx_dest
power_consumption,1704903691836000000,0.006145998534871562,paolo-laptop,influx_dest
power_consumption,1704903692838000000,0.05896732750481279,paolo-laptop,influx_dest
power_consumption,1704903693842000000,0.007345692185149443,paolo-laptop,influx_dest
power_consumption,1704903696849000000,0.006965697480084271,paolo-laptop,influx_dest
power_consumption,1704903697851000000,0.006972361876631165,paolo-laptop,influx_dest
power_consumption,1704903698855000000,0.0034875610734623527,paolo-laptop,influx_dest
power_consumption,1704903699857000000,0.004490840987016412,paolo-laptop,influx_dest
power_consumption,1704903702867000000,0.0030010843855609306,paolo-laptop,influx_dest
power_consumption,1704903704875000000,0.0033772810807390793,paolo-laptop,influx_dest
power_consumption,1704903705877000000,0.006163675453492046,paolo-laptop,influx_dest
power_consumption,1704903708885000000,0.0025282485620368323,paolo-laptop,influx_dest
power_consumption,1704903709887000000,0.0066709442527173755,paolo-laptop,influx_dest
power_consumption,1704903710891000000,0.009244207836597832,paolo-laptop,influx_dest
power_consumption,1704903711893000000,0.00826588771153444,paolo-laptop,influx_dest
power_consumption,1704903713896000000,0.0021900995864860707,paolo-laptop,influx_dest
power_consumption,1704903714898000000,0.003315153615146655,paolo-laptop,influx_dest
power_consumption,1704903716901000000,0.012996643466918967,paolo-laptop,influx_dest
power_consumption,1704903717903000000,0.006260558013854342,paolo-laptop,influx_dest
power_consumption,1704903718905000000,0.006762979228600425,paolo-laptop,influx_dest
power_consumption,1704903719907000000,0.0028408874484310985,paolo-laptop,influx_dest
power_consumption,1704903720908000000,0.011216809659012379,paolo-laptop,influx_dest
power_consumption,1704903721910000000,0.005603099150144107,paolo-laptop,influx_dest
power_consumption,1704903722912000000,0.0026932713959429587,paolo-laptop,influx_dest
power_consumption,1704903723916000000,0.007646866715927383,paolo-laptop,influx_dest
power_consumption,1704903724917000000,0.003632368365966511,paolo-laptop,influx_dest
power_consumption,1704903726921000000,0.007816979226955397,paolo-laptop,influx_dest
power_consumption,1704903727923000000,0.005770567231472446,paolo-laptop,influx_dest
power_consumption,1704903729930000000,0.005230563578626869,paolo-laptop,influx_dest
power_consumption,1704903730932000000,0.0130532992811064,paolo-laptop,influx_dest
power_consumption,1704903731937000000,0.006820020735795045,paolo-laptop,influx_dest
power_consumption,1704903732941000000,0.0034497941204742304,paolo-laptop,influx_dest
power_consumption,1704903733949000000,0.004567731628026239,paolo-laptop,influx_dest
power_consumption,1704903734950000000,0.0029514225969449683,paolo-laptop,influx_dest
power_consumption,1704903735952000000,0.006855227582814734,paolo-laptop,influx_dest
power_consumption,1704903736955000000,0.009374856869344257,paolo-laptop,influx_dest
power_consumption,1704903737958000000,0.0032844282880701817,paolo-laptop,influx_dest
power_consumption,1704903738960000000,0.003288352544782435,paolo-laptop,influx_dest
power_consumption,1704903739963000000,0.008949500576898682,paolo-laptop,influx_dest
power_consumption,1704903740967000000,0.012196743916441741,paolo-laptop,influx_dest
power_consumption,1704903741969000000,0.007711069398002538,paolo-laptop,influx_dest
power_consumption,1704903742972000000,0.0025994759759923928,paolo-laptop,influx_dest
power_consumption,1704903743974000000,0.0038684931146002557,paolo-laptop,influx_dest
power_consumption,1704903744976000000,0.006239254657979082,paolo-laptop,influx_dest
power_consumption,1704903745979000000,0.002789637963031604,paolo-laptop,influx_dest
power_consumption,1704903746981000000,0.012458001500448963,paolo-laptop,influx_dest
power_consumption,1704903747983000000,0.006099747365646507,paolo-laptop,influx_dest
power_consumption,1704903748986000000,0.0034680558254543232,paolo-laptop,influx_dest
power_consumption,1704903750991000000,0.013216633302850674,paolo-laptop,influx_dest
power_consumption,1704903751992000000,0.00636872557632296,paolo-laptop,influx_dest
power_consumption,1704903752993000000,0.006572153211570458,paolo-laptop,influx_dest
power_consumption,1704903753994000000,0.0025905550776170877,paolo-laptop,influx_dest
power_consumption,1704903754998000000,0.008132427530654785,paolo-laptop,influx_dest
power_consumption,1704903756002000000,0.003980492272258824,paolo-laptop,influx_dest
power_consumption,1704903757004000000,0.01020987060192505,paolo-laptop,influx_dest
power_consumption,1704903758007000000,0.0028850338057262942,paolo-laptop,influx_dest
power_consumption,1704903759009000000,0.007849932970568059,paolo-laptop,influx_dest
power_consumption,1704903760011000000,0.014099910137205188,paolo-laptop,influx_dest
power_consumption,1704903761015000000,0.04664377487886664,paolo-laptop,influx_dest
power_consumption,1704903762020000000,0.008375943053248588,paolo-laptop,influx_dest
power_consumption,1704903763023000000,0.006663888407378207,paolo-laptop,influx_dest
power_consumption,1704903764025000000,0.005995587555925618,paolo-laptop,influx_dest
power_consumption,1704903765029000000,0.008393900260632765,paolo-laptop,influx_dest
power_consumption,1704903766030000000,0.004512260348450467,paolo-laptop,influx_dest
power_consumption,1704903767033000000,0.0030569681472374455,paolo-laptop,influx_dest
power_consumption,1704903768036000000,0.004565286406531077,paolo-laptop,influx_dest
power_consumption,1704903769037000000,0.006041925024315518,paolo-laptop,influx_dest
power_consumption,1704903770039000000,0.012950276233216759,paolo-laptop,influx_dest
power_consumption,1704903771041000000,0.0056022381459504,paolo-laptop,influx_dest
power_consumption,1704903772043000000,0.005834185615618224,paolo-laptop,influx_dest
power_consumption,1704903773045000000,0.006825981930359468,paolo-laptop,influx_dest
power_consumption,1704903774047000000,0.0070538939417755415,paolo-laptop,influx_dest
power_consumption,1704903775051000000,0.00507571488563279,paolo-laptop,influx_dest
power_consumption,1704903776056000000,0.005374157016120603,paolo-laptop,influx_dest
power_consumption,1704903777058000000,0.007540267372622094,paolo-laptop,influx_dest
power_consumption,1704903778060000000,0.00657027659016498,paolo-laptop,influx_dest
power_consumption,1704903779062000000,0.005998965500373023,paolo-laptop,influx_dest
power_consumption,1704903780067000000,0.013447902347141282,paolo-laptop,influx_dest
power_consumption,1704903781074000000,0.005715388457805352,paolo-laptop,influx_dest
power_consumption,1704903782079000000,0.0072599834146838006,paolo-laptop,influx_dest
power_consumption,1704903783086000000,0.006788813500243972,paolo-laptop,influx_dest
power_consumption,1704903784091000000,0.006149531898584571,paolo-laptop,influx_dest
power_consumption,1704903785097000000,0.005269562163406186,paolo-laptop,influx_dest
power_consumption,1704903786099000000,0.005640658626041788,paolo-laptop,influx_dest
power_consumption,1704903787101000000,0.006992849189108131,paolo-laptop,influx_dest
power_consumption,1704903788103000000,0.005583088175666469,paolo-laptop,influx_dest
power_consumption,1704903789105000000,0.0059622519676410055,paolo-laptop,influx_dest
power_consumption,1704903790107000000,0.013009604066988461,paolo-laptop,influx_dest
power_consumption,1704903791112000000,0.005729672286283707,paolo-laptop,influx_dest
power_consumption,1704903792114000000,0.007411972977073648,paolo-laptop,influx_dest
power_consumption,1704903793117000000,0.008055979978607316,paolo-laptop,influx_dest
power_consumption,1704903794118000000,0.008998321206105254,paolo-laptop,influx_dest
power_consumption,1704903795120000000,0.0088197731414966,paolo-laptop,influx_dest
power_consumption,1704903796121000000,0.0029772558920991214,paolo-laptop,influx_dest
power_consumption,1704903797123000000,0.007863966536474636,paolo-laptop,influx_dest
power_consumption,1704903798126000000,0.005237756762084891,paolo-laptop,influx_dest
power_consumption,1704903799127000000,0.006185005339480805,paolo-laptop,influx_dest
power_consumption,1704903800129000000,0.014995371859690796,paolo-laptop,influx_dest
power_consumption,1704903801130000000,0.005974152795705716,paolo-laptop,influx_dest
power_consumption,1704903802132000000,0.007388100166097416,paolo-laptop,influx_dest
power_consumption,1704903803134000000,0.006789326478755609,paolo-laptop,influx_dest
power_consumption,1704903804136000000,0.007117835624045991,paolo-laptop,influx_dest
power_consumption,1704903805137000000,0.00726636431392785,paolo-laptop,influx_dest
power_consumption,1704903806139000000,0.007718876106923561,paolo-laptop,influx_dest
power_consumption,1704903807140000000,0.007914399230283396,paolo-laptop,influx_dest
power_consumption,1704903808142000000,0.005837644969160078,paolo-laptop,influx_dest
power_consumption,1704903809147000000,0.005803313624783502,paolo-laptop,influx_dest
power_consumption,1704903812156000000,0.009114183670491226,paolo-laptop,influx_dest
power_consumption,1704903813159000000,0.004968494749823426,paolo-laptop,influx_dest
power_consumption,1704903814161000000,0.004745932570273458,paolo-laptop,influx_dest
power_consumption,1704903815164000000,0.01009353665083159,paolo-laptop,influx_dest
power_consumption,1704903816165000000,0.005014810669391187,paolo-laptop,influx_dest
power_consumption,1704903817168000000,0.005260349710429892,paolo-laptop,influx_dest
power_consumption,1704903818171000000,0.005970067079247288,paolo-laptop,influx_dest
power_consumption,1704903819173000000,0.014127013310182561,paolo-laptop,influx_dest
power_consumption,1704903820175000000,0.015302896069657767,paolo-laptop,influx_dest
power_consumption,1704903821177000000,0.005043346259590676,paolo-laptop,influx_dest
power_consumption,1704903822179000000,0.005133637812082023,paolo-laptop,influx_dest
power_consumption,1704903823181000000,0.005615053424825222,paolo-laptop,influx_dest
power_consumption,1704903824184000000,0.005248288492353159,paolo-laptop,influx_dest
power_consumption,1704903825186000000,0.005698403695021274,paolo-laptop,influx_dest
power_consumption,1704903826188000000,0.00555369172684089,paolo-laptop,influx_dest
power_consumption,1704903827191000000,0.006354560549549658,paolo-laptop,influx_dest
power_consumption,1704903828193000000,0.007599652506005519,paolo-laptop,influx_dest
power_consumption,1704903829194000000,0.0025649580804814414,paolo-laptop,influx_dest
power_consumption,1704903830196000000,0.06662733119687642,paolo-laptop,influx_dest
power_consumption,1704903831197000000,0.01286500538972298,paolo-laptop,influx_dest
power_consumption,1704903832201000000,0.012839526662210308,paolo-laptop,influx_dest
power_consumption,1704903833203000000,0.00281814511994776,paolo-laptop,influx_dest
power_consumption,1704903834205000000,0.004737845303347452,paolo-laptop,influx_dest
power_consumption,1704903835208000000,0.003986327001526114,paolo-laptop,influx_dest
power_consumption,1704903836210000000,0.004165147187199778,paolo-laptop,influx_dest
power_consumption,1704903838218000000,0.005672575559597479,paolo-laptop,influx_dest
power_consumption,1704903839220000000,0.009745306715841026,paolo-laptop,influx_dest
power_consumption,1704903840224000000,0.01133949778573925,paolo-laptop,influx_dest
power_consumption,1704903841225000000,0.004466238516869439,paolo-laptop,influx_dest
power_consumption,1704903842229000000,0.009156387703446518,paolo-laptop,influx_dest
power_consumption,1704903843231000000,0.0030008621558807614,paolo-laptop,influx_dest
power_consumption,1704903845233000000,0.006729859550029542,paolo-laptop,influx_dest
power_consumption,1704903846236000000,0.005220771821025938,paolo-laptop,influx_dest
power_consumption,1704903847238000000,0.016282468234574594,paolo-laptop,influx_dest
power_consumption,1704903848241000000,0.013167281516930397,paolo-laptop,influx_dest
power_consumption,1704903849244000000,0.002877466927088631,paolo-laptop,influx_dest
power_consumption,1704903850247000000,0.015580140168887853,paolo-laptop,influx_dest
power_consumption,1704903851250000000,0.004125828645662377,paolo-laptop,influx_dest
power_consumption,1704903852254000000,0.008064608447472877,paolo-laptop,influx_dest
power_consumption,1704903853256000000,0.004849289829203258,paolo-laptop,influx_dest
power_consumption,1704903854257000000,0.012502190853362195,paolo-laptop,influx_dest
power_consumption,1704903855260000000,0.004812253677582524,paolo-laptop,influx_dest
power_consumption,1704903856262000000,0.0028836278330166367,paolo-laptop,influx_dest
power_consumption,1704903857264000000,0.008722638615322593,paolo-laptop,influx_dest
power_consumption,1704903858266000000,0.011386191012425858,paolo-laptop,influx_dest
power_consumption,1704903860269000000,0.014200348328017098,paolo-laptop,influx_dest
power_consumption,1704903861271000000,0.004694807741637638,paolo-laptop,influx_dest
power_consumption,1704903862272000000,0.00565738570304679,paolo-laptop,influx_dest
power_consumption,1704903863273000000,0.004255828111574547,paolo-laptop,influx_dest
power_consumption,1704903864275000000,0.009057232414221997,paolo-laptop,influx_dest
power_consumption,1704903865277000000,0.009247472586480707,paolo-laptop,influx_dest
power_consumption,1704903866279000000,0.0033835904268166477,paolo-laptop,influx_dest
power_consumption,1704903867281000000,0.015927121713964376,paolo-laptop,influx_dest
power_consumption,1704903868287000000,0.005481876050411647,paolo-laptop,influx_dest
power_consumption,1704903870294000000,0.025348663732035388,paolo-laptop,influx_dest
power_consumption,1704903871296000000,0.0030804909161954207,paolo-laptop,influx_dest
power_consumption,1704903872298000000,0.005128368808702326,paolo-laptop,influx_dest
power_consumption,1704903873300000000,0.002652271267079536,paolo-laptop,influx_dest
power_consumption,1704903874302000000,0.004988172302413755,paolo-laptop,influx_dest
power_consumption,1704903875304000000,0.0054526226393470725,paolo-laptop,influx_dest
power_consumption,1704903876307000000,0.005053789205693528,paolo-laptop,influx_dest
power_consumption,1704903877312000000,0.00551869109945533,paolo-laptop,influx_dest
power_consumption,1704903878315000000,0.0054071907085028355,paolo-laptop,influx_dest
power_consumption,1704903879317000000,0.004170567090954522,paolo-laptop,influx_dest
power_consumption,1704903880322000000,0.022008256616942105,paolo-laptop,influx_dest
power_consumption,1704903881324000000,0.008674095010250404,paolo-laptop,influx_dest
power_consumption,1704903882325000000,0.0062031556917195065,paolo-laptop,influx_dest
power_consumption,1704903883327000000,0.005005586505323623,paolo-laptop,influx_dest
power_consumption,1704903884329000000,0.005733388055944138,paolo-laptop,influx_dest
power_consumption,1704903885331000000,0.004448649733945197,paolo-laptop,influx_dest
power_consumption,1704903886333000000,0.006818570975324531,paolo-laptop,influx_dest
power_consumption,1704903887336000000,0.006531519001241314,paolo-laptop,influx_dest
power_consumption,1704903888338000000,0.005907835369960531,paolo-laptop,influx_dest
power_consumption,1704903889340000000,0.005391310829563676,paolo-laptop,influx_dest
power_consumption,1704903890346000000,0.010603703447411012,paolo-laptop,influx_dest
power_consumption,1704903891350000000,0.004515948017688926,paolo-laptop,influx_dest
power_consumption,1704903893354000000,0.0059622187364828565,paolo-laptop,influx_dest
power_consumption,1704903894358000000,0.00604429447956944,paolo-laptop,influx_dest
power_consumption,1704903895363000000,0.006098770755104366,paolo-laptop,influx_dest
power_consumption,1704903897368000000,0.006651922153136857,paolo-laptop,influx_dest
power_consumption,1704903898373000000,0.013352434500457777,paolo-laptop,influx_dest
power_consumption,1704903899375000000,0.0026283209034185496,paolo-laptop,influx_dest
power_consumption,1704903900377000000,0.01269814647098079,paolo-laptop,influx_dest
power_consumption,1704903901379000000,0.005897105452432035,paolo-laptop,influx_dest
power_consumption,1704903902381000000,0.006020609644142858,paolo-laptop,influx_dest
power_consumption,1704903903382000000,0.005839278079272177,paolo-laptop,influx_dest
power_consumption,1704903904384000000,0.00591117224813509,paolo-laptop,influx_dest
power_consumption,1704903905388000000,0.005402443234834029,paolo-laptop,influx_dest
power_consumption,1704903906390000000,0.00888642105938032,paolo-laptop,influx_dest
power_consumption,1704903907392000000,0.005905271474476059,paolo-laptop,influx_dest
power_consumption,1704903908394000000,0.005404711920440371,paolo-laptop,influx_dest
power_consumption,1704903909398000000,0.006839950568090415,paolo-laptop,influx_dest
power_consumption,1704903911403000000,0.004925555564283439,paolo-laptop,influx_dest
power_consumption,1704903912408000000,0.005278292167315666,paolo-laptop,influx_dest
power_consumption,1704903913410000000,0.005980318171880153,paolo-laptop,influx_dest
power_consumption,1704903914413000000,0.007181195081400665,paolo-laptop,influx_dest
power_consumption,1704903915416000000,0.01020227946313447,paolo-laptop,influx_dest
power_consumption,1704903916418000000,0.009251779097364583,paolo-laptop,influx_dest
power_consumption,1704903917422000000,0.005624953301089478,paolo-laptop,influx_dest
power_consumption,1704903918424000000,0.008938312301928937,paolo-laptop,influx_dest
power_consumption,1704903920429000000,0.016451718456091908,paolo-laptop,influx_dest
power_consumption,1704903921431000000,0.006493905247964619,paolo-laptop,influx_dest
power_consumption,1704903922434000000,0.007294365743239442,paolo-laptop,influx_dest
power_consumption,1704903923436000000,0.007144911235706688,paolo-laptop,influx_dest
power_consumption,1704903924438000000,0.00959002445190481,paolo-laptop,influx_dest
power_consumption,1704903925440000000,0.013343062342804182,paolo-laptop,influx_dest
power_consumption,1704903926441000000,0.01407837338437736,paolo-laptop,influx_dest
power_consumption,1704903927442000000,0.007659631623112631,paolo-laptop,influx_dest
power_consumption,1704903928443000000,0.008283119284632186,paolo-laptop,influx_dest
power_consumption,1704903931449000000,0.013815621177213876,paolo-laptop,influx_dest
power_consumption,1704903933458000000,0.008848869291809329,paolo-laptop,influx_dest
power_consumption,1704903934461000000,0.006440055009145084,paolo-laptop,influx_dest
power_consumption,1704903935465000000,0.002496272574719323,paolo-laptop,influx_dest
power_consumption,1704903936467000000,0.009585459232788904,paolo-laptop,influx_dest
power_consumption,1704903937469000000,0.004406024982358538,paolo-laptop,influx_dest
power_consumption,1704903938471000000,0.012634576839347258,paolo-laptop,influx_dest
power_consumption,1704903939472000000,0.011510627072565019,paolo-laptop,influx_dest
power_consumption,1704903940474000000,0.013363560361675507,paolo-laptop,influx_dest
power_consumption,1704903941476000000,0.004181150327901337,paolo-laptop,influx_dest
power_consumption,1704903942478000000,0.005481642372555331,paolo-laptop,influx_dest
power_consumption,1704903943481000000,0.003110136473700113,paolo-laptop,influx_dest
power_consumption,1704903944484000000,0.012347931038223773,paolo-laptop,influx_dest
power_consumption,1704903945485000000,0.005015578450107926,paolo-laptop,influx_dest
power_consumption,1704903946489000000,0.016154309625453542,paolo-laptop,influx_dest
power_consumption,1704903947493000000,0.011980744187124682,paolo-laptop,influx_dest
power_consumption,1704903948495000000,0.0030106729027579797,paolo-laptop,influx_dest
power_consumption,1704903949496000000,0.005082133340810858,paolo-laptop,influx_dest
power_consumption,1704903950497000000,0.017620645524720337,paolo-laptop,influx_dest
power_consumption,1704903951500000000,0.007697078828364647,paolo-laptop,influx_dest
power_consumption,1704903952504000000,0.0082197580869095,paolo-laptop,influx_dest
power_consumption,1704903953508000000,0.01212990980221532,paolo-laptop,influx_dest
power_consumption,1704903954512000000,0.0035659034413017716,paolo-laptop,influx_dest
power_consumption,1704903955513000000,0.011590822121724666,paolo-laptop,influx_dest
power_consumption,1704903956516000000,0.004002560717271376,paolo-laptop,influx_dest
power_consumption,1704903957519000000,0.009539001539757367,paolo-laptop,influx_dest
power_consumption,1704903958520000000,0.004867574338619645,paolo-laptop,influx_dest
power_consumption,1704903959522000000,0.0049630200235610215,paolo-laptop,influx_dest
power_consumption,1704903960524000000,0.017553057976115977,paolo-laptop,influx_dest
power_consumption,1704903961526000000,0.006284744232848546,paolo-laptop,influx_dest
power_consumption,1704903962527000000,0.006618541461193313,paolo-laptop,influx_dest
power_consumption,1704903964532000000,0.003011092116492772,paolo-laptop,influx_dest
power_consumption,1704903965536000000,0.011934272047281152,paolo-laptop,influx_dest
power_consumption,1704903966538000000,0.07305345529159937,paolo-laptop,influx_dest
power_consumption,1704903967541000000,0.006022670404558971,paolo-laptop,influx_dest
power_consumption,1704903968542000000,0.00794278896298942,paolo-laptop,influx_dest
power_consumption,1704903970548000000,0.013497050744836403,paolo-laptop,influx_dest
power_consumption,1704903972553000000,0.00944767718792805,paolo-laptop,influx_dest
power_consumption,1704903973558000000,0.0053500603023858275,paolo-laptop,influx_dest
power_consumption,1704903974559000000,0.008030724407522167,paolo-laptop,influx_dest
power_consumption,1704903975561000000,0.006846586773075049,paolo-laptop,influx_dest
power_consumption,1704903976563000000,0.0077942716963157865,paolo-laptop,influx_dest
power_consumption,1704903977565000000,0.010832603526089788,paolo-laptop,influx_dest
power_consumption,1704903978567000000,0.006468038852654427,paolo-laptop,influx_dest
power_consumption,1704903979570000000,0.014779984240502395,paolo-laptop,influx_dest
power_consumption,1704903980572000000,0.028683691749512984,paolo-laptop,influx_dest
power_consumption,1704903981575000000,0.01068492884572472,paolo-laptop,influx_dest
power_consumption,1704903982576000000,0.0042001931847157874,paolo-laptop,influx_dest
power_consumption,1704903983578000000,0.006517268067816354,paolo-laptop,influx_dest
power_consumption,1704903984580000000,0.005533256425451922,paolo-laptop,influx_dest
power_consumption,1704903985582000000,0.007241108397404691,paolo-laptop,influx_dest
power_consumption,1704903986584000000,0.010781979324484381,paolo-laptop,influx_dest
power_consumption,1704903987586000000,0.006466692250765705,paolo-laptop,influx_dest
power_consumption,1704903988588000000,0.011938021238158536,paolo-laptop,influx_dest
power_consumption,1704903989589000000,0.006039200143072474,paolo-laptop,influx_dest
power_consumption,1704903990590000000,0.01217857101690387,paolo-laptop,influx_dest
power_consumption,1704903991592000000,0.008407020279180362,paolo-laptop,influx_dest
power_consumption,1704903992594000000,0.006672151443020628,paolo-laptop,influx_dest
power_consumption,1704903993597000000,0.0062997631698370835,paolo-laptop,influx_dest
power_consumption,1704903994598000000,0.0068039567843060055,paolo-laptop,influx_dest
power_consumption,1704903995606000000,0.0074521466452889765,paolo-laptop,influx_dest
power_consumption,1704903996609000000,0.00669823124431364,paolo-laptop,influx_dest
power_consumption,1704903997610000000,0.004717653815799902,paolo-laptop,influx_dest
power_consumption,1704903998612000000,0.008879114153882548,paolo-laptop,influx_dest
power_consumption,1704903999614000000,0.008240236752397889,paolo-laptop,influx_dest
power_consumption,1704904000616000000,0.015056577498817269,paolo-laptop,influx_dest
power_consumption,1704904001617000000,0.00744040776578769,paolo-laptop,influx_dest
power_consumption,1704904002618000000,0.006722074938576094,paolo-laptop,influx_dest
power_consumption,1704904003620000000,0.006197981043599178,paolo-laptop,influx_dest
power_consumption,1704904004622000000,0.007763746895759069,paolo-laptop,influx_dest
power_consumption,1704904005623000000,0.0076118180056727325,paolo-laptop,influx_dest
power_consumption,1704904006624000000,0.008444152084186165,paolo-laptop,influx_dest
power_consumption,1704904007629000000,0.006073538243931248,paolo-laptop,influx_dest
power_consumption,1704904008632000000,0.007233591359041939,paolo-laptop,influx_dest
power_consumption,1704904009634000000,0.008629276621607986,paolo-laptop,influx_dest
power_consumption,1704904010636000000,0.016486786852612994,paolo-laptop,influx_dest
power_consumption,1704904011637000000,0.004511311561887036,paolo-laptop,influx_dest
power_consumption,1704904012639000000,0.005961455964828451,paolo-laptop,influx_dest
power_consumption,1704904013641000000,0.009100700680749958,paolo-laptop,influx_dest
power_consumption,1704904014643000000,0.006487440808096763,paolo-laptop,influx_dest
power_consumption,1704904015645000000,0.008303950571639932,paolo-laptop,influx_dest
power_consumption,1704904016646000000,0.011384178041783863,paolo-laptop,influx_dest
power_consumption,1704904017649000000,0.006883497302067144,paolo-laptop,influx_dest
power_consumption,1704904019654000000,0.0029495137087418534,paolo-laptop,influx_dest
power_consumption,1704904020656000000,0.013349974473827944,paolo-laptop,influx_dest
power_consumption,1704904021657000000,0.008223280472163946,paolo-laptop,influx_dest
power_consumption,1704904022660000000,0.0025899280153609907,paolo-laptop,influx_dest
power_consumption,1704904024667000000,0.013286319543459253,paolo-laptop,influx_dest
power_consumption,1704904025669000000,0.008291328474583377,paolo-laptop,influx_dest
power_consumption,1704904026670000000,0.008883611474523078,paolo-laptop,influx_dest
power_consumption,1704904027673000000,0.0027016587004084235,paolo-laptop,influx_dest
power_consumption,1704904029678000000,0.013499898615465033,paolo-laptop,influx_dest
power_consumption,1704904030680000000,0.017578153138396297,paolo-laptop,influx_dest
power_consumption,1704904031681000000,0.007728682821948117,paolo-laptop,influx_dest
power_consumption,1704904032682000000,0.008819444622591783,paolo-laptop,influx_dest
power_consumption,1704904033683000000,0.10496562721915084,paolo-laptop,influx_dest
power_consumption,1704904034686000000,0.006889519271002275,paolo-laptop,influx_dest
power_consumption,1704904035690000000,0.002390118990924874,paolo-laptop,influx_dest
power_consumption,1704904036692000000,0.013289301345436336,paolo-laptop,influx_dest
power_consumption,1704904037693000000,0.006437761092325997,paolo-laptop,influx_dest
power_consumption,1704904038695000000,0.0065508558642848784,paolo-laptop,influx_dest
power_consumption,1704904039698000000,0.0026552806389701857,paolo-laptop,influx_dest
power_consumption,1704904041704000000,0.003991151582420285,paolo-laptop,influx_dest
power_consumption,1704904042705000000,0.007698175443177273,paolo-laptop,influx_dest
power_consumption,1704904044712000000,0.005935911701291596,paolo-laptop,influx_dest
power_consumption,1704904045714000000,0.007164920309898627,paolo-laptop,influx_dest
power_consumption,1704904046716000000,0.006817271560819422,paolo-laptop,influx_dest
power_consumption,1704904047718000000,0.006296247737126537,paolo-laptop,influx_dest
power_consumption,1704904048722000000,0.008142719019147896,paolo-laptop,influx_dest
power_consumption,1704904049723000000,0.005097684901270579,paolo-laptop,influx_dest
power_consumption,1704904050725000000,0.02496092266257402,paolo-laptop,influx_dest
power_consumption,1704904051729000000,0.008767749832321186,paolo-laptop,influx_dest
power_consumption,1704904052733000000,0.008140284920293736,paolo-laptop,influx_dest
power_consumption,1704904053735000000,0.0038602821245990147,paolo-laptop,influx_dest
power_consumption,1704904054737000000,0.003980514731232269,paolo-laptop,influx_dest
power_consumption,1704904055739000000,0.004803182685711513,paolo-laptop,influx_dest
power_consumption,1704904056742000000,0.009986198232212933,paolo-laptop,influx_dest
power_consumption,1704904057746000000,0.01021578139313946,paolo-laptop,influx_dest
power_consumption,1704904058748000000,0.0038813521568340174,paolo-laptop,influx_dest
power_consumption,1704904059750000000,0.009297344890375077,paolo-laptop,influx_dest
power_consumption,1704904060751000000,0.017127988834938497,paolo-laptop,influx_dest
power_consumption,1704904061753000000,0.009659109183504395,paolo-laptop,influx_dest
power_consumption,1704904062754000000,0.008080218926206075,paolo-laptop,influx_dest
power_consumption,1704904063756000000,0.0049741244304650385,paolo-laptop,influx_dest
power_consumption,1704904064757000000,0.005175332356466776,paolo-laptop,influx_dest
power_consumption,1704904065759000000,0.0045766215744550065,paolo-laptop,influx_dest
power_consumption,1704904066761000000,0.004895297462003987,paolo-laptop,influx_dest
power_consumption,1704904067764000000,0.005134971059438947,paolo-laptop,influx_dest
power_consumption,1704904068766000000,0.007628501690210248,paolo-laptop,influx_dest
power_consumption,1704904069771000000,0.008143078615440872,paolo-laptop,influx_dest
power_consumption,1704904070774000000,0.018079923651162424,paolo-laptop,influx_dest
power_consumption,1704904071778000000,0.009186850325086718,paolo-laptop,influx_dest
power_consumption,1704904072780000000,0.007407376928751854,paolo-laptop,influx_dest
power_consumption,1704904073783000000,0.0051302353767691015,paolo-laptop,influx_dest
power_consumption,1704904074788000000,0.007577349214057923,paolo-laptop,influx_dest
power_consumption,1704904075790000000,0.010392597451090514,paolo-laptop,influx_dest
power_consumption,1704904076792000000,0.01104619153666946,paolo-laptop,influx_dest
power_consumption,1704904077795000000,0.011935590741526596,paolo-laptop,influx_dest
power_consumption,1704904078801000000,0.009943502307873723,paolo-laptop,influx_dest
power_consumption,1704904079805000000,0.01292757661245187,paolo-laptop,influx_dest
power_consumption,1704904080810000000,0.01641138385366903,paolo-laptop,influx_dest
power_consumption,1704904081812000000,0.008167228751513244,paolo-laptop,influx_dest
power_consumption,1704904082817000000,0.005550857071979608,paolo-laptop,influx_dest
power_consumption,1704904083821000000,0.010098290397459034,paolo-laptop,influx_dest
power_consumption,1704904084825000000,0.00561748833500487,paolo-laptop,influx_dest
power_consumption,1704904086830000000,0.006038619578638196,paolo-laptop,influx_dest
power_consumption,1704904087835000000,0.003517417378420044,paolo-laptop,influx_dest
power_consumption,1704904088841000000,0.01625254275362593,paolo-laptop,influx_dest
power_consumption,1704904089846000000,0.00824278138415102,paolo-laptop,influx_dest
power_consumption,1704904090848000000,0.012852874733462239,paolo-laptop,influx_dest
power_consumption,1704904091850000000,0.005548245431570623,paolo-laptop,influx_dest
power_consumption,1704904092852000000,0.005169738399957907,paolo-laptop,influx_dest
power_consumption,1704904093854000000,0.005953899080209032,paolo-laptop,influx_dest
power_consumption,1704904094859000000,0.003171225139784496,paolo-laptop,influx_dest
power_consumption,1704904095862000000,0.0076401750380699785,paolo-laptop,influx_dest
power_consumption,1704904096866000000,0.012507062567862836,paolo-laptop,influx_dest
power_consumption,1704904097868000000,0.004183995236698555,paolo-laptop,influx_dest
power_consumption,1704904098871000000,0.006012638370591246,paolo-laptop,influx_dest
power_consumption,1704904099872000000,0.012970889876699095,paolo-laptop,influx_dest
power_consumption,1704904100876000000,0.014380518750529897,paolo-laptop,influx_dest
power_consumption,1704904101877000000,0.007940302176020599,paolo-laptop,influx_dest
power_consumption,1704904102878000000,0.01158255353802225,paolo-laptop,influx_dest
power_consumption,1704904103883000000,0.008810057182745521,paolo-laptop,influx_dest
power_consumption,1704904104886000000,0.01365541671199441,paolo-laptop,influx_dest
power_consumption,1704904105888000000,0.011684594251604459,paolo-laptop,influx_dest
power_consumption,1704904106890000000,0.052696603434185474,paolo-laptop,influx_dest
power_consumption,1704904107894000000,0.01295677904791174,paolo-laptop,influx_dest
power_consumption,1704904108896000000,0.013851850035098333,paolo-laptop,influx_dest
power_consumption,1704904109899000000,0.008874884701761178,paolo-laptop,influx_dest
power_consumption,1704904111906000000,0.004893538004408688,paolo-laptop,influx_dest
power_consumption,1704904112907000000,0.007227989107702971,paolo-laptop,influx_dest
power_consumption,1704904113909000000,0.005566996196819832,paolo-laptop,influx_dest
power_consumption,1704904114910000000,0.00832007062744741,paolo-laptop,influx_dest
power_consumption,1704904115912000000,0.0034422426611504446,paolo-laptop,influx_dest
power_consumption,1704904116914000000,0.00706074465933592,paolo-laptop,influx_dest
power_consumption,1704904117916000000,0.0055565071173364275,paolo-laptop,influx_dest
power_consumption,1704904119923000000,0.011550862035648007,paolo-laptop,influx_dest
power_consumption,1704904120925000000,0.02779148780852345,paolo-laptop,influx_dest
power_consumption,1704904121926000000,0.004002281536420902,paolo-laptop,influx_dest
power_consumption,1704904122928000000,0.009258759014589613,paolo-laptop,influx_dest
power_consumption,1704904123929000000,0.009131080430431768,paolo-laptop,influx_dest
power_consumption,1704904124931000000,0.0052659436186667345,paolo-laptop,influx_dest
power_consumption,1704904125933000000,0.006578182893528418,paolo-laptop,influx_dest
power_consumption,1704904126937000000,0.007140223886710822,paolo-laptop,influx_dest
power_consumption,1704904127939000000,0.006793099477077003,paolo-laptop,influx_dest
power_consumption,1704904128941000000,0.015022026625982943,paolo-laptop,influx_dest
power_consumption,1704904129942000000,0.005892266116405958,paolo-laptop,influx_dest
power_consumption,1704904130945000000,0.01739516356232738,paolo-laptop,influx_dest
power_consumption,1704904131948000000,0.007827221673707925,paolo-laptop,influx_dest
power_consumption,1704904132950000000,0.012720256925744473,paolo-laptop,influx_dest
power_consumption,1704904133952000000,0.005736105877000111,paolo-laptop,influx_dest
power_consumption,1704904134954000000,0.00621025992498727,paolo-laptop,influx_dest
power_consumption,1704904135956000000,0.005725424985095817,paolo-laptop,influx_dest
power_consumption,1704904136957000000,0.0077442282688136976,paolo-laptop,influx_dest
power_consumption,1704904137959000000,0.006341366764148915,paolo-laptop,influx_dest
power_consumption,1704904138960000000,0.0069441178032937905,paolo-laptop,influx_dest
power_consumption,1704904139963000000,0.006971941022078942,paolo-laptop,influx_dest
power_consumption,1704904140965000000,0.013818214016843189,paolo-laptop,influx_dest
power_consumption,1704904141967000000,0.006618965938882294,paolo-laptop,influx_dest
power_consumption,1704904142969000000,0.006231087690065074,paolo-laptop,influx_dest
power_consumption,1704904143971000000,0.006289450874121773,paolo-laptop,influx_dest
power_consumption,1704904144974000000,0.006025544928839735,paolo-laptop,influx_dest
power_consumption,1704904145976000000,0.005769723791565299,paolo-laptop,influx_dest
power_consumption,1704904146981000000,0.007475945081990077,paolo-laptop,influx_dest
power_consumption,1704904147984000000,0.006619130697118241,paolo-laptop,influx_dest
power_consumption,1704904148986000000,0.007009787900376714,paolo-laptop,influx_dest
power_consumption,1704904149989000000,0.006448440271061839,paolo-laptop,influx_dest
power_consumption,1704904150991000000,0.015727564047494202,paolo-laptop,influx_dest
power_consumption,1704904151993000000,0.007316259376942422,paolo-laptop,influx_dest
power_consumption,1704904152994000000,0.006665749957625717,paolo-laptop,influx_dest
power_consumption,1704904153998000000,0.00853190749910229,paolo-laptop,influx_dest
power_consumption,1704904155001000000,0.009782637718639102,paolo-laptop,influx_dest
power_consumption,1704904156003000000,0.006738342550768285,paolo-laptop,influx_dest
power_consumption,1704904157004000000,0.007193263988099537,paolo-laptop,influx_dest
power_consumption,1704904158006000000,0.007385870369440494,paolo-laptop,influx_dest
power_consumption,1704904159009000000,0.007185434602035909,paolo-laptop,influx_dest
power_consumption,1704904160011000000,0.02478246399797699,paolo-laptop,influx_dest
power_consumption,1704904161015000000,0.0051596599340699364,paolo-laptop,influx_dest
power_consumption,1704904162018000000,0.009328064352059282,paolo-laptop,influx_dest
power_consumption,1704904163022000000,0.007784695553377409,paolo-laptop,influx_dest
power_consumption,1704904164026000000,0.007593898724775712,paolo-laptop,influx_dest
power_consumption,1704904165030000000,0.022582877319276044,paolo-laptop,influx_dest
power_consumption,1704904166032000000,0.005638303708531823,paolo-laptop,influx_dest
power_consumption,1704904167035000000,0.009638401509445386,paolo-laptop,influx_dest
power_consumption,1704904168037000000,0.012443125024895458,paolo-laptop,influx_dest
power_consumption,1704904169040000000,0.004449539932981991,paolo-laptop,influx_dest
power_consumption,1704904170044000000,0.0205432808670271,paolo-laptop,influx_dest
power_consumption,1704904171047000000,0.007029248896919964,paolo-laptop,influx_dest
power_consumption,1704904172049000000,0.008271007290082651,paolo-laptop,influx_dest
power_consumption,1704904173052000000,0.015025346147575046,paolo-laptop,influx_dest
power_consumption,1704904174054000000,0.005803663688647561,paolo-laptop,influx_dest
power_consumption,1704904175056000000,0.005955307812193118,paolo-laptop,influx_dest
power_consumption,1704904176058000000,0.006316128408731237,paolo-laptop,influx_dest
power_consumption,1704904177059000000,0.018121997021101538,paolo-laptop,influx_dest
power_consumption,1704904178063000000,0.057043306025725965,paolo-laptop,influx_dest
power_consumption,1704904179067000000,0.003415891774731642,paolo-laptop,influx_dest
power_consumption,1704904180069000000,0.013172433889108135,paolo-laptop,influx_dest
power_consumption,1704904181073000000,0.003384728723060507,paolo-laptop,influx_dest
power_consumption,1704904182078000000,0.010618318307560631,paolo-laptop,influx_dest
power_consumption,1704904183084000000,0.010799027267203231,paolo-laptop,influx_dest
power_consumption,1704904184086000000,0.011066530267659483,paolo-laptop,influx_dest
power_consumption,1704904185089000000,0.012790868337078725,paolo-laptop,influx_dest
power_consumption,1704904186094000000,0.008131106567518802,paolo-laptop,influx_dest
power_consumption,1704904187096000000,0.008233642043936965,paolo-laptop,influx_dest
power_consumption,1704904188100000000,0.006007300980579019,paolo-laptop,influx_dest
power_consumption,1704904189103000000,0.019260209584020967,paolo-laptop,influx_dest
power_consumption,1704904190105000000,0.015497782581450015,paolo-laptop,influx_dest
power_consumption,1704904191107000000,0.013917860350808218,paolo-laptop,influx_dest
power_consumption,1704904192109000000,0.006641438665974582,paolo-laptop,influx_dest
power_consumption,1704904193110000000,0.012869590531214996,paolo-laptop,influx_dest
power_consumption,1704904194112000000,0.00466041396075256,paolo-laptop,influx_dest
power_consumption,1704904195114000000,0.012248279461829666,paolo-laptop,influx_dest
power_consumption,1704904196115000000,0.005278705278589731,paolo-laptop,influx_dest
power_consumption,1704904197116000000,0.017733416685548765,paolo-laptop,influx_dest
power_consumption,1704904198118000000,0.008489427069016859,paolo-laptop,influx_dest
power_consumption,1704904199120000000,0.005780479854963872,paolo-laptop,influx_dest
power_consumption,1704904200122000000,0.019338003138018818,paolo-laptop,influx_dest
power_consumption,1704904201124000000,0.012461926163947812,paolo-laptop,influx_dest
power_consumption,1704904202126000000,0.007869046561973646,paolo-laptop,influx_dest
power_consumption,1704904203129000000,0.005872434236787544,paolo-laptop,influx_dest
power_consumption,1704904204133000000,0.013485560456272135,paolo-laptop,influx_dest
power_consumption,1704904205135000000,0.0053604937184273775,paolo-laptop,influx_dest
power_consumption,1704904206137000000,0.01033613689705053,paolo-laptop,influx_dest
power_consumption,1704904207138000000,0.0069874095867313675,paolo-laptop,influx_dest
power_consumption,1704904208141000000,0.014090491710311162,paolo-laptop,influx_dest
power_consumption,1704904209143000000,0.006247900204709232,paolo-laptop,influx_dest
power_consumption,1704904210148000000,0.018304480618492693,paolo-laptop,influx_dest
power_consumption,1704904211153000000,0.01089221850902879,paolo-laptop,influx_dest
power_consumption,1704904212157000000,0.004292385815656985,paolo-laptop,influx_dest
power_consumption,1704904213158000000,0.007035897551578227,paolo-laptop,influx_dest
power_consumption,1704904214162000000,0.008168158261926408,paolo-laptop,influx_dest
power_consumption,1704904215163000000,0.008775733173048892,paolo-laptop,influx_dest
power_consumption,1704904216167000000,0.003158095845990003,paolo-laptop,influx_dest
power_consumption,1704904217169000000,0.008874124668851922,paolo-laptop,influx_dest
power_consumption,1704904218173000000,0.007358157322947755,paolo-laptop,influx_dest
power_consumption,1704904219175000000,0.008971104960372766,paolo-laptop,influx_dest
power_consumption,1704904220178000000,0.010684991433310479,paolo-laptop,influx_dest
power_consumption,1704904221180000000,0.011271452423715439,paolo-laptop,influx_dest
power_consumption,1704904222183000000,0.007800255809158791,paolo-laptop,influx_dest
power_consumption,1704904223185000000,0.007967894229704998,paolo-laptop,influx_dest
power_consumption,1704904224189000000,0.009931259850306509,paolo-laptop,influx_dest
power_consumption,1704904225191000000,0.007593175689743193,paolo-laptop,influx_dest
power_consumption,1704904226194000000,0.012415333139663224,paolo-laptop,influx_dest
power_consumption,1704904227196000000,0.004010916074377631,paolo-laptop,influx_dest
power_consumption,1704904228197000000,0.011689094579456926,paolo-laptop,influx_dest
power_consumption,1704904229201000000,0.0056436098784579496,paolo-laptop,influx_dest
power_consumption,1704904230203000000,0.02290302793835748,paolo-laptop,influx_dest
power_consumption,1704904231204000000,0.015577814276489847,paolo-laptop,influx_dest
power_consumption,1704904232208000000,0.00849591980445026,paolo-laptop,influx_dest
power_consumption,1704904233212000000,0.01209414840306901,paolo-laptop,influx_dest
power_consumption,1704904234216000000,0.010531475417458525,paolo-laptop,influx_dest
power_consumption,1704904235218000000,0.008223826311584923,paolo-laptop,influx_dest
power_consumption,1704904236221000000,0.00730833599500197,paolo-laptop,influx_dest
power_consumption,1704904237223000000,0.005554313419044462,paolo-laptop,influx_dest
power_consumption,1704904238225000000,0.005937459591494815,paolo-laptop,influx_dest
power_consumption,1704904239227000000,0.006678249903634433,paolo-laptop,influx_dest
power_consumption,1704904240229000000,0.01686363110397534,paolo-laptop,influx_dest
power_consumption,1704904241230000000,0.0059034919408786,paolo-laptop,influx_dest
power_consumption,1704904242232000000,0.007811415401557322,paolo-laptop,influx_dest
power_consumption,1704904243236000000,0.005173713170886567,paolo-laptop,influx_dest
power_consumption,1704904244238000000,0.0070425563009655036,paolo-laptop,influx_dest
power_consumption,1704904245241000000,0.004956334613484047,paolo-laptop,influx_dest
power_consumption,1704904246245000000,0.014114027953508558,paolo-laptop,influx_dest
power_consumption,1704904247249000000,0.009097641519239454,paolo-laptop,influx_dest
power_consumption,1704904248253000000,0.086587027344395,paolo-laptop,influx_dest
power_consumption,1704904249255000000,0.007084133605946591,paolo-laptop,influx_dest
power_consumption,1704904250257000000,0.014591782360615844,paolo-laptop,influx_dest
power_consumption,1704904251259000000,0.013144223324532125,paolo-laptop,influx_dest
power_consumption,1704904252260000000,0.008662473167915841,paolo-laptop,influx_dest
power_consumption,1704904253262000000,0.006395950592379776,paolo-laptop,influx_dest
power_consumption,1704904254264000000,0.007703147989146956,paolo-laptop,influx_dest
power_consumption,1704904255266000000,0.006876437222508979,paolo-laptop,influx_dest
power_consumption,1704904256267000000,0.014133782116856383,paolo-laptop,influx_dest
power_consumption,1704904257269000000,0.01798858704627232,paolo-laptop,influx_dest
power_consumption,1704904258270000000,0.02096828025973658,paolo-laptop,influx_dest
power_consumption,1704904259272000000,0.0055639093329506294,paolo-laptop,influx_dest
power_consumption,1704904260275000000,0.014875257539622072,paolo-laptop,influx_dest
power_consumption,1704904261278000000,0.005432898389445819,paolo-laptop,influx_dest
power_consumption,1704904262279000000,0.007556597213866443,paolo-laptop,influx_dest
power_consumption,1704904263281000000,0.006263966106342635,paolo-laptop,influx_dest
power_consumption,1704904264283000000,0.006930631090773785,paolo-laptop,influx_dest
power_consumption,1704904265285000000,0.007609632038768508,paolo-laptop,influx_dest
power_consumption,1704904266287000000,0.014864098793929937,paolo-laptop,influx_dest
power_consumption,1704904267291000000,0.0146424950681713,paolo-laptop,influx_dest
power_consumption,1704904268294000000,0.014476652558303747,paolo-laptop,influx_dest
power_consumption,1704904269298000000,0.017757159577478556,paolo-laptop,influx_dest
power_consumption,1704904270301000000,0.018368895724612044,paolo-laptop,influx_dest
power_consumption,1704904271305000000,0.01314354961066163,paolo-laptop,influx_dest
power_consumption,1704904272309000000,0.012763059093556269,paolo-laptop,influx_dest
power_consumption,1704904273314000000,0.013163501735293648,paolo-laptop,influx_dest
power_consumption,1704904274320000000,0.024156543385396766,paolo-laptop,influx_dest
power_consumption,1704904275324000000,0.008817973535828198,paolo-laptop,influx_dest
power_consumption,1704904276328000000,0.01188936960222421,paolo-laptop,influx_dest
power_consumption,1704904277330000000,0.008491534068542712,paolo-laptop,influx_dest
power_consumption,1704904278331000000,0.009244323576304891,paolo-laptop,influx_dest
power_consumption,1704904279333000000,0.006842338785726414,paolo-laptop,influx_dest
power_consumption,1704904280336000000,0.013218076677610678,paolo-laptop,influx_dest
power_consumption,1704904281340000000,0.007326410919479243,paolo-laptop,influx_dest
power_consumption,1704904282344000000,0.008710865734333524,paolo-laptop,influx_dest
power_consumption,1704904283347000000,0.005243419743391805,paolo-laptop,influx_dest
power_consumption,1704904284351000000,0.006609629688358999,paolo-laptop,influx_dest
power_consumption,1704904285353000000,0.011535518999044172,paolo-laptop,influx_dest
power_consumption,1704904286357000000,0.0086614939536448,paolo-laptop,influx_dest
power_consumption,1704904287360000000,0.009029324342612572,paolo-laptop,influx_dest
power_consumption,1704904288364000000,0.008740614214106717,paolo-laptop,influx_dest
power_consumption,1704904289366000000,0.01106292805254363,paolo-laptop,influx_dest
power_consumption,1704904290370000000,0.018112486707880217,paolo-laptop,influx_dest
power_consumption,1704904291374000000,0.010299906642032917,paolo-laptop,influx_dest
power_consumption,1704904292376000000,0.007606408583060502,paolo-laptop,influx_dest
power_consumption,1704904293379000000,0.006576998205459497,paolo-laptop,influx_dest
power_consumption,1704904294381000000,0.007390139256041851,paolo-laptop,influx_dest
power_consumption,1704904295383000000,0.005864203200033535,paolo-laptop,influx_dest
power_consumption,1704904296386000000,0.0065985421907734055,paolo-laptop,influx_dest
power_consumption,1704904297390000000,0.014932564360906538,paolo-laptop,influx_dest
power_consumption,1704904298392000000,0.006575481124626715,paolo-laptop,influx_dest
power_consumption,1704904299394000000,0.007701819946981654,paolo-laptop,influx_dest
power_consumption,1704904300398000000,0.02106060445613409,paolo-laptop,influx_dest
power_consumption,1704904301400000000,0.0035428641247426565,paolo-laptop,influx_dest
power_consumption,1704904302401000000,0.005667534713526752,paolo-laptop,influx_dest
power_consumption,1704904303403000000,0.006044409632703603,paolo-laptop,influx_dest
power_consumption,1704904304405000000,0.006019175966455449,paolo-laptop,influx_dest
power_consumption,1704904305407000000,0.005619515654628588,paolo-laptop,influx_dest
power_consumption,1704904306410000000,0.006678456603144176,paolo-laptop,influx_dest
power_consumption,1704904307414000000,0.023110335581984283,paolo-laptop,influx_dest
power_consumption,1704904308416000000,0.008466660309896472,paolo-laptop,influx_dest
power_consumption,1704904309420000000,0.0065397478269301305,paolo-laptop,influx_dest
power_consumption,1704904310421000000,0.02154115182602575,paolo-laptop,influx_dest
power_consumption,1704904311425000000,0.010084938566731287,paolo-laptop,influx_dest
power_consumption,1704904312426000000,0.015082931128621382,paolo-laptop,influx_dest
power_consumption,1704904313431000000,0.011016658208516545,paolo-laptop,influx_dest
power_consumption,1704904314434000000,0.022493177482634963,paolo-laptop,influx_dest
power_consumption,1704904315436000000,0.007811520073637403,paolo-laptop,influx_dest
power_consumption,1704904316438000000,0.010659761417534865,paolo-laptop,influx_dest
power_consumption,1704904317441000000,0.015246038463078999,paolo-laptop,influx_dest
power_consumption,1704904318445000000,0.0052747024919426394,paolo-laptop,influx_dest
power_consumption,1704904319447000000,0.0864956947821066,paolo-laptop,influx_dest
power_consumption,1704904320448000000,0.02390398479057493,paolo-laptop,influx_dest
power_consumption,1704904321451000000,0.017915752180522833,paolo-laptop,influx_dest
power_consumption,1704904322453000000,0.011097973116452817,paolo-laptop,influx_dest
power_consumption,1704904323455000000,0.008271457764773157,paolo-laptop,influx_dest
power_consumption,1704904324457000000,0.007064740988636542,paolo-laptop,influx_dest
power_consumption,1704904325458000000,0.01095847105512364,paolo-laptop,influx_dest
power_consumption,1704904326459000000,0.02692678785486551,paolo-laptop,influx_dest
power_consumption,1704904327460000000,0.010995252420197613,paolo-laptop,influx_dest
power_consumption,1704904328462000000,0.008080752340059772,paolo-laptop,influx_dest
power_consumption,1704904329466000000,0.013164192186131752,paolo-laptop,influx_dest
power_consumption,1704904330469000000,0.013194702155642609,paolo-laptop,influx_dest
power_consumption,1704904331474000000,0.006556876563737607,paolo-laptop,influx_dest
power_consumption,1704904332477000000,0.010384680593425073,paolo-laptop,influx_dest
power_consumption,1704904333480000000,0.00576825078172777,paolo-laptop,influx_dest
power_consumption,1704904334482000000,0.010098123463909366,paolo-laptop,influx_dest
power_consumption,1704904335487000000,0.00566437459371894,paolo-laptop,influx_dest
power_consumption,1704904336490000000,0.014596255008999845,paolo-laptop,influx_dest
power_consumption,1704904337492000000,0.00578910645494609,paolo-laptop,influx_dest
power_consumption,1704904338494000000,0.005649443234864724,paolo-laptop,influx_dest
power_consumption,1704904339499000000,0.006581409478444588,paolo-laptop,influx_dest
power_consumption,1704904340504000000,0.022058826031229734,paolo-laptop,influx_dest
power_consumption,1704904341506000000,0.004523215465997386,paolo-laptop,influx_dest
power_consumption,1704904342508000000,0.007563294960759849,paolo-laptop,influx_dest
power_consumption,1704904343511000000,0.008187310307001788,paolo-laptop,influx_dest
power_consumption,1704904344515000000,0.01093844989116225,paolo-laptop,influx_dest
power_consumption,1704904345518000000,0.02206848213957379,paolo-laptop,influx_dest
power_consumption,1704904346520000000,0.008492771299909224,paolo-laptop,influx_dest
power_consumption,1704904347523000000,0.003361003243146718,paolo-laptop,influx_dest
power_consumption,1704904348525000000,0.013289466676360403,paolo-laptop,influx_dest
power_consumption,1704904349526000000,0.0032501091271854043,paolo-laptop,influx_dest
power_consumption,1704904350528000000,0.013565615836725114,paolo-laptop,influx_dest
power_consumption,1704904351530000000,0.00849466548583403,paolo-laptop,influx_dest
power_consumption,1704904352533000000,0.018661920382346955,paolo-laptop,influx_dest
power_consumption,1704904353535000000,0.003251884069271515,paolo-laptop,influx_dest
power_consumption,1704904354537000000,0.011651213996497177,paolo-laptop,influx_dest
power_consumption,1704904355538000000,0.003366748519698125,paolo-laptop,influx_dest
power_consumption,1704904356541000000,0.00897322630751464,paolo-laptop,influx_dest
power_consumption,1704904357544000000,0.007914934538001007,paolo-laptop,influx_dest
power_consumption,1704904358546000000,0.008517697238864327,paolo-laptop,influx_dest
power_consumption,1704904359549000000,0.0059474449645911896,paolo-laptop,influx_dest
power_consumption,1704904360551000000,0.015598856731307157,paolo-laptop,influx_dest
power_consumption,1704904361554000000,0.009872735094696687,paolo-laptop,influx_dest
power_consumption,1704904362558000000,0.009357055508395388,paolo-laptop,influx_dest
power_consumption,1704904363561000000,0.011556522909023169,paolo-laptop,influx_dest
power_consumption,1704904364562000000,0.0032974755979032918,paolo-laptop,influx_dest
power_consumption,1704904365564000000,0.010347080351331757,paolo-laptop,influx_dest
power_consumption,1704904366567000000,0.015342779230839019,paolo-laptop,influx_dest
power_consumption,1704904367571000000,0.01325905156067964,paolo-laptop,influx_dest
power_consumption,1704904368576000000,0.009141333266477085,paolo-laptop,influx_dest
power_consumption,1704904369578000000,0.008454215556278163,paolo-laptop,influx_dest
power_consumption,1704904370581000000,0.01639711699618531,paolo-laptop,influx_dest
power_consumption,1704904371586000000,0.011388841311794086,paolo-laptop,influx_dest
power_consumption,1704904372590000000,0.00801755758174253,paolo-laptop,influx_dest
power_consumption,1704904373594000000,0.0032289021640091674,paolo-laptop,influx_dest
power_consumption,1704904374597000000,0.014011642050791615,paolo-laptop,influx_dest
power_consumption,1704904375599000000,0.006508456031610557,paolo-laptop,influx_dest
power_consumption,1704904376603000000,0.011227839275166393,paolo-laptop,influx_dest
power_consumption,1704904377604000000,0.007209381849164742,paolo-laptop,influx_dest
power_consumption,1704904378606000000,0.0076298582578128386,paolo-laptop,influx_dest
power_consumption,1704904379607000000,0.011606790058326755,paolo-laptop,influx_dest
power_consumption,1704904380609000000,0.019923071045193076,paolo-laptop,influx_dest
power_consumption,1704904381611000000,0.008278616589667817,paolo-laptop,influx_dest
power_consumption,1704904382613000000,0.005931691014954248,paolo-laptop,influx_dest
power_consumption,1704904383615000000,0.008835661445425289,paolo-laptop,influx_dest
power_consumption,1704904384616000000,0.00927417544301617,paolo-laptop,influx_dest
power_consumption,1704904385618000000,0.008284259734007765,paolo-laptop,influx_dest
power_consumption,1704904386620000000,0.009038166119448438,paolo-laptop,influx_dest
power_consumption,1704904387625000000,0.00777048813036405,paolo-laptop,influx_dest
power_consumption,1704904388629000000,0.00966781272364485,paolo-laptop,influx_dest
power_consumption,1704904389631000000,0.005303399893913152,paolo-laptop,influx_dest
power_consumption,1704904390633000000,0.0853053917603498,paolo-laptop,influx_dest
power_consumption,1704904391637000000,0.008079087632690489,paolo-laptop,influx_dest
power_consumption,1704904392639000000,0.00695842753483505,paolo-laptop,influx_dest
power_consumption,1704904393641000000,0.00648896412501842,paolo-laptop,influx_dest
power_consumption,1704904394643000000,0.0057643809332157524,paolo-laptop,influx_dest
power_consumption,1704904395645000000,0.008295387517915673,paolo-laptop,influx_dest
power_consumption,1704904396647000000,0.01004330914007084,paolo-laptop,influx_dest
power_consumption,1704904397649000000,0.005025761385832972,paolo-laptop,influx_dest
power_consumption,1704904398651000000,0.005493271103579814,paolo-laptop,influx_dest
power_consumption,1704904399652000000,0.006636712697391444,paolo-laptop,influx_dest
