name,time,power,sensor,target
power_consumption,1704459181034000000,12.740985615931255,paolo-laptop,crate-container-cd
power_consumption,1704459182036000000,9.823347438544339,paolo-laptop,crate-container-cd
power_consumption,1704459183038000000,12.310355616788984,paolo-laptop,crate-container-cd
power_consumption,1704459184040000000,13.698042134185174,paolo-laptop,crate-container-cd
power_consumption,1704459185041000000,13.750664281131188,paolo-laptop,crate-container-cd
power_consumption,1704459186043000000,13.768010109051328,paolo-laptop,crate-container-cd
power_consumption,1704459187045000000,11.936108410911054,paolo-laptop,crate-container-cd
power_consumption,1704459188046000000,10.00067137785894,paolo-laptop,crate-container-cd
power_consumption,1704459189047000000,12.456810211189104,paolo-laptop,crate-container-cd
power_consumption,1704459190050000000,13.073078856750987,paolo-laptop,crate-container-cd
power_consumption,1704459192055000000,11.02392889496694,paolo-laptop,crate-container-cd
power_consumption,1704459193056000000,12.496911854484477,paolo-laptop,crate-container-cd
power_consumption,1704459194059000000,10.21220939121303,paolo-laptop,crate-container-cd
power_consumption,1704459195060000000,12.051937607492588,paolo-laptop,crate-container-cd
power_consumption,1704459197063000000,9.32428915579633,paolo-laptop,crate-container-cd
power_consumption,1704459200068000000,12.050513789368356,paolo-laptop,crate-container-cd
power_consumption,1704459201070000000,13.036166154454362,paolo-laptop,crate-container-cd
power_consumption,1704459203073000000,14.406984052724926,paolo-laptop,crate-container-cd
power_consumption,1704459204074000000,9.766526826763233,paolo-laptop,crate-container-cd
power_consumption,1704459205077000000,12.275307925474005,paolo-laptop,crate-container-cd
power_consumption,1704459207080000000,11.853765016153805,paolo-laptop,crate-container-cd
power_consumption,1704459208082000000,12.39427781730528,paolo-laptop,crate-container-cd
power_consumption,1704459209083000000,14.312927283449714,paolo-laptop,crate-container-cd
power_consumption,1704459210085000000,11.254221317827533,paolo-laptop,crate-container-cd
power_consumption,1704459212088000000,12.082172380844069,paolo-laptop,crate-container-cd
power_consumption,1704459213089000000,12.096475887747449,paolo-laptop,crate-container-cd
power_consumption,1704459214090000000,11.52038085871548,paolo-laptop,crate-container-cd
power_consumption,1704459215092000000,16.32268223404406,paolo-laptop,crate-container-cd
power_consumption,1704459218097000000,9.544380412533087,paolo-laptop,crate-container-cd
power_consumption,1704459219099000000,10.759465064090485,paolo-laptop,crate-container-cd
power_consumption,1704459223104000000,11.546088172967199,paolo-laptop,crate-container-cd
power_consumption,1704459224106000000,8.186082665951018,paolo-laptop,crate-container-cd
power_consumption,1704459226108000000,6.974069232550548,paolo-laptop,crate-container-cd
power_consumption,1704459227110000000,12.187315400225046,paolo-laptop,crate-container-cd
power_consumption,1704459228111000000,9.44476156403363,paolo-laptop,crate-container-cd
power_consumption,1704459229115000000,12.753467295831012,paolo-laptop,crate-container-cd
power_consumption,1704459230116000000,9.1883980442764,paolo-laptop,crate-container-cd
power_consumption,1704459231118000000,13.131097878543134,paolo-laptop,crate-container-cd
power_consumption,1704459232119000000,9.395008162370544,paolo-laptop,crate-container-cd
power_consumption,1704459234123000000,12.568033993806683,paolo-laptop,crate-container-cd
power_consumption,1704459235124000000,13.281859937030129,paolo-laptop,crate-container-cd
power_consumption,1704459236126000000,14.916178700733472,paolo-laptop,crate-container-cd
power_consumption,1704459238131000000,16.064239256116764,paolo-laptop,crate-container-cd
power_consumption,1704459239134000000,15.184171367146563,paolo-laptop,crate-container-cd
power_consumption,1704459240136000000,14.5926784317458,paolo-laptop,crate-container-cd
power_consumption,1704459241139000000,14.912274960613459,paolo-laptop,crate-container-cd
power_consumption,1704459242140000000,15.40837317283583,paolo-laptop,crate-container-cd
power_consumption,1704459243142000000,15.589223209182178,paolo-laptop,crate-container-cd
power_consumption,1704459244144000000,14.27437282340958,paolo-laptop,crate-container-cd
power_consumption,1704459245147000000,13.876308590568605,paolo-laptop,crate-container-cd
power_consumption,1704459246151000000,15.090571923737796,paolo-laptop,crate-container-cd
power_consumption,1704459248159000000,14.485948822202287,paolo-laptop,crate-container-cd
power_consumption,1704459249162000000,15.123959791981067,paolo-laptop,crate-container-cd
power_consumption,1704459250164000000,15.589530352315563,paolo-laptop,crate-container-cd
power_consumption,1704459251166000000,13.293530192052813,paolo-laptop,crate-container-cd
power_consumption,1704459252168000000,13.366854868472576,paolo-laptop,crate-container-cd
power_consumption,1704459253170000000,13.248954385282714,paolo-laptop,crate-container-cd
power_consumption,1704459254172000000,16.12511082891718,paolo-laptop,crate-container-cd
power_consumption,1704459255174000000,13.119053534213148,paolo-laptop,crate-container-cd
power_consumption,1704459256176000000,13.374292848711798,paolo-laptop,crate-container-cd
power_consumption,1704459257178000000,12.737058572088518,paolo-laptop,crate-container-cd
power_consumption,1704459258180000000,13.273912238411931,paolo-laptop,crate-container-cd
power_consumption,1704459259182000000,13.36043500212877,paolo-laptop,crate-container-cd
power_consumption,1704459260190000000,17.195317364257807,paolo-laptop,crate-container-cd
power_consumption,1704459261192000000,12.89459434868797,paolo-laptop,crate-container-cd
power_consumption,1704459262194000000,13.21897185616633,paolo-laptop,crate-container-cd
power_consumption,1704459263196000000,13.062959208711774,paolo-laptop,crate-container-cd
power_consumption,1704459264198000000,13.2460442157245,paolo-laptop,crate-container-cd
power_consumption,1704459265200000000,13.125275611825295,paolo-laptop,crate-container-cd
power_consumption,1704459266202000000,13.685438495543275,paolo-laptop,crate-container-cd
power_consumption,1704459267204000000,12.902008163257728,paolo-laptop,crate-container-cd
power_consumption,1704459268206000000,13.090343825366503,paolo-laptop,crate-container-cd
power_consumption,1704459269208000000,13.434334704104769,paolo-laptop,crate-container-cd
power_consumption,1704459270210000000,13.32901871073952,paolo-laptop,crate-container-cd
power_consumption,1704459271216000000,11.99599558406393,paolo-laptop,crate-container-cd
power_consumption,1704459272218000000,14.032987124413035,paolo-laptop,crate-container-cd
power_consumption,1704459273224000000,11.233588296056045,paolo-laptop,crate-container-cd
power_consumption,1704459274226000000,14.596944374234313,paolo-laptop,crate-container-cd
power_consumption,1704459275228000000,13.803795367286881,paolo-laptop,crate-container-cd
power_consumption,1704459276230000000,14.798019645895911,paolo-laptop,crate-container-cd
power_consumption,1704459277233000000,14.866580027773898,paolo-laptop,crate-container-cd
power_consumption,1704459278235000000,13.976342733548865,paolo-laptop,crate-container-cd
power_consumption,1704459279237000000,13.85837758141198,paolo-laptop,crate-container-cd
power_consumption,1704459280239000000,15.401398686087495,paolo-laptop,crate-container-cd
power_consumption,1704459281240000000,13.866976435961284,paolo-laptop,crate-container-cd
power_consumption,1704459282242000000,16.159770309999946,paolo-laptop,crate-container-cd
power_consumption,1704459283244000000,14.288272418886791,paolo-laptop,crate-container-cd
power_consumption,1704459284246000000,16.19903431045005,paolo-laptop,crate-container-cd
power_consumption,1704459285248000000,13.58975855499826,paolo-laptop,crate-container-cd
power_consumption,1704459286250000000,14.062941715443223,paolo-laptop,crate-container-cd
power_consumption,1704459287254000000,13.361776468654352,paolo-laptop,crate-container-cd
power_consumption,1704459288255000000,13.831463936343887,paolo-laptop,crate-container-cd
power_consumption,1704459289258000000,13.459983413779929,paolo-laptop,crate-container-cd
power_consumption,1704459290260000000,18.67486239571754,paolo-laptop,crate-container-cd
power_consumption,1704459291263000000,14.030671653056936,paolo-laptop,crate-container-cd
power_consumption,1704459292266000000,13.140400794504195,paolo-laptop,crate-container-cd
power_consumption,1704459293267000000,13.770505631495006,paolo-laptop,crate-container-cd
power_consumption,1704459294269000000,13.860524961163826,paolo-laptop,crate-container-cd
power_consumption,1704459295271000000,15.356756610131493,paolo-laptop,crate-container-cd
power_consumption,1704459296273000000,13.799273860122208,paolo-laptop,crate-container-cd
power_consumption,1704459297275000000,13.194984625614959,paolo-laptop,crate-container-cd
power_consumption,1704459298277000000,14.254399267988262,paolo-laptop,crate-container-cd
power_consumption,1704459299280000000,14.82654884097606,paolo-laptop,crate-container-cd
power_consumption,1704459300282000000,13.311667287035366,paolo-laptop,crate-container-cd
power_consumption,1704459301286000000,13.08924932296183,paolo-laptop,crate-container-cd
power_consumption,1704459302289000000,13.410197176607216,paolo-laptop,crate-container-cd
power_consumption,1704459303291000000,13.751665783997655,paolo-laptop,crate-container-cd
power_consumption,1704459304293000000,13.734944544428533,paolo-laptop,crate-container-cd
power_consumption,1704459305295000000,12.829222571719551,paolo-laptop,crate-container-cd
power_consumption,1704459306297000000,11.706154852319532,paolo-laptop,crate-container-cd
power_consumption,1704459307299000000,12.51400549004523,paolo-laptop,crate-container-cd
power_consumption,1704459308301000000,12.52324687109678,paolo-laptop,crate-container-cd
power_consumption,1704459309304000000,11.780588202772252,paolo-laptop,crate-container-cd
power_consumption,1704459310306000000,11.769720497498454,paolo-laptop,crate-container-cd
power_consumption,1704459311308000000,11.71956268048528,paolo-laptop,crate-container-cd
power_consumption,1704459312311000000,11.285785157424577,paolo-laptop,crate-container-cd
power_consumption,1704459313312000000,11.872398799357093,paolo-laptop,crate-container-cd
power_consumption,1704459314315000000,11.476363539513283,paolo-laptop,crate-container-cd
power_consumption,1704459315316000000,11.185487203340154,paolo-laptop,crate-container-cd
power_consumption,1704459316318000000,10.956779960372941,paolo-laptop,crate-container-cd
power_consumption,1704459317320000000,12.596219286150525,paolo-laptop,crate-container-cd
power_consumption,1704459318322000000,14.501647407868393,paolo-laptop,crate-container-cd
power_consumption,1704459319324000000,16.656892223884913,paolo-laptop,crate-container-cd
power_consumption,1704459320326000000,14.043147315335727,paolo-laptop,crate-container-cd
power_consumption,1704459321329000000,11.058483755964673,paolo-laptop,crate-container-cd
power_consumption,1704459322331000000,13.931556836724383,paolo-laptop,crate-container-cd
power_consumption,1704459323333000000,13.14720579478626,paolo-laptop,crate-container-cd
power_consumption,1704459324335000000,14.193729897285497,paolo-laptop,crate-container-cd
power_consumption,1704459325337000000,13.948000956187336,paolo-laptop,crate-container-cd
power_consumption,1704459326339000000,13.724535469385957,paolo-laptop,crate-container-cd
power_consumption,1704459327341000000,12.944838685994197,paolo-laptop,crate-container-cd
power_consumption,1704459328344000000,12.732533834963775,paolo-laptop,crate-container-cd
power_consumption,1704459329350000000,12.167371471252444,paolo-laptop,crate-container-cd
power_consumption,1704459330352000000,12.375164642049038,paolo-laptop,crate-container-cd
power_consumption,1704459331356000000,12.975193034846466,paolo-laptop,crate-container-cd
power_consumption,1704459332358000000,14.035812406678959,paolo-laptop,crate-container-cd
power_consumption,1704459337381000000,13.677420628922757,paolo-laptop,crate-container-cd
power_consumption,1704459338385000000,13.762019042413883,paolo-laptop,crate-container-cd
power_consumption,1704459339387000000,13.42854691697029,paolo-laptop,crate-container-cd
power_consumption,1704459340390000000,13.671240112377438,paolo-laptop,crate-container-cd
power_consumption,1704459341391000000,13.782378156308631,paolo-laptop,crate-container-cd
power_consumption,1704459342393000000,13.471189688210396,paolo-laptop,crate-container-cd
power_consumption,1704459343396000000,14.018977273867199,paolo-laptop,crate-container-cd
power_consumption,1704459344398000000,13.065261316453546,paolo-laptop,crate-container-cd
power_consumption,1704459345400000000,13.482021435686407,paolo-laptop,crate-container-cd
power_consumption,1704459346402000000,13.021180813129238,paolo-laptop,crate-container-cd
power_consumption,1704459347404000000,13.483216312602085,paolo-laptop,crate-container-cd
power_consumption,1704459348406000000,13.115312431453566,paolo-laptop,crate-container-cd
power_consumption,1704459349409000000,13.611287249709191,paolo-laptop,crate-container-cd
power_consumption,1704459350415000000,13.178684599639158,paolo-laptop,crate-container-cd
power_consumption,1704459351421000000,13.223768474484242,paolo-laptop,crate-container-cd
power_consumption,1704459352427000000,13.468577333010641,paolo-laptop,crate-container-cd
power_consumption,1704459353433000000,13.228703320052308,paolo-laptop,crate-container-cd
power_consumption,1704459354438000000,13.113520036396928,paolo-laptop,crate-container-cd
power_consumption,1704459355442000000,12.97729422033336,paolo-laptop,crate-container-cd
power_consumption,1704459356444000000,12.771695905857666,paolo-laptop,crate-container-cd
power_consumption,1704459357450000000,13.49496820559041,paolo-laptop,crate-container-cd
power_consumption,1704459358452000000,12.714987258624282,paolo-laptop,crate-container-cd
power_consumption,1704459359458000000,13.296836254161366,paolo-laptop,crate-container-cd
power_consumption,1704459360460000000,11.983040927439886,paolo-laptop,crate-container-cd
power_consumption,1704459361464000000,13.438497888024083,paolo-laptop,crate-container-cd
power_consumption,1704459362471000000,12.939214332232057,paolo-laptop,crate-container-cd
power_consumption,1704459363473000000,12.516947419213526,paolo-laptop,crate-container-cd
power_consumption,1704459364475000000,12.383187171291052,paolo-laptop,crate-container-cd
power_consumption,1704459366481000000,12.67083403169702,paolo-laptop,crate-container-cd
power_consumption,1704459367483000000,12.96780638034366,paolo-laptop,crate-container-cd
power_consumption,1704459375509000000,14.167990123931979,paolo-laptop,crate-container-cd
power_consumption,1704459376511000000,13.23296253394749,paolo-laptop,crate-container-cd
power_consumption,1704459377512000000,14.874568097111982,paolo-laptop,crate-container-cd
power_consumption,1704459378514000000,14.040079927338242,paolo-laptop,crate-container-cd
power_consumption,1704459379516000000,13.235169369715972,paolo-laptop,crate-container-cd
power_consumption,1704459380518000000,12.645542021210794,paolo-laptop,crate-container-cd
power_consumption,1704459381521000000,12.382166047446029,paolo-laptop,crate-container-cd
power_consumption,1704459382524000000,13.040204597286325,paolo-laptop,crate-container-cd
power_consumption,1704459383526000000,13.61528572298235,paolo-laptop,crate-container-cd
power_consumption,1704459384528000000,13.542544228213174,paolo-laptop,crate-container-cd
power_consumption,1704459385530000000,14.035384896077069,paolo-laptop,crate-container-cd
power_consumption,1704459386532000000,13.205411420178459,paolo-laptop,crate-container-cd
power_consumption,1704459387535000000,13.520239094890837,paolo-laptop,crate-container-cd
power_consumption,1704459388537000000,13.473913787670321,paolo-laptop,crate-container-cd
power_consumption,1704459389539000000,13.900494296365894,paolo-laptop,crate-container-cd
power_consumption,1704459390547000000,13.549747036746778,paolo-laptop,crate-container-cd
power_consumption,1704459391550000000,14.272872012474544,paolo-laptop,crate-container-cd
power_consumption,1704459392553000000,13.343324147427076,paolo-laptop,crate-container-cd
power_consumption,1704459393555000000,13.535487551830617,paolo-laptop,crate-container-cd
power_consumption,1704459394557000000,13.518792808800246,paolo-laptop,crate-container-cd
power_consumption,1704459395559000000,14.053432080290861,paolo-laptop,crate-container-cd
power_consumption,1704459396561000000,12.013563374308971,paolo-laptop,crate-container-cd
power_consumption,1704459397563000000,13.707987952511358,paolo-laptop,crate-container-cd
power_consumption,1704459398565000000,12.770215750517313,paolo-laptop,crate-container-cd
power_consumption,1704459399568000000,14.01133103901949,paolo-laptop,crate-container-cd
power_consumption,1704459401576000000,12.06990384314552,paolo-laptop,crate-container-cd
power_consumption,1704459402578000000,13.319982955870715,paolo-laptop,crate-container-cd
power_consumption,1704459406590000000,13.935342549813374,paolo-laptop,crate-container-cd
power_consumption,1704459407593000000,7.949044756600425,paolo-laptop,crate-container-cd
power_consumption,1704459412607000000,9.948037401998004,paolo-laptop,crate-container-cd
power_consumption,1704459414612000000,13.294626336026207,paolo-laptop,crate-container-cd
power_consumption,1704459415615000000,12.46858991368913,paolo-laptop,crate-container-cd
power_consumption,1704459416619000000,13.195805592850084,paolo-laptop,crate-container-cd
power_consumption,1704459417621000000,11.73622998388198,paolo-laptop,crate-container-cd
power_consumption,1704459418623000000,12.464316359484096,paolo-laptop,crate-container-cd
power_consumption,1704459419625000000,12.628601213473086,paolo-laptop,crate-container-cd
power_consumption,1704459420628000000,12.906620969740704,paolo-laptop,crate-container-cd
power_consumption,1704459421630000000,11.696808764653497,paolo-laptop,crate-container-cd
power_consumption,1704459422632000000,12.728266868988106,paolo-laptop,crate-container-cd
power_consumption,1704459423635000000,12.52653765011669,paolo-laptop,crate-container-cd
power_consumption,1704459424637000000,13.003969308358457,paolo-laptop,crate-container-cd
power_consumption,1704459425639000000,13.010222700064679,paolo-laptop,crate-container-cd
power_consumption,1704459426641000000,12.149881908749,paolo-laptop,crate-container-cd
power_consumption,1704459427643000000,11.890479095143583,paolo-laptop,crate-container-cd
power_consumption,1704459428645000000,10.957124742182515,paolo-laptop,crate-container-cd
power_consumption,1704459433668000000,10.753218626236883,paolo-laptop,crate-container-cd
power_consumption,1704459436674000000,13.200136290799927,paolo-laptop,crate-container-cd
power_consumption,1704459437676000000,12.412532318149815,paolo-laptop,crate-container-cd
power_consumption,1704459441686000000,10.856371727019987,paolo-laptop,crate-container-cd
power_consumption,1704459442690000000,9.839496740340529,paolo-laptop,crate-container-cd
power_consumption,1704459445698000000,12.91067040961981,paolo-laptop,crate-container-cd
power_consumption,1704459446699000000,13.92879420208717,paolo-laptop,crate-container-cd
power_consumption,1704459447702000000,13.425829137339171,paolo-laptop,crate-container-cd
power_consumption,1704459448705000000,13.588343251059184,paolo-laptop,crate-container-cd
power_consumption,1704459449707000000,13.298949897434317,paolo-laptop,crate-container-cd
power_consumption,1704459456729000000,15.229437464355994,paolo-laptop,crate-container-cd
power_consumption,1704459457731000000,13.995722553025798,paolo-laptop,crate-container-cd
power_consumption,1704459460739000000,15.121942519709773,paolo-laptop,crate-container-cd
power_consumption,1704459461742000000,11.70186231856761,paolo-laptop,crate-container-cd
power_consumption,1704459464750000000,12.086401813272033,paolo-laptop,crate-container-cd
power_consumption,1704459467755000000,12.954314906006578,paolo-laptop,crate-container-cd
power_consumption,1704459468757000000,13.73882564918627,paolo-laptop,crate-container-cd
power_consumption,1704459469759000000,12.883292637573474,paolo-laptop,crate-container-cd
power_consumption,1704459470761000000,12.77133395757242,paolo-laptop,crate-container-cd
power_consumption,1704459471763000000,12.756707227886487,paolo-laptop,crate-container-cd
power_consumption,1704459472766000000,11.538949274396087,paolo-laptop,crate-container-cd
power_consumption,1704459473769000000,12.296096932836182,paolo-laptop,crate-container-cd
power_consumption,1704459474771000000,13.036949786923568,paolo-laptop,crate-container-cd
power_consumption,1704459475774000000,12.707138977906057,paolo-laptop,crate-container-cd
power_consumption,1704459476776000000,11.832821259504678,paolo-laptop,crate-container-cd
power_consumption,1704459477778000000,13.452688651701536,paolo-laptop,crate-container-cd
power_consumption,1704459478780000000,13.136488868282179,paolo-laptop,crate-container-cd
power_consumption,1704459479782000000,11.157730815370378,paolo-laptop,crate-container-cd
power_consumption,1704459480785000000,11.752773525231879,paolo-laptop,crate-container-cd
power_consumption,1704459482790000000,12.455739973758773,paolo-laptop,crate-container-cd
power_consumption,1704459483792000000,12.462456856810388,paolo-laptop,crate-container-cd
power_consumption,1704459484794000000,11.372495666341106,paolo-laptop,crate-container-cd
power_consumption,1704459485796000000,13.41836363059104,paolo-laptop,crate-container-cd
power_consumption,1704459486798000000,10.90417360141089,paolo-laptop,crate-container-cd
power_consumption,1704459487800000000,12.416923068809737,paolo-laptop,crate-container-cd
power_consumption,1704459488808000000,10.872050958411762,paolo-laptop,crate-container-cd
power_consumption,1704459489812000000,13.01671532981397,paolo-laptop,crate-container-cd
power_consumption,1704459490814000000,10.574027207433428,paolo-laptop,crate-container-cd
power_consumption,1704459491817000000,10.825721687544352,paolo-laptop,crate-container-cd
power_consumption,1704459492818000000,11.219770410631522,paolo-laptop,crate-container-cd
power_consumption,1704459493820000000,11.337189519365783,paolo-laptop,crate-container-cd
power_consumption,1704459494821000000,11.803379822521508,paolo-laptop,crate-container-cd
power_consumption,1704459495823000000,12.942086188756033,paolo-laptop,crate-container-cd
power_consumption,1704459496827000000,8.245089435598969,paolo-laptop,crate-container-cd
power_consumption,1704459498830000000,11.35590075617883,paolo-laptop,crate-container-cd
power_consumption,1704459499832000000,11.282419724044907,paolo-laptop,crate-container-cd
power_consumption,1704459500834000000,12.175074578693568,paolo-laptop,crate-container-cd
power_consumption,1704459503842000000,12.861594577040574,paolo-laptop,crate-container-cd
power_consumption,1704459504844000000,12.319387755787494,paolo-laptop,crate-container-cd
power_consumption,1704459506849000000,11.734459204902434,paolo-laptop,crate-container-cd
power_consumption,1704459507851000000,13.056189224258244,paolo-laptop,crate-container-cd
power_consumption,1704459508852000000,12.95499753511702,paolo-laptop,crate-container-cd
power_consumption,1704459509855000000,11.903088731894353,paolo-laptop,crate-container-cd
power_consumption,1704459510857000000,12.551409456678481,paolo-laptop,crate-container-cd
power_consumption,1704459511859000000,11.084688090102972,paolo-laptop,crate-container-cd
power_consumption,1704459512861000000,11.75745956441541,paolo-laptop,crate-container-cd
power_consumption,1704459513863000000,14.035057069621875,paolo-laptop,crate-container-cd
power_consumption,1704459514865000000,12.504247434246315,paolo-laptop,crate-container-cd
power_consumption,1704459515867000000,13.07173321276439,paolo-laptop,crate-container-cd
power_consumption,1704459516869000000,12.716101439449217,paolo-laptop,crate-container-cd
power_consumption,1704459517870000000,12.33904113234067,paolo-laptop,crate-container-cd
power_consumption,1704459518875000000,4.752171070851998,paolo-laptop,crate-container-cd
power_consumption,1704459523888000000,9.868623342828021,paolo-laptop,crate-container-cd
power_consumption,1704459525901000000,7.941208762132888,paolo-laptop,crate-container-cd
power_consumption,1704459527907000000,11.45537699044208,paolo-laptop,crate-container-cd
power_consumption,1704459533924000000,9.198231328141214,paolo-laptop,crate-container-cd
power_consumption,1704459544957000000,10.66229682253973,paolo-laptop,crate-container-cd
power_consumption,1704459550971000000,6.07304147756167,paolo-laptop,crate-container-cd
power_consumption,1704459563008000000,2.6395249775682683,paolo-laptop,crate-container-cd
power_consumption,1704459567020000000,6.645805187100886,paolo-laptop,crate-container-cd
power_consumption,1704459568022000000,7.907753293987993,paolo-laptop,crate-container-cd
power_consumption,1704459569024000000,12.46469663558946,paolo-laptop,crate-container-cd
power_consumption,1704459570026000000,11.379457176397144,paolo-laptop,crate-container-cd
power_consumption,1704459571028000000,12.054209438871247,paolo-laptop,crate-container-cd
power_consumption,1704459572030000000,9.951648618723084,paolo-laptop,crate-container-cd
power_consumption,1704459573032000000,12.37733606709106,paolo-laptop,crate-container-cd
power_consumption,1704459574033000000,12.00019043476275,paolo-laptop,crate-container-cd
power_consumption,1704459575035000000,11.022135780217695,paolo-laptop,crate-container-cd
power_consumption,1704459576038000000,10.3853837264972,paolo-laptop,crate-container-cd
power_consumption,1704459577039000000,11.199492266503093,paolo-laptop,crate-container-cd
power_consumption,1704459578043000000,11.26706047582756,paolo-laptop,crate-container-cd
power_consumption,1704459579046000000,9.281817079056989,paolo-laptop,crate-container-cd
power_consumption,1704459580048000000,7.440168660399491,paolo-laptop,crate-container-cd
power_consumption,1704459581051000000,9.298151539661141,paolo-laptop,crate-container-cd
power_consumption,1704459582053000000,10.611224106910107,paolo-laptop,crate-container-cd
power_consumption,1704459583055000000,5.661225246599835,paolo-laptop,crate-container-cd
power_consumption,1704459584057000000,12.05211976462694,paolo-laptop,crate-container-cd
power_consumption,1704459587062000000,12.586246059390021,paolo-laptop,crate-container-cd
power_consumption,1704459588066000000,7.759667879395273,paolo-laptop,crate-container-cd
power_consumption,1704459591074000000,12.267942717421711,paolo-laptop,crate-container-cd
power_consumption,1704459593080000000,3.8422696076912657,paolo-laptop,crate-container-cd
power_consumption,1704459594082000000,9.77451169366552,paolo-laptop,crate-container-cd
power_consumption,1704459595085000000,13.497541288388405,paolo-laptop,crate-container-cd
power_consumption,1704459596087000000,13.368456594911155,paolo-laptop,crate-container-cd
power_consumption,1704459597090000000,13.612665405727036,paolo-laptop,crate-container-cd
power_consumption,1704459598092000000,11.663209435691305,paolo-laptop,crate-container-cd
power_consumption,1704459599094000000,9.41770491648565,paolo-laptop,crate-container-cd
power_consumption,1704459600096000000,4.043145834655579,paolo-laptop,crate-container-cd
power_consumption,1704459601099000000,13.784690257777351,paolo-laptop,crate-container-cd
power_consumption,1704459602101000000,13.1468710905767,paolo-laptop,crate-container-cd
power_consumption,1704459603104000000,12.736881402107992,paolo-laptop,crate-container-cd
power_consumption,1704459604108000000,9.340700171718158,paolo-laptop,crate-container-cd
power_consumption,1704459606112000000,4.892223423380293,paolo-laptop,crate-container-cd
power_consumption,1704459607114000000,4.801084667906605,paolo-laptop,crate-container-cd
power_consumption,1704459608116000000,5.1586360660166495,paolo-laptop,crate-container-cd
power_consumption,1704459609120000000,3.0146391600535822,paolo-laptop,crate-container-cd
power_consumption,1704459611123000000,7.152861888825438,paolo-laptop,crate-container-cd
power_consumption,1704459612125000000,10.384567493665454,paolo-laptop,crate-container-cd
power_consumption,1704459613128000000,11.641783352304422,paolo-laptop,crate-container-cd
power_consumption,1704459614133000000,10.605659961461438,paolo-laptop,crate-container-cd
power_consumption,1704459615140000000,7.706805426888366,paolo-laptop,crate-container-cd
power_consumption,1704459616142000000,5.898640011832151,paolo-laptop,crate-container-cd
power_consumption,1704459617144000000,13.441609013027977,paolo-laptop,crate-container-cd
power_consumption,1704459618145000000,10.948158295856292,paolo-laptop,crate-container-cd
power_consumption,1704459619148000000,11.841978852924925,paolo-laptop,crate-container-cd
power_consumption,1704459620150000000,8.074000429267766,paolo-laptop,crate-container-cd
power_consumption,1704459621152000000,9.348276229253598,paolo-laptop,crate-container-cd
power_consumption,1704459622154000000,11.412700365220747,paolo-laptop,crate-container-cd
power_consumption,1704459623155000000,10.166813861763478,paolo-laptop,crate-container-cd
power_consumption,1704459624157000000,12.562587340255568,paolo-laptop,crate-container-cd
power_consumption,1704459625162000000,8.144629249449464,paolo-laptop,crate-container-cd
power_consumption,1704459627182000000,13.434173238567922,paolo-laptop,crate-container-cd
power_consumption,1704459628187000000,7.274648415503217,paolo-laptop,crate-container-cd
power_consumption,1704459631201000000,6.8747209864400505,paolo-laptop,crate-container-cd
power_consumption,1704459632206000000,2.892369510705649,paolo-laptop,crate-container-cd
power_consumption,1704459633207000000,6.611235647011444,paolo-laptop,crate-container-cd
power_consumption,1704459634209000000,12.34868510085688,paolo-laptop,crate-container-cd
power_consumption,1704459635213000000,10.872533377299874,paolo-laptop,crate-container-cd
power_consumption,1704459637219000000,10.631346219916262,paolo-laptop,crate-container-cd
power_consumption,1704459640228000000,11.893790039989806,paolo-laptop,crate-container-cd
power_consumption,1704459641231000000,10.642679176693248,paolo-laptop,crate-container-cd
power_consumption,1704459642235000000,6.99844982131277,paolo-laptop,crate-container-cd
power_consumption,1704459643237000000,7.48968428536424,paolo-laptop,crate-container-cd
power_consumption,1704459644239000000,13.18805939573062,paolo-laptop,crate-container-cd
power_consumption,1704459645240000000,10.908731788209344,paolo-laptop,crate-container-cd
power_consumption,1704459646246000000,9.028956426312506,paolo-laptop,crate-container-cd
power_consumption,1704459647249000000,2.4466558917683536,paolo-laptop,crate-container-cd
power_consumption,1704459648251000000,9.644511630192873,paolo-laptop,crate-container-cd
power_consumption,1704459649253000000,11.428697552919484,paolo-laptop,crate-container-cd
power_consumption,1704459650255000000,11.410249722415774,paolo-laptop,crate-container-cd
power_consumption,1704459651259000000,5.942701460627407,paolo-laptop,crate-container-cd
power_consumption,1704459652262000000,5.294675780373347,paolo-laptop,crate-container-cd
power_consumption,1704459653264000000,7.725528870017046,paolo-laptop,crate-container-cd
power_consumption,1704459654268000000,1.839329666570317,paolo-laptop,crate-container-cd
power_consumption,1704459655272000000,6.75043747172833,paolo-laptop,crate-container-cd
power_consumption,1704459656276000000,6.945645008058877,paolo-laptop,crate-container-cd
power_consumption,1704459657278000000,8.278194527424251,paolo-laptop,crate-container-cd
power_consumption,1704459658280000000,12.47964036777135,paolo-laptop,crate-container-cd
power_consumption,1704459659283000000,12.047591878268555,paolo-laptop,crate-container-cd
power_consumption,1704459660285000000,13.02776822665227,paolo-laptop,crate-container-cd
power_consumption,1704459661286000000,11.650423718364305,paolo-laptop,crate-container-cd
power_consumption,1704459662289000000,13.11551180960468,paolo-laptop,crate-container-cd
power_consumption,1704459663291000000,12.902760620392325,paolo-laptop,crate-container-cd
power_consumption,1704459664295000000,12.835424776118387,paolo-laptop,crate-container-cd
power_consumption,1704459665297000000,13.082506760591453,paolo-laptop,crate-container-cd
power_consumption,1704459666299000000,13.11091139188921,paolo-laptop,crate-container-cd
power_consumption,1704459667302000000,12.043292801196873,paolo-laptop,crate-container-cd
power_consumption,1704459668306000000,2.8962907488844416,paolo-laptop,crate-container-cd
power_consumption,1704459669309000000,6.787136530065426,paolo-laptop,crate-container-cd
power_consumption,1704459670311000000,4.424292776304613,paolo-laptop,crate-container-cd
power_consumption,1704459671314000000,11.902795349511795,paolo-laptop,crate-container-cd
power_consumption,1704459673318000000,12.701975503048153,paolo-laptop,crate-container-cd
power_consumption,1704459674320000000,12.593834341995795,paolo-laptop,crate-container-cd
power_consumption,1704459675322000000,12.298466040572972,paolo-laptop,crate-container-cd
power_consumption,1704459676324000000,13.33623315704563,paolo-laptop,crate-container-cd
power_consumption,1704459677326000000,13.310879698809469,paolo-laptop,crate-container-cd
power_consumption,1704459678328000000,13.619100778707075,paolo-laptop,crate-container-cd
power_consumption,1704459679330000000,12.758937083868725,paolo-laptop,crate-container-cd
power_consumption,1704459680333000000,13.691042920769053,paolo-laptop,crate-container-cd
power_consumption,1704459681335000000,12.653066781165183,paolo-laptop,crate-container-cd
power_consumption,1704459682337000000,11.849153109864336,paolo-laptop,crate-container-cd
power_consumption,1704459683339000000,12.252132777684192,paolo-laptop,crate-container-cd
power_consumption,1704459684341000000,12.551727643185949,paolo-laptop,crate-container-cd
power_consumption,1704459685344000000,11.984872658838754,paolo-laptop,crate-container-cd
power_consumption,1704459686346000000,12.845612411018285,paolo-laptop,crate-container-cd
power_consumption,1704459687349000000,12.106089708680324,paolo-laptop,crate-container-cd
power_consumption,1704459688351000000,9.969330404518866,paolo-laptop,crate-container-cd
power_consumption,1704459689352000000,5.983420870436736,paolo-laptop,crate-container-cd
power_consumption,1704459691369000000,11.433492915840878,paolo-laptop,crate-container-cd
power_consumption,1704459692371000000,11.90805356048672,paolo-laptop,crate-container-cd
power_consumption,1704459693376000000,12.660597796117562,paolo-laptop,crate-container-cd
power_consumption,1704459694378000000,13.162084628935315,paolo-laptop,crate-container-cd
power_consumption,1704459695382000000,11.333134392264586,paolo-laptop,crate-container-cd
power_consumption,1704459699397000000,6.411790025288947,paolo-laptop,crate-container-cd
power_consumption,1704459700399000000,12.694823156801686,paolo-laptop,crate-container-cd
power_consumption,1704459701402000000,13.71781882129895,paolo-laptop,crate-container-cd
power_consumption,1704459702404000000,16.874425638000393,paolo-laptop,crate-container-cd
power_consumption,1704459703408000000,12.403032771690539,paolo-laptop,crate-container-cd
power_consumption,1704459704414000000,10.521963940759857,paolo-laptop,crate-container-cd
power_consumption,1704459705421000000,7.730566967425378,paolo-laptop,crate-container-cd
power_consumption,1704459706441000000,11.034289523305146,paolo-laptop,crate-container-cd
power_consumption,1704459707443000000,13.64610473126043,paolo-laptop,crate-container-cd
power_consumption,1704459708445000000,12.81641187593085,paolo-laptop,crate-container-cd
power_consumption,1704459709447000000,13.209611295357316,paolo-laptop,crate-container-cd
power_consumption,1704459710449000000,12.882981552811533,paolo-laptop,crate-container-cd
power_consumption,1704459711451000000,13.467079648836776,paolo-laptop,crate-container-cd
power_consumption,1704459712453000000,13.110240575054707,paolo-laptop,crate-container-cd
power_consumption,1704459714460000000,12.944483433697467,paolo-laptop,crate-container-cd
power_consumption,1704459715462000000,14.90096583431932,paolo-laptop,crate-container-cd
power_consumption,1704459716468000000,2.2424316775276436,paolo-laptop,crate-container-cd
power_consumption,1704459717472000000,3.0311399679062974,paolo-laptop,crate-container-cd
power_consumption,1704459718473000000,9.57790006559592,paolo-laptop,crate-container-cd
power_consumption,1704459720479000000,10.659564986655905,paolo-laptop,crate-container-cd
power_consumption,1704459722485000000,6.776218193830247,paolo-laptop,crate-container-cd
power_consumption,1704459723486000000,6.290054808351005,paolo-laptop,crate-container-cd
power_consumption,1704459725495000000,12.232358927067775,paolo-laptop,crate-container-cd
power_consumption,1704459726499000000,6.011229418088136,paolo-laptop,crate-container-cd
power_consumption,1704459727503000000,7.538272760778613,paolo-laptop,crate-container-cd
power_consumption,1704459729506000000,11.838040267400814,paolo-laptop,crate-container-cd
power_consumption,1704459731515000000,11.072102665107513,paolo-laptop,crate-container-cd
power_consumption,1704459733521000000,9.940080358417697,paolo-laptop,crate-container-cd
power_consumption,1704459734523000000,11.195015175854694,paolo-laptop,crate-container-cd
power_consumption,1704459735527000000,2.582644002468255,paolo-laptop,crate-container-cd
power_consumption,1704459736531000000,6.50647325733159,paolo-laptop,crate-container-cd
power_consumption,1704459737533000000,4.65237609874553,paolo-laptop,crate-container-cd
power_consumption,1704459739539000000,10.156036907027222,paolo-laptop,crate-container-cd
power_consumption,1704459740542000000,7.927276183579704,paolo-laptop,crate-container-cd
power_consumption,1704459741545000000,3.9063987668644637,paolo-laptop,crate-container-cd
power_consumption,1704459742551000000,12.438614753529345,paolo-laptop,crate-container-cd
power_consumption,1704459743553000000,13.385816924046452,paolo-laptop,crate-container-cd
power_consumption,1704459744556000000,12.956928567029724,paolo-laptop,crate-container-cd
power_consumption,1704459745558000000,13.232899314934487,paolo-laptop,crate-container-cd
power_consumption,1704459746560000000,13.812941410347335,paolo-laptop,crate-container-cd
power_consumption,1704459747562000000,12.814497302668034,paolo-laptop,crate-container-cd
power_consumption,1704459748565000000,12.686915205970227,paolo-laptop,crate-container-cd
power_consumption,1704459749568000000,3.0630408005174807,paolo-laptop,crate-container-cd
power_consumption,1704459750571000000,5.806254310427918,paolo-laptop,crate-container-cd
power_consumption,1704459752574000000,6.070072544982867,paolo-laptop,crate-container-cd
power_consumption,1704459753576000000,11.11309493536136,paolo-laptop,crate-container-cd
power_consumption,1704459754579000000,12.572173776926075,paolo-laptop,crate-container-cd
power_consumption,1704459755580000000,11.736701085746972,paolo-laptop,crate-container-cd
power_consumption,1704459756582000000,11.030996378884247,paolo-laptop,crate-container-cd
power_consumption,1704459757584000000,11.57760492565085,paolo-laptop,crate-container-cd
power_consumption,1704459758585000000,10.966548031240972,paolo-laptop,crate-container-cd
power_consumption,1704459760589000000,1.612691687689065,paolo-laptop,crate-container-cd
power_consumption,1704459761591000000,11.061735877356309,paolo-laptop,crate-container-cd
power_consumption,1704459763596000000,4.345535153896003,paolo-laptop,crate-container-cd
power_consumption,1704459764598000000,8.118233676382008,paolo-laptop,crate-container-cd
power_consumption,1704459765599000000,2.601895482092091,paolo-laptop,crate-container-cd
power_consumption,1704459766601000000,11.886813297502648,paolo-laptop,crate-container-cd
power_consumption,1704459767602000000,11.811204190605284,paolo-laptop,crate-container-cd
power_consumption,1704459768604000000,11.232944614475684,paolo-laptop,crate-container-cd
power_consumption,1704459769605000000,12.334502929464723,paolo-laptop,crate-container-cd
power_consumption,1704459770607000000,12.322383656863583,paolo-laptop,crate-container-cd
power_consumption,1704459771610000000,12.154682851025429,paolo-laptop,crate-container-cd
power_consumption,1704459772612000000,11.661892644580163,paolo-laptop,crate-container-cd
power_consumption,1704459773614000000,11.386839946147724,paolo-laptop,crate-container-cd
power_consumption,1704459774616000000,9.386293012948176,paolo-laptop,crate-container-cd
power_consumption,1704459775620000000,2.042773643575367,paolo-laptop,crate-container-cd
power_consumption,1704459776623000000,5.628331557173431,paolo-laptop,crate-container-cd
power_consumption,1704459777625000000,8.741078898563051,paolo-laptop,crate-container-cd
power_consumption,1704459778630000000,12.937287110935497,paolo-laptop,crate-container-cd
power_consumption,1704459779634000000,12.675651489517762,paolo-laptop,crate-container-cd
power_consumption,1704459780636000000,12.444047286373443,paolo-laptop,crate-container-cd
power_consumption,1704459782641000000,0.5867989344167305,paolo-laptop,crate-container-cd
power_consumption,1704459783643000000,11.115163671332201,paolo-laptop,crate-container-cd
power_consumption,1704459784644000000,11.942388608222629,paolo-laptop,crate-container-cd
power_consumption,1704459785648000000,9.949182085274554,paolo-laptop,crate-container-cd
power_consumption,1704459787655000000,1.2968718041796383,paolo-laptop,crate-container-cd
power_consumption,1704459788657000000,11.682444898900362,paolo-laptop,crate-container-cd
power_consumption,1704459789661000000,10.758160448566548,paolo-laptop,crate-container-cd
power_consumption,1704459790663000000,3.7066261739542736,paolo-laptop,crate-container-cd
power_consumption,1704459791666000000,2.364271533080926,paolo-laptop,crate-container-cd
power_consumption,1704459793672000000,9.184065696331558,paolo-laptop,crate-container-cd
power_consumption,1704459794674000000,9.647822989369981,paolo-laptop,crate-container-cd
power_consumption,1704459795675000000,10.245535179499665,paolo-laptop,crate-container-cd
power_consumption,1704459796679000000,5.126859712410967,paolo-laptop,crate-container-cd
power_consumption,1704459800695000000,4.364512988040094,paolo-laptop,crate-container-cd
power_consumption,1704459806716000000,0.8897118478744124,paolo-laptop,crate-container-cd
power_consumption,1704459807718000000,10.543118761092753,paolo-laptop,crate-container-cd
power_consumption,1704459808722000000,6.653281908901915,paolo-laptop,crate-container-cd
power_consumption,1704459809724000000,3.8879225666809676,paolo-laptop,crate-container-cd
power_consumption,1704459812736000000,1.105040499957618,paolo-laptop,crate-container-cd
power_consumption,1704459813738000000,3.1751304271595204,paolo-laptop,crate-container-cd
power_consumption,1704459815743000000,11.22707356868941,paolo-laptop,crate-container-cd
power_consumption,1704459816745000000,2.765891088389403,paolo-laptop,crate-container-cd
power_consumption,1704459818751000000,12.755110935431949,paolo-laptop,crate-container-cd
power_consumption,1704459819752000000,13.315672762076495,paolo-laptop,crate-container-cd
power_consumption,1704459820754000000,1.9010608786543286,paolo-laptop,crate-container-cd
power_consumption,1704459822757000000,9.306704515346773,paolo-laptop,crate-container-cd
power_consumption,1704459823759000000,12.475959210433613,paolo-laptop,crate-container-cd
power_consumption,1704459824761000000,11.618309527283625,paolo-laptop,crate-container-cd
power_consumption,1704459826772000000,1.1380527264808915,paolo-laptop,crate-container-cd
power_consumption,1704459827778000000,0.4893815041983525,paolo-laptop,crate-container-cd
power_consumption,1704459828781000000,6.403895463319079,paolo-laptop,crate-container-cd
power_consumption,1704459829785000000,4.800943779265658,paolo-laptop,crate-container-cd
power_consumption,1704459830786000000,10.656183790286496,paolo-laptop,crate-container-cd
power_consumption,1704459831788000000,12.481392245131364,paolo-laptop,crate-container-cd
power_consumption,1704459832791000000,8.251222938999083,paolo-laptop,crate-container-cd
power_consumption,1704459835801000000,12.220629744224535,paolo-laptop,crate-container-cd
power_consumption,1704459836803000000,11.310439739005549,paolo-laptop,crate-container-cd
power_consumption,1704459837805000000,5.1039218869161695,paolo-laptop,crate-container-cd
power_consumption,1704459838807000000,3.2560082130402677,paolo-laptop,crate-container-cd
power_consumption,1704459839813000000,5.059483403553372,paolo-laptop,crate-container-cd
power_consumption,1704459840822000000,4.503951208839045,paolo-laptop,crate-container-cd
power_consumption,1704459841823000000,0.3296149797727561,paolo-laptop,crate-container-cd
power_consumption,1704459842827000000,0.8338554846228776,paolo-laptop,crate-container-cd
power_consumption,1704459843829000000,9.095339532403091,paolo-laptop,crate-container-cd
power_consumption,1704459844832000000,1.7805155885837165,paolo-laptop,crate-container-cd
power_consumption,1704459845834000000,2.097297989550158,paolo-laptop,crate-container-cd
power_consumption,1704459846838000000,8.001586761913897,paolo-laptop,crate-container-cd
power_consumption,1704459847842000000,2.375997503736639,paolo-laptop,crate-container-cd
power_consumption,1704459848844000000,3.1776547024205413,paolo-laptop,crate-container-cd
power_consumption,1704459849848000000,1.7749399277254856,paolo-laptop,crate-container-cd
power_consumption,1704459850849000000,6.551110533585634,paolo-laptop,crate-container-cd
power_consumption,1704459851853000000,4.421328922630313,paolo-laptop,crate-container-cd
power_consumption,1704459852857000000,2.6384948309838734,paolo-laptop,crate-container-cd
power_consumption,1704459853860000000,4.346068888354762,paolo-laptop,crate-container-cd
power_consumption,1704459854862000000,4.7149380784815245,paolo-laptop,crate-container-cd
power_consumption,1704459855866000000,7.603910804820296,paolo-laptop,crate-container-cd
power_consumption,1704459856868000000,7.355461189369317,paolo-laptop,crate-container-cd
power_consumption,1704459857869000000,8.375481735165627,paolo-laptop,crate-container-cd
power_consumption,1704459858873000000,5.045418931507197,paolo-laptop,crate-container-cd
power_consumption,1704459859877000000,6.266684152911069,paolo-laptop,crate-container-cd
power_consumption,1704459860879000000,9.45726156527208,paolo-laptop,crate-container-cd
power_consumption,1704459861880000000,12.173199118554106,paolo-laptop,crate-container-cd
power_consumption,1704459863883000000,10.42628580094211,paolo-laptop,crate-container-cd
power_consumption,1704459864885000000,12.113933091116209,paolo-laptop,crate-container-cd
power_consumption,1704459865887000000,12.656205450236701,paolo-laptop,crate-container-cd
power_consumption,1704459866890000000,5.003063131711096,paolo-laptop,crate-container-cd
power_consumption,1704459867894000000,1.3203061642912204,paolo-laptop,crate-container-cd
power_consumption,1704459868896000000,5.081258257642519,paolo-laptop,crate-container-cd
power_consumption,1704459869898000000,12.254218324385288,paolo-laptop,crate-container-cd
power_consumption,1704459870900000000,12.272377390660127,paolo-laptop,crate-container-cd
power_consumption,1704459871902000000,10.646117092161331,paolo-laptop,crate-container-cd
power_consumption,1704459872904000000,10.242373031052498,paolo-laptop,crate-container-cd
power_consumption,1704459873906000000,10.517741786752847,paolo-laptop,crate-container-cd
power_consumption,1704459874910000000,10.37989560678826,paolo-laptop,crate-container-cd
power_consumption,1704459875911000000,10.235912894475408,paolo-laptop,crate-container-cd
power_consumption,1704459876913000000,10.34463845972565,paolo-laptop,crate-container-cd
power_consumption,1704459877915000000,10.944650632360746,paolo-laptop,crate-container-cd
power_consumption,1704459878917000000,9.742876295268498,paolo-laptop,crate-container-cd
power_consumption,1704459879919000000,10.450240269056028,paolo-laptop,crate-container-cd
power_consumption,1704459880921000000,10.269926307646202,paolo-laptop,crate-container-cd
power_consumption,1704459881922000000,10.685242500513587,paolo-laptop,crate-container-cd
power_consumption,1704459882925000000,9.903456086501384,paolo-laptop,crate-container-cd
power_consumption,1704459883928000000,4.436000843101025,paolo-laptop,crate-container-cd
power_consumption,1704459884930000000,6.008636585660192,paolo-laptop,crate-container-cd
power_consumption,1704459885932000000,11.252345155696258,paolo-laptop,crate-container-cd
power_consumption,1704459886936000000,8.764256103078193,paolo-laptop,crate-container-cd
power_consumption,1704459887940000000,2.346445821307687,paolo-laptop,crate-container-cd
power_consumption,1704459888942000000,5.6558887253199615,paolo-laptop,crate-container-cd
power_consumption,1704459889944000000,8.693888296848296,paolo-laptop,crate-container-cd
power_consumption,1704459890946000000,9.142469275481501,paolo-laptop,crate-container-cd
power_consumption,1704459891948000000,12.759576853269579,paolo-laptop,crate-container-cd
power_consumption,1704459892950000000,2.547476174988275,paolo-laptop,crate-container-cd
power_consumption,1704459893951000000,9.299618433224577,paolo-laptop,crate-container-cd
power_consumption,1704459894954000000,12.517809541326942,paolo-laptop,crate-container-cd
power_consumption,1704459895956000000,9.346522204239012,paolo-laptop,crate-container-cd
power_consumption,1704459896959000000,11.68413308065037,paolo-laptop,crate-container-cd
power_consumption,1704459897961000000,12.730874092963056,paolo-laptop,crate-container-cd
power_consumption,1704459898966000000,10.100356537613884,paolo-laptop,crate-container-cd
power_consumption,1704459899968000000,10.135253720647652,paolo-laptop,crate-container-cd
power_consumption,1704459900970000000,1.3927603947977256,paolo-laptop,crate-container-cd
power_consumption,1704459901974000000,0.24176758096772522,paolo-laptop,crate-container-cd
power_consumption,1704459902976000000,6.345415946767208,paolo-laptop,crate-container-cd
power_consumption,1704459903977000000,10.145802942201914,paolo-laptop,crate-container-cd
power_consumption,1704459904982000000,7.059348869385114,paolo-laptop,crate-container-cd
power_consumption,1704459906987000000,1.9345070770089774,paolo-laptop,crate-container-cd
power_consumption,1704459907989000000,12.890029663558717,paolo-laptop,crate-container-cd
power_consumption,1704459908991000000,9.57607510173211,paolo-laptop,crate-container-cd
power_consumption,1704459909993000000,9.617434050593797,paolo-laptop,crate-container-cd
power_consumption,1704459910995000000,9.95316652859465,paolo-laptop,crate-container-cd
power_consumption,1704459911997000000,7.964287399167901,paolo-laptop,crate-container-cd
power_consumption,1704459914017000000,0.46593361358251123,paolo-laptop,crate-container-cd
power_consumption,1704459915020000000,11.779073335591232,paolo-laptop,crate-container-cd
power_consumption,1704459916021000000,9.767410102042813,paolo-laptop,crate-container-cd
power_consumption,1704459917025000000,4.087035347677738,paolo-laptop,crate-container-cd
power_consumption,1704459918028000000,0.5075424551109124,paolo-laptop,crate-container-cd
power_consumption,1704459919029000000,2.41094942051632,paolo-laptop,crate-container-cd
power_consumption,1704459920033000000,10.199272570369937,paolo-laptop,crate-container-cd
power_consumption,1704459921035000000,2.1999484461218985,paolo-laptop,crate-container-cd
power_consumption,1704459922037000000,11.08837616803709,paolo-laptop,crate-container-cd
power_consumption,1704459923038000000,10.279388886725512,paolo-laptop,crate-container-cd
power_consumption,1704459924040000000,10.64282944209309,paolo-laptop,crate-container-cd
power_consumption,1704459925043000000,8.279940216905587,paolo-laptop,crate-container-cd
power_consumption,1704459927051000000,3.037716193913556,paolo-laptop,crate-container-cd
power_consumption,1704459928055000000,3.1601346918721775,paolo-laptop,crate-container-cd
power_consumption,1704459929056000000,6.711084046143073,paolo-laptop,crate-container-cd
power_consumption,1704459930060000000,6.61916857519145,paolo-laptop,crate-container-cd
power_consumption,1704459931064000000,2.8036144755586396,paolo-laptop,crate-container-cd
power_consumption,1704459932068000000,2.346373549216925,paolo-laptop,crate-container-cd
power_consumption,1704459933070000000,2.740883685975197,paolo-laptop,crate-container-cd
power_consumption,1704459934074000000,0.7956998071191176,paolo-laptop,crate-container-cd
power_consumption,1704459935078000000,1.666409563768747,paolo-laptop,crate-container-cd
power_consumption,1704459936082000000,3.224660594661326,paolo-laptop,crate-container-cd
power_consumption,1704459937086000000,2.526182206952605,paolo-laptop,crate-container-cd
power_consumption,1704459938088000000,4.082092179175862,paolo-laptop,crate-container-cd
power_consumption,1704459939091000000,1.4068527159893074,paolo-laptop,crate-container-cd
power_consumption,1704459940096000000,1.7855042080294845,paolo-laptop,crate-container-cd
power_consumption,1704459941100000000,1.8308080604041088,paolo-laptop,crate-container-cd
power_consumption,1704459942102000000,11.30405697246434,paolo-laptop,crate-container-cd
power_consumption,1704459943106000000,6.064738583334892,paolo-laptop,crate-container-cd
power_consumption,1704459944109000000,2.6267097117617864,paolo-laptop,crate-container-cd
power_consumption,1704459945113000000,3.884475962839783,paolo-laptop,crate-container-cd
power_consumption,1704459946118000000,2.5810461672536666,paolo-laptop,crate-container-cd
power_consumption,1704459947120000000,1.2572256209117945,paolo-laptop,crate-container-cd
power_consumption,1704459948124000000,1.0904945452984571,paolo-laptop,crate-container-cd
power_consumption,1704459949127000000,2.760605823971024,paolo-laptop,crate-container-cd
power_consumption,1704459950132000000,3.49011972354404,paolo-laptop,crate-container-cd
power_consumption,1704459951133000000,2.8092268867848373,paolo-laptop,crate-container-cd
power_consumption,1704459952137000000,5.516457571523534,paolo-laptop,crate-container-cd
power_consumption,1704459953138000000,6.195272607680558,paolo-laptop,crate-container-cd
power_consumption,1704459954140000000,5.176396834905129,paolo-laptop,crate-container-cd
power_consumption,1704459955142000000,2.0553034943354165,paolo-laptop,crate-container-cd
power_consumption,1704459956144000000,4.327362526675,paolo-laptop,crate-container-cd
power_consumption,1704459957145000000,5.5989761260509265,paolo-laptop,crate-container-cd
power_consumption,1704459958147000000,7.231162397260359,paolo-laptop,crate-container-cd
power_consumption,1704459959149000000,1.5676175029104802,paolo-laptop,crate-container-cd
power_consumption,1704459960150000000,12.22355576320648,paolo-laptop,crate-container-cd
power_consumption,1704459961153000000,12.22167593386355,paolo-laptop,crate-container-cd
power_consumption,1704459962155000000,4.230871456928976,paolo-laptop,crate-container-cd
power_consumption,1704459963157000000,3.472722088339953,paolo-laptop,crate-container-cd
power_consumption,1704459964159000000,5.726883518327489,paolo-laptop,crate-container-cd
power_consumption,1704459965162000000,10.009930009464878,paolo-laptop,crate-container-cd
power_consumption,1704459966164000000,5.563398894095781,paolo-laptop,crate-container-cd
power_consumption,1704459967166000000,6.637737124359893,paolo-laptop,crate-container-cd
power_consumption,1704459968173000000,4.032296534319819,paolo-laptop,crate-container-cd
power_consumption,1704459969175000000,4.316245522919604,paolo-laptop,crate-container-cd
power_consumption,1704459970177000000,12.022518479429575,paolo-laptop,crate-container-cd
power_consumption,1704459971181000000,1.9334205902634733,paolo-laptop,crate-container-cd
power_consumption,1704459972187000000,6.431155318538512,paolo-laptop,crate-container-cd
power_consumption,1704459973190000000,10.907991580987009,paolo-laptop,crate-container-cd
power_consumption,1704459974192000000,13.705473511449291,paolo-laptop,crate-container-cd
power_consumption,1704459975194000000,12.79224246021085,paolo-laptop,crate-container-cd
power_consumption,1704459976202000000,3.2060741574131004,paolo-laptop,crate-container-cd
power_consumption,1704459977208000000,3.825019642122722,paolo-laptop,crate-container-cd
power_consumption,1704459978210000000,1.2571621976426353,paolo-laptop,crate-container-cd
power_consumption,1704459979211000000,10.289342049600075,paolo-laptop,crate-container-cd
power_consumption,1704459980215000000,8.650724375230958,paolo-laptop,crate-container-cd
power_consumption,1704459981218000000,2.242341291184741,paolo-laptop,crate-container-cd
power_consumption,1704459982223000000,6.206597891607549,paolo-laptop,crate-container-cd
power_consumption,1704459983227000000,6.299460455661184,paolo-laptop,crate-container-cd
power_consumption,1704459984231000000,3.593848005830382,paolo-laptop,crate-container-cd
power_consumption,1704459985233000000,6.856505053132213,paolo-laptop,crate-container-cd
power_consumption,1704459986237000000,4.29460660666619,paolo-laptop,crate-container-cd
power_consumption,1704459987239000000,4.954967080520528,paolo-laptop,crate-container-cd
power_consumption,1704459988241000000,0.8445402616400621,paolo-laptop,crate-container-cd
power_consumption,1704459989244000000,2.699192911278934,paolo-laptop,crate-container-cd
power_consumption,1704459990247000000,10.203797710463537,paolo-laptop,crate-container-cd
power_consumption,1704459991249000000,10.167773577186374,paolo-laptop,crate-container-cd
power_consumption,1704459992250000000,4.635076625303234,paolo-laptop,crate-container-cd
power_consumption,1704459993252000000,13.315767673808011,paolo-laptop,crate-container-cd
power_consumption,1704459994254000000,13.246708891925948,paolo-laptop,crate-container-cd
power_consumption,1704459995256000000,13.019563520779585,paolo-laptop,crate-container-cd
power_consumption,1704459996258000000,13.696018338921837,paolo-laptop,crate-container-cd
power_consumption,1704459997260000000,13.483086044161453,paolo-laptop,crate-container-cd
power_consumption,1704459998263000000,13.508280406137555,paolo-laptop,crate-container-cd
power_consumption,1704459999265000000,13.016357057030945,paolo-laptop,crate-container-cd
power_consumption,1704460000267000000,13.25078980470223,paolo-laptop,crate-container-cd
power_consumption,1704460001269000000,13.251829039119903,paolo-laptop,crate-container-cd
power_consumption,1704460002272000000,13.700125259584789,paolo-laptop,crate-container-cd
power_consumption,1704460003275000000,13.53755891115268,paolo-laptop,crate-container-cd
power_consumption,1704460004281000000,4.579224417452028,paolo-laptop,crate-container-cd
power_consumption,1704460006287000000,7.567302988506409,paolo-laptop,crate-container-cd
power_consumption,1704460007291000000,6.159229390322972,paolo-laptop,crate-container-cd
power_consumption,1704460008293000000,2.8562874259237905,paolo-laptop,crate-container-cd
power_consumption,1704460009295000000,10.872794661242342,paolo-laptop,crate-container-cd
power_consumption,1704460010297000000,11.442483781008606,paolo-laptop,crate-container-cd
power_consumption,1704460011299000000,12.129292182041091,paolo-laptop,crate-container-cd
power_consumption,1704460012301000000,11.096545940547166,paolo-laptop,crate-container-cd
power_consumption,1704460013302000000,11.790214147320448,paolo-laptop,crate-container-cd
power_consumption,1704460014304000000,11.743009379009813,paolo-laptop,crate-container-cd
power_consumption,1704460015306000000,11.680057541513921,paolo-laptop,crate-container-cd
power_consumption,1704460016308000000,12.074170830015023,paolo-laptop,crate-container-cd
power_consumption,1704460017310000000,11.616468907516975,paolo-laptop,crate-container-cd
power_consumption,1704460018312000000,11.282515488328574,paolo-laptop,crate-container-cd
power_consumption,1704460019314000000,11.325674086264748,paolo-laptop,crate-container-cd
power_consumption,1704460020318000000,11.605681034428152,paolo-laptop,crate-container-cd
power_consumption,1704460021319000000,11.821751836403187,paolo-laptop,crate-container-cd
power_consumption,1704460022321000000,11.31293091044056,paolo-laptop,crate-container-cd
power_consumption,1704460023322000000,11.739211615072563,paolo-laptop,crate-container-cd
power_consumption,1704460024324000000,11.299309874323933,paolo-laptop,crate-container-cd
power_consumption,1704460025326000000,11.26515753489285,paolo-laptop,crate-container-cd
power_consumption,1704460026328000000,11.435445554441696,paolo-laptop,crate-container-cd
power_consumption,1704460027329000000,11.578509100280057,paolo-laptop,crate-container-cd
power_consumption,1704460028331000000,11.460117130969827,paolo-laptop,crate-container-cd
power_consumption,1704460029333000000,11.01470328343402,paolo-laptop,crate-container-cd
power_consumption,1704460030335000000,11.93560603636227,paolo-laptop,crate-container-cd
power_consumption,1704460031336000000,11.276416712350022,paolo-laptop,crate-container-cd
power_consumption,1704460032338000000,11.651488322100263,paolo-laptop,crate-container-cd
power_consumption,1704460033340000000,11.343445493085632,paolo-laptop,crate-container-cd
power_consumption,1704460034343000000,3.563690877318232,paolo-laptop,crate-container-cd
power_consumption,1704460035345000000,2.0693087780451513,paolo-laptop,crate-container-cd
power_consumption,1704460036346000000,4.782421393422084,paolo-laptop,crate-container-cd
power_consumption,1704460037347000000,9.516674173218822,paolo-laptop,crate-container-cd
power_consumption,1704460038349000000,10.036805120474348,paolo-laptop,crate-container-cd
power_consumption,1704460040355000000,3.4654866189789617,paolo-laptop,crate-container-cd
power_consumption,1704460041357000000,0.8206381962389373,paolo-laptop,crate-container-cd
power_consumption,1704460042359000000,1.7655433326599161,paolo-laptop,crate-container-cd
power_consumption,1704460043365000000,2.7848116007715644,paolo-laptop,crate-container-cd
power_consumption,1704460045375000000,3.2612157940866027,paolo-laptop,crate-container-cd
power_consumption,1704460046377000000,8.12799359419295,paolo-laptop,crate-container-cd
power_consumption,1704460047380000000,4.254210349070384,paolo-laptop,crate-container-cd
power_consumption,1704460048384000000,1.995466807182361,paolo-laptop,crate-container-cd
power_consumption,1704460049385000000,3.311139956937783,paolo-laptop,crate-container-cd
power_consumption,1704460050389000000,6.5220810450075,paolo-laptop,crate-container-cd
power_consumption,1704460051395000000,3.334620408643376,paolo-laptop,crate-container-cd
power_consumption,1704460052398000000,3.379743318790273,paolo-laptop,crate-container-cd
power_consumption,1704460053400000000,11.916026243503563,paolo-laptop,crate-container-cd
power_consumption,1704460054402000000,8.108650158035722,paolo-laptop,crate-container-cd
power_consumption,1704460055406000000,9.217201773161698,paolo-laptop,crate-container-cd
power_consumption,1704460056407000000,4.140363221850725,paolo-laptop,crate-container-cd
power_consumption,1704460057409000000,2.2736622363800714,paolo-laptop,crate-container-cd
power_consumption,1704460058411000000,9.866046645958473,paolo-laptop,crate-container-cd
power_consumption,1704460059412000000,10.237205261375275,paolo-laptop,crate-container-cd
power_consumption,1704460060416000000,9.388674982229578,paolo-laptop,crate-container-cd
power_consumption,1704460061420000000,1.9002815703611842,paolo-laptop,crate-container-cd
power_consumption,1704460062424000000,1.2605386949669282,paolo-laptop,crate-container-cd
power_consumption,1704460063427000000,1.3980869439965986,paolo-laptop,crate-container-cd
power_consumption,1704460064431000000,3.4528529354628836,paolo-laptop,crate-container-cd
power_consumption,1704460065433000000,4.408364570913961,paolo-laptop,crate-container-cd
power_consumption,1704460066437000000,5.44469785394064,paolo-laptop,crate-container-cd
power_consumption,1704460067438000000,6.560506397106559,paolo-laptop,crate-container-cd
power_consumption,1704460068439000000,8.583966246475795,paolo-laptop,crate-container-cd
power_consumption,1704460069442000000,0.5461396146803642,paolo-laptop,crate-container-cd
power_consumption,1704460070446000000,6.068960530546555,paolo-laptop,crate-container-cd
power_consumption,1704460071450000000,2.5698729950865897,paolo-laptop,crate-container-cd
power_consumption,1704460073455000000,8.57627763577372,paolo-laptop,crate-container-cd
power_consumption,1704460074459000000,2.909543752049572,paolo-laptop,crate-container-cd
power_consumption,1704460075463000000,3.891843360701027,paolo-laptop,crate-container-cd
power_consumption,1704460076466000000,6.638751060498161,paolo-laptop,crate-container-cd
power_consumption,1704460077469000000,7.988311529805956,paolo-laptop,crate-container-cd
power_consumption,1704460079479000000,3.145911302850967,paolo-laptop,crate-container-cd
power_consumption,1704460080481000000,4.978919794395943,paolo-laptop,crate-container-cd
power_consumption,1704460081485000000,2.7868706438361284,paolo-laptop,crate-container-cd
power_consumption,1704460082488000000,3.865229252231801,paolo-laptop,crate-container-cd
power_consumption,1704460083490000000,5.29921755751978,paolo-laptop,crate-container-cd
power_consumption,1704460084492000000,8.18136741748392,paolo-laptop,crate-container-cd
power_consumption,1704460085497000000,3.5238646707396986,paolo-laptop,crate-container-cd
power_consumption,1704460086502000000,9.899305616402478,paolo-laptop,crate-container-cd
power_consumption,1704460087509000000,7.560009402155492,paolo-laptop,crate-container-cd
power_consumption,1704460088511000000,3.9860208580888923,paolo-laptop,crate-container-cd
power_consumption,1704460089512000000,2.2764330463346627,paolo-laptop,crate-container-cd
power_consumption,1704460090514000000,8.23421607271407,paolo-laptop,crate-container-cd
power_consumption,1704460091516000000,5.789907401583555,paolo-laptop,crate-container-cd
power_consumption,1704460092518000000,3.1317740577407176,paolo-laptop,crate-container-cd
power_consumption,1704460093521000000,5.838603437055809,paolo-laptop,crate-container-cd
power_consumption,1704460094523000000,3.9781436235451655,paolo-laptop,crate-container-cd
power_consumption,1704460095525000000,1.1557713219345997,paolo-laptop,crate-container-cd
power_consumption,1704460096527000000,4.7810053856552495,paolo-laptop,crate-container-cd
power_consumption,1704460097528000000,4.003814056610185,paolo-laptop,crate-container-cd
power_consumption,1704460098530000000,4.439863871966112,paolo-laptop,crate-container-cd
power_consumption,1704460099531000000,4.506756387498856,paolo-laptop,crate-container-cd
power_consumption,1704460100533000000,5.00136024439697,paolo-laptop,crate-container-cd
power_consumption,1704460101534000000,6.981442843782185,paolo-laptop,crate-container-cd
power_consumption,1704460102536000000,0.43746538806560925,paolo-laptop,crate-container-cd
power_consumption,1704460103541000000,2.525211396228846,paolo-laptop,crate-container-cd
power_consumption,1704460104543000000,8.889377030747411,paolo-laptop,crate-container-cd
power_consumption,1704460105545000000,8.985397179880659,paolo-laptop,crate-container-cd
power_consumption,1704460106547000000,7.8044055716323,paolo-laptop,crate-container-cd
power_consumption,1704460107551000000,4.315861792904669,paolo-laptop,crate-container-cd
power_consumption,1704460108558000000,4.702589175182921,paolo-laptop,crate-container-cd
power_consumption,1704460109562000000,4.7144591484506035,paolo-laptop,crate-container-cd
power_consumption,1704460110564000000,4.179385142162757,paolo-laptop,crate-container-cd
power_consumption,1704460111568000000,3.39913478043285,paolo-laptop,crate-container-cd
power_consumption,1704460112574000000,7.9097724169241825,paolo-laptop,crate-container-cd
power_consumption,1704460113577000000,1.105721624932643,paolo-laptop,crate-container-cd
power_consumption,1704460114582000000,1.6732562987411768,paolo-laptop,crate-container-cd
power_consumption,1704460115584000000,11.96019911022411,paolo-laptop,crate-container-cd
power_consumption,1704460116585000000,11.711497759266827,paolo-laptop,crate-container-cd
power_consumption,1704460117587000000,12.097321514908064,paolo-laptop,crate-container-cd
power_consumption,1704460118589000000,6.9721247181556905,paolo-laptop,crate-container-cd
power_consumption,1704460119591000000,10.958528158023096,paolo-laptop,crate-container-cd
power_consumption,1704460120593000000,10.752161664488995,paolo-laptop,crate-container-cd
power_consumption,1704460121597000000,3.7544837568635874,paolo-laptop,crate-container-cd
power_consumption,1704460122601000000,1.625931689154037,paolo-laptop,crate-container-cd
power_consumption,1704460123602000000,8.59495444342537,paolo-laptop,crate-container-cd
power_consumption,1704460124608000000,12.749913268064352,paolo-laptop,crate-container-cd
power_consumption,1704460125611000000,2.6894308204696253,paolo-laptop,crate-container-cd
power_consumption,1704460126613000000,1.3759757936625028,paolo-laptop,crate-container-cd
power_consumption,1704460127617000000,8.401855706343202,paolo-laptop,crate-container-cd
power_consumption,1704460128618000000,10.17819382175206,paolo-laptop,crate-container-cd
power_consumption,1704460129623000000,4.521099422297025,paolo-laptop,crate-container-cd
power_consumption,1704460131626000000,11.034124711791236,paolo-laptop,crate-container-cd
power_consumption,1704460132630000000,9.850543181587469,paolo-laptop,crate-container-cd
power_consumption,1704460133632000000,0.427901500406285,paolo-laptop,crate-container-cd
power_consumption,1704460134635000000,8.506721970681012,paolo-laptop,crate-container-cd
power_consumption,1704460136643000000,1.270541474477179,paolo-laptop,crate-container-cd
power_consumption,1704460137645000000,2.7669367956858815,paolo-laptop,crate-container-cd
power_consumption,1704460138647000000,4.421521749836033,paolo-laptop,crate-container-cd
power_consumption,1704460139648000000,10.911397639475666,paolo-laptop,crate-container-cd
power_consumption,1704460140652000000,4.096199048662144,paolo-laptop,crate-container-cd
power_consumption,1704460141654000000,2.3046696973065215,paolo-laptop,crate-container-cd
power_consumption,1704460142658000000,9.14649515987449,paolo-laptop,crate-container-cd
power_consumption,1704460144667000000,0.4420687132346487,paolo-laptop,crate-container-cd
power_consumption,1704460145672000000,0.5236726885287787,paolo-laptop,crate-container-cd
power_consumption,1704460146678000000,0.28071947799957153,paolo-laptop,crate-container-cd
power_consumption,1704460147682000000,1.7307784923340632,paolo-laptop,crate-container-cd
power_consumption,1704460148686000000,0.8150491224681108,paolo-laptop,crate-container-cd
power_consumption,1704460149689000000,0.4149087999378308,paolo-laptop,crate-container-cd
power_consumption,1704460151695000000,0.49867888002144667,paolo-laptop,crate-container-cd
power_consumption,1704460152698000000,0.6207551428748928,paolo-laptop,crate-container-cd
power_consumption,1704460153700000000,10.336632360777438,paolo-laptop,crate-container-cd
power_consumption,1704460154702000000,12.3912013321118,paolo-laptop,crate-container-cd
power_consumption,1704460155704000000,11.774715679059756,paolo-laptop,crate-container-cd
power_consumption,1704460156706000000,11.30793738037114,paolo-laptop,crate-container-cd
power_consumption,1704460157708000000,5.895912820145134,paolo-laptop,crate-container-cd
power_consumption,1704460158709000000,11.324887608777004,paolo-laptop,crate-container-cd
power_consumption,1704460159711000000,8.427321301533738,paolo-laptop,crate-container-cd
power_consumption,1704460160713000000,3.7660391813825482,paolo-laptop,crate-container-cd
power_consumption,1704460161715000000,5.875986589181979,paolo-laptop,crate-container-cd
power_consumption,1704460162717000000,3.3927531463044387,paolo-laptop,crate-container-cd
power_consumption,1704460163721000000,1.1125521442863142,paolo-laptop,crate-container-cd
power_consumption,1704460164727000000,0.07724478855763121,paolo-laptop,crate-container-cd
power_consumption,1704460165731000000,6.477862309515043,paolo-laptop,crate-container-cd
power_consumption,1704460166732000000,11.005202289391445,paolo-laptop,crate-container-cd
power_consumption,1704460167737000000,3.3863768201381594,paolo-laptop,crate-container-cd
power_consumption,1704460168740000000,8.444917824542506,paolo-laptop,crate-container-cd
power_consumption,1704460169741000000,4.379782096284363,paolo-laptop,crate-container-cd
power_consumption,1704460170745000000,3.0667791370549766,paolo-laptop,crate-container-cd
power_consumption,1704460171747000000,9.169197195490296,paolo-laptop,crate-container-cd
power_consumption,1704460172751000000,1.9934825786325763,paolo-laptop,crate-container-cd
power_consumption,1704460173754000000,5.933826388274652,paolo-laptop,crate-container-cd
power_consumption,1704460174756000000,10.756111636573383,paolo-laptop,crate-container-cd
power_consumption,1704460175758000000,11.47257187546736,paolo-laptop,crate-container-cd
power_consumption,1704460176760000000,12.339109084075767,paolo-laptop,crate-container-cd
power_consumption,1704460177762000000,10.559316307659756,paolo-laptop,crate-container-cd
power_consumption,1704460178765000000,1.8548822310719222,paolo-laptop,crate-container-cd
power_consumption,1704460179767000000,7.404812850375626,paolo-laptop,crate-container-cd
power_consumption,1704460180769000000,13.301771575953403,paolo-laptop,crate-container-cd
power_consumption,1704460182776000000,1.022810268214817,paolo-laptop,crate-container-cd
power_consumption,1704460183778000000,6.36524622995059,paolo-laptop,crate-container-cd
power_consumption,1704460184782000000,7.994310814687301,paolo-laptop,crate-container-cd
power_consumption,1704460185783000000,10.24256058115489,paolo-laptop,crate-container-cd
power_consumption,1704460186788000000,7.362476493923739,paolo-laptop,crate-container-cd
power_consumption,1704460187794000000,6.106120920454227,paolo-laptop,crate-container-cd
power_consumption,1704460188798000000,6.945065065758227,paolo-laptop,crate-container-cd
power_consumption,1704460189801000000,11.1861822167308,paolo-laptop,crate-container-cd
power_consumption,1704460190803000000,10.83189167411647,paolo-laptop,crate-container-cd
power_consumption,1704460191808000000,8.394095642319343,paolo-laptop,crate-container-cd
power_consumption,1704460192810000000,4.804099798573316,paolo-laptop,crate-container-cd
power_consumption,1704460193812000000,12.375750096861262,paolo-laptop,crate-container-cd
power_consumption,1704460194816000000,2.815378845684292,paolo-laptop,crate-container-cd
power_consumption,1704460195820000000,0.2229195531771348,paolo-laptop,crate-container-cd
power_consumption,1704460196824000000,0.719604776439711,paolo-laptop,crate-container-cd
power_consumption,1704460198832000000,6.182035735637652,paolo-laptop,crate-container-cd
power_consumption,1704460199833000000,1.1143050721456207,paolo-laptop,crate-container-cd
power_consumption,1704460200837000000,0.583233320983046,paolo-laptop,crate-container-cd
power_consumption,1704460201841000000,2.787727658333246,paolo-laptop,crate-container-cd
power_consumption,1704460202844000000,4.040046399829382,paolo-laptop,crate-container-cd
power_consumption,1704460204853000000,0.3797674866908325,paolo-laptop,crate-container-cd
power_consumption,1704460205857000000,1.0677510730172952,paolo-laptop,crate-container-cd
power_consumption,1704460206862000000,4.654858078232781,paolo-laptop,crate-container-cd
power_consumption,1704460209875000000,1.2966968164977757,paolo-laptop,crate-container-cd
power_consumption,1704460210879000000,2.670216847857362,paolo-laptop,crate-container-cd
power_consumption,1704460211883000000,2.9637905315088027,paolo-laptop,crate-container-cd
power_consumption,1704460213891000000,0.978854259006539,paolo-laptop,crate-container-cd
power_consumption,1704460214893000000,0.8649644886329655,paolo-laptop,crate-container-cd
power_consumption,1704460215894000000,2.5441838816861426,paolo-laptop,crate-container-cd
power_consumption,1704460216895000000,1.334051816579348,paolo-laptop,crate-container-cd
power_consumption,1704460217897000000,1.5354438914900421,paolo-laptop,crate-container-cd
power_consumption,1704460218899000000,11.942830922252735,paolo-laptop,crate-container-cd
power_consumption,1704460219901000000,3.4571233835826574,paolo-laptop,crate-container-cd
power_consumption,1704460220903000000,6.596231686456999,paolo-laptop,crate-container-cd
power_consumption,1704460221908000000,2.424659543843151,paolo-laptop,crate-container-cd
power_consumption,1704460222911000000,11.213707046144503,paolo-laptop,crate-container-cd
power_consumption,1704460223914000000,3.5320045229186885,paolo-laptop,crate-container-cd
power_consumption,1704460224916000000,11.068619517397046,paolo-laptop,crate-container-cd
power_consumption,1704460225918000000,12.40781372155121,paolo-laptop,crate-container-cd
power_consumption,1704460226923000000,0.46621844167407006,paolo-laptop,crate-container-cd
power_consumption,1704460227926000000,6.583524494761623,paolo-laptop,crate-container-cd
power_consumption,1704460228928000000,11.304882644494452,paolo-laptop,crate-container-cd
power_consumption,1704460229932000000,3.0957024891787475,paolo-laptop,crate-container-cd
power_consumption,1704460230938000000,4.57603772828228,paolo-laptop,crate-container-cd
power_consumption,1704460231944000000,2.77398596452616,paolo-laptop,crate-container-cd
power_consumption,1704460232947000000,5.957989074801774,paolo-laptop,crate-container-cd
power_consumption,1704460233951000000,8.688299499591231,paolo-laptop,crate-container-cd
power_consumption,1704460234954000000,4.520366268596213,paolo-laptop,crate-container-cd
power_consumption,1704460235959000000,6.2002769163909335,paolo-laptop,crate-container-cd
power_consumption,1704460236961000000,8.90273199592041,paolo-laptop,crate-container-cd
power_consumption,1704460237963000000,11.828331762043033,paolo-laptop,crate-container-cd
power_consumption,1704460238965000000,12.492217690755826,paolo-laptop,crate-container-cd
power_consumption,1704460239968000000,9.46908825039386,paolo-laptop,crate-container-cd
power_consumption,1704460240973000000,6.074962920020123,paolo-laptop,crate-container-cd
power_consumption,1704460241974000000,5.113494332008124,paolo-laptop,crate-container-cd
power_consumption,1704460242978000000,6.197597149350125,paolo-laptop,crate-container-cd
power_consumption,1704460243983000000,2.8450757831931055,paolo-laptop,crate-container-cd
power_consumption,1704460244985000000,7.525379941402767,paolo-laptop,crate-container-cd
power_consumption,1704460245987000000,8.014728410446146,paolo-laptop,crate-container-cd
power_consumption,1704460246989000000,6.305393911994969,paolo-laptop,crate-container-cd
power_consumption,1704460247990000000,5.695477340027667,paolo-laptop,crate-container-cd
power_consumption,1704460248992000000,10.100088406123433,paolo-laptop,crate-container-cd
power_consumption,1704460249994000000,11.856320464505632,paolo-laptop,crate-container-cd
power_consumption,1704460250995000000,7.527213710340826,paolo-laptop,crate-container-cd
power_consumption,1704460251997000000,7.888089174907756,paolo-laptop,crate-container-cd
power_consumption,1704460253000000000,0.9042368262372088,paolo-laptop,crate-container-cd
power_consumption,1704460254002000000,4.450472861363007,paolo-laptop,crate-container-cd
power_consumption,1704460255006000000,10.751848170132467,paolo-laptop,crate-container-cd
power_consumption,1704460256007000000,6.194085392991319,paolo-laptop,crate-container-cd
power_consumption,1704460257011000000,4.065182138110734,paolo-laptop,crate-container-cd
power_consumption,1704460258013000000,4.290575449470988,paolo-laptop,crate-container-cd
power_consumption,1704460259014000000,1.7097265809928792,paolo-laptop,crate-container-cd
power_consumption,1704460260015000000,10.985676562113904,paolo-laptop,crate-container-cd
power_consumption,1704460261017000000,5.117298490436814,paolo-laptop,crate-container-cd
power_consumption,1704460262018000000,7.9455470470528855,paolo-laptop,crate-container-cd
power_consumption,1704460263020000000,12.014698076781055,paolo-laptop,crate-container-cd
power_consumption,1704460264022000000,5.10295521543976,paolo-laptop,crate-container-cd
power_consumption,1704460265024000000,10.380547382386425,paolo-laptop,crate-container-cd
power_consumption,1704460266030000000,11.072724261328274,paolo-laptop,crate-container-cd
power_consumption,1704460267034000000,14.609651130616118,paolo-laptop,crate-container-cd
power_consumption,1704460268040000000,10.771248383952235,paolo-laptop,crate-container-cd
power_consumption,1704460269042000000,7.507804824620243,paolo-laptop,crate-container-cd
power_consumption,1704460270046000000,5.041459582117961,paolo-laptop,crate-container-cd
power_consumption,1704460271047000000,6.871338470705541,paolo-laptop,crate-container-cd
power_consumption,1704460272052000000,6.0272153173448295,paolo-laptop,crate-container-cd
power_consumption,1704460273054000000,9.247426831843562,paolo-laptop,crate-container-cd
power_consumption,1704460274056000000,10.973760063085667,paolo-laptop,crate-container-cd
power_consumption,1704460275057000000,9.100103069965133,paolo-laptop,crate-container-cd
power_consumption,1704460276059000000,4.218192088135642,paolo-laptop,crate-container-cd
power_consumption,1704460277061000000,4.783669741105596,paolo-laptop,crate-container-cd
power_consumption,1704460278062000000,12.41613843773327,paolo-laptop,crate-container-cd
power_consumption,1704460279066000000,6.282014490725378,paolo-laptop,crate-container-cd
power_consumption,1704460280067000000,6.609140836912028,paolo-laptop,crate-container-cd
power_consumption,1704460281069000000,5.599087832671664,paolo-laptop,crate-container-cd
power_consumption,1704460282070000000,4.935285477113484,paolo-laptop,crate-container-cd
power_consumption,1704460283072000000,3.7020352442589686,paolo-laptop,crate-container-cd
