name,time,power,sensor,target
power_consumption,1704509133112000000,0.06826347590060984,paolo-laptop,mongo_source
power_consumption,1704509134114000000,0.06469648097518733,paolo-laptop,mongo_source
power_consumption,1704509135115000000,0.05558213532855066,paolo-laptop,mongo_source
power_consumption,1704509139121000000,0.05981599659430911,paolo-laptop,mongo_source
power_consumption,1704509140126000000,0.05703896559645334,paolo-laptop,mongo_source
power_consumption,1704509141127000000,0.06996780435298092,paolo-laptop,mongo_source
power_consumption,1704509142129000000,0.03930626012808701,paolo-laptop,mongo_source
power_consumption,1704509143132000000,0.04097512050594168,paolo-laptop,mongo_source
power_consumption,1704509144134000000,0.04129703197000162,paolo-laptop,mongo_source
power_consumption,1704509145136000000,0.04125908529208915,paolo-laptop,mongo_source
power_consumption,1704509146137000000,0.03790473674374295,paolo-laptop,mongo_source
power_consumption,1704509147139000000,0.036982221631548365,paolo-laptop,mongo_source
power_consumption,1704509148141000000,0.04050421186394602,paolo-laptop,mongo_source
power_consumption,1704509149142000000,0.03851393948952439,paolo-laptop,mongo_source
power_consumption,1704509150143000000,0.03908003595247957,paolo-laptop,mongo_source
power_consumption,1704509152146000000,0.038730747846961434,paolo-laptop,mongo_source
power_consumption,1704509153148000000,0.055017747893240015,paolo-laptop,mongo_source
power_consumption,1704509154150000000,0.06681407812439594,paolo-laptop,mongo_source
power_consumption,1704509157154000000,0.03917415836880942,paolo-laptop,mongo_source
power_consumption,1704509158156000000,0.04045281426458644,paolo-laptop,mongo_source
power_consumption,1704509159158000000,0.03817374778708374,paolo-laptop,mongo_source
power_consumption,1704509160160000000,0.027325863078502266,paolo-laptop,mongo_source
power_consumption,1704509161161000000,0.061254476379070194,paolo-laptop,mongo_source
power_consumption,1704509166169000000,0.02879720951749542,paolo-laptop,mongo_source
power_consumption,1704509167174000000,0.025829032769709628,paolo-laptop,mongo_source
power_consumption,1704509168175000000,0.02675017990796394,paolo-laptop,mongo_source
power_consumption,1704509171185000000,0.10126217897878118,paolo-laptop,mongo_source
power_consumption,1704509172187000000,0.05010417799274243,paolo-laptop,mongo_source
power_consumption,1704509173189000000,0.0615001473174692,paolo-laptop,mongo_source
power_consumption,1704509174194000000,0.027373719234353958,paolo-laptop,mongo_source
power_consumption,1704509175197000000,0.028084788961354853,paolo-laptop,mongo_source
power_consumption,1704509176199000000,0.02504118324528283,paolo-laptop,mongo_source
power_consumption,1704509177201000000,0.027706493229878087,paolo-laptop,mongo_source
power_consumption,1704509178204000000,0.027919532121491696,paolo-laptop,mongo_source
power_consumption,1704509179205000000,0.026549502078532218,paolo-laptop,mongo_source
power_consumption,1704509180207000000,0.026982041610824563,paolo-laptop,mongo_source
power_consumption,1704509181208000000,0.06783261817389062,paolo-laptop,mongo_source
power_consumption,1704509182210000000,0.029050748649191833,paolo-laptop,mongo_source
power_consumption,1704509183215000000,0.09538296053837564,paolo-laptop,mongo_source
power_consumption,1704509184217000000,0.028553723675064743,paolo-laptop,mongo_source
power_consumption,1704509185218000000,0.02784512507791327,paolo-laptop,mongo_source
power_consumption,1704509186220000000,0.03512670846273633,paolo-laptop,mongo_source
power_consumption,1704509187222000000,0.2113819252923489,paolo-laptop,mongo_source
power_consumption,1704509188224000000,0.09598142879939622,paolo-laptop,mongo_source
power_consumption,1704509189230000000,0.028530232352054125,paolo-laptop,mongo_source
power_consumption,1704509190232000000,0.1270748884578697,paolo-laptop,mongo_source
power_consumption,1704509191234000000,0.07598916204759738,paolo-laptop,mongo_source
power_consumption,1704509192236000000,0.033756660830049495,paolo-laptop,mongo_source
power_consumption,1704509193239000000,0.10477433378406532,paolo-laptop,mongo_source
power_consumption,1704509194241000000,0.03589088404344937,paolo-laptop,mongo_source
power_consumption,1704509195243000000,0.031350162288186635,paolo-laptop,mongo_source
power_consumption,1704509196245000000,0.030481727209912282,paolo-laptop,mongo_source
power_consumption,1704509197247000000,0.03879232439305989,paolo-laptop,mongo_source
power_consumption,1704509198250000000,0.10980031427205339,paolo-laptop,mongo_source
power_consumption,1704509199252000000,0.19521788657165473,paolo-laptop,mongo_source
power_consumption,1704509200254000000,0.10013958810791286,paolo-laptop,mongo_source
power_consumption,1704509201256000000,0.10720170051808221,paolo-laptop,mongo_source
power_consumption,1704509202257000000,0.07008820692267441,paolo-laptop,mongo_source
power_consumption,1704509203260000000,0.06622551497776347,paolo-laptop,mongo_source
power_consumption,1704509204272000000,0.029962794443170723,paolo-laptop,mongo_source
power_consumption,1704509205275000000,0.06637379429855367,paolo-laptop,mongo_source
power_consumption,1704509206278000000,0.06610099483825313,paolo-laptop,mongo_source
power_consumption,1704509207280000000,0.0716290163172033,paolo-laptop,mongo_source
power_consumption,1704509208283000000,0.06597668556842418,paolo-laptop,mongo_source
power_consumption,1704509209285000000,0.06588600712804804,paolo-laptop,mongo_source
power_consumption,1704509210287000000,0.0652523456424775,paolo-laptop,mongo_source
power_consumption,1704509211289000000,0.07470931849434226,paolo-laptop,mongo_source
power_consumption,1704509212291000000,0.06927303407181863,paolo-laptop,mongo_source
power_consumption,1704509213292000000,0.0700770751004878,paolo-laptop,mongo_source
power_consumption,1704509214295000000,0.10540151725246,paolo-laptop,mongo_source
power_consumption,1704509215297000000,0.10679452644089311,paolo-laptop,mongo_source
power_consumption,1704509216299000000,0.07334345487139143,paolo-laptop,mongo_source
power_consumption,1704509217301000000,0.0658173597536501,paolo-laptop,mongo_source
power_consumption,1704509218304000000,0.06520862533945772,paolo-laptop,mongo_source
power_consumption,1704509219306000000,0.06338628382595145,paolo-laptop,mongo_source
power_consumption,1704509220314000000,0.07068815233184599,paolo-laptop,mongo_source
power_consumption,1704509221321000000,0.10827983666413465,paolo-laptop,mongo_source
power_consumption,1704509222327000000,0.062472111914046724,paolo-laptop,mongo_source
power_consumption,1704509223329000000,0.06317659490535911,paolo-laptop,mongo_source
power_consumption,1704509224331000000,0.027950395324981905,paolo-laptop,mongo_source
power_consumption,1704509225333000000,0.059532920875533225,paolo-laptop,mongo_source
power_consumption,1704509226336000000,0.06193049815158015,paolo-laptop,mongo_source
power_consumption,1704509227338000000,0.06018169409873238,paolo-laptop,mongo_source
power_consumption,1704509228340000000,0.06274110915200207,paolo-laptop,mongo_source
power_consumption,1704509229343000000,0.060777791727125705,paolo-laptop,mongo_source
power_consumption,1704509230344000000,0.029478639847257414,paolo-laptop,mongo_source
power_consumption,1704509231347000000,0.07907042272138987,paolo-laptop,mongo_source
power_consumption,1704509232352000000,0.06102699012809557,paolo-laptop,mongo_source
power_consumption,1704509233355000000,0.028594458974029634,paolo-laptop,mongo_source
power_consumption,1704509234357000000,0.02829447420595031,paolo-laptop,mongo_source
power_consumption,1704509235359000000,0.061003251493703746,paolo-laptop,mongo_source
power_consumption,1704509236361000000,0.06305291496713447,paolo-laptop,mongo_source
power_consumption,1704509237363000000,0.06322492272212088,paolo-laptop,mongo_source
power_consumption,1704509238366000000,0.06512570065411422,paolo-laptop,mongo_source
power_consumption,1704509239368000000,0.06494168690309822,paolo-laptop,mongo_source
power_consumption,1704509240370000000,0.06505122385104237,paolo-laptop,mongo_source
power_consumption,1704509241373000000,0.10518492159268206,paolo-laptop,mongo_source
power_consumption,1704509242375000000,0.03194829881467561,paolo-laptop,mongo_source
power_consumption,1704509243378000000,0.06329630387908461,paolo-laptop,mongo_source
power_consumption,1704509244380000000,0.0668069359853132,paolo-laptop,mongo_source
power_consumption,1704509245382000000,0.06459922778901935,paolo-laptop,mongo_source
power_consumption,1704509246385000000,0.06485787337662557,paolo-laptop,mongo_source
power_consumption,1704509247387000000,0.06468491665355934,paolo-laptop,mongo_source
power_consumption,1704509248389000000,0.06260919364781696,paolo-laptop,mongo_source
power_consumption,1704509249391000000,0.06470967152817346,paolo-laptop,mongo_source
power_consumption,1704509250393000000,0.06494947766760122,paolo-laptop,mongo_source
power_consumption,1704509251396000000,0.13496008241761537,paolo-laptop,mongo_source
power_consumption,1704509252398000000,0.08363487102246718,paolo-laptop,mongo_source
power_consumption,1704509253400000000,0.06282432070818421,paolo-laptop,mongo_source
power_consumption,1704509254402000000,0.06365951600165572,paolo-laptop,mongo_source
power_consumption,1704509255405000000,0.06511861527715454,paolo-laptop,mongo_source
power_consumption,1704509256407000000,0.049877617940740054,paolo-laptop,mongo_source
power_consumption,1704509257410000000,0.05220313597311489,paolo-laptop,mongo_source
power_consumption,1704509258412000000,0.049442004894749675,paolo-laptop,mongo_source
power_consumption,1704509259414000000,0.04753909500282953,paolo-laptop,mongo_source
power_consumption,1704509260416000000,0.058678397740543654,paolo-laptop,mongo_source
power_consumption,1704509261418000000,0.11740250544817595,paolo-laptop,mongo_source
power_consumption,1704509262419000000,0.06124125597427631,paolo-laptop,mongo_source
power_consumption,1704509263421000000,0.05608999573148173,paolo-laptop,mongo_source
power_consumption,1704509264422000000,0.05371537747331602,paolo-laptop,mongo_source
power_consumption,1704509265425000000,0.058303117483334076,paolo-laptop,mongo_source
power_consumption,1704509266427000000,0.028362693528181673,paolo-laptop,mongo_source
power_consumption,1704509267429000000,0.036116399325414855,paolo-laptop,mongo_source
power_consumption,1704509268430000000,0.056189384054803455,paolo-laptop,mongo_source
power_consumption,1704509269433000000,0.045699997056272965,paolo-laptop,mongo_source
power_consumption,1704509270435000000,0.048743309925967496,paolo-laptop,mongo_source
power_consumption,1704509271437000000,0.08825828582779846,paolo-laptop,mongo_source
power_consumption,1704509272439000000,0.04412843207997471,paolo-laptop,mongo_source
power_consumption,1704509273441000000,0.061918354968772155,paolo-laptop,mongo_source
power_consumption,1704509274443000000,0.04356994215440051,paolo-laptop,mongo_source
power_consumption,1704509275445000000,0.06118672937650759,paolo-laptop,mongo_source
power_consumption,1704509276447000000,0.047449881454015075,paolo-laptop,mongo_source
power_consumption,1704509277449000000,0.04674968728549965,paolo-laptop,mongo_source
power_consumption,1704509278452000000,0.06606684838548649,paolo-laptop,mongo_source
power_consumption,1704509279454000000,0.06354577350072856,paolo-laptop,mongo_source
power_consumption,1704509280456000000,0.06674460277594427,paolo-laptop,mongo_source
power_consumption,1704509281459000000,0.11440791623361429,paolo-laptop,mongo_source
power_consumption,1704509282461000000,0.06453570295129502,paolo-laptop,mongo_source
power_consumption,1704509283463000000,0.06441847620021553,paolo-laptop,mongo_source
power_consumption,1704509284465000000,0.06107954355309296,paolo-laptop,mongo_source
power_consumption,1704509286470000000,0.06583126442407089,paolo-laptop,mongo_source
power_consumption,1704509287475000000,0.05859243780922542,paolo-laptop,mongo_source
power_consumption,1704509288477000000,0.06733793057385885,paolo-laptop,mongo_source
power_consumption,1704509289479000000,0.06368957617052576,paolo-laptop,mongo_source
power_consumption,1704509290481000000,0.06547539983841967,paolo-laptop,mongo_source
power_consumption,1704509291484000000,0.11230019670745063,paolo-laptop,mongo_source
power_consumption,1704509292486000000,0.0722776026190935,paolo-laptop,mongo_source
power_consumption,1704509293488000000,0.03977936872784195,paolo-laptop,mongo_source
power_consumption,1704509294490000000,0.04038545363845744,paolo-laptop,mongo_source
power_consumption,1704509295492000000,0.040523823660147035,paolo-laptop,mongo_source
power_consumption,1704509296494000000,0.04028906124112569,paolo-laptop,mongo_source
power_consumption,1704509297496000000,0.03804101131300165,paolo-laptop,mongo_source
power_consumption,1704509299501000000,0.03958490652396061,paolo-laptop,mongo_source
power_consumption,1704509300503000000,0.04124449776204925,paolo-laptop,mongo_source
power_consumption,1704509301505000000,0.10525794795364281,paolo-laptop,mongo_source
power_consumption,1704509306518000000,0.037214189286593424,paolo-laptop,mongo_source
power_consumption,1704509307522000000,0.045982792838303116,paolo-laptop,mongo_source
power_consumption,1704509315544000000,0.03926991983749191,paolo-laptop,mongo_source
power_consumption,1704509316546000000,0.04056496949335575,paolo-laptop,mongo_source
power_consumption,1704509317549000000,0.03765137579394958,paolo-laptop,mongo_source
power_consumption,1704509318552000000,0.040059294535763644,paolo-laptop,mongo_source
power_consumption,1704509319554000000,0.03944922824918244,paolo-laptop,mongo_source
power_consumption,1704509320556000000,0.04070238871161275,paolo-laptop,mongo_source
power_consumption,1704509321558000000,0.11780306249208256,paolo-laptop,mongo_source
power_consumption,1704509322561000000,0.04230587800049734,paolo-laptop,mongo_source
power_consumption,1704509323564000000,0.03564904699613705,paolo-laptop,mongo_source
power_consumption,1704509324567000000,0.03438826224035481,paolo-laptop,mongo_source
power_consumption,1704509325570000000,0.03955263950516933,paolo-laptop,mongo_source
power_consumption,1704509326573000000,0.03989551640587671,paolo-laptop,mongo_source
power_consumption,1704509327575000000,0.06363095259130389,paolo-laptop,mongo_source
power_consumption,1704509328578000000,0.04160102651412921,paolo-laptop,mongo_source
power_consumption,1704509329598000000,0.06326442574241273,paolo-laptop,mongo_source
power_consumption,1704509330601000000,0.09981701652564048,paolo-laptop,mongo_source
power_consumption,1704509331603000000,0.10837499757652642,paolo-laptop,mongo_source
power_consumption,1704509332606000000,0.03871086766077935,paolo-laptop,mongo_source
power_consumption,1704509333609000000,0.0387045378958833,paolo-laptop,mongo_source
power_consumption,1704509334611000000,0.037856122913751886,paolo-laptop,mongo_source
power_consumption,1704509335613000000,0.03766358785175787,paolo-laptop,mongo_source
power_consumption,1704509336615000000,0.03746982815426736,paolo-laptop,mongo_source
power_consumption,1704509337618000000,0.03942706377487848,paolo-laptop,mongo_source
power_consumption,1704509338620000000,0.038586882963489846,paolo-laptop,mongo_source
power_consumption,1704509340624000000,0.03586867863127832,paolo-laptop,mongo_source
power_consumption,1704509341626000000,0.10437773549189236,paolo-laptop,mongo_source
power_consumption,1704509342629000000,0.039634882244735416,paolo-laptop,mongo_source
power_consumption,1704509343646000000,0.04059688639559256,paolo-laptop,mongo_source
power_consumption,1704509344652000000,0.03779019468265374,paolo-laptop,mongo_source
power_consumption,1704509345658000000,0.03799305062976022,paolo-laptop,mongo_source
power_consumption,1704509346666000000,0.03675765635684192,paolo-laptop,mongo_source
power_consumption,1704509347669000000,0.03836187629944588,paolo-laptop,mongo_source
power_consumption,1704509348672000000,0.04031376303731137,paolo-laptop,mongo_source
power_consumption,1704509349674000000,0.03970195358492104,paolo-laptop,mongo_source
power_consumption,1704509350676000000,0.03880324752663808,paolo-laptop,mongo_source
power_consumption,1704509351679000000,0.10956692463381454,paolo-laptop,mongo_source
power_consumption,1704509352681000000,0.038067508916476034,paolo-laptop,mongo_source
power_consumption,1704509353683000000,0.0376490969186043,paolo-laptop,mongo_source
power_consumption,1704509356690000000,0.03803270997057078,paolo-laptop,mongo_source
power_consumption,1704509357693000000,0.03660271453468261,paolo-laptop,mongo_source
power_consumption,1704509358695000000,0.03720595968455048,paolo-laptop,mongo_source
power_consumption,1704509359698000000,0.03709742875011388,paolo-laptop,mongo_source
power_consumption,1704509360702000000,0.04928473001195144,paolo-laptop,mongo_source
power_consumption,1704509363713000000,0.03907160612624577,paolo-laptop,mongo_source
power_consumption,1704509364720000000,0.03467128949793688,paolo-laptop,mongo_source
power_consumption,1704509366728000000,0.04028022270341952,paolo-laptop,mongo_source
power_consumption,1704509368737000000,0.038070802376411354,paolo-laptop,mongo_source
power_consumption,1704509369745000000,0.03661053428838193,paolo-laptop,mongo_source
power_consumption,1704509374759000000,0.0405759699028156,paolo-laptop,mongo_source
power_consumption,1704509376763000000,0.04109720173340205,paolo-laptop,mongo_source
power_consumption,1704509377765000000,0.03885754014499902,paolo-laptop,mongo_source
power_consumption,1704509378767000000,0.039361392257582103,paolo-laptop,mongo_source
power_consumption,1704509379769000000,0.05028556205365513,paolo-laptop,mongo_source
power_consumption,1704509380771000000,0.04311159949999436,paolo-laptop,mongo_source
power_consumption,1704509381773000000,0.06552795797091943,paolo-laptop,mongo_source
power_consumption,1704509382779000000,0.03974760155345332,paolo-laptop,mongo_source
power_consumption,1704509383781000000,0.04031440066687518,paolo-laptop,mongo_source
power_consumption,1704509384782000000,0.07577916647751587,paolo-laptop,mongo_source
power_consumption,1704509385784000000,0.0387903837410527,paolo-laptop,mongo_source
power_consumption,1704509386787000000,0.03984628365890128,paolo-laptop,mongo_source
power_consumption,1704509387789000000,0.040483181169456116,paolo-laptop,mongo_source
power_consumption,1704509388791000000,0.039618649131622705,paolo-laptop,mongo_source
power_consumption,1704509389793000000,0.03927519274333735,paolo-laptop,mongo_source
power_consumption,1704509392806000000,0.04121116207141329,paolo-laptop,mongo_source
power_consumption,1704509396821000000,0.0369274992019535,paolo-laptop,mongo_source
power_consumption,1704509397826000000,0.047014014886580587,paolo-laptop,mongo_source
power_consumption,1704509400837000000,0.03717286110167697,paolo-laptop,mongo_source
power_consumption,1704509401839000000,0.07286619803794875,paolo-laptop,mongo_source
power_consumption,1704509402846000000,0.040451141935106,paolo-laptop,mongo_source
power_consumption,1704509403848000000,0.03641836884286279,paolo-laptop,mongo_source
power_consumption,1704509406855000000,0.037639765722706664,paolo-laptop,mongo_source
power_consumption,1704509407858000000,0.03548748109454283,paolo-laptop,mongo_source
power_consumption,1704509408860000000,0.054610653527477834,paolo-laptop,mongo_source
power_consumption,1704509409862000000,0.07766376811726688,paolo-laptop,mongo_source
power_consumption,1704509410864000000,0.03937524735470521,paolo-laptop,mongo_source
power_consumption,1704509411866000000,0.06310193146622539,paolo-laptop,mongo_source
power_consumption,1704509416876000000,0.03692662066860515,paolo-laptop,mongo_source
power_consumption,1704509417878000000,0.03615907943047018,paolo-laptop,mongo_source
power_consumption,1704509419882000000,0.03660563793430803,paolo-laptop,mongo_source
power_consumption,1704509420885000000,0.03679818843388521,paolo-laptop,mongo_source
power_consumption,1704509423895000000,0.02618142241141271,paolo-laptop,mongo_source
power_consumption,1704509426906000000,0.038093685172635235,paolo-laptop,mongo_source
power_consumption,1704509427908000000,0.038121333772528264,paolo-laptop,mongo_source
power_consumption,1704509428911000000,0.03654542142442742,paolo-laptop,mongo_source
power_consumption,1704509429917000000,0.03833168047385548,paolo-laptop,mongo_source
power_consumption,1704509430919000000,0.05044357254426422,paolo-laptop,mongo_source
power_consumption,1704509431922000000,0.09519529496935447,paolo-laptop,mongo_source
power_consumption,1704509432927000000,0.038677573429625266,paolo-laptop,mongo_source
power_consumption,1704509433929000000,0.03932127641927444,paolo-laptop,mongo_source
power_consumption,1704509434931000000,0.03817839508880713,paolo-laptop,mongo_source
power_consumption,1704509435934000000,0.03684410736870178,paolo-laptop,mongo_source
power_consumption,1704509436936000000,0.038385496657472165,paolo-laptop,mongo_source
power_consumption,1704509437938000000,0.03663258854557506,paolo-laptop,mongo_source
power_consumption,1704509438940000000,0.03715283479760735,paolo-laptop,mongo_source
power_consumption,1704509439943000000,0.037892403363868565,paolo-laptop,mongo_source
power_consumption,1704509440945000000,0.038945347965935614,paolo-laptop,mongo_source
power_consumption,1704509441947000000,0.07098618690459212,paolo-laptop,mongo_source
power_consumption,1704509442950000000,0.03747594604369846,paolo-laptop,mongo_source
power_consumption,1704509443952000000,0.03945930659821138,paolo-laptop,mongo_source
power_consumption,1704509444954000000,0.03722254418661681,paolo-laptop,mongo_source
power_consumption,1704509445957000000,0.037484115494625464,paolo-laptop,mongo_source
power_consumption,1704509446959000000,0.03926310708387474,paolo-laptop,mongo_source
power_consumption,1704509447962000000,0.03868966106083533,paolo-laptop,mongo_source
power_consumption,1704509448965000000,0.03687316840384002,paolo-laptop,mongo_source
power_consumption,1704509449967000000,0.037198951036005484,paolo-laptop,mongo_source
power_consumption,1704509450970000000,0.035714608069525484,paolo-laptop,mongo_source
power_consumption,1704509451972000000,0.07453518051170302,paolo-laptop,mongo_source
power_consumption,1704509452975000000,0.03969552689219841,paolo-laptop,mongo_source
power_consumption,1704509454982000000,0.024538450064069045,paolo-laptop,mongo_source
power_consumption,1704509459992000000,0.023852167106682986,paolo-laptop,mongo_source
power_consumption,1704509460994000000,0.036212946331775644,paolo-laptop,mongo_source
power_consumption,1704509461996000000,0.07267986052319861,paolo-laptop,mongo_source
power_consumption,1704509462998000000,0.037709714501945255,paolo-laptop,mongo_source
power_consumption,1704509464000000000,0.04258000134755703,paolo-laptop,mongo_source
power_consumption,1704509465002000000,0.04111218193791515,paolo-laptop,mongo_source
power_consumption,1704509466004000000,0.03839582123561859,paolo-laptop,mongo_source
power_consumption,1704509467006000000,0.0369076897745597,paolo-laptop,mongo_source
power_consumption,1704509468008000000,0.03440586446120387,paolo-laptop,mongo_source
power_consumption,1704509469011000000,0.08681965466669878,paolo-laptop,mongo_source
power_consumption,1704509470013000000,0.036913883238884754,paolo-laptop,mongo_source
power_consumption,1704509471015000000,0.07617301367375678,paolo-laptop,mongo_source
power_consumption,1704509472021000000,0.038097334993557816,paolo-laptop,mongo_source
power_consumption,1704509473024000000,0.03905546549230486,paolo-laptop,mongo_source
power_consumption,1704509474026000000,0.037685752972634684,paolo-laptop,mongo_source
power_consumption,1704509475029000000,0.0380235591022139,paolo-laptop,mongo_source
power_consumption,1704509476031000000,0.040056029813178115,paolo-laptop,mongo_source
power_consumption,1704509477036000000,0.033780356563896906,paolo-laptop,mongo_source
power_consumption,1704509478038000000,0.038069886473217,paolo-laptop,mongo_source
power_consumption,1704509479040000000,0.03667073284830502,paolo-laptop,mongo_source
power_consumption,1704509480043000000,0.03740502276937254,paolo-laptop,mongo_source
power_consumption,1704509481046000000,0.09427111361014742,paolo-laptop,mongo_source
power_consumption,1704509491072000000,0.08025458838766705,paolo-laptop,mongo_source
power_consumption,1704509492075000000,0.0318599114140744,paolo-laptop,mongo_source
power_consumption,1704509496084000000,0.13663142919293395,paolo-laptop,mongo_source
power_consumption,1704509497086000000,0.03773244864104964,paolo-laptop,mongo_source
power_consumption,1704509510141000000,0.07449784902561668,paolo-laptop,mongo_source
power_consumption,1704509512146000000,0.07311644932686229,paolo-laptop,mongo_source
power_consumption,1704509516156000000,0.024510382954070715,paolo-laptop,mongo_source
power_consumption,1704509520172000000,0.08266218915741891,paolo-laptop,mongo_source
power_consumption,1704509524185000000,0.024775214224702295,paolo-laptop,mongo_source
power_consumption,1704509525187000000,0.0703798475936443,paolo-laptop,mongo_source
power_consumption,1704509526189000000,0.0386432809752541,paolo-laptop,mongo_source
power_consumption,1704509527191000000,0.03839114909919634,paolo-laptop,mongo_source
power_consumption,1704509528193000000,0.08718040598303999,paolo-laptop,mongo_source
power_consumption,1704509529195000000,0.038265112194177386,paolo-laptop,mongo_source
power_consumption,1704509530197000000,0.0393273767917533,paolo-laptop,mongo_source
power_consumption,1704509531199000000,0.09851923155045997,paolo-laptop,mongo_source
power_consumption,1704509532201000000,0.04009329470436631,paolo-laptop,mongo_source
power_consumption,1704509533203000000,0.04131254507287054,paolo-laptop,mongo_source
power_consumption,1704509534205000000,0.03986026138265536,paolo-laptop,mongo_source
power_consumption,1704509535207000000,0.04037543386764654,paolo-laptop,mongo_source
power_consumption,1704509536208000000,0.062265372416210656,paolo-laptop,mongo_source
power_consumption,1704509537214000000,0.03913269728859542,paolo-laptop,mongo_source
power_consumption,1704509538216000000,0.04471371676590388,paolo-laptop,mongo_source
power_consumption,1704509539218000000,0.037671386254446645,paolo-laptop,mongo_source
power_consumption,1704509540223000000,0.025735280965173333,paolo-laptop,mongo_source
power_consumption,1704509542229000000,0.03962118291957585,paolo-laptop,mongo_source
power_consumption,1704509545238000000,0.036232361135977005,paolo-laptop,mongo_source
power_consumption,1704509546241000000,0.03724653139113433,paolo-laptop,mongo_source
power_consumption,1704509547244000000,0.03763807410842918,paolo-laptop,mongo_source
power_consumption,1704509548247000000,0.03645059764278361,paolo-laptop,mongo_source
power_consumption,1704509549250000000,0.035201479587674264,paolo-laptop,mongo_source
power_consumption,1704509552259000000,0.03026788304996498,paolo-laptop,mongo_source
power_consumption,1704509556267000000,0.032558100009175535,paolo-laptop,mongo_source
power_consumption,1704509557269000000,0.06759814306570172,paolo-laptop,mongo_source
power_consumption,1704509558271000000,0.03725963021744094,paolo-laptop,mongo_source
power_consumption,1704509559276000000,0.0337401609448701,paolo-laptop,mongo_source
power_consumption,1704509561280000000,0.09432047135022402,paolo-laptop,mongo_source
power_consumption,1704509562283000000,0.036708523015012574,paolo-laptop,mongo_source
power_consumption,1704509565296000000,0.0757385992302047,paolo-laptop,mongo_source
power_consumption,1704509567303000000,0.034967092145033775,paolo-laptop,mongo_source
power_consumption,1704509568307000000,0.04390541892183938,paolo-laptop,mongo_source
power_consumption,1704509571314000000,0.09028034913756233,paolo-laptop,mongo_source
power_consumption,1704509572316000000,0.04035374344598413,paolo-laptop,mongo_source
power_consumption,1704509573318000000,0.036685480784224095,paolo-laptop,mongo_source
power_consumption,1704509574320000000,0.035629625243050606,paolo-laptop,mongo_source
power_consumption,1704509575322000000,0.03713448331882389,paolo-laptop,mongo_source
power_consumption,1704509576324000000,0.036493664799218145,paolo-laptop,mongo_source
power_consumption,1704509577331000000,0.039521597795148994,paolo-laptop,mongo_source
power_consumption,1704509579340000000,0.08083440646473695,paolo-laptop,mongo_source
power_consumption,1704509580347000000,0.08756066650597964,paolo-laptop,mongo_source
power_consumption,1704509582352000000,0.03625651727233286,paolo-laptop,mongo_source
power_consumption,1704509583356000000,0.03897965006573363,paolo-laptop,mongo_source
power_consumption,1704509584358000000,0.03511652855355121,paolo-laptop,mongo_source
power_consumption,1704509585360000000,0.03853216626738179,paolo-laptop,mongo_source
power_consumption,1704509586362000000,0.037223554669821114,paolo-laptop,mongo_source
power_consumption,1704509587364000000,0.03522556556398272,paolo-laptop,mongo_source
power_consumption,1704509588366000000,0.04792854181092463,paolo-laptop,mongo_source
power_consumption,1704509590372000000,0.06997727858772114,paolo-laptop,mongo_source
power_consumption,1704509591374000000,0.10346906556336655,paolo-laptop,mongo_source
power_consumption,1704509594380000000,0.03737229229887391,paolo-laptop,mongo_source
power_consumption,1704509595385000000,0.035891999488392876,paolo-laptop,mongo_source
power_consumption,1704509597392000000,0.10929651307564671,paolo-laptop,mongo_source
power_consumption,1704509598394000000,0.07554976783405279,paolo-laptop,mongo_source
power_consumption,1704509599396000000,0.03511953003042795,paolo-laptop,mongo_source
power_consumption,1704509600398000000,0.03845520495877104,paolo-laptop,mongo_source
power_consumption,1704509602401000000,0.03999575029116709,paolo-laptop,mongo_source
power_consumption,1704509604408000000,0.07346153576737177,paolo-laptop,mongo_source
power_consumption,1704509605410000000,0.05956633064995581,paolo-laptop,mongo_source
power_consumption,1704509606412000000,0.05611252854214395,paolo-laptop,mongo_source
power_consumption,1704509607414000000,0.07923844596684869,paolo-laptop,mongo_source
power_consumption,1704509608418000000,0.08957472816981446,paolo-laptop,mongo_source
power_consumption,1704509610424000000,0.034012559176730156,paolo-laptop,mongo_source
power_consumption,1704509611428000000,0.13013828556400972,paolo-laptop,mongo_source
power_consumption,1704509613432000000,0.03638333326008378,paolo-laptop,mongo_source
power_consumption,1704509614438000000,0.026255202676664976,paolo-laptop,mongo_source
power_consumption,1704509615440000000,0.0473019868008353,paolo-laptop,mongo_source
power_consumption,1704509617447000000,0.04816173920333402,paolo-laptop,mongo_source
power_consumption,1704509618451000000,0.05400206947330555,paolo-laptop,mongo_source
power_consumption,1704509619453000000,0.04911824732763578,paolo-laptop,mongo_source
power_consumption,1704509620454000000,0.03633354548688317,paolo-laptop,mongo_source
power_consumption,1704509621457000000,0.10344574718533622,paolo-laptop,mongo_source
power_consumption,1704509622459000000,0.04143940834142067,paolo-laptop,mongo_source
power_consumption,1704509623461000000,0.04109516399686476,paolo-laptop,mongo_source
power_consumption,1704509626468000000,0.08011529343290336,paolo-laptop,mongo_source
power_consumption,1704509627470000000,0.08751364760334952,paolo-laptop,mongo_source
power_consumption,1704509628472000000,0.03860794830465956,paolo-laptop,mongo_source
power_consumption,1704509629474000000,0.03487159887405483,paolo-laptop,mongo_source
power_consumption,1704509630476000000,0.0378028990553682,paolo-laptop,mongo_source
power_consumption,1704509631478000000,0.1126301459335379,paolo-laptop,mongo_source
power_consumption,1704509632479000000,0.04075335327606551,paolo-laptop,mongo_source
power_consumption,1704509633481000000,0.03865549695391158,paolo-laptop,mongo_source
power_consumption,1704509634483000000,0.03978688759800014,paolo-laptop,mongo_source
power_consumption,1704509635486000000,0.03588545298803736,paolo-laptop,mongo_source
power_consumption,1704509636488000000,0.0389650686111732,paolo-laptop,mongo_source
power_consumption,1704509637490000000,0.0729858709347789,paolo-laptop,mongo_source
power_consumption,1704509638492000000,0.03895370022454746,paolo-laptop,mongo_source
power_consumption,1704509639494000000,0.06646753619972606,paolo-laptop,mongo_source
power_consumption,1704509640497000000,0.039504067020781165,paolo-laptop,mongo_source
power_consumption,1704509641500000000,0.10756792649589036,paolo-laptop,mongo_source
power_consumption,1704509642503000000,0.0375210669345016,paolo-laptop,mongo_source
power_consumption,1704509643506000000,0.035730631746927845,paolo-laptop,mongo_source
power_consumption,1704509644510000000,0.02450768938406696,paolo-laptop,mongo_source
power_consumption,1704509645512000000,0.08634057937517307,paolo-laptop,mongo_source
power_consumption,1704509646514000000,0.040755842704093506,paolo-laptop,mongo_source
power_consumption,1704509647516000000,0.037213142791757275,paolo-laptop,mongo_source
power_consumption,1704509648521000000,0.049837827599086754,paolo-laptop,mongo_source
power_consumption,1704509649527000000,0.025869068267207657,paolo-laptop,mongo_source
power_consumption,1704509650530000000,0.07597725531656092,paolo-laptop,mongo_source
power_consumption,1704509651531000000,0.18378874715345286,paolo-laptop,mongo_source
power_consumption,1704509652533000000,0.05960073844967248,paolo-laptop,mongo_source
power_consumption,1704509653535000000,0.07627106285255822,paolo-laptop,mongo_source
power_consumption,1704509654537000000,0.03750381795764404,paolo-laptop,mongo_source
power_consumption,1704509655542000000,0.03760249396000179,paolo-laptop,mongo_source
power_consumption,1704509657549000000,0.03671248093266054,paolo-laptop,mongo_source
power_consumption,1704509658550000000,0.13033148628883806,paolo-laptop,mongo_source
power_consumption,1704509659553000000,0.07739998714574563,paolo-laptop,mongo_source
power_consumption,1704509660555000000,0.03751167164853206,paolo-laptop,mongo_source
power_consumption,1704509661556000000,0.11679382986822395,paolo-laptop,mongo_source
power_consumption,1704509662558000000,0.038077740333800694,paolo-laptop,mongo_source
power_consumption,1704509663559000000,0.03922747436193991,paolo-laptop,mongo_source
power_consumption,1704509664561000000,0.05483209780089334,paolo-laptop,mongo_source
power_consumption,1704509665563000000,0.058767802224541886,paolo-laptop,mongo_source
power_consumption,1704509666565000000,0.03773481295885758,paolo-laptop,mongo_source
power_consumption,1704509667566000000,0.03814183012560739,paolo-laptop,mongo_source
power_consumption,1704509668570000000,0.0435623707746092,paolo-laptop,mongo_source
power_consumption,1704509670576000000,0.13617333642821366,paolo-laptop,mongo_source
power_consumption,1704509672581000000,0.07183779442563676,paolo-laptop,mongo_source
power_consumption,1704509673582000000,0.04981582171409418,paolo-laptop,mongo_source
power_consumption,1704509674584000000,0.04444314314977682,paolo-laptop,mongo_source
power_consumption,1704509675586000000,0.06200192261042182,paolo-laptop,mongo_source
power_consumption,1704509676588000000,0.035509271158258415,paolo-laptop,mongo_source
power_consumption,1704509677592000000,0.03660446859056724,paolo-laptop,mongo_source
power_consumption,1704509679600000000,0.04206136527597955,paolo-laptop,mongo_source
power_consumption,1704509680603000000,0.07388760140609804,paolo-laptop,mongo_source
power_consumption,1704509681605000000,0.1000140029672375,paolo-laptop,mongo_source
power_consumption,1704509682607000000,0.03792019131116789,paolo-laptop,mongo_source
power_consumption,1704509683608000000,0.03955034372676211,paolo-laptop,mongo_source
power_consumption,1704509684610000000,0.037183949112731624,paolo-laptop,mongo_source
power_consumption,1704509685613000000,0.03658890245169804,paolo-laptop,mongo_source
power_consumption,1704509686615000000,0.03748645050046835,paolo-laptop,mongo_source
power_consumption,1704509687617000000,0.03663401327368237,paolo-laptop,mongo_source
power_consumption,1704509688628000000,0.03578023481206723,paolo-laptop,mongo_source
power_consumption,1704509689633000000,0.04449662017271385,paolo-laptop,mongo_source
power_consumption,1704509690637000000,0.027236771876284416,paolo-laptop,mongo_source
power_consumption,1704509691641000000,0.056956654911836935,paolo-laptop,mongo_source
power_consumption,1704509692647000000,0.05259278474624504,paolo-laptop,mongo_source
power_consumption,1704509693651000000,0.08762638926850178,paolo-laptop,mongo_source
power_consumption,1704509694653000000,0.06477880877058786,paolo-laptop,mongo_source
power_consumption,1704509695656000000,0.0394290889926614,paolo-laptop,mongo_source
power_consumption,1704509696657000000,0.050568282610915276,paolo-laptop,mongo_source
power_consumption,1704509697659000000,0.03724200648170371,paolo-laptop,mongo_source
power_consumption,1704509698660000000,0.07296012820368787,paolo-laptop,mongo_source
power_consumption,1704509699662000000,0.04005696404640239,paolo-laptop,mongo_source
power_consumption,1704509700663000000,0.03858646854796603,paolo-laptop,mongo_source
power_consumption,1704509701665000000,0.10842003174483725,paolo-laptop,mongo_source
power_consumption,1704509702668000000,0.09950046949663446,paolo-laptop,mongo_source
power_consumption,1704509703670000000,0.04044610037472594,paolo-laptop,mongo_source
power_consumption,1704509704672000000,0.18335450782692153,paolo-laptop,mongo_source
power_consumption,1704509705675000000,0.041995808287500366,paolo-laptop,mongo_source
power_consumption,1704509707679000000,0.04526153336451274,paolo-laptop,mongo_source
power_consumption,1704509708681000000,0.04634194526429314,paolo-laptop,mongo_source
power_consumption,1704509710691000000,0.023104870812177155,paolo-laptop,mongo_source
power_consumption,1704509711693000000,0.062142970119185376,paolo-laptop,mongo_source
power_consumption,1704509712695000000,0.05256021624388508,paolo-laptop,mongo_source
power_consumption,1704509713697000000,0.05501034450263767,paolo-laptop,mongo_source
power_consumption,1704509714699000000,0.17415625101141283,paolo-laptop,mongo_source
power_consumption,1704509715700000000,0.04271541440214379,paolo-laptop,mongo_source
power_consumption,1704509716704000000,0.07136819379240783,paolo-laptop,mongo_source
power_consumption,1704509717706000000,0.08460043921245046,paolo-laptop,mongo_source
power_consumption,1704509718710000000,0.04563416805559902,paolo-laptop,mongo_source
power_consumption,1704509720716000000,0.042301450643893235,paolo-laptop,mongo_source
power_consumption,1704509721718000000,0.09704429957797556,paolo-laptop,mongo_source
power_consumption,1704509722721000000,0.038413940255413066,paolo-laptop,mongo_source
power_consumption,1704509723723000000,0.05275391751601757,paolo-laptop,mongo_source
power_consumption,1704509724725000000,0.03865530939186572,paolo-laptop,mongo_source
power_consumption,1704509725737000000,0.04159428004378448,paolo-laptop,mongo_source
power_consumption,1704509726742000000,0.04959656615063579,paolo-laptop,mongo_source
power_consumption,1704509727744000000,0.09203273043102353,paolo-laptop,mongo_source
power_consumption,1704509728746000000,0.05111135873838335,paolo-laptop,mongo_source
power_consumption,1704509729747000000,0.03983559327099927,paolo-laptop,mongo_source
power_consumption,1704509730749000000,0.04829432768935696,paolo-laptop,mongo_source
power_consumption,1704509731751000000,0.07877034520268072,paolo-laptop,mongo_source
power_consumption,1704509732754000000,0.04035252757212267,paolo-laptop,mongo_source
power_consumption,1704509733756000000,0.038435337993312044,paolo-laptop,mongo_source
power_consumption,1704509734758000000,0.03931952172063434,paolo-laptop,mongo_source
power_consumption,1704509735760000000,0.03929664365780955,paolo-laptop,mongo_source
power_consumption,1704509736762000000,0.09158284003206549,paolo-laptop,mongo_source
power_consumption,1704509737763000000,0.03584613519158773,paolo-laptop,mongo_source
power_consumption,1704509738767000000,0.044756729708653915,paolo-laptop,mongo_source
power_consumption,1704509739769000000,0.07727788793900983,paolo-laptop,mongo_source
power_consumption,1704509740771000000,0.07653234482800399,paolo-laptop,mongo_source
power_consumption,1704509741772000000,0.07321496750704562,paolo-laptop,mongo_source
power_consumption,1704509742776000000,0.04224325173949027,paolo-laptop,mongo_source
power_consumption,1704509745787000000,0.07542472879726524,paolo-laptop,mongo_source
power_consumption,1704509746789000000,0.17261387275684856,paolo-laptop,mongo_source
power_consumption,1704509747791000000,0.039643039344078604,paolo-laptop,mongo_source
power_consumption,1704509748793000000,0.03828752826018866,paolo-laptop,mongo_source
power_consumption,1704509749795000000,0.03654080084089495,paolo-laptop,mongo_source
power_consumption,1704509750798000000,0.03704755338066893,paolo-laptop,mongo_source
power_consumption,1704509751800000000,0.07659670481189433,paolo-laptop,mongo_source
power_consumption,1704509752802000000,0.04263604233864457,paolo-laptop,mongo_source
power_consumption,1704509753805000000,0.040143823830992055,paolo-laptop,mongo_source
power_consumption,1704509754806000000,0.04189653447416783,paolo-laptop,mongo_source
power_consumption,1704509755810000000,0.08332904506078884,paolo-laptop,mongo_source
power_consumption,1704509756814000000,0.07051681079166022,paolo-laptop,mongo_source
power_consumption,1704509757816000000,0.02377447074483494,paolo-laptop,mongo_source
power_consumption,1704509758818000000,0.037338141253780405,paolo-laptop,mongo_source
power_consumption,1704509759820000000,0.03653815107122908,paolo-laptop,mongo_source
power_consumption,1704509760822000000,0.03903629023524741,paolo-laptop,mongo_source
power_consumption,1704509761826000000,0.09390421745443399,paolo-laptop,mongo_source
power_consumption,1704509762830000000,0.18576636729091936,paolo-laptop,mongo_source
power_consumption,1704509763831000000,0.061180580866415084,paolo-laptop,mongo_source
power_consumption,1704509764833000000,0.059855982152444615,paolo-laptop,mongo_source
power_consumption,1704509765835000000,0.0538578482964174,paolo-laptop,mongo_source
power_consumption,1704509766836000000,0.05703234052327256,paolo-laptop,mongo_source
power_consumption,1704509767838000000,0.05072973139333732,paolo-laptop,mongo_source
power_consumption,1704509768840000000,0.06572311481360392,paolo-laptop,mongo_source
power_consumption,1704509769842000000,0.033646285349328744,paolo-laptop,mongo_source
power_consumption,1704509770846000000,0.043842163960322394,paolo-laptop,mongo_source
power_consumption,1704509772849000000,0.07528006691649453,paolo-laptop,mongo_source
power_consumption,1704509773850000000,0.07465487059778106,paolo-laptop,mongo_source
power_consumption,1704509774852000000,0.0778342956348289,paolo-laptop,mongo_source
power_consumption,1704509775854000000,0.03825398621534422,paolo-laptop,mongo_source
power_consumption,1704509776860000000,0.038368092499336565,paolo-laptop,mongo_source
power_consumption,1704509777865000000,0.03420389028928809,paolo-laptop,mongo_source
power_consumption,1704509778867000000,0.08733045826186045,paolo-laptop,mongo_source
power_consumption,1704509779868000000,0.18499047584043415,paolo-laptop,mongo_source
power_consumption,1704509781874000000,0.12053838197238792,paolo-laptop,mongo_source
power_consumption,1704509782877000000,0.046834054882670756,paolo-laptop,mongo_source
power_consumption,1704509784884000000,0.07588600962162484,paolo-laptop,mongo_source
power_consumption,1704509786891000000,0.06810248361297135,paolo-laptop,mongo_source
power_consumption,1704509787896000000,0.16497621523361677,paolo-laptop,mongo_source
power_consumption,1704509788899000000,0.04763459810363796,paolo-laptop,mongo_source
power_consumption,1704509789902000000,0.04197653267497714,paolo-laptop,mongo_source
power_consumption,1704509790906000000,0.052074095784861975,paolo-laptop,mongo_source
power_consumption,1704509791909000000,0.2695881067426857,paolo-laptop,mongo_source
power_consumption,1704509792913000000,0.081039717014382,paolo-laptop,mongo_source
power_consumption,1704509793916000000,0.18709050153947815,paolo-laptop,mongo_source
power_consumption,1704509795921000000,0.09483437898556746,paolo-laptop,mongo_source
power_consumption,1704509796926000000,0.0743043948476648,paolo-laptop,mongo_source
power_consumption,1704509797930000000,0.0896181274889174,paolo-laptop,mongo_source
power_consumption,1704509798932000000,0.07436365134472016,paolo-laptop,mongo_source
power_consumption,1704509799934000000,0.08869209883482101,paolo-laptop,mongo_source
power_consumption,1704509800936000000,0.04056967741016555,paolo-laptop,mongo_source
power_consumption,1704509801939000000,0.1089877223893296,paolo-laptop,mongo_source
power_consumption,1704509802943000000,0.0659935401220864,paolo-laptop,mongo_source
power_consumption,1704509803945000000,0.07273956771940687,paolo-laptop,mongo_source
power_consumption,1704509804947000000,0.03726046065862407,paolo-laptop,mongo_source
power_consumption,1704509805949000000,0.03792201698096595,paolo-laptop,mongo_source
power_consumption,1704509806966000000,0.04084789025003941,paolo-laptop,mongo_source
power_consumption,1704509807970000000,0.07199154008426814,paolo-laptop,mongo_source
power_consumption,1704509808973000000,0.16943379000856515,paolo-laptop,mongo_source
power_consumption,1704509810979000000,0.05897592520205466,paolo-laptop,mongo_source
power_consumption,1704509811980000000,0.13770424349733207,paolo-laptop,mongo_source
power_consumption,1704509812984000000,0.02339916496031213,paolo-laptop,mongo_source
power_consumption,1704509813989000000,0.06200880333960325,paolo-laptop,mongo_source
power_consumption,1704509814991000000,0.05274503541902366,paolo-laptop,mongo_source
power_consumption,1704509815993000000,0.03552901307445807,paolo-laptop,mongo_source
power_consumption,1704509816996000000,0.03410518750682136,paolo-laptop,mongo_source
power_consumption,1704509820008000000,0.08444301984823102,paolo-laptop,mongo_source
power_consumption,1704509821012000000,0.09864706724608026,paolo-laptop,mongo_source
power_consumption,1704509823022000000,0.09139093961446511,paolo-laptop,mongo_source
power_consumption,1704509825030000000,0.07564619678587428,paolo-laptop,mongo_source
power_consumption,1704509826033000000,0.07250732806402219,paolo-laptop,mongo_source
power_consumption,1704509827035000000,0.08452490592944531,paolo-laptop,mongo_source
power_consumption,1704509828038000000,0.12655786760905957,paolo-laptop,mongo_source
power_consumption,1704509829040000000,0.0717142472137663,paolo-laptop,mongo_source
power_consumption,1704509830041000000,0.05016949036646928,paolo-laptop,mongo_source
power_consumption,1704509831043000000,0.1277822906908167,paolo-laptop,mongo_source
power_consumption,1704509833045000000,0.02322877707142162,paolo-laptop,mongo_source
power_consumption,1704509834047000000,0.05405448670084053,paolo-laptop,mongo_source
power_consumption,1704509835049000000,0.091083880361826,paolo-laptop,mongo_source
power_consumption,1704509836051000000,0.04633032475526198,paolo-laptop,mongo_source
power_consumption,1704509837054000000,0.08527525738807125,paolo-laptop,mongo_source
power_consumption,1704509838056000000,0.07442924716473832,paolo-laptop,mongo_source
power_consumption,1704509839060000000,0.07826590973468739,paolo-laptop,mongo_source
power_consumption,1704509840062000000,0.08550608882812437,paolo-laptop,mongo_source
power_consumption,1704509841065000000,0.13586634814004128,paolo-laptop,mongo_source
power_consumption,1704509842067000000,0.08593638203634137,paolo-laptop,mongo_source
power_consumption,1704509843073000000,0.08204017810937354,paolo-laptop,mongo_source
power_consumption,1704509844076000000,0.04243448818487613,paolo-laptop,mongo_source
power_consumption,1704509845079000000,0.0802000356037143,paolo-laptop,mongo_source
power_consumption,1704509846083000000,0.0856486712721684,paolo-laptop,mongo_source
power_consumption,1704509847085000000,0.03988528781388489,paolo-laptop,mongo_source
power_consumption,1704509848088000000,0.03701219221859297,paolo-laptop,mongo_source
power_consumption,1704509849091000000,0.03566933338004195,paolo-laptop,mongo_source
power_consumption,1704509850096000000,0.08950996373335247,paolo-laptop,mongo_source
power_consumption,1704509851100000000,0.1554418100052021,paolo-laptop,mongo_source
power_consumption,1704509852102000000,0.048626348121897825,paolo-laptop,mongo_source
power_consumption,1704509853106000000,0.03615704616523002,paolo-laptop,mongo_source
power_consumption,1704509854110000000,0.08002916302789834,paolo-laptop,mongo_source
power_consumption,1704509856116000000,0.040081328749872594,paolo-laptop,mongo_source
power_consumption,1704509857118000000,0.03602751389667644,paolo-laptop,mongo_source
power_consumption,1704509858120000000,0.03901902387124069,paolo-laptop,mongo_source
power_consumption,1704509859122000000,0.0370661531463161,paolo-laptop,mongo_source
power_consumption,1704509860124000000,0.03889892716269988,paolo-laptop,mongo_source
power_consumption,1704509861126000000,0.10330952025728365,paolo-laptop,mongo_source
power_consumption,1704509862128000000,0.07882445790564849,paolo-laptop,mongo_source
power_consumption,1704509863129000000,0.040625335359895806,paolo-laptop,mongo_source
power_consumption,1704509864131000000,0.056255200638064135,paolo-laptop,mongo_source
power_consumption,1704509865133000000,0.039989610935539696,paolo-laptop,mongo_source
power_consumption,1704509866135000000,0.039467783207125476,paolo-laptop,mongo_source
power_consumption,1704509867136000000,0.0413200652793098,paolo-laptop,mongo_source
power_consumption,1704509868138000000,0.03469343216734651,paolo-laptop,mongo_source
power_consumption,1704509869139000000,0.0391912062990369,paolo-laptop,mongo_source
power_consumption,1704509870141000000,0.04096539822495809,paolo-laptop,mongo_source
power_consumption,1704509871144000000,0.09594378834881181,paolo-laptop,mongo_source
power_consumption,1704509873150000000,0.05347180709388849,paolo-laptop,mongo_source
power_consumption,1704509874153000000,0.09059053700929873,paolo-laptop,mongo_source
power_consumption,1704509875157000000,0.08064949438276713,paolo-laptop,mongo_source
power_consumption,1704509876159000000,0.06770035309216146,paolo-laptop,mongo_source
power_consumption,1704509877160000000,0.04482782988510593,paolo-laptop,mongo_source
power_consumption,1704509878161000000,0.07497224019502048,paolo-laptop,mongo_source
power_consumption,1704509879165000000,0.07366462147394753,paolo-laptop,mongo_source
power_consumption,1704509881171000000,0.1387993986989348,paolo-laptop,mongo_source
power_consumption,1704509882173000000,0.07068809367450077,paolo-laptop,mongo_source
power_consumption,1704509883175000000,0.05663535786247889,paolo-laptop,mongo_source
power_consumption,1704509884179000000,0.09414656954914982,paolo-laptop,mongo_source
power_consumption,1704509885183000000,0.23721411839263792,paolo-laptop,mongo_source
power_consumption,1704509886185000000,0.039320362553831346,paolo-laptop,mongo_source
power_consumption,1704509887187000000,0.05091119716329491,paolo-laptop,mongo_source
power_consumption,1704509888190000000,0.04034014890340462,paolo-laptop,mongo_source
power_consumption,1704509890196000000,0.25261345007103797,paolo-laptop,mongo_source
power_consumption,1704509891198000000,0.11114609375121662,paolo-laptop,mongo_source
power_consumption,1704509892199000000,0.03404675159365931,paolo-laptop,mongo_source
power_consumption,1704509893201000000,0.12611292764658438,paolo-laptop,mongo_source
power_consumption,1704509894203000000,0.040965754103321664,paolo-laptop,mongo_source
power_consumption,1704509896208000000,0.05540460800370017,paolo-laptop,mongo_source
power_consumption,1704509897211000000,0.04776328206506476,paolo-laptop,mongo_source
power_consumption,1704509898212000000,0.04337778411748773,paolo-laptop,mongo_source
power_consumption,1704509899214000000,0.04725558196769216,paolo-laptop,mongo_source
power_consumption,1704509900215000000,0.07419722122628558,paolo-laptop,mongo_source
power_consumption,1704509901220000000,0.12550087884643332,paolo-laptop,mongo_source
power_consumption,1704509904230000000,0.040308500943742304,paolo-laptop,mongo_source
power_consumption,1704509906233000000,0.05687229857283607,paolo-laptop,mongo_source
power_consumption,1704509907235000000,0.038169109456813746,paolo-laptop,mongo_source
power_consumption,1704509908237000000,0.0373838210941169,paolo-laptop,mongo_source
power_consumption,1704509909240000000,0.037995480005898974,paolo-laptop,mongo_source
power_consumption,1704509910242000000,0.04972542021380472,paolo-laptop,mongo_source
power_consumption,1704509911244000000,0.1096528583748232,paolo-laptop,mongo_source
power_consumption,1704509912247000000,0.04725340165720403,paolo-laptop,mongo_source
power_consumption,1704509913249000000,0.04000555698207545,paolo-laptop,mongo_source
power_consumption,1704509914250000000,0.038835489569761086,paolo-laptop,mongo_source
power_consumption,1704509915252000000,0.03806195552084203,paolo-laptop,mongo_source
power_consumption,1704509916255000000,0.04135873863938985,paolo-laptop,mongo_source
power_consumption,1704509917261000000,0.03462854821437367,paolo-laptop,mongo_source
power_consumption,1704509918263000000,0.03771597035301859,paolo-laptop,mongo_source
power_consumption,1704509919267000000,0.042459887648426536,paolo-laptop,mongo_source
power_consumption,1704509921276000000,0.1513653112653002,paolo-laptop,mongo_source
power_consumption,1704509922278000000,0.03528063811131398,paolo-laptop,mongo_source
power_consumption,1704509923280000000,0.05521335235402361,paolo-laptop,mongo_source
power_consumption,1704509924282000000,0.05591878651034364,paolo-laptop,mongo_source
power_consumption,1704509925284000000,0.03764285024021294,paolo-laptop,mongo_source
power_consumption,1704509926286000000,0.08091158481042862,paolo-laptop,mongo_source
power_consumption,1704509927290000000,0.03606351440874106,paolo-laptop,mongo_source
power_consumption,1704509928293000000,0.05644135155810769,paolo-laptop,mongo_source
power_consumption,1704509929296000000,0.03353928645360228,paolo-laptop,mongo_source
power_consumption,1704509930300000000,0.24560326049099063,paolo-laptop,mongo_source
power_consumption,1704509931302000000,0.15013262270712913,paolo-laptop,mongo_source
power_consumption,1704509932305000000,0.0498265327898252,paolo-laptop,mongo_source
power_consumption,1704509933308000000,0.18544333164711907,paolo-laptop,mongo_source
power_consumption,1704509934310000000,0.2342029596861644,paolo-laptop,mongo_source
power_consumption,1704509935314000000,0.03486485795486752,paolo-laptop,mongo_source
power_consumption,1704509936316000000,0.07192038719376234,paolo-laptop,mongo_source
power_consumption,1704509937320000000,0.02271711943135749,paolo-laptop,mongo_source
power_consumption,1704509938322000000,0.06970263751674247,paolo-laptop,mongo_source
power_consumption,1704509939324000000,0.03855894682037951,paolo-laptop,mongo_source
power_consumption,1704509940328000000,0.05727824492676177,paolo-laptop,mongo_source
power_consumption,1704509941332000000,0.14390324946965086,paolo-laptop,mongo_source
power_consumption,1704509942338000000,0.13787885500163966,paolo-laptop,mongo_source
power_consumption,1704509943340000000,0.023915759801105465,paolo-laptop,mongo_source
power_consumption,1704509944343000000,0.047673029321550486,paolo-laptop,mongo_source
power_consumption,1704509945347000000,0.07337554199797217,paolo-laptop,mongo_source
power_consumption,1704509947353000000,0.07634869954824353,paolo-laptop,mongo_source
power_consumption,1704509948357000000,0.05226992822767386,paolo-laptop,mongo_source
power_consumption,1704509949360000000,0.31554404282785836,paolo-laptop,mongo_source
power_consumption,1704509950362000000,0.05884148520640467,paolo-laptop,mongo_source
power_consumption,1704509951366000000,0.15839360064140934,paolo-laptop,mongo_source
power_consumption,1704509952371000000,0.07657126907800504,paolo-laptop,mongo_source
power_consumption,1704509953372000000,0.023001982487488967,paolo-laptop,mongo_source
power_consumption,1704509959393000000,0.02251070948275982,paolo-laptop,mongo_source
power_consumption,1704509960399000000,0.2717185595016815,paolo-laptop,mongo_source
power_consumption,1704509961405000000,0.38816640673457564,paolo-laptop,mongo_source
power_consumption,1704509962410000000,0.16556402649584345,paolo-laptop,mongo_source
power_consumption,1704509964417000000,0.07291340773931773,paolo-laptop,mongo_source
power_consumption,1704509966423000000,0.06717183088026127,paolo-laptop,mongo_source
power_consumption,1704509967427000000,0.03776715330980315,paolo-laptop,mongo_source
power_consumption,1704509968429000000,0.18060163845639027,paolo-laptop,mongo_source
power_consumption,1704509970431000000,0.42985759251262895,paolo-laptop,mongo_source
power_consumption,1704509972434000000,0.08334078673357394,paolo-laptop,mongo_source
power_consumption,1704509973436000000,0.05556755040364052,paolo-laptop,mongo_source
power_consumption,1704509974440000000,0.12639754554007823,paolo-laptop,mongo_source
power_consumption,1704509975442000000,0.02321317511180584,paolo-laptop,mongo_source
power_consumption,1704509976444000000,0.036408814638162104,paolo-laptop,mongo_source
power_consumption,1704509977447000000,0.037497920231754245,paolo-laptop,mongo_source
power_consumption,1704509978450000000,0.02241891149403492,paolo-laptop,mongo_source
power_consumption,1704509979452000000,0.08466848278398706,paolo-laptop,mongo_source
power_consumption,1704509980454000000,0.036976764622616176,paolo-laptop,mongo_source
power_consumption,1704509981455000000,0.20275550836824133,paolo-laptop,mongo_source
power_consumption,1704509982457000000,0.06376074405855171,paolo-laptop,mongo_source
power_consumption,1704509983462000000,0.06190611957753611,paolo-laptop,mongo_source
power_consumption,1704509984464000000,0.036493992028259564,paolo-laptop,mongo_source
power_consumption,1704509985468000000,0.08985535348432858,paolo-laptop,mongo_source
power_consumption,1704509986470000000,0.03656944972477879,paolo-laptop,mongo_source
power_consumption,1704509987472000000,0.04109995488256972,paolo-laptop,mongo_source
power_consumption,1704509988473000000,0.03912698212700971,paolo-laptop,mongo_source
power_consumption,1704509989475000000,0.042028795750049135,paolo-laptop,mongo_source
power_consumption,1704509990482000000,0.04122498829847436,paolo-laptop,mongo_source
power_consumption,1704509991488000000,0.08710470683506102,paolo-laptop,mongo_source
power_consumption,1704509992490000000,0.058674802207982935,paolo-laptop,mongo_source
power_consumption,1704509993492000000,0.07756641054226021,paolo-laptop,mongo_source
power_consumption,1704509994494000000,0.04143457567170238,paolo-laptop,mongo_source
power_consumption,1704509995496000000,0.03989708078050365,paolo-laptop,mongo_source
power_consumption,1704509996499000000,0.037641667652343155,paolo-laptop,mongo_source
power_consumption,1704509997503000000,0.18100015351103188,paolo-laptop,mongo_source
power_consumption,1704509998506000000,0.05304336154825986,paolo-laptop,mongo_source
power_consumption,1704509999508000000,0.0392516108763218,paolo-laptop,mongo_source
power_consumption,1704510000512000000,0.03703098375805111,paolo-laptop,mongo_source
power_consumption,1704510001516000000,0.19015300216576775,paolo-laptop,mongo_source
power_consumption,1704510002518000000,0.05508464746509237,paolo-laptop,mongo_source
power_consumption,1704510003520000000,0.04038606463501051,paolo-laptop,mongo_source
power_consumption,1704510004522000000,0.03870537657654195,paolo-laptop,mongo_source
power_consumption,1704510005524000000,0.03953902153883247,paolo-laptop,mongo_source
power_consumption,1704510006526000000,0.0492852165349074,paolo-laptop,mongo_source
power_consumption,1704510007528000000,0.03935907361232938,paolo-laptop,mongo_source
power_consumption,1704510008531000000,0.03626902591571355,paolo-laptop,mongo_source
power_consumption,1704510009532000000,0.03982077273434582,paolo-laptop,mongo_source
power_consumption,1704510010534000000,0.03977810161946968,paolo-laptop,mongo_source
power_consumption,1704510011536000000,0.06814037212201686,paolo-laptop,mongo_source
power_consumption,1704510012538000000,0.0402873312268958,paolo-laptop,mongo_source
power_consumption,1704510013540000000,0.038627999166512175,paolo-laptop,mongo_source
power_consumption,1704510014542000000,0.0415237825699826,paolo-laptop,mongo_source
power_consumption,1704510015547000000,0.03672260576632912,paolo-laptop,mongo_source
power_consumption,1704510016548000000,0.037275441160505775,paolo-laptop,mongo_source
power_consumption,1704510017550000000,0.04112225273978122,paolo-laptop,mongo_source
power_consumption,1704510018554000000,0.040169831789541394,paolo-laptop,mongo_source
power_consumption,1704510019556000000,0.1672267349538633,paolo-laptop,mongo_source
power_consumption,1704510020557000000,0.037452053216109636,paolo-laptop,mongo_source
power_consumption,1704510021559000000,0.06648400729545438,paolo-laptop,mongo_source
power_consumption,1704510022561000000,0.039117016055776166,paolo-laptop,mongo_source
power_consumption,1704510023564000000,0.04000408381163671,paolo-laptop,mongo_source
power_consumption,1704510024566000000,0.035001437535424826,paolo-laptop,mongo_source
power_consumption,1704510025569000000,0.04554175319992314,paolo-laptop,mongo_source
power_consumption,1704510026571000000,0.0623019486799577,paolo-laptop,mongo_source
power_consumption,1704510027575000000,0.1613479797135483,paolo-laptop,mongo_source
power_consumption,1704510028580000000,0.07010243080794795,paolo-laptop,mongo_source
power_consumption,1704510029582000000,0.07042974331522517,paolo-laptop,mongo_source
power_consumption,1704510030586000000,0.04100615066602903,paolo-laptop,mongo_source
power_consumption,1704510031590000000,0.1302669482888135,paolo-laptop,mongo_source
power_consumption,1704510032592000000,0.20279554737979277,paolo-laptop,mongo_source
power_consumption,1704510033596000000,0.08490645933722771,paolo-laptop,mongo_source
power_consumption,1704510034600000000,0.0803001663907375,paolo-laptop,mongo_source
power_consumption,1704510035604000000,0.06753189315586358,paolo-laptop,mongo_source
power_consumption,1704510036606000000,0.07741974406535473,paolo-laptop,mongo_source
power_consumption,1704510037611000000,0.17690745163929855,paolo-laptop,mongo_source
power_consumption,1704510038613000000,0.09175644526825283,paolo-laptop,mongo_source
power_consumption,1704510039615000000,0.029077607378345124,paolo-laptop,mongo_source
power_consumption,1704510040617000000,0.036297115145106265,paolo-laptop,mongo_source
power_consumption,1704510041619000000,0.11428338018778138,paolo-laptop,mongo_source
power_consumption,1704510042621000000,0.07372617657930612,paolo-laptop,mongo_source
power_consumption,1704510043622000000,0.04800681647664975,paolo-laptop,mongo_source
power_consumption,1704510044624000000,0.027041674448196412,paolo-laptop,mongo_source
power_consumption,1704510045626000000,0.059245463788876906,paolo-laptop,mongo_source
power_consumption,1704510046627000000,0.049375828198567825,paolo-laptop,mongo_source
power_consumption,1704510047629000000,0.06435787328676314,paolo-laptop,mongo_source
power_consumption,1704510048630000000,0.0692561513872789,paolo-laptop,mongo_source
power_consumption,1704510049631000000,0.027557886661638206,paolo-laptop,mongo_source
power_consumption,1704510050633000000,0.07739098931880062,paolo-laptop,mongo_source
power_consumption,1704510051639000000,0.0690149352450155,paolo-laptop,mongo_source
power_consumption,1704510052646000000,0.23104578711218693,paolo-laptop,mongo_source
power_consumption,1704510053648000000,0.03974479079370685,paolo-laptop,mongo_source
power_consumption,1704510054650000000,0.02442045874932603,paolo-laptop,mongo_source
power_consumption,1704510055651000000,0.035630756119107376,paolo-laptop,mongo_source
power_consumption,1704510056655000000,0.05105810582143087,paolo-laptop,mongo_source
power_consumption,1704510057657000000,0.0246486693903175,paolo-laptop,mongo_source
power_consumption,1704510058661000000,0.08119360834134298,paolo-laptop,mongo_source
power_consumption,1704510059667000000,0.07608357333211513,paolo-laptop,mongo_source
power_consumption,1704510060672000000,0.022617582526148382,paolo-laptop,mongo_source
power_consumption,1704510061674000000,0.07459787961606197,paolo-laptop,mongo_source
power_consumption,1704510062680000000,0.06652012431929097,paolo-laptop,mongo_source
power_consumption,1704510063684000000,0.0880647494773949,paolo-laptop,mongo_source
power_consumption,1704510064687000000,0.056922269611609046,paolo-laptop,mongo_source
power_consumption,1704510065691000000,0.04892831212326536,paolo-laptop,mongo_source
power_consumption,1704510067699000000,0.1812105964329251,paolo-laptop,mongo_source
power_consumption,1704510068702000000,0.0274495302272784,paolo-laptop,mongo_source
power_consumption,1704510069704000000,0.07237837961351849,paolo-laptop,mongo_source
power_consumption,1704510071709000000,0.11558365832068243,paolo-laptop,mongo_source
power_consumption,1704510073715000000,0.028917967187845527,paolo-laptop,mongo_source
power_consumption,1704510074719000000,0.2466943795979898,paolo-laptop,mongo_source
power_consumption,1704510075721000000,0.05939420483850229,paolo-laptop,mongo_source
power_consumption,1704510076725000000,0.036209786664714846,paolo-laptop,mongo_source
power_consumption,1704510077728000000,0.08036197707519706,paolo-laptop,mongo_source
power_consumption,1704510078730000000,0.0726240885545591,paolo-laptop,mongo_source
power_consumption,1704510080734000000,0.03788489767540948,paolo-laptop,mongo_source
power_consumption,1704510081738000000,0.09590628288757932,paolo-laptop,mongo_source
power_consumption,1704510082742000000,0.24180994108210685,paolo-laptop,mongo_source
power_consumption,1704510083745000000,0.07716796299900637,paolo-laptop,mongo_source
power_consumption,1704510084747000000,0.17603207463688297,paolo-laptop,mongo_source
power_consumption,1704510085750000000,0.02699810714464772,paolo-laptop,mongo_source
power_consumption,1704510086753000000,0.05720456969221533,paolo-laptop,mongo_source
power_consumption,1704510087758000000,0.06635430664730063,paolo-laptop,mongo_source
power_consumption,1704510088766000000,0.05398974232260871,paolo-laptop,mongo_source
power_consumption,1704510089768000000,0.08603230828704814,paolo-laptop,mongo_source
power_consumption,1704510090773000000,0.3384114094439018,paolo-laptop,mongo_source
power_consumption,1704510091777000000,0.13902002893700155,paolo-laptop,mongo_source
power_consumption,1704510092780000000,0.03278138574786396,paolo-laptop,mongo_source
power_consumption,1704510093782000000,0.05657943770344542,paolo-laptop,mongo_source
power_consumption,1704510094786000000,0.034008662822287414,paolo-laptop,mongo_source
power_consumption,1704510095791000000,0.06398188149461499,paolo-laptop,mongo_source
power_consumption,1704510096795000000,0.07287378901882935,paolo-laptop,mongo_source
power_consumption,1704510097797000000,0.05572794398924005,paolo-laptop,mongo_source
power_consumption,1704510098798000000,0.06299343031716095,paolo-laptop,mongo_source
power_consumption,1704510099802000000,0.06751512111845474,paolo-laptop,mongo_source
power_consumption,1704510100804000000,0.023174678118741868,paolo-laptop,mongo_source
power_consumption,1704510101806000000,0.10686370031073146,paolo-laptop,mongo_source
power_consumption,1704510102808000000,0.06164784627244149,paolo-laptop,mongo_source
power_consumption,1704510103810000000,0.10242262021773085,paolo-laptop,mongo_source
power_consumption,1704510104811000000,0.062139873063302035,paolo-laptop,mongo_source
power_consumption,1704510105813000000,0.09884029735958798,paolo-laptop,mongo_source
power_consumption,1704510106815000000,0.04540495992413694,paolo-laptop,mongo_source
power_consumption,1704510107816000000,0.05312775649627666,paolo-laptop,mongo_source
power_consumption,1704510108818000000,0.1698203885325376,paolo-laptop,mongo_source
power_consumption,1704510109819000000,0.03956348549551605,paolo-laptop,mongo_source
power_consumption,1704510110821000000,0.05768769746754046,paolo-laptop,mongo_source
power_consumption,1704510112824000000,0.07809851817478987,paolo-laptop,mongo_source
power_consumption,1704510113826000000,0.055265079242663065,paolo-laptop,mongo_source
power_consumption,1704510115831000000,0.0744438453865903,paolo-laptop,mongo_source
power_consumption,1704510116833000000,0.03435469268944003,paolo-laptop,mongo_source
power_consumption,1704510117837000000,0.043024471574084906,paolo-laptop,mongo_source
power_consumption,1704510118838000000,0.022009002240060645,paolo-laptop,mongo_source
power_consumption,1704510119842000000,0.07363523978751037,paolo-laptop,mongo_source
power_consumption,1704510120847000000,0.07086927688612123,paolo-laptop,mongo_source
power_consumption,1704510121851000000,0.1083183985507329,paolo-laptop,mongo_source
power_consumption,1704510122855000000,0.053767530813129974,paolo-laptop,mongo_source
power_consumption,1704510123860000000,0.05072469081212354,paolo-laptop,mongo_source
power_consumption,1704510124866000000,0.04697504955764806,paolo-laptop,mongo_source
power_consumption,1704510125872000000,0.11800352498208853,paolo-laptop,mongo_source
power_consumption,1704510126875000000,0.05777666824895913,paolo-laptop,mongo_source
power_consumption,1704510127877000000,0.038244323846051975,paolo-laptop,mongo_source
power_consumption,1704510128883000000,0.06011804523707396,paolo-laptop,mongo_source
power_consumption,1704510129888000000,0.26894825438649,paolo-laptop,mongo_source
power_consumption,1704510130892000000,0.17507858975158258,paolo-laptop,mongo_source
power_consumption,1704510131897000000,0.22305157992824237,paolo-laptop,mongo_source
power_consumption,1704510132900000000,0.1827462798120166,paolo-laptop,mongo_source
power_consumption,1704510133905000000,0.07730467548864858,paolo-laptop,mongo_source
power_consumption,1704510134910000000,0.19577465882097395,paolo-laptop,mongo_source
power_consumption,1704510135914000000,0.16879833658449891,paolo-laptop,mongo_source
power_consumption,1704510136917000000,0.25096453290384535,paolo-laptop,mongo_source
power_consumption,1704510137921000000,0.17023310801170397,paolo-laptop,mongo_source
power_consumption,1704510138925000000,0.058986558804588106,paolo-laptop,mongo_source
power_consumption,1704510140929000000,0.06353006514218953,paolo-laptop,mongo_source
power_consumption,1704510141931000000,0.10696752296266754,paolo-laptop,mongo_source
power_consumption,1704510142933000000,0.03854832660060296,paolo-laptop,mongo_source
power_consumption,1704510143935000000,0.0687512800864491,paolo-laptop,mongo_source
power_consumption,1704510144938000000,0.07683650480243587,paolo-laptop,mongo_source
power_consumption,1704510145940000000,0.05162709505863383,paolo-laptop,mongo_source
power_consumption,1704510146944000000,0.07366365019930401,paolo-laptop,mongo_source
power_consumption,1704510148952000000,0.07296282043612443,paolo-laptop,mongo_source
power_consumption,1704510149954000000,0.07217057979116401,paolo-laptop,mongo_source
power_consumption,1704510150956000000,0.06787016549575323,paolo-laptop,mongo_source
power_consumption,1704510151958000000,0.1501183479767207,paolo-laptop,mongo_source
power_consumption,1704510152960000000,0.0945019893212149,paolo-laptop,mongo_source
power_consumption,1704510153962000000,0.04352318663366292,paolo-laptop,mongo_source
power_consumption,1704510154963000000,0.04133707955078488,paolo-laptop,mongo_source
power_consumption,1704510155966000000,0.051303299749804424,paolo-laptop,mongo_source
power_consumption,1704510156971000000,0.03422622199140739,paolo-laptop,mongo_source
power_consumption,1704510157972000000,0.04949189985671591,paolo-laptop,mongo_source
power_consumption,1704510158974000000,0.07885809089770307,paolo-laptop,mongo_source
power_consumption,1704510159978000000,0.02869664527255205,paolo-laptop,mongo_source
power_consumption,1704510160985000000,0.09144815086821052,paolo-laptop,mongo_source
power_consumption,1704510161988000000,0.10107328152431849,paolo-laptop,mongo_source
power_consumption,1704510162990000000,0.0518402509327783,paolo-laptop,mongo_source
power_consumption,1704510163992000000,0.053297080398212446,paolo-laptop,mongo_source
power_consumption,1704510164994000000,0.06468937859227239,paolo-laptop,mongo_source
power_consumption,1704510165995000000,0.05043134993631544,paolo-laptop,mongo_source
power_consumption,1704510167999000000,0.05320343754808563,paolo-laptop,mongo_source
power_consumption,1704510169001000000,0.056824134140457824,paolo-laptop,mongo_source
power_consumption,1704510170006000000,0.06576647411287062,paolo-laptop,mongo_source
power_consumption,1704510171008000000,0.09209173466411151,paolo-laptop,mongo_source
power_consumption,1704510172011000000,0.1156785364718693,paolo-laptop,mongo_source
power_consumption,1704510173013000000,0.08235058179036187,paolo-laptop,mongo_source
power_consumption,1704510174016000000,0.09030317560614962,paolo-laptop,mongo_source
power_consumption,1704510175018000000,0.06501839507224765,paolo-laptop,mongo_source
power_consumption,1704510176025000000,0.0752463777008523,paolo-laptop,mongo_source
power_consumption,1704510177028000000,0.08749852256765638,paolo-laptop,mongo_source
power_consumption,1704510178030000000,0.10392491757047266,paolo-laptop,mongo_source
power_consumption,1704510179034000000,0.08860533590533004,paolo-laptop,mongo_source
power_consumption,1704510180042000000,0.18437303558311413,paolo-laptop,mongo_source
power_consumption,1704510181045000000,0.2509047423448352,paolo-laptop,mongo_source
power_consumption,1704510182047000000,0.6353522278742938,paolo-laptop,mongo_source
power_consumption,1704510183049000000,0.20093364343929693,paolo-laptop,mongo_source
power_consumption,1704510184051000000,0.03686743400092697,paolo-laptop,mongo_source
power_consumption,1704510185053000000,0.03679993578203922,paolo-laptop,mongo_source
power_consumption,1704510186058000000,0.06960489726049642,paolo-laptop,mongo_source
power_consumption,1704510187060000000,0.2818122412768785,paolo-laptop,mongo_source
power_consumption,1704510188061000000,1.5131210068935967,paolo-laptop,mongo_source
power_consumption,1704510189063000000,0.03545035611678488,paolo-laptop,mongo_source
power_consumption,1704510190065000000,0.035183397097345095,paolo-laptop,mongo_source
power_consumption,1704510191068000000,0.14242523232977614,paolo-laptop,mongo_source
power_consumption,1704510192070000000,0.246140999509307,paolo-laptop,mongo_source
power_consumption,1704510193077000000,0.04781812808535078,paolo-laptop,mongo_source
power_consumption,1704510194081000000,0.14561853797327592,paolo-laptop,mongo_source
power_consumption,1704510195084000000,0.07584299576416198,paolo-laptop,mongo_source
power_consumption,1704510196087000000,0.27083542882794975,paolo-laptop,mongo_source
power_consumption,1704510197091000000,0.07817343769288485,paolo-laptop,mongo_source
power_consumption,1704510198095000000,0.17161332314951958,paolo-laptop,mongo_source
power_consumption,1704510199099000000,0.06980339428851257,paolo-laptop,mongo_source
power_consumption,1704510200103000000,0.18025301322481357,paolo-laptop,mongo_source
power_consumption,1704510201107000000,0.21576511215729866,paolo-laptop,mongo_source
power_consumption,1704510202111000000,0.0741562384508242,paolo-laptop,mongo_source
power_consumption,1704510203113000000,0.31895174034086055,paolo-laptop,mongo_source
power_consumption,1704510204116000000,0.4422688592544775,paolo-laptop,mongo_source
power_consumption,1704510205121000000,0.0426728106556334,paolo-laptop,mongo_source
power_consumption,1704510206123000000,0.18293501564048092,paolo-laptop,mongo_source
power_consumption,1704510207125000000,0.24178342715999127,paolo-laptop,mongo_source
power_consumption,1704510208131000000,0.08084760346499048,paolo-laptop,mongo_source
power_consumption,1704510209135000000,0.25006994209429306,paolo-laptop,mongo_source
power_consumption,1704510210139000000,0.0785409281879858,paolo-laptop,mongo_source
power_consumption,1704510211142000000,0.39154706761071134,paolo-laptop,mongo_source
power_consumption,1704510212146000000,0.2623697638304568,paolo-laptop,mongo_source
power_consumption,1704510213150000000,0.2881028486873971,paolo-laptop,mongo_source
power_consumption,1704510214155000000,0.21378568666060682,paolo-laptop,mongo_source
power_consumption,1704510215159000000,0.18571168704243501,paolo-laptop,mongo_source
power_consumption,1704510216163000000,0.25763280980947423,paolo-laptop,mongo_source
power_consumption,1704510217165000000,0.07712632953447057,paolo-laptop,mongo_source
power_consumption,1704510218168000000,0.08743993783784776,paolo-laptop,mongo_source
power_consumption,1704510219170000000,0.07048469366938412,paolo-laptop,mongo_source
power_consumption,1704510220172000000,0.07472695259677574,paolo-laptop,mongo_source
power_consumption,1704510221174000000,0.10569526361625015,paolo-laptop,mongo_source
power_consumption,1704510222176000000,0.0668520877322955,paolo-laptop,mongo_source
power_consumption,1704510223178000000,0.06654959262406218,paolo-laptop,mongo_source
power_consumption,1704510224180000000,0.06667535728511323,paolo-laptop,mongo_source
power_consumption,1704510225183000000,0.07612944689540105,paolo-laptop,mongo_source
power_consumption,1704510226186000000,0.0688853194467274,paolo-laptop,mongo_source
power_consumption,1704510227188000000,0.0375498876493561,paolo-laptop,mongo_source
power_consumption,1704510228190000000,0.08019509690838977,paolo-laptop,mongo_source
power_consumption,1704510229193000000,0.1670238100628244,paolo-laptop,mongo_source
power_consumption,1704510230195000000,0.038225477873455094,paolo-laptop,mongo_source
power_consumption,1704510231196000000,0.12381872046001988,paolo-laptop,mongo_source
power_consumption,1704510232199000000,0.07609296466548754,paolo-laptop,mongo_source
power_consumption,1704510233201000000,0.03260230697113006,paolo-laptop,mongo_source
power_consumption,1704510234203000000,0.07169621042418028,paolo-laptop,mongo_source
power_consumption,1704510235204000000,0.03317907589096724,paolo-laptop,mongo_source
power_consumption,1704510236206000000,0.07385644110747587,paolo-laptop,mongo_source
power_consumption,1704510237207000000,0.03195919081613864,paolo-laptop,mongo_source
power_consumption,1704510238209000000,0.031221296779984767,paolo-laptop,mongo_source
power_consumption,1704510239211000000,0.0406985903079897,paolo-laptop,mongo_source
power_consumption,1704510240213000000,0.0320479021977788,paolo-laptop,mongo_source
power_consumption,1704510241215000000,0.13926299959672067,paolo-laptop,mongo_source
power_consumption,1704510242218000000,0.2682661461717711,paolo-laptop,mongo_source
power_consumption,1704510243220000000,0.04066555269074828,paolo-laptop,mongo_source
power_consumption,1704510244221000000,0.08540678483221359,paolo-laptop,mongo_source
power_consumption,1704510245223000000,0.037482397855735004,paolo-laptop,mongo_source
power_consumption,1704510246230000000,0.03234455961256821,paolo-laptop,mongo_source
power_consumption,1704510247233000000,0.05730149052744615,paolo-laptop,mongo_source
power_consumption,1704510248237000000,0.06477273596916441,paolo-laptop,mongo_source
power_consumption,1704510250249000000,0.08758859876816533,paolo-laptop,mongo_source
power_consumption,1704510251251000000,0.1360541284133561,paolo-laptop,mongo_source
power_consumption,1704510252256000000,0.03862030068471798,paolo-laptop,mongo_source
power_consumption,1704510253262000000,0.20214438213511887,paolo-laptop,mongo_source
power_consumption,1704510254263000000,0.05579652193908905,paolo-laptop,mongo_source
power_consumption,1704510255265000000,0.06428017270042372,paolo-laptop,mongo_source
power_consumption,1704510256269000000,0.09029072978556056,paolo-laptop,mongo_source
power_consumption,1704510257273000000,0.0886643882320738,paolo-laptop,mongo_source
power_consumption,1704510258275000000,0.049298566350406844,paolo-laptop,mongo_source
power_consumption,1704510259277000000,0.03274985329672323,paolo-laptop,mongo_source
power_consumption,1704510260281000000,0.06743519779559451,paolo-laptop,mongo_source
power_consumption,1704510261283000000,0.12461629112299014,paolo-laptop,mongo_source
power_consumption,1704510262287000000,0.04002797838672971,paolo-laptop,mongo_source
power_consumption,1704510263288000000,0.0767000416388097,paolo-laptop,mongo_source
power_consumption,1704510264290000000,0.08125509940829273,paolo-laptop,mongo_source
power_consumption,1704510265291000000,0.07593438054473318,paolo-laptop,mongo_source
power_consumption,1704510266294000000,0.036480479102096126,paolo-laptop,mongo_source
power_consumption,1704510267298000000,0.029928603856607183,paolo-laptop,mongo_source
power_consumption,1704510269304000000,0.06205265563629108,paolo-laptop,mongo_source
power_consumption,1704510270309000000,0.19766867255555826,paolo-laptop,mongo_source
power_consumption,1704510271310000000,0.08945118049416742,paolo-laptop,mongo_source
power_consumption,1704510272311000000,0.09534177210544274,paolo-laptop,mongo_source
power_consumption,1704510273315000000,0.1042633078356655,paolo-laptop,mongo_source
power_consumption,1704510274319000000,0.38058908465274016,paolo-laptop,mongo_source
power_consumption,1704510275321000000,0.06193153404119315,paolo-laptop,mongo_source
power_consumption,1704510276323000000,0.07697896424995329,paolo-laptop,mongo_source
power_consumption,1704510277327000000,0.03090284554091797,paolo-laptop,mongo_source
power_consumption,1704510278329000000,0.0886862748838089,paolo-laptop,mongo_source
power_consumption,1704510279331000000,0.0729687338004526,paolo-laptop,mongo_source
power_consumption,1704510280333000000,0.07336211093627665,paolo-laptop,mongo_source
power_consumption,1704510281336000000,0.06134052703810507,paolo-laptop,mongo_source
power_consumption,1704510282339000000,0.0308744781243419,paolo-laptop,mongo_source
power_consumption,1704510283344000000,0.03292204169865902,paolo-laptop,mongo_source
power_consumption,1704510284348000000,0.08248156917105251,paolo-laptop,mongo_source
power_consumption,1704510285350000000,0.037182768791898045,paolo-laptop,mongo_source
power_consumption,1704510286352000000,0.11270768607028867,paolo-laptop,mongo_source
