name,time,power,sensor,target
power_consumption,1704527746541000000,0.06777377732031745,paolo-laptop,smartwatts-formula
power_consumption,1704527747542000000,0.06758161060050272,paolo-laptop,smartwatts-formula
power_consumption,1704527748544000000,0.06845104463631156,paolo-laptop,smartwatts-formula
power_consumption,1704527749546000000,0.06822254958574456,paolo-laptop,smartwatts-formula
power_consumption,1704527751548000000,0.06713814082963615,paolo-laptop,smartwatts-formula
power_consumption,1704527752549000000,0.0875645426961888,paolo-laptop,smartwatts-formula
power_consumption,1704527753551000000,0.0932179310522761,paolo-laptop,smartwatts-formula
power_consumption,1704527754552000000,0.09351295521899364,paolo-laptop,smartwatts-formula
power_consumption,1704527755554000000,0.10345173020448875,paolo-laptop,smartwatts-formula
power_consumption,1704527757556000000,0.08488721748113325,paolo-laptop,smartwatts-formula
power_consumption,1704527758561000000,0.09009158481499296,paolo-laptop,smartwatts-formula
power_consumption,1704527759562000000,0.08666487124905672,paolo-laptop,smartwatts-formula
power_consumption,1704527761565000000,0.09317172511309912,paolo-laptop,smartwatts-formula
power_consumption,1704527762566000000,0.06779667639579766,paolo-laptop,smartwatts-formula
power_consumption,1704527763568000000,0.08374378176563387,paolo-laptop,smartwatts-formula
power_consumption,1704527765570000000,0.08837065453774007,paolo-laptop,smartwatts-formula
power_consumption,1704527766571000000,0.061841129290892194,paolo-laptop,smartwatts-formula
power_consumption,1704527767573000000,0.07028161672504038,paolo-laptop,smartwatts-formula
power_consumption,1704527769575000000,0.07516728416067167,paolo-laptop,smartwatts-formula
power_consumption,1704527770576000000,0.05582881165322025,paolo-laptop,smartwatts-formula
power_consumption,1704527771578000000,0.07862109096913486,paolo-laptop,smartwatts-formula
power_consumption,1704527774582000000,0.05554275031932494,paolo-laptop,smartwatts-formula
power_consumption,1704527775586000000,0.07159702317741487,paolo-laptop,smartwatts-formula
power_consumption,1704527777590000000,0.07478418417999602,paolo-laptop,smartwatts-formula
power_consumption,1704527779593000000,0.05440933039566948,paolo-laptop,smartwatts-formula
power_consumption,1704527780595000000,0.05108595991266574,paolo-laptop,smartwatts-formula
power_consumption,1704527781597000000,0.05551829818545415,paolo-laptop,smartwatts-formula
power_consumption,1704527782598000000,0.058903516836445576,paolo-laptop,smartwatts-formula
power_consumption,1704527783603000000,0.0697475778461927,paolo-laptop,smartwatts-formula
power_consumption,1704527785607000000,0.05360312190341103,paolo-laptop,smartwatts-formula
power_consumption,1704527786609000000,0.05432700970279795,paolo-laptop,smartwatts-formula
power_consumption,1704527787610000000,0.054385805711934736,paolo-laptop,smartwatts-formula
power_consumption,1704527788611000000,0.05562059142355486,paolo-laptop,smartwatts-formula
power_consumption,1704527789613000000,0.05512433915902423,paolo-laptop,smartwatts-formula
power_consumption,1704527790615000000,0.06825404071697266,paolo-laptop,smartwatts-formula
power_consumption,1704527791616000000,0.0499336407251121,paolo-laptop,smartwatts-formula
power_consumption,1704527792618000000,0.056637599656036354,paolo-laptop,smartwatts-formula
power_consumption,1704527793619000000,0.061655507699769824,paolo-laptop,smartwatts-formula
power_consumption,1704527794620000000,0.059781654038964495,paolo-laptop,smartwatts-formula
power_consumption,1704527795621000000,0.07596557566130893,paolo-laptop,smartwatts-formula
power_consumption,1704527796622000000,0.0777947283207312,paolo-laptop,smartwatts-formula
power_consumption,1704527797624000000,0.09233569128358746,paolo-laptop,smartwatts-formula
power_consumption,1704527798626000000,0.08015145163233571,paolo-laptop,smartwatts-formula
power_consumption,1704527799630000000,0.08269481867858336,paolo-laptop,smartwatts-formula
power_consumption,1704527800632000000,0.09239088516288213,paolo-laptop,smartwatts-formula
power_consumption,1704527801634000000,0.09338738679430039,paolo-laptop,smartwatts-formula
power_consumption,1704527802636000000,0.08064402307126708,paolo-laptop,smartwatts-formula
power_consumption,1704527803638000000,0.09564204694691074,paolo-laptop,smartwatts-formula
power_consumption,1704527804640000000,0.09335067187325972,paolo-laptop,smartwatts-formula
power_consumption,1704527805642000000,0.0793182030834845,paolo-laptop,smartwatts-formula
power_consumption,1704527806644000000,0.0794872434960289,paolo-laptop,smartwatts-formula
power_consumption,1704527807646000000,0.07765801430221497,paolo-laptop,smartwatts-formula
power_consumption,1704527808648000000,0.0811821041359577,paolo-laptop,smartwatts-formula
power_consumption,1704527809650000000,0.077622197415332,paolo-laptop,smartwatts-formula
power_consumption,1704527810651000000,0.07520121321408557,paolo-laptop,smartwatts-formula
power_consumption,1704527811653000000,0.09026324156502065,paolo-laptop,smartwatts-formula
power_consumption,1704527812655000000,0.09651009981697783,paolo-laptop,smartwatts-formula
power_consumption,1704527813656000000,0.09776345187319388,paolo-laptop,smartwatts-formula
power_consumption,1704527814658000000,0.09309839636670748,paolo-laptop,smartwatts-formula
power_consumption,1704527815660000000,0.09865112257853507,paolo-laptop,smartwatts-formula
power_consumption,1704527816662000000,0.09288040848361406,paolo-laptop,smartwatts-formula
power_consumption,1704527817664000000,0.09590070665340701,paolo-laptop,smartwatts-formula
power_consumption,1704527818666000000,0.09795311423654393,paolo-laptop,smartwatts-formula
power_consumption,1704527819668000000,0.09748070123385141,paolo-laptop,smartwatts-formula
power_consumption,1704527820670000000,0.09313466445880415,paolo-laptop,smartwatts-formula
power_consumption,1704527821672000000,0.096917544384618,paolo-laptop,smartwatts-formula
power_consumption,1704527822674000000,0.09098227125657406,paolo-laptop,smartwatts-formula
power_consumption,1704527823676000000,0.09791348411827396,paolo-laptop,smartwatts-formula
power_consumption,1704527824680000000,0.0927844572148309,paolo-laptop,smartwatts-formula
power_consumption,1704527825682000000,0.0964327356769728,paolo-laptop,smartwatts-formula
power_consumption,1704527826686000000,0.09464290770387937,paolo-laptop,smartwatts-formula
power_consumption,1704527827690000000,0.09581077997079072,paolo-laptop,smartwatts-formula
power_consumption,1704527828692000000,0.09906716155457176,paolo-laptop,smartwatts-formula
power_consumption,1704527829694000000,0.10007219858799232,paolo-laptop,smartwatts-formula
power_consumption,1704527830696000000,0.08465312535801858,paolo-laptop,smartwatts-formula
power_consumption,1704527831698000000,0.10005381232515703,paolo-laptop,smartwatts-formula
power_consumption,1704527832700000000,0.087591711212175,paolo-laptop,smartwatts-formula
power_consumption,1704527833703000000,0.08020888146666053,paolo-laptop,smartwatts-formula
power_consumption,1704527834705000000,0.09759140762278146,paolo-laptop,smartwatts-formula
power_consumption,1704527835713000000,0.0950297053031821,paolo-laptop,smartwatts-formula
power_consumption,1704527837720000000,0.0761610184314646,paolo-laptop,smartwatts-formula
power_consumption,1704527838722000000,0.09186136849871543,paolo-laptop,smartwatts-formula
power_consumption,1704527839724000000,0.10193999295948503,paolo-laptop,smartwatts-formula
power_consumption,1704527840726000000,0.08163639954846762,paolo-laptop,smartwatts-formula
power_consumption,1704527841728000000,0.09519538669665059,paolo-laptop,smartwatts-formula
power_consumption,1704527842731000000,0.07283591331363984,paolo-laptop,smartwatts-formula
power_consumption,1704527843733000000,0.08397403030388546,paolo-laptop,smartwatts-formula
power_consumption,1704527844735000000,0.09639053162730496,paolo-laptop,smartwatts-formula
power_consumption,1704527845737000000,0.07711722355923163,paolo-laptop,smartwatts-formula
power_consumption,1704527846739000000,0.07930070287260993,paolo-laptop,smartwatts-formula
power_consumption,1704527847742000000,0.08002961047618298,paolo-laptop,smartwatts-formula
power_consumption,1704527848744000000,0.07781730276251483,paolo-laptop,smartwatts-formula
power_consumption,1704527849746000000,0.09556631952706708,paolo-laptop,smartwatts-formula
power_consumption,1704527850748000000,0.08919455465424139,paolo-laptop,smartwatts-formula
power_consumption,1704527851750000000,0.09274190499364715,paolo-laptop,smartwatts-formula
power_consumption,1704527852753000000,0.09623347357952758,paolo-laptop,smartwatts-formula
power_consumption,1704527853755000000,0.10724873676352711,paolo-laptop,smartwatts-formula
power_consumption,1704527854758000000,0.1009179656328552,paolo-laptop,smartwatts-formula
power_consumption,1704527855760000000,0.07509943389777399,paolo-laptop,smartwatts-formula
power_consumption,1704527856762000000,0.07497201642579951,paolo-laptop,smartwatts-formula
power_consumption,1704527857765000000,0.09551783710315927,paolo-laptop,smartwatts-formula
power_consumption,1704527858767000000,0.08523036765277438,paolo-laptop,smartwatts-formula
power_consumption,1704527859769000000,0.0953763114994131,paolo-laptop,smartwatts-formula
power_consumption,1704527860772000000,0.08790444270870026,paolo-laptop,smartwatts-formula
power_consumption,1704527861774000000,0.10496516772650852,paolo-laptop,smartwatts-formula
power_consumption,1704527862777000000,0.09627059217248804,paolo-laptop,smartwatts-formula
power_consumption,1704527863779000000,0.09278861203198618,paolo-laptop,smartwatts-formula
power_consumption,1704527864782000000,0.10185205001554978,paolo-laptop,smartwatts-formula
power_consumption,1704527865784000000,0.10542082097145856,paolo-laptop,smartwatts-formula
power_consumption,1704527866786000000,0.09186443335356352,paolo-laptop,smartwatts-formula
power_consumption,1704527867788000000,0.09166600279423975,paolo-laptop,smartwatts-formula
power_consumption,1704527868792000000,0.09166485205034905,paolo-laptop,smartwatts-formula
power_consumption,1704527869794000000,0.09186575973328778,paolo-laptop,smartwatts-formula
power_consumption,1704527870796000000,0.11403287915207194,paolo-laptop,smartwatts-formula
power_consumption,1704527871798000000,0.12306871399227301,paolo-laptop,smartwatts-formula
power_consumption,1704527872800000000,0.10678096651694166,paolo-laptop,smartwatts-formula
power_consumption,1704527873802000000,0.12162733877197286,paolo-laptop,smartwatts-formula
power_consumption,1704527874804000000,0.13504553894568894,paolo-laptop,smartwatts-formula
power_consumption,1704527875805000000,0.1335280077465919,paolo-laptop,smartwatts-formula
power_consumption,1704527876807000000,0.14168608697614044,paolo-laptop,smartwatts-formula
power_consumption,1704527877809000000,0.10144052265752396,paolo-laptop,smartwatts-formula
power_consumption,1704527878812000000,0.11203688102826911,paolo-laptop,smartwatts-formula
power_consumption,1704527879813000000,0.1161057409375563,paolo-laptop,smartwatts-formula
power_consumption,1704527880815000000,0.12247712321496451,paolo-laptop,smartwatts-formula
power_consumption,1704527881818000000,0.0549951816336598,paolo-laptop,smartwatts-formula
power_consumption,1704527882825000000,0.0980269709687073,paolo-laptop,smartwatts-formula
power_consumption,1704527883827000000,0.08904634989701513,paolo-laptop,smartwatts-formula
power_consumption,1704527884837000000,0.0972632953463971,paolo-laptop,smartwatts-formula
power_consumption,1704527886842000000,0.08937442031199958,paolo-laptop,smartwatts-formula
power_consumption,1704527887844000000,0.10135404512630908,paolo-laptop,smartwatts-formula
power_consumption,1704527888846000000,0.09990654118829513,paolo-laptop,smartwatts-formula
power_consumption,1704527889848000000,0.09197473357666282,paolo-laptop,smartwatts-formula
power_consumption,1704527890850000000,0.09852917635133715,paolo-laptop,smartwatts-formula
power_consumption,1704527891852000000,0.0757280698002065,paolo-laptop,smartwatts-formula
power_consumption,1704527892854000000,0.09390534393730914,paolo-laptop,smartwatts-formula
power_consumption,1704527893857000000,0.08914922120382306,paolo-laptop,smartwatts-formula
power_consumption,1704527894859000000,0.09980173874058443,paolo-laptop,smartwatts-formula
power_consumption,1704527895861000000,0.09333875535474967,paolo-laptop,smartwatts-formula
power_consumption,1704527896863000000,0.09212136689142182,paolo-laptop,smartwatts-formula
power_consumption,1704527897864000000,0.09810348963690955,paolo-laptop,smartwatts-formula
power_consumption,1704527901874000000,0.09030738023571493,paolo-laptop,smartwatts-formula
power_consumption,1704527902876000000,0.09220097375193333,paolo-laptop,smartwatts-formula
power_consumption,1704527903878000000,0.09312962731377847,paolo-laptop,smartwatts-formula
power_consumption,1704527904880000000,0.07950785397829735,paolo-laptop,smartwatts-formula
power_consumption,1704527905882000000,0.07245046461730192,paolo-laptop,smartwatts-formula
power_consumption,1704527906884000000,0.06851732090200953,paolo-laptop,smartwatts-formula
power_consumption,1704527907887000000,0.09212464411210103,paolo-laptop,smartwatts-formula
power_consumption,1704527908889000000,0.09632015654051462,paolo-laptop,smartwatts-formula
power_consumption,1704527909891000000,0.10159594891339618,paolo-laptop,smartwatts-formula
power_consumption,1704527910893000000,0.09793660097071069,paolo-laptop,smartwatts-formula
power_consumption,1704527913901000000,0.09601882956772614,paolo-laptop,smartwatts-formula
power_consumption,1704527914903000000,0.1037495723561566,paolo-laptop,smartwatts-formula
power_consumption,1704527915906000000,0.10179518022496367,paolo-laptop,smartwatts-formula
power_consumption,1704527926938000000,0.0673212033699061,paolo-laptop,smartwatts-formula
power_consumption,1704527928942000000,0.06778123023824432,paolo-laptop,smartwatts-formula
power_consumption,1704527929944000000,0.06677556191595843,paolo-laptop,smartwatts-formula
power_consumption,1704527930949000000,0.06921373084389738,paolo-laptop,smartwatts-formula
power_consumption,1704527931954000000,0.07131607375685475,paolo-laptop,smartwatts-formula
power_consumption,1704527932959000000,0.09007401072844476,paolo-laptop,smartwatts-formula
power_consumption,1704527933964000000,0.07548019486643778,paolo-laptop,smartwatts-formula
power_consumption,1704527934970000000,0.09065531298167842,paolo-laptop,smartwatts-formula
power_consumption,1704527935972000000,0.09326286914956884,paolo-laptop,smartwatts-formula
power_consumption,1704527936975000000,0.09461137067871332,paolo-laptop,smartwatts-formula
power_consumption,1704527938990000000,0.09095444229975674,paolo-laptop,smartwatts-formula
power_consumption,1704527939992000000,0.09803584895441746,paolo-laptop,smartwatts-formula
power_consumption,1704527940995000000,0.09419996514170992,paolo-laptop,smartwatts-formula
power_consumption,1704527942010000000,0.09256690330896969,paolo-laptop,smartwatts-formula
power_consumption,1704527943012000000,0.09495063142477687,paolo-laptop,smartwatts-formula
power_consumption,1704527944015000000,0.07355678500475557,paolo-laptop,smartwatts-formula
power_consumption,1704527945017000000,0.09415789086367157,paolo-laptop,smartwatts-formula
power_consumption,1704527946020000000,0.09929660287881217,paolo-laptop,smartwatts-formula
power_consumption,1704527947022000000,0.0976297599729572,paolo-laptop,smartwatts-formula
power_consumption,1704527948025000000,0.09049097974309836,paolo-laptop,smartwatts-formula
power_consumption,1704527949027000000,0.09957001315595684,paolo-laptop,smartwatts-formula
power_consumption,1704527950029000000,0.09319454103660454,paolo-laptop,smartwatts-formula
power_consumption,1704527951031000000,0.09604708189560551,paolo-laptop,smartwatts-formula
power_consumption,1704527952033000000,0.09487075386526644,paolo-laptop,smartwatts-formula
power_consumption,1704527953039000000,0.093832731105929,paolo-laptop,smartwatts-formula
power_consumption,1704527954040000000,0.0980356282683204,paolo-laptop,smartwatts-formula
power_consumption,1704527955044000000,0.10152015681935977,paolo-laptop,smartwatts-formula
power_consumption,1704527956047000000,0.09301776734342557,paolo-laptop,smartwatts-formula
power_consumption,1704527957049000000,0.09909797953815867,paolo-laptop,smartwatts-formula
power_consumption,1704527958054000000,0.09660296780103704,paolo-laptop,smartwatts-formula
power_consumption,1704527959057000000,0.09613230120897517,paolo-laptop,smartwatts-formula
power_consumption,1704527960062000000,0.10492997946465164,paolo-laptop,smartwatts-formula
power_consumption,1704527961065000000,0.09357367351351521,paolo-laptop,smartwatts-formula
power_consumption,1704527962067000000,0.10254066318711762,paolo-laptop,smartwatts-formula
power_consumption,1704527963070000000,0.09149417315190153,paolo-laptop,smartwatts-formula
power_consumption,1704527964072000000,0.09847391916700121,paolo-laptop,smartwatts-formula
power_consumption,1704527965077000000,0.09948055318238266,paolo-laptop,smartwatts-formula
power_consumption,1704527966080000000,0.09900614399258091,paolo-laptop,smartwatts-formula
power_consumption,1704527967086000000,0.09704875204739273,paolo-laptop,smartwatts-formula
power_consumption,1704527968088000000,0.0964074869428539,paolo-laptop,smartwatts-formula
power_consumption,1704527969091000000,0.10549345170794619,paolo-laptop,smartwatts-formula
power_consumption,1704527970094000000,0.10511796566247344,paolo-laptop,smartwatts-formula
power_consumption,1704527971096000000,0.10546060430609659,paolo-laptop,smartwatts-formula
power_consumption,1704527972098000000,0.09266426061453081,paolo-laptop,smartwatts-formula
power_consumption,1704527973100000000,0.099989417593788,paolo-laptop,smartwatts-formula
power_consumption,1704527974103000000,0.09068435109568086,paolo-laptop,smartwatts-formula
power_consumption,1704527975106000000,0.09435844764851355,paolo-laptop,smartwatts-formula
power_consumption,1704527976109000000,0.09424501153240356,paolo-laptop,smartwatts-formula
power_consumption,1704527977112000000,0.09393396894275818,paolo-laptop,smartwatts-formula
power_consumption,1704527978115000000,0.08806435066886191,paolo-laptop,smartwatts-formula
power_consumption,1704527982140000000,0.09919714020058357,paolo-laptop,smartwatts-formula
power_consumption,1704527983142000000,0.09355652605311272,paolo-laptop,smartwatts-formula
power_consumption,1704527984144000000,0.0918330739217098,paolo-laptop,smartwatts-formula
power_consumption,1704527985147000000,0.07769329829151116,paolo-laptop,smartwatts-formula
power_consumption,1704527988157000000,0.08436632980241945,paolo-laptop,smartwatts-formula
power_consumption,1704527993170000000,0.07185371658636333,paolo-laptop,smartwatts-formula
power_consumption,1704527995174000000,0.085852622945298,paolo-laptop,smartwatts-formula
power_consumption,1704527996177000000,0.07009079392513722,paolo-laptop,smartwatts-formula
power_consumption,1704527997179000000,0.07023045531748279,paolo-laptop,smartwatts-formula
power_consumption,1704527998181000000,0.06763927269929068,paolo-laptop,smartwatts-formula
power_consumption,1704527999183000000,0.0898189710459138,paolo-laptop,smartwatts-formula
power_consumption,1704528000185000000,0.07449495386761085,paolo-laptop,smartwatts-formula
power_consumption,1704528001187000000,0.09166262912579595,paolo-laptop,smartwatts-formula
power_consumption,1704528002189000000,0.09767693570873537,paolo-laptop,smartwatts-formula
power_consumption,1704528003192000000,0.09050404179772834,paolo-laptop,smartwatts-formula
power_consumption,1704528004194000000,0.09569181075378122,paolo-laptop,smartwatts-formula
power_consumption,1704528005198000000,0.0962477233507168,paolo-laptop,smartwatts-formula
power_consumption,1704528006201000000,0.09681351071616104,paolo-laptop,smartwatts-formula
power_consumption,1704528007204000000,0.09394818193610013,paolo-laptop,smartwatts-formula
power_consumption,1704528008206000000,0.09496608243390779,paolo-laptop,smartwatts-formula
power_consumption,1704528013223000000,0.09676421072229671,paolo-laptop,smartwatts-formula
power_consumption,1704528017235000000,0.06729227311643397,paolo-laptop,smartwatts-formula
power_consumption,1704528018236000000,0.07611601553410242,paolo-laptop,smartwatts-formula
power_consumption,1704528021244000000,0.06601410681456449,paolo-laptop,smartwatts-formula
power_consumption,1704528022247000000,0.07031693045346572,paolo-laptop,smartwatts-formula
power_consumption,1704528026254000000,0.06809698157201174,paolo-laptop,smartwatts-formula
power_consumption,1704528027256000000,0.09089215446858752,paolo-laptop,smartwatts-formula
power_consumption,1704528028258000000,0.09624179810860341,paolo-laptop,smartwatts-formula
power_consumption,1704528029260000000,0.07385112413606343,paolo-laptop,smartwatts-formula
power_consumption,1704528030262000000,0.06839795489264974,paolo-laptop,smartwatts-formula
power_consumption,1704528031264000000,0.07229438167669835,paolo-laptop,smartwatts-formula
power_consumption,1704528036279000000,0.08438246200618393,paolo-laptop,smartwatts-formula
power_consumption,1704528037281000000,0.09688497825049996,paolo-laptop,smartwatts-formula
power_consumption,1704528038283000000,0.07380904717860305,paolo-laptop,smartwatts-formula
power_consumption,1704528039288000000,0.07236381380386311,paolo-laptop,smartwatts-formula
power_consumption,1704528042296000000,0.09426980273206331,paolo-laptop,smartwatts-formula
power_consumption,1704528046315000000,0.07675833505276178,paolo-laptop,smartwatts-formula
power_consumption,1704528047316000000,0.06840679382672424,paolo-laptop,smartwatts-formula
power_consumption,1704528058353000000,0.07008629069508734,paolo-laptop,smartwatts-formula
power_consumption,1704528059358000000,0.0705208102402264,paolo-laptop,smartwatts-formula
power_consumption,1704528060361000000,0.05929545108804053,paolo-laptop,smartwatts-formula
power_consumption,1704528061364000000,0.06284480212033128,paolo-laptop,smartwatts-formula
power_consumption,1704528062366000000,0.07206609296021971,paolo-laptop,smartwatts-formula
power_consumption,1704528063369000000,0.06743156310129673,paolo-laptop,smartwatts-formula
power_consumption,1704528064372000000,0.08976232655113325,paolo-laptop,smartwatts-formula
power_consumption,1704528065374000000,0.10187291888703986,paolo-laptop,smartwatts-formula
power_consumption,1704528066380000000,0.10258893085776068,paolo-laptop,smartwatts-formula
power_consumption,1704528067387000000,0.09828802892142571,paolo-laptop,smartwatts-formula
power_consumption,1704528068394000000,0.0944135510880473,paolo-laptop,smartwatts-formula
power_consumption,1704528069400000000,0.08642267788253799,paolo-laptop,smartwatts-formula
power_consumption,1704528070406000000,0.09760522276303676,paolo-laptop,smartwatts-formula
power_consumption,1704528071409000000,0.10494754598547909,paolo-laptop,smartwatts-formula
power_consumption,1704528072413000000,0.09505798966826322,paolo-laptop,smartwatts-formula
power_consumption,1704528073415000000,0.09410372643433498,paolo-laptop,smartwatts-formula
power_consumption,1704528074417000000,0.09475207620128714,paolo-laptop,smartwatts-formula
power_consumption,1704528075420000000,0.1017034281286087,paolo-laptop,smartwatts-formula
power_consumption,1704528076426000000,0.09679097399692907,paolo-laptop,smartwatts-formula
power_consumption,1704528077429000000,0.09703923857941621,paolo-laptop,smartwatts-formula
power_consumption,1704528078432000000,0.0981559157618333,paolo-laptop,smartwatts-formula
power_consumption,1704528079435000000,0.09673921368665087,paolo-laptop,smartwatts-formula
power_consumption,1704528080437000000,0.0925672097447928,paolo-laptop,smartwatts-formula
power_consumption,1704528081439000000,0.09837790680998618,paolo-laptop,smartwatts-formula
power_consumption,1704528082445000000,0.08475668694556067,paolo-laptop,smartwatts-formula
power_consumption,1704528084448000000,0.09545135738317112,paolo-laptop,smartwatts-formula
power_consumption,1704528085450000000,0.09160697799408349,paolo-laptop,smartwatts-formula
power_consumption,1704528086452000000,0.09673978716365919,paolo-laptop,smartwatts-formula
power_consumption,1704528090461000000,0.08830041115106373,paolo-laptop,smartwatts-formula
power_consumption,1704528091463000000,0.10249224296418426,paolo-laptop,smartwatts-formula
power_consumption,1704528092466000000,0.09610623180175663,paolo-laptop,smartwatts-formula
power_consumption,1704528093472000000,0.07521974389080643,paolo-laptop,smartwatts-formula
power_consumption,1704528094474000000,0.06699128261603357,paolo-laptop,smartwatts-formula
power_consumption,1704528095476000000,0.07305774846035505,paolo-laptop,smartwatts-formula
power_consumption,1704528096478000000,0.09164418766479505,paolo-laptop,smartwatts-formula
power_consumption,1704528097481000000,0.09035795877086955,paolo-laptop,smartwatts-formula
power_consumption,1704528098484000000,0.09941603400086606,paolo-laptop,smartwatts-formula
power_consumption,1704528099486000000,0.0977116359271047,paolo-laptop,smartwatts-formula
power_consumption,1704528100489000000,0.09322364328749336,paolo-laptop,smartwatts-formula
power_consumption,1704528101492000000,0.09867379709181909,paolo-laptop,smartwatts-formula
power_consumption,1704528102495000000,0.08990190076923182,paolo-laptop,smartwatts-formula
power_consumption,1704528103507000000,0.09684628744926496,paolo-laptop,smartwatts-formula
power_consumption,1704528104514000000,0.09606990716448982,paolo-laptop,smartwatts-formula
power_consumption,1704528105517000000,0.10608825783802625,paolo-laptop,smartwatts-formula
power_consumption,1704528106519000000,0.09343197137203847,paolo-laptop,smartwatts-formula
power_consumption,1704528107522000000,0.09542718917777797,paolo-laptop,smartwatts-formula
power_consumption,1704528108524000000,0.10106132522457743,paolo-laptop,smartwatts-formula
power_consumption,1704528109526000000,0.09140173381219428,paolo-laptop,smartwatts-formula
power_consumption,1704528110529000000,0.0975822271965147,paolo-laptop,smartwatts-formula
power_consumption,1704528111531000000,0.09599284270546003,paolo-laptop,smartwatts-formula
power_consumption,1704528112534000000,0.09328092133503084,paolo-laptop,smartwatts-formula
power_consumption,1704528113539000000,0.09059049003123401,paolo-laptop,smartwatts-formula
power_consumption,1704528117563000000,0.06901110781010956,paolo-laptop,smartwatts-formula
power_consumption,1704528124586000000,0.07296230049970115,paolo-laptop,smartwatts-formula
power_consumption,1704528126600000000,0.07282375055288742,paolo-laptop,smartwatts-formula
power_consumption,1704528131625000000,0.04988612575107594,paolo-laptop,smartwatts-formula
power_consumption,1704528136651000000,0.0789797910238784,paolo-laptop,smartwatts-formula
power_consumption,1704528139663000000,0.0832850182310318,paolo-laptop,smartwatts-formula
power_consumption,1704528143677000000,0.04982912598951761,paolo-laptop,smartwatts-formula
power_consumption,1704528144679000000,0.06712509939617839,paolo-laptop,smartwatts-formula
power_consumption,1704528147693000000,0.06858490483675088,paolo-laptop,smartwatts-formula
power_consumption,1704528148698000000,0.07026881888218875,paolo-laptop,smartwatts-formula
power_consumption,1704528157731000000,0.09128990215930577,paolo-laptop,smartwatts-formula
power_consumption,1704528158732000000,0.1280601902466483,paolo-laptop,smartwatts-formula
power_consumption,1704528160736000000,0.05638947458208808,paolo-laptop,smartwatts-formula
power_consumption,1704528161738000000,0.06549034299217843,paolo-laptop,smartwatts-formula
power_consumption,1704528162740000000,0.06924718021695568,paolo-laptop,smartwatts-formula
power_consumption,1704528163742000000,0.0861678022130368,paolo-laptop,smartwatts-formula
power_consumption,1704528164745000000,0.09215314817247548,paolo-laptop,smartwatts-formula
power_consumption,1704528165748000000,0.07429910580803167,paolo-laptop,smartwatts-formula
power_consumption,1704528166750000000,0.09106508953353286,paolo-laptop,smartwatts-formula
power_consumption,1704528167753000000,0.08709820434520187,paolo-laptop,smartwatts-formula
power_consumption,1704528168755000000,0.12774567224954742,paolo-laptop,smartwatts-formula
power_consumption,1704528169758000000,0.14680432102323532,paolo-laptop,smartwatts-formula
power_consumption,1704528170760000000,0.17409826545724064,paolo-laptop,smartwatts-formula
power_consumption,1704528171764000000,0.164332501346294,paolo-laptop,smartwatts-formula
power_consumption,1704528172766000000,0.16053019758357107,paolo-laptop,smartwatts-formula
power_consumption,1704528173769000000,0.16459665130280463,paolo-laptop,smartwatts-formula
power_consumption,1704528174772000000,0.1519770107279133,paolo-laptop,smartwatts-formula
power_consumption,1704528175774000000,0.12282538847944696,paolo-laptop,smartwatts-formula
power_consumption,1704528176778000000,0.08986414522683886,paolo-laptop,smartwatts-formula
power_consumption,1704528178782000000,0.14008996993938347,paolo-laptop,smartwatts-formula
power_consumption,1704528179784000000,0.08403169619595181,paolo-laptop,smartwatts-formula
power_consumption,1704528180787000000,0.10479459404246814,paolo-laptop,smartwatts-formula
power_consumption,1704528181789000000,0.0666473955731066,paolo-laptop,smartwatts-formula
power_consumption,1704528182791000000,0.12073562056628477,paolo-laptop,smartwatts-formula
power_consumption,1704528183793000000,0.05683595422639196,paolo-laptop,smartwatts-formula
power_consumption,1704528184795000000,0.06180722233847272,paolo-laptop,smartwatts-formula
power_consumption,1704528185799000000,0.11227682679660761,paolo-laptop,smartwatts-formula
power_consumption,1704528186803000000,0.14193161741040697,paolo-laptop,smartwatts-formula
power_consumption,1704528188807000000,0.07705707295438259,paolo-laptop,smartwatts-formula
power_consumption,1704528189809000000,0.111128304983249,paolo-laptop,smartwatts-formula
power_consumption,1704528190811000000,0.11560193778373676,paolo-laptop,smartwatts-formula
power_consumption,1704528191813000000,0.11443570207510463,paolo-laptop,smartwatts-formula
power_consumption,1704528193818000000,0.0508176449368191,paolo-laptop,smartwatts-formula
power_consumption,1704528194820000000,0.14345204818443458,paolo-laptop,smartwatts-formula
power_consumption,1704528195822000000,0.14274207223389698,paolo-laptop,smartwatts-formula
power_consumption,1704528196824000000,0.13261518303931938,paolo-laptop,smartwatts-formula
power_consumption,1704528197826000000,0.13773745097334045,paolo-laptop,smartwatts-formula
power_consumption,1704528198828000000,0.11191048452301552,paolo-laptop,smartwatts-formula
power_consumption,1704528200832000000,0.11224326844662089,paolo-laptop,smartwatts-formula
power_consumption,1704528201834000000,0.1358173548216015,paolo-laptop,smartwatts-formula
power_consumption,1704528202836000000,0.12453933231378476,paolo-laptop,smartwatts-formula
power_consumption,1704528203839000000,0.1693596257169993,paolo-laptop,smartwatts-formula
power_consumption,1704528204843000000,0.12528889617026792,paolo-laptop,smartwatts-formula
power_consumption,1704528205847000000,0.11875001451571005,paolo-laptop,smartwatts-formula
power_consumption,1704528206849000000,0.11605391981594124,paolo-laptop,smartwatts-formula
power_consumption,1704528207850000000,0.13530993899420504,paolo-laptop,smartwatts-formula
power_consumption,1704528209856000000,0.11422039773283478,paolo-laptop,smartwatts-formula
power_consumption,1704528210858000000,0.0912480141206578,paolo-laptop,smartwatts-formula
power_consumption,1704528211862000000,0.06641469637862793,paolo-laptop,smartwatts-formula
power_consumption,1704528213866000000,0.06393187346721813,paolo-laptop,smartwatts-formula
power_consumption,1704528214868000000,0.09252201113937883,paolo-laptop,smartwatts-formula
power_consumption,1704528215872000000,0.08136907353450445,paolo-laptop,smartwatts-formula
power_consumption,1704528217878000000,0.07987959584877272,paolo-laptop,smartwatts-formula
power_consumption,1704528218880000000,0.1055878172731206,paolo-laptop,smartwatts-formula
power_consumption,1704528220884000000,0.1304500526160824,paolo-laptop,smartwatts-formula
power_consumption,1704528221886000000,0.08175879190486024,paolo-laptop,smartwatts-formula
power_consumption,1704528222891000000,0.12565303499545707,paolo-laptop,smartwatts-formula
power_consumption,1704528223893000000,0.09810228361044884,paolo-laptop,smartwatts-formula
power_consumption,1704528224895000000,0.14056620257147884,paolo-laptop,smartwatts-formula
power_consumption,1704528225897000000,0.05213784262894917,paolo-laptop,smartwatts-formula
power_consumption,1704528226900000000,0.07532725116983577,paolo-laptop,smartwatts-formula
power_consumption,1704528227902000000,0.10381291142365909,paolo-laptop,smartwatts-formula
power_consumption,1704528228906000000,0.08188110722262444,paolo-laptop,smartwatts-formula
power_consumption,1704528229910000000,0.12251620910569219,paolo-laptop,smartwatts-formula
power_consumption,1704528230912000000,0.06644221890395224,paolo-laptop,smartwatts-formula
power_consumption,1704528231916000000,0.1278791563286678,paolo-laptop,smartwatts-formula
power_consumption,1704528232926000000,0.1189442967510461,paolo-laptop,smartwatts-formula
power_consumption,1704528233928000000,0.06952072467480133,paolo-laptop,smartwatts-formula
power_consumption,1704528235933000000,0.07033988907085709,paolo-laptop,smartwatts-formula
power_consumption,1704528236936000000,0.07032801605528739,paolo-laptop,smartwatts-formula
power_consumption,1704528238940000000,0.137603660471807,paolo-laptop,smartwatts-formula
power_consumption,1704528239942000000,0.1021714354802466,paolo-laptop,smartwatts-formula
power_consumption,1704528240944000000,0.10608059567250575,paolo-laptop,smartwatts-formula
power_consumption,1704528241946000000,0.12487109213988476,paolo-laptop,smartwatts-formula
power_consumption,1704528242950000000,0.1239548761311239,paolo-laptop,smartwatts-formula
power_consumption,1704528243952000000,0.09632564068772391,paolo-laptop,smartwatts-formula
power_consumption,1704528244954000000,0.06447629364818049,paolo-laptop,smartwatts-formula
power_consumption,1704528245956000000,0.09577698657992496,paolo-laptop,smartwatts-formula
power_consumption,1704528246958000000,0.11100540107456863,paolo-laptop,smartwatts-formula
power_consumption,1704528247960000000,0.07050591987091183,paolo-laptop,smartwatts-formula
power_consumption,1704528248961000000,0.0637443313099882,paolo-laptop,smartwatts-formula
power_consumption,1704528249966000000,0.13058831774543078,paolo-laptop,smartwatts-formula
power_consumption,1704528250969000000,0.13632052989797622,paolo-laptop,smartwatts-formula
power_consumption,1704528251971000000,0.06694993639435765,paolo-laptop,smartwatts-formula
power_consumption,1704528252973000000,0.1290441929438773,paolo-laptop,smartwatts-formula
power_consumption,1704528253975000000,0.14190449145163692,paolo-laptop,smartwatts-formula
power_consumption,1704528254977000000,0.1650923017854162,paolo-laptop,smartwatts-formula
power_consumption,1704528255979000000,0.12336409864596314,paolo-laptop,smartwatts-formula
power_consumption,1704528256982000000,0.13020043816886567,paolo-laptop,smartwatts-formula
power_consumption,1704528257988000000,0.11108538065167835,paolo-laptop,smartwatts-formula
power_consumption,1704528258998000000,0.10945302526717235,paolo-laptop,smartwatts-formula
power_consumption,1704528259999000000,0.10160067412762151,paolo-laptop,smartwatts-formula
power_consumption,1704528261002000000,0.14369390007858573,paolo-laptop,smartwatts-formula
power_consumption,1704528262004000000,0.13363951100083724,paolo-laptop,smartwatts-formula
power_consumption,1704528263007000000,0.12753264767697903,paolo-laptop,smartwatts-formula
power_consumption,1704528264009000000,0.13272835715133766,paolo-laptop,smartwatts-formula
power_consumption,1704528265013000000,0.137591780416652,paolo-laptop,smartwatts-formula
power_consumption,1704528266016000000,0.08395359339492037,paolo-laptop,smartwatts-formula
power_consumption,1704528267018000000,0.1278133032853664,paolo-laptop,smartwatts-formula
power_consumption,1704528268020000000,0.13004445944528334,paolo-laptop,smartwatts-formula
power_consumption,1704528269022000000,0.12330319339642294,paolo-laptop,smartwatts-formula
power_consumption,1704528270024000000,0.13826291314691097,paolo-laptop,smartwatts-formula
power_consumption,1704528271027000000,0.1504833650074318,paolo-laptop,smartwatts-formula
power_consumption,1704528272028000000,0.1461407462839489,paolo-laptop,smartwatts-formula
power_consumption,1704528273031000000,0.13726641596716793,paolo-laptop,smartwatts-formula
power_consumption,1704528274033000000,0.13033080632220298,paolo-laptop,smartwatts-formula
power_consumption,1704528275035000000,0.14440956524010423,paolo-laptop,smartwatts-formula
power_consumption,1704528276036000000,0.12554555479353618,paolo-laptop,smartwatts-formula
power_consumption,1704528277038000000,0.12438340370065774,paolo-laptop,smartwatts-formula
power_consumption,1704528278042000000,0.07232653399956161,paolo-laptop,smartwatts-formula
power_consumption,1704528279046000000,0.10692507242602159,paolo-laptop,smartwatts-formula
power_consumption,1704528281050000000,0.1208631458435383,paolo-laptop,smartwatts-formula
power_consumption,1704528282053000000,0.08521931020234233,paolo-laptop,smartwatts-formula
power_consumption,1704528286068000000,0.09346610185719134,paolo-laptop,smartwatts-formula
power_consumption,1704528287070000000,0.11135798991920137,paolo-laptop,smartwatts-formula
power_consumption,1704528288073000000,0.10063887026720131,paolo-laptop,smartwatts-formula
power_consumption,1704528289074000000,0.09536392955487787,paolo-laptop,smartwatts-formula
power_consumption,1704528290076000000,0.09835659429482883,paolo-laptop,smartwatts-formula
power_consumption,1704528291083000000,0.06281764312573525,paolo-laptop,smartwatts-formula
power_consumption,1704528293087000000,0.11494346111807066,paolo-laptop,smartwatts-formula
power_consumption,1704528294089000000,0.12857014268316957,paolo-laptop,smartwatts-formula
power_consumption,1704528295091000000,0.13719970213576105,paolo-laptop,smartwatts-formula
power_consumption,1704528296093000000,0.12414020764013,paolo-laptop,smartwatts-formula
power_consumption,1704528297095000000,0.07729613519464237,paolo-laptop,smartwatts-formula
power_consumption,1704528298100000000,0.10449631206478514,paolo-laptop,smartwatts-formula
power_consumption,1704528299102000000,0.0582119538779238,paolo-laptop,smartwatts-formula
power_consumption,1704528300104000000,0.1486579376118006,paolo-laptop,smartwatts-formula
power_consumption,1704528301106000000,0.08070356557098358,paolo-laptop,smartwatts-formula
power_consumption,1704528302110000000,0.11719971340998694,paolo-laptop,smartwatts-formula
power_consumption,1704528303112000000,0.06507150662427372,paolo-laptop,smartwatts-formula
power_consumption,1704528304114000000,0.08176670413063597,paolo-laptop,smartwatts-formula
power_consumption,1704528305115000000,0.13379973390735306,paolo-laptop,smartwatts-formula
power_consumption,1704528306117000000,0.10641940735364334,paolo-laptop,smartwatts-formula
power_consumption,1704528307121000000,0.11464290985516268,paolo-laptop,smartwatts-formula
power_consumption,1704528308124000000,0.12377596536898017,paolo-laptop,smartwatts-formula
power_consumption,1704528309127000000,0.13003333347245943,paolo-laptop,smartwatts-formula
power_consumption,1704528310129000000,0.1081599678178555,paolo-laptop,smartwatts-formula
power_consumption,1704528311133000000,0.06424368043789898,paolo-laptop,smartwatts-formula
power_consumption,1704528312137000000,0.06884399885535145,paolo-laptop,smartwatts-formula
power_consumption,1704528314141000000,0.10294499215608835,paolo-laptop,smartwatts-formula
power_consumption,1704528315143000000,0.0976597066435725,paolo-laptop,smartwatts-formula
power_consumption,1704528316145000000,0.12700540975228747,paolo-laptop,smartwatts-formula
power_consumption,1704528318148000000,0.1060139362868049,paolo-laptop,smartwatts-formula
power_consumption,1704528319150000000,0.11174537497565214,paolo-laptop,smartwatts-formula
power_consumption,1704528321154000000,0.14193363823330857,paolo-laptop,smartwatts-formula
power_consumption,1704528323158000000,0.15387729497084096,paolo-laptop,smartwatts-formula
power_consumption,1704528324160000000,0.09976412765539147,paolo-laptop,smartwatts-formula
power_consumption,1704528325162000000,0.1088035245039119,paolo-laptop,smartwatts-formula
power_consumption,1704528326166000000,0.07715413154160039,paolo-laptop,smartwatts-formula
power_consumption,1704528327169000000,0.06360839969063484,paolo-laptop,smartwatts-formula
power_consumption,1704528328170000000,0.09760889711257652,paolo-laptop,smartwatts-formula
power_consumption,1704528329172000000,0.10897238893853117,paolo-laptop,smartwatts-formula
power_consumption,1704528330176000000,0.08638089015178183,paolo-laptop,smartwatts-formula
power_consumption,1704528331178000000,0.10584791985760447,paolo-laptop,smartwatts-formula
power_consumption,1704528332180000000,0.0941332190579915,paolo-laptop,smartwatts-formula
power_consumption,1704528333183000000,0.10369193090370088,paolo-laptop,smartwatts-formula
power_consumption,1704528334188000000,0.06647094508105075,paolo-laptop,smartwatts-formula
power_consumption,1704528335194000000,0.1291137104463982,paolo-laptop,smartwatts-formula
power_consumption,1704528336211000000,0.06950285933886693,paolo-laptop,smartwatts-formula
power_consumption,1704528337225000000,0.14134261139800433,paolo-laptop,smartwatts-formula
power_consumption,1704528338227000000,0.1323812659666027,paolo-laptop,smartwatts-formula
power_consumption,1704528339230000000,0.13697710245515807,paolo-laptop,smartwatts-formula
power_consumption,1704528340232000000,0.1346271841184408,paolo-laptop,smartwatts-formula
power_consumption,1704528341234000000,0.113787946594918,paolo-laptop,smartwatts-formula
power_consumption,1704528342235000000,0.09948746036086055,paolo-laptop,smartwatts-formula
power_consumption,1704528343238000000,0.12246523963290613,paolo-laptop,smartwatts-formula
power_consumption,1704528344240000000,0.1397643401851273,paolo-laptop,smartwatts-formula
power_consumption,1704528345242000000,0.23431238089053275,paolo-laptop,smartwatts-formula
power_consumption,1704528346248000000,0.09648403048479995,paolo-laptop,smartwatts-formula
power_consumption,1704528347253000000,0.11223739095423152,paolo-laptop,smartwatts-formula
power_consumption,1704528348255000000,0.09953118140682661,paolo-laptop,smartwatts-formula
power_consumption,1704528349257000000,0.13006596484935784,paolo-laptop,smartwatts-formula
power_consumption,1704528350259000000,0.11836804956993482,paolo-laptop,smartwatts-formula
power_consumption,1704528351261000000,0.13180133763637847,paolo-laptop,smartwatts-formula
power_consumption,1704528352263000000,0.1299251455087586,paolo-laptop,smartwatts-formula
power_consumption,1704528353266000000,0.11947373362566818,paolo-laptop,smartwatts-formula
power_consumption,1704528354267000000,0.11980904281945752,paolo-laptop,smartwatts-formula
power_consumption,1704528355269000000,0.12860528895284373,paolo-laptop,smartwatts-formula
power_consumption,1704528356271000000,0.12595752641495217,paolo-laptop,smartwatts-formula
power_consumption,1704528357273000000,0.12252582055074036,paolo-laptop,smartwatts-formula
power_consumption,1704528358275000000,0.1353684689541339,paolo-laptop,smartwatts-formula
power_consumption,1704528359277000000,0.129436376315538,paolo-laptop,smartwatts-formula
power_consumption,1704528360280000000,0.15790398023223715,paolo-laptop,smartwatts-formula
power_consumption,1704528362286000000,0.10407149844024532,paolo-laptop,smartwatts-formula
power_consumption,1704528363288000000,0.10317904074454354,paolo-laptop,smartwatts-formula
power_consumption,1704528364292000000,0.16200762726298112,paolo-laptop,smartwatts-formula
power_consumption,1704528366296000000,0.1010961172366674,paolo-laptop,smartwatts-formula
power_consumption,1704528368298000000,0.15166508959394973,paolo-laptop,smartwatts-formula
power_consumption,1704528369300000000,0.17572813876913512,paolo-laptop,smartwatts-formula
power_consumption,1704528370302000000,0.1839865019832683,paolo-laptop,smartwatts-formula
power_consumption,1704528371303000000,0.13500421465581028,paolo-laptop,smartwatts-formula
power_consumption,1704528372305000000,0.14466875389397502,paolo-laptop,smartwatts-formula
power_consumption,1704528373307000000,0.11850058637739845,paolo-laptop,smartwatts-formula
power_consumption,1704528374309000000,0.16880496651686192,paolo-laptop,smartwatts-formula
power_consumption,1704528375311000000,0.16370654541645285,paolo-laptop,smartwatts-formula
power_consumption,1704528376313000000,0.15009549099210662,paolo-laptop,smartwatts-formula
power_consumption,1704528377316000000,0.29954422014187526,paolo-laptop,smartwatts-formula
power_consumption,1704528380333000000,0.11402960270578022,paolo-laptop,smartwatts-formula
power_consumption,1704528381335000000,0.07037146281883915,paolo-laptop,smartwatts-formula
power_consumption,1704528382337000000,0.11280636766973572,paolo-laptop,smartwatts-formula
power_consumption,1704528383339000000,0.1330929171656339,paolo-laptop,smartwatts-formula
power_consumption,1704528384343000000,0.10405073552725334,paolo-laptop,smartwatts-formula
power_consumption,1704528387350000000,0.09431526013738192,paolo-laptop,smartwatts-formula
power_consumption,1704528388353000000,0.10505769611005725,paolo-laptop,smartwatts-formula
power_consumption,1704528389355000000,0.10606871920360131,paolo-laptop,smartwatts-formula
power_consumption,1704528390356000000,0.06755874747217204,paolo-laptop,smartwatts-formula
power_consumption,1704528391358000000,0.049856367173471944,paolo-laptop,smartwatts-formula
power_consumption,1704528392360000000,0.09625737168395815,paolo-laptop,smartwatts-formula
power_consumption,1704528394367000000,0.09690616362976402,paolo-laptop,smartwatts-formula
power_consumption,1704528395369000000,0.10047357374967229,paolo-laptop,smartwatts-formula
power_consumption,1704528396372000000,0.08326983491950724,paolo-laptop,smartwatts-formula
power_consumption,1704528397375000000,0.12039196973608114,paolo-laptop,smartwatts-formula
power_consumption,1704528398381000000,0.11160997735208877,paolo-laptop,smartwatts-formula
power_consumption,1704528399389000000,0.048331284107307707,paolo-laptop,smartwatts-formula
power_consumption,1704528401395000000,0.11670001542206854,paolo-laptop,smartwatts-formula
power_consumption,1704528402398000000,0.1961397424738443,paolo-laptop,smartwatts-formula
power_consumption,1704528403403000000,0.17566620521676257,paolo-laptop,smartwatts-formula
power_consumption,1704528404413000000,0.10478929905161083,paolo-laptop,smartwatts-formula
power_consumption,1704528406425000000,0.17621912241349363,paolo-laptop,smartwatts-formula
power_consumption,1704528408431000000,0.12095334882259409,paolo-laptop,smartwatts-formula
power_consumption,1704528409432000000,0.16948966378686867,paolo-laptop,smartwatts-formula
power_consumption,1704528410436000000,0.1376784542379071,paolo-laptop,smartwatts-formula
power_consumption,1704528411438000000,0.0582356202348918,paolo-laptop,smartwatts-formula
power_consumption,1704528412442000000,0.12427391314565485,paolo-laptop,smartwatts-formula
power_consumption,1704528417459000000,0.10713952522785228,paolo-laptop,smartwatts-formula
power_consumption,1704528418462000000,0.10409768099903274,paolo-laptop,smartwatts-formula
power_consumption,1704528419467000000,0.05136100129466356,paolo-laptop,smartwatts-formula
power_consumption,1704528421470000000,0.11265627479345831,paolo-laptop,smartwatts-formula
power_consumption,1704528422472000000,0.08283981282449282,paolo-laptop,smartwatts-formula
power_consumption,1704528423474000000,0.12792005414108232,paolo-laptop,smartwatts-formula
power_consumption,1704528424475000000,0.23643457026369064,paolo-laptop,smartwatts-formula
power_consumption,1704528425479000000,0.21258299961579127,paolo-laptop,smartwatts-formula
power_consumption,1704528426483000000,0.09471133408100117,paolo-laptop,smartwatts-formula
power_consumption,1704528427485000000,0.10894059497602873,paolo-laptop,smartwatts-formula
power_consumption,1704528428489000000,0.28291213918240254,paolo-laptop,smartwatts-formula
power_consumption,1704528429493000000,0.17928844203176075,paolo-laptop,smartwatts-formula
power_consumption,1704528430497000000,0.17321878478714114,paolo-laptop,smartwatts-formula
power_consumption,1704528431499000000,0.09214099897724862,paolo-laptop,smartwatts-formula
power_consumption,1704528432500000000,0.06864997254631477,paolo-laptop,smartwatts-formula
power_consumption,1704528433504000000,0.1631734906766377,paolo-laptop,smartwatts-formula
power_consumption,1704528434506000000,0.17460994689221493,paolo-laptop,smartwatts-formula
power_consumption,1704528435507000000,0.113087069706012,paolo-laptop,smartwatts-formula
power_consumption,1704528436510000000,0.109202899319869,paolo-laptop,smartwatts-formula
power_consumption,1704528437514000000,0.14132173108989415,paolo-laptop,smartwatts-formula
power_consumption,1704528438518000000,0.0665345891999656,paolo-laptop,smartwatts-formula
power_consumption,1704528439520000000,0.06725990836640273,paolo-laptop,smartwatts-formula
power_consumption,1704528440521000000,0.10675092784930851,paolo-laptop,smartwatts-formula
power_consumption,1704528441523000000,0.11221832405554413,paolo-laptop,smartwatts-formula
power_consumption,1704528442526000000,0.08847767790573124,paolo-laptop,smartwatts-formula
power_consumption,1704528443530000000,0.10797745692199001,paolo-laptop,smartwatts-formula
power_consumption,1704528444533000000,0.17863485660946637,paolo-laptop,smartwatts-formula
power_consumption,1704528445534000000,0.12450310038260883,paolo-laptop,smartwatts-formula
power_consumption,1704528446536000000,0.19570005948989844,paolo-laptop,smartwatts-formula
power_consumption,1704528447537000000,0.0997019453813814,paolo-laptop,smartwatts-formula
power_consumption,1704528448539000000,0.0993936345244032,paolo-laptop,smartwatts-formula
power_consumption,1704528449540000000,0.08604280707420997,paolo-laptop,smartwatts-formula
power_consumption,1704528450542000000,0.10702892638580157,paolo-laptop,smartwatts-formula
power_consumption,1704528451545000000,0.10634514024744719,paolo-laptop,smartwatts-formula
power_consumption,1704528452547000000,0.1095747060541159,paolo-laptop,smartwatts-formula
power_consumption,1704528453549000000,0.1368899969397619,paolo-laptop,smartwatts-formula
power_consumption,1704528454552000000,0.12079147684743027,paolo-laptop,smartwatts-formula
power_consumption,1704528455555000000,0.10805178506383617,paolo-laptop,smartwatts-formula
power_consumption,1704528456559000000,0.09148556175896361,paolo-laptop,smartwatts-formula
power_consumption,1704528457561000000,0.06933192568779986,paolo-laptop,smartwatts-formula
power_consumption,1704528458563000000,0.20083477665967286,paolo-laptop,smartwatts-formula
power_consumption,1704528459565000000,0.16439424452036636,paolo-laptop,smartwatts-formula
power_consumption,1704528460570000000,0.10587340792767604,paolo-laptop,smartwatts-formula
power_consumption,1704528461573000000,0.09033783026777138,paolo-laptop,smartwatts-formula
power_consumption,1704528462576000000,0.10527022485855464,paolo-laptop,smartwatts-formula
power_consumption,1704528463578000000,0.12548016340812765,paolo-laptop,smartwatts-formula
power_consumption,1704528464580000000,0.1267331759201776,paolo-laptop,smartwatts-formula
power_consumption,1704528465583000000,0.12191753069009621,paolo-laptop,smartwatts-formula
power_consumption,1704528466590000000,0.12787498202335734,paolo-laptop,smartwatts-formula
power_consumption,1704528467592000000,0.11259316442988199,paolo-laptop,smartwatts-formula
power_consumption,1704528468595000000,0.11240090202839353,paolo-laptop,smartwatts-formula
power_consumption,1704528469597000000,0.08256587222195426,paolo-laptop,smartwatts-formula
power_consumption,1704528470601000000,0.10554340936225483,paolo-laptop,smartwatts-formula
power_consumption,1704528471603000000,0.08521733393673017,paolo-laptop,smartwatts-formula
power_consumption,1704528472605000000,0.10481231151029377,paolo-laptop,smartwatts-formula
power_consumption,1704528473607000000,0.11634055795669085,paolo-laptop,smartwatts-formula
power_consumption,1704528474609000000,0.11103615347758117,paolo-laptop,smartwatts-formula
power_consumption,1704528475611000000,0.1211273683334615,paolo-laptop,smartwatts-formula
power_consumption,1704528476613000000,0.1055909612483611,paolo-laptop,smartwatts-formula
power_consumption,1704528477614000000,0.12034554548411826,paolo-laptop,smartwatts-formula
power_consumption,1704528478616000000,0.11934743328800371,paolo-laptop,smartwatts-formula
power_consumption,1704528479618000000,0.1167634456968473,paolo-laptop,smartwatts-formula
power_consumption,1704528480620000000,0.11518065970268737,paolo-laptop,smartwatts-formula
power_consumption,1704528481622000000,0.10660064973468683,paolo-laptop,smartwatts-formula
power_consumption,1704528482624000000,0.11839417091022704,paolo-laptop,smartwatts-formula
power_consumption,1704528483626000000,0.06891760542651001,paolo-laptop,smartwatts-formula
power_consumption,1704528484627000000,0.12463689892991192,paolo-laptop,smartwatts-formula
power_consumption,1704528485629000000,0.11398219775911364,paolo-laptop,smartwatts-formula
power_consumption,1704528486631000000,0.1087117211073362,paolo-laptop,smartwatts-formula
power_consumption,1704528487633000000,0.11389609388144424,paolo-laptop,smartwatts-formula
power_consumption,1704528488636000000,0.114936251612719,paolo-laptop,smartwatts-formula
power_consumption,1704528489638000000,0.10998488316734709,paolo-laptop,smartwatts-formula
power_consumption,1704528490640000000,0.12184217981799308,paolo-laptop,smartwatts-formula
power_consumption,1704528491643000000,0.08581806845424056,paolo-laptop,smartwatts-formula
power_consumption,1704528492645000000,0.09213125023909169,paolo-laptop,smartwatts-formula
power_consumption,1704528493649000000,0.10754084378133054,paolo-laptop,smartwatts-formula
power_consumption,1704528494651000000,0.06603605293131673,paolo-laptop,smartwatts-formula
power_consumption,1704528495652000000,0.07199166368521531,paolo-laptop,smartwatts-formula
power_consumption,1704528496653000000,0.07007500239976609,paolo-laptop,smartwatts-formula
power_consumption,1704528497655000000,0.14159820769413184,paolo-laptop,smartwatts-formula
power_consumption,1704528498657000000,0.13454659762734164,paolo-laptop,smartwatts-formula
power_consumption,1704528499660000000,0.16114495721779626,paolo-laptop,smartwatts-formula
power_consumption,1704528500662000000,0.17099535030343038,paolo-laptop,smartwatts-formula
power_consumption,1704528501664000000,0.10788624771478592,paolo-laptop,smartwatts-formula
power_consumption,1704528502668000000,0.08573612254808324,paolo-laptop,smartwatts-formula
power_consumption,1704528503670000000,0.06740357644882601,paolo-laptop,smartwatts-formula
power_consumption,1704528504672000000,0.16182735172109683,paolo-laptop,smartwatts-formula
power_consumption,1704528505677000000,0.07757547874947629,paolo-laptop,smartwatts-formula
power_consumption,1704528507683000000,0.10338819293318019,paolo-laptop,smartwatts-formula
power_consumption,1704528508685000000,0.18054295779811014,paolo-laptop,smartwatts-formula
power_consumption,1704528509686000000,0.1325681117881009,paolo-laptop,smartwatts-formula
power_consumption,1704528510688000000,0.15082223319151294,paolo-laptop,smartwatts-formula
power_consumption,1704528511692000000,0.2110895353561734,paolo-laptop,smartwatts-formula
power_consumption,1704528513702000000,0.19862040550262283,paolo-laptop,smartwatts-formula
power_consumption,1704528514704000000,0.09678655167415064,paolo-laptop,smartwatts-formula
power_consumption,1704528515705000000,0.136136856362085,paolo-laptop,smartwatts-formula
power_consumption,1704528516707000000,0.14387331021778144,paolo-laptop,smartwatts-formula
power_consumption,1704528517710000000,0.13016670944251418,paolo-laptop,smartwatts-formula
power_consumption,1704528518714000000,0.23676957550248257,paolo-laptop,smartwatts-formula
power_consumption,1704528519716000000,0.0751220044263508,paolo-laptop,smartwatts-formula
power_consumption,1704528520718000000,0.16706878672071607,paolo-laptop,smartwatts-formula
power_consumption,1704528521719000000,0.1673858615119635,paolo-laptop,smartwatts-formula
power_consumption,1704528522723000000,0.17094040813990388,paolo-laptop,smartwatts-formula
power_consumption,1704528523725000000,0.2513167156983935,paolo-laptop,smartwatts-formula
power_consumption,1704528524726000000,0.09554039942756672,paolo-laptop,smartwatts-formula
power_consumption,1704528525728000000,0.09295598183802042,paolo-laptop,smartwatts-formula
power_consumption,1704528526731000000,0.24851045551131165,paolo-laptop,smartwatts-formula
power_consumption,1704528527733000000,0.11189928345916808,paolo-laptop,smartwatts-formula
power_consumption,1704528528735000000,0.10906855186345557,paolo-laptop,smartwatts-formula
power_consumption,1704528529737000000,0.11545999092522105,paolo-laptop,smartwatts-formula
power_consumption,1704528530741000000,0.11644775057368294,paolo-laptop,smartwatts-formula
power_consumption,1704528531744000000,0.11198758171421136,paolo-laptop,smartwatts-formula
power_consumption,1704528532746000000,0.11322025277775727,paolo-laptop,smartwatts-formula
power_consumption,1704528533748000000,0.11356222072754932,paolo-laptop,smartwatts-formula
power_consumption,1704528534751000000,0.11106064524233578,paolo-laptop,smartwatts-formula
power_consumption,1704528535753000000,0.12013403045437715,paolo-laptop,smartwatts-formula
power_consumption,1704528536755000000,0.12258326653261623,paolo-laptop,smartwatts-formula
power_consumption,1704528537761000000,0.20271406683298993,paolo-laptop,smartwatts-formula
power_consumption,1704528538764000000,0.10279121760584063,paolo-laptop,smartwatts-formula
power_consumption,1704528539766000000,0.11752696933525951,paolo-laptop,smartwatts-formula
power_consumption,1704528540768000000,0.12204118688845522,paolo-laptop,smartwatts-formula
power_consumption,1704528541770000000,0.11402621400240853,paolo-laptop,smartwatts-formula
power_consumption,1704528542773000000,0.11412263554500779,paolo-laptop,smartwatts-formula
power_consumption,1704528543775000000,0.11340235058694285,paolo-laptop,smartwatts-formula
power_consumption,1704528544777000000,0.10657076473701979,paolo-laptop,smartwatts-formula
power_consumption,1704528545782000000,0.11325756340394794,paolo-laptop,smartwatts-formula
power_consumption,1704528546784000000,0.10795058636672034,paolo-laptop,smartwatts-formula
power_consumption,1704528547786000000,0.10952518121350485,paolo-laptop,smartwatts-formula
power_consumption,1704528548788000000,0.07390254024897204,paolo-laptop,smartwatts-formula
power_consumption,1704528549791000000,0.10903754131879602,paolo-laptop,smartwatts-formula
power_consumption,1704528550796000000,0.06899228757151105,paolo-laptop,smartwatts-formula
power_consumption,1704528552806000000,0.14007481445964803,paolo-laptop,smartwatts-formula
power_consumption,1704528553809000000,0.19312578653550563,paolo-laptop,smartwatts-formula
power_consumption,1704528555813000000,0.10855908653341254,paolo-laptop,smartwatts-formula
power_consumption,1704528556814000000,0.10442234163732655,paolo-laptop,smartwatts-formula
power_consumption,1704528557818000000,0.07875746533674471,paolo-laptop,smartwatts-formula
power_consumption,1704528558820000000,0.061188861665758175,paolo-laptop,smartwatts-formula
power_consumption,1704528559823000000,0.06785649283896233,paolo-laptop,smartwatts-formula
power_consumption,1704528560827000000,0.10533062468539245,paolo-laptop,smartwatts-formula
power_consumption,1704528561829000000,0.09963607470354663,paolo-laptop,smartwatts-formula
power_consumption,1704528562830000000,0.09951118961462563,paolo-laptop,smartwatts-formula
power_consumption,1704528563834000000,0.06736761901296388,paolo-laptop,smartwatts-formula
power_consumption,1704528564839000000,0.2048631947085512,paolo-laptop,smartwatts-formula
power_consumption,1704528565841000000,0.12733358915055812,paolo-laptop,smartwatts-formula
power_consumption,1704528566845000000,0.1227240683861996,paolo-laptop,smartwatts-formula
power_consumption,1704528567849000000,0.23019351351261133,paolo-laptop,smartwatts-formula
power_consumption,1704528568851000000,0.16563031085021232,paolo-laptop,smartwatts-formula
power_consumption,1704528569855000000,0.06961818097077341,paolo-laptop,smartwatts-formula
power_consumption,1704528570859000000,0.10546987380706743,paolo-laptop,smartwatts-formula
power_consumption,1704528571861000000,0.12446738116232384,paolo-laptop,smartwatts-formula
power_consumption,1704528572865000000,0.10767688030435121,paolo-laptop,smartwatts-formula
power_consumption,1704528573869000000,0.23353671044135504,paolo-laptop,smartwatts-formula
power_consumption,1704528574873000000,0.2397803221992506,paolo-laptop,smartwatts-formula
power_consumption,1704528576881000000,0.21377758991652812,paolo-laptop,smartwatts-formula
power_consumption,1704528577885000000,0.09167485185609275,paolo-laptop,smartwatts-formula
power_consumption,1704528578890000000,0.12388277319362956,paolo-laptop,smartwatts-formula
power_consumption,1704528579892000000,0.09157320939130616,paolo-laptop,smartwatts-formula
power_consumption,1704528580894000000,0.10612712095802496,paolo-laptop,smartwatts-formula
power_consumption,1704528581895000000,0.08430944425212308,paolo-laptop,smartwatts-formula
power_consumption,1704528582897000000,0.22186208349230718,paolo-laptop,smartwatts-formula
power_consumption,1704528583898000000,0.125216483246177,paolo-laptop,smartwatts-formula
power_consumption,1704528584903000000,0.10290090853217311,paolo-laptop,smartwatts-formula
power_consumption,1704528586909000000,0.18553821049922556,paolo-laptop,smartwatts-formula
power_consumption,1704528587911000000,0.10698147758462842,paolo-laptop,smartwatts-formula
power_consumption,1704528588914000000,0.18938681385084116,paolo-laptop,smartwatts-formula
power_consumption,1704528589916000000,0.10087213536987753,paolo-laptop,smartwatts-formula
power_consumption,1704528590917000000,0.143395444087851,paolo-laptop,smartwatts-formula
power_consumption,1704528591918000000,0.21530623279967664,paolo-laptop,smartwatts-formula
power_consumption,1704528592920000000,0.06037575026655253,paolo-laptop,smartwatts-formula
power_consumption,1704528593923000000,0.09870752740586841,paolo-laptop,smartwatts-formula
power_consumption,1704528594926000000,0.10285376670138212,paolo-laptop,smartwatts-formula
power_consumption,1704528595928000000,0.10588146843998286,paolo-laptop,smartwatts-formula
power_consumption,1704528596931000000,0.11293921415633998,paolo-laptop,smartwatts-formula
power_consumption,1704528597933000000,0.06830739341624174,paolo-laptop,smartwatts-formula
power_consumption,1704528598935000000,0.07148336333296582,paolo-laptop,smartwatts-formula
power_consumption,1704528599938000000,0.1137526189312584,paolo-laptop,smartwatts-formula
power_consumption,1704528600941000000,0.11842433499364359,paolo-laptop,smartwatts-formula
power_consumption,1704528601943000000,0.10054374904811586,paolo-laptop,smartwatts-formula
power_consumption,1704528602945000000,0.10758266612130087,paolo-laptop,smartwatts-formula
power_consumption,1704528603950000000,0.139655651765239,paolo-laptop,smartwatts-formula
power_consumption,1704528604956000000,0.2008193522969296,paolo-laptop,smartwatts-formula
power_consumption,1704528605960000000,0.07958646618550982,paolo-laptop,smartwatts-formula
power_consumption,1704528606962000000,0.10439126601682841,paolo-laptop,smartwatts-formula
power_consumption,1704528607967000000,0.09290939298630298,paolo-laptop,smartwatts-formula
power_consumption,1704528608969000000,0.09340904173034684,paolo-laptop,smartwatts-formula
power_consumption,1704528609977000000,0.10348825702233083,paolo-laptop,smartwatts-formula
power_consumption,1704528610979000000,0.11167728766566809,paolo-laptop,smartwatts-formula
power_consumption,1704528611981000000,0.10784049524531561,paolo-laptop,smartwatts-formula
power_consumption,1704528612983000000,0.10708562800592764,paolo-laptop,smartwatts-formula
power_consumption,1704528613986000000,0.10917972164694115,paolo-laptop,smartwatts-formula
power_consumption,1704528614987000000,0.0978384482215493,paolo-laptop,smartwatts-formula
power_consumption,1704528615989000000,0.11987313961880958,paolo-laptop,smartwatts-formula
power_consumption,1704528616991000000,0.1068467615465589,paolo-laptop,smartwatts-formula
power_consumption,1704528617993000000,0.113683967617241,paolo-laptop,smartwatts-formula
power_consumption,1704528618995000000,0.11854861936321064,paolo-laptop,smartwatts-formula
power_consumption,1704528619998000000,0.11863281633090522,paolo-laptop,smartwatts-formula
power_consumption,1704528621000000000,0.10561267500632367,paolo-laptop,smartwatts-formula
power_consumption,1704528622002000000,0.10783737682095945,paolo-laptop,smartwatts-formula
power_consumption,1704528623004000000,0.1149188329618252,paolo-laptop,smartwatts-formula
power_consumption,1704528624007000000,0.1078520665354955,paolo-laptop,smartwatts-formula
power_consumption,1704528625010000000,0.1060660709161129,paolo-laptop,smartwatts-formula
power_consumption,1704528626011000000,0.11746167580606404,paolo-laptop,smartwatts-formula
power_consumption,1704528627013000000,0.09399687695078779,paolo-laptop,smartwatts-formula
power_consumption,1704528628015000000,0.10450494562169534,paolo-laptop,smartwatts-formula
power_consumption,1704528629017000000,0.10641971456120247,paolo-laptop,smartwatts-formula
power_consumption,1704528630019000000,0.11508025960531851,paolo-laptop,smartwatts-formula
power_consumption,1704528631022000000,0.10644933627898648,paolo-laptop,smartwatts-formula
power_consumption,1704528632024000000,0.10703868153143248,paolo-laptop,smartwatts-formula
power_consumption,1704528633027000000,0.10579163980075218,paolo-laptop,smartwatts-formula
power_consumption,1704528634028000000,0.12076224949457741,paolo-laptop,smartwatts-formula
power_consumption,1704528635032000000,0.09025626871547361,paolo-laptop,smartwatts-formula
power_consumption,1704528637037000000,0.12027879085217101,paolo-laptop,smartwatts-formula
power_consumption,1704528638039000000,0.11918579734405038,paolo-laptop,smartwatts-formula
power_consumption,1704528639041000000,0.13023247752529482,paolo-laptop,smartwatts-formula
power_consumption,1704528640042000000,0.10602285650820739,paolo-laptop,smartwatts-formula
power_consumption,1704528641046000000,0.1020063743462125,paolo-laptop,smartwatts-formula
power_consumption,1704528642051000000,0.09179486808907572,paolo-laptop,smartwatts-formula
power_consumption,1704528643054000000,0.09700631201407856,paolo-laptop,smartwatts-formula
power_consumption,1704528644056000000,0.09210148324205465,paolo-laptop,smartwatts-formula
power_consumption,1704528645061000000,0.10538101126589429,paolo-laptop,smartwatts-formula
power_consumption,1704528646067000000,0.23400331613706005,paolo-laptop,smartwatts-formula
power_consumption,1704528647071000000,0.19704045847070129,paolo-laptop,smartwatts-formula
power_consumption,1704528648073000000,0.09182423516077924,paolo-laptop,smartwatts-formula
power_consumption,1704528649075000000,0.07284958035418708,paolo-laptop,smartwatts-formula
power_consumption,1704528650079000000,0.2522140156788886,paolo-laptop,smartwatts-formula
power_consumption,1704528651081000000,0.1802018848917291,paolo-laptop,smartwatts-formula
power_consumption,1704528652083000000,0.12110997806598936,paolo-laptop,smartwatts-formula
power_consumption,1704528653085000000,0.07580161647899543,paolo-laptop,smartwatts-formula
power_consumption,1704528654087000000,0.20232052002632056,paolo-laptop,smartwatts-formula
power_consumption,1704528655088000000,0.1987753582961586,paolo-laptop,smartwatts-formula
power_consumption,1704528656090000000,0.10894364367964585,paolo-laptop,smartwatts-formula
power_consumption,1704528657092000000,0.12388529174327687,paolo-laptop,smartwatts-formula
power_consumption,1704528658094000000,0.13403919646073875,paolo-laptop,smartwatts-formula
power_consumption,1704528659096000000,0.09711559828142464,paolo-laptop,smartwatts-formula
power_consumption,1704528660098000000,0.08919486031149484,paolo-laptop,smartwatts-formula
power_consumption,1704528661100000000,0.20274828409746634,paolo-laptop,smartwatts-formula
power_consumption,1704528662102000000,0.12669832112208051,paolo-laptop,smartwatts-formula
power_consumption,1704528663105000000,0.1295540384011764,paolo-laptop,smartwatts-formula
power_consumption,1704528664107000000,0.11630249657669774,paolo-laptop,smartwatts-formula
power_consumption,1704528665110000000,0.10003023518121124,paolo-laptop,smartwatts-formula
power_consumption,1704528666114000000,0.0987597046933924,paolo-laptop,smartwatts-formula
power_consumption,1704528667119000000,0.17793730464287477,paolo-laptop,smartwatts-formula
power_consumption,1704528668122000000,0.06542419295995373,paolo-laptop,smartwatts-formula
power_consumption,1704528669134000000,0.07478984956508268,paolo-laptop,smartwatts-formula
power_consumption,1704528670138000000,0.22066554298478672,paolo-laptop,smartwatts-formula
power_consumption,1704528671143000000,0.13614496275863885,paolo-laptop,smartwatts-formula
power_consumption,1704528672145000000,0.0801685482549006,paolo-laptop,smartwatts-formula
power_consumption,1704528673149000000,0.09034090180547993,paolo-laptop,smartwatts-formula
power_consumption,1704528674155000000,0.20258819885143722,paolo-laptop,smartwatts-formula
power_consumption,1704528675158000000,0.11516979038253279,paolo-laptop,smartwatts-formula
power_consumption,1704528676165000000,0.07506516631415441,paolo-laptop,smartwatts-formula
power_consumption,1704528677192000000,0.20083553573919355,paolo-laptop,smartwatts-formula
power_consumption,1704528678194000000,0.125660672948423,paolo-laptop,smartwatts-formula
power_consumption,1704528679199000000,0.21157403354255097,paolo-laptop,smartwatts-formula
power_consumption,1704528680203000000,0.09626541973747259,paolo-laptop,smartwatts-formula
power_consumption,1704528681204000000,0.25683939673977924,paolo-laptop,smartwatts-formula
power_consumption,1704528682208000000,0.0663714895823798,paolo-laptop,smartwatts-formula
power_consumption,1704528683210000000,0.07444417918992229,paolo-laptop,smartwatts-formula
power_consumption,1704528684214000000,0.06661950149856163,paolo-laptop,smartwatts-formula
power_consumption,1704528685216000000,0.08929948026831662,paolo-laptop,smartwatts-formula
power_consumption,1704528686220000000,0.09395518357328482,paolo-laptop,smartwatts-formula
power_consumption,1704528687222000000,0.09050695810364198,paolo-laptop,smartwatts-formula
power_consumption,1704528688224000000,0.22529870242811642,paolo-laptop,smartwatts-formula
power_consumption,1704528689228000000,0.0687909883595949,paolo-laptop,smartwatts-formula
power_consumption,1704528690232000000,0.16550735613495351,paolo-laptop,smartwatts-formula
power_consumption,1704528691234000000,0.09282431207125912,paolo-laptop,smartwatts-formula
power_consumption,1704528692235000000,0.07316090275849914,paolo-laptop,smartwatts-formula
power_consumption,1704528693239000000,0.19366716971346346,paolo-laptop,smartwatts-formula
power_consumption,1704528694242000000,0.09107816137296867,paolo-laptop,smartwatts-formula
power_consumption,1704528696246000000,0.06916571609382494,paolo-laptop,smartwatts-formula
power_consumption,1704528697250000000,0.09686361619764058,paolo-laptop,smartwatts-formula
power_consumption,1704528698252000000,0.08910215612363653,paolo-laptop,smartwatts-formula
power_consumption,1704528699256000000,0.13877680107006907,paolo-laptop,smartwatts-formula
power_consumption,1704528700258000000,0.16597613046242607,paolo-laptop,smartwatts-formula
power_consumption,1704528701262000000,0.17215555245901532,paolo-laptop,smartwatts-formula
power_consumption,1704528702263000000,0.08554466278096713,paolo-laptop,smartwatts-formula
power_consumption,1704528703265000000,0.11023866304601432,paolo-laptop,smartwatts-formula
power_consumption,1704528704269000000,0.10714874547432339,paolo-laptop,smartwatts-formula
power_consumption,1704528705271000000,0.08810035079678036,paolo-laptop,smartwatts-formula
power_consumption,1704528706274000000,0.25429176864057906,paolo-laptop,smartwatts-formula
power_consumption,1704528707278000000,0.21690039821434395,paolo-laptop,smartwatts-formula
power_consumption,1704528708280000000,0.09183689113947269,paolo-laptop,smartwatts-formula
power_consumption,1704528709284000000,0.10131447894900963,paolo-laptop,smartwatts-formula
power_consumption,1704528710288000000,0.11946029476130854,paolo-laptop,smartwatts-formula
power_consumption,1704528711290000000,0.18998959569616017,paolo-laptop,smartwatts-formula
power_consumption,1704528712294000000,0.1410216653967809,paolo-laptop,smartwatts-formula
power_consumption,1704528713296000000,0.09190294782942843,paolo-laptop,smartwatts-formula
power_consumption,1704528714300000000,0.24299190002119941,paolo-laptop,smartwatts-formula
power_consumption,1704528715304000000,0.12337903151724358,paolo-laptop,smartwatts-formula
power_consumption,1704528716307000000,0.08310283816156169,paolo-laptop,smartwatts-formula
power_consumption,1704528717309000000,0.10375961208595344,paolo-laptop,smartwatts-formula
power_consumption,1704528718311000000,0.0798955183259592,paolo-laptop,smartwatts-formula
power_consumption,1704528719313000000,0.06537490243067068,paolo-laptop,smartwatts-formula
power_consumption,1704528720315000000,0.11587674246170605,paolo-laptop,smartwatts-formula
power_consumption,1704528721316000000,0.1356389010184763,paolo-laptop,smartwatts-formula
power_consumption,1704528722318000000,0.1361600661292341,paolo-laptop,smartwatts-formula
power_consumption,1704528723321000000,0.13442380423743716,paolo-laptop,smartwatts-formula
power_consumption,1704528724322000000,0.055041765461528926,paolo-laptop,smartwatts-formula
power_consumption,1704528725324000000,0.08089439880261814,paolo-laptop,smartwatts-formula
power_consumption,1704528726325000000,0.09593049131302624,paolo-laptop,smartwatts-formula
power_consumption,1704528728333000000,0.23543126510555124,paolo-laptop,smartwatts-formula
power_consumption,1704528729334000000,0.1327478149518635,paolo-laptop,smartwatts-formula
power_consumption,1704528730336000000,0.09633448776348882,paolo-laptop,smartwatts-formula
power_consumption,1704528731338000000,0.06951758292131568,paolo-laptop,smartwatts-formula
power_consumption,1704528732342000000,0.10974679212656543,paolo-laptop,smartwatts-formula
power_consumption,1704528733344000000,0.051098178148704834,paolo-laptop,smartwatts-formula
power_consumption,1704528734346000000,0.09891404998527006,paolo-laptop,smartwatts-formula
power_consumption,1704528735351000000,0.06864452514443818,paolo-laptop,smartwatts-formula
power_consumption,1704528736362000000,0.10780440273834456,paolo-laptop,smartwatts-formula
power_consumption,1704528737364000000,0.21121582857871918,paolo-laptop,smartwatts-formula
power_consumption,1704528738368000000,0.19076302237137388,paolo-laptop,smartwatts-formula
power_consumption,1704528739370000000,0.19815324233218035,paolo-laptop,smartwatts-formula
power_consumption,1704528740373000000,0.09748028248247947,paolo-laptop,smartwatts-formula
power_consumption,1704528741376000000,0.11543545188512913,paolo-laptop,smartwatts-formula
power_consumption,1704528742378000000,0.1652074739810917,paolo-laptop,smartwatts-formula
power_consumption,1704528743380000000,0.08708416331564105,paolo-laptop,smartwatts-formula
power_consumption,1704528744384000000,0.09679076640288709,paolo-laptop,smartwatts-formula
power_consumption,1704528745388000000,0.2529399214414232,paolo-laptop,smartwatts-formula
power_consumption,1704528746392000000,0.21542037319444848,paolo-laptop,smartwatts-formula
power_consumption,1704528748401000000,0.19317826482713787,paolo-laptop,smartwatts-formula
power_consumption,1704528749406000000,0.2434625424883713,paolo-laptop,smartwatts-formula
power_consumption,1704528750410000000,0.24287836807891305,paolo-laptop,smartwatts-formula
power_consumption,1704528752418000000,0.24659837455303613,paolo-laptop,smartwatts-formula
power_consumption,1704528753422000000,0.23942747008316745,paolo-laptop,smartwatts-formula
power_consumption,1704528754424000000,0.0738347248426582,paolo-laptop,smartwatts-formula
power_consumption,1704528755426000000,0.11355868418784679,paolo-laptop,smartwatts-formula
power_consumption,1704528756428000000,0.21403384291173125,paolo-laptop,smartwatts-formula
power_consumption,1704528757430000000,0.06325213762308093,paolo-laptop,smartwatts-formula
power_consumption,1704528758432000000,0.08058567930218236,paolo-laptop,smartwatts-formula
power_consumption,1704528759433000000,0.06900254102770204,paolo-laptop,smartwatts-formula
power_consumption,1704528760435000000,0.09549604662511554,paolo-laptop,smartwatts-formula
power_consumption,1704528761436000000,0.10086427388906466,paolo-laptop,smartwatts-formula
power_consumption,1704528762438000000,0.10019455240687947,paolo-laptop,smartwatts-formula
power_consumption,1704528763440000000,0.06668851427544087,paolo-laptop,smartwatts-formula
power_consumption,1704528764443000000,0.06691173631728509,paolo-laptop,smartwatts-formula
power_consumption,1704528765447000000,0.13356006816418597,paolo-laptop,smartwatts-formula
power_consumption,1704528767456000000,0.24005950167758378,paolo-laptop,smartwatts-formula
power_consumption,1704528768460000000,0.11868682663143429,paolo-laptop,smartwatts-formula
power_consumption,1704528769465000000,0.19913903356441415,paolo-laptop,smartwatts-formula
power_consumption,1704528770472000000,0.10133754036997107,paolo-laptop,smartwatts-formula
power_consumption,1704528771474000000,0.09548076304098459,paolo-laptop,smartwatts-formula
power_consumption,1704528772476000000,0.10187903611944696,paolo-laptop,smartwatts-formula
power_consumption,1704528773477000000,0.12279095755447501,paolo-laptop,smartwatts-formula
power_consumption,1704528774479000000,0.07242344753497569,paolo-laptop,smartwatts-formula
power_consumption,1704528775483000000,0.11325530252529543,paolo-laptop,smartwatts-formula
power_consumption,1704528776487000000,0.25103181072958775,paolo-laptop,smartwatts-formula
power_consumption,1704528777489000000,0.2463247505996814,paolo-laptop,smartwatts-formula
power_consumption,1704528778490000000,0.1675075306829307,paolo-laptop,smartwatts-formula
power_consumption,1704528779493000000,0.10318824256576804,paolo-laptop,smartwatts-formula
power_consumption,1704528780495000000,0.10739499748628263,paolo-laptop,smartwatts-formula
power_consumption,1704528781497000000,0.10363976338832459,paolo-laptop,smartwatts-formula
power_consumption,1704528782498000000,0.08701866454587442,paolo-laptop,smartwatts-formula
power_consumption,1704528783504000000,0.13895379219084011,paolo-laptop,smartwatts-formula
power_consumption,1704528784507000000,0.11195171463569786,paolo-laptop,smartwatts-formula
power_consumption,1704528785509000000,0.08365896310956271,paolo-laptop,smartwatts-formula
power_consumption,1704528786511000000,0.10381421763714796,paolo-laptop,smartwatts-formula
power_consumption,1704528787517000000,0.10297740327915936,paolo-laptop,smartwatts-formula
power_consumption,1704528788520000000,0.08993520302671834,paolo-laptop,smartwatts-formula
power_consumption,1704528789522000000,0.09908863940524792,paolo-laptop,smartwatts-formula
power_consumption,1704528790523000000,0.11049361475736395,paolo-laptop,smartwatts-formula
power_consumption,1704528791528000000,0.07485858721589221,paolo-laptop,smartwatts-formula
power_consumption,1704528792530000000,0.23377538554729796,paolo-laptop,smartwatts-formula
power_consumption,1704528793533000000,0.09566926549939297,paolo-laptop,smartwatts-formula
power_consumption,1704528794543000000,0.09793146951024564,paolo-laptop,smartwatts-formula
power_consumption,1704528795546000000,0.0918088845857254,paolo-laptop,smartwatts-formula
power_consumption,1704528796549000000,0.18784704505064642,paolo-laptop,smartwatts-formula
power_consumption,1704528797553000000,0.20012206472601865,paolo-laptop,smartwatts-formula
power_consumption,1704528798555000000,0.24264055306344204,paolo-laptop,smartwatts-formula
power_consumption,1704528799557000000,0.11228478995103552,paolo-laptop,smartwatts-formula
power_consumption,1704528800561000000,0.07374425397216566,paolo-laptop,smartwatts-formula
power_consumption,1704528801565000000,0.11142148018396375,paolo-laptop,smartwatts-formula
power_consumption,1704528802569000000,0.24717526858598435,paolo-laptop,smartwatts-formula
power_consumption,1704528803573000000,0.23461802799166198,paolo-laptop,smartwatts-formula
power_consumption,1704528804577000000,0.2431106331945482,paolo-laptop,smartwatts-formula
power_consumption,1704528805581000000,0.24762188345142574,paolo-laptop,smartwatts-formula
power_consumption,1704528806583000000,0.09287633712669024,paolo-laptop,smartwatts-formula
power_consumption,1704528807587000000,0.0917512972785686,paolo-laptop,smartwatts-formula
power_consumption,1704528808591000000,0.2352986057729732,paolo-laptop,smartwatts-formula
power_consumption,1704528809595000000,0.09255285450664076,paolo-laptop,smartwatts-formula
power_consumption,1704528810597000000,0.2430407001199121,paolo-laptop,smartwatts-formula
power_consumption,1704528811600000000,0.07383824425174494,paolo-laptop,smartwatts-formula
power_consumption,1704528812604000000,0.09562351172871804,paolo-laptop,smartwatts-formula
power_consumption,1704528813609000000,0.17194420982884173,paolo-laptop,smartwatts-formula
power_consumption,1704528815616000000,0.5565247410802316,paolo-laptop,smartwatts-formula
power_consumption,1704528816620000000,0.19285789904004505,paolo-laptop,smartwatts-formula
power_consumption,1704528817624000000,0.25333305931820616,paolo-laptop,smartwatts-formula
power_consumption,1704528818626000000,0.117089506826548,paolo-laptop,smartwatts-formula
power_consumption,1704528819630000000,0.08800369372482314,paolo-laptop,smartwatts-formula
power_consumption,1704528820634000000,0.08399549907379325,paolo-laptop,smartwatts-formula
power_consumption,1704528821636000000,0.06502664855855991,paolo-laptop,smartwatts-formula
power_consumption,1704528822638000000,0.11452135446026519,paolo-laptop,smartwatts-formula
power_consumption,1704528823642000000,0.11493289981733879,paolo-laptop,smartwatts-formula
power_consumption,1704528824645000000,0.07124649584848244,paolo-laptop,smartwatts-formula
power_consumption,1704528825649000000,0.1101207022783362,paolo-laptop,smartwatts-formula
power_consumption,1704528826652000000,0.08974051389675106,paolo-laptop,smartwatts-formula
power_consumption,1704528827653000000,0.1346637967653863,paolo-laptop,smartwatts-formula
power_consumption,1704528828656000000,0.12109001644961813,paolo-laptop,smartwatts-formula
power_consumption,1704528829660000000,0.12973680566650708,paolo-laptop,smartwatts-formula
power_consumption,1704528830662000000,0.20289668023071095,paolo-laptop,smartwatts-formula
power_consumption,1704528831665000000,0.1581791473574626,paolo-laptop,smartwatts-formula
power_consumption,1704528832668000000,0.0781196397427784,paolo-laptop,smartwatts-formula
power_consumption,1704528833669000000,0.07575772684586425,paolo-laptop,smartwatts-formula
power_consumption,1704528834671000000,0.12218274249963226,paolo-laptop,smartwatts-formula
power_consumption,1704528835673000000,0.12537489082851494,paolo-laptop,smartwatts-formula
power_consumption,1704528836675000000,0.0708540185569663,paolo-laptop,smartwatts-formula
power_consumption,1704528837676000000,0.4099664565239072,paolo-laptop,smartwatts-formula
power_consumption,1704528838678000000,0.20812257287822516,paolo-laptop,smartwatts-formula
power_consumption,1704528839680000000,0.0729281996922748,paolo-laptop,smartwatts-formula
power_consumption,1704528840681000000,0.16518897423567402,paolo-laptop,smartwatts-formula
power_consumption,1704528841684000000,0.12622440145520078,paolo-laptop,smartwatts-formula
power_consumption,1704528842689000000,0.11816206454363493,paolo-laptop,smartwatts-formula
power_consumption,1704528843692000000,0.09835091958221401,paolo-laptop,smartwatts-formula
power_consumption,1704528844694000000,0.10850164048307348,paolo-laptop,smartwatts-formula
power_consumption,1704528845696000000,0.11159357987999666,paolo-laptop,smartwatts-formula
power_consumption,1704528846698000000,0.09702693996564521,paolo-laptop,smartwatts-formula
power_consumption,1704528847699000000,0.09856039721955759,paolo-laptop,smartwatts-formula
power_consumption,1704528848701000000,0.11700544446805264,paolo-laptop,smartwatts-formula
power_consumption,1704528849703000000,0.11166260940160072,paolo-laptop,smartwatts-formula
power_consumption,1704528850705000000,0.10845210089776416,paolo-laptop,smartwatts-formula
power_consumption,1704528851707000000,0.13424338458902546,paolo-laptop,smartwatts-formula
power_consumption,1704528852711000000,0.09751379831582153,paolo-laptop,smartwatts-formula
power_consumption,1704528853713000000,0.16579874819750276,paolo-laptop,smartwatts-formula
power_consumption,1704528854718000000,0.10641895427686521,paolo-laptop,smartwatts-formula
power_consumption,1704528855721000000,0.13453367450241946,paolo-laptop,smartwatts-formula
power_consumption,1704528856725000000,0.10493533588036125,paolo-laptop,smartwatts-formula
power_consumption,1704528857727000000,0.08506909239131773,paolo-laptop,smartwatts-formula
power_consumption,1704528858731000000,0.07188633155460672,paolo-laptop,smartwatts-formula
power_consumption,1704528859735000000,0.18626699387314555,paolo-laptop,smartwatts-formula
power_consumption,1704528860739000000,0.11385083721374394,paolo-laptop,smartwatts-formula
power_consumption,1704528861740000000,0.07336296559066881,paolo-laptop,smartwatts-formula
power_consumption,1704528862744000000,0.13941806321535638,paolo-laptop,smartwatts-formula
power_consumption,1704528863748000000,0.08948537601323331,paolo-laptop,smartwatts-formula
power_consumption,1704528864751000000,0.09601802560283504,paolo-laptop,smartwatts-formula
power_consumption,1704528865756000000,0.14313805184810968,paolo-laptop,smartwatts-formula
power_consumption,1704528866760000000,0.2371691997299283,paolo-laptop,smartwatts-formula
power_consumption,1704528867762000000,0.09205077920281948,paolo-laptop,smartwatts-formula
power_consumption,1704528868764000000,0.12185594825160855,paolo-laptop,smartwatts-formula
power_consumption,1704528869765000000,0.08242776449552144,paolo-laptop,smartwatts-formula
power_consumption,1704528870767000000,0.13904692218265835,paolo-laptop,smartwatts-formula
power_consumption,1704528871771000000,0.14530433137795268,paolo-laptop,smartwatts-formula
power_consumption,1704528872772000000,0.10153017924002598,paolo-laptop,smartwatts-formula
power_consumption,1704528873776000000,0.1568217840147286,paolo-laptop,smartwatts-formula
power_consumption,1704528874779000000,0.12055550906223308,paolo-laptop,smartwatts-formula
power_consumption,1704528875780000000,0.13047642942570076,paolo-laptop,smartwatts-formula
power_consumption,1704528876783000000,0.077445263412956,paolo-laptop,smartwatts-formula
power_consumption,1704528877785000000,0.11402763738164468,paolo-laptop,smartwatts-formula
power_consumption,1704528878787000000,0.12267483514111732,paolo-laptop,smartwatts-formula
power_consumption,1704528879789000000,0.1355702494352552,paolo-laptop,smartwatts-formula
power_consumption,1704528880791000000,0.09712579863364942,paolo-laptop,smartwatts-formula
power_consumption,1704528881793000000,0.0834154087563426,paolo-laptop,smartwatts-formula
power_consumption,1704528882796000000,0.08599320150718229,paolo-laptop,smartwatts-formula
power_consumption,1704528883798000000,0.11091853228356269,paolo-laptop,smartwatts-formula
power_consumption,1704528884799000000,0.11616390861249762,paolo-laptop,smartwatts-formula
power_consumption,1704528885803000000,0.12991987338484381,paolo-laptop,smartwatts-formula
