name,time,power,sensor,target
power_consumption,1705299148835000000,0.00368189980674765,paolo-laptop,influx_dest
power_consumption,1705299152845000000,0.006072393402276204,paolo-laptop,influx_dest
power_consumption,1705299153848000000,0.006995655846293099,paolo-laptop,influx_dest
power_consumption,1705299154850000000,0.004624568507492642,paolo-laptop,influx_dest
power_consumption,1705299155852000000,0.0051591181468012195,paolo-laptop,influx_dest
power_consumption,1705299156855000000,0.006075407046493944,paolo-laptop,influx_dest
power_consumption,1705299157857000000,0.006093725228879639,paolo-laptop,influx_dest
power_consumption,1705299158859000000,0.004062829963614845,paolo-laptop,influx_dest
power_consumption,1705299159861000000,0.006232051488484137,paolo-laptop,influx_dest
power_consumption,1705299160863000000,0.013506283697363215,paolo-laptop,influx_dest
power_consumption,1705299161866000000,0.006221977695217259,paolo-laptop,influx_dest
power_consumption,1705299162868000000,0.006459702925115473,paolo-laptop,influx_dest
power_consumption,1705299163870000000,0.006799734891920333,paolo-laptop,influx_dest
power_consumption,1705299164873000000,0.005994240380020511,paolo-laptop,influx_dest
power_consumption,1705299165875000000,0.004549729895461967,paolo-laptop,influx_dest
power_consumption,1705299166878000000,0.004875706437429441,paolo-laptop,influx_dest
power_consumption,1705299167880000000,0.00557536602857429,paolo-laptop,influx_dest
power_consumption,1705299168882000000,0.00537256269146999,paolo-laptop,influx_dest
power_consumption,1705299169884000000,0.005847504932070369,paolo-laptop,influx_dest
power_consumption,1705299170886000000,0.013054600775550549,paolo-laptop,influx_dest
power_consumption,1705299171889000000,0.00451276558427873,paolo-laptop,influx_dest
power_consumption,1705299174896000000,0.006092040872619815,paolo-laptop,influx_dest
power_consumption,1705299175898000000,0.004425472815700726,paolo-laptop,influx_dest
power_consumption,1705299183921000000,0.006594305142410656,paolo-laptop,influx_dest
power_consumption,1705299184923000000,0.004303176832836188,paolo-laptop,influx_dest
power_consumption,1705299185925000000,0.0051900976237791805,paolo-laptop,influx_dest
power_consumption,1705299186927000000,0.0048603553870176525,paolo-laptop,influx_dest
power_consumption,1705299187929000000,0.005866095734524006,paolo-laptop,influx_dest
power_consumption,1705299188933000000,0.003891870012569229,paolo-laptop,influx_dest
power_consumption,1705299189935000000,0.004274503966164782,paolo-laptop,influx_dest
power_consumption,1705299190937000000,0.0117868428692059,paolo-laptop,influx_dest
power_consumption,1705299191939000000,0.005244288559226568,paolo-laptop,influx_dest
power_consumption,1705299192942000000,0.005793129803097414,paolo-laptop,influx_dest
power_consumption,1705299193944000000,0.006168032716696755,paolo-laptop,influx_dest
power_consumption,1705299194951000000,0.005268369167741205,paolo-laptop,influx_dest
power_consumption,1705299195953000000,0.00607379196652734,paolo-laptop,influx_dest
power_consumption,1705299196956000000,0.004941695031139926,paolo-laptop,influx_dest
power_consumption,1705299198960000000,0.006234594069169498,paolo-laptop,influx_dest
power_consumption,1705299199962000000,0.005510748484118972,paolo-laptop,influx_dest
power_consumption,1705299200964000000,0.010532057098730533,paolo-laptop,influx_dest
power_consumption,1705299201966000000,0.005037523198348948,paolo-laptop,influx_dest
power_consumption,1705299202974000000,0.004477686036371357,paolo-laptop,influx_dest
power_consumption,1705299203976000000,0.0058708453756996055,paolo-laptop,influx_dest
power_consumption,1705299204978000000,0.005030320899244223,paolo-laptop,influx_dest
power_consumption,1705299206982000000,0.005469145163967969,paolo-laptop,influx_dest
power_consumption,1705299207984000000,0.006416830987175284,paolo-laptop,influx_dest
power_consumption,1705299208987000000,0.004950733254621178,paolo-laptop,influx_dest
power_consumption,1705299209989000000,0.0051752376811539935,paolo-laptop,influx_dest
power_consumption,1705299210991000000,0.19847758269018834,paolo-laptop,influx_dest
power_consumption,1705299211996000000,0.005484221047909935,paolo-laptop,influx_dest
power_consumption,1705299212999000000,0.004691087994304602,paolo-laptop,influx_dest
power_consumption,1705299214002000000,0.006628762992585211,paolo-laptop,influx_dest
power_consumption,1705299215004000000,0.00527962066376655,paolo-laptop,influx_dest
power_consumption,1705299216007000000,0.005495841735152301,paolo-laptop,influx_dest
power_consumption,1705299217009000000,0.004837287509094278,paolo-laptop,influx_dest
power_consumption,1705299218011000000,0.005183281714422335,paolo-laptop,influx_dest
power_consumption,1705299219013000000,0.005025101190825915,paolo-laptop,influx_dest
power_consumption,1705299220015000000,0.010812386699384644,paolo-laptop,influx_dest
power_consumption,1705299221017000000,0.002780652554080845,paolo-laptop,influx_dest
power_consumption,1705299222020000000,0.003887011127035313,paolo-laptop,influx_dest
power_consumption,1705299223025000000,0.004117461359026532,paolo-laptop,influx_dest
power_consumption,1705299224027000000,0.003963864420498288,paolo-laptop,influx_dest
power_consumption,1705299225029000000,0.0034596923882756806,paolo-laptop,influx_dest
power_consumption,1705299226031000000,0.003457759006632432,paolo-laptop,influx_dest
power_consumption,1705299230040000000,0.01049274254377385,paolo-laptop,influx_dest
power_consumption,1705299231043000000,0.0034251297647913135,paolo-laptop,influx_dest
power_consumption,1705299232045000000,0.003320272521480886,paolo-laptop,influx_dest
power_consumption,1705299235053000000,0.0029701663795980065,paolo-laptop,influx_dest
power_consumption,1705299241078000000,0.0028498129569141726,paolo-laptop,influx_dest
power_consumption,1705299244086000000,0.003513872282030232,paolo-laptop,influx_dest
power_consumption,1705299245089000000,0.002622919808168169,paolo-laptop,influx_dest
power_consumption,1705299246091000000,0.0037160752107271125,paolo-laptop,influx_dest
power_consumption,1705299247093000000,0.0025311404858080746,paolo-laptop,influx_dest
power_consumption,1705299248095000000,0.003205096667599634,paolo-laptop,influx_dest
power_consumption,1705299249098000000,0.0032772371762375095,paolo-laptop,influx_dest
power_consumption,1705299250101000000,0.010528703972277335,paolo-laptop,influx_dest
power_consumption,1705299251104000000,0.0032589447145644447,paolo-laptop,influx_dest
power_consumption,1705299252107000000,0.0034871099337833275,paolo-laptop,influx_dest
power_consumption,1705299253109000000,0.0029542216728453636,paolo-laptop,influx_dest
power_consumption,1705299254113000000,0.004747536213894187,paolo-laptop,influx_dest
power_consumption,1705299255115000000,0.0036016115369721814,paolo-laptop,influx_dest
power_consumption,1705299256118000000,0.0037850418393798203,paolo-laptop,influx_dest
power_consumption,1705299257120000000,0.0035103698980208,paolo-laptop,influx_dest
power_consumption,1705299258122000000,0.0034065932103281497,paolo-laptop,influx_dest
power_consumption,1705299259124000000,0.0038736487221563173,paolo-laptop,influx_dest
power_consumption,1705299260126000000,0.012098304750734023,paolo-laptop,influx_dest
power_consumption,1705299261129000000,0.0035313876067348715,paolo-laptop,influx_dest
power_consumption,1705299262131000000,0.004043513965218334,paolo-laptop,influx_dest
power_consumption,1705299263133000000,0.0044696652823733515,paolo-laptop,influx_dest
power_consumption,1705299264135000000,0.004135068317821055,paolo-laptop,influx_dest
power_consumption,1705299265137000000,0.0037975566347955582,paolo-laptop,influx_dest
power_consumption,1705299266139000000,0.004316363835400123,paolo-laptop,influx_dest
power_consumption,1705299267141000000,0.003925946787365011,paolo-laptop,influx_dest
power_consumption,1705299268144000000,0.0038204826056322094,paolo-laptop,influx_dest
power_consumption,1705299269146000000,0.0033739432149494965,paolo-laptop,influx_dest
power_consumption,1705299270148000000,0.011967016933136954,paolo-laptop,influx_dest
power_consumption,1705299273155000000,0.003915490762450224,paolo-laptop,influx_dest
power_consumption,1705299280177000000,0.009915758653504888,paolo-laptop,influx_dest
power_consumption,1705299281179000000,0.002677422065357786,paolo-laptop,influx_dest
power_consumption,1705299282180000000,0.003941167220778682,paolo-laptop,influx_dest
power_consumption,1705299288206000000,0.004295702193058016,paolo-laptop,influx_dest
power_consumption,1705299294229000000,0.0034482224820780185,paolo-laptop,influx_dest
power_consumption,1705299295231000000,0.003999101322814488,paolo-laptop,influx_dest
power_consumption,1705299296234000000,0.0036029618786799413,paolo-laptop,influx_dest
power_consumption,1705299297239000000,0.0038797644476427943,paolo-laptop,influx_dest
power_consumption,1705299298241000000,0.0029393746765504505,paolo-laptop,influx_dest
power_consumption,1705299299243000000,0.003259870877479632,paolo-laptop,influx_dest
power_consumption,1705299300246000000,0.012093373572799644,paolo-laptop,influx_dest
power_consumption,1705299305257000000,0.00447274216472956,paolo-laptop,influx_dest
power_consumption,1705299306259000000,0.004048520399579716,paolo-laptop,influx_dest
power_consumption,1705299308262000000,0.0031439650583796985,paolo-laptop,influx_dest
power_consumption,1705299311270000000,0.0026283304615096364,paolo-laptop,influx_dest
power_consumption,1705299312272000000,0.0038105326328716402,paolo-laptop,influx_dest
power_consumption,1705299313275000000,0.003314704534119745,paolo-laptop,influx_dest
power_consumption,1705299314277000000,0.0032811996561613018,paolo-laptop,influx_dest
power_consumption,1705299315281000000,0.0029705729631062093,paolo-laptop,influx_dest
power_consumption,1705299316284000000,0.0028115341185927906,paolo-laptop,influx_dest
power_consumption,1705299317287000000,0.003139030909463437,paolo-laptop,influx_dest
power_consumption,1705299318289000000,0.003209527342091363,paolo-laptop,influx_dest
power_consumption,1705299319292000000,0.003353862782754951,paolo-laptop,influx_dest
power_consumption,1705299320294000000,0.010509887559219368,paolo-laptop,influx_dest
power_consumption,1705299321296000000,0.003313730360259069,paolo-laptop,influx_dest
power_consumption,1705299322298000000,0.00407236959107855,paolo-laptop,influx_dest
power_consumption,1705299323301000000,0.004366074195758962,paolo-laptop,influx_dest
power_consumption,1705299324303000000,0.003713308242820014,paolo-laptop,influx_dest
power_consumption,1705299325313000000,0.004711204628470969,paolo-laptop,influx_dest
power_consumption,1705299326315000000,0.0042136270775505955,paolo-laptop,influx_dest
power_consumption,1705299327318000000,0.003247021505902932,paolo-laptop,influx_dest
power_consumption,1705299328320000000,0.003836546553936338,paolo-laptop,influx_dest
power_consumption,1705299329322000000,0.004393648244487699,paolo-laptop,influx_dest
power_consumption,1705299330324000000,0.01039521739969901,paolo-laptop,influx_dest
power_consumption,1705299331326000000,0.0033337650041992623,paolo-laptop,influx_dest
power_consumption,1705299332328000000,0.004829022384620192,paolo-laptop,influx_dest
power_consumption,1705299333330000000,0.004017694909824309,paolo-laptop,influx_dest
power_consumption,1705299334333000000,0.0674148614247374,paolo-laptop,influx_dest
power_consumption,1705299337342000000,0.0038274063091373015,paolo-laptop,influx_dest
power_consumption,1705299339345000000,0.005021356789991626,paolo-laptop,influx_dest
power_consumption,1705299341351000000,0.0036094969142199938,paolo-laptop,influx_dest
power_consumption,1705299342354000000,0.003523843607180807,paolo-laptop,influx_dest
power_consumption,1705299343356000000,0.002982002672210769,paolo-laptop,influx_dest
power_consumption,1705299344358000000,0.0048154396339799704,paolo-laptop,influx_dest
power_consumption,1705299345360000000,0.003666760419134629,paolo-laptop,influx_dest
power_consumption,1705299346363000000,0.0031524521574174103,paolo-laptop,influx_dest
power_consumption,1705299347365000000,0.0029181466353132807,paolo-laptop,influx_dest
power_consumption,1705299348367000000,0.00411304946835953,paolo-laptop,influx_dest
power_consumption,1705299350371000000,0.012073429882831279,paolo-laptop,influx_dest
power_consumption,1705299351373000000,0.004055305491160572,paolo-laptop,influx_dest
power_consumption,1705299352375000000,0.003494482939198701,paolo-laptop,influx_dest
power_consumption,1705299353377000000,0.003202398433447762,paolo-laptop,influx_dest
power_consumption,1705299357389000000,0.003987930946684256,paolo-laptop,influx_dest
power_consumption,1705299358395000000,0.004043602106826887,paolo-laptop,influx_dest
power_consumption,1705299360402000000,0.011298644886897354,paolo-laptop,influx_dest
power_consumption,1705299361405000000,0.0037624847074813534,paolo-laptop,influx_dest
power_consumption,1705299368427000000,0.004739230546812055,paolo-laptop,influx_dest
power_consumption,1705299369429000000,0.0035610152652367855,paolo-laptop,influx_dest
power_consumption,1705299371434000000,0.0033662074736610327,paolo-laptop,influx_dest
power_consumption,1705299382479000000,0.004099165140434214,paolo-laptop,influx_dest
power_consumption,1705299385484000000,0.0028117781427604437,paolo-laptop,influx_dest
power_consumption,1705299387488000000,0.0037042759469880235,paolo-laptop,influx_dest
power_consumption,1705299388490000000,0.006348900527348137,paolo-laptop,influx_dest
power_consumption,1705299391494000000,0.0031103071762251825,paolo-laptop,influx_dest
power_consumption,1705299393504000000,0.0038958246494100756,paolo-laptop,influx_dest
power_consumption,1705299396513000000,0.007146114772382268,paolo-laptop,influx_dest
power_consumption,1705299397517000000,0.004227379602390814,paolo-laptop,influx_dest
power_consumption,1705299399526000000,0.002703238570901967,paolo-laptop,influx_dest
power_consumption,1705299400531000000,0.07779930464496822,paolo-laptop,influx_dest
power_consumption,1705299401534000000,0.00751385032953597,paolo-laptop,influx_dest
power_consumption,1705299402536000000,0.0061262893959759075,paolo-laptop,influx_dest
power_consumption,1705299403541000000,0.006300856969320608,paolo-laptop,influx_dest
power_consumption,1705299404543000000,0.00825614926285267,paolo-laptop,influx_dest
power_consumption,1705299405545000000,0.00526812483387807,paolo-laptop,influx_dest
power_consumption,1705299406547000000,0.010158303755126365,paolo-laptop,influx_dest
power_consumption,1705299407549000000,0.0060451691981924785,paolo-laptop,influx_dest
power_consumption,1705299408551000000,0.008181245228847452,paolo-laptop,influx_dest
power_consumption,1705299409553000000,0.005526510697120371,paolo-laptop,influx_dest
power_consumption,1705299410555000000,0.014678304878740903,paolo-laptop,influx_dest
power_consumption,1705299411557000000,0.008281627355583224,paolo-laptop,influx_dest
power_consumption,1705299412560000000,0.008092460221618724,paolo-laptop,influx_dest
power_consumption,1705299413562000000,0.0072887688328504485,paolo-laptop,influx_dest
power_consumption,1705299414563000000,0.008511395224132867,paolo-laptop,influx_dest
power_consumption,1705299415564000000,0.008308364887321805,paolo-laptop,influx_dest
power_consumption,1705299416567000000,0.008402991995987225,paolo-laptop,influx_dest
power_consumption,1705299418571000000,0.005770875415009129,paolo-laptop,influx_dest
power_consumption,1705299419574000000,0.006721170295703838,paolo-laptop,influx_dest
power_consumption,1705299421580000000,0.004756604158534626,paolo-laptop,influx_dest
power_consumption,1705299422585000000,0.009311335058708629,paolo-laptop,influx_dest
power_consumption,1705299426594000000,0.0046934253485198234,paolo-laptop,influx_dest
power_consumption,1705299428599000000,0.007083552552361288,paolo-laptop,influx_dest
power_consumption,1705299429601000000,0.004171300375636856,paolo-laptop,influx_dest
power_consumption,1705299430604000000,0.010826853080447802,paolo-laptop,influx_dest
power_consumption,1705299431606000000,0.004693872884492344,paolo-laptop,influx_dest
power_consumption,1705299432608000000,0.004913505781788078,paolo-laptop,influx_dest
power_consumption,1705299435628000000,0.004535419246843417,paolo-laptop,influx_dest
power_consumption,1705299436629000000,0.004047212930771594,paolo-laptop,influx_dest
power_consumption,1705299437631000000,0.003686790381730927,paolo-laptop,influx_dest
power_consumption,1705299438635000000,0.005699246399834922,paolo-laptop,influx_dest
power_consumption,1705299441647000000,0.0033801764198252895,paolo-laptop,influx_dest
power_consumption,1705299443653000000,0.0066299449397834226,paolo-laptop,influx_dest
power_consumption,1705299444656000000,0.004258462489936185,paolo-laptop,influx_dest
power_consumption,1705299446658000000,0.007644559887286433,paolo-laptop,influx_dest
power_consumption,1705299448662000000,0.004776967412932228,paolo-laptop,influx_dest
power_consumption,1705299449665000000,0.004873107098573628,paolo-laptop,influx_dest
power_consumption,1705299450667000000,0.01246287068952672,paolo-laptop,influx_dest
power_consumption,1705299451669000000,0.004625241250899057,paolo-laptop,influx_dest
power_consumption,1705299452672000000,0.0028362745523686696,paolo-laptop,influx_dest
power_consumption,1705299454675000000,0.003535701213515892,paolo-laptop,influx_dest
power_consumption,1705299455681000000,0.003586341733713261,paolo-laptop,influx_dest
power_consumption,1705299456686000000,0.0035638322414838245,paolo-laptop,influx_dest
power_consumption,1705299457688000000,0.004983985344092534,paolo-laptop,influx_dest
power_consumption,1705299458690000000,0.004490861557503598,paolo-laptop,influx_dest
power_consumption,1705299459692000000,0.005437103501481985,paolo-laptop,influx_dest
power_consumption,1705299460697000000,0.011199998001199911,paolo-laptop,influx_dest
power_consumption,1705299462701000000,0.004163139658202903,paolo-laptop,influx_dest
power_consumption,1705299463705000000,0.008821738147462203,paolo-laptop,influx_dest
power_consumption,1705299464708000000,0.002998171754277615,paolo-laptop,influx_dest
power_consumption,1705299465714000000,0.07293205739942413,paolo-laptop,influx_dest
power_consumption,1705299467720000000,0.0034470201915465636,paolo-laptop,influx_dest
power_consumption,1705299468722000000,0.004357086384901922,paolo-laptop,influx_dest
power_consumption,1705299469727000000,0.003583848257627468,paolo-laptop,influx_dest
power_consumption,1705299470730000000,0.012852802188381626,paolo-laptop,influx_dest
power_consumption,1705299471732000000,0.004446866756450124,paolo-laptop,influx_dest
power_consumption,1705299472733000000,0.003870683759908871,paolo-laptop,influx_dest
power_consumption,1705299473735000000,0.006796306095724873,paolo-laptop,influx_dest
power_consumption,1705299474738000000,0.0035085459610637425,paolo-laptop,influx_dest
power_consumption,1705299475740000000,0.004386001393607968,paolo-laptop,influx_dest
power_consumption,1705299476743000000,0.004538610447308956,paolo-laptop,influx_dest
power_consumption,1705299477747000000,0.004471145805158014,paolo-laptop,influx_dest
power_consumption,1705299479751000000,0.004353046237008858,paolo-laptop,influx_dest
power_consumption,1705299480753000000,0.012037783064619575,paolo-laptop,influx_dest
power_consumption,1705299481754000000,0.004850781112737214,paolo-laptop,influx_dest
power_consumption,1705299482759000000,0.004539496251562809,paolo-laptop,influx_dest
power_consumption,1705299484765000000,0.004487427437051135,paolo-laptop,influx_dest
power_consumption,1705299485768000000,0.004389812585732668,paolo-laptop,influx_dest
power_consumption,1705299486775000000,0.0033968351703311094,paolo-laptop,influx_dest
power_consumption,1705299487777000000,0.004733819898169692,paolo-laptop,influx_dest
power_consumption,1705299488779000000,0.003950861128041355,paolo-laptop,influx_dest
power_consumption,1705299489783000000,0.006577515921343812,paolo-laptop,influx_dest
power_consumption,1705299491787000000,0.0050626103993391385,paolo-laptop,influx_dest
power_consumption,1705299492789000000,0.004853309026488442,paolo-laptop,influx_dest
power_consumption,1705299493791000000,0.005336710800904813,paolo-laptop,influx_dest
power_consumption,1705299494793000000,0.004060008042385774,paolo-laptop,influx_dest
power_consumption,1705299495796000000,0.004932274404180953,paolo-laptop,influx_dest
power_consumption,1705299496798000000,0.004624609881033014,paolo-laptop,influx_dest
power_consumption,1705299497801000000,0.004921222578554664,paolo-laptop,influx_dest
power_consumption,1705299498803000000,0.004597827561807108,paolo-laptop,influx_dest
power_consumption,1705299500808000000,0.009772633516805011,paolo-laptop,influx_dest
power_consumption,1705299501811000000,0.004192801376155441,paolo-laptop,influx_dest
power_consumption,1705299502813000000,0.0048289357437383915,paolo-laptop,influx_dest
power_consumption,1705299503815000000,0.006483841546208015,paolo-laptop,influx_dest
power_consumption,1705299504817000000,0.005641127645633361,paolo-laptop,influx_dest
power_consumption,1705299505820000000,0.005118884819194404,paolo-laptop,influx_dest
power_consumption,1705299507827000000,0.003644826419107698,paolo-laptop,influx_dest
power_consumption,1705299508830000000,0.006117264902881132,paolo-laptop,influx_dest
power_consumption,1705299509832000000,0.00479280808430485,paolo-laptop,influx_dest
power_consumption,1705299510833000000,0.010777744459637802,paolo-laptop,influx_dest
power_consumption,1705299511836000000,0.004209552040314535,paolo-laptop,influx_dest
power_consumption,1705299512838000000,0.004176666613704099,paolo-laptop,influx_dest
power_consumption,1705299513840000000,0.005878686112520196,paolo-laptop,influx_dest
power_consumption,1705299514843000000,0.004696609910678043,paolo-laptop,influx_dest
power_consumption,1705299515844000000,0.006261300243949877,paolo-laptop,influx_dest
power_consumption,1705299516846000000,0.005486241773834604,paolo-laptop,influx_dest
power_consumption,1705299517848000000,0.004548796356148332,paolo-laptop,influx_dest
power_consumption,1705299518850000000,0.003921292542566542,paolo-laptop,influx_dest
power_consumption,1705299519853000000,0.00540563123865255,paolo-laptop,influx_dest
power_consumption,1705299520855000000,0.012108009326650317,paolo-laptop,influx_dest
power_consumption,1705299521858000000,0.004156011559816463,paolo-laptop,influx_dest
power_consumption,1705299522861000000,0.004897560303129867,paolo-laptop,influx_dest
power_consumption,1705299523863000000,0.005828734317410407,paolo-laptop,influx_dest
power_consumption,1705299524865000000,0.006915022169094569,paolo-laptop,influx_dest
power_consumption,1705299525868000000,0.006835373888963792,paolo-laptop,influx_dest
power_consumption,1705299526871000000,0.004475512268524233,paolo-laptop,influx_dest
power_consumption,1705299527873000000,0.005063728945749505,paolo-laptop,influx_dest
power_consumption,1705299528875000000,0.007051681737506887,paolo-laptop,influx_dest
power_consumption,1705299529878000000,0.005838819145575042,paolo-laptop,influx_dest
power_consumption,1705299530881000000,0.07144935491720655,paolo-laptop,influx_dest
power_consumption,1705299531883000000,0.005488085138338542,paolo-laptop,influx_dest
power_consumption,1705299532886000000,0.0050786453986747925,paolo-laptop,influx_dest
power_consumption,1705299533888000000,0.006035450283946598,paolo-laptop,influx_dest
power_consumption,1705299534890000000,0.005102724900604214,paolo-laptop,influx_dest
power_consumption,1705299535893000000,0.0068871700073595546,paolo-laptop,influx_dest
power_consumption,1705299536895000000,0.004904890359443594,paolo-laptop,influx_dest
power_consumption,1705299537899000000,0.004148136532426249,paolo-laptop,influx_dest
power_consumption,1705299538902000000,0.004215656949398103,paolo-laptop,influx_dest
power_consumption,1705299539905000000,0.003534936044171649,paolo-laptop,influx_dest
power_consumption,1705299540907000000,0.011399973419696301,paolo-laptop,influx_dest
power_consumption,1705299541909000000,0.004242659690651144,paolo-laptop,influx_dest
power_consumption,1705299542911000000,0.005202111002219947,paolo-laptop,influx_dest
power_consumption,1705299543913000000,0.005622236674726277,paolo-laptop,influx_dest
power_consumption,1705299544917000000,0.005025530102167526,paolo-laptop,influx_dest
power_consumption,1705299545919000000,0.006029296080090674,paolo-laptop,influx_dest
power_consumption,1705299546921000000,0.004802076040280257,paolo-laptop,influx_dest
power_consumption,1705299547923000000,0.005054423948688643,paolo-laptop,influx_dest
power_consumption,1705299548926000000,0.004190046776018119,paolo-laptop,influx_dest
power_consumption,1705299549928000000,0.004531109600525493,paolo-laptop,influx_dest
power_consumption,1705299550935000000,0.010787152939166503,paolo-laptop,influx_dest
power_consumption,1705299552962000000,0.007720809904962621,paolo-laptop,influx_dest
power_consumption,1705299553969000000,0.007498570407476179,paolo-laptop,influx_dest
power_consumption,1705299554971000000,0.0035430293307071375,paolo-laptop,influx_dest
power_consumption,1705299555973000000,0.00647962855485375,paolo-laptop,influx_dest
power_consumption,1705299556975000000,0.00536374121268283,paolo-laptop,influx_dest
power_consumption,1705299557979000000,0.004285087236184936,paolo-laptop,influx_dest
power_consumption,1705299558982000000,0.004963994936718799,paolo-laptop,influx_dest
power_consumption,1705299559985000000,0.004415480006679892,paolo-laptop,influx_dest
power_consumption,1705299560987000000,0.013870908515272437,paolo-laptop,influx_dest
power_consumption,1705299561989000000,0.004819687543681702,paolo-laptop,influx_dest
power_consumption,1705299562991000000,0.004610208963187806,paolo-laptop,influx_dest
power_consumption,1705299563993000000,0.005154763954741113,paolo-laptop,influx_dest
power_consumption,1705299564995000000,0.0043323803354326056,paolo-laptop,influx_dest
power_consumption,1705299565998000000,0.005065051877141926,paolo-laptop,influx_dest
power_consumption,1705299567002000000,0.005082295843224724,paolo-laptop,influx_dest
power_consumption,1705299568004000000,0.007171231717136057,paolo-laptop,influx_dest
power_consumption,1705299570010000000,0.01313123662676272,paolo-laptop,influx_dest
power_consumption,1705299571012000000,0.007117712367812791,paolo-laptop,influx_dest
power_consumption,1705299572015000000,0.004223127538200833,paolo-laptop,influx_dest
power_consumption,1705299573019000000,0.006096236057551132,paolo-laptop,influx_dest
power_consumption,1705299574022000000,0.009564491225199414,paolo-laptop,influx_dest
power_consumption,1705299575024000000,0.004714924720872094,paolo-laptop,influx_dest
power_consumption,1705299576028000000,0.007273717679705315,paolo-laptop,influx_dest
power_consumption,1705299577030000000,0.007793966151494486,paolo-laptop,influx_dest
power_consumption,1705299578032000000,0.003625957978626615,paolo-laptop,influx_dest
power_consumption,1705299579036000000,0.004577542192211351,paolo-laptop,influx_dest
power_consumption,1705299580038000000,0.014983781450833487,paolo-laptop,influx_dest
power_consumption,1705299582045000000,0.004257758330157414,paolo-laptop,influx_dest
power_consumption,1705299583048000000,0.004519698453080529,paolo-laptop,influx_dest
power_consumption,1705299584049000000,0.005575718721672739,paolo-laptop,influx_dest
power_consumption,1705299585051000000,0.0057248127330049485,paolo-laptop,influx_dest
power_consumption,1705299587057000000,0.003654509346346876,paolo-laptop,influx_dest
power_consumption,1705299588061000000,0.007255028946397125,paolo-laptop,influx_dest
power_consumption,1705299590071000000,0.011417724918520642,paolo-laptop,influx_dest
power_consumption,1705299591073000000,0.06516772421860176,paolo-laptop,influx_dest
power_consumption,1705299593076000000,0.005234597798263789,paolo-laptop,influx_dest
power_consumption,1705299594078000000,0.005533256564905272,paolo-laptop,influx_dest
power_consumption,1705299595080000000,0.007818940269954031,paolo-laptop,influx_dest
power_consumption,1705299596082000000,0.005460047275611005,paolo-laptop,influx_dest
power_consumption,1705299597084000000,0.003920293113434035,paolo-laptop,influx_dest
power_consumption,1705299598085000000,0.0050222425735155,paolo-laptop,influx_dest
power_consumption,1705299600089000000,0.016545706233890574,paolo-laptop,influx_dest
power_consumption,1705299601091000000,0.002932339110685404,paolo-laptop,influx_dest
power_consumption,1705299602094000000,0.006561361225387491,paolo-laptop,influx_dest
power_consumption,1705299605101000000,0.004476077865665867,paolo-laptop,influx_dest
power_consumption,1705299606103000000,0.002895542078049058,paolo-laptop,influx_dest
power_consumption,1705299607105000000,0.004054919057746216,paolo-laptop,influx_dest
power_consumption,1705299608111000000,0.006520451131002523,paolo-laptop,influx_dest
power_consumption,1705299609115000000,0.005841494481320159,paolo-laptop,influx_dest
power_consumption,1705299610117000000,0.013014186263389776,paolo-laptop,influx_dest
power_consumption,1705299611119000000,0.004248436214752514,paolo-laptop,influx_dest
power_consumption,1705299612123000000,0.0047456690444661,paolo-laptop,influx_dest
power_consumption,1705299613125000000,0.004834164959055792,paolo-laptop,influx_dest
power_consumption,1705299614128000000,0.005480858822373216,paolo-laptop,influx_dest
power_consumption,1705299615132000000,0.0027932541944899344,paolo-laptop,influx_dest
power_consumption,1705299616134000000,0.004743040042299173,paolo-laptop,influx_dest
power_consumption,1705299617136000000,0.00709849215829537,paolo-laptop,influx_dest
power_consumption,1705299618138000000,0.005962571350794369,paolo-laptop,influx_dest
power_consumption,1705299619140000000,0.00631616452132072,paolo-laptop,influx_dest
power_consumption,1705299620144000000,0.01270099608222271,paolo-laptop,influx_dest
power_consumption,1705299621146000000,0.004152103880581437,paolo-laptop,influx_dest
power_consumption,1705299622148000000,0.004576583686754782,paolo-laptop,influx_dest
power_consumption,1705299623150000000,0.006612174026814577,paolo-laptop,influx_dest
power_consumption,1705299624151000000,0.004975376993833705,paolo-laptop,influx_dest
power_consumption,1705299625154000000,0.005035392409378898,paolo-laptop,influx_dest
power_consumption,1705299626155000000,0.0053264433775043855,paolo-laptop,influx_dest
power_consumption,1705299627157000000,0.005362431279874229,paolo-laptop,influx_dest
power_consumption,1705299628161000000,0.0033541148093381335,paolo-laptop,influx_dest
power_consumption,1705299630167000000,0.013413201562189654,paolo-laptop,influx_dest
power_consumption,1705299631171000000,0.003789514169477256,paolo-laptop,influx_dest
power_consumption,1705299632175000000,0.011576010655767618,paolo-laptop,influx_dest
power_consumption,1705299633177000000,0.006339934708891527,paolo-laptop,influx_dest
power_consumption,1705299634179000000,0.00654789182297995,paolo-laptop,influx_dest
power_consumption,1705299635181000000,0.004631548044024551,paolo-laptop,influx_dest
power_consumption,1705299636183000000,0.004919694852007803,paolo-laptop,influx_dest
power_consumption,1705299637184000000,0.005024244310770813,paolo-laptop,influx_dest
power_consumption,1705299638186000000,0.0052829657199233975,paolo-laptop,influx_dest
power_consumption,1705299639188000000,0.004587655008534419,paolo-laptop,influx_dest
power_consumption,1705299640193000000,0.012075324836758838,paolo-laptop,influx_dest
power_consumption,1705299641194000000,0.005088759950811405,paolo-laptop,influx_dest
power_consumption,1705299642198000000,0.009636551948753038,paolo-laptop,influx_dest
power_consumption,1705299643200000000,0.005918622272687055,paolo-laptop,influx_dest
power_consumption,1705299644202000000,0.006485007307208679,paolo-laptop,influx_dest
power_consumption,1705299645203000000,0.005203261085737834,paolo-laptop,influx_dest
power_consumption,1705299646206000000,0.0045207519814863695,paolo-laptop,influx_dest
power_consumption,1705299648213000000,0.007150023816101437,paolo-laptop,influx_dest
power_consumption,1705299649215000000,0.0039100493613735895,paolo-laptop,influx_dest
power_consumption,1705299650219000000,0.010646522879981007,paolo-laptop,influx_dest
power_consumption,1705299651221000000,0.010404497502061476,paolo-laptop,influx_dest
power_consumption,1705299652225000000,0.00569386854315179,paolo-laptop,influx_dest
power_consumption,1705299653227000000,0.006990540420023509,paolo-laptop,influx_dest
power_consumption,1705299654229000000,0.00729444390904794,paolo-laptop,influx_dest
power_consumption,1705299655230000000,0.007542851052938516,paolo-laptop,influx_dest
power_consumption,1705299656232000000,0.002818973345452855,paolo-laptop,influx_dest
power_consumption,1705299657234000000,0.006008710287967725,paolo-laptop,influx_dest
power_consumption,1705299658239000000,0.060257716337260014,paolo-laptop,influx_dest
power_consumption,1705299660249000000,0.015543354384381161,paolo-laptop,influx_dest
power_consumption,1705299662257000000,0.006293791572397127,paolo-laptop,influx_dest
power_consumption,1705299667267000000,0.006402033106345696,paolo-laptop,influx_dest
power_consumption,1705299668269000000,0.004413916252216368,paolo-laptop,influx_dest
power_consumption,1705299669270000000,0.00844974803926913,paolo-laptop,influx_dest
power_consumption,1705299670271000000,0.014979111446984649,paolo-laptop,influx_dest
power_consumption,1705299671273000000,0.004134860240254546,paolo-laptop,influx_dest
power_consumption,1705299672275000000,0.0042058622484011194,paolo-laptop,influx_dest
power_consumption,1705299673276000000,0.014144515509199542,paolo-laptop,influx_dest
power_consumption,1705299674277000000,0.004977829090653882,paolo-laptop,influx_dest
power_consumption,1705299676281000000,0.004461061132060213,paolo-laptop,influx_dest
power_consumption,1705299677285000000,0.0035874042039594376,paolo-laptop,influx_dest
power_consumption,1705299678287000000,0.0066189892933598655,paolo-laptop,influx_dest
power_consumption,1705299679289000000,0.005370871503719576,paolo-laptop,influx_dest
power_consumption,1705299680291000000,0.011452544221126654,paolo-laptop,influx_dest
power_consumption,1705299681296000000,0.004541251980522493,paolo-laptop,influx_dest
power_consumption,1705299684309000000,0.013871392183601306,paolo-laptop,influx_dest
power_consumption,1705299685311000000,0.0072123394826417355,paolo-laptop,influx_dest
power_consumption,1705299686314000000,0.00715656139030996,paolo-laptop,influx_dest
power_consumption,1705299687316000000,0.004368165044193428,paolo-laptop,influx_dest
power_consumption,1705299688318000000,0.004769078482607636,paolo-laptop,influx_dest
power_consumption,1705299689322000000,0.006583345545955989,paolo-laptop,influx_dest
power_consumption,1705299690324000000,0.022179817219122912,paolo-laptop,influx_dest
power_consumption,1705299691326000000,0.008706536457834133,paolo-laptop,influx_dest
power_consumption,1705299692328000000,0.005010106133869381,paolo-laptop,influx_dest
power_consumption,1705299693330000000,0.004432440152916908,paolo-laptop,influx_dest
power_consumption,1705299694334000000,0.004841575544035132,paolo-laptop,influx_dest
power_consumption,1705299695337000000,0.0064321088027425935,paolo-laptop,influx_dest
power_consumption,1705299696342000000,0.003229884300039421,paolo-laptop,influx_dest
power_consumption,1705299697346000000,0.00449307166295646,paolo-laptop,influx_dest
power_consumption,1705299698350000000,0.007595332101666064,paolo-laptop,influx_dest
power_consumption,1705299700353000000,0.012826242793309864,paolo-laptop,influx_dest
power_consumption,1705299702362000000,0.004095666999077281,paolo-laptop,influx_dest
power_consumption,1705299703367000000,0.004143967851621185,paolo-laptop,influx_dest
power_consumption,1705299705375000000,0.0062737933943126075,paolo-laptop,influx_dest
power_consumption,1705299706377000000,0.004384095981097455,paolo-laptop,influx_dest
power_consumption,1705299707379000000,0.004284794463174804,paolo-laptop,influx_dest
power_consumption,1705299708383000000,0.014131266311331976,paolo-laptop,influx_dest
power_consumption,1705299709386000000,0.004032672010797653,paolo-laptop,influx_dest
power_consumption,1705299710387000000,0.015383726052291772,paolo-laptop,influx_dest
power_consumption,1705299711389000000,0.004845595601231075,paolo-laptop,influx_dest
power_consumption,1705299712392000000,0.005694657325303366,paolo-laptop,influx_dest
power_consumption,1705299713394000000,0.0038239590161515645,paolo-laptop,influx_dest
power_consumption,1705299714398000000,0.008121884598216736,paolo-laptop,influx_dest
power_consumption,1705299715401000000,0.006195591654477174,paolo-laptop,influx_dest
power_consumption,1705299716403000000,0.0047480143033251775,paolo-laptop,influx_dest
power_consumption,1705299717408000000,0.007170387788883339,paolo-laptop,influx_dest
power_consumption,1705299718410000000,0.004299254740894152,paolo-laptop,influx_dest
power_consumption,1705299719414000000,0.00597499428959819,paolo-laptop,influx_dest
power_consumption,1705299720416000000,0.013637782240812593,paolo-laptop,influx_dest
power_consumption,1705299721420000000,0.0032792543453866348,paolo-laptop,influx_dest
power_consumption,1705299722423000000,0.09002125628934796,paolo-laptop,influx_dest
power_consumption,1705299723424000000,0.004771637909419023,paolo-laptop,influx_dest
power_consumption,1705299725427000000,0.004410764363030872,paolo-laptop,influx_dest
power_consumption,1705299726429000000,0.005004519509475969,paolo-laptop,influx_dest
power_consumption,1705299727431000000,0.0032734746215233013,paolo-laptop,influx_dest
power_consumption,1705299728434000000,0.005099298050785014,paolo-laptop,influx_dest
power_consumption,1705299729435000000,0.0065201872759273645,paolo-laptop,influx_dest
power_consumption,1705299730437000000,0.011872803348259001,paolo-laptop,influx_dest
power_consumption,1705299731439000000,0.005030479332108642,paolo-laptop,influx_dest
power_consumption,1705299732441000000,0.0066020121045363925,paolo-laptop,influx_dest
power_consumption,1705299733444000000,0.004912306545166509,paolo-laptop,influx_dest
power_consumption,1705299734446000000,0.00691030754616652,paolo-laptop,influx_dest
power_consumption,1705299735449000000,0.005842129666251784,paolo-laptop,influx_dest
power_consumption,1705299736451000000,0.005689688864345652,paolo-laptop,influx_dest
power_consumption,1705299737453000000,0.005361782649252553,paolo-laptop,influx_dest
power_consumption,1705299738455000000,0.00464548548101521,paolo-laptop,influx_dest
power_consumption,1705299739458000000,0.005741413067400352,paolo-laptop,influx_dest
power_consumption,1705299740460000000,0.014957802993453942,paolo-laptop,influx_dest
power_consumption,1705299741462000000,0.004918600703561161,paolo-laptop,influx_dest
power_consumption,1705299742464000000,0.006115178526138958,paolo-laptop,influx_dest
power_consumption,1705299743466000000,0.005291965249662497,paolo-laptop,influx_dest
power_consumption,1705299744468000000,0.006811782452340875,paolo-laptop,influx_dest
power_consumption,1705299745470000000,0.005916444390540875,paolo-laptop,influx_dest
power_consumption,1705299746471000000,0.006011872948022535,paolo-laptop,influx_dest
power_consumption,1705299747475000000,0.006441221568161193,paolo-laptop,influx_dest
power_consumption,1705299748479000000,0.01312907915221219,paolo-laptop,influx_dest
power_consumption,1705299749481000000,0.0041114952133237456,paolo-laptop,influx_dest
power_consumption,1705299750483000000,0.012713017429644015,paolo-laptop,influx_dest
power_consumption,1705299751487000000,0.005485361865870612,paolo-laptop,influx_dest
power_consumption,1705299752489000000,0.008994772474677372,paolo-laptop,influx_dest
power_consumption,1705299753491000000,0.005201706424935623,paolo-laptop,influx_dest
power_consumption,1705299754494000000,0.00806624797350124,paolo-laptop,influx_dest
power_consumption,1705299755498000000,0.007056451370234789,paolo-laptop,influx_dest
power_consumption,1705299757503000000,0.007540702519603734,paolo-laptop,influx_dest
power_consumption,1705299758507000000,0.012959518833823428,paolo-laptop,influx_dest
power_consumption,1705299759509000000,0.012002977024493872,paolo-laptop,influx_dest
power_consumption,1705299760511000000,0.014207551225077258,paolo-laptop,influx_dest
power_consumption,1705299761515000000,0.006979329911873446,paolo-laptop,influx_dest
power_consumption,1705299763520000000,0.006909310735220605,paolo-laptop,influx_dest
power_consumption,1705299764524000000,0.004070209115179675,paolo-laptop,influx_dest
power_consumption,1705299766530000000,0.005011615314591947,paolo-laptop,influx_dest
power_consumption,1705299767532000000,0.0036427228427374937,paolo-laptop,influx_dest
power_consumption,1705299768537000000,0.005069751505946108,paolo-laptop,influx_dest
power_consumption,1705299770542000000,0.01450008454166998,paolo-laptop,influx_dest
power_consumption,1705299771544000000,0.005520191687809525,paolo-laptop,influx_dest
power_consumption,1705299772545000000,0.005225201431568101,paolo-laptop,influx_dest
power_consumption,1705299774551000000,0.005404007310626314,paolo-laptop,influx_dest
power_consumption,1705299775553000000,0.004751249850397641,paolo-laptop,influx_dest
power_consumption,1705299776555000000,0.004560410573058379,paolo-laptop,influx_dest
power_consumption,1705299777557000000,0.005296814881076929,paolo-laptop,influx_dest
power_consumption,1705299778560000000,0.0047492052940399775,paolo-laptop,influx_dest
power_consumption,1705299779562000000,0.005512696999370015,paolo-laptop,influx_dest
power_consumption,1705299780564000000,0.013314410022044348,paolo-laptop,influx_dest
power_consumption,1705299781566000000,0.005226838353688907,paolo-laptop,influx_dest
power_consumption,1705299782569000000,0.005066189905574796,paolo-laptop,influx_dest
power_consumption,1705299783570000000,0.005744468613854116,paolo-laptop,influx_dest
power_consumption,1705299784572000000,0.059737924975082096,paolo-laptop,influx_dest
power_consumption,1705299785574000000,0.005080307993102709,paolo-laptop,influx_dest
power_consumption,1705299786576000000,0.005598919514630573,paolo-laptop,influx_dest
power_consumption,1705299787580000000,0.006515421047304784,paolo-laptop,influx_dest
power_consumption,1705299788582000000,0.011529534142677064,paolo-laptop,influx_dest
power_consumption,1705299789584000000,0.004736831620621267,paolo-laptop,influx_dest
power_consumption,1705299790588000000,0.013979376324972686,paolo-laptop,influx_dest
power_consumption,1705299791595000000,0.012428388246264369,paolo-laptop,influx_dest
power_consumption,1705299792601000000,0.0030861537325766056,paolo-laptop,influx_dest
power_consumption,1705299793603000000,0.00403906866672598,paolo-laptop,influx_dest
power_consumption,1705299794605000000,0.004453010136831485,paolo-laptop,influx_dest
power_consumption,1705299795606000000,0.006269696655951019,paolo-laptop,influx_dest
power_consumption,1705299796609000000,0.01007569982915863,paolo-laptop,influx_dest
power_consumption,1705299797611000000,0.005349076794040883,paolo-laptop,influx_dest
power_consumption,1705299798613000000,0.006515612900688752,paolo-laptop,influx_dest
power_consumption,1705299799614000000,0.005786397394560433,paolo-laptop,influx_dest
power_consumption,1705299800616000000,0.012386728128764304,paolo-laptop,influx_dest
power_consumption,1705299801619000000,0.006171055485675664,paolo-laptop,influx_dest
power_consumption,1705299802621000000,0.005284303993295835,paolo-laptop,influx_dest
power_consumption,1705299803622000000,0.01373888231104997,paolo-laptop,influx_dest
power_consumption,1705299804624000000,0.00816112162126636,paolo-laptop,influx_dest
power_consumption,1705299805626000000,0.01114460152706836,paolo-laptop,influx_dest
power_consumption,1705299806628000000,0.004540111068013947,paolo-laptop,influx_dest
power_consumption,1705299807631000000,0.006077558352101934,paolo-laptop,influx_dest
power_consumption,1705299808634000000,0.004975910961107728,paolo-laptop,influx_dest
power_consumption,1705299809636000000,0.005521219934622363,paolo-laptop,influx_dest
power_consumption,1705299810638000000,0.024277910651973822,paolo-laptop,influx_dest
power_consumption,1705299811640000000,0.006578080899403449,paolo-laptop,influx_dest
power_consumption,1705299812644000000,0.004985267930277946,paolo-laptop,influx_dest
power_consumption,1705299813646000000,0.009317322462422728,paolo-laptop,influx_dest
power_consumption,1705299814650000000,0.006242399132502633,paolo-laptop,influx_dest
power_consumption,1705299815652000000,0.0045467925920113,paolo-laptop,influx_dest
power_consumption,1705299816656000000,0.004259010989872897,paolo-laptop,influx_dest
power_consumption,1705299817660000000,0.004718221719426019,paolo-laptop,influx_dest
power_consumption,1705299818662000000,0.0032006509276436526,paolo-laptop,influx_dest
power_consumption,1705299819665000000,0.00445480491046764,paolo-laptop,influx_dest
power_consumption,1705299820667000000,0.014924586814651818,paolo-laptop,influx_dest
power_consumption,1705299821669000000,0.012295110660388587,paolo-laptop,influx_dest
power_consumption,1705299822673000000,0.006329221088203795,paolo-laptop,influx_dest
power_consumption,1705299825699000000,0.005303244144212735,paolo-laptop,influx_dest
power_consumption,1705299826702000000,0.006372861862014871,paolo-laptop,influx_dest
power_consumption,1705299827705000000,0.00463712277097105,paolo-laptop,influx_dest
power_consumption,1705299830718000000,0.02373688854657749,paolo-laptop,influx_dest
power_consumption,1705299831722000000,0.006325958686681699,paolo-laptop,influx_dest
power_consumption,1705299833729000000,0.005106024176198202,paolo-laptop,influx_dest
power_consumption,1705299834730000000,0.004911017140634599,paolo-laptop,influx_dest
power_consumption,1705299835732000000,0.005695952500918408,paolo-laptop,influx_dest
power_consumption,1705299836736000000,0.004167769302544713,paolo-laptop,influx_dest
power_consumption,1705299837738000000,0.004538409337127031,paolo-laptop,influx_dest
power_consumption,1705299838741000000,0.003586334406124934,paolo-laptop,influx_dest
power_consumption,1705299839744000000,0.00435342354327992,paolo-laptop,influx_dest
power_consumption,1705299840749000000,0.02371609106012031,paolo-laptop,influx_dest
power_consumption,1705299841753000000,0.010280162324531786,paolo-laptop,influx_dest
power_consumption,1705299842757000000,0.012072970342484626,paolo-laptop,influx_dest
power_consumption,1705299843758000000,0.008793331970349327,paolo-laptop,influx_dest
power_consumption,1705299845764000000,0.004830152333412765,paolo-laptop,influx_dest
power_consumption,1705299846768000000,0.0034629924103782494,paolo-laptop,influx_dest
power_consumption,1705299847770000000,0.0027170689961285893,paolo-laptop,influx_dest
power_consumption,1705299848772000000,0.005089241074759365,paolo-laptop,influx_dest
power_consumption,1705299849777000000,0.006665709025976049,paolo-laptop,influx_dest
power_consumption,1705299850779000000,0.013797507461123442,paolo-laptop,influx_dest
power_consumption,1705299851781000000,0.004451575452714986,paolo-laptop,influx_dest
power_consumption,1705299852782000000,0.06865697982697846,paolo-laptop,influx_dest
power_consumption,1705299853784000000,0.006636209424005346,paolo-laptop,influx_dest
power_consumption,1705299854786000000,0.004740447295878329,paolo-laptop,influx_dest
power_consumption,1705299855789000000,0.005057236018196343,paolo-laptop,influx_dest
power_consumption,1705299856790000000,0.004890652951721619,paolo-laptop,influx_dest
power_consumption,1705299857793000000,0.005478967517181487,paolo-laptop,influx_dest
power_consumption,1705299858795000000,0.004779766592019745,paolo-laptop,influx_dest
power_consumption,1705299859797000000,0.004294373740772735,paolo-laptop,influx_dest
power_consumption,1705299860799000000,0.012050788838921847,paolo-laptop,influx_dest
power_consumption,1705299861801000000,0.00609122165437547,paolo-laptop,influx_dest
power_consumption,1705299862802000000,0.004536656572019588,paolo-laptop,influx_dest
power_consumption,1705299863809000000,0.005765944645907035,paolo-laptop,influx_dest
power_consumption,1705299864811000000,0.005014029965306527,paolo-laptop,influx_dest
power_consumption,1705299865815000000,0.005766989737187378,paolo-laptop,influx_dest
power_consumption,1705299866816000000,0.004670580326325224,paolo-laptop,influx_dest
power_consumption,1705299867819000000,0.005439393807439536,paolo-laptop,influx_dest
power_consumption,1705299868822000000,0.005824589978877493,paolo-laptop,influx_dest
power_consumption,1705299869824000000,0.004516450113792536,paolo-laptop,influx_dest
power_consumption,1705299870826000000,0.013633969797210276,paolo-laptop,influx_dest
power_consumption,1705299871828000000,0.00561547331923512,paolo-laptop,influx_dest
power_consumption,1705299872831000000,0.005185565159164203,paolo-laptop,influx_dest
power_consumption,1705299873833000000,0.008785403826430047,paolo-laptop,influx_dest
power_consumption,1705299874835000000,0.00762738996416874,paolo-laptop,influx_dest
power_consumption,1705299875837000000,0.003651830862895858,paolo-laptop,influx_dest
power_consumption,1705299876839000000,0.005007011991360031,paolo-laptop,influx_dest
power_consumption,1705299877842000000,0.005493230842406124,paolo-laptop,influx_dest
power_consumption,1705299878845000000,0.0051388443957428795,paolo-laptop,influx_dest
power_consumption,1705299879848000000,0.00551853468685842,paolo-laptop,influx_dest
power_consumption,1705299880850000000,0.011347293904640067,paolo-laptop,influx_dest
power_consumption,1705299881851000000,0.004007502598084299,paolo-laptop,influx_dest
power_consumption,1705299882853000000,0.004360462669798721,paolo-laptop,influx_dest
power_consumption,1705299883855000000,0.005722755497843452,paolo-laptop,influx_dest
power_consumption,1705299884857000000,0.0078065036673282415,paolo-laptop,influx_dest
power_consumption,1705299885860000000,0.004515645682165172,paolo-laptop,influx_dest
power_consumption,1705299886862000000,0.00870029396589478,paolo-laptop,influx_dest
power_consumption,1705299887867000000,0.005207145479854696,paolo-laptop,influx_dest
power_consumption,1705299888871000000,0.004213020532425211,paolo-laptop,influx_dest
power_consumption,1705299889873000000,0.00835943042249355,paolo-laptop,influx_dest
power_consumption,1705299891884000000,0.005007076480832007,paolo-laptop,influx_dest
power_consumption,1705299892888000000,0.005510882691391751,paolo-laptop,influx_dest
power_consumption,1705299893891000000,0.009108678611281739,paolo-laptop,influx_dest
power_consumption,1705299894893000000,0.0056139261739842575,paolo-laptop,influx_dest
power_consumption,1705299895895000000,0.006925626049805852,paolo-laptop,influx_dest
power_consumption,1705299896901000000,0.0033258054204504325,paolo-laptop,influx_dest
power_consumption,1705299897907000000,0.013644047209499643,paolo-laptop,influx_dest
power_consumption,1705299898909000000,0.008590124046806114,paolo-laptop,influx_dest
power_consumption,1705299899911000000,0.004360081525226441,paolo-laptop,influx_dest
power_consumption,1705299900912000000,0.013520085873555653,paolo-laptop,influx_dest
power_consumption,1705299901914000000,0.005022392696720492,paolo-laptop,influx_dest
power_consumption,1705299902918000000,0.009088288302945386,paolo-laptop,influx_dest
power_consumption,1705299903922000000,0.021445762014715573,paolo-laptop,influx_dest
power_consumption,1705299904924000000,0.01057376548099751,paolo-laptop,influx_dest
power_consumption,1705299905928000000,0.01447740774066832,paolo-laptop,influx_dest
power_consumption,1705299906931000000,0.004741700297985604,paolo-laptop,influx_dest
power_consumption,1705299907933000000,0.003485067690392506,paolo-laptop,influx_dest
power_consumption,1705299908937000000,0.006841127174469848,paolo-laptop,influx_dest
power_consumption,1705299909941000000,0.012014925460731577,paolo-laptop,influx_dest
power_consumption,1705299910943000000,0.012321082111399696,paolo-laptop,influx_dest
power_consumption,1705299912949000000,0.004411935823377931,paolo-laptop,influx_dest
power_consumption,1705299913953000000,0.005344215467601247,paolo-laptop,influx_dest
power_consumption,1705299914955000000,0.005773301721497897,paolo-laptop,influx_dest
power_consumption,1705299915959000000,0.00439683752332493,paolo-laptop,influx_dest
power_consumption,1705299916961000000,0.005430594194047145,paolo-laptop,influx_dest
power_consumption,1705299918966000000,0.012914019515310547,paolo-laptop,influx_dest
power_consumption,1705299919969000000,0.005853608854216132,paolo-laptop,influx_dest
power_consumption,1705299920971000000,0.013728583241869562,paolo-laptop,influx_dest
power_consumption,1705299921976000000,0.007264237838229523,paolo-laptop,influx_dest
power_consumption,1705299922979000000,0.05486937136630804,paolo-laptop,influx_dest
power_consumption,1705299923985000000,0.007559261316026343,paolo-laptop,influx_dest
power_consumption,1705299924990000000,0.005424165839702949,paolo-laptop,influx_dest
power_consumption,1705299925994000000,0.011657011521652097,paolo-laptop,influx_dest
power_consumption,1705299927000000000,0.020309505907133325,paolo-laptop,influx_dest
power_consumption,1705299928004000000,0.002960461416193866,paolo-laptop,influx_dest
power_consumption,1705299929009000000,0.00471876009616985,paolo-laptop,influx_dest
power_consumption,1705299930016000000,0.01486199980849168,paolo-laptop,influx_dest
power_consumption,1705299931019000000,0.006496622749349682,paolo-laptop,influx_dest
power_consumption,1705299932021000000,0.004597557511599886,paolo-laptop,influx_dest
power_consumption,1705299933025000000,0.005011573583743862,paolo-laptop,influx_dest
power_consumption,1705299934027000000,0.005754161856949139,paolo-laptop,influx_dest
power_consumption,1705299935028000000,0.016784576160391616,paolo-laptop,influx_dest
power_consumption,1705299936029000000,0.004896531810068756,paolo-laptop,influx_dest
power_consumption,1705299937033000000,0.005514311634532952,paolo-laptop,influx_dest
power_consumption,1705299938034000000,0.006971717574754931,paolo-laptop,influx_dest
power_consumption,1705299939036000000,0.005314912505995481,paolo-laptop,influx_dest
power_consumption,1705299940038000000,0.014805393935404405,paolo-laptop,influx_dest
power_consumption,1705299941039000000,0.004123659143801605,paolo-laptop,influx_dest
power_consumption,1705299942041000000,0.008613922834191006,paolo-laptop,influx_dest
power_consumption,1705299943046000000,0.003979364497388165,paolo-laptop,influx_dest
power_consumption,1705299944050000000,0.012981498372396353,paolo-laptop,influx_dest
power_consumption,1705299945053000000,0.0038888932867490586,paolo-laptop,influx_dest
power_consumption,1705299946056000000,0.010365562818026062,paolo-laptop,influx_dest
power_consumption,1705299947057000000,0.004067070879836519,paolo-laptop,influx_dest
power_consumption,1705299948059000000,0.004514048230147177,paolo-laptop,influx_dest
power_consumption,1705299949062000000,0.005212324213177987,paolo-laptop,influx_dest
power_consumption,1705299950064000000,0.010209533130554468,paolo-laptop,influx_dest
power_consumption,1705299951066000000,0.010077414072641178,paolo-laptop,influx_dest
power_consumption,1705299952067000000,0.008681402191566776,paolo-laptop,influx_dest
power_consumption,1705299953070000000,0.0044014183660998,paolo-laptop,influx_dest
power_consumption,1705299954076000000,0.018630194734996195,paolo-laptop,influx_dest
power_consumption,1705299955081000000,0.004283761172095855,paolo-laptop,influx_dest
power_consumption,1705299956083000000,0.004157391459503816,paolo-laptop,influx_dest
power_consumption,1705299957087000000,0.004807200326573607,paolo-laptop,influx_dest
power_consumption,1705299958089000000,0.004160303360082577,paolo-laptop,influx_dest
power_consumption,1705299959094000000,0.012817242678704807,paolo-laptop,influx_dest
power_consumption,1705299960096000000,0.011800872128602471,paolo-laptop,influx_dest
power_consumption,1705299961100000000,0.005125037633010142,paolo-laptop,influx_dest
power_consumption,1705299962105000000,0.004030261023343857,paolo-laptop,influx_dest
power_consumption,1705299963107000000,0.008872363771706063,paolo-laptop,influx_dest
power_consumption,1705299964109000000,0.021589015385770363,paolo-laptop,influx_dest
power_consumption,1705299965111000000,0.006292655796309125,paolo-laptop,influx_dest
power_consumption,1705299966112000000,0.006329205987411569,paolo-laptop,influx_dest
power_consumption,1705299967113000000,0.00565229394185793,paolo-laptop,influx_dest
power_consumption,1705299968115000000,0.0057560759266809276,paolo-laptop,influx_dest
power_consumption,1705299969116000000,0.005961219781478219,paolo-laptop,influx_dest
power_consumption,1705299970118000000,0.013632092017629103,paolo-laptop,influx_dest
power_consumption,1705299971122000000,0.009321748671681954,paolo-laptop,influx_dest
power_consumption,1705299972126000000,0.00431729261030281,paolo-laptop,influx_dest
power_consumption,1705299973128000000,0.004791045693527048,paolo-laptop,influx_dest
power_consumption,1705299974132000000,0.007947101064738536,paolo-laptop,influx_dest
power_consumption,1705299975136000000,0.01307923829061126,paolo-laptop,influx_dest
power_consumption,1705299976137000000,0.011337005049313903,paolo-laptop,influx_dest
power_consumption,1705299977141000000,0.004365345871658537,paolo-laptop,influx_dest
power_consumption,1705299978142000000,0.0058834609833800025,paolo-laptop,influx_dest
power_consumption,1705299979146000000,0.00968056535037537,paolo-laptop,influx_dest
power_consumption,1705299980150000000,0.03543725121560435,paolo-laptop,influx_dest
power_consumption,1705299981152000000,0.004569833566299045,paolo-laptop,influx_dest
power_consumption,1705299982155000000,0.00616377236175819,paolo-laptop,influx_dest
power_consumption,1705299984161000000,0.003426571372908669,paolo-laptop,influx_dest
power_consumption,1705299986169000000,0.010793610039946529,paolo-laptop,influx_dest
power_consumption,1705299987171000000,0.005774953893929591,paolo-laptop,influx_dest
power_consumption,1705299988175000000,0.005738640365679595,paolo-laptop,influx_dest
power_consumption,1705299989176000000,0.0058721158146497355,paolo-laptop,influx_dest
power_consumption,1705299990181000000,0.017095157400393916,paolo-laptop,influx_dest
power_consumption,1705299991184000000,0.012450809667103524,paolo-laptop,influx_dest
power_consumption,1705299992185000000,0.006379988351319801,paolo-laptop,influx_dest
power_consumption,1705299993192000000,0.007714227636674383,paolo-laptop,influx_dest
power_consumption,1705299994198000000,0.01631168942323913,paolo-laptop,influx_dest
power_consumption,1705299995202000000,0.014976567374315556,paolo-laptop,influx_dest
power_consumption,1705299996206000000,0.012036876042332756,paolo-laptop,influx_dest
power_consumption,1705299997209000000,0.05500646948367319,paolo-laptop,influx_dest
power_consumption,1705299998213000000,0.011488505841310852,paolo-laptop,influx_dest
power_consumption,1705299999214000000,0.012746875070259008,paolo-laptop,influx_dest
power_consumption,1705300000216000000,0.048014888299068914,paolo-laptop,influx_dest
power_consumption,1705300001218000000,0.016614231224797354,paolo-laptop,influx_dest
power_consumption,1705300002219000000,0.01578522249865672,paolo-laptop,influx_dest
power_consumption,1705300003221000000,0.005495029204089716,paolo-laptop,influx_dest
power_consumption,1705300004225000000,0.003399527770679194,paolo-laptop,influx_dest
power_consumption,1705300005231000000,0.007680880872492957,paolo-laptop,influx_dest
power_consumption,1705300006234000000,0.004645080223973142,paolo-laptop,influx_dest
power_consumption,1705300007235000000,0.004663458189499054,paolo-laptop,influx_dest
power_consumption,1705300008238000000,0.004572127530949429,paolo-laptop,influx_dest
power_consumption,1705300009240000000,0.006154751906607839,paolo-laptop,influx_dest
power_consumption,1705300010242000000,0.012856195061717866,paolo-laptop,influx_dest
power_consumption,1705300011244000000,0.005277933107015711,paolo-laptop,influx_dest
power_consumption,1705300012248000000,0.003924962764112381,paolo-laptop,influx_dest
power_consumption,1705300013253000000,0.013820887913765095,paolo-laptop,influx_dest
power_consumption,1705300014258000000,0.006930440612011032,paolo-laptop,influx_dest
power_consumption,1705300015262000000,0.004366874737812822,paolo-laptop,influx_dest
power_consumption,1705300016265000000,0.017117260027007093,paolo-laptop,influx_dest
power_consumption,1705300017267000000,0.004877378322603161,paolo-laptop,influx_dest
power_consumption,1705300018271000000,0.005877271154117413,paolo-laptop,influx_dest
power_consumption,1705300019274000000,0.0058083075350924,paolo-laptop,influx_dest
power_consumption,1705300020277000000,0.014161213157681485,paolo-laptop,influx_dest
power_consumption,1705300021282000000,0.004680853966758595,paolo-laptop,influx_dest
power_consumption,1705300022284000000,0.005570414345496835,paolo-laptop,influx_dest
power_consumption,1705300023286000000,0.006179896002394368,paolo-laptop,influx_dest
power_consumption,1705300024289000000,0.007514747452126498,paolo-laptop,influx_dest
power_consumption,1705300025291000000,0.00675274573279098,paolo-laptop,influx_dest
power_consumption,1705300026293000000,0.005403665248702065,paolo-laptop,influx_dest
power_consumption,1705300027297000000,0.0027555497124633994,paolo-laptop,influx_dest
power_consumption,1705300028301000000,0.005651124590881863,paolo-laptop,influx_dest
power_consumption,1705300029302000000,0.006096723349554543,paolo-laptop,influx_dest
power_consumption,1705300030303000000,0.013996481134221434,paolo-laptop,influx_dest
power_consumption,1705300031306000000,0.005315531954927401,paolo-laptop,influx_dest
power_consumption,1705300032308000000,0.005491903900753536,paolo-laptop,influx_dest
power_consumption,1705300033311000000,0.005993213542169747,paolo-laptop,influx_dest
power_consumption,1705300034313000000,0.005543131876342261,paolo-laptop,influx_dest
power_consumption,1705300035315000000,0.005374118408698301,paolo-laptop,influx_dest
power_consumption,1705300036319000000,0.002719677460749104,paolo-laptop,influx_dest
power_consumption,1705300037323000000,0.011616277593597436,paolo-laptop,influx_dest
power_consumption,1705300038327000000,0.016408678551682317,paolo-laptop,influx_dest
power_consumption,1705300039331000000,0.006962790644413881,paolo-laptop,influx_dest
power_consumption,1705300040333000000,0.021173712135183046,paolo-laptop,influx_dest
power_consumption,1705300041337000000,0.004912127306431365,paolo-laptop,influx_dest
power_consumption,1705300042342000000,0.02510309897986823,paolo-laptop,influx_dest
power_consumption,1705300043345000000,0.008050619748010407,paolo-laptop,influx_dest
power_consumption,1705300044349000000,0.02532335860550736,paolo-laptop,influx_dest
power_consumption,1705300045353000000,0.025117463738062087,paolo-laptop,influx_dest
power_consumption,1705300046357000000,0.015403679734194906,paolo-laptop,influx_dest
power_consumption,1705300047358000000,0.011741582521887511,paolo-laptop,influx_dest
power_consumption,1705300048362000000,0.0060714809313747176,paolo-laptop,influx_dest
power_consumption,1705300049365000000,0.014470956853878125,paolo-laptop,influx_dest
power_consumption,1705300050368000000,0.04252994479538148,paolo-laptop,influx_dest
power_consumption,1705300051372000000,0.0059547577946352575,paolo-laptop,influx_dest
power_consumption,1705300052378000000,0.005279175138925264,paolo-laptop,influx_dest
power_consumption,1705300053383000000,0.007784651075378769,paolo-laptop,influx_dest
power_consumption,1705300054387000000,0.009797156090493765,paolo-laptop,influx_dest
power_consumption,1705300055389000000,0.004072904297200879,paolo-laptop,influx_dest
power_consumption,1705300057398000000,0.021232822700780682,paolo-laptop,influx_dest
power_consumption,1705300058403000000,0.00865317958065,paolo-laptop,influx_dest
power_consumption,1705300059407000000,0.012309913637578579,paolo-laptop,influx_dest
power_consumption,1705300060411000000,0.0142752873480858,paolo-laptop,influx_dest
power_consumption,1705300061415000000,0.018202214518534383,paolo-laptop,influx_dest
power_consumption,1705300062419000000,0.0049424943904681495,paolo-laptop,influx_dest
power_consumption,1705300063422000000,0.010673970804568347,paolo-laptop,influx_dest
power_consumption,1705300065425000000,0.015421511421126188,paolo-laptop,influx_dest
power_consumption,1705300066427000000,0.014124404972673088,paolo-laptop,influx_dest
power_consumption,1705300067429000000,0.012188972490237388,paolo-laptop,influx_dest
power_consumption,1705300068431000000,0.0105267017053857,paolo-laptop,influx_dest
power_consumption,1705300069433000000,0.07008173909538046,paolo-laptop,influx_dest
power_consumption,1705300070437000000,0.03095108169464514,paolo-laptop,influx_dest
power_consumption,1705300071442000000,0.004058876179433896,paolo-laptop,influx_dest
power_consumption,1705300072444000000,0.004701398917099838,paolo-laptop,influx_dest
power_consumption,1705300073446000000,0.006222017327573924,paolo-laptop,influx_dest
power_consumption,1705300074449000000,0.00749865973564991,paolo-laptop,influx_dest
power_consumption,1705300075451000000,0.00431727530735636,paolo-laptop,influx_dest
power_consumption,1705300076452000000,0.0062055780116841925,paolo-laptop,influx_dest
power_consumption,1705300077456000000,0.002914996998377557,paolo-laptop,influx_dest
power_consumption,1705300078459000000,0.013169434508178212,paolo-laptop,influx_dest
power_consumption,1705300079462000000,0.004783080924537118,paolo-laptop,influx_dest
power_consumption,1705300080463000000,0.02093009576283475,paolo-laptop,influx_dest
power_consumption,1705300081467000000,0.004879377491806912,paolo-laptop,influx_dest
power_consumption,1705300082470000000,0.013526647821356562,paolo-laptop,influx_dest
power_consumption,1705300083471000000,0.0058806191466492155,paolo-laptop,influx_dest
power_consumption,1705300084473000000,0.0031139543148374174,paolo-laptop,influx_dest
power_consumption,1705300085474000000,0.006650838422622199,paolo-laptop,influx_dest
power_consumption,1705300086476000000,0.013077438846531871,paolo-laptop,influx_dest
power_consumption,1705300087477000000,0.008267433350796898,paolo-laptop,influx_dest
power_consumption,1705300088479000000,0.005730111619700364,paolo-laptop,influx_dest
power_consumption,1705300089482000000,0.0029618816092190216,paolo-laptop,influx_dest
power_consumption,1705300090486000000,0.0154955358470511,paolo-laptop,influx_dest
power_consumption,1705300091488000000,0.005821360526185411,paolo-laptop,influx_dest
power_consumption,1705300092492000000,0.005752921911224571,paolo-laptop,influx_dest
power_consumption,1705300093494000000,0.01183887717111892,paolo-laptop,influx_dest
power_consumption,1705300094496000000,0.005918749114659931,paolo-laptop,influx_dest
power_consumption,1705300095502000000,0.003341200834014871,paolo-laptop,influx_dest
power_consumption,1705300096509000000,0.00467041712840124,paolo-laptop,influx_dest
power_consumption,1705300097515000000,0.004846961272189114,paolo-laptop,influx_dest
power_consumption,1705300098517000000,0.004443754705151009,paolo-laptop,influx_dest
power_consumption,1705300099519000000,0.0043659654408163325,paolo-laptop,influx_dest
power_consumption,1705300100523000000,0.02757961197110093,paolo-laptop,influx_dest
power_consumption,1705300101524000000,0.0073859785061637755,paolo-laptop,influx_dest
power_consumption,1705300102526000000,0.0048732248768012364,paolo-laptop,influx_dest
power_consumption,1705300103527000000,0.006370210188777296,paolo-laptop,influx_dest
power_consumption,1705300104529000000,0.004173621568586851,paolo-laptop,influx_dest
power_consumption,1705300105530000000,0.01101198845126376,paolo-laptop,influx_dest
power_consumption,1705300106534000000,0.004257661761042035,paolo-laptop,influx_dest
power_consumption,1705300107538000000,0.02562946476225739,paolo-laptop,influx_dest
power_consumption,1705300108540000000,0.005643780941043008,paolo-laptop,influx_dest
power_consumption,1705300109544000000,0.01406360953621066,paolo-laptop,influx_dest
power_consumption,1705300110547000000,0.028505648031664152,paolo-laptop,influx_dest
power_consumption,1705300111550000000,0.003963577895370682,paolo-laptop,influx_dest
power_consumption,1705300112554000000,0.005453306049610717,paolo-laptop,influx_dest
power_consumption,1705300113556000000,0.005537767795346067,paolo-laptop,influx_dest
power_consumption,1705300114560000000,0.014159322651946638,paolo-laptop,influx_dest
power_consumption,1705300115563000000,0.0051624901648050295,paolo-laptop,influx_dest
power_consumption,1705300116565000000,0.004016799900152732,paolo-laptop,influx_dest
power_consumption,1705300117567000000,0.0068624352932182275,paolo-laptop,influx_dest
power_consumption,1705300118569000000,0.005459339158409512,paolo-laptop,influx_dest
power_consumption,1705300119572000000,0.005386791777742175,paolo-laptop,influx_dest
power_consumption,1705300120575000000,0.014079664497358774,paolo-laptop,influx_dest
power_consumption,1705300121577000000,0.004687230160996448,paolo-laptop,influx_dest
power_consumption,1705300122579000000,0.006017097652067774,paolo-laptop,influx_dest
power_consumption,1705300123580000000,0.003607650724793793,paolo-laptop,influx_dest
power_consumption,1705300124583000000,0.006313915215004569,paolo-laptop,influx_dest
power_consumption,1705300125585000000,0.008181721504783192,paolo-laptop,influx_dest
power_consumption,1705300126586000000,0.004939691572381841,paolo-laptop,influx_dest
power_consumption,1705300127588000000,0.006772050331115795,paolo-laptop,influx_dest
power_consumption,1705300128590000000,0.005586850678974864,paolo-laptop,influx_dest
power_consumption,1705300129592000000,0.003817742590738376,paolo-laptop,influx_dest
power_consumption,1705300130594000000,0.011977705073224529,paolo-laptop,influx_dest
