name,time,power,sensor,target
power_consumption,1704524852654000000,9.805551914304454,paolo-laptop,crate-container-cd
power_consumption,1704524853655000000,11.16441218639832,paolo-laptop,crate-container-cd
power_consumption,1704524854657000000,10.505608856583219,paolo-laptop,crate-container-cd
power_consumption,1704524855660000000,12.357441628830468,paolo-laptop,crate-container-cd
power_consumption,1704524856661000000,8.496025855289481,paolo-laptop,crate-container-cd
power_consumption,1704524857663000000,12.405233390282547,paolo-laptop,crate-container-cd
power_consumption,1704524858664000000,11.708085203048334,paolo-laptop,crate-container-cd
power_consumption,1704524859665000000,12.423118140777275,paolo-laptop,crate-container-cd
power_consumption,1704524860667000000,11.24780251502492,paolo-laptop,crate-container-cd
power_consumption,1704524861669000000,13.29684058246428,paolo-laptop,crate-container-cd
power_consumption,1704524862670000000,13.338906235333667,paolo-laptop,crate-container-cd
power_consumption,1704524863672000000,14.794311876547317,paolo-laptop,crate-container-cd
power_consumption,1704524864675000000,11.242788639593151,paolo-laptop,crate-container-cd
power_consumption,1704524865677000000,11.214532123008265,paolo-laptop,crate-container-cd
power_consumption,1704524866679000000,12.325559897634943,paolo-laptop,crate-container-cd
power_consumption,1704524868682000000,13.319976978528583,paolo-laptop,crate-container-cd
power_consumption,1704524870685000000,11.687089696562705,paolo-laptop,crate-container-cd
power_consumption,1704524872687000000,11.532695729517057,paolo-laptop,crate-container-cd
power_consumption,1704524874690000000,10.579221253638634,paolo-laptop,crate-container-cd
power_consumption,1704524875692000000,12.031725066258307,paolo-laptop,crate-container-cd
power_consumption,1704524876693000000,11.478478587731285,paolo-laptop,crate-container-cd
power_consumption,1704524877696000000,13.835851587691224,paolo-laptop,crate-container-cd
power_consumption,1704524878698000000,11.506962523696883,paolo-laptop,crate-container-cd
power_consumption,1704524879699000000,11.192013743163283,paolo-laptop,crate-container-cd
power_consumption,1704524880701000000,9.052897575266583,paolo-laptop,crate-container-cd
power_consumption,1704524886709000000,14.026877692202293,paolo-laptop,crate-container-cd
power_consumption,1704524887712000000,16.779787202400897,paolo-laptop,crate-container-cd
power_consumption,1704524888715000000,8.60647479799964,paolo-laptop,crate-container-cd
power_consumption,1704524890719000000,16.833510903956725,paolo-laptop,crate-container-cd
power_consumption,1704524891720000000,10.159783995432445,paolo-laptop,crate-container-cd
power_consumption,1704524892722000000,9.252530605967735,paolo-laptop,crate-container-cd
power_consumption,1704524893723000000,7.345884773992621,paolo-laptop,crate-container-cd
power_consumption,1704524894725000000,8.773335954281416,paolo-laptop,crate-container-cd
power_consumption,1704524895727000000,11.015637967257351,paolo-laptop,crate-container-cd
power_consumption,1704524896729000000,10.33570272940524,paolo-laptop,crate-container-cd
power_consumption,1704524897730000000,11.940921955297588,paolo-laptop,crate-container-cd
power_consumption,1704524898733000000,9.773273330948795,paolo-laptop,crate-container-cd
power_consumption,1704524899734000000,12.824566430884571,paolo-laptop,crate-container-cd
power_consumption,1704524900735000000,9.34831640786512,paolo-laptop,crate-container-cd
power_consumption,1704524901737000000,12.203063992318747,paolo-laptop,crate-container-cd
power_consumption,1704524902739000000,10.516207063225643,paolo-laptop,crate-container-cd
power_consumption,1704524904743000000,10.442395151637303,paolo-laptop,crate-container-cd
power_consumption,1704524906747000000,14.237305969485684,paolo-laptop,crate-container-cd
power_consumption,1704524907748000000,15.859811965265617,paolo-laptop,crate-container-cd
power_consumption,1704524908750000000,15.69888735898739,paolo-laptop,crate-container-cd
power_consumption,1704524909752000000,15.048949067836976,paolo-laptop,crate-container-cd
power_consumption,1704524910754000000,13.700311112760847,paolo-laptop,crate-container-cd
power_consumption,1704524911757000000,15.09220313135509,paolo-laptop,crate-container-cd
power_consumption,1704524912759000000,15.34051779591674,paolo-laptop,crate-container-cd
power_consumption,1704524913760000000,14.55982095114643,paolo-laptop,crate-container-cd
power_consumption,1704524914762000000,16.4159012649569,paolo-laptop,crate-container-cd
power_consumption,1704524915764000000,13.859637856728282,paolo-laptop,crate-container-cd
power_consumption,1704524916766000000,13.87823343484249,paolo-laptop,crate-container-cd
power_consumption,1704524917768000000,11.127782473502478,paolo-laptop,crate-container-cd
power_consumption,1704524918770000000,14.802504739826766,paolo-laptop,crate-container-cd
power_consumption,1704524919772000000,13.870475744789907,paolo-laptop,crate-container-cd
power_consumption,1704524920774000000,13.59363797688759,paolo-laptop,crate-container-cd
power_consumption,1704524921776000000,12.723253142754373,paolo-laptop,crate-container-cd
power_consumption,1704524922778000000,13.488142026808537,paolo-laptop,crate-container-cd
power_consumption,1704524923781000000,13.032310205070843,paolo-laptop,crate-container-cd
power_consumption,1704524924783000000,18.311238322885675,paolo-laptop,crate-container-cd
power_consumption,1704524925786000000,12.988538546206886,paolo-laptop,crate-container-cd
power_consumption,1704524926788000000,12.974033896168358,paolo-laptop,crate-container-cd
power_consumption,1704524927790000000,12.792694585959385,paolo-laptop,crate-container-cd
power_consumption,1704524928793000000,13.22670818770116,paolo-laptop,crate-container-cd
power_consumption,1704524929795000000,12.99279073268779,paolo-laptop,crate-container-cd
power_consumption,1704524930797000000,13.060838030371219,paolo-laptop,crate-container-cd
power_consumption,1704524931799000000,12.672424852330895,paolo-laptop,crate-container-cd
power_consumption,1704524932800000000,13.865725308286976,paolo-laptop,crate-container-cd
power_consumption,1704524933802000000,15.55553575547001,paolo-laptop,crate-container-cd
power_consumption,1704524934804000000,13.667298922064948,paolo-laptop,crate-container-cd
power_consumption,1704524935806000000,13.090477105846107,paolo-laptop,crate-container-cd
power_consumption,1704524936808000000,13.237193573205872,paolo-laptop,crate-container-cd
power_consumption,1704524937810000000,13.1408753866274,paolo-laptop,crate-container-cd
power_consumption,1704524938812000000,13.102352826299931,paolo-laptop,crate-container-cd
power_consumption,1704524939815000000,11.100999906113698,paolo-laptop,crate-container-cd
power_consumption,1704524940818000000,13.144257552406,paolo-laptop,crate-container-cd
power_consumption,1704524941824000000,13.170948535410698,paolo-laptop,crate-container-cd
power_consumption,1704524942826000000,10.967571921092045,paolo-laptop,crate-container-cd
power_consumption,1704524943828000000,10.511967934238456,paolo-laptop,crate-container-cd
power_consumption,1704524944830000000,14.883376658997808,paolo-laptop,crate-container-cd
power_consumption,1704524945832000000,14.980971885435189,paolo-laptop,crate-container-cd
power_consumption,1704524946834000000,14.292977774444896,paolo-laptop,crate-container-cd
power_consumption,1704524947840000000,14.351261933188779,paolo-laptop,crate-container-cd
power_consumption,1704524948846000000,15.580814145365398,paolo-laptop,crate-container-cd
power_consumption,1704524949852000000,13.924207688722655,paolo-laptop,crate-container-cd
power_consumption,1704524950858000000,14.294486122139297,paolo-laptop,crate-container-cd
power_consumption,1704524951863000000,15.231059873573479,paolo-laptop,crate-container-cd
power_consumption,1704524952864000000,14.465370789734585,paolo-laptop,crate-container-cd
power_consumption,1704524953866000000,13.098048525156974,paolo-laptop,crate-container-cd
power_consumption,1704524954868000000,14.256125613019075,paolo-laptop,crate-container-cd
power_consumption,1704524955871000000,13.734326459621887,paolo-laptop,crate-container-cd
power_consumption,1704524956873000000,13.643050280405383,paolo-laptop,crate-container-cd
power_consumption,1704524957875000000,12.966350860315586,paolo-laptop,crate-container-cd
power_consumption,1704524958877000000,13.707342234660837,paolo-laptop,crate-container-cd
power_consumption,1704524959879000000,14.231322206827057,paolo-laptop,crate-container-cd
power_consumption,1704524960894000000,17.482297086643626,paolo-laptop,crate-container-cd
power_consumption,1704524961896000000,14.090207578938788,paolo-laptop,crate-container-cd
power_consumption,1704524962900000000,13.137395694354574,paolo-laptop,crate-container-cd
power_consumption,1704524963905000000,13.281610166715012,paolo-laptop,crate-container-cd
power_consumption,1704524964911000000,14.079739476319313,paolo-laptop,crate-container-cd
power_consumption,1704524965917000000,13.331510001002393,paolo-laptop,crate-container-cd
power_consumption,1704524966923000000,13.85919987774196,paolo-laptop,crate-container-cd
power_consumption,1704524967925000000,13.166356600999865,paolo-laptop,crate-container-cd
power_consumption,1704524968931000000,13.744072379081228,paolo-laptop,crate-container-cd
power_consumption,1704524969933000000,13.114371053578916,paolo-laptop,crate-container-cd
power_consumption,1704524970935000000,13.457172237879302,paolo-laptop,crate-container-cd
power_consumption,1704524971941000000,12.598083172507536,paolo-laptop,crate-container-cd
power_consumption,1704524972943000000,13.09780216941816,paolo-laptop,crate-container-cd
power_consumption,1704524973946000000,12.528091237286478,paolo-laptop,crate-container-cd
power_consumption,1704524974949000000,13.920191353920533,paolo-laptop,crate-container-cd
power_consumption,1704524975950000000,12.533195271245738,paolo-laptop,crate-container-cd
power_consumption,1704524976952000000,11.953882085096282,paolo-laptop,crate-container-cd
power_consumption,1704524977953000000,11.433295067315353,paolo-laptop,crate-container-cd
power_consumption,1704524978956000000,11.969619449123677,paolo-laptop,crate-container-cd
power_consumption,1704524979958000000,11.099102592902264,paolo-laptop,crate-container-cd
power_consumption,1704524980960000000,12.002735671869065,paolo-laptop,crate-container-cd
power_consumption,1704524981961000000,11.640767114236658,paolo-laptop,crate-container-cd
power_consumption,1704524982963000000,11.847115129160787,paolo-laptop,crate-container-cd
power_consumption,1704524983966000000,11.40771388134275,paolo-laptop,crate-container-cd
power_consumption,1704524984968000000,8.959966735677316,paolo-laptop,crate-container-cd
power_consumption,1704524985970000000,11.73587748267449,paolo-laptop,crate-container-cd
power_consumption,1704524986972000000,12.435103581058696,paolo-laptop,crate-container-cd
power_consumption,1704524987974000000,11.292638877849383,paolo-laptop,crate-container-cd
power_consumption,1704524988976000000,13.21241836214326,paolo-laptop,crate-container-cd
power_consumption,1704524989978000000,14.143783499174067,paolo-laptop,crate-container-cd
power_consumption,1704524990979000000,14.445706107555539,paolo-laptop,crate-container-cd
power_consumption,1704524991981000000,13.7187550571389,paolo-laptop,crate-container-cd
power_consumption,1704524992984000000,10.771895988478704,paolo-laptop,crate-container-cd
power_consumption,1704524993986000000,14.02565912797988,paolo-laptop,crate-container-cd
power_consumption,1704524994997000000,14.254599884638049,paolo-laptop,crate-container-cd
power_consumption,1704524995999000000,13.864262492655293,paolo-laptop,crate-container-cd
power_consumption,1704524997003000000,14.339519861899808,paolo-laptop,crate-container-cd
power_consumption,1704524998006000000,12.783108948454608,paolo-laptop,crate-container-cd
power_consumption,1704524999008000000,12.934413149060374,paolo-laptop,crate-container-cd
power_consumption,1704525000011000000,12.702073587889423,paolo-laptop,crate-container-cd
power_consumption,1704525001014000000,11.027089902961258,paolo-laptop,crate-container-cd
power_consumption,1704525002016000000,12.927192844355062,paolo-laptop,crate-container-cd
power_consumption,1704525003018000000,13.69690431729791,paolo-laptop,crate-container-cd
power_consumption,1704525006030000000,12.391835149515646,paolo-laptop,crate-container-cd
power_consumption,1704525007034000000,13.535899426511278,paolo-laptop,crate-container-cd
power_consumption,1704525008036000000,14.030004215927061,paolo-laptop,crate-container-cd
power_consumption,1704525009038000000,12.500731439550028,paolo-laptop,crate-container-cd
power_consumption,1704525010041000000,13.79224505158483,paolo-laptop,crate-container-cd
power_consumption,1704525011043000000,12.984555441672132,paolo-laptop,crate-container-cd
power_consumption,1704525012044000000,13.750055606377725,paolo-laptop,crate-container-cd
power_consumption,1704525013046000000,13.19554422849127,paolo-laptop,crate-container-cd
power_consumption,1704525014048000000,14.192197500397963,paolo-laptop,crate-container-cd
power_consumption,1704525015050000000,13.022664079755806,paolo-laptop,crate-container-cd
power_consumption,1704525016052000000,13.65716444019537,paolo-laptop,crate-container-cd
power_consumption,1704525017055000000,12.997539221286576,paolo-laptop,crate-container-cd
power_consumption,1704525018057000000,13.653201496206126,paolo-laptop,crate-container-cd
power_consumption,1704525019059000000,13.116783300146587,paolo-laptop,crate-container-cd
power_consumption,1704525020062000000,13.507544994018069,paolo-laptop,crate-container-cd
power_consumption,1704525021064000000,12.802918355048398,paolo-laptop,crate-container-cd
power_consumption,1704525022067000000,13.631584823152107,paolo-laptop,crate-container-cd
power_consumption,1704525023069000000,13.286052306510644,paolo-laptop,crate-container-cd
power_consumption,1704525024071000000,13.250963873013298,paolo-laptop,crate-container-cd
power_consumption,1704525025073000000,12.799935826655307,paolo-laptop,crate-container-cd
power_consumption,1704525026076000000,13.838348872074654,paolo-laptop,crate-container-cd
power_consumption,1704525027081000000,13.397424245818002,paolo-laptop,crate-container-cd
power_consumption,1704525028084000000,13.598564707436541,paolo-laptop,crate-container-cd
power_consumption,1704525029090000000,11.199011242981298,paolo-laptop,crate-container-cd
power_consumption,1704525031096000000,8.371096091523615,paolo-laptop,crate-container-cd
power_consumption,1704525033100000000,13.21471537612566,paolo-laptop,crate-container-cd
power_consumption,1704525034102000000,12.996963285450855,paolo-laptop,crate-container-cd
power_consumption,1704525044131000000,13.771299489917988,paolo-laptop,crate-container-cd
power_consumption,1704525045133000000,13.657234433180882,paolo-laptop,crate-container-cd
power_consumption,1704525046135000000,13.580980369978217,paolo-laptop,crate-container-cd
power_consumption,1704525049142000000,14.052829648815923,paolo-laptop,crate-container-cd
power_consumption,1704525050145000000,14.105356873974383,paolo-laptop,crate-container-cd
power_consumption,1704525051147000000,13.238862080169309,paolo-laptop,crate-container-cd
power_consumption,1704525053152000000,14.078825154369586,paolo-laptop,crate-container-cd
power_consumption,1704525054154000000,14.282643231542721,paolo-laptop,crate-container-cd
power_consumption,1704525055157000000,13.488010240943815,paolo-laptop,crate-container-cd
power_consumption,1704525056159000000,13.781785340893347,paolo-laptop,crate-container-cd
power_consumption,1704525057163000000,13.386749705227775,paolo-laptop,crate-container-cd
power_consumption,1704525058166000000,14.080447422879956,paolo-laptop,crate-container-cd
power_consumption,1704525060171000000,13.730888416322394,paolo-laptop,crate-container-cd
power_consumption,1704525061173000000,13.79045688209972,paolo-laptop,crate-container-cd
power_consumption,1704525062175000000,14.14165766540312,paolo-laptop,crate-container-cd
power_consumption,1704525063177000000,13.809751471422484,paolo-laptop,crate-container-cd
power_consumption,1704525064179000000,14.424831295497079,paolo-laptop,crate-container-cd
power_consumption,1704525065182000000,13.433892227061264,paolo-laptop,crate-container-cd
power_consumption,1704525066184000000,14.012838738032878,paolo-laptop,crate-container-cd
power_consumption,1704525069192000000,14.05120128115031,paolo-laptop,crate-container-cd
power_consumption,1704525070197000000,14.312699965473051,paolo-laptop,crate-container-cd
power_consumption,1704525071199000000,12.737099557248065,paolo-laptop,crate-container-cd
power_consumption,1704525072202000000,13.179299007067103,paolo-laptop,crate-container-cd
power_consumption,1704525073205000000,13.405239759789488,paolo-laptop,crate-container-cd
power_consumption,1704525074207000000,14.902009579581364,paolo-laptop,crate-container-cd
power_consumption,1704525075209000000,14.155141665143976,paolo-laptop,crate-container-cd
power_consumption,1704525076211000000,13.65395563938518,paolo-laptop,crate-container-cd
power_consumption,1704525077213000000,12.709618737899989,paolo-laptop,crate-container-cd
power_consumption,1704525078215000000,11.367205274125489,paolo-laptop,crate-container-cd
power_consumption,1704525079217000000,13.12746597948879,paolo-laptop,crate-container-cd
power_consumption,1704525083232000000,13.531204334370452,paolo-laptop,crate-container-cd
power_consumption,1704525084234000000,14.10742541044717,paolo-laptop,crate-container-cd
power_consumption,1704525085236000000,13.696039845538195,paolo-laptop,crate-container-cd
power_consumption,1704525086238000000,12.550400160480304,paolo-laptop,crate-container-cd
power_consumption,1704525088248000000,13.906832980900962,paolo-laptop,crate-container-cd
power_consumption,1704525089251000000,12.420461284185638,paolo-laptop,crate-container-cd
power_consumption,1704525091254000000,12.045351971483782,paolo-laptop,crate-container-cd
power_consumption,1704525094265000000,13.407545487278124,paolo-laptop,crate-container-cd
power_consumption,1704525095267000000,13.369102756543509,paolo-laptop,crate-container-cd
power_consumption,1704525096269000000,13.141414142716908,paolo-laptop,crate-container-cd
power_consumption,1704525097271000000,13.445131094669902,paolo-laptop,crate-container-cd
power_consumption,1704525098274000000,13.463401351681439,paolo-laptop,crate-container-cd
power_consumption,1704525099276000000,13.466652497336176,paolo-laptop,crate-container-cd
power_consumption,1704525100278000000,13.207494519027613,paolo-laptop,crate-container-cd
power_consumption,1704525101280000000,13.39472169985186,paolo-laptop,crate-container-cd
power_consumption,1704525102282000000,13.166166080426994,paolo-laptop,crate-container-cd
power_consumption,1704525103284000000,13.475272752241288,paolo-laptop,crate-container-cd
power_consumption,1704525104287000000,13.043874517635963,paolo-laptop,crate-container-cd
power_consumption,1704525105289000000,13.421079432297876,paolo-laptop,crate-container-cd
power_consumption,1704525106291000000,12.983727943081895,paolo-laptop,crate-container-cd
power_consumption,1704525107295000000,13.275234707455319,paolo-laptop,crate-container-cd
power_consumption,1704525108297000000,13.047174803172036,paolo-laptop,crate-container-cd
power_consumption,1704525109300000000,13.63941496655809,paolo-laptop,crate-container-cd
power_consumption,1704525110302000000,12.749387871976765,paolo-laptop,crate-container-cd
power_consumption,1704525111303000000,13.277083757890733,paolo-laptop,crate-container-cd
power_consumption,1704525112305000000,13.121490080192679,paolo-laptop,crate-container-cd
power_consumption,1704525113308000000,13.338581658459404,paolo-laptop,crate-container-cd
power_consumption,1704525120331000000,7.742750834361777,paolo-laptop,crate-container-cd
power_consumption,1704525123337000000,13.267138347111723,paolo-laptop,crate-container-cd
power_consumption,1704525124339000000,10.965969786249099,paolo-laptop,crate-container-cd
power_consumption,1704525127353000000,13.32723355330565,paolo-laptop,crate-container-cd
power_consumption,1704525128357000000,12.648711728431628,paolo-laptop,crate-container-cd
power_consumption,1704525129362000000,8.96958551521773,paolo-laptop,crate-container-cd
power_consumption,1704525132369000000,12.052945147951034,paolo-laptop,crate-container-cd
power_consumption,1704525133371000000,12.363673877539116,paolo-laptop,crate-container-cd
power_consumption,1704525134372000000,12.041533808658372,paolo-laptop,crate-container-cd
power_consumption,1704525140384000000,14.08818412815712,paolo-laptop,crate-container-cd
power_consumption,1704525141386000000,15.097661895224716,paolo-laptop,crate-container-cd
power_consumption,1704525142388000000,9.812009974031724,paolo-laptop,crate-container-cd
power_consumption,1704525144392000000,14.64553473848574,paolo-laptop,crate-container-cd
power_consumption,1704525145394000000,16.261397489904976,paolo-laptop,crate-container-cd
power_consumption,1704525148405000000,9.242872871049327,paolo-laptop,crate-container-cd
power_consumption,1704525149407000000,13.577090692799658,paolo-laptop,crate-container-cd
power_consumption,1704525153419000000,14.05231381088197,paolo-laptop,crate-container-cd
power_consumption,1704525154424000000,13.55324655619798,paolo-laptop,crate-container-cd
power_consumption,1704525155426000000,14.237284140843725,paolo-laptop,crate-container-cd
power_consumption,1704525156431000000,13.908552970738924,paolo-laptop,crate-container-cd
power_consumption,1704525157434000000,13.570964675121129,paolo-laptop,crate-container-cd
power_consumption,1704525158436000000,14.052471238409282,paolo-laptop,crate-container-cd
power_consumption,1704525159440000000,14.257668445501551,paolo-laptop,crate-container-cd
power_consumption,1704525160442000000,13.796206467476248,paolo-laptop,crate-container-cd
power_consumption,1704525161447000000,13.935130255600821,paolo-laptop,crate-container-cd
power_consumption,1704525162453000000,14.369625997333134,paolo-laptop,crate-container-cd
power_consumption,1704525163459000000,13.414549155190123,paolo-laptop,crate-container-cd
power_consumption,1704525164464000000,13.928792718021846,paolo-laptop,crate-container-cd
power_consumption,1704525165466000000,13.731686873989673,paolo-laptop,crate-container-cd
power_consumption,1704525166468000000,13.924083679884596,paolo-laptop,crate-container-cd
power_consumption,1704525167471000000,13.02184444154895,paolo-laptop,crate-container-cd
power_consumption,1704525168474000000,13.73225312144082,paolo-laptop,crate-container-cd
power_consumption,1704525169476000000,12.115419455778017,paolo-laptop,crate-container-cd
power_consumption,1704525170479000000,12.909765902210793,paolo-laptop,crate-container-cd
power_consumption,1704525171481000000,12.315479086255998,paolo-laptop,crate-container-cd
power_consumption,1704525172485000000,10.039402284722001,paolo-laptop,crate-container-cd
power_consumption,1704525181516000000,13.223116040437791,paolo-laptop,crate-container-cd
power_consumption,1704525182517000000,13.119858897432056,paolo-laptop,crate-container-cd
power_consumption,1704525183520000000,11.838866233144827,paolo-laptop,crate-container-cd
power_consumption,1704525184522000000,13.512083721646873,paolo-laptop,crate-container-cd
power_consumption,1704525185524000000,12.04654989472058,paolo-laptop,crate-container-cd
power_consumption,1704525186527000000,12.565757450976474,paolo-laptop,crate-container-cd
power_consumption,1704525187532000000,12.400860776160652,paolo-laptop,crate-container-cd
power_consumption,1704525188535000000,13.334454991350777,paolo-laptop,crate-container-cd
power_consumption,1704525189540000000,13.526319897609543,paolo-laptop,crate-container-cd
power_consumption,1704525190542000000,10.96407333447928,paolo-laptop,crate-container-cd
power_consumption,1704525192552000000,12.610694055694779,paolo-laptop,crate-container-cd
power_consumption,1704525193554000000,11.927506822253811,paolo-laptop,crate-container-cd
power_consumption,1704525194556000000,12.757987420622127,paolo-laptop,crate-container-cd
power_consumption,1704525195558000000,13.108804846211568,paolo-laptop,crate-container-cd
power_consumption,1704525196562000000,14.155543941357518,paolo-laptop,crate-container-cd
power_consumption,1704525197563000000,13.158586766726037,paolo-laptop,crate-container-cd
power_consumption,1704525198565000000,11.69678483210856,paolo-laptop,crate-container-cd
power_consumption,1704525199567000000,12.217522162459431,paolo-laptop,crate-container-cd
power_consumption,1704525200569000000,11.746327582748272,paolo-laptop,crate-container-cd
power_consumption,1704525201571000000,11.210222599860682,paolo-laptop,crate-container-cd
power_consumption,1704525203576000000,12.638549612463887,paolo-laptop,crate-container-cd
power_consumption,1704525204578000000,12.643471963960245,paolo-laptop,crate-container-cd
power_consumption,1704525205583000000,4.7595393522018705,paolo-laptop,crate-container-cd
power_consumption,1704525207587000000,10.808771577331926,paolo-laptop,crate-container-cd
power_consumption,1704525208589000000,11.557785341629192,paolo-laptop,crate-container-cd
power_consumption,1704525211594000000,12.99255125839373,paolo-laptop,crate-container-cd
power_consumption,1704525212596000000,13.22474343108093,paolo-laptop,crate-container-cd
power_consumption,1704525213599000000,10.899083169708843,paolo-laptop,crate-container-cd
power_consumption,1704525214601000000,12.530959275948629,paolo-laptop,crate-container-cd
power_consumption,1704525215603000000,9.695221415766666,paolo-laptop,crate-container-cd
power_consumption,1704525216606000000,12.999640114494953,paolo-laptop,crate-container-cd
power_consumption,1704525217609000000,11.773395734774343,paolo-laptop,crate-container-cd
power_consumption,1704525218611000000,12.634263308825378,paolo-laptop,crate-container-cd
power_consumption,1704525219614000000,12.182413485510875,paolo-laptop,crate-container-cd
power_consumption,1704525220616000000,11.867267298739286,paolo-laptop,crate-container-cd
power_consumption,1704525221618000000,11.81009863344788,paolo-laptop,crate-container-cd
power_consumption,1704525222620000000,12.654266596098921,paolo-laptop,crate-container-cd
power_consumption,1704525223623000000,11.71246723909411,paolo-laptop,crate-container-cd
power_consumption,1704525224624000000,10.047632062349948,paolo-laptop,crate-container-cd
power_consumption,1704525225627000000,11.72328466262772,paolo-laptop,crate-container-cd
power_consumption,1704525226629000000,11.870165651407556,paolo-laptop,crate-container-cd
power_consumption,1704525227631000000,10.20324613484052,paolo-laptop,crate-container-cd
power_consumption,1704525228633000000,11.919909199250897,paolo-laptop,crate-container-cd
power_consumption,1704525229636000000,11.80939923564767,paolo-laptop,crate-container-cd
power_consumption,1704525230642000000,12.045314234752686,paolo-laptop,crate-container-cd
power_consumption,1704525231643000000,11.48207469963196,paolo-laptop,crate-container-cd
power_consumption,1704525232646000000,12.094237307422354,paolo-laptop,crate-container-cd
power_consumption,1704525233647000000,12.163305500696284,paolo-laptop,crate-container-cd
power_consumption,1704525234649000000,11.564687080549525,paolo-laptop,crate-container-cd
power_consumption,1704525238662000000,12.095906638043203,paolo-laptop,crate-container-cd
power_consumption,1704525240666000000,8.752020122440852,paolo-laptop,crate-container-cd
power_consumption,1704525249711000000,10.189488600509785,paolo-laptop,crate-container-cd
power_consumption,1704525254736000000,3.3555488616630056,paolo-laptop,crate-container-cd
power_consumption,1704525261767000000,5.772937548063544,paolo-laptop,crate-container-cd
power_consumption,1704525271796000000,10.950952824092294,paolo-laptop,crate-container-cd
power_consumption,1704525272799000000,5.480254174793716,paolo-laptop,crate-container-cd
power_consumption,1704525275812000000,2.1345409417280217,paolo-laptop,crate-container-cd
power_consumption,1704525276816000000,8.974213833582052,paolo-laptop,crate-container-cd
power_consumption,1704525278822000000,6.916062116390468,paolo-laptop,crate-container-cd
power_consumption,1704525279825000000,4.560412065215698,paolo-laptop,crate-container-cd
power_consumption,1704525280827000000,7.950198543064769,paolo-laptop,crate-container-cd
power_consumption,1704525281830000000,12.63063601367777,paolo-laptop,crate-container-cd
power_consumption,1704525282832000000,11.50305661458806,paolo-laptop,crate-container-cd
power_consumption,1704525283833000000,12.273558578724646,paolo-laptop,crate-container-cd
power_consumption,1704525284835000000,12.744826788027016,paolo-laptop,crate-container-cd
power_consumption,1704525285838000000,10.934317893594805,paolo-laptop,crate-container-cd
power_consumption,1704525286839000000,11.275481751963913,paolo-laptop,crate-container-cd
power_consumption,1704525287841000000,11.03796287421461,paolo-laptop,crate-container-cd
power_consumption,1704525288843000000,10.962021774546216,paolo-laptop,crate-container-cd
power_consumption,1704525289845000000,11.392262387630485,paolo-laptop,crate-container-cd
power_consumption,1704525290848000000,10.752246657454462,paolo-laptop,crate-container-cd
power_consumption,1704525291850000000,11.009426574173535,paolo-laptop,crate-container-cd
power_consumption,1704525292852000000,10.984580233841104,paolo-laptop,crate-container-cd
power_consumption,1704525293855000000,11.20334342891772,paolo-laptop,crate-container-cd
power_consumption,1704525294856000000,10.448494745447228,paolo-laptop,crate-container-cd
power_consumption,1704525295859000000,11.050683687596278,paolo-laptop,crate-container-cd
power_consumption,1704525296860000000,11.1198384262538,paolo-laptop,crate-container-cd
power_consumption,1704525297863000000,10.623370183504026,paolo-laptop,crate-container-cd
power_consumption,1704525299869000000,10.917831714792097,paolo-laptop,crate-container-cd
power_consumption,1704525301875000000,1.4663523579460527,paolo-laptop,crate-container-cd
power_consumption,1704525302878000000,12.71764011787621,paolo-laptop,crate-container-cd
power_consumption,1704525303880000000,13.274171637348214,paolo-laptop,crate-container-cd
power_consumption,1704525304882000000,12.939600474802559,paolo-laptop,crate-container-cd
power_consumption,1704525305886000000,9.268589872582975,paolo-laptop,crate-container-cd
power_consumption,1704525308891000000,13.090225712399647,paolo-laptop,crate-container-cd
power_consumption,1704525310896000000,3.1992593862352523,paolo-laptop,crate-container-cd
power_consumption,1704525312900000000,13.489906809490623,paolo-laptop,crate-container-cd
power_consumption,1704525313903000000,13.368131968491355,paolo-laptop,crate-container-cd
power_consumption,1704525314905000000,13.518044686182357,paolo-laptop,crate-container-cd
power_consumption,1704525315909000000,10.705397819824498,paolo-laptop,crate-container-cd
power_consumption,1704525316911000000,5.535609992798619,paolo-laptop,crate-container-cd
power_consumption,1704525317913000000,1.9277185856155858,paolo-laptop,crate-container-cd
power_consumption,1704525318914000000,12.455898667343712,paolo-laptop,crate-container-cd
power_consumption,1704525319916000000,12.690830509713539,paolo-laptop,crate-container-cd
power_consumption,1704525320920000000,11.568232483971297,paolo-laptop,crate-container-cd
power_consumption,1704525322924000000,4.361427408782837,paolo-laptop,crate-container-cd
power_consumption,1704525324932000000,4.2523680738395075,paolo-laptop,crate-container-cd
power_consumption,1704525325934000000,9.817511257297593,paolo-laptop,crate-container-cd
power_consumption,1704525326936000000,12.956473414118404,paolo-laptop,crate-container-cd
power_consumption,1704525327938000000,12.098527700544956,paolo-laptop,crate-container-cd
power_consumption,1704525328941000000,2.522293809517683,paolo-laptop,crate-container-cd
power_consumption,1704525330947000000,7.70611870047693,paolo-laptop,crate-container-cd
power_consumption,1704525331948000000,10.498859041114628,paolo-laptop,crate-container-cd
power_consumption,1704525333955000000,8.035978122094138,paolo-laptop,crate-container-cd
power_consumption,1704525334957000000,10.668149503238821,paolo-laptop,crate-container-cd
power_consumption,1704525335961000000,7.054436271333203,paolo-laptop,crate-container-cd
power_consumption,1704525336964000000,5.377331276053954,paolo-laptop,crate-container-cd
power_consumption,1704525338972000000,5.827035107364816,paolo-laptop,crate-container-cd
power_consumption,1704525339974000000,4.019505054962593,paolo-laptop,crate-container-cd
power_consumption,1704525340975000000,11.290079138097363,paolo-laptop,crate-container-cd
power_consumption,1704525342979000000,11.687260832619149,paolo-laptop,crate-container-cd
power_consumption,1704525343981000000,9.838134222066934,paolo-laptop,crate-container-cd
power_consumption,1704525344987000000,5.952987286174503,paolo-laptop,crate-container-cd
power_consumption,1704525346998000000,12.091627685502047,paolo-laptop,crate-container-cd
power_consumption,1704525348001000000,6.586417707244635,paolo-laptop,crate-container-cd
power_consumption,1704525352019000000,7.446171469747435,paolo-laptop,crate-container-cd
power_consumption,1704525353024000000,6.731756090677566,paolo-laptop,crate-container-cd
power_consumption,1704525355029000000,6.633076420646195,paolo-laptop,crate-container-cd
power_consumption,1704525356031000000,6.96189297556802,paolo-laptop,crate-container-cd
power_consumption,1704525358046000000,5.525958641388786,paolo-laptop,crate-container-cd
power_consumption,1704525359053000000,7.428723862301242,paolo-laptop,crate-container-cd
power_consumption,1704525361069000000,7.8255297251170965,paolo-laptop,crate-container-cd
power_consumption,1704525362078000000,1.3746263842054542,paolo-laptop,crate-container-cd
power_consumption,1704525367102000000,7.951578978629768,paolo-laptop,crate-container-cd
power_consumption,1704525369110000000,4.502921236500744,paolo-laptop,crate-container-cd
power_consumption,1704525370115000000,3.499066834466198,paolo-laptop,crate-container-cd
power_consumption,1704525373130000000,5.962329128457417,paolo-laptop,crate-container-cd
power_consumption,1704525374133000000,6.431414246417017,paolo-laptop,crate-container-cd
power_consumption,1704525375138000000,3.92526885968685,paolo-laptop,crate-container-cd
power_consumption,1704525377149000000,4.846814916368383,paolo-laptop,crate-container-cd
power_consumption,1704525379157000000,5.165016772033032,paolo-laptop,crate-container-cd
power_consumption,1704525380159000000,4.9442474675278945,paolo-laptop,crate-container-cd
power_consumption,1704525382162000000,5.617259250908151,paolo-laptop,crate-container-cd
power_consumption,1704525391210000000,1.8886295325300906,paolo-laptop,crate-container-cd
power_consumption,1704525393213000000,5.254305508135674,paolo-laptop,crate-container-cd
power_consumption,1704525400233000000,5.072728039114366,paolo-laptop,crate-container-cd
power_consumption,1704525403238000000,1.543206264960597,paolo-laptop,crate-container-cd
power_consumption,1704525404240000000,6.887534698587491,paolo-laptop,crate-container-cd
power_consumption,1704525405244000000,10.079005595851864,paolo-laptop,crate-container-cd
power_consumption,1704525408253000000,7.5911189414225575,paolo-laptop,crate-container-cd
power_consumption,1704525409255000000,12.174526728914945,paolo-laptop,crate-container-cd
power_consumption,1704525410257000000,11.896125665106307,paolo-laptop,crate-container-cd
power_consumption,1704525411259000000,9.815269529601384,paolo-laptop,crate-container-cd
power_consumption,1704525412261000000,2.956479974900846,paolo-laptop,crate-container-cd
power_consumption,1704525413262000000,5.611055538064167,paolo-laptop,crate-container-cd
power_consumption,1704525414264000000,10.694911097040075,paolo-laptop,crate-container-cd
power_consumption,1704525415266000000,0.4784562375997993,paolo-laptop,crate-container-cd
power_consumption,1704525416278000000,12.828472603641398,paolo-laptop,crate-container-cd
power_consumption,1704525417280000000,12.646984611689417,paolo-laptop,crate-container-cd
power_consumption,1704525418282000000,12.463576697155414,paolo-laptop,crate-container-cd
power_consumption,1704525419286000000,13.20305744934998,paolo-laptop,crate-container-cd
power_consumption,1704525420289000000,12.337872191137013,paolo-laptop,crate-container-cd
power_consumption,1704525421291000000,13.290236029507689,paolo-laptop,crate-container-cd
power_consumption,1704525422293000000,12.811197294772015,paolo-laptop,crate-container-cd
power_consumption,1704525423298000000,11.75148692159322,paolo-laptop,crate-container-cd
power_consumption,1704525424300000000,4.824650071845925,paolo-laptop,crate-container-cd
power_consumption,1704525425302000000,13.419708369583692,paolo-laptop,crate-container-cd
power_consumption,1704525426304000000,12.768886773285148,paolo-laptop,crate-container-cd
power_consumption,1704525427306000000,12.459072678740991,paolo-laptop,crate-container-cd
power_consumption,1704525428308000000,12.876307037227829,paolo-laptop,crate-container-cd
power_consumption,1704525429311000000,12.62310219193613,paolo-laptop,crate-container-cd
power_consumption,1704525430315000000,10.766890889422013,paolo-laptop,crate-container-cd
power_consumption,1704525431316000000,4.572466683274181,paolo-laptop,crate-container-cd
power_consumption,1704525432318000000,7.701662391339893,paolo-laptop,crate-container-cd
power_consumption,1704525433320000000,1.6044131774103052,paolo-laptop,crate-container-cd
power_consumption,1704525434322000000,12.736583208835786,paolo-laptop,crate-container-cd
power_consumption,1704525435324000000,12.65854009589831,paolo-laptop,crate-container-cd
power_consumption,1704525436326000000,12.274879970195254,paolo-laptop,crate-container-cd
power_consumption,1704525437328000000,12.753234709562882,paolo-laptop,crate-container-cd
power_consumption,1704525438331000000,13.056622661630161,paolo-laptop,crate-container-cd
power_consumption,1704525439333000000,12.779221013589499,paolo-laptop,crate-container-cd
power_consumption,1704525440334000000,9.291223671747249,paolo-laptop,crate-container-cd
power_consumption,1704525441336000000,12.497892646076256,paolo-laptop,crate-container-cd
power_consumption,1704525442338000000,12.522500990583763,paolo-laptop,crate-container-cd
power_consumption,1704525443340000000,12.490730722391362,paolo-laptop,crate-container-cd
power_consumption,1704525444342000000,12.656496629771254,paolo-laptop,crate-container-cd
power_consumption,1704525445344000000,13.267229105498277,paolo-laptop,crate-container-cd
power_consumption,1704525446347000000,12.975444010144802,paolo-laptop,crate-container-cd
power_consumption,1704525447349000000,11.633848480946888,paolo-laptop,crate-container-cd
power_consumption,1704525448351000000,12.662986740555837,paolo-laptop,crate-container-cd
power_consumption,1704525449353000000,12.620829793705528,paolo-laptop,crate-container-cd
power_consumption,1704525450355000000,12.722375604547048,paolo-laptop,crate-container-cd
power_consumption,1704525451357000000,13.118808774965423,paolo-laptop,crate-container-cd
power_consumption,1704525452359000000,12.540962288709757,paolo-laptop,crate-container-cd
power_consumption,1704525453360000000,12.243714511490179,paolo-laptop,crate-container-cd
power_consumption,1704525454364000000,2.749976753267631,paolo-laptop,crate-container-cd
power_consumption,1704525455368000000,4.560949557555455,paolo-laptop,crate-container-cd
power_consumption,1704525456370000000,5.362872591794578,paolo-laptop,crate-container-cd
power_consumption,1704525457371000000,13.190606018883816,paolo-laptop,crate-container-cd
power_consumption,1704525458374000000,10.914430977203043,paolo-laptop,crate-container-cd
power_consumption,1704525459376000000,10.104221511359334,paolo-laptop,crate-container-cd
power_consumption,1704525460378000000,12.759805408284176,paolo-laptop,crate-container-cd
power_consumption,1704525461381000000,13.16362478578467,paolo-laptop,crate-container-cd
power_consumption,1704525462383000000,12.66692993624881,paolo-laptop,crate-container-cd
power_consumption,1704525463386000000,0.500086665983199,paolo-laptop,crate-container-cd
power_consumption,1704525465394000000,1.3713202093901218,paolo-laptop,crate-container-cd
power_consumption,1704525466395000000,6.42459292412595,paolo-laptop,crate-container-cd
power_consumption,1704525467397000000,9.041122353039402,paolo-laptop,crate-container-cd
power_consumption,1704525468399000000,12.566637824517557,paolo-laptop,crate-container-cd
power_consumption,1704525469401000000,13.145640462874667,paolo-laptop,crate-container-cd
power_consumption,1704525470403000000,11.938503079756172,paolo-laptop,crate-container-cd
power_consumption,1704525471405000000,11.346143657861482,paolo-laptop,crate-container-cd
power_consumption,1704525472407000000,1.6887165297882638,paolo-laptop,crate-container-cd
power_consumption,1704525473409000000,5.6693375092638165,paolo-laptop,crate-container-cd
power_consumption,1704525474411000000,5.3837222342462745,paolo-laptop,crate-container-cd
power_consumption,1704525475413000000,12.759373131218112,paolo-laptop,crate-container-cd
power_consumption,1704525476415000000,12.370847271606575,paolo-laptop,crate-container-cd
power_consumption,1704525477417000000,3.8263013179049725,paolo-laptop,crate-container-cd
power_consumption,1704525478419000000,26.59408586681571,paolo-laptop,crate-container-cd
power_consumption,1704525479423000000,10.89920363324705,paolo-laptop,crate-container-cd
power_consumption,1704525480427000000,2.8930345186620086,paolo-laptop,crate-container-cd
power_consumption,1704525481429000000,3.5090528851527827,paolo-laptop,crate-container-cd
power_consumption,1704525482431000000,9.111889917400447,paolo-laptop,crate-container-cd
power_consumption,1704525483433000000,8.022849308306057,paolo-laptop,crate-container-cd
power_consumption,1704525484438000000,1.6114641548048536,paolo-laptop,crate-container-cd
power_consumption,1704525485442000000,10.82769396260896,paolo-laptop,crate-container-cd
power_consumption,1704525486444000000,13.047652571688724,paolo-laptop,crate-container-cd
power_consumption,1704525487446000000,12.989752642106069,paolo-laptop,crate-container-cd
power_consumption,1704525488453000000,12.421956412167305,paolo-laptop,crate-container-cd
power_consumption,1704525489454000000,13.171719946789235,paolo-laptop,crate-container-cd
power_consumption,1704525490456000000,5.777493331348047,paolo-laptop,crate-container-cd
power_consumption,1704525491460000000,2.735685468722801,paolo-laptop,crate-container-cd
power_consumption,1704525492463000000,6.0805862886651765,paolo-laptop,crate-container-cd
power_consumption,1704525493465000000,12.383824645298045,paolo-laptop,crate-container-cd
power_consumption,1704525494473000000,1.5496990908345114,paolo-laptop,crate-container-cd
power_consumption,1704525495475000000,9.500885673245099,paolo-laptop,crate-container-cd
power_consumption,1704525496477000000,12.925156880150235,paolo-laptop,crate-container-cd
power_consumption,1704525497481000000,5.380494785722035,paolo-laptop,crate-container-cd
power_consumption,1704525498484000000,5.753922087124935,paolo-laptop,crate-container-cd
power_consumption,1704525499485000000,12.133497302222597,paolo-laptop,crate-container-cd
power_consumption,1704525500487000000,12.60474904678427,paolo-laptop,crate-container-cd
power_consumption,1704525501491000000,5.585937444253502,paolo-laptop,crate-container-cd
power_consumption,1704525502495000000,2.76864406226674,paolo-laptop,crate-container-cd
power_consumption,1704525503499000000,1.9918716260122487,paolo-laptop,crate-container-cd
power_consumption,1704525504501000000,2.6964168638000645,paolo-laptop,crate-container-cd
power_consumption,1704525505505000000,0.7824773903980147,paolo-laptop,crate-container-cd
power_consumption,1704525506509000000,6.198658533325046,paolo-laptop,crate-container-cd
power_consumption,1704525507512000000,3.9004202571131996,paolo-laptop,crate-container-cd
power_consumption,1704525508514000000,12.370967636903725,paolo-laptop,crate-container-cd
power_consumption,1704525509516000000,12.677726627802574,paolo-laptop,crate-container-cd
power_consumption,1704525510519000000,12.397741072411531,paolo-laptop,crate-container-cd
power_consumption,1704525511523000000,1.6974934777481963,paolo-laptop,crate-container-cd
power_consumption,1704525512524000000,8.968749155884788,paolo-laptop,crate-container-cd
power_consumption,1704525513527000000,11.369357799683844,paolo-laptop,crate-container-cd
power_consumption,1704525514528000000,13.05999800016155,paolo-laptop,crate-container-cd
power_consumption,1704525515530000000,12.080488111014061,paolo-laptop,crate-container-cd
power_consumption,1704525516532000000,12.72060676595075,paolo-laptop,crate-container-cd
power_consumption,1704525517534000000,4.7388128083741785,paolo-laptop,crate-container-cd
power_consumption,1704525518535000000,13.041066391724494,paolo-laptop,crate-container-cd
power_consumption,1704525519537000000,12.526860552144058,paolo-laptop,crate-container-cd
power_consumption,1704525520539000000,12.063489652893441,paolo-laptop,crate-container-cd
power_consumption,1704525521541000000,12.480147416137008,paolo-laptop,crate-container-cd
power_consumption,1704525522544000000,12.170794302109229,paolo-laptop,crate-container-cd
power_consumption,1704525523546000000,11.737908520334155,paolo-laptop,crate-container-cd
power_consumption,1704525524547000000,12.071043897813617,paolo-laptop,crate-container-cd
power_consumption,1704525525548000000,12.41421855827338,paolo-laptop,crate-container-cd
power_consumption,1704525526550000000,12.203408782900812,paolo-laptop,crate-container-cd
power_consumption,1704525527552000000,11.833999836444665,paolo-laptop,crate-container-cd
power_consumption,1704525528554000000,11.983065779594629,paolo-laptop,crate-container-cd
power_consumption,1704525529556000000,11.34147954393374,paolo-laptop,crate-container-cd
power_consumption,1704525530558000000,0.4947619436443517,paolo-laptop,crate-container-cd
power_consumption,1704525531559000000,11.020801988714824,paolo-laptop,crate-container-cd
power_consumption,1704525532563000000,3.7398558083844415,paolo-laptop,crate-container-cd
power_consumption,1704525533566000000,3.0179229748896526,paolo-laptop,crate-container-cd
power_consumption,1704525534569000000,2.8395189778040115,paolo-laptop,crate-container-cd
power_consumption,1704525535575000000,1.9108490970702618,paolo-laptop,crate-container-cd
power_consumption,1704525536578000000,12.811146053010175,paolo-laptop,crate-container-cd
power_consumption,1704525537581000000,12.18736752924162,paolo-laptop,crate-container-cd
power_consumption,1704525538583000000,12.29103353201129,paolo-laptop,crate-container-cd
power_consumption,1704525539585000000,13.17776347081124,paolo-laptop,crate-container-cd
power_consumption,1704525540587000000,12.848950189718547,paolo-laptop,crate-container-cd
power_consumption,1704525541589000000,13.083810164647977,paolo-laptop,crate-container-cd
power_consumption,1704525542591000000,13.213500395870511,paolo-laptop,crate-container-cd
power_consumption,1704525543594000000,13.048521663651755,paolo-laptop,crate-container-cd
power_consumption,1704525544597000000,13.215556828399375,paolo-laptop,crate-container-cd
power_consumption,1704525545606000000,13.18715129643109,paolo-laptop,crate-container-cd
power_consumption,1704525546608000000,13.15301732968998,paolo-laptop,crate-container-cd
power_consumption,1704525547610000000,13.466752130617913,paolo-laptop,crate-container-cd
power_consumption,1704525548612000000,13.033137130972829,paolo-laptop,crate-container-cd
power_consumption,1704525549614000000,12.820163536503836,paolo-laptop,crate-container-cd
power_consumption,1704525550616000000,13.122630375266313,paolo-laptop,crate-container-cd
power_consumption,1704525551618000000,1.1990722946854404,paolo-laptop,crate-container-cd
power_consumption,1704525552620000000,2.4767149427244477,paolo-laptop,crate-container-cd
power_consumption,1704525553622000000,8.466082929594663,paolo-laptop,crate-container-cd
power_consumption,1704525554625000000,12.967375674301705,paolo-laptop,crate-container-cd
power_consumption,1704525555627000000,12.938122318113116,paolo-laptop,crate-container-cd
power_consumption,1704525556630000000,8.665466185887777,paolo-laptop,crate-container-cd
power_consumption,1704525557633000000,2.004053407757116,paolo-laptop,crate-container-cd
power_consumption,1704525558636000000,11.070070490319189,paolo-laptop,crate-container-cd
power_consumption,1704525559637000000,11.717165086389132,paolo-laptop,crate-container-cd
power_consumption,1704525560639000000,11.174450447020153,paolo-laptop,crate-container-cd
power_consumption,1704525561641000000,10.836810717459507,paolo-laptop,crate-container-cd
power_consumption,1704525562644000000,1.709976750584285,paolo-laptop,crate-container-cd
power_consumption,1704525563648000000,4.052256818725782,paolo-laptop,crate-container-cd
power_consumption,1704525564651000000,7.966983985317807,paolo-laptop,crate-container-cd
power_consumption,1704525565655000000,10.780753609059277,paolo-laptop,crate-container-cd
power_consumption,1704525566656000000,2.9378527899309868,paolo-laptop,crate-container-cd
power_consumption,1704525567658000000,1.8044230817697204,paolo-laptop,crate-container-cd
power_consumption,1704525568659000000,1.496605519233087,paolo-laptop,crate-container-cd
power_consumption,1704525569661000000,10.115054063162825,paolo-laptop,crate-container-cd
power_consumption,1704525570663000000,9.644611983022621,paolo-laptop,crate-container-cd
power_consumption,1704525571665000000,10.199545638493479,paolo-laptop,crate-container-cd
power_consumption,1704525572669000000,0.9740168447917021,paolo-laptop,crate-container-cd
power_consumption,1704525573674000000,2.746264065731078,paolo-laptop,crate-container-cd
power_consumption,1704525574677000000,1.1169014062238685,paolo-laptop,crate-container-cd
power_consumption,1704525575681000000,2.5154487137507213,paolo-laptop,crate-container-cd
power_consumption,1704525576685000000,2.556430591361103,paolo-laptop,crate-container-cd
power_consumption,1704525578693000000,0.4079861576864106,paolo-laptop,crate-container-cd
power_consumption,1704525580700000000,2.272589904120121,paolo-laptop,crate-container-cd
power_consumption,1704525581702000000,2.3978277711803755,paolo-laptop,crate-container-cd
power_consumption,1704525582704000000,1.3710108541435055,paolo-laptop,crate-container-cd
power_consumption,1704525583706000000,10.855180946737981,paolo-laptop,crate-container-cd
power_consumption,1704525585717000000,2.9280553710254043,paolo-laptop,crate-container-cd
power_consumption,1704525586721000000,2.084468945216249,paolo-laptop,crate-container-cd
power_consumption,1704525587725000000,0.6811384868790443,paolo-laptop,crate-container-cd
power_consumption,1704525588729000000,3.9146866160054943,paolo-laptop,crate-container-cd
power_consumption,1704525589733000000,3.406350825075764,paolo-laptop,crate-container-cd
power_consumption,1704525590735000000,7.166319791136015,paolo-laptop,crate-container-cd
power_consumption,1704525591740000000,5.946198727223781,paolo-laptop,crate-container-cd
power_consumption,1704525592744000000,2.2945778801195447,paolo-laptop,crate-container-cd
power_consumption,1704525593746000000,6.9848050666144825,paolo-laptop,crate-container-cd
power_consumption,1704525594747000000,12.077732308920698,paolo-laptop,crate-container-cd
power_consumption,1704525595751000000,1.0449688653628941,paolo-laptop,crate-container-cd
power_consumption,1704525596755000000,2.3708678053244947,paolo-laptop,crate-container-cd
power_consumption,1704525597758000000,8.269964604801213,paolo-laptop,crate-container-cd
power_consumption,1704525598761000000,10.907258266498669,paolo-laptop,crate-container-cd
power_consumption,1704525599765000000,0.7664697624251187,paolo-laptop,crate-container-cd
power_consumption,1704525600771000000,0.6210134769810697,paolo-laptop,crate-container-cd
power_consumption,1704525601777000000,0.36403859054365484,paolo-laptop,crate-container-cd
power_consumption,1704525602781000000,2.673114815555719,paolo-laptop,crate-container-cd
power_consumption,1704525603785000000,3.3554396192304643,paolo-laptop,crate-container-cd
power_consumption,1704525604787000000,3.200971134023583,paolo-laptop,crate-container-cd
power_consumption,1704525605789000000,3.7258231559521695,paolo-laptop,crate-container-cd
power_consumption,1704525606791000000,1.9545407310128524,paolo-laptop,crate-container-cd
power_consumption,1704525607792000000,12.934969486850715,paolo-laptop,crate-container-cd
power_consumption,1704525608795000000,11.385731035677818,paolo-laptop,crate-container-cd
power_consumption,1704525609796000000,1.9374506935580773,paolo-laptop,crate-container-cd
power_consumption,1704525610798000000,0.47808011097460973,paolo-laptop,crate-container-cd
power_consumption,1704525611800000000,12.540200048335173,paolo-laptop,crate-container-cd
power_consumption,1704525612802000000,11.424698287612035,paolo-laptop,crate-container-cd
power_consumption,1704525613803000000,8.588660960173831,paolo-laptop,crate-container-cd
power_consumption,1704525614805000000,1.3579431431689768,paolo-laptop,crate-container-cd
power_consumption,1704525615807000000,3.855808767029017,paolo-laptop,crate-container-cd
power_consumption,1704525616809000000,4.885487805695769,paolo-laptop,crate-container-cd
power_consumption,1704525617812000000,8.17688079665496,paolo-laptop,crate-container-cd
power_consumption,1704525618813000000,2.039877585174884,paolo-laptop,crate-container-cd
power_consumption,1704525619817000000,0.3856276299330623,paolo-laptop,crate-container-cd
power_consumption,1704525620824000000,7.419760446384236,paolo-laptop,crate-container-cd
power_consumption,1704525621831000000,1.9350246078491573,paolo-laptop,crate-container-cd
power_consumption,1704525622834000000,2.2635576872071916,paolo-laptop,crate-container-cd
power_consumption,1704525623837000000,3.4192122878891524,paolo-laptop,crate-container-cd
power_consumption,1704525624839000000,2.2817987578014267,paolo-laptop,crate-container-cd
power_consumption,1704525625842000000,10.81888087892901,paolo-laptop,crate-container-cd
power_consumption,1704525626848000000,4.512496035806947,paolo-laptop,crate-container-cd
power_consumption,1704525627851000000,6.353090592006483,paolo-laptop,crate-container-cd
power_consumption,1704525628853000000,2.1915319259615145,paolo-laptop,crate-container-cd
power_consumption,1704525629857000000,1.3056430287154464,paolo-laptop,crate-container-cd
power_consumption,1704525630859000000,9.516420331987415,paolo-laptop,crate-container-cd
power_consumption,1704525631861000000,12.019657932026483,paolo-laptop,crate-container-cd
power_consumption,1704525632865000000,3.84254411091062,paolo-laptop,crate-container-cd
power_consumption,1704525633867000000,9.620605722141285,paolo-laptop,crate-container-cd
power_consumption,1704525634870000000,12.495504181459708,paolo-laptop,crate-container-cd
power_consumption,1704525635872000000,11.889458963465017,paolo-laptop,crate-container-cd
power_consumption,1704525636874000000,12.080116789655978,paolo-laptop,crate-container-cd
power_consumption,1704525637876000000,11.694688863613166,paolo-laptop,crate-container-cd
power_consumption,1704525638878000000,11.546288851832237,paolo-laptop,crate-container-cd
power_consumption,1704525639881000000,3.0862350798677833,paolo-laptop,crate-container-cd
power_consumption,1704525640883000000,7.540091189510847,paolo-laptop,crate-container-cd
power_consumption,1704525641887000000,10.226483828951661,paolo-laptop,crate-container-cd
power_consumption,1704525642889000000,5.9463129544599065,paolo-laptop,crate-container-cd
power_consumption,1704525643891000000,9.657762386125011,paolo-laptop,crate-container-cd
power_consumption,1704525644892000000,10.813005097596601,paolo-laptop,crate-container-cd
power_consumption,1704525645896000000,11.133939465612523,paolo-laptop,crate-container-cd
power_consumption,1704525646897000000,1.8881768278292639,paolo-laptop,crate-container-cd
power_consumption,1704525647903000000,0.8331750566390064,paolo-laptop,crate-container-cd
power_consumption,1704525648906000000,12.145758838379079,paolo-laptop,crate-container-cd
power_consumption,1704525649908000000,11.917739121550078,paolo-laptop,crate-container-cd
power_consumption,1704525650910000000,11.681981790530896,paolo-laptop,crate-container-cd
power_consumption,1704525651911000000,11.678655932536461,paolo-laptop,crate-container-cd
power_consumption,1704525652913000000,11.754204945858497,paolo-laptop,crate-container-cd
power_consumption,1704525653915000000,11.37794962742747,paolo-laptop,crate-container-cd
power_consumption,1704525654917000000,11.91021911383353,paolo-laptop,crate-container-cd
power_consumption,1704525655919000000,12.218704137354187,paolo-laptop,crate-container-cd
power_consumption,1704525656921000000,12.327604324139116,paolo-laptop,crate-container-cd
power_consumption,1704525657923000000,11.968973897012397,paolo-laptop,crate-container-cd
power_consumption,1704525658925000000,11.55005683995044,paolo-laptop,crate-container-cd
power_consumption,1704525659926000000,11.621001308666598,paolo-laptop,crate-container-cd
power_consumption,1704525660929000000,11.473156569385697,paolo-laptop,crate-container-cd
power_consumption,1704525661930000000,11.251570222299229,paolo-laptop,crate-container-cd
power_consumption,1704525662932000000,11.272393411251272,paolo-laptop,crate-container-cd
power_consumption,1704525663934000000,11.44794477974513,paolo-laptop,crate-container-cd
power_consumption,1704525664935000000,11.192884141937068,paolo-laptop,crate-container-cd
power_consumption,1704525665937000000,11.426608578835687,paolo-laptop,crate-container-cd
power_consumption,1704525666941000000,2.834712150617399,paolo-laptop,crate-container-cd
power_consumption,1704525667944000000,0.9942368935629715,paolo-laptop,crate-container-cd
power_consumption,1704525668946000000,4.881002743479655,paolo-laptop,crate-container-cd
power_consumption,1704525669950000000,6.572666531825483,paolo-laptop,crate-container-cd
power_consumption,1704525670952000000,2.792552277994295,paolo-laptop,crate-container-cd
power_consumption,1704525671953000000,2.751299390370991,paolo-laptop,crate-container-cd
power_consumption,1704525672955000000,10.054084932125416,paolo-laptop,crate-container-cd
power_consumption,1704525673956000000,9.654425702353024,paolo-laptop,crate-container-cd
power_consumption,1704525674961000000,3.7330128409305674,paolo-laptop,crate-container-cd
power_consumption,1704525676965000000,5.950756562932783,paolo-laptop,crate-container-cd
power_consumption,1704525677967000000,11.402010513274657,paolo-laptop,crate-container-cd
power_consumption,1704525678969000000,10.314901759290686,paolo-laptop,crate-container-cd
power_consumption,1704525679970000000,9.63604637277924,paolo-laptop,crate-container-cd
power_consumption,1704525680974000000,4.061039768607602,paolo-laptop,crate-container-cd
power_consumption,1704525681978000000,0.3112209334419574,paolo-laptop,crate-container-cd
power_consumption,1704525682980000000,5.578450672093959,paolo-laptop,crate-container-cd
power_consumption,1704525683982000000,11.587915009257088,paolo-laptop,crate-container-cd
power_consumption,1704525684983000000,10.287629639380622,paolo-laptop,crate-container-cd
power_consumption,1704525685985000000,9.311218838415847,paolo-laptop,crate-container-cd
power_consumption,1704525686987000000,5.096724099809146,paolo-laptop,crate-container-cd
power_consumption,1704525688990000000,4.872108287663721,paolo-laptop,crate-container-cd
power_consumption,1704525689992000000,9.769997715996983,paolo-laptop,crate-container-cd
power_consumption,1704525690994000000,9.400860115603713,paolo-laptop,crate-container-cd
power_consumption,1704525691996000000,9.80128168181799,paolo-laptop,crate-container-cd
power_consumption,1704525692998000000,8.726552726053267,paolo-laptop,crate-container-cd
power_consumption,1704525694000000000,0.43446573043095243,paolo-laptop,crate-container-cd
power_consumption,1704525695002000000,0.24158577565235645,paolo-laptop,crate-container-cd
power_consumption,1704525696004000000,10.850693772220634,paolo-laptop,crate-container-cd
power_consumption,1704525697007000000,11.713566527760435,paolo-laptop,crate-container-cd
power_consumption,1704525698012000000,11.34592865007825,paolo-laptop,crate-container-cd
power_consumption,1704525699014000000,10.258002922248533,paolo-laptop,crate-container-cd
power_consumption,1704525700016000000,9.894515772408404,paolo-laptop,crate-container-cd
power_consumption,1704525701018000000,9.97777569066168,paolo-laptop,crate-container-cd
power_consumption,1704525702024000000,10.460810723317898,paolo-laptop,crate-container-cd
power_consumption,1704525703028000000,2.5355219043906234,paolo-laptop,crate-container-cd
power_consumption,1704525704030000000,0.42148937663982877,paolo-laptop,crate-container-cd
power_consumption,1704525705032000000,0.6705762376464213,paolo-laptop,crate-container-cd
power_consumption,1704525706033000000,9.549798889239328,paolo-laptop,crate-container-cd
power_consumption,1704525707035000000,10.538808975255574,paolo-laptop,crate-container-cd
power_consumption,1704525708039000000,10.933413613735372,paolo-laptop,crate-container-cd
power_consumption,1704525709044000000,10.328940510823223,paolo-laptop,crate-container-cd
power_consumption,1704525710048000000,10.693319653354926,paolo-laptop,crate-container-cd
power_consumption,1704525711053000000,0.6571744240692273,paolo-laptop,crate-container-cd
power_consumption,1704525712055000000,6.3797484205076,paolo-laptop,crate-container-cd
power_consumption,1704525713057000000,11.059786771502775,paolo-laptop,crate-container-cd
power_consumption,1704525714058000000,10.969244695196373,paolo-laptop,crate-container-cd
power_consumption,1704525715060000000,10.88969652779215,paolo-laptop,crate-container-cd
power_consumption,1704525716063000000,10.661165133089789,paolo-laptop,crate-container-cd
power_consumption,1704525717065000000,12.281347237525498,paolo-laptop,crate-container-cd
power_consumption,1704525718067000000,6.786519023189442,paolo-laptop,crate-container-cd
power_consumption,1704525719071000000,1.568558578208795,paolo-laptop,crate-container-cd
power_consumption,1704525720073000000,7.3267953403882515,paolo-laptop,crate-container-cd
power_consumption,1704525721076000000,0.8690545270600981,paolo-laptop,crate-container-cd
power_consumption,1704525722079000000,4.706132404220025,paolo-laptop,crate-container-cd
power_consumption,1704525723084000000,7.758726818000316,paolo-laptop,crate-container-cd
power_consumption,1704525724086000000,12.647765852309394,paolo-laptop,crate-container-cd
power_consumption,1704525725088000000,12.15120510961625,paolo-laptop,crate-container-cd
power_consumption,1704525726089000000,12.480140946993611,paolo-laptop,crate-container-cd
power_consumption,1704525727093000000,10.993329162795089,paolo-laptop,crate-container-cd
power_consumption,1704525728095000000,3.5011883006231406,paolo-laptop,crate-container-cd
power_consumption,1704525729099000000,9.575516688402358,paolo-laptop,crate-container-cd
power_consumption,1704525730103000000,4.373577868473903,paolo-laptop,crate-container-cd
power_consumption,1704525731105000000,8.470125715893577,paolo-laptop,crate-container-cd
power_consumption,1704525732108000000,7.448996558571095,paolo-laptop,crate-container-cd
power_consumption,1704525733114000000,2.9796377633766724,paolo-laptop,crate-container-cd
power_consumption,1704525734116000000,3.5985248957450606,paolo-laptop,crate-container-cd
power_consumption,1704525735120000000,2.511328205311004,paolo-laptop,crate-container-cd
power_consumption,1704525736122000000,4.373806238288585,paolo-laptop,crate-container-cd
power_consumption,1704525737124000000,12.985148169510868,paolo-laptop,crate-container-cd
power_consumption,1704525738128000000,1.719286998053609,paolo-laptop,crate-container-cd
power_consumption,1704525739132000000,6.5173933604265235,paolo-laptop,crate-container-cd
power_consumption,1704525740133000000,8.257297608974701,paolo-laptop,crate-container-cd
power_consumption,1704525741135000000,12.61418262935489,paolo-laptop,crate-container-cd
power_consumption,1704525742138000000,2.6135636630633257,paolo-laptop,crate-container-cd
power_consumption,1704525743143000000,0.29474356908059945,paolo-laptop,crate-container-cd
power_consumption,1704525745152000000,7.5072886761539,paolo-laptop,crate-container-cd
power_consumption,1704525746154000000,13.581398212241595,paolo-laptop,crate-container-cd
power_consumption,1704525747159000000,13.417850307946274,paolo-laptop,crate-container-cd
power_consumption,1704525748163000000,0.4414507564821209,paolo-laptop,crate-container-cd
power_consumption,1704525749168000000,0.30021777520850934,paolo-laptop,crate-container-cd
power_consumption,1704525750171000000,0.2643250345143238,paolo-laptop,crate-container-cd
power_consumption,1704525751173000000,9.912732753417938,paolo-laptop,crate-container-cd
power_consumption,1704525752177000000,10.892317323649223,paolo-laptop,crate-container-cd
power_consumption,1704525753179000000,13.40497897417522,paolo-laptop,crate-container-cd
power_consumption,1704525754181000000,9.12370911708296,paolo-laptop,crate-container-cd
power_consumption,1704525755183000000,0.5300753329311512,paolo-laptop,crate-container-cd
power_consumption,1704525756185000000,0.33672643803686275,paolo-laptop,crate-container-cd
power_consumption,1704525757186000000,0.1771260305723184,paolo-laptop,crate-container-cd
power_consumption,1704525758187000000,7.015386638786241,paolo-laptop,crate-container-cd
power_consumption,1704525759189000000,1.2373635365080158,paolo-laptop,crate-container-cd
power_consumption,1704525760190000000,2.980300211816729,paolo-laptop,crate-container-cd
power_consumption,1704525761192000000,1.6285075944565797,paolo-laptop,crate-container-cd
power_consumption,1704525762194000000,10.624674184199836,paolo-laptop,crate-container-cd
power_consumption,1704525763196000000,11.319429513961321,paolo-laptop,crate-container-cd
power_consumption,1704525764197000000,1.132663454971187,paolo-laptop,crate-container-cd
power_consumption,1704525765199000000,10.472627779219906,paolo-laptop,crate-container-cd
power_consumption,1704525766201000000,3.0614630094987065,paolo-laptop,crate-container-cd
power_consumption,1704525767203000000,7.314548762451458,paolo-laptop,crate-container-cd
power_consumption,1704525768208000000,2.871615058733963,paolo-laptop,crate-container-cd
power_consumption,1704525769210000000,4.925402083093035,paolo-laptop,crate-container-cd
power_consumption,1704525770216000000,3.16412564958418,paolo-laptop,crate-container-cd
power_consumption,1704525771219000000,1.5030542552163815,paolo-laptop,crate-container-cd
power_consumption,1704525772222000000,4.332422050049434,paolo-laptop,crate-container-cd
power_consumption,1704525773228000000,1.538331563327996,paolo-laptop,crate-container-cd
power_consumption,1704525774231000000,5.782679705777371,paolo-laptop,crate-container-cd
power_consumption,1704525775233000000,12.61480138372135,paolo-laptop,crate-container-cd
power_consumption,1704525776237000000,2.976921738257528,paolo-laptop,crate-container-cd
power_consumption,1704525777242000000,6.097460442583394,paolo-laptop,crate-container-cd
power_consumption,1704525778244000000,4.725645892919431,paolo-laptop,crate-container-cd
power_consumption,1704525779246000000,11.306234662099042,paolo-laptop,crate-container-cd
power_consumption,1704525780251000000,1.126709655637399,paolo-laptop,crate-container-cd
power_consumption,1704525781253000000,7.196475992550392,paolo-laptop,crate-container-cd
power_consumption,1704525782256000000,11.528858676184125,paolo-laptop,crate-container-cd
power_consumption,1704525783258000000,11.917422372262829,paolo-laptop,crate-container-cd
power_consumption,1704525784260000000,11.574826361181975,paolo-laptop,crate-container-cd
power_consumption,1704525785262000000,11.543266977806727,paolo-laptop,crate-container-cd
power_consumption,1704525786264000000,12.547122773134747,paolo-laptop,crate-container-cd
power_consumption,1704525787266000000,10.043171697489825,paolo-laptop,crate-container-cd
power_consumption,1704525788268000000,11.321788107233619,paolo-laptop,crate-container-cd
power_consumption,1704525789270000000,11.59665822556103,paolo-laptop,crate-container-cd
power_consumption,1704525790272000000,11.983841701034022,paolo-laptop,crate-container-cd
power_consumption,1704525791274000000,11.926960458528214,paolo-laptop,crate-container-cd
power_consumption,1704525792276000000,12.318140222812456,paolo-laptop,crate-container-cd
power_consumption,1704525793278000000,12.598199620942333,paolo-laptop,crate-container-cd
power_consumption,1704525794280000000,11.467135735068808,paolo-laptop,crate-container-cd
power_consumption,1704525795282000000,12.750494845068003,paolo-laptop,crate-container-cd
power_consumption,1704525796288000000,11.582255336541092,paolo-laptop,crate-container-cd
power_consumption,1704525797290000000,12.997773638538174,paolo-laptop,crate-container-cd
power_consumption,1704525798292000000,12.82515835499829,paolo-laptop,crate-container-cd
power_consumption,1704525799294000000,11.481065638403708,paolo-laptop,crate-container-cd
power_consumption,1704525800295000000,11.30240806471792,paolo-laptop,crate-container-cd
power_consumption,1704525801297000000,11.378323812132088,paolo-laptop,crate-container-cd
power_consumption,1704525802300000000,1.3238794312948448,paolo-laptop,crate-container-cd
power_consumption,1704525803304000000,1.4445901991514318,paolo-laptop,crate-container-cd
power_consumption,1704525804306000000,5.613853301464041,paolo-laptop,crate-container-cd
power_consumption,1704525805307000000,12.053337964316517,paolo-laptop,crate-container-cd
power_consumption,1704525806309000000,10.865407169431311,paolo-laptop,crate-container-cd
power_consumption,1704525807312000000,3.236577148276461,paolo-laptop,crate-container-cd
power_consumption,1704525808313000000,5.03136679359101,paolo-laptop,crate-container-cd
power_consumption,1704525809317000000,1.9463645080843486,paolo-laptop,crate-container-cd
power_consumption,1704525810321000000,3.715019480690494,paolo-laptop,crate-container-cd
power_consumption,1704525811323000000,0.6386127531002599,paolo-laptop,crate-container-cd
power_consumption,1704525812326000000,2.4270604331695296,paolo-laptop,crate-container-cd
power_consumption,1704525813328000000,4.63227599955807,paolo-laptop,crate-container-cd
power_consumption,1704525814330000000,6.18032150637454,paolo-laptop,crate-container-cd
power_consumption,1704525815334000000,9.337059179013783,paolo-laptop,crate-container-cd
power_consumption,1704525816337000000,4.024711810395145,paolo-laptop,crate-container-cd
power_consumption,1704525817343000000,2.4927999109366987,paolo-laptop,crate-container-cd
power_consumption,1704525818345000000,3.493674847380716,paolo-laptop,crate-container-cd
power_consumption,1704525819350000000,11.141015647119296,paolo-laptop,crate-container-cd
power_consumption,1704525820351000000,3.580396297140112,paolo-laptop,crate-container-cd
power_consumption,1704525821353000000,8.960473220172736,paolo-laptop,crate-container-cd
power_consumption,1704525822354000000,11.46315724985606,paolo-laptop,crate-container-cd
power_consumption,1704525823356000000,11.05494879848288,paolo-laptop,crate-container-cd
power_consumption,1704525824360000000,0.25635946223979506,paolo-laptop,crate-container-cd
power_consumption,1704525825363000000,1.6694071138161775,paolo-laptop,crate-container-cd
power_consumption,1704525826364000000,8.885497132234436,paolo-laptop,crate-container-cd
power_consumption,1704525827366000000,11.608943613221054,paolo-laptop,crate-container-cd
power_consumption,1704525828368000000,11.281166942908893,paolo-laptop,crate-container-cd
power_consumption,1704525829370000000,8.179475606463328,paolo-laptop,crate-container-cd
power_consumption,1704525830372000000,3.49388120807724,paolo-laptop,crate-container-cd
power_consumption,1704525831374000000,5.884402584797755,paolo-laptop,crate-container-cd
power_consumption,1704525832376000000,4.824812616984322,paolo-laptop,crate-container-cd
power_consumption,1704525833378000000,1.9237100111646193,paolo-laptop,crate-container-cd
power_consumption,1704525835382000000,1.3908897269998184,paolo-laptop,crate-container-cd
power_consumption,1704525836384000000,8.600013478201028,paolo-laptop,crate-container-cd
power_consumption,1704525837387000000,2.421210523060372,paolo-laptop,crate-container-cd
power_consumption,1704525838390000000,7.605827259514577,paolo-laptop,crate-container-cd
power_consumption,1704525839393000000,11.003820906055495,paolo-laptop,crate-container-cd
power_consumption,1704525840395000000,3.4472612492757793,paolo-laptop,crate-container-cd
power_consumption,1704525841400000000,3.800428240694859,paolo-laptop,crate-container-cd
power_consumption,1704525842403000000,3.2013489817946996,paolo-laptop,crate-container-cd
power_consumption,1704525843405000000,5.871422168025756,paolo-laptop,crate-container-cd
power_consumption,1704525844409000000,8.86916668185918,paolo-laptop,crate-container-cd
power_consumption,1704525845411000000,2.8083676079545503,paolo-laptop,crate-container-cd
power_consumption,1704525846414000000,9.00087730926324,paolo-laptop,crate-container-cd
power_consumption,1704525847417000000,1.3231108907235036,paolo-laptop,crate-container-cd
power_consumption,1704525848423000000,0.48888937143085,paolo-laptop,crate-container-cd
power_consumption,1704525849429000000,9.560694542234495,paolo-laptop,crate-container-cd
power_consumption,1704525850435000000,5.729572208844742,paolo-laptop,crate-container-cd
power_consumption,1704525851438000000,2.0052709060531644,paolo-laptop,crate-container-cd
power_consumption,1704525852440000000,3.611533282498604,paolo-laptop,crate-container-cd
power_consumption,1704525853441000000,11.677978135751546,paolo-laptop,crate-container-cd
power_consumption,1704525854443000000,9.187983254421502,paolo-laptop,crate-container-cd
power_consumption,1704525856452000000,1.1873150998054531,paolo-laptop,crate-container-cd
power_consumption,1704525857454000000,8.911754060310372,paolo-laptop,crate-container-cd
power_consumption,1704525858458000000,7.2806883121437735,paolo-laptop,crate-container-cd
power_consumption,1704525859460000000,5.897989471943109,paolo-laptop,crate-container-cd
power_consumption,1704525860465000000,1.3300777607057583,paolo-laptop,crate-container-cd
power_consumption,1704525861469000000,4.077689925933465,paolo-laptop,crate-container-cd
power_consumption,1704525862471000000,4.973084097153826,paolo-laptop,crate-container-cd
power_consumption,1704525863477000000,6.253321808700333,paolo-laptop,crate-container-cd
power_consumption,1704525864479000000,7.838391580380954,paolo-laptop,crate-container-cd
power_consumption,1704525865483000000,4.205707247716372,paolo-laptop,crate-container-cd
power_consumption,1704525866487000000,6.2060120348922725,paolo-laptop,crate-container-cd
power_consumption,1704525867491000000,4.969938015295224,paolo-laptop,crate-container-cd
power_consumption,1704525868495000000,2.0174709282990837,paolo-laptop,crate-container-cd
power_consumption,1704525869499000000,4.967167565068971,paolo-laptop,crate-container-cd
power_consumption,1704525870501000000,2.820889011775143,paolo-laptop,crate-container-cd
power_consumption,1704525871505000000,5.015761501570719,paolo-laptop,crate-container-cd
power_consumption,1704525872507000000,3.9910407488924102,paolo-laptop,crate-container-cd
power_consumption,1704525873511000000,3.457235893289514,paolo-laptop,crate-container-cd
power_consumption,1704525874513000000,8.304670303046446,paolo-laptop,crate-container-cd
power_consumption,1704525875517000000,8.143145706032065,paolo-laptop,crate-container-cd
power_consumption,1704525876521000000,4.726967044316287,paolo-laptop,crate-container-cd
power_consumption,1704525877523000000,1.1389069963228642,paolo-laptop,crate-container-cd
power_consumption,1704525878528000000,1.4421174309190083,paolo-laptop,crate-container-cd
power_consumption,1704525879530000000,12.203999684084447,paolo-laptop,crate-container-cd
power_consumption,1704525880532000000,9.100135674820306,paolo-laptop,crate-container-cd
power_consumption,1704525881536000000,10.603478147179397,paolo-laptop,crate-container-cd
power_consumption,1704525883546000000,3.9588479350824257,paolo-laptop,crate-container-cd
power_consumption,1704525884548000000,9.450615467133396,paolo-laptop,crate-container-cd
power_consumption,1704525885552000000,0.05423787870863976,paolo-laptop,crate-container-cd
power_consumption,1704525886554000000,10.998060150579773,paolo-laptop,crate-container-cd
power_consumption,1704525887556000000,11.53042462409078,paolo-laptop,crate-container-cd
power_consumption,1704525888558000000,11.137800165265055,paolo-laptop,crate-container-cd
power_consumption,1704525889559000000,10.58759934440798,paolo-laptop,crate-container-cd
power_consumption,1704525890561000000,6.968239006892959,paolo-laptop,crate-container-cd
power_consumption,1704525891563000000,10.881214162065064,paolo-laptop,crate-container-cd
power_consumption,1704525892566000000,3.9817453852904308,paolo-laptop,crate-container-cd
power_consumption,1704525893568000000,9.43560207163776,paolo-laptop,crate-container-cd
power_consumption,1704525894570000000,11.026572731302855,paolo-laptop,crate-container-cd
power_consumption,1704525895572000000,0.6476963052470983,paolo-laptop,crate-container-cd
power_consumption,1704525896574000000,3.5358474991169535,paolo-laptop,crate-container-cd
power_consumption,1704525897576000000,1.6344570296800607,paolo-laptop,crate-container-cd
power_consumption,1704525898578000000,13.026860163290614,paolo-laptop,crate-container-cd
power_consumption,1704525899580000000,0.3855866869023251,paolo-laptop,crate-container-cd
power_consumption,1704525900581000000,3.973459773824958,paolo-laptop,crate-container-cd
power_consumption,1704525901584000000,12.67784436671251,paolo-laptop,crate-container-cd
power_consumption,1704525902585000000,4.193664127860987,paolo-laptop,crate-container-cd
power_consumption,1704525903588000000,6.329126225630201,paolo-laptop,crate-container-cd
power_consumption,1704525904592000000,0.5788643385773505,paolo-laptop,crate-container-cd
power_consumption,1704525905598000000,0.2530799315003357,paolo-laptop,crate-container-cd
power_consumption,1704525906602000000,0.31258846862554296,paolo-laptop,crate-container-cd
power_consumption,1704525907608000000,4.585753055478147,paolo-laptop,crate-container-cd
power_consumption,1704525908611000000,9.907925312933875,paolo-laptop,crate-container-cd
power_consumption,1704525909616000000,6.98629445748662,paolo-laptop,crate-container-cd
power_consumption,1704525910621000000,9.65161161548678,paolo-laptop,crate-container-cd
power_consumption,1704525911625000000,1.2696919725209774,paolo-laptop,crate-container-cd
power_consumption,1704525912629000000,5.234029989642954,paolo-laptop,crate-container-cd
power_consumption,1704525913636000000,0.4855615315803514,paolo-laptop,crate-container-cd
power_consumption,1704525914642000000,0.14477628087542485,paolo-laptop,crate-container-cd
power_consumption,1704525915647000000,0.17378402393527892,paolo-laptop,crate-container-cd
power_consumption,1704525916651000000,0.1384453979072766,paolo-laptop,crate-container-cd
power_consumption,1704525917654000000,0.6399994822023499,paolo-laptop,crate-container-cd
power_consumption,1704525918658000000,0.2747747003966612,paolo-laptop,crate-container-cd
power_consumption,1704525919662000000,0.3411261698499723,paolo-laptop,crate-container-cd
power_consumption,1704525920666000000,0.30270331227954644,paolo-laptop,crate-container-cd
power_consumption,1704525921670000000,0.3185042692241971,paolo-laptop,crate-container-cd
power_consumption,1704525922672000000,3.8715255929865577,paolo-laptop,crate-container-cd
power_consumption,1704525923675000000,10.14317340832129,paolo-laptop,crate-container-cd
power_consumption,1704525924678000000,8.202824004026109,paolo-laptop,crate-container-cd
power_consumption,1704525925679000000,6.553888950808123,paolo-laptop,crate-container-cd
power_consumption,1704525926681000000,11.027183775476079,paolo-laptop,crate-container-cd
power_consumption,1704525927683000000,9.363035781408593,paolo-laptop,crate-container-cd
power_consumption,1704525928686000000,9.648891127916794,paolo-laptop,crate-container-cd
power_consumption,1704525929688000000,3.2376780745948963,paolo-laptop,crate-container-cd
power_consumption,1704525930690000000,5.3759596412449815,paolo-laptop,crate-container-cd
power_consumption,1704525931694000000,1.9399482025431374,paolo-laptop,crate-container-cd
power_consumption,1704525932698000000,5.174438328987233,paolo-laptop,crate-container-cd
power_consumption,1704525933702000000,0.06582470665608037,paolo-laptop,crate-container-cd
power_consumption,1704525934706000000,0.45609875790428767,paolo-laptop,crate-container-cd
power_consumption,1704525935708000000,8.317709155526616,paolo-laptop,crate-container-cd
power_consumption,1704525936713000000,1.8558032305635481,paolo-laptop,crate-container-cd
power_consumption,1704525937718000000,2.517009935113948,paolo-laptop,crate-container-cd
power_consumption,1704525938720000000,4.708235115468872,paolo-laptop,crate-container-cd
power_consumption,1704525939722000000,4.719652685865433,paolo-laptop,crate-container-cd
power_consumption,1704525940724000000,11.625605890122285,paolo-laptop,crate-container-cd
power_consumption,1704525941727000000,10.879720252956098,paolo-laptop,crate-container-cd
power_consumption,1704525942729000000,8.161229859155025,paolo-laptop,crate-container-cd
power_consumption,1704525943731000000,10.308324711553212,paolo-laptop,crate-container-cd
power_consumption,1704525944736000000,4.41886711480938,paolo-laptop,crate-container-cd
power_consumption,1704525945742000000,0.9728022968025362,paolo-laptop,crate-container-cd
power_consumption,1704525946744000000,6.104562098838287,paolo-laptop,crate-container-cd
power_consumption,1704525947746000000,12.311467645620073,paolo-laptop,crate-container-cd
power_consumption,1704525948747000000,1.1256168563459124,paolo-laptop,crate-container-cd
power_consumption,1704525949751000000,1.4361198860262,paolo-laptop,crate-container-cd
power_consumption,1704525950755000000,1.0279187636293303,paolo-laptop,crate-container-cd
power_consumption,1704525951757000000,1.3279600792021231,paolo-laptop,crate-container-cd
power_consumption,1704525952758000000,2.379188697760702,paolo-laptop,crate-container-cd
power_consumption,1704525953760000000,5.162577695790579,paolo-laptop,crate-container-cd
power_consumption,1704525954761000000,4.462497164870847,paolo-laptop,crate-container-cd
power_consumption,1704525955763000000,3.432161073324218,paolo-laptop,crate-container-cd
power_consumption,1704525956765000000,2.7543384245582927,paolo-laptop,crate-container-cd
power_consumption,1704525957769000000,4.79092336331875,paolo-laptop,crate-container-cd
power_consumption,1704525958772000000,7.091840957901213,paolo-laptop,crate-container-cd
power_consumption,1704525959775000000,0.4725029468769809,paolo-laptop,crate-container-cd
power_consumption,1704525960777000000,0.462299118544308,paolo-laptop,crate-container-cd
power_consumption,1704525961779000000,1.7950826178238508,paolo-laptop,crate-container-cd
power_consumption,1704525962781000000,2.9896651023475935,paolo-laptop,crate-container-cd
power_consumption,1704525963782000000,2.200447365471656,paolo-laptop,crate-container-cd
power_consumption,1704525964783000000,12.173554767646134,paolo-laptop,crate-container-cd
power_consumption,1704525965785000000,1.7609425118194266,paolo-laptop,crate-container-cd
power_consumption,1704525966790000000,6.990386683109397,paolo-laptop,crate-container-cd
power_consumption,1704525967793000000,0.832535235944712,paolo-laptop,crate-container-cd
power_consumption,1704525968799000000,0.7845866849469989,paolo-laptop,crate-container-cd
power_consumption,1704525969803000000,0.4101567538928554,paolo-laptop,crate-container-cd
power_consumption,1704525970805000000,4.118659601762787,paolo-laptop,crate-container-cd
power_consumption,1704525971807000000,12.935093280061093,paolo-laptop,crate-container-cd
power_consumption,1704525972810000000,2.824081078404884,paolo-laptop,crate-container-cd
power_consumption,1704525973814000000,1.2071653330881607,paolo-laptop,crate-container-cd
power_consumption,1704525974818000000,10.10740263466175,paolo-laptop,crate-container-cd
power_consumption,1704525975820000000,0.533543860054245,paolo-laptop,crate-container-cd
power_consumption,1704525976824000000,1.0026739500759172,paolo-laptop,crate-container-cd
power_consumption,1704525977827000000,0.15483644762921941,paolo-laptop,crate-container-cd
power_consumption,1704525978831000000,0.2153951577794372,paolo-laptop,crate-container-cd
power_consumption,1704525979835000000,0.20916320089433213,paolo-laptop,crate-container-cd
power_consumption,1704525980838000000,0.20928250730636128,paolo-laptop,crate-container-cd
power_consumption,1704525981842000000,0.24177729693044214,paolo-laptop,crate-container-cd
power_consumption,1704525982846000000,2.787375547469807,paolo-laptop,crate-container-cd
power_consumption,1704525983851000000,1.3758617166828055,paolo-laptop,crate-container-cd
power_consumption,1704525984855000000,1.995690725500478,paolo-laptop,crate-container-cd
power_consumption,1704525985860000000,0.7622051045013101,paolo-laptop,crate-container-cd
power_consumption,1704525986864000000,1.8530371322070582,paolo-laptop,crate-container-cd
power_consumption,1704525987868000000,1.214447725080856,paolo-laptop,crate-container-cd
power_consumption,1704525988872000000,0.3938659064662637,paolo-laptop,crate-container-cd
power_consumption,1704525989876000000,0.4964067036260177,paolo-laptop,crate-container-cd
power_consumption,1704525990880000000,0.30060368256411074,paolo-laptop,crate-container-cd
power_consumption,1704525991884000000,1.8166234973840794,paolo-laptop,crate-container-cd
power_consumption,1704525992888000000,2.769108138290683,paolo-laptop,crate-container-cd
power_consumption,1704525993890000000,4.587784604193459,paolo-laptop,crate-container-cd
power_consumption,1704525994892000000,7.035011557750233,paolo-laptop,crate-container-cd
power_consumption,1704525995894000000,3.4575866719713266,paolo-laptop,crate-container-cd
power_consumption,1704525996895000000,12.658059312849094,paolo-laptop,crate-container-cd
power_consumption,1704525997900000000,6.355710906670993,paolo-laptop,crate-container-cd
power_consumption,1704525998902000000,5.756635686509884,paolo-laptop,crate-container-cd
power_consumption,1704525999904000000,11.93087991258271,paolo-laptop,crate-container-cd
power_consumption,1704526000908000000,11.402220977944083,paolo-laptop,crate-container-cd
power_consumption,1704526001909000000,1.6173678967125247,paolo-laptop,crate-container-cd
power_consumption,1704526002910000000,10.81467494013383,paolo-laptop,crate-container-cd
power_consumption,1704526003914000000,7.485123249600568,paolo-laptop,crate-container-cd
power_consumption,1704526004918000000,0.6324945428385162,paolo-laptop,crate-container-cd
power_consumption,1704526005920000000,1.2960825331825645,paolo-laptop,crate-container-cd
power_consumption,1704526006922000000,9.127869728986859,paolo-laptop,crate-container-cd
power_consumption,1704526007924000000,10.099043179917633,paolo-laptop,crate-container-cd
power_consumption,1704526008926000000,7.572604749705391,paolo-laptop,crate-container-cd
power_consumption,1704526009928000000,6.8791843770162835,paolo-laptop,crate-container-cd
power_consumption,1704526010931000000,12.8202339470992,paolo-laptop,crate-container-cd
power_consumption,1704526011932000000,8.054509666136878,paolo-laptop,crate-container-cd
power_consumption,1704526012934000000,7.118570851070339,paolo-laptop,crate-container-cd
power_consumption,1704526013936000000,7.247778564132023,paolo-laptop,crate-container-cd
power_consumption,1704526014938000000,5.687808400138069,paolo-laptop,crate-container-cd
power_consumption,1704526015940000000,9.21548382998791,paolo-laptop,crate-container-cd
power_consumption,1704526016942000000,5.3803287205653305,paolo-laptop,crate-container-cd
power_consumption,1704526017944000000,3.090170758852935,paolo-laptop,crate-container-cd
power_consumption,1704526018951000000,5.109837812372378,paolo-laptop,crate-container-cd
power_consumption,1704526019953000000,6.115562171738216,paolo-laptop,crate-container-cd
power_consumption,1704526020956000000,8.057375546875049,paolo-laptop,crate-container-cd
power_consumption,1704526021958000000,7.724911920069431,paolo-laptop,crate-container-cd
power_consumption,1704526022964000000,6.89246310687988,paolo-laptop,crate-container-cd
power_consumption,1704526023968000000,6.870536563260596,paolo-laptop,crate-container-cd
power_consumption,1704526024969000000,7.463985370653088,paolo-laptop,crate-container-cd
power_consumption,1704526025979000000,10.242722201572725,paolo-laptop,crate-container-cd
power_consumption,1704526026983000000,7.616586658970855,paolo-laptop,crate-container-cd
power_consumption,1704526027988000000,5.3505512813359415,paolo-laptop,crate-container-cd
power_consumption,1704526028990000000,6.900216287433022,paolo-laptop,crate-container-cd
power_consumption,1704526029993000000,12.137752248308598,paolo-laptop,crate-container-cd
power_consumption,1704526030997000000,6.698538251946606,paolo-laptop,crate-container-cd
power_consumption,1704526032004000000,4.641063589446643,paolo-laptop,crate-container-cd
power_consumption,1704526033008000000,1.2182446637738777,paolo-laptop,crate-container-cd
power_consumption,1704526034017000000,4.570717578953292,paolo-laptop,crate-container-cd
power_consumption,1704526035019000000,4.549726943861053,paolo-laptop,crate-container-cd
power_consumption,1704526036023000000,3.600482598295377,paolo-laptop,crate-container-cd
power_consumption,1704526037027000000,1.3715208585203258,paolo-laptop,crate-container-cd
power_consumption,1704526038031000000,7.499235295611888,paolo-laptop,crate-container-cd
power_consumption,1704526039037000000,1.392957913798645,paolo-laptop,crate-container-cd
power_consumption,1704526040043000000,1.7614920984244375,paolo-laptop,crate-container-cd
power_consumption,1704526041046000000,8.620746277764278,paolo-laptop,crate-container-cd
power_consumption,1704526042048000000,11.23785563416287,paolo-laptop,crate-container-cd
power_consumption,1704526043050000000,6.512604174031411,paolo-laptop,crate-container-cd
power_consumption,1704526044054000000,3.878223801310342,paolo-laptop,crate-container-cd
power_consumption,1704526045056000000,4.711667911694073,paolo-laptop,crate-container-cd
power_consumption,1704526046058000000,8.488964335034101,paolo-laptop,crate-container-cd
power_consumption,1704526047059000000,6.564776673895537,paolo-laptop,crate-container-cd
power_consumption,1704526048061000000,10.920426329934074,paolo-laptop,crate-container-cd
power_consumption,1704526049063000000,7.956928906644963,paolo-laptop,crate-container-cd
power_consumption,1704526050065000000,4.964125788012101,paolo-laptop,crate-container-cd
power_consumption,1704526051069000000,3.9927054306451657,paolo-laptop,crate-container-cd
power_consumption,1704526052071000000,2.5889875941643394,paolo-laptop,crate-container-cd
power_consumption,1704526053073000000,7.715295345145847,paolo-laptop,crate-container-cd
power_consumption,1704526054076000000,8.44916531044778,paolo-laptop,crate-container-cd
power_consumption,1704526055077000000,6.132122396201454,paolo-laptop,crate-container-cd
power_consumption,1704526056082000000,5.012590530603815,paolo-laptop,crate-container-cd
power_consumption,1704526057084000000,4.380587431113607,paolo-laptop,crate-container-cd
power_consumption,1704526058087000000,0.1088943212401505,paolo-laptop,crate-container-cd
power_consumption,1704526059092000000,2.075304882533506,paolo-laptop,crate-container-cd
power_consumption,1704526060094000000,10.5191895908574,paolo-laptop,crate-container-cd
power_consumption,1704526061096000000,10.483350836881725,paolo-laptop,crate-container-cd
power_consumption,1704526062100000000,0.9624394686726833,paolo-laptop,crate-container-cd
power_consumption,1704526063104000000,3.921852274526394,paolo-laptop,crate-container-cd
power_consumption,1704526064110000000,2.433301182310008,paolo-laptop,crate-container-cd
power_consumption,1704526065112000000,1.4487786643402067,paolo-laptop,crate-container-cd
power_consumption,1704526066114000000,12.407465477608804,paolo-laptop,crate-container-cd
power_consumption,1704526067117000000,2.9907519876033417,paolo-laptop,crate-container-cd
