name,time,power,sensor,target
power_consumption,1704880051158000000,12.516251337650527,paolo-laptop,crate-container-cd
power_consumption,1704880052159000000,13.841168931260412,paolo-laptop,crate-container-cd
power_consumption,1704880055163000000,11.686092061759625,paolo-laptop,crate-container-cd
power_consumption,1704880056165000000,12.907513638022749,paolo-laptop,crate-container-cd
power_consumption,1704880058167000000,10.748347244866672,paolo-laptop,crate-container-cd
power_consumption,1704880059169000000,13.022569004564364,paolo-laptop,crate-container-cd
power_consumption,1704880060174000000,13.431254824692108,paolo-laptop,crate-container-cd
power_consumption,1704880061175000000,12.619753916794501,paolo-laptop,crate-container-cd
power_consumption,1704880062177000000,12.520615554370874,paolo-laptop,crate-container-cd
power_consumption,1704880063178000000,11.966449573345127,paolo-laptop,crate-container-cd
power_consumption,1704880064180000000,10.501350789065686,paolo-laptop,crate-container-cd
power_consumption,1704880066182000000,13.010648990134518,paolo-laptop,crate-container-cd
power_consumption,1704880067185000000,12.54875823865852,paolo-laptop,crate-container-cd
power_consumption,1704880068187000000,10.991310913957328,paolo-laptop,crate-container-cd
power_consumption,1704880069188000000,13.361406093628789,paolo-laptop,crate-container-cd
power_consumption,1704880070189000000,10.206063571483023,paolo-laptop,crate-container-cd
power_consumption,1704880071190000000,12.097507546629004,paolo-laptop,crate-container-cd
power_consumption,1704880073193000000,13.746767101803911,paolo-laptop,crate-container-cd
power_consumption,1704880074196000000,11.492421458203193,paolo-laptop,crate-container-cd
power_consumption,1704880075200000000,11.850618567114541,paolo-laptop,crate-container-cd
power_consumption,1704880078205000000,13.938663480124223,paolo-laptop,crate-container-cd
power_consumption,1704880080208000000,11.162685232856475,paolo-laptop,crate-container-cd
power_consumption,1704880083211000000,10.15026720997564,paolo-laptop,crate-container-cd
power_consumption,1704880086216000000,10.638479184650361,paolo-laptop,crate-container-cd
power_consumption,1704880089220000000,13.083552572085242,paolo-laptop,crate-container-cd
power_consumption,1704880090222000000,10.121900867215489,paolo-laptop,crate-container-cd
power_consumption,1704880091223000000,8.955741164281985,paolo-laptop,crate-container-cd
power_consumption,1704880092225000000,11.571706123322121,paolo-laptop,crate-container-cd
power_consumption,1704880093226000000,8.348966854942718,paolo-laptop,crate-container-cd
power_consumption,1704880094227000000,7.840911958280138,paolo-laptop,crate-container-cd
power_consumption,1704880095229000000,11.418672810994277,paolo-laptop,crate-container-cd
power_consumption,1704880096230000000,9.267656615140835,paolo-laptop,crate-container-cd
power_consumption,1704880097232000000,13.183813937931932,paolo-laptop,crate-container-cd
power_consumption,1704880098233000000,12.13471032384042,paolo-laptop,crate-container-cd
power_consumption,1704880099235000000,9.29368625792158,paolo-laptop,crate-container-cd
power_consumption,1704880100237000000,11.944391321587121,paolo-laptop,crate-container-cd
power_consumption,1704880101239000000,9.327874926845857,paolo-laptop,crate-container-cd
power_consumption,1704880102240000000,12.968933028501956,paolo-laptop,crate-container-cd
power_consumption,1704880103242000000,11.320092940650005,paolo-laptop,crate-container-cd
power_consumption,1704880104243000000,13.911040193419574,paolo-laptop,crate-container-cd
power_consumption,1704880105245000000,10.666251296947102,paolo-laptop,crate-container-cd
power_consumption,1704880106247000000,12.384304295540428,paolo-laptop,crate-container-cd
power_consumption,1704880107250000000,14.96888041542187,paolo-laptop,crate-container-cd
power_consumption,1704880108252000000,15.908195445604758,paolo-laptop,crate-container-cd
power_consumption,1704880109254000000,15.942168495043589,paolo-laptop,crate-container-cd
power_consumption,1704880110256000000,14.792284332339847,paolo-laptop,crate-container-cd
power_consumption,1704880111258000000,15.265921593058778,paolo-laptop,crate-container-cd
power_consumption,1704880112261000000,14.184560826542487,paolo-laptop,crate-container-cd
power_consumption,1704880113263000000,15.798845323413655,paolo-laptop,crate-container-cd
power_consumption,1704880114268000000,14.848105051165238,paolo-laptop,crate-container-cd
power_consumption,1704880115273000000,15.435434784721423,paolo-laptop,crate-container-cd
power_consumption,1704880116275000000,13.700295714388435,paolo-laptop,crate-container-cd
power_consumption,1704880117276000000,15.513407213247387,paolo-laptop,crate-container-cd
power_consumption,1704880118277000000,13.3782774949585,paolo-laptop,crate-container-cd
power_consumption,1704880119281000000,14.639308385982078,paolo-laptop,crate-container-cd
power_consumption,1704880120283000000,14.270680127079357,paolo-laptop,crate-container-cd
power_consumption,1704880121285000000,13.611194882126556,paolo-laptop,crate-container-cd
power_consumption,1704880122289000000,13.507458016815688,paolo-laptop,crate-container-cd
power_consumption,1704880123295000000,13.730683657840954,paolo-laptop,crate-container-cd
power_consumption,1704880124297000000,14.358487617175808,paolo-laptop,crate-container-cd
power_consumption,1704880125299000000,16.669285297452134,paolo-laptop,crate-container-cd
power_consumption,1704880126301000000,13.142644169700779,paolo-laptop,crate-container-cd
power_consumption,1704880127304000000,11.647064646125177,paolo-laptop,crate-container-cd
power_consumption,1704880128305000000,13.733443881428203,paolo-laptop,crate-container-cd
power_consumption,1704880129307000000,13.004175398122605,paolo-laptop,crate-container-cd
power_consumption,1704880130310000000,14.454457899974948,paolo-laptop,crate-container-cd
power_consumption,1704880131312000000,16.028069466224434,paolo-laptop,crate-container-cd
power_consumption,1704880132314000000,13.821369571778474,paolo-laptop,crate-container-cd
power_consumption,1704880133316000000,13.49874952737096,paolo-laptop,crate-container-cd
power_consumption,1704880134317000000,13.493646528103204,paolo-laptop,crate-container-cd
power_consumption,1704880135319000000,13.637394319989376,paolo-laptop,crate-container-cd
power_consumption,1704880136321000000,13.35139292405687,paolo-laptop,crate-container-cd
power_consumption,1704880137323000000,13.073276647954984,paolo-laptop,crate-container-cd
power_consumption,1704880138325000000,13.402492091494,paolo-laptop,crate-container-cd
power_consumption,1704880139327000000,13.377567368975257,paolo-laptop,crate-container-cd
power_consumption,1704880140330000000,13.386376601570284,paolo-laptop,crate-container-cd
power_consumption,1704880141331000000,13.051634511164313,paolo-laptop,crate-container-cd
power_consumption,1704880142333000000,14.454135002433425,paolo-laptop,crate-container-cd
power_consumption,1704880143335000000,11.107260697959454,paolo-laptop,crate-container-cd
power_consumption,1704880144337000000,12.76701179110876,paolo-laptop,crate-container-cd
power_consumption,1704880145338000000,14.152301958684323,paolo-laptop,crate-container-cd
power_consumption,1704880146340000000,15.278219068906104,paolo-laptop,crate-container-cd
power_consumption,1704880147343000000,14.145377176996911,paolo-laptop,crate-container-cd
power_consumption,1704880148345000000,13.408083467539303,paolo-laptop,crate-container-cd
power_consumption,1704880149347000000,14.803101896585492,paolo-laptop,crate-container-cd
power_consumption,1704880150349000000,15.855585461850186,paolo-laptop,crate-container-cd
power_consumption,1704880151351000000,16.244315917001025,paolo-laptop,crate-container-cd
power_consumption,1704880152354000000,15.863158561487065,paolo-laptop,crate-container-cd
power_consumption,1704880153356000000,15.456989442059868,paolo-laptop,crate-container-cd
power_consumption,1704880154358000000,16.268962111713524,paolo-laptop,crate-container-cd
power_consumption,1704880155359000000,15.348595344563162,paolo-laptop,crate-container-cd
power_consumption,1704880156361000000,14.666080935150658,paolo-laptop,crate-container-cd
power_consumption,1704880157363000000,13.817759332386816,paolo-laptop,crate-container-cd
power_consumption,1704880158365000000,14.26810023126089,paolo-laptop,crate-container-cd
power_consumption,1704880159368000000,13.271037607665018,paolo-laptop,crate-container-cd
power_consumption,1704880160371000000,13.644750487068602,paolo-laptop,crate-container-cd
power_consumption,1704880161373000000,13.436085052553947,paolo-laptop,crate-container-cd
power_consumption,1704880162379000000,15.861195223780628,paolo-laptop,crate-container-cd
power_consumption,1704880163381000000,13.737765102954942,paolo-laptop,crate-container-cd
power_consumption,1704880164383000000,13.00337077079868,paolo-laptop,crate-container-cd
power_consumption,1704880165385000000,14.753880781141566,paolo-laptop,crate-container-cd
power_consumption,1704880166386000000,14.306793682623194,paolo-laptop,crate-container-cd
power_consumption,1704880167389000000,13.690419803774414,paolo-laptop,crate-container-cd
power_consumption,1704880168391000000,13.19763233541355,paolo-laptop,crate-container-cd
power_consumption,1704880169393000000,13.158731324078639,paolo-laptop,crate-container-cd
power_consumption,1704880170395000000,13.963759160049614,paolo-laptop,crate-container-cd
power_consumption,1704880171397000000,13.882187491007373,paolo-laptop,crate-container-cd
power_consumption,1704880172399000000,13.56137625267322,paolo-laptop,crate-container-cd
power_consumption,1704880173401000000,13.51451548506317,paolo-laptop,crate-container-cd
power_consumption,1704880174402000000,13.017148192066616,paolo-laptop,crate-container-cd
power_consumption,1704880175403000000,12.41025963938698,paolo-laptop,crate-container-cd
power_consumption,1704880176405000000,13.718225769470077,paolo-laptop,crate-container-cd
power_consumption,1704880177408000000,13.316937877056686,paolo-laptop,crate-container-cd
power_consumption,1704880178410000000,12.35878061525354,paolo-laptop,crate-container-cd
power_consumption,1704880179411000000,11.943969775940511,paolo-laptop,crate-container-cd
power_consumption,1704880180413000000,9.591979456740331,paolo-laptop,crate-container-cd
power_consumption,1704880181415000000,12.413811705060656,paolo-laptop,crate-container-cd
power_consumption,1704880182417000000,11.692304516234222,paolo-laptop,crate-container-cd
power_consumption,1704880183419000000,12.273974023166964,paolo-laptop,crate-container-cd
power_consumption,1704880184422000000,10.431677489348456,paolo-laptop,crate-container-cd
power_consumption,1704880185424000000,11.636679898646312,paolo-laptop,crate-container-cd
power_consumption,1704880186426000000,11.742602893544097,paolo-laptop,crate-container-cd
power_consumption,1704880187428000000,11.082882109749818,paolo-laptop,crate-container-cd
power_consumption,1704880188430000000,11.888669395135247,paolo-laptop,crate-container-cd
power_consumption,1704880189433000000,11.66236857649701,paolo-laptop,crate-container-cd
power_consumption,1704880190435000000,12.390074697765161,paolo-laptop,crate-container-cd
power_consumption,1704880191437000000,14.616387453043743,paolo-laptop,crate-container-cd
power_consumption,1704880192440000000,14.196176795123879,paolo-laptop,crate-container-cd
power_consumption,1704880193442000000,14.405055099829484,paolo-laptop,crate-container-cd
power_consumption,1704880194445000000,13.229000826544784,paolo-laptop,crate-container-cd
power_consumption,1704880195447000000,15.90176555699566,paolo-laptop,crate-container-cd
power_consumption,1704880196449000000,14.319728857172818,paolo-laptop,crate-container-cd
power_consumption,1704880197452000000,14.189758920383056,paolo-laptop,crate-container-cd
power_consumption,1704880198454000000,14.087523516492023,paolo-laptop,crate-container-cd
power_consumption,1704880199456000000,13.596109745304465,paolo-laptop,crate-container-cd
power_consumption,1704880200457000000,13.517570808544512,paolo-laptop,crate-container-cd
power_consumption,1704880201459000000,12.77439220987217,paolo-laptop,crate-container-cd
power_consumption,1704880202461000000,12.65595410356639,paolo-laptop,crate-container-cd
power_consumption,1704880203465000000,12.69404685852143,paolo-laptop,crate-container-cd
power_consumption,1704880204468000000,12.242656789013164,paolo-laptop,crate-container-cd
power_consumption,1704880205471000000,13.409244211424111,paolo-laptop,crate-container-cd
power_consumption,1704880207476000000,13.88512270725774,paolo-laptop,crate-container-cd
power_consumption,1704880209480000000,13.146736993791487,paolo-laptop,crate-container-cd
power_consumption,1704880210482000000,11.421581916975708,paolo-laptop,crate-container-cd
power_consumption,1704880211484000000,12.944209307329281,paolo-laptop,crate-container-cd
power_consumption,1704880212486000000,13.809363074853934,paolo-laptop,crate-container-cd
power_consumption,1704880213487000000,13.916400279603847,paolo-laptop,crate-container-cd
power_consumption,1704880214489000000,13.116233772858656,paolo-laptop,crate-container-cd
power_consumption,1704880215492000000,13.917092742180708,paolo-laptop,crate-container-cd
power_consumption,1704880217501000000,13.70678487600602,paolo-laptop,crate-container-cd
power_consumption,1704880218504000000,13.151479939186283,paolo-laptop,crate-container-cd
power_consumption,1704880219506000000,13.595231602576188,paolo-laptop,crate-container-cd
power_consumption,1704880220512000000,12.997658731170295,paolo-laptop,crate-container-cd
power_consumption,1704880221518000000,13.706865152149836,paolo-laptop,crate-container-cd
power_consumption,1704880222524000000,13.439327963806779,paolo-laptop,crate-container-cd
power_consumption,1704880223530000000,13.770564006799072,paolo-laptop,crate-container-cd
power_consumption,1704880224534000000,13.062471836703754,paolo-laptop,crate-container-cd
power_consumption,1704880225536000000,13.517940136705587,paolo-laptop,crate-container-cd
power_consumption,1704880226538000000,13.477482565483,paolo-laptop,crate-container-cd
power_consumption,1704880227540000000,13.891327263824403,paolo-laptop,crate-container-cd
power_consumption,1704880228543000000,13.267618122929267,paolo-laptop,crate-container-cd
power_consumption,1704880229546000000,13.79359286376867,paolo-laptop,crate-container-cd
power_consumption,1704880232554000000,9.602433945021566,paolo-laptop,crate-container-cd
power_consumption,1704880234560000000,13.592560769613293,paolo-laptop,crate-container-cd
power_consumption,1704880235563000000,12.862255091043576,paolo-laptop,crate-container-cd
power_consumption,1704880244591000000,13.4004727941205,paolo-laptop,crate-container-cd
power_consumption,1704880245593000000,14.839881591920593,paolo-laptop,crate-container-cd
power_consumption,1704880246595000000,13.98639878193584,paolo-laptop,crate-container-cd
power_consumption,1704880247597000000,14.224020177004789,paolo-laptop,crate-container-cd
power_consumption,1704880248600000000,13.824898510571794,paolo-laptop,crate-container-cd
power_consumption,1704880249605000000,14.110816599478602,paolo-laptop,crate-container-cd
power_consumption,1704880251609000000,14.077259572977633,paolo-laptop,crate-container-cd
power_consumption,1704880252614000000,11.941599306254203,paolo-laptop,crate-container-cd
power_consumption,1704880253616000000,13.892485870348066,paolo-laptop,crate-container-cd
power_consumption,1704880254618000000,13.651843523143551,paolo-laptop,crate-container-cd
power_consumption,1704880255619000000,14.034081860370266,paolo-laptop,crate-container-cd
power_consumption,1704880256621000000,13.549315561387766,paolo-laptop,crate-container-cd
power_consumption,1704880257623000000,14.352648326500528,paolo-laptop,crate-container-cd
power_consumption,1704880258625000000,13.641859089899665,paolo-laptop,crate-container-cd
power_consumption,1704880260630000000,13.47456143129153,paolo-laptop,crate-container-cd
power_consumption,1704880261632000000,14.091762673521563,paolo-laptop,crate-container-cd
power_consumption,1704880262635000000,13.927541850268012,paolo-laptop,crate-container-cd
power_consumption,1704880263637000000,13.812143898669957,paolo-laptop,crate-container-cd
power_consumption,1704880264640000000,13.779731307744875,paolo-laptop,crate-container-cd
power_consumption,1704880265643000000,14.450391170050695,paolo-laptop,crate-container-cd
power_consumption,1704880266650000000,13.685955199518837,paolo-laptop,crate-container-cd
power_consumption,1704880267653000000,14.167287758997379,paolo-laptop,crate-container-cd
power_consumption,1704880268655000000,13.445709324244616,paolo-laptop,crate-container-cd
power_consumption,1704880269657000000,14.37093086988614,paolo-laptop,crate-container-cd
power_consumption,1704880270659000000,13.468951428552717,paolo-laptop,crate-container-cd
power_consumption,1704880271662000000,14.32892971297048,paolo-laptop,crate-container-cd
power_consumption,1704880273667000000,12.519416283587358,paolo-laptop,crate-container-cd
power_consumption,1704880274673000000,13.5996961003759,paolo-laptop,crate-container-cd
power_consumption,1704880275678000000,14.046767296124683,paolo-laptop,crate-container-cd
power_consumption,1704880276680000000,13.994186991950562,paolo-laptop,crate-container-cd
power_consumption,1704880277682000000,15.066243346005459,paolo-laptop,crate-container-cd
power_consumption,1704880278684000000,14.860843426397123,paolo-laptop,crate-container-cd
power_consumption,1704880279686000000,13.82379454619177,paolo-laptop,crate-container-cd
power_consumption,1704880280688000000,13.933775897312566,paolo-laptop,crate-container-cd
power_consumption,1704880281690000000,13.222762038413466,paolo-laptop,crate-container-cd
power_consumption,1704880282695000000,13.727983838852325,paolo-laptop,crate-container-cd
power_consumption,1704880283698000000,13.479198411364429,paolo-laptop,crate-container-cd
power_consumption,1704880284702000000,9.156227725081294,paolo-laptop,crate-container-cd
power_consumption,1704880287708000000,13.749535354208822,paolo-laptop,crate-container-cd
power_consumption,1704880288710000000,14.140529705259388,paolo-laptop,crate-container-cd
power_consumption,1704880289714000000,5.856327592540337,paolo-laptop,crate-container-cd
power_consumption,1704880292720000000,14.359979319002113,paolo-laptop,crate-container-cd
power_consumption,1704880293724000000,7.857309902984573,paolo-laptop,crate-container-cd
power_consumption,1704880298737000000,12.428288763206258,paolo-laptop,crate-container-cd
power_consumption,1704880299739000000,12.348113907436513,paolo-laptop,crate-container-cd
power_consumption,1704880300742000000,13.362323618510647,paolo-laptop,crate-container-cd
power_consumption,1704880301744000000,12.60909362841592,paolo-laptop,crate-container-cd
power_consumption,1704880302747000000,12.496506212871106,paolo-laptop,crate-container-cd
power_consumption,1704880303749000000,13.338579641429222,paolo-laptop,crate-container-cd
power_consumption,1704880304751000000,13.068301927809564,paolo-laptop,crate-container-cd
power_consumption,1704880305753000000,12.899086483467034,paolo-laptop,crate-container-cd
power_consumption,1704880306755000000,13.369303730006429,paolo-laptop,crate-container-cd
power_consumption,1704880307757000000,12.33412438340054,paolo-laptop,crate-container-cd
power_consumption,1704880308759000000,12.972411873776892,paolo-laptop,crate-container-cd
power_consumption,1704880309760000000,13.168688610409228,paolo-laptop,crate-container-cd
power_consumption,1704880310763000000,12.660382167896532,paolo-laptop,crate-container-cd
power_consumption,1704880311765000000,12.941207693532384,paolo-laptop,crate-container-cd
power_consumption,1704880312767000000,12.929388083615303,paolo-laptop,crate-container-cd
power_consumption,1704880316775000000,12.79246339181557,paolo-laptop,crate-container-cd
power_consumption,1704880319783000000,13.27536652036697,paolo-laptop,crate-container-cd
power_consumption,1704880320784000000,12.30227737281124,paolo-laptop,crate-container-cd
power_consumption,1704880323792000000,12.587152005877167,paolo-laptop,crate-container-cd
power_consumption,1704880324794000000,13.43640134203991,paolo-laptop,crate-container-cd
power_consumption,1704880325796000000,12.854980107721463,paolo-laptop,crate-container-cd
power_consumption,1704880326802000000,8.066515517286744,paolo-laptop,crate-container-cd
power_consumption,1704880329809000000,13.65665438458464,paolo-laptop,crate-container-cd
power_consumption,1704880330811000000,14.30383737926332,paolo-laptop,crate-container-cd
power_consumption,1704880331813000000,13.498295661710545,paolo-laptop,crate-container-cd
power_consumption,1704880332815000000,14.231237390611058,paolo-laptop,crate-container-cd
power_consumption,1704880333817000000,14.067106128634984,paolo-laptop,crate-container-cd
power_consumption,1704880334819000000,14.017064954167672,paolo-laptop,crate-container-cd
power_consumption,1704880335822000000,13.255743403246194,paolo-laptop,crate-container-cd
power_consumption,1704880336824000000,10.07135391779219,paolo-laptop,crate-container-cd
power_consumption,1704880340831000000,14.10101962007089,paolo-laptop,crate-container-cd
power_consumption,1704880341836000000,11.841622032369413,paolo-laptop,crate-container-cd
power_consumption,1704880343841000000,13.282249641945377,paolo-laptop,crate-container-cd
power_consumption,1704880344843000000,7.202244805876277,paolo-laptop,crate-container-cd
power_consumption,1704880347850000000,5.84107798081284,paolo-laptop,crate-container-cd
power_consumption,1704880350857000000,13.16539039739893,paolo-laptop,crate-container-cd
power_consumption,1704880351861000000,13.395806033319685,paolo-laptop,crate-container-cd
power_consumption,1704880352863000000,12.683659603163717,paolo-laptop,crate-container-cd
power_consumption,1704880353866000000,13.244258004714883,paolo-laptop,crate-container-cd
power_consumption,1704880354869000000,13.157790053557978,paolo-laptop,crate-container-cd
power_consumption,1704880355871000000,12.87453470626864,paolo-laptop,crate-container-cd
power_consumption,1704880356874000000,12.876311152557626,paolo-laptop,crate-container-cd
power_consumption,1704880357876000000,11.991076317293292,paolo-laptop,crate-container-cd
power_consumption,1704880358878000000,12.880090831737636,paolo-laptop,crate-container-cd
power_consumption,1704880359880000000,13.22627107997479,paolo-laptop,crate-container-cd
power_consumption,1704880360882000000,12.765318401031934,paolo-laptop,crate-container-cd
power_consumption,1704880361884000000,13.316055395560955,paolo-laptop,crate-container-cd
power_consumption,1704880362886000000,13.128488433980792,paolo-laptop,crate-container-cd
power_consumption,1704880363888000000,13.299970674596391,paolo-laptop,crate-container-cd
power_consumption,1704880364890000000,13.23836748925769,paolo-laptop,crate-container-cd
power_consumption,1704880365893000000,13.334052148951557,paolo-laptop,crate-container-cd
power_consumption,1704880366895000000,12.935562022477068,paolo-laptop,crate-container-cd
power_consumption,1704880367897000000,13.433219430245224,paolo-laptop,crate-container-cd
power_consumption,1704880368899000000,12.827259298216113,paolo-laptop,crate-container-cd
power_consumption,1704880369901000000,13.257834827764906,paolo-laptop,crate-container-cd
power_consumption,1704880370904000000,13.057833962140908,paolo-laptop,crate-container-cd
power_consumption,1704880371905000000,13.029475912755341,paolo-laptop,crate-container-cd
power_consumption,1704880372907000000,13.234154246687257,paolo-laptop,crate-container-cd
power_consumption,1704880373909000000,13.205510009442344,paolo-laptop,crate-container-cd
power_consumption,1704880374912000000,12.964053675312316,paolo-laptop,crate-container-cd
power_consumption,1704880375914000000,12.754960410543578,paolo-laptop,crate-container-cd
power_consumption,1704880376916000000,12.886853327173608,paolo-laptop,crate-container-cd
power_consumption,1704880377918000000,13.424622535035986,paolo-laptop,crate-container-cd
power_consumption,1704880378920000000,11.805760544090774,paolo-laptop,crate-container-cd
power_consumption,1704880379922000000,13.213746756366408,paolo-laptop,crate-container-cd
power_consumption,1704880380925000000,13.196788225311145,paolo-laptop,crate-container-cd
power_consumption,1704880381927000000,13.10024664136766,paolo-laptop,crate-container-cd
power_consumption,1704880382929000000,12.920152156588749,paolo-laptop,crate-container-cd
power_consumption,1704880383931000000,13.198380701893013,paolo-laptop,crate-container-cd
power_consumption,1704880384934000000,13.03102922283417,paolo-laptop,crate-container-cd
power_consumption,1704880385936000000,12.97051487849172,paolo-laptop,crate-container-cd
power_consumption,1704880386941000000,10.93585425182752,paolo-laptop,crate-container-cd
power_consumption,1704880387943000000,13.067863331697925,paolo-laptop,crate-container-cd
power_consumption,1704880390951000000,11.325997482054351,paolo-laptop,crate-container-cd
power_consumption,1704880391953000000,11.332032434565743,paolo-laptop,crate-container-cd
power_consumption,1704880392954000000,10.376447743350008,paolo-laptop,crate-container-cd
power_consumption,1704880394962000000,8.888806332404787,paolo-laptop,crate-container-cd
power_consumption,1704880395965000000,12.863629080031407,paolo-laptop,crate-container-cd
power_consumption,1704880396967000000,12.970721183248742,paolo-laptop,crate-container-cd
power_consumption,1704880397969000000,12.67062384061198,paolo-laptop,crate-container-cd
power_consumption,1704880398972000000,11.881562089740338,paolo-laptop,crate-container-cd
power_consumption,1704880399973000000,11.78503982240202,paolo-laptop,crate-container-cd
power_consumption,1704880400975000000,12.74175645320972,paolo-laptop,crate-container-cd
power_consumption,1704880401978000000,12.30891502648522,paolo-laptop,crate-container-cd
power_consumption,1704880402981000000,12.226915842193339,paolo-laptop,crate-container-cd
power_consumption,1704880403983000000,12.354811871540642,paolo-laptop,crate-container-cd
power_consumption,1704880404985000000,12.239667633003979,paolo-laptop,crate-container-cd
power_consumption,1704880405987000000,12.057348772137628,paolo-laptop,crate-container-cd
power_consumption,1704880410995000000,7.182911653786202,paolo-laptop,crate-container-cd
power_consumption,1704880416011000000,7.027125514478619,paolo-laptop,crate-container-cd
power_consumption,1704880420020000000,7.488406682386827,paolo-laptop,crate-container-cd
power_consumption,1704880428041000000,6.773504646243778,paolo-laptop,crate-container-cd
power_consumption,1704880433065000000,9.718937792632687,paolo-laptop,crate-container-cd
power_consumption,1704880442101000000,4.429415561437111,paolo-laptop,crate-container-cd
power_consumption,1704880450119000000,12.459787479796347,paolo-laptop,crate-container-cd
power_consumption,1704880451121000000,12.57997106018502,paolo-laptop,crate-container-cd
power_consumption,1704880452123000000,12.077557513639093,paolo-laptop,crate-container-cd
power_consumption,1704880453125000000,12.39520726806201,paolo-laptop,crate-container-cd
power_consumption,1704880454128000000,11.86891807070542,paolo-laptop,crate-container-cd
power_consumption,1704880455129000000,11.26216842297756,paolo-laptop,crate-container-cd
power_consumption,1704880456131000000,11.065275864403388,paolo-laptop,crate-container-cd
power_consumption,1704880457133000000,12.096041684606359,paolo-laptop,crate-container-cd
power_consumption,1704880458134000000,12.206285417262404,paolo-laptop,crate-container-cd
power_consumption,1704880459136000000,11.349477473156039,paolo-laptop,crate-container-cd
power_consumption,1704880460137000000,11.642470788558091,paolo-laptop,crate-container-cd
power_consumption,1704880461139000000,11.822421503850835,paolo-laptop,crate-container-cd
power_consumption,1704880462141000000,10.779609780280065,paolo-laptop,crate-container-cd
power_consumption,1704880463142000000,11.711612826404924,paolo-laptop,crate-container-cd
power_consumption,1704880464146000000,4.4436360481163435,paolo-laptop,crate-container-cd
power_consumption,1704880465148000000,5.863412482596317,paolo-laptop,crate-container-cd
power_consumption,1704880466150000000,10.807599158605136,paolo-laptop,crate-container-cd
power_consumption,1704880469160000000,12.40244152527855,paolo-laptop,crate-container-cd
power_consumption,1704880470162000000,12.313410184020926,paolo-laptop,crate-container-cd
power_consumption,1704880471166000000,11.422531560378756,paolo-laptop,crate-container-cd
power_consumption,1704880473170000000,14.411089909559726,paolo-laptop,crate-container-cd
power_consumption,1704880474173000000,9.833609219902367,paolo-laptop,crate-container-cd
power_consumption,1704880475176000000,5.611237132473444,paolo-laptop,crate-container-cd
power_consumption,1704880477179000000,13.443059210858106,paolo-laptop,crate-container-cd
power_consumption,1704880478182000000,13.403014663720707,paolo-laptop,crate-container-cd
power_consumption,1704880479184000000,13.523163230365704,paolo-laptop,crate-container-cd
power_consumption,1704880480187000000,13.262036681332818,paolo-laptop,crate-container-cd
power_consumption,1704880481188000000,12.148666726015172,paolo-laptop,crate-container-cd
power_consumption,1704880482190000000,2.396613557956272,paolo-laptop,crate-container-cd
power_consumption,1704880484193000000,12.332499888067204,paolo-laptop,crate-container-cd
power_consumption,1704880485195000000,12.495286793372085,paolo-laptop,crate-container-cd
power_consumption,1704880486198000000,10.132614535798348,paolo-laptop,crate-container-cd
power_consumption,1704880487201000000,2.5289013316864537,paolo-laptop,crate-container-cd
power_consumption,1704880492213000000,12.406562708487815,paolo-laptop,crate-container-cd
power_consumption,1704880493216000000,2.2488818385958185,paolo-laptop,crate-container-cd
power_consumption,1704880495225000000,8.59808836513432,paolo-laptop,crate-container-cd
power_consumption,1704880496226000000,12.114280610214594,paolo-laptop,crate-container-cd
power_consumption,1704880497229000000,12.464738811263652,paolo-laptop,crate-container-cd
power_consumption,1704880500242000000,2.6029193448737886,paolo-laptop,crate-container-cd
power_consumption,1704880501246000000,9.898920476973249,paolo-laptop,crate-container-cd
power_consumption,1704880502248000000,8.20597695177453,paolo-laptop,crate-container-cd
power_consumption,1704880503251000000,12.463685759225172,paolo-laptop,crate-container-cd
power_consumption,1704880504254000000,11.389287630460052,paolo-laptop,crate-container-cd
power_consumption,1704880506258000000,13.624077207806577,paolo-laptop,crate-container-cd
power_consumption,1704880507259000000,12.263417099336962,paolo-laptop,crate-container-cd
power_consumption,1704880509263000000,11.5626673242203,paolo-laptop,crate-container-cd
power_consumption,1704880510264000000,9.147305242825784,paolo-laptop,crate-container-cd
power_consumption,1704880511268000000,8.980437938073823,paolo-laptop,crate-container-cd
power_consumption,1704880512270000000,6.8813697753288,paolo-laptop,crate-container-cd
power_consumption,1704880513273000000,7.5106563205271515,paolo-laptop,crate-container-cd
power_consumption,1704880514277000000,7.685677421578454,paolo-laptop,crate-container-cd
power_consumption,1704880515278000000,12.69365048100835,paolo-laptop,crate-container-cd
power_consumption,1704880516280000000,10.476149636889255,paolo-laptop,crate-container-cd
power_consumption,1704880517284000000,2.776331113840511,paolo-laptop,crate-container-cd
power_consumption,1704880518285000000,8.012452704075955,paolo-laptop,crate-container-cd
power_consumption,1704880519289000000,5.581806341192195,paolo-laptop,crate-container-cd
power_consumption,1704880520291000000,6.203173817868968,paolo-laptop,crate-container-cd
power_consumption,1704880521292000000,12.060539353220719,paolo-laptop,crate-container-cd
power_consumption,1704880522295000000,10.873890517740499,paolo-laptop,crate-container-cd
power_consumption,1704880523298000000,9.527210909445676,paolo-laptop,crate-container-cd
power_consumption,1704880524301000000,10.304235013218875,paolo-laptop,crate-container-cd
power_consumption,1704880525304000000,2.333472572794847,paolo-laptop,crate-container-cd
power_consumption,1704880527311000000,11.091033755486997,paolo-laptop,crate-container-cd
power_consumption,1704880528315000000,8.07373566007563,paolo-laptop,crate-container-cd
power_consumption,1704880530321000000,4.058988618476129,paolo-laptop,crate-container-cd
power_consumption,1704880531323000000,11.518296194787808,paolo-laptop,crate-container-cd
power_consumption,1704880532326000000,6.705493647402588,paolo-laptop,crate-container-cd
power_consumption,1704880533328000000,5.085207782374491,paolo-laptop,crate-container-cd
power_consumption,1704880534331000000,4.219543306788079,paolo-laptop,crate-container-cd
power_consumption,1704880535335000000,1.8245791932555089,paolo-laptop,crate-container-cd
power_consumption,1704880536337000000,5.551483198860632,paolo-laptop,crate-container-cd
power_consumption,1704880537339000000,11.676098681944456,paolo-laptop,crate-container-cd
power_consumption,1704880538342000000,11.518871758753018,paolo-laptop,crate-container-cd
power_consumption,1704880540349000000,1.507297810982826,paolo-laptop,crate-container-cd
power_consumption,1704880541353000000,6.815576907858657,paolo-laptop,crate-container-cd
power_consumption,1704880542354000000,2.9657459829684076,paolo-laptop,crate-container-cd
power_consumption,1704880544359000000,4.66015069868476,paolo-laptop,crate-container-cd
power_consumption,1704880545361000000,10.501163385614849,paolo-laptop,crate-container-cd
power_consumption,1704880546363000000,12.816706613027282,paolo-laptop,crate-container-cd
power_consumption,1704880547365000000,12.456686495893692,paolo-laptop,crate-container-cd
power_consumption,1704880548367000000,13.563091670382285,paolo-laptop,crate-container-cd
power_consumption,1704880549370000000,13.444043025250439,paolo-laptop,crate-container-cd
power_consumption,1704880550372000000,4.385674679752914,paolo-laptop,crate-container-cd
power_consumption,1704880551373000000,11.096901499635251,paolo-laptop,crate-container-cd
power_consumption,1704880552375000000,3.931004754773282,paolo-laptop,crate-container-cd
power_consumption,1704880553377000000,8.706284063052998,paolo-laptop,crate-container-cd
power_consumption,1704880554379000000,12.014725604955562,paolo-laptop,crate-container-cd
power_consumption,1704880555381000000,12.668185539288533,paolo-laptop,crate-container-cd
power_consumption,1704880556383000000,13.500917310055762,paolo-laptop,crate-container-cd
power_consumption,1704880557385000000,11.283020806548848,paolo-laptop,crate-container-cd
power_consumption,1704880559390000000,12.275074562725614,paolo-laptop,crate-container-cd
power_consumption,1704880560392000000,8.363791130146433,paolo-laptop,crate-container-cd
power_consumption,1704880561394000000,12.088452028907057,paolo-laptop,crate-container-cd
power_consumption,1704880562398000000,13.024198414297047,paolo-laptop,crate-container-cd
power_consumption,1704880563400000000,12.649716835080731,paolo-laptop,crate-container-cd
power_consumption,1704880564402000000,12.462562793859947,paolo-laptop,crate-container-cd
power_consumption,1704880565408000000,12.077399856576289,paolo-laptop,crate-container-cd
power_consumption,1704880566409000000,12.164271810809213,paolo-laptop,crate-container-cd
power_consumption,1704880567411000000,8.16742559152173,paolo-laptop,crate-container-cd
power_consumption,1704880568413000000,4.092642057280376,paolo-laptop,crate-container-cd
power_consumption,1704880570421000000,9.053544529415513,paolo-laptop,crate-container-cd
power_consumption,1704880571425000000,12.716992094358186,paolo-laptop,crate-container-cd
power_consumption,1704880572427000000,11.830542220990484,paolo-laptop,crate-container-cd
power_consumption,1704880573429000000,12.058529831001938,paolo-laptop,crate-container-cd
power_consumption,1704880574431000000,11.914083568377798,paolo-laptop,crate-container-cd
power_consumption,1704880575433000000,12.912806936173912,paolo-laptop,crate-container-cd
power_consumption,1704880576436000000,12.088499299503734,paolo-laptop,crate-container-cd
power_consumption,1704880577437000000,12.933024934464571,paolo-laptop,crate-container-cd
power_consumption,1704880578440000000,12.824210809935146,paolo-laptop,crate-container-cd
power_consumption,1704880579442000000,13.087485292550713,paolo-laptop,crate-container-cd
power_consumption,1704880580443000000,12.287009482350413,paolo-laptop,crate-container-cd
power_consumption,1704880581445000000,12.66228753194665,paolo-laptop,crate-container-cd
power_consumption,1704880582447000000,12.33939080411896,paolo-laptop,crate-container-cd
power_consumption,1704880583449000000,13.030874961712957,paolo-laptop,crate-container-cd
power_consumption,1704880584451000000,12.74947984969949,paolo-laptop,crate-container-cd
power_consumption,1704880585453000000,12.825844264545466,paolo-laptop,crate-container-cd
power_consumption,1704880586457000000,1.4383998832159572,paolo-laptop,crate-container-cd
power_consumption,1704880587461000000,1.3308126110516203,paolo-laptop,crate-container-cd
power_consumption,1704880590468000000,2.966443389264169,paolo-laptop,crate-container-cd
power_consumption,1704880591473000000,4.659487402001325,paolo-laptop,crate-container-cd
power_consumption,1704880592474000000,6.4627097011839165,paolo-laptop,crate-container-cd
power_consumption,1704880593477000000,12.86409636097715,paolo-laptop,crate-container-cd
power_consumption,1704880594482000000,11.406547002256659,paolo-laptop,crate-container-cd
power_consumption,1704880595484000000,12.78963536489071,paolo-laptop,crate-container-cd
power_consumption,1704880596488000000,10.947441083287172,paolo-laptop,crate-container-cd
power_consumption,1704880598495000000,7.190081330222553,paolo-laptop,crate-container-cd
power_consumption,1704880599499000000,13.922772590119816,paolo-laptop,crate-container-cd
power_consumption,1704880600501000000,13.106529784311018,paolo-laptop,crate-container-cd
power_consumption,1704880601502000000,13.437713807415939,paolo-laptop,crate-container-cd
power_consumption,1704880602505000000,12.85660296669468,paolo-laptop,crate-container-cd
power_consumption,1704880603507000000,13.3836972248281,paolo-laptop,crate-container-cd
power_consumption,1704880604509000000,11.034550002745275,paolo-laptop,crate-container-cd
power_consumption,1704880605517000000,24.874542930451632,paolo-laptop,crate-container-cd
power_consumption,1704880606526000000,11.3530989343081,paolo-laptop,crate-container-cd
power_consumption,1704880607528000000,8.356856032374994,paolo-laptop,crate-container-cd
power_consumption,1704880608533000000,12.591848585697758,paolo-laptop,crate-container-cd
power_consumption,1704880609539000000,3.1642180518852747,paolo-laptop,crate-container-cd
power_consumption,1704880610541000000,9.107924132954235,paolo-laptop,crate-container-cd
power_consumption,1704880611545000000,9.634071709471726,paolo-laptop,crate-container-cd
power_consumption,1704880612547000000,7.075674133521197,paolo-laptop,crate-container-cd
power_consumption,1704880613548000000,2.0159960093377656,paolo-laptop,crate-container-cd
power_consumption,1704880614550000000,13.306239530171188,paolo-laptop,crate-container-cd
power_consumption,1704880615555000000,6.785053709601244,paolo-laptop,crate-container-cd
power_consumption,1704880616561000000,3.6872024626063964,paolo-laptop,crate-container-cd
power_consumption,1704880617563000000,3.3550786006074387,paolo-laptop,crate-container-cd
power_consumption,1704880618565000000,11.431772075551908,paolo-laptop,crate-container-cd
power_consumption,1704880619570000000,2.6453937519409148,paolo-laptop,crate-container-cd
power_consumption,1704880620574000000,7.3576744157585035,paolo-laptop,crate-container-cd
power_consumption,1704880621576000000,4.651125672616902,paolo-laptop,crate-container-cd
power_consumption,1704880623580000000,12.522863206874426,paolo-laptop,crate-container-cd
power_consumption,1704880624582000000,7.511592121815818,paolo-laptop,crate-container-cd
power_consumption,1704880626585000000,3.492485154723397,paolo-laptop,crate-container-cd
power_consumption,1704880627587000000,2.349756417630551,paolo-laptop,crate-container-cd
power_consumption,1704880628589000000,5.231161828626929,paolo-laptop,crate-container-cd
power_consumption,1704880629590000000,2.6005660363836087,paolo-laptop,crate-container-cd
power_consumption,1704880631593000000,11.791669778737138,paolo-laptop,crate-container-cd
power_consumption,1704880632595000000,1.1842672237080507,paolo-laptop,crate-container-cd
power_consumption,1704880633597000000,3.2806383307777436,paolo-laptop,crate-container-cd
power_consumption,1704880634599000000,11.886565893748372,paolo-laptop,crate-container-cd
power_consumption,1704880635601000000,12.543467257153463,paolo-laptop,crate-container-cd
power_consumption,1704880636603000000,12.77289181866842,paolo-laptop,crate-container-cd
power_consumption,1704880637605000000,12.294375845106924,paolo-laptop,crate-container-cd
power_consumption,1704880638607000000,0.9223708889860711,paolo-laptop,crate-container-cd
power_consumption,1704880639611000000,3.708078897139935,paolo-laptop,crate-container-cd
power_consumption,1704880640615000000,8.513999480068334,paolo-laptop,crate-container-cd
power_consumption,1704880641617000000,2.6242110677884956,paolo-laptop,crate-container-cd
power_consumption,1704880642620000000,3.305646549255213,paolo-laptop,crate-container-cd
power_consumption,1704880643622000000,13.182680123976104,paolo-laptop,crate-container-cd
power_consumption,1704880644626000000,2.6242629774295927,paolo-laptop,crate-container-cd
power_consumption,1704880645631000000,13.80778404287898,paolo-laptop,crate-container-cd
power_consumption,1704880646633000000,12.942566635509882,paolo-laptop,crate-container-cd
power_consumption,1704880647640000000,12.835238773456993,paolo-laptop,crate-container-cd
power_consumption,1704880648642000000,11.786027050791272,paolo-laptop,crate-container-cd
power_consumption,1704880649649000000,12.860253554174061,paolo-laptop,crate-container-cd
power_consumption,1704880650653000000,12.287087044879424,paolo-laptop,crate-container-cd
power_consumption,1704880651657000000,3.2317877001759303,paolo-laptop,crate-container-cd
power_consumption,1704880652661000000,3.1729916403130414,paolo-laptop,crate-container-cd
power_consumption,1704880653664000000,2.3764866127191255,paolo-laptop,crate-container-cd
power_consumption,1704880654666000000,8.294005608305294,paolo-laptop,crate-container-cd
power_consumption,1704880655668000000,12.497284723405475,paolo-laptop,crate-container-cd
power_consumption,1704880656670000000,13.098722383967825,paolo-laptop,crate-container-cd
power_consumption,1704880657672000000,12.08810915206423,paolo-laptop,crate-container-cd
power_consumption,1704880658674000000,12.978059461658571,paolo-laptop,crate-container-cd
power_consumption,1704880659675000000,12.179704704332218,paolo-laptop,crate-container-cd
power_consumption,1704880660677000000,12.550819305313155,paolo-laptop,crate-container-cd
power_consumption,1704880661679000000,12.094789263971549,paolo-laptop,crate-container-cd
power_consumption,1704880662680000000,12.759600856485593,paolo-laptop,crate-container-cd
power_consumption,1704880663682000000,12.005711195903444,paolo-laptop,crate-container-cd
power_consumption,1704880664684000000,12.178445426088981,paolo-laptop,crate-container-cd
power_consumption,1704880665686000000,12.144161783921138,paolo-laptop,crate-container-cd
power_consumption,1704880666688000000,11.972456094443885,paolo-laptop,crate-container-cd
power_consumption,1704880667691000000,6.473192262855737,paolo-laptop,crate-container-cd
power_consumption,1704880668693000000,4.152387857606286,paolo-laptop,crate-container-cd
power_consumption,1704880669695000000,11.86461369497998,paolo-laptop,crate-container-cd
power_consumption,1704880670699000000,11.448664102882532,paolo-laptop,crate-container-cd
power_consumption,1704880672704000000,2.202892263100139,paolo-laptop,crate-container-cd
power_consumption,1704880673708000000,6.009274225304884,paolo-laptop,crate-container-cd
power_consumption,1704880676715000000,10.796863591788473,paolo-laptop,crate-container-cd
power_consumption,1704880677717000000,11.005845930340495,paolo-laptop,crate-container-cd
power_consumption,1704880678718000000,10.890748207676513,paolo-laptop,crate-container-cd
power_consumption,1704880679720000000,10.28059476512173,paolo-laptop,crate-container-cd
power_consumption,1704880680721000000,10.038570239031298,paolo-laptop,crate-container-cd
power_consumption,1704880682724000000,8.339540549877318,paolo-laptop,crate-container-cd
power_consumption,1704880683725000000,11.938812348928355,paolo-laptop,crate-container-cd
power_consumption,1704880684727000000,12.355179634117546,paolo-laptop,crate-container-cd
power_consumption,1704880687738000000,8.193687405419773,paolo-laptop,crate-container-cd
power_consumption,1704880688739000000,11.651118450046091,paolo-laptop,crate-container-cd
power_consumption,1704880689741000000,11.558535148770188,paolo-laptop,crate-container-cd
power_consumption,1704880690746000000,3.281898745302872,paolo-laptop,crate-container-cd
power_consumption,1704880691752000000,4.243750410055866,paolo-laptop,crate-container-cd
power_consumption,1704880693757000000,5.549936780054054,paolo-laptop,crate-container-cd
power_consumption,1704880694759000000,6.160868333165016,paolo-laptop,crate-container-cd
power_consumption,1704880695762000000,2.530640437635153,paolo-laptop,crate-container-cd
power_consumption,1704880696764000000,5.928563444669058,paolo-laptop,crate-container-cd
power_consumption,1704880697766000000,10.759207595625,paolo-laptop,crate-container-cd
power_consumption,1704880698769000000,11.114974120567915,paolo-laptop,crate-container-cd
power_consumption,1704880699771000000,10.570501805986337,paolo-laptop,crate-container-cd
power_consumption,1704880700773000000,6.498940324888839,paolo-laptop,crate-container-cd
power_consumption,1704880701774000000,1.5207994801412636,paolo-laptop,crate-container-cd
power_consumption,1704880702776000000,1.8467376484822113,paolo-laptop,crate-container-cd
power_consumption,1704880703777000000,1.9511913388287234,paolo-laptop,crate-container-cd
power_consumption,1704880704779000000,1.4405781121443657,paolo-laptop,crate-container-cd
power_consumption,1704880707783000000,0.04986539770240777,paolo-laptop,crate-container-cd
power_consumption,1704880709786000000,0.9027720360898399,paolo-laptop,crate-container-cd
power_consumption,1704880710788000000,3.6118104873556205,paolo-laptop,crate-container-cd
power_consumption,1704880711790000000,11.345651136465857,paolo-laptop,crate-container-cd
power_consumption,1704880712794000000,9.573930493349238,paolo-laptop,crate-container-cd
power_consumption,1704880713796000000,1.4468912780682008,paolo-laptop,crate-container-cd
power_consumption,1704880714799000000,3.043197792945207,paolo-laptop,crate-container-cd
power_consumption,1704880715801000000,0.45909645970670393,paolo-laptop,crate-container-cd
power_consumption,1704880716804000000,0.3547831665242344,paolo-laptop,crate-container-cd
power_consumption,1704880717806000000,1.3676857903593742,paolo-laptop,crate-container-cd
power_consumption,1704880718810000000,1.7590995721796576,paolo-laptop,crate-container-cd
power_consumption,1704880719811000000,8.917018240576407,paolo-laptop,crate-container-cd
power_consumption,1704880720813000000,0.4234408481381331,paolo-laptop,crate-container-cd
power_consumption,1704880721816000000,1.6011358286271882,paolo-laptop,crate-container-cd
power_consumption,1704880722818000000,11.409000444432008,paolo-laptop,crate-container-cd
power_consumption,1704880723821000000,12.292306310749728,paolo-laptop,crate-container-cd
power_consumption,1704880725826000000,2.11033904712849,paolo-laptop,crate-container-cd
power_consumption,1704880726828000000,10.746795066970236,paolo-laptop,crate-container-cd
power_consumption,1704880727829000000,12.406803709145171,paolo-laptop,crate-container-cd
power_consumption,1704880728833000000,8.143492821264038,paolo-laptop,crate-container-cd
power_consumption,1704880729836000000,1.2504157712928887,paolo-laptop,crate-container-cd
power_consumption,1704880730840000000,1.1745550682710708,paolo-laptop,crate-container-cd
power_consumption,1704880731844000000,4.595433102165658,paolo-laptop,crate-container-cd
power_consumption,1704880732848000000,5.052354829655847,paolo-laptop,crate-container-cd
power_consumption,1704880733850000000,6.723265808036759,paolo-laptop,crate-container-cd
power_consumption,1704880734852000000,12.716857632176954,paolo-laptop,crate-container-cd
power_consumption,1704880735857000000,10.529200246466006,paolo-laptop,crate-container-cd
power_consumption,1704880738864000000,12.52302923386637,paolo-laptop,crate-container-cd
power_consumption,1704880739865000000,12.184610882240541,paolo-laptop,crate-container-cd
power_consumption,1704880740869000000,5.124222744063953,paolo-laptop,crate-container-cd
power_consumption,1704880741871000000,3.4662584925693762,paolo-laptop,crate-container-cd
power_consumption,1704880742873000000,5.709651766306681,paolo-laptop,crate-container-cd
power_consumption,1704880743874000000,5.755093617828109,paolo-laptop,crate-container-cd
power_consumption,1704880744878000000,11.201500106632423,paolo-laptop,crate-container-cd
power_consumption,1704880745880000000,1.371483467879311,paolo-laptop,crate-container-cd
power_consumption,1704880746883000000,3.682051902940453,paolo-laptop,crate-container-cd
power_consumption,1704880747885000000,10.647256502868833,paolo-laptop,crate-container-cd
power_consumption,1704880749891000000,1.3471367171652195,paolo-laptop,crate-container-cd
power_consumption,1704880750895000000,3.7455095154048563,paolo-laptop,crate-container-cd
power_consumption,1704880751901000000,4.246744906441257,paolo-laptop,crate-container-cd
power_consumption,1704880752903000000,8.031559645513829,paolo-laptop,crate-container-cd
power_consumption,1704880753905000000,10.797055267741648,paolo-laptop,crate-container-cd
power_consumption,1704880754909000000,3.0431883239233395,paolo-laptop,crate-container-cd
power_consumption,1704880755911000000,3.417063459595805,paolo-laptop,crate-container-cd
power_consumption,1704880756913000000,4.3109252641289775,paolo-laptop,crate-container-cd
power_consumption,1704880757914000000,8.521720681634608,paolo-laptop,crate-container-cd
power_consumption,1704880758916000000,1.9937186778633347,paolo-laptop,crate-container-cd
power_consumption,1704880759918000000,13.231999019876834,paolo-laptop,crate-container-cd
power_consumption,1704880760920000000,7.048433830332714,paolo-laptop,crate-container-cd
power_consumption,1704880761922000000,9.907460174810517,paolo-laptop,crate-container-cd
power_consumption,1704880762923000000,12.59320778983605,paolo-laptop,crate-container-cd
power_consumption,1704880763925000000,12.992534488441299,paolo-laptop,crate-container-cd
power_consumption,1704880764927000000,11.986613099851457,paolo-laptop,crate-container-cd
power_consumption,1704880765929000000,1.0315448576434207,paolo-laptop,crate-container-cd
power_consumption,1704880766931000000,11.52911913312834,paolo-laptop,crate-container-cd
power_consumption,1704880767933000000,11.939371132837838,paolo-laptop,crate-container-cd
power_consumption,1704880768935000000,11.241232929392,paolo-laptop,crate-container-cd
power_consumption,1704880769937000000,2.731497716415416,paolo-laptop,crate-container-cd
power_consumption,1704880770939000000,2.543766051062949,paolo-laptop,crate-container-cd
power_consumption,1704880771941000000,11.232812963457793,paolo-laptop,crate-container-cd
power_consumption,1704880772943000000,12.82485890612826,paolo-laptop,crate-container-cd
power_consumption,1704880773945000000,11.753110376132703,paolo-laptop,crate-container-cd
power_consumption,1704880774947000000,12.734931113850744,paolo-laptop,crate-container-cd
power_consumption,1704880775949000000,13.121157525365529,paolo-laptop,crate-container-cd
power_consumption,1704880776951000000,12.807505263771798,paolo-laptop,crate-container-cd
power_consumption,1704880777953000000,12.315836905253724,paolo-laptop,crate-container-cd
power_consumption,1704880778955000000,11.742327036900813,paolo-laptop,crate-container-cd
power_consumption,1704880779957000000,11.60918586627513,paolo-laptop,crate-container-cd
power_consumption,1704880780959000000,11.55092049528789,paolo-laptop,crate-container-cd
power_consumption,1704880781964000000,12.462056911137855,paolo-laptop,crate-container-cd
power_consumption,1704880782965000000,11.9488751451706,paolo-laptop,crate-container-cd
power_consumption,1704880783967000000,12.416357029747154,paolo-laptop,crate-container-cd
power_consumption,1704880784969000000,12.354703441440321,paolo-laptop,crate-container-cd
power_consumption,1704880785971000000,11.13937062611819,paolo-laptop,crate-container-cd
power_consumption,1704880786974000000,11.185165305309798,paolo-laptop,crate-container-cd
power_consumption,1704880787977000000,11.332358991805975,paolo-laptop,crate-container-cd
power_consumption,1704880788979000000,12.05634713462884,paolo-laptop,crate-container-cd
power_consumption,1704880789981000000,11.495305265590826,paolo-laptop,crate-container-cd
power_consumption,1704880790983000000,11.440565017366506,paolo-laptop,crate-container-cd
power_consumption,1704880791985000000,11.212786587013404,paolo-laptop,crate-container-cd
power_consumption,1704880792988000000,11.80951914454251,paolo-laptop,crate-container-cd
power_consumption,1704880793989000000,10.911401572492323,paolo-laptop,crate-container-cd
power_consumption,1704880794991000000,12.337411263594756,paolo-laptop,crate-container-cd
power_consumption,1704880795993000000,11.674989397266284,paolo-laptop,crate-container-cd
power_consumption,1704880796994000000,11.491324016608022,paolo-laptop,crate-container-cd
power_consumption,1704880797996000000,12.006441740910663,paolo-laptop,crate-container-cd
power_consumption,1704880798997000000,10.978442605045482,paolo-laptop,crate-container-cd
power_consumption,1704880799999000000,11.56556083185037,paolo-laptop,crate-container-cd
power_consumption,1704880801001000000,11.311619689262987,paolo-laptop,crate-container-cd
power_consumption,1704880802003000000,10.727501926565662,paolo-laptop,crate-container-cd
power_consumption,1704880803005000000,12.072569860497655,paolo-laptop,crate-container-cd
power_consumption,1704880804007000000,11.47817775646463,paolo-laptop,crate-container-cd
power_consumption,1704880805008000000,11.290811872452524,paolo-laptop,crate-container-cd
power_consumption,1704880806010000000,12.219766923358854,paolo-laptop,crate-container-cd
power_consumption,1704880807012000000,12.083057764315978,paolo-laptop,crate-container-cd
power_consumption,1704880808014000000,13.110605311653075,paolo-laptop,crate-container-cd
power_consumption,1704880809017000000,2.263083373579498,paolo-laptop,crate-container-cd
power_consumption,1704880810018000000,1.8433928681553386,paolo-laptop,crate-container-cd
power_consumption,1704880811020000000,8.171562921168512,paolo-laptop,crate-container-cd
power_consumption,1704880812024000000,10.292727789515137,paolo-laptop,crate-container-cd
power_consumption,1704880813027000000,2.2617850358414895,paolo-laptop,crate-container-cd
power_consumption,1704880814029000000,1.7214866335662324,paolo-laptop,crate-container-cd
power_consumption,1704880815031000000,9.471547804933238,paolo-laptop,crate-container-cd
power_consumption,1704880816032000000,9.931942911484537,paolo-laptop,crate-container-cd
power_consumption,1704880817034000000,10.158261399075826,paolo-laptop,crate-container-cd
power_consumption,1704880818035000000,10.022520702482282,paolo-laptop,crate-container-cd
power_consumption,1704880819039000000,1.00938011903086,paolo-laptop,crate-container-cd
power_consumption,1704880820041000000,0.062035132466334644,paolo-laptop,crate-container-cd
power_consumption,1704880821043000000,6.986091204392258,paolo-laptop,crate-container-cd
power_consumption,1704880822044000000,10.64273037980192,paolo-laptop,crate-container-cd
power_consumption,1704880823048000000,9.22185734620178,paolo-laptop,crate-container-cd
power_consumption,1704880826059000000,10.01212234454917,paolo-laptop,crate-container-cd
power_consumption,1704880827060000000,10.738772400737565,paolo-laptop,crate-container-cd
power_consumption,1704880828065000000,3.742995075320902,paolo-laptop,crate-container-cd
power_consumption,1704880830070000000,3.963123036018564,paolo-laptop,crate-container-cd
power_consumption,1704880831072000000,8.42017931011527,paolo-laptop,crate-container-cd
power_consumption,1704880832074000000,12.147839136596929,paolo-laptop,crate-container-cd
power_consumption,1704880833079000000,11.16028002852999,paolo-laptop,crate-container-cd
power_consumption,1704880834081000000,10.975559408534043,paolo-laptop,crate-container-cd
power_consumption,1704880835082000000,10.42524440220212,paolo-laptop,crate-container-cd
power_consumption,1704880836089000000,8.507506236486513,paolo-laptop,crate-container-cd
power_consumption,1704880838095000000,0.8304731204413944,paolo-laptop,crate-container-cd
power_consumption,1704880839096000000,11.20592392693748,paolo-laptop,crate-container-cd
power_consumption,1704880840097000000,10.243385046490076,paolo-laptop,crate-container-cd
power_consumption,1704880841099000000,10.452950799290498,paolo-laptop,crate-container-cd
power_consumption,1704880842101000000,11.699606974559675,paolo-laptop,crate-container-cd
power_consumption,1704880843102000000,0.7323126590125957,paolo-laptop,crate-container-cd
power_consumption,1704880844104000000,9.312721588179235,paolo-laptop,crate-container-cd
power_consumption,1704880845107000000,1.5394837902326999,paolo-laptop,crate-container-cd
power_consumption,1704880846110000000,3.463434662991837,paolo-laptop,crate-container-cd
power_consumption,1704880847112000000,7.417182812392924,paolo-laptop,crate-container-cd
power_consumption,1704880848113000000,11.465818512627934,paolo-laptop,crate-container-cd
power_consumption,1704880849115000000,12.205951158705293,paolo-laptop,crate-container-cd
power_consumption,1704880850118000000,12.131405411855873,paolo-laptop,crate-container-cd
power_consumption,1704880851119000000,12.13533313934122,paolo-laptop,crate-container-cd
power_consumption,1704880852122000000,12.397376718851655,paolo-laptop,crate-container-cd
power_consumption,1704880853124000000,12.311628371534757,paolo-laptop,crate-container-cd
power_consumption,1704880854130000000,11.05669074794358,paolo-laptop,crate-container-cd
power_consumption,1704880855131000000,0.5616949912211148,paolo-laptop,crate-container-cd
power_consumption,1704880856132000000,6.3930438024257485,paolo-laptop,crate-container-cd
power_consumption,1704880857134000000,8.941274652407001,paolo-laptop,crate-container-cd
power_consumption,1704880858136000000,14.910212709558037,paolo-laptop,crate-container-cd
power_consumption,1704880859138000000,9.466797741308348,paolo-laptop,crate-container-cd
power_consumption,1704880860140000000,12.546519949806926,paolo-laptop,crate-container-cd
power_consumption,1704880861145000000,13.67226442462294,paolo-laptop,crate-container-cd
power_consumption,1704880862146000000,6.304858655289377,paolo-laptop,crate-container-cd
power_consumption,1704880863148000000,9.177150057188186,paolo-laptop,crate-container-cd
power_consumption,1704880864150000000,9.034204164237131,paolo-laptop,crate-container-cd
power_consumption,1704880865152000000,12.511355281175572,paolo-laptop,crate-container-cd
power_consumption,1704880866153000000,7.305241520244189,paolo-laptop,crate-container-cd
power_consumption,1704880867156000000,4.196752246023298,paolo-laptop,crate-container-cd
power_consumption,1704880868159000000,8.921459473984516,paolo-laptop,crate-container-cd
power_consumption,1704880869163000000,3.791490718352873,paolo-laptop,crate-container-cd
power_consumption,1704880870165000000,3.118081233312129,paolo-laptop,crate-container-cd
power_consumption,1704880872172000000,10.090366944669107,paolo-laptop,crate-container-cd
power_consumption,1704880873174000000,11.53237531258192,paolo-laptop,crate-container-cd
power_consumption,1704880874175000000,11.508248353778043,paolo-laptop,crate-container-cd
power_consumption,1704880875180000000,8.170417763132097,paolo-laptop,crate-container-cd
power_consumption,1704880876184000000,6.730024595907689,paolo-laptop,crate-container-cd
power_consumption,1704880877186000000,11.779693099333489,paolo-laptop,crate-container-cd
power_consumption,1704880878190000000,9.677696542889358,paolo-laptop,crate-container-cd
power_consumption,1704880879192000000,5.779146093833573,paolo-laptop,crate-container-cd
power_consumption,1704880880193000000,5.7453730846419635,paolo-laptop,crate-container-cd
power_consumption,1704880881197000000,4.229334799830026,paolo-laptop,crate-container-cd
power_consumption,1704880882201000000,1.1379670066558576,paolo-laptop,crate-container-cd
power_consumption,1704880883204000000,1.6008618224126479,paolo-laptop,crate-container-cd
power_consumption,1704880884208000000,1.3397567240720878,paolo-laptop,crate-container-cd
power_consumption,1704880885209000000,9.15183339706498,paolo-laptop,crate-container-cd
power_consumption,1704880886213000000,3.732191607791936,paolo-laptop,crate-container-cd
power_consumption,1704880887217000000,6.140274543487165,paolo-laptop,crate-container-cd
power_consumption,1704880888218000000,3.8122989657781376,paolo-laptop,crate-container-cd
power_consumption,1704880889222000000,4.6727200915953055,paolo-laptop,crate-container-cd
power_consumption,1704880890224000000,9.990799433428423,paolo-laptop,crate-container-cd
power_consumption,1704880891228000000,8.885542340992794,paolo-laptop,crate-container-cd
power_consumption,1704880892232000000,1.5400369409697752,paolo-laptop,crate-container-cd
power_consumption,1704880894237000000,11.305790211126478,paolo-laptop,crate-container-cd
power_consumption,1704880895239000000,13.144906930568979,paolo-laptop,crate-container-cd
power_consumption,1704880896241000000,13.199717025840734,paolo-laptop,crate-container-cd
power_consumption,1704880897243000000,13.654805129330157,paolo-laptop,crate-container-cd
power_consumption,1704880898244000000,12.537340216136315,paolo-laptop,crate-container-cd
power_consumption,1704880899248000000,1.5170758364999188,paolo-laptop,crate-container-cd
power_consumption,1704880901254000000,8.330524687572913,paolo-laptop,crate-container-cd
power_consumption,1704880902258000000,2.0133619480714326,paolo-laptop,crate-container-cd
power_consumption,1704880903263000000,3.2444728648165544,paolo-laptop,crate-container-cd
power_consumption,1704880904266000000,9.55955342612936,paolo-laptop,crate-container-cd
power_consumption,1704880905267000000,12.46125171947261,paolo-laptop,crate-container-cd
power_consumption,1704880906269000000,13.064358486913296,paolo-laptop,crate-container-cd
power_consumption,1704880907272000000,8.259453064066548,paolo-laptop,crate-container-cd
power_consumption,1704880908274000000,5.140428385766721,paolo-laptop,crate-container-cd
power_consumption,1704880909277000000,4.616870909325485,paolo-laptop,crate-container-cd
power_consumption,1704880910282000000,9.900399861458997,paolo-laptop,crate-container-cd
power_consumption,1704880911290000000,4.68233684276106,paolo-laptop,crate-container-cd
power_consumption,1704880912293000000,4.0213620322868175,paolo-laptop,crate-container-cd
power_consumption,1704880913295000000,8.798014591074393,paolo-laptop,crate-container-cd
power_consumption,1704880914296000000,7.669785498068437,paolo-laptop,crate-container-cd
power_consumption,1704880915298000000,1.287361263633248,paolo-laptop,crate-container-cd
power_consumption,1704880916300000000,9.087514472792137,paolo-laptop,crate-container-cd
power_consumption,1704880917302000000,12.253615555387505,paolo-laptop,crate-container-cd
power_consumption,1704880918303000000,13.321833438020878,paolo-laptop,crate-container-cd
power_consumption,1704880919305000000,12.660770477591402,paolo-laptop,crate-container-cd
power_consumption,1704880920307000000,10.195888008444907,paolo-laptop,crate-container-cd
power_consumption,1704880921308000000,2.740158640988812,paolo-laptop,crate-container-cd
power_consumption,1704880922309000000,12.599618140429731,paolo-laptop,crate-container-cd
power_consumption,1704880923312000000,12.27273814515554,paolo-laptop,crate-container-cd
power_consumption,1704880924314000000,12.057604495371868,paolo-laptop,crate-container-cd
power_consumption,1704880925316000000,5.955035308623033,paolo-laptop,crate-container-cd
power_consumption,1704880926317000000,5.409047194494393,paolo-laptop,crate-container-cd
power_consumption,1704880927319000000,10.987278096286687,paolo-laptop,crate-container-cd
power_consumption,1704880928321000000,11.270621066848696,paolo-laptop,crate-container-cd
power_consumption,1704880929323000000,11.683446261318434,paolo-laptop,crate-container-cd
power_consumption,1704880930325000000,11.326031074911942,paolo-laptop,crate-container-cd
power_consumption,1704880931327000000,11.063837547309362,paolo-laptop,crate-container-cd
power_consumption,1704880932329000000,11.725254839218847,paolo-laptop,crate-container-cd
power_consumption,1704880933330000000,10.854369181623657,paolo-laptop,crate-container-cd
power_consumption,1704880934332000000,12.361447182904975,paolo-laptop,crate-container-cd
power_consumption,1704880935334000000,12.823279984333034,paolo-laptop,crate-container-cd
power_consumption,1704880936336000000,13.447414869994606,paolo-laptop,crate-container-cd
power_consumption,1704880937338000000,12.960799716205948,paolo-laptop,crate-container-cd
power_consumption,1704880938340000000,12.378085392354148,paolo-laptop,crate-container-cd
power_consumption,1704880939342000000,11.620767567206652,paolo-laptop,crate-container-cd
power_consumption,1704880940344000000,10.524131962508699,paolo-laptop,crate-container-cd
power_consumption,1704880941346000000,11.446968409467546,paolo-laptop,crate-container-cd
power_consumption,1704880942348000000,11.843170203683735,paolo-laptop,crate-container-cd
power_consumption,1704880943349000000,11.870913663187217,paolo-laptop,crate-container-cd
power_consumption,1704880944353000000,10.545485765611087,paolo-laptop,crate-container-cd
power_consumption,1704880945355000000,1.6842118499677323,paolo-laptop,crate-container-cd
power_consumption,1704880946357000000,0.9365092674601934,paolo-laptop,crate-container-cd
power_consumption,1704880947360000000,13.345787244262436,paolo-laptop,crate-container-cd
power_consumption,1704880948362000000,12.922538824458833,paolo-laptop,crate-container-cd
power_consumption,1704880949364000000,13.118972617633077,paolo-laptop,crate-container-cd
power_consumption,1704880950365000000,12.760322601210028,paolo-laptop,crate-container-cd
power_consumption,1704880951367000000,12.557231239102483,paolo-laptop,crate-container-cd
power_consumption,1704880952371000000,9.537550320903192,paolo-laptop,crate-container-cd
power_consumption,1704880953373000000,3.8463320511818346,paolo-laptop,crate-container-cd
power_consumption,1704880954376000000,3.93178453072836,paolo-laptop,crate-container-cd
power_consumption,1704880955378000000,2.4518783967181155,paolo-laptop,crate-container-cd
power_consumption,1704880956382000000,1.5638352288638317,paolo-laptop,crate-container-cd
power_consumption,1704880957386000000,3.204052062198497,paolo-laptop,crate-container-cd
power_consumption,1704880958389000000,3.0228359302755092,paolo-laptop,crate-container-cd
power_consumption,1704880959391000000,4.877033272985537,paolo-laptop,crate-container-cd
power_consumption,1704880960394000000,5.330081073248595,paolo-laptop,crate-container-cd
power_consumption,1704880961397000000,3.1157396171651794,paolo-laptop,crate-container-cd
power_consumption,1704880962398000000,12.585421629108149,paolo-laptop,crate-container-cd
power_consumption,1704880963402000000,1.3919168291100816,paolo-laptop,crate-container-cd
power_consumption,1704880964406000000,1.9661796199925168,paolo-laptop,crate-container-cd
power_consumption,1704880965407000000,6.785319240225743,paolo-laptop,crate-container-cd
power_consumption,1704880966410000000,9.626972292982924,paolo-laptop,crate-container-cd
power_consumption,1704880967413000000,5.779565278207075,paolo-laptop,crate-container-cd
power_consumption,1704880968417000000,3.422887886182957,paolo-laptop,crate-container-cd
power_consumption,1704880969419000000,5.547037164306576,paolo-laptop,crate-container-cd
power_consumption,1704880970421000000,11.378041165277796,paolo-laptop,crate-container-cd
power_consumption,1704880971423000000,11.956095272674002,paolo-laptop,crate-container-cd
power_consumption,1704880972425000000,12.238552763584693,paolo-laptop,crate-container-cd
power_consumption,1704880973428000000,4.475526794077934,paolo-laptop,crate-container-cd
power_consumption,1704880974432000000,2.7224697485315437,paolo-laptop,crate-container-cd
power_consumption,1704880975435000000,2.536017595906225,paolo-laptop,crate-container-cd
power_consumption,1704880976439000000,8.794736425311592,paolo-laptop,crate-container-cd
power_consumption,1704880977441000000,3.255845487918734,paolo-laptop,crate-container-cd
power_consumption,1704880978445000000,4.784315328932264,paolo-laptop,crate-container-cd
power_consumption,1704880979447000000,3.186132942415517,paolo-laptop,crate-container-cd
power_consumption,1704880980449000000,3.124503544278571,paolo-laptop,crate-container-cd
power_consumption,1704880981452000000,1.792967806997031,paolo-laptop,crate-container-cd
power_consumption,1704880982454000000,7.517431773919993,paolo-laptop,crate-container-cd
power_consumption,1704880983456000000,9.800566532691466,paolo-laptop,crate-container-cd
power_consumption,1704880984457000000,6.175704260344468,paolo-laptop,crate-container-cd
power_consumption,1704880985459000000,1.520776198495184,paolo-laptop,crate-container-cd
power_consumption,1704880986461000000,8.947276845474555,paolo-laptop,crate-container-cd
power_consumption,1704880987465000000,2.147517077790765,paolo-laptop,crate-container-cd
power_consumption,1704880988467000000,8.056900685161827,paolo-laptop,crate-container-cd
power_consumption,1704880989469000000,3.6157023776952992,paolo-laptop,crate-container-cd
power_consumption,1704880990470000000,7.1140856900711995,paolo-laptop,crate-container-cd
power_consumption,1704880991472000000,9.38589880467932,paolo-laptop,crate-container-cd
power_consumption,1704880992474000000,7.134270523548375,paolo-laptop,crate-container-cd
power_consumption,1704880993475000000,4.893707619069955,paolo-laptop,crate-container-cd
power_consumption,1704880994476000000,1.7434472577840445,paolo-laptop,crate-container-cd
power_consumption,1704880995478000000,3.7815580298282168,paolo-laptop,crate-container-cd
power_consumption,1704880996483000000,2.3984586874090685,paolo-laptop,crate-container-cd
power_consumption,1704880997490000000,6.970946630043231,paolo-laptop,crate-container-cd
power_consumption,1704880998494000000,6.924249721827141,paolo-laptop,crate-container-cd
power_consumption,1704880999498000000,1.9359713143261723,paolo-laptop,crate-container-cd
power_consumption,1704881000500000000,8.608829006531876,paolo-laptop,crate-container-cd
power_consumption,1704881001502000000,11.469630250691495,paolo-laptop,crate-container-cd
power_consumption,1704881002506000000,0.4690057498739886,paolo-laptop,crate-container-cd
power_consumption,1704881003509000000,3.1135928723049435,paolo-laptop,crate-container-cd
power_consumption,1704881004511000000,8.469232924187523,paolo-laptop,crate-container-cd
power_consumption,1704881005514000000,1.8329760110009088,paolo-laptop,crate-container-cd
power_consumption,1704881006518000000,4.720457303801754,paolo-laptop,crate-container-cd
power_consumption,1704881007520000000,4.954744302002367,paolo-laptop,crate-container-cd
power_consumption,1704881008524000000,10.693753320827295,paolo-laptop,crate-container-cd
power_consumption,1704881009527000000,9.242546517393837,paolo-laptop,crate-container-cd
power_consumption,1704881010530000000,3.9746984461596524,paolo-laptop,crate-container-cd
power_consumption,1704881011531000000,5.441488739076864,paolo-laptop,crate-container-cd
power_consumption,1704881012536000000,0.6601057133531265,paolo-laptop,crate-container-cd
power_consumption,1704881013540000000,8.255433088156975,paolo-laptop,crate-container-cd
power_consumption,1704881014543000000,1.8780285493000841,paolo-laptop,crate-container-cd
power_consumption,1704881015545000000,1.4525845737866612,paolo-laptop,crate-container-cd
power_consumption,1704881016548000000,3.3014566795182834,paolo-laptop,crate-container-cd
power_consumption,1704881017549000000,6.477761630357325,paolo-laptop,crate-container-cd
power_consumption,1704881018551000000,1.8216220770785891,paolo-laptop,crate-container-cd
power_consumption,1704881019553000000,3.0125206323503835,paolo-laptop,crate-container-cd
power_consumption,1704881020555000000,9.983961949313457,paolo-laptop,crate-container-cd
power_consumption,1704881021556000000,7.06783388790439,paolo-laptop,crate-container-cd
power_consumption,1704881022560000000,0.7193961695828461,paolo-laptop,crate-container-cd
power_consumption,1704881023563000000,3.3926116904910955,paolo-laptop,crate-container-cd
power_consumption,1704881024567000000,1.4907999342344873,paolo-laptop,crate-container-cd
power_consumption,1704881025569000000,6.121137949850642,paolo-laptop,crate-container-cd
power_consumption,1704881026572000000,9.758738563057197,paolo-laptop,crate-container-cd
power_consumption,1704881028577000000,1.3978861146119255,paolo-laptop,crate-container-cd
power_consumption,1704881029578000000,9.179138521113972,paolo-laptop,crate-container-cd
power_consumption,1704881030581000000,1.223195637019587,paolo-laptop,crate-container-cd
power_consumption,1704881031584000000,9.629506028663199,paolo-laptop,crate-container-cd
power_consumption,1704881032586000000,2.0000981201649757,paolo-laptop,crate-container-cd
power_consumption,1704881033588000000,7.252542116073914,paolo-laptop,crate-container-cd
power_consumption,1704881034590000000,11.286164284080371,paolo-laptop,crate-container-cd
power_consumption,1704881035592000000,11.634831040929997,paolo-laptop,crate-container-cd
power_consumption,1704881036594000000,12.957665586910537,paolo-laptop,crate-container-cd
power_consumption,1704881037595000000,11.756512369794764,paolo-laptop,crate-container-cd
power_consumption,1704881038597000000,12.266148584731745,paolo-laptop,crate-container-cd
power_consumption,1704881039599000000,4.842941200330427,paolo-laptop,crate-container-cd
power_consumption,1704881040600000000,1.800504608429038,paolo-laptop,crate-container-cd
power_consumption,1704881041602000000,13.934645459123075,paolo-laptop,crate-container-cd
power_consumption,1704881042605000000,5.709104260620593,paolo-laptop,crate-container-cd
power_consumption,1704881043608000000,4.152185274743728,paolo-laptop,crate-container-cd
power_consumption,1704881044610000000,10.319028357129959,paolo-laptop,crate-container-cd
power_consumption,1704881046612000000,0.4437397239337106,paolo-laptop,crate-container-cd
power_consumption,1704881047614000000,0.26558869260528434,paolo-laptop,crate-container-cd
power_consumption,1704881048615000000,11.904879085736102,paolo-laptop,crate-container-cd
power_consumption,1704881049616000000,10.19393069682285,paolo-laptop,crate-container-cd
power_consumption,1704881050618000000,5.666133544452732,paolo-laptop,crate-container-cd
power_consumption,1704881051620000000,6.193840077016114,paolo-laptop,crate-container-cd
power_consumption,1704881053626000000,1.0232436616125165,paolo-laptop,crate-container-cd
power_consumption,1704881054628000000,6.993767046939524,paolo-laptop,crate-container-cd
power_consumption,1704881055632000000,8.468494805208218,paolo-laptop,crate-container-cd
power_consumption,1704881056634000000,4.367359245669819,paolo-laptop,crate-container-cd
power_consumption,1704881057636000000,5.529066985017782,paolo-laptop,crate-container-cd
power_consumption,1704881058637000000,2.9283054426494375,paolo-laptop,crate-container-cd
power_consumption,1704881059640000000,1.3514161271240464,paolo-laptop,crate-container-cd
power_consumption,1704881061648000000,0.5080203147747943,paolo-laptop,crate-container-cd
power_consumption,1704881062653000000,0.11886395049587214,paolo-laptop,crate-container-cd
power_consumption,1704881063655000000,0.7457690428626638,paolo-laptop,crate-container-cd
power_consumption,1704881064658000000,0.28114693946269276,paolo-laptop,crate-container-cd
power_consumption,1704881066666000000,0.4528866218330651,paolo-laptop,crate-container-cd
power_consumption,1704881067669000000,0.6306681600810238,paolo-laptop,crate-container-cd
power_consumption,1704881068673000000,0.3165733244035672,paolo-laptop,crate-container-cd
power_consumption,1704881069675000000,10.095576893855146,paolo-laptop,crate-container-cd
power_consumption,1704881070676000000,9.7999487887787,paolo-laptop,crate-container-cd
power_consumption,1704881071678000000,10.638313762062836,paolo-laptop,crate-container-cd
power_consumption,1704881072679000000,3.748308991259092,paolo-laptop,crate-container-cd
power_consumption,1704881073681000000,10.179180321287706,paolo-laptop,crate-container-cd
power_consumption,1704881074683000000,9.406199767503558,paolo-laptop,crate-container-cd
power_consumption,1704881075686000000,9.910343003549809,paolo-laptop,crate-container-cd
power_consumption,1704881076688000000,6.309251486493013,paolo-laptop,crate-container-cd
power_consumption,1704881077692000000,6.625943321204508,paolo-laptop,crate-container-cd
power_consumption,1704881078694000000,5.133070826314222,paolo-laptop,crate-container-cd
power_consumption,1704881079696000000,5.6709709336524305,paolo-laptop,crate-container-cd
power_consumption,1704881080700000000,6.570438185584485,paolo-laptop,crate-container-cd
power_consumption,1704881081704000000,2.4714373040228903,paolo-laptop,crate-container-cd
power_consumption,1704881083711000000,1.4728343801280235,paolo-laptop,crate-container-cd
power_consumption,1704881084713000000,3.8719051789740093,paolo-laptop,crate-container-cd
power_consumption,1704881085717000000,8.921867734459392,paolo-laptop,crate-container-cd
power_consumption,1704881086718000000,4.027227360086761,paolo-laptop,crate-container-cd
power_consumption,1704881087720000000,6.1652821346770414,paolo-laptop,crate-container-cd
power_consumption,1704881088721000000,11.044718700922612,paolo-laptop,crate-container-cd
power_consumption,1704881089723000000,7.019720800360295,paolo-laptop,crate-container-cd
power_consumption,1704881090725000000,10.656342490690209,paolo-laptop,crate-container-cd
power_consumption,1704881091727000000,9.70412021985945,paolo-laptop,crate-container-cd
power_consumption,1704881092728000000,12.505016539086466,paolo-laptop,crate-container-cd
power_consumption,1704881093730000000,13.131751996191415,paolo-laptop,crate-container-cd
power_consumption,1704881094732000000,11.103767837323666,paolo-laptop,crate-container-cd
power_consumption,1704881095733000000,11.459515273429655,paolo-laptop,crate-container-cd
power_consumption,1704881096735000000,11.218375946967006,paolo-laptop,crate-container-cd
power_consumption,1704881097747000000,9.413555193963866,paolo-laptop,crate-container-cd
power_consumption,1704881099756000000,1.058513484195605,paolo-laptop,crate-container-cd
power_consumption,1704881100759000000,3.110970239200117,paolo-laptop,crate-container-cd
power_consumption,1704881101761000000,2.6749732846189866,paolo-laptop,crate-container-cd
power_consumption,1704881102763000000,1.0054586835377213,paolo-laptop,crate-container-cd
power_consumption,1704881103766000000,3.4169830235394887,paolo-laptop,crate-container-cd
power_consumption,1704881104769000000,0.20872092674614287,paolo-laptop,crate-container-cd
power_consumption,1704881106775000000,0.09624355426247888,paolo-laptop,crate-container-cd
power_consumption,1704881107777000000,7.329658888419612,paolo-laptop,crate-container-cd
power_consumption,1704881108778000000,11.214473866983555,paolo-laptop,crate-container-cd
power_consumption,1704881109780000000,0.07441180452287356,paolo-laptop,crate-container-cd
power_consumption,1704881110781000000,3.681912494626502,paolo-laptop,crate-container-cd
power_consumption,1704881111783000000,14.139375796136292,paolo-laptop,crate-container-cd
power_consumption,1704881112785000000,2.5468769226272654,paolo-laptop,crate-container-cd
power_consumption,1704881113788000000,6.6652335486102,paolo-laptop,crate-container-cd
power_consumption,1704881114789000000,4.415587622604431,paolo-laptop,crate-container-cd
power_consumption,1704881115791000000,1.8153292554674048,paolo-laptop,crate-container-cd
power_consumption,1704881116793000000,11.453584201292182,paolo-laptop,crate-container-cd
power_consumption,1704881117795000000,0.49665523255552035,paolo-laptop,crate-container-cd
power_consumption,1704881118800000000,0.5580017871655656,paolo-laptop,crate-container-cd
power_consumption,1704881120807000000,4.44252589708667,paolo-laptop,crate-container-cd
power_consumption,1704881121811000000,3.183375900769599,paolo-laptop,crate-container-cd
power_consumption,1704881122813000000,4.00732812618321,paolo-laptop,crate-container-cd
power_consumption,1704881123814000000,1.4673991325761135,paolo-laptop,crate-container-cd
power_consumption,1704881124819000000,1.840931629295625,paolo-laptop,crate-container-cd
power_consumption,1704881125825000000,6.079825061750489,paolo-laptop,crate-container-cd
power_consumption,1704881126827000000,0.8631459897886098,paolo-laptop,crate-container-cd
power_consumption,1704881127829000000,4.693298666399379,paolo-laptop,crate-container-cd
power_consumption,1704881128831000000,9.86999166082186,paolo-laptop,crate-container-cd
power_consumption,1704881129835000000,2.1722572875212567,paolo-laptop,crate-container-cd
power_consumption,1704881130837000000,5.838448919442699,paolo-laptop,crate-container-cd
power_consumption,1704881131838000000,11.809303438479233,paolo-laptop,crate-container-cd
power_consumption,1704881132840000000,12.23323180476308,paolo-laptop,crate-container-cd
power_consumption,1704881133843000000,5.479727019972808,paolo-laptop,crate-container-cd
power_consumption,1704881134847000000,6.013513787450079,paolo-laptop,crate-container-cd
power_consumption,1704881135849000000,10.733960757536103,paolo-laptop,crate-container-cd
power_consumption,1704881136852000000,10.925880526152858,paolo-laptop,crate-container-cd
power_consumption,1704881137855000000,1.5909082470083455,paolo-laptop,crate-container-cd
power_consumption,1704881138859000000,0.8077758547092035,paolo-laptop,crate-container-cd
power_consumption,1704881139861000000,6.589228517319918,paolo-laptop,crate-container-cd
power_consumption,1704881140864000000,5.126656963293113,paolo-laptop,crate-container-cd
power_consumption,1704881141866000000,8.470300934969679,paolo-laptop,crate-container-cd
power_consumption,1704881142869000000,7.259255662486511,paolo-laptop,crate-container-cd
power_consumption,1704881143875000000,8.142474467635111,paolo-laptop,crate-container-cd
power_consumption,1704881144879000000,4.385216786721741,paolo-laptop,crate-container-cd
power_consumption,1704881145882000000,4.653108238435339,paolo-laptop,crate-container-cd
power_consumption,1704881146883000000,12.103284499123108,paolo-laptop,crate-container-cd
power_consumption,1704881147885000000,10.481652761483106,paolo-laptop,crate-container-cd
power_consumption,1704881148886000000,8.43187511418449,paolo-laptop,crate-container-cd
power_consumption,1704881149888000000,12.445522551279122,paolo-laptop,crate-container-cd
power_consumption,1704881150890000000,8.753567161262364,paolo-laptop,crate-container-cd
power_consumption,1704881151892000000,6.265903010330455,paolo-laptop,crate-container-cd
power_consumption,1704881152893000000,8.890546270560526,paolo-laptop,crate-container-cd
power_consumption,1704881153898000000,3.0369779121092786,paolo-laptop,crate-container-cd
power_consumption,1704881154901000000,6.060044162288294,paolo-laptop,crate-container-cd
power_consumption,1704881155905000000,11.803897630398566,paolo-laptop,crate-container-cd
power_consumption,1704881156906000000,11.114275938528548,paolo-laptop,crate-container-cd
power_consumption,1704881157909000000,5.353052541746088,paolo-laptop,crate-container-cd
power_consumption,1704881158915000000,7.914073373933396,paolo-laptop,crate-container-cd
power_consumption,1704881159918000000,7.923548918346084,paolo-laptop,crate-container-cd
power_consumption,1704881160920000000,12.562497828143174,paolo-laptop,crate-container-cd
power_consumption,1704881161922000000,9.869324290152646,paolo-laptop,crate-container-cd
power_consumption,1704881162924000000,7.129786277464122,paolo-laptop,crate-container-cd
power_consumption,1704881163925000000,10.890046866487591,paolo-laptop,crate-container-cd
power_consumption,1704881164927000000,6.538660575275378,paolo-laptop,crate-container-cd
power_consumption,1704881165929000000,12.006550886535862,paolo-laptop,crate-container-cd
power_consumption,1704881166931000000,7.098874569169229,paolo-laptop,crate-container-cd
power_consumption,1704881167932000000,11.06023492644109,paolo-laptop,crate-container-cd
power_consumption,1704881168935000000,5.744889537325923,paolo-laptop,crate-container-cd
power_consumption,1704881169937000000,9.324387178422425,paolo-laptop,crate-container-cd
power_consumption,1704881170939000000,8.926131117967593,paolo-laptop,crate-container-cd
power_consumption,1704881171940000000,1.5235965060501977,paolo-laptop,crate-container-cd
power_consumption,1704881172942000000,1.2730229490177067,paolo-laptop,crate-container-cd
power_consumption,1704881173943000000,1.2949537181758148,paolo-laptop,crate-container-cd
power_consumption,1704881175948000000,2.341834367197517,paolo-laptop,crate-container-cd
power_consumption,1704881177955000000,11.015160698953952,paolo-laptop,crate-container-cd
power_consumption,1704881178959000000,3.611036740075697,paolo-laptop,crate-container-cd
power_consumption,1704881179961000000,6.989773418340364,paolo-laptop,crate-container-cd
power_consumption,1704881180963000000,11.555480000842218,paolo-laptop,crate-container-cd
power_consumption,1704881181965000000,9.85885025717829,paolo-laptop,crate-container-cd
power_consumption,1704881182966000000,5.903088745911646,paolo-laptop,crate-container-cd
power_consumption,1704881183969000000,4.417755048988134,paolo-laptop,crate-container-cd
power_consumption,1704881184970000000,3.1036668064182793,paolo-laptop,crate-container-cd
power_consumption,1704881185972000000,6.4546374527417765,paolo-laptop,crate-container-cd
power_consumption,1704881186974000000,9.998127958294791,paolo-laptop,crate-container-cd
power_consumption,1704881187976000000,9.791285200396437,paolo-laptop,crate-container-cd
power_consumption,1704881188978000000,5.927623471132236,paolo-laptop,crate-container-cd
power_consumption,1704881189982000000,0.8307403164609267,paolo-laptop,crate-container-cd
power_consumption,1704881190983000000,9.73507991398548,paolo-laptop,crate-container-cd
power_consumption,1704881191985000000,10.161051297375975,paolo-laptop,crate-container-cd
power_consumption,1704881192987000000,9.17719154674648,paolo-laptop,crate-container-cd
power_consumption,1704881193991000000,5.732072472368474,paolo-laptop,crate-container-cd
power_consumption,1704881194995000000,2.787560256734194,paolo-laptop,crate-container-cd
power_consumption,1704881195997000000,8.5551957815672,paolo-laptop,crate-container-cd
power_consumption,1704881197001000000,9.969513989541944,paolo-laptop,crate-container-cd
power_consumption,1704881198004000000,1.8126284399295507,paolo-laptop,crate-container-cd
power_consumption,1704881199005000000,10.572111942671286,paolo-laptop,crate-container-cd
power_consumption,1704881200007000000,12.344196574377085,paolo-laptop,crate-container-cd
power_consumption,1704881201009000000,3.3497299916663437,paolo-laptop,crate-container-cd
power_consumption,1704881202010000000,4.61635743565867,paolo-laptop,crate-container-cd
