name,time,power,sensor,target
power_consumption,1704871336773000000,0.05452642449370414,paolo-laptop,mongo_source
power_consumption,1704871337774000000,0.05341756699160022,paolo-laptop,mongo_source
power_consumption,1704871338776000000,0.11081017962277984,paolo-laptop,mongo_source
power_consumption,1704871339777000000,0.06665449829906571,paolo-laptop,mongo_source
power_consumption,1704871341781000000,0.04633174054953623,paolo-laptop,mongo_source
power_consumption,1704871342783000000,0.04274748236945095,paolo-laptop,mongo_source
power_consumption,1704871343784000000,0.043964532709841866,paolo-laptop,mongo_source
power_consumption,1704871344786000000,0.04057490484036511,paolo-laptop,mongo_source
power_consumption,1704871345787000000,0.03613460770476892,paolo-laptop,mongo_source
power_consumption,1704871346788000000,0.03595742668965809,paolo-laptop,mongo_source
power_consumption,1704871347790000000,0.042280153706952324,paolo-laptop,mongo_source
power_consumption,1704871348796000000,0.08809818160056551,paolo-laptop,mongo_source
power_consumption,1704871349797000000,0.03808941916083375,paolo-laptop,mongo_source
power_consumption,1704871350799000000,0.05750900280409679,paolo-laptop,mongo_source
power_consumption,1704871352802000000,0.037105901269457724,paolo-laptop,mongo_source
power_consumption,1704871353803000000,0.033253347023088436,paolo-laptop,mongo_source
power_consumption,1704871354805000000,0.03638848570913436,paolo-laptop,mongo_source
power_consumption,1704871355806000000,0.030302155061975526,paolo-laptop,mongo_source
power_consumption,1704871356807000000,0.028333519670451033,paolo-laptop,mongo_source
power_consumption,1704871357808000000,0.028832941791740018,paolo-laptop,mongo_source
power_consumption,1704871359811000000,0.028792067930237697,paolo-laptop,mongo_source
power_consumption,1704871360814000000,0.03052806145153052,paolo-laptop,mongo_source
power_consumption,1704871361817000000,0.02875079341954221,paolo-laptop,mongo_source
power_consumption,1704871364822000000,0.028548366163652375,paolo-laptop,mongo_source
power_consumption,1704871365823000000,0.02914294172518729,paolo-laptop,mongo_source
power_consumption,1704871366824000000,0.028033714700620563,paolo-laptop,mongo_source
power_consumption,1704871367826000000,0.028827366760360337,paolo-laptop,mongo_source
power_consumption,1704871372833000000,0.028615718423766437,paolo-laptop,mongo_source
power_consumption,1704871374836000000,0.029040319182074156,paolo-laptop,mongo_source
power_consumption,1704871375841000000,0.030067116505072267,paolo-laptop,mongo_source
power_consumption,1704871377847000000,0.029775380581678133,paolo-laptop,mongo_source
power_consumption,1704871379850000000,0.018549104650397167,paolo-laptop,mongo_source
power_consumption,1704871380851000000,0.039252110606985025,paolo-laptop,mongo_source
power_consumption,1704871381853000000,0.043415758477822815,paolo-laptop,mongo_source
power_consumption,1704871382854000000,0.017645244567242598,paolo-laptop,mongo_source
power_consumption,1704871383855000000,0.02670459919647624,paolo-laptop,mongo_source
power_consumption,1704871384857000000,0.027241035073486686,paolo-laptop,mongo_source
power_consumption,1704871385858000000,0.02714389295692283,paolo-laptop,mongo_source
power_consumption,1704871386860000000,0.018113448935668908,paolo-laptop,mongo_source
power_consumption,1704871387862000000,0.026998717927005835,paolo-laptop,mongo_source
power_consumption,1704871388864000000,0.06839697706081205,paolo-laptop,mongo_source
power_consumption,1704871390867000000,0.030646832416416168,paolo-laptop,mongo_source
power_consumption,1704871391869000000,0.02960908187792681,paolo-laptop,mongo_source
power_consumption,1704871392871000000,0.029929392470931397,paolo-laptop,mongo_source
power_consumption,1704871395878000000,0.08926642980753995,paolo-laptop,mongo_source
power_consumption,1704871396880000000,0.030293396208023966,paolo-laptop,mongo_source
power_consumption,1704871397883000000,0.04959382272908911,paolo-laptop,mongo_source
power_consumption,1704871398890000000,0.07620802604904411,paolo-laptop,mongo_source
power_consumption,1704871399891000000,0.038537081651954144,paolo-laptop,mongo_source
power_consumption,1704871400893000000,0.031556963939860544,paolo-laptop,mongo_source
power_consumption,1704871401894000000,0.029220282247667373,paolo-laptop,mongo_source
power_consumption,1704871402896000000,0.030095969790429975,paolo-laptop,mongo_source
power_consumption,1704871403898000000,0.029039848021616695,paolo-laptop,mongo_source
power_consumption,1704871404899000000,0.09165099374370357,paolo-laptop,mongo_source
power_consumption,1704871405902000000,0.10346556218266185,paolo-laptop,mongo_source
power_consumption,1704871406904000000,0.09834545313433554,paolo-laptop,mongo_source
power_consumption,1704871407909000000,0.10534794081041242,paolo-laptop,mongo_source
power_consumption,1704871408912000000,0.09085822651026465,paolo-laptop,mongo_source
power_consumption,1704871409913000000,0.056688455348712155,paolo-laptop,mongo_source
power_consumption,1704871410915000000,0.030314890279968004,paolo-laptop,mongo_source
power_consumption,1704871411918000000,0.055201504334032925,paolo-laptop,mongo_source
power_consumption,1704871412923000000,0.05069849993418085,paolo-laptop,mongo_source
power_consumption,1704871413930000000,0.04934703119766238,paolo-laptop,mongo_source
power_consumption,1704871414932000000,0.05021571976479133,paolo-laptop,mongo_source
power_consumption,1704871415934000000,0.053472244069428715,paolo-laptop,mongo_source
power_consumption,1704871416937000000,0.052185427852626455,paolo-laptop,mongo_source
power_consumption,1704871417942000000,0.05208066376535103,paolo-laptop,mongo_source
power_consumption,1704871418944000000,0.07632998064804268,paolo-laptop,mongo_source
power_consumption,1704871419945000000,0.060266092255968434,paolo-laptop,mongo_source
power_consumption,1704871420947000000,0.059866511281163104,paolo-laptop,mongo_source
power_consumption,1704871421949000000,0.05680774667163989,paolo-laptop,mongo_source
power_consumption,1704871422951000000,0.1273848956761766,paolo-laptop,mongo_source
power_consumption,1704871423953000000,0.06021840030637096,paolo-laptop,mongo_source
power_consumption,1704871424957000000,0.058681921605863135,paolo-laptop,mongo_source
power_consumption,1704871425959000000,0.057739363395372084,paolo-laptop,mongo_source
power_consumption,1704871426961000000,0.05452729185103456,paolo-laptop,mongo_source
power_consumption,1704871427963000000,0.059691993565693297,paolo-laptop,mongo_source
power_consumption,1704871428965000000,0.10058629970227947,paolo-laptop,mongo_source
power_consumption,1704871429971000000,0.030334849613388122,paolo-laptop,mongo_source
power_consumption,1704871430973000000,0.030217078552046743,paolo-laptop,mongo_source
power_consumption,1704871431975000000,0.05486468191210249,paolo-laptop,mongo_source
power_consumption,1704871432977000000,0.029945583484321872,paolo-laptop,mongo_source
power_consumption,1704871433980000000,0.05802429693489036,paolo-laptop,mongo_source
power_consumption,1704871434981000000,0.054039734829694264,paolo-laptop,mongo_source
power_consumption,1704871435983000000,0.0614324870883369,paolo-laptop,mongo_source
power_consumption,1704871436985000000,0.057530510572069565,paolo-laptop,mongo_source
power_consumption,1704871437987000000,0.03090517455411075,paolo-laptop,mongo_source
power_consumption,1704871438989000000,0.08057421424091961,paolo-laptop,mongo_source
power_consumption,1704871439991000000,0.030954172443976767,paolo-laptop,mongo_source
power_consumption,1704871440993000000,0.028609654377218983,paolo-laptop,mongo_source
power_consumption,1704871441995000000,0.057626528009437114,paolo-laptop,mongo_source
power_consumption,1704871442996000000,0.05685956235233068,paolo-laptop,mongo_source
power_consumption,1704871443999000000,0.056033053400633415,paolo-laptop,mongo_source
power_consumption,1704871445001000000,0.06489806444855661,paolo-laptop,mongo_source
power_consumption,1704871446003000000,0.06254451323928195,paolo-laptop,mongo_source
power_consumption,1704871447005000000,0.05809799240450275,paolo-laptop,mongo_source
power_consumption,1704871448007000000,0.06384571740816306,paolo-laptop,mongo_source
power_consumption,1704871449009000000,0.0644505780272488,paolo-laptop,mongo_source
power_consumption,1704871450011000000,0.06279941909874359,paolo-laptop,mongo_source
power_consumption,1704871451014000000,0.06420145297487845,paolo-laptop,mongo_source
power_consumption,1704871452017000000,0.055685107483778716,paolo-laptop,mongo_source
power_consumption,1704871453018000000,0.05789927953488104,paolo-laptop,mongo_source
power_consumption,1704871454020000000,0.05870822670496173,paolo-laptop,mongo_source
power_consumption,1704871455022000000,0.05660983220693751,paolo-laptop,mongo_source
power_consumption,1704871456024000000,0.05952183042998939,paolo-laptop,mongo_source
power_consumption,1704871457027000000,0.05518080196004414,paolo-laptop,mongo_source
power_consumption,1704871458029000000,0.1167343687874913,paolo-laptop,mongo_source
power_consumption,1704871459032000000,0.058514304604498774,paolo-laptop,mongo_source
power_consumption,1704871460034000000,0.07559233039801,paolo-laptop,mongo_source
power_consumption,1704871461036000000,0.06000799908085346,paolo-laptop,mongo_source
power_consumption,1704871462038000000,0.04914292890528503,paolo-laptop,mongo_source
power_consumption,1704871463041000000,0.05600436404115118,paolo-laptop,mongo_source
power_consumption,1704871464042000000,0.057693773338325455,paolo-laptop,mongo_source
power_consumption,1704871465043000000,0.05039958556286903,paolo-laptop,mongo_source
power_consumption,1704871466045000000,0.06045213050614625,paolo-laptop,mongo_source
power_consumption,1704871467047000000,0.05559012380580979,paolo-laptop,mongo_source
power_consumption,1704871468049000000,0.1206442168949668,paolo-laptop,mongo_source
power_consumption,1704871469050000000,0.054974926139559954,paolo-laptop,mongo_source
power_consumption,1704871470052000000,0.06451818126592325,paolo-laptop,mongo_source
power_consumption,1704871471055000000,0.018462292089361548,paolo-laptop,mongo_source
power_consumption,1704871472056000000,0.01826331769946791,paolo-laptop,mongo_source
power_consumption,1704871473058000000,0.06035281662089212,paolo-laptop,mongo_source
power_consumption,1704871474060000000,0.051461935863469574,paolo-laptop,mongo_source
power_consumption,1704871475063000000,0.04377166805979498,paolo-laptop,mongo_source
power_consumption,1704871476065000000,0.044229205306042754,paolo-laptop,mongo_source
power_consumption,1704871477067000000,0.05655377654589669,paolo-laptop,mongo_source
power_consumption,1704871478069000000,0.10393306162130095,paolo-laptop,mongo_source
power_consumption,1704871479071000000,0.053655662267303214,paolo-laptop,mongo_source
power_consumption,1704871480073000000,0.04548475877484642,paolo-laptop,mongo_source
power_consumption,1704871481075000000,0.048913776686054906,paolo-laptop,mongo_source
power_consumption,1704871482077000000,0.05758407640239452,paolo-laptop,mongo_source
power_consumption,1704871483079000000,0.04557935522308629,paolo-laptop,mongo_source
power_consumption,1704871484081000000,0.05505842681358149,paolo-laptop,mongo_source
power_consumption,1704871485083000000,0.04471003912042014,paolo-laptop,mongo_source
power_consumption,1704871486085000000,0.05607920275887737,paolo-laptop,mongo_source
power_consumption,1704871487087000000,0.05837383053998061,paolo-laptop,mongo_source
power_consumption,1704871488090000000,0.11048310707851476,paolo-laptop,mongo_source
power_consumption,1704871489092000000,0.05675737180688724,paolo-laptop,mongo_source
power_consumption,1704871493109000000,0.06268069685348995,paolo-laptop,mongo_source
power_consumption,1704871495114000000,0.06333388968340614,paolo-laptop,mongo_source
power_consumption,1704871496118000000,0.06302925217642404,paolo-laptop,mongo_source
power_consumption,1704871497121000000,0.059352325420533814,paolo-laptop,mongo_source
power_consumption,1704871498124000000,0.1114008543038685,paolo-laptop,mongo_source
power_consumption,1704871499126000000,0.057820486558730545,paolo-laptop,mongo_source
power_consumption,1704871500127000000,0.06292362362126559,paolo-laptop,mongo_source
power_consumption,1704871501132000000,0.05494325063277633,paolo-laptop,mongo_source
power_consumption,1704871502134000000,0.057892413615518,paolo-laptop,mongo_source
power_consumption,1704871503136000000,0.058627350032546766,paolo-laptop,mongo_source
power_consumption,1704871504138000000,0.06435690975270744,paolo-laptop,mongo_source
power_consumption,1704871505148000000,0.05668580247576102,paolo-laptop,mongo_source
power_consumption,1704871506153000000,0.058164331278284034,paolo-laptop,mongo_source
power_consumption,1704871507156000000,0.058737002620935216,paolo-laptop,mongo_source
power_consumption,1704871508158000000,0.1119106313869375,paolo-laptop,mongo_source
power_consumption,1704871509160000000,0.058330863774885694,paolo-laptop,mongo_source
power_consumption,1704871511164000000,0.05725662562406421,paolo-laptop,mongo_source
power_consumption,1704871512167000000,0.05664602756951022,paolo-laptop,mongo_source
power_consumption,1704871513169000000,0.05799625651832546,paolo-laptop,mongo_source
power_consumption,1704871518181000000,0.12744829010852166,paolo-laptop,mongo_source
power_consumption,1704871519183000000,0.071050067007432,paolo-laptop,mongo_source
power_consumption,1704871520185000000,0.06452814228142283,paolo-laptop,mongo_source
power_consumption,1704871521188000000,0.05819550231878826,paolo-laptop,mongo_source
power_consumption,1704871522193000000,0.05499932905661968,paolo-laptop,mongo_source
power_consumption,1704871523197000000,0.0594036650911771,paolo-laptop,mongo_source
power_consumption,1704871527203000000,0.03746321913725016,paolo-laptop,mongo_source
power_consumption,1704871530222000000,0.03934813026039716,paolo-laptop,mongo_source
power_consumption,1704871531227000000,0.045543247014212376,paolo-laptop,mongo_source
power_consumption,1704871539245000000,0.03695477676407828,paolo-laptop,mongo_source
power_consumption,1704871540247000000,0.03819521041204299,paolo-laptop,mongo_source
power_consumption,1704871541249000000,0.03736474678445871,paolo-laptop,mongo_source
power_consumption,1704871542251000000,0.03505816692426611,paolo-laptop,mongo_source
power_consumption,1704871543253000000,0.034213626260675686,paolo-laptop,mongo_source
power_consumption,1704871544255000000,0.0399058484063963,paolo-laptop,mongo_source
power_consumption,1704871545264000000,0.03344850523531302,paolo-laptop,mongo_source
power_consumption,1704871546267000000,0.03631816173383637,paolo-laptop,mongo_source
power_consumption,1704871547271000000,0.035647802427818995,paolo-laptop,mongo_source
power_consumption,1704871548273000000,0.10257877363606781,paolo-laptop,mongo_source
power_consumption,1704871549277000000,0.033901842495234494,paolo-laptop,mongo_source
power_consumption,1704871550279000000,0.0758130456809828,paolo-laptop,mongo_source
power_consumption,1704871551281000000,0.03479848663328694,paolo-laptop,mongo_source
power_consumption,1704871552283000000,0.03667429542411915,paolo-laptop,mongo_source
power_consumption,1704871553286000000,0.03527788417554134,paolo-laptop,mongo_source
power_consumption,1704871554288000000,0.03821205009880222,paolo-laptop,mongo_source
power_consumption,1704871555290000000,0.036988284430721954,paolo-laptop,mongo_source
power_consumption,1704871556292000000,0.03399191842114643,paolo-laptop,mongo_source
power_consumption,1704871557294000000,0.03684319441011055,paolo-laptop,mongo_source
power_consumption,1704871558297000000,0.11109137435845103,paolo-laptop,mongo_source
power_consumption,1704871559303000000,0.03553022434707683,paolo-laptop,mongo_source
power_consumption,1704871560309000000,0.03598609890977299,paolo-laptop,mongo_source
power_consumption,1704871561312000000,0.03818918858126519,paolo-laptop,mongo_source
power_consumption,1704871562318000000,0.03662369856231849,paolo-laptop,mongo_source
power_consumption,1704871563325000000,0.03584132567189105,paolo-laptop,mongo_source
power_consumption,1704871564327000000,0.03636793442034847,paolo-laptop,mongo_source
power_consumption,1704871565331000000,0.04119479442965277,paolo-laptop,mongo_source
power_consumption,1704871566333000000,0.03696206848172711,paolo-laptop,mongo_source
power_consumption,1704871570347000000,0.037880062886852084,paolo-laptop,mongo_source
power_consumption,1704871571350000000,0.04544425138595211,paolo-laptop,mongo_source
power_consumption,1704871574357000000,0.03965445904071302,paolo-laptop,mongo_source
power_consumption,1704871575359000000,0.03905500632148449,paolo-laptop,mongo_source
power_consumption,1704871576363000000,0.04520449770440069,paolo-laptop,mongo_source
power_consumption,1704871578366000000,0.05591585532876463,paolo-laptop,mongo_source
power_consumption,1704871580376000000,0.02824047134108264,paolo-laptop,mongo_source
power_consumption,1704871582379000000,0.040919174528459085,paolo-laptop,mongo_source
power_consumption,1704871586386000000,0.03994815945269376,paolo-laptop,mongo_source
power_consumption,1704871587389000000,0.03853403120875182,paolo-laptop,mongo_source
power_consumption,1704871588390000000,0.06326644686731349,paolo-laptop,mongo_source
power_consumption,1704871589392000000,0.04068309533089985,paolo-laptop,mongo_source
power_consumption,1704871590394000000,0.04105960058459034,paolo-laptop,mongo_source
power_consumption,1704871591396000000,0.04069979717412858,paolo-laptop,mongo_source
power_consumption,1704871592398000000,0.039312283458731,paolo-laptop,mongo_source
power_consumption,1704871593400000000,0.03770420729871218,paolo-laptop,mongo_source
power_consumption,1704871594402000000,0.04267553845467583,paolo-laptop,mongo_source
power_consumption,1704871595404000000,0.039934843904199636,paolo-laptop,mongo_source
power_consumption,1704871596407000000,0.040850050111617284,paolo-laptop,mongo_source
power_consumption,1704871597410000000,0.040316391756961875,paolo-laptop,mongo_source
power_consumption,1704871598412000000,0.10200922979089172,paolo-laptop,mongo_source
power_consumption,1704871599414000000,0.03873098979106183,paolo-laptop,mongo_source
power_consumption,1704871600417000000,0.07230516031908904,paolo-laptop,mongo_source
power_consumption,1704871601419000000,0.0381619033260064,paolo-laptop,mongo_source
power_consumption,1704871602421000000,0.04007250728383012,paolo-laptop,mongo_source
power_consumption,1704871607436000000,0.043431923773973424,paolo-laptop,mongo_source
power_consumption,1704871611446000000,0.04038716070371657,paolo-laptop,mongo_source
power_consumption,1704871612448000000,0.03911521278043567,paolo-laptop,mongo_source
power_consumption,1704871613452000000,0.04392751472886257,paolo-laptop,mongo_source
power_consumption,1704871616457000000,0.04409046337349347,paolo-laptop,mongo_source
power_consumption,1704871617459000000,0.04176792892498061,paolo-laptop,mongo_source
power_consumption,1704871620469000000,0.0236787503920717,paolo-laptop,mongo_source
power_consumption,1704871621470000000,0.03952898383701553,paolo-laptop,mongo_source
power_consumption,1704871622473000000,0.03911063395371002,paolo-laptop,mongo_source
power_consumption,1704871623475000000,0.038520265770697545,paolo-laptop,mongo_source
power_consumption,1704871624477000000,0.04113745423327107,paolo-laptop,mongo_source
power_consumption,1704871625479000000,0.039912705714027906,paolo-laptop,mongo_source
power_consumption,1704871626482000000,0.023688726311986586,paolo-laptop,mongo_source
power_consumption,1704871631493000000,0.023330452608023862,paolo-laptop,mongo_source
power_consumption,1704871632496000000,0.04191532176120552,paolo-laptop,mongo_source
power_consumption,1704871634500000000,0.03947908721315844,paolo-laptop,mongo_source
power_consumption,1704871635504000000,0.02333712356235399,paolo-laptop,mongo_source
power_consumption,1704871638513000000,0.09258078309671805,paolo-laptop,mongo_source
power_consumption,1704871641519000000,0.04128392316680026,paolo-laptop,mongo_source
power_consumption,1704871642522000000,0.03960810876023571,paolo-laptop,mongo_source
power_consumption,1704871643524000000,0.040460093920993936,paolo-laptop,mongo_source
power_consumption,1704871644526000000,0.043170106062207475,paolo-laptop,mongo_source
power_consumption,1704871645528000000,0.04163830998024044,paolo-laptop,mongo_source
power_consumption,1704871646530000000,0.03931453844909244,paolo-laptop,mongo_source
power_consumption,1704871647532000000,0.045168268234245995,paolo-laptop,mongo_source
power_consumption,1704871648536000000,0.07927381132919395,paolo-laptop,mongo_source
power_consumption,1704871659573000000,0.045211231404425734,paolo-laptop,mongo_source
power_consumption,1704871660575000000,0.04305817341760944,paolo-laptop,mongo_source
power_consumption,1704871661577000000,0.04104867046158607,paolo-laptop,mongo_source
power_consumption,1704871662579000000,0.04242407910542802,paolo-laptop,mongo_source
power_consumption,1704871663581000000,0.04284548611358753,paolo-laptop,mongo_source
power_consumption,1704871664583000000,0.03864829152647705,paolo-laptop,mongo_source
power_consumption,1704871665585000000,0.04202225235109066,paolo-laptop,mongo_source
power_consumption,1704871666588000000,0.03970436828150356,paolo-laptop,mongo_source
power_consumption,1704871667590000000,0.041055049082513284,paolo-laptop,mongo_source
power_consumption,1704871668592000000,0.08191441431906674,paolo-laptop,mongo_source
power_consumption,1704871669594000000,0.04064965207835977,paolo-laptop,mongo_source
power_consumption,1704871670596000000,0.0387745409781364,paolo-laptop,mongo_source
power_consumption,1704871671599000000,0.0415181349590739,paolo-laptop,mongo_source
power_consumption,1704871672601000000,0.03893042810372564,paolo-laptop,mongo_source
power_consumption,1704871673603000000,0.04022382062225165,paolo-laptop,mongo_source
power_consumption,1704871674605000000,0.04097801096903987,paolo-laptop,mongo_source
power_consumption,1704871675607000000,0.039554790892743455,paolo-laptop,mongo_source
power_consumption,1704871676609000000,0.04139306987569842,paolo-laptop,mongo_source
power_consumption,1704871677612000000,0.041073467237011496,paolo-laptop,mongo_source
power_consumption,1704871678614000000,0.07758791596514852,paolo-laptop,mongo_source
power_consumption,1704871679617000000,0.044338509525283606,paolo-laptop,mongo_source
power_consumption,1704871680619000000,0.0406087774955151,paolo-laptop,mongo_source
power_consumption,1704871681621000000,0.039742132792173784,paolo-laptop,mongo_source
power_consumption,1704871682623000000,0.03925691829422033,paolo-laptop,mongo_source
power_consumption,1704871683625000000,0.045632540449231235,paolo-laptop,mongo_source
power_consumption,1704871684630000000,0.02373887138884188,paolo-laptop,mongo_source
power_consumption,1704871685637000000,0.038776556627897904,paolo-laptop,mongo_source
power_consumption,1704871687640000000,0.02213827144487579,paolo-laptop,mongo_source
power_consumption,1704871688642000000,0.0781433826825832,paolo-laptop,mongo_source
power_consumption,1704871689645000000,0.046847377875340615,paolo-laptop,mongo_source
power_consumption,1704871690647000000,0.023488814418971864,paolo-laptop,mongo_source
power_consumption,1704871691648000000,0.022694233607613933,paolo-laptop,mongo_source
power_consumption,1704871692650000000,0.04453191895872563,paolo-laptop,mongo_source
power_consumption,1704871693652000000,0.042301559545073725,paolo-laptop,mongo_source
power_consumption,1704871694654000000,0.03957403160327162,paolo-laptop,mongo_source
power_consumption,1704871695656000000,0.04136550431079729,paolo-laptop,mongo_source
power_consumption,1704871696658000000,0.038935317528223726,paolo-laptop,mongo_source
power_consumption,1704871697660000000,0.04206598816546398,paolo-laptop,mongo_source
power_consumption,1704871698662000000,0.0992253299915936,paolo-laptop,mongo_source
power_consumption,1704871699665000000,0.05958695358056686,paolo-laptop,mongo_source
power_consumption,1704871700667000000,0.06496542177043305,paolo-laptop,mongo_source
power_consumption,1704871701669000000,0.046563422132013484,paolo-laptop,mongo_source
power_consumption,1704871702671000000,0.04231633601015193,paolo-laptop,mongo_source
power_consumption,1704871703673000000,0.07483032638537371,paolo-laptop,mongo_source
power_consumption,1704871704675000000,0.0391056713470896,paolo-laptop,mongo_source
power_consumption,1704871705677000000,0.07244590229207604,paolo-laptop,mongo_source
power_consumption,1704871706678000000,0.0460207218583142,paolo-laptop,mongo_source
power_consumption,1704871707682000000,0.060853392892045235,paolo-laptop,mongo_source
power_consumption,1704871712703000000,0.04060675954898148,paolo-laptop,mongo_source
power_consumption,1704871714714000000,0.04136985832364692,paolo-laptop,mongo_source
power_consumption,1704871721736000000,0.037493110359709286,paolo-laptop,mongo_source
power_consumption,1704871734778000000,0.03812754129899597,paolo-laptop,mongo_source
power_consumption,1704871735782000000,0.034096967399211364,paolo-laptop,mongo_source
power_consumption,1704871738790000000,0.1149699538865023,paolo-laptop,mongo_source
power_consumption,1704871741796000000,0.023353065248692573,paolo-laptop,mongo_source
power_consumption,1704871742799000000,0.07979720505328773,paolo-laptop,mongo_source
power_consumption,1704871744809000000,0.036699060244498934,paolo-laptop,mongo_source
power_consumption,1704871747820000000,0.027566965904889187,paolo-laptop,mongo_source
power_consumption,1704871749824000000,0.03553426288874979,paolo-laptop,mongo_source
power_consumption,1704871751832000000,0.039192440867159006,paolo-laptop,mongo_source
power_consumption,1704871752834000000,0.0434197098046757,paolo-laptop,mongo_source
power_consumption,1704871753835000000,0.04207636925244781,paolo-laptop,mongo_source
power_consumption,1704871754838000000,0.04509780038447561,paolo-laptop,mongo_source
power_consumption,1704871755840000000,0.048788774402233066,paolo-laptop,mongo_source
power_consumption,1704871756843000000,0.0466285528694249,paolo-laptop,mongo_source
power_consumption,1704871757845000000,0.05370509011547599,paolo-laptop,mongo_source
power_consumption,1704871758847000000,0.1178941661385087,paolo-laptop,mongo_source
power_consumption,1704871759849000000,0.07287181914959756,paolo-laptop,mongo_source
power_consumption,1704871760851000000,0.05444650601403828,paolo-laptop,mongo_source
power_consumption,1704871761853000000,0.0538788525916213,paolo-laptop,mongo_source
power_consumption,1704871762855000000,0.05126042788943731,paolo-laptop,mongo_source
power_consumption,1704871763857000000,0.04409523842727323,paolo-laptop,mongo_source
power_consumption,1704871764859000000,0.04115597156121986,paolo-laptop,mongo_source
power_consumption,1704871765861000000,0.0231580427839193,paolo-laptop,mongo_source
power_consumption,1704871767864000000,0.02307457852836185,paolo-laptop,mongo_source
power_consumption,1704871768866000000,0.09266493140279235,paolo-laptop,mongo_source
power_consumption,1704871770872000000,0.09002109509147957,paolo-laptop,mongo_source
power_consumption,1704871771873000000,0.0358363359008782,paolo-laptop,mongo_source
power_consumption,1704871773878000000,0.04839059891703611,paolo-laptop,mongo_source
power_consumption,1704871774880000000,0.040724154688979095,paolo-laptop,mongo_source
power_consumption,1704871775882000000,0.037849392840919927,paolo-laptop,mongo_source
power_consumption,1704871776884000000,0.03753619148671623,paolo-laptop,mongo_source
power_consumption,1704871777886000000,0.03799722109155429,paolo-laptop,mongo_source
power_consumption,1704871778891000000,0.12684881114573562,paolo-laptop,mongo_source
power_consumption,1704871779896000000,0.026081105558964233,paolo-laptop,mongo_source
power_consumption,1704871781906000000,0.03772930571478612,paolo-laptop,mongo_source
power_consumption,1704871783919000000,0.13399199718556032,paolo-laptop,mongo_source
power_consumption,1704871788936000000,0.1206366721944532,paolo-laptop,mongo_source
power_consumption,1704871789939000000,0.03373631432982388,paolo-laptop,mongo_source
power_consumption,1704871791945000000,0.10735457934265306,paolo-laptop,mongo_source
power_consumption,1704871792947000000,0.03866004043280287,paolo-laptop,mongo_source
power_consumption,1704871793949000000,0.023807494879903253,paolo-laptop,mongo_source
power_consumption,1704871794953000000,0.07067512208631963,paolo-laptop,mongo_source
power_consumption,1704871796961000000,0.027185063125541593,paolo-laptop,mongo_source
power_consumption,1704871798970000000,0.11216531199283386,paolo-laptop,mongo_source
power_consumption,1704871799972000000,0.04046497761781608,paolo-laptop,mongo_source
power_consumption,1704871800975000000,0.043863947432228864,paolo-laptop,mongo_source
power_consumption,1704871801977000000,0.11223961555020949,paolo-laptop,mongo_source
power_consumption,1704871802979000000,0.06665530285075515,paolo-laptop,mongo_source
power_consumption,1704871803981000000,0.042477987199921005,paolo-laptop,mongo_source
power_consumption,1704871805987000000,0.022833733808728753,paolo-laptop,mongo_source
power_consumption,1704871806989000000,0.023058926515582036,paolo-laptop,mongo_source
power_consumption,1704871807991000000,0.03384699572857238,paolo-laptop,mongo_source
power_consumption,1704871808992000000,0.10071307858181394,paolo-laptop,mongo_source
power_consumption,1704871809995000000,0.032564286752202354,paolo-laptop,mongo_source
power_consumption,1704871810999000000,0.0347182229731114,paolo-laptop,mongo_source
power_consumption,1704871812001000000,0.07677334845944042,paolo-laptop,mongo_source
power_consumption,1704871813003000000,0.05833589701121576,paolo-laptop,mongo_source
power_consumption,1704871814008000000,0.09379913063127135,paolo-laptop,mongo_source
power_consumption,1704871815010000000,0.04089224380881723,paolo-laptop,mongo_source
power_consumption,1704871816013000000,0.05372234427721931,paolo-laptop,mongo_source
power_consumption,1704871817018000000,0.022608751196557357,paolo-laptop,mongo_source
power_consumption,1704871818026000000,0.11298250696566084,paolo-laptop,mongo_source
power_consumption,1704871819027000000,0.046467275614156894,paolo-laptop,mongo_source
power_consumption,1704871821033000000,0.027288988733473022,paolo-laptop,mongo_source
power_consumption,1704871822035000000,0.04251697669508736,paolo-laptop,mongo_source
power_consumption,1704871823040000000,0.04521651311933227,paolo-laptop,mongo_source
power_consumption,1704871824043000000,0.026558058912973248,paolo-laptop,mongo_source
power_consumption,1704871825045000000,0.028339219758572686,paolo-laptop,mongo_source
power_consumption,1704871826047000000,0.04038221714499189,paolo-laptop,mongo_source
power_consumption,1704871827049000000,0.035008441419605525,paolo-laptop,mongo_source
power_consumption,1704871828053000000,0.12299298800806836,paolo-laptop,mongo_source
power_consumption,1704871829055000000,0.028184394440508728,paolo-laptop,mongo_source
power_consumption,1704871830057000000,0.03199004960933033,paolo-laptop,mongo_source
power_consumption,1704871831059000000,0.07137689535299149,paolo-laptop,mongo_source
power_consumption,1704871832060000000,0.038815991214490635,paolo-laptop,mongo_source
power_consumption,1704871833062000000,0.04266080968493236,paolo-laptop,mongo_source
power_consumption,1704871834064000000,0.04249322969333402,paolo-laptop,mongo_source
power_consumption,1704871835066000000,0.07169532938420363,paolo-laptop,mongo_source
power_consumption,1704871836068000000,0.035763782750118475,paolo-laptop,mongo_source
power_consumption,1704871837071000000,0.035879565277015385,paolo-laptop,mongo_source
power_consumption,1704871839074000000,0.022811646640376996,paolo-laptop,mongo_source
power_consumption,1704871840076000000,0.03959214579774398,paolo-laptop,mongo_source
power_consumption,1704871841078000000,0.040825290281698054,paolo-laptop,mongo_source
power_consumption,1704871842080000000,0.04115398591863661,paolo-laptop,mongo_source
power_consumption,1704871843083000000,0.04501118158309589,paolo-laptop,mongo_source
power_consumption,1704871844088000000,0.04064292446472324,paolo-laptop,mongo_source
power_consumption,1704871845089000000,0.0401302832915857,paolo-laptop,mongo_source
power_consumption,1704871846095000000,0.0403414240707826,paolo-laptop,mongo_source
power_consumption,1704871847100000000,0.04347505264397023,paolo-laptop,mongo_source
power_consumption,1704871848102000000,0.11326897078700666,paolo-laptop,mongo_source
power_consumption,1704871849104000000,0.04320408435504051,paolo-laptop,mongo_source
power_consumption,1704871850106000000,0.04351419454661594,paolo-laptop,mongo_source
power_consumption,1704871851109000000,0.041148803733861844,paolo-laptop,mongo_source
power_consumption,1704871852110000000,0.04509367121692116,paolo-laptop,mongo_source
power_consumption,1704871853112000000,0.04173584154893617,paolo-laptop,mongo_source
power_consumption,1704871854115000000,0.04338426749830464,paolo-laptop,mongo_source
power_consumption,1704871855119000000,0.027817070398209597,paolo-laptop,mongo_source
power_consumption,1704871856120000000,0.030265380032495272,paolo-laptop,mongo_source
power_consumption,1704871857122000000,0.03933659400941138,paolo-laptop,mongo_source
power_consumption,1704871858124000000,0.12301030620052995,paolo-laptop,mongo_source
power_consumption,1704871859126000000,0.043277517856403915,paolo-laptop,mongo_source
power_consumption,1704871860128000000,0.04056005260019249,paolo-laptop,mongo_source
power_consumption,1704871861130000000,0.04022257812517027,paolo-laptop,mongo_source
power_consumption,1704871862134000000,0.07696334437820353,paolo-laptop,mongo_source
power_consumption,1704871863137000000,0.029030378536997435,paolo-laptop,mongo_source
power_consumption,1704871864139000000,0.026040303684352124,paolo-laptop,mongo_source
power_consumption,1704871865141000000,0.04403592655420136,paolo-laptop,mongo_source
power_consumption,1704871866143000000,0.042857298932743676,paolo-laptop,mongo_source
power_consumption,1704871867145000000,0.04249680984472528,paolo-laptop,mongo_source
power_consumption,1704871868147000000,0.10725833879584246,paolo-laptop,mongo_source
power_consumption,1704871869149000000,0.039046691075946265,paolo-laptop,mongo_source
power_consumption,1704871870151000000,0.04318549200557088,paolo-laptop,mongo_source
power_consumption,1704871871155000000,0.048312151724687814,paolo-laptop,mongo_source
power_consumption,1704871872156000000,0.12105389619069701,paolo-laptop,mongo_source
power_consumption,1704871873160000000,0.022761692526404247,paolo-laptop,mongo_source
power_consumption,1704871874162000000,0.025964320690175614,paolo-laptop,mongo_source
power_consumption,1704871875164000000,0.042163831185798056,paolo-laptop,mongo_source
power_consumption,1704871876168000000,0.04798198236596715,paolo-laptop,mongo_source
power_consumption,1704871880180000000,0.02639480979187881,paolo-laptop,mongo_source
power_consumption,1704871881184000000,0.02426957652592948,paolo-laptop,mongo_source
power_consumption,1704871882186000000,0.028808745579714176,paolo-laptop,mongo_source
power_consumption,1704871883190000000,0.04442267378731174,paolo-laptop,mongo_source
power_consumption,1704871884193000000,0.048128507864663404,paolo-laptop,mongo_source
power_consumption,1704871885198000000,0.02300756946752227,paolo-laptop,mongo_source
power_consumption,1704871886201000000,0.07225028648594216,paolo-laptop,mongo_source
power_consumption,1704871887205000000,0.13051867555312277,paolo-laptop,mongo_source
power_consumption,1704871888209000000,0.0611262537061953,paolo-laptop,mongo_source
power_consumption,1704871889213000000,0.03878532125782223,paolo-laptop,mongo_source
power_consumption,1704871890218000000,0.04122192165726759,paolo-laptop,mongo_source
power_consumption,1704871891222000000,0.04013347110956622,paolo-laptop,mongo_source
power_consumption,1704871892223000000,0.03907555020591895,paolo-laptop,mongo_source
power_consumption,1704871893226000000,0.02360398598325632,paolo-laptop,mongo_source
power_consumption,1704871894228000000,0.06902083184010097,paolo-laptop,mongo_source
power_consumption,1704871895230000000,0.040670491582757054,paolo-laptop,mongo_source
power_consumption,1704871896233000000,0.04719029299486497,paolo-laptop,mongo_source
power_consumption,1704871897235000000,0.13630016162731726,paolo-laptop,mongo_source
power_consumption,1704871898237000000,0.07600228008923116,paolo-laptop,mongo_source
power_consumption,1704871899239000000,0.04289932270438056,paolo-laptop,mongo_source
power_consumption,1704871900241000000,0.1230466101270073,paolo-laptop,mongo_source
power_consumption,1704871901245000000,0.023380732394678222,paolo-laptop,mongo_source
power_consumption,1704871902246000000,0.027681428055505147,paolo-laptop,mongo_source
power_consumption,1704871904251000000,0.03997866838761367,paolo-laptop,mongo_source
power_consumption,1704871905252000000,0.02894290868079427,paolo-laptop,mongo_source
power_consumption,1704871906256000000,0.02244125700308225,paolo-laptop,mongo_source
power_consumption,1704871907258000000,0.03046687492915904,paolo-laptop,mongo_source
power_consumption,1704871908260000000,0.06738224607872126,paolo-laptop,mongo_source
power_consumption,1704871909262000000,0.04006678987202944,paolo-laptop,mongo_source
power_consumption,1704871910265000000,0.039957053458236066,paolo-laptop,mongo_source
power_consumption,1704871911267000000,0.04125214137030879,paolo-laptop,mongo_source
power_consumption,1704871912269000000,0.040901735304981535,paolo-laptop,mongo_source
power_consumption,1704871913272000000,0.03980722807485729,paolo-laptop,mongo_source
power_consumption,1704871914278000000,0.04228698563017043,paolo-laptop,mongo_source
power_consumption,1704871916281000000,0.04855094745972174,paolo-laptop,mongo_source
power_consumption,1704871917283000000,0.03164153836961035,paolo-laptop,mongo_source
power_consumption,1704871918285000000,0.070393059310477,paolo-laptop,mongo_source
power_consumption,1704871919288000000,0.027256653754825062,paolo-laptop,mongo_source
power_consumption,1704871920289000000,0.031677223811000604,paolo-laptop,mongo_source
power_consumption,1704871921290000000,0.05147706272651257,paolo-laptop,mongo_source
power_consumption,1704871923298000000,0.029903680172561127,paolo-laptop,mongo_source
power_consumption,1704871924300000000,0.02260851050741772,paolo-laptop,mongo_source
power_consumption,1704871925303000000,0.06869697447538713,paolo-laptop,mongo_source
power_consumption,1704871926305000000,0.1396150236588835,paolo-laptop,mongo_source
power_consumption,1704871927308000000,0.09455412748745402,paolo-laptop,mongo_source
power_consumption,1704871928310000000,0.06833085616237126,paolo-laptop,mongo_source
power_consumption,1704871929315000000,0.053284890375828765,paolo-laptop,mongo_source
power_consumption,1704871930320000000,0.1528275265832228,paolo-laptop,mongo_source
power_consumption,1704871932331000000,0.20487299564454048,paolo-laptop,mongo_source
power_consumption,1704871933334000000,0.025486698405504046,paolo-laptop,mongo_source
power_consumption,1704871934336000000,0.09744018598505824,paolo-laptop,mongo_source
power_consumption,1704871935339000000,0.05259219586518562,paolo-laptop,mongo_source
power_consumption,1704871936343000000,0.08179304871673547,paolo-laptop,mongo_source
power_consumption,1704871937345000000,0.13639083509991082,paolo-laptop,mongo_source
power_consumption,1704871938348000000,0.08726129041524128,paolo-laptop,mongo_source
power_consumption,1704871940351000000,0.09513813832834372,paolo-laptop,mongo_source
power_consumption,1704871941355000000,0.025897465269368678,paolo-laptop,mongo_source
power_consumption,1704871942358000000,0.023052024796567743,paolo-laptop,mongo_source
power_consumption,1704871943360000000,0.03852969293537867,paolo-laptop,mongo_source
power_consumption,1704871944362000000,0.04574688006690972,paolo-laptop,mongo_source
power_consumption,1704871945364000000,0.04090109116917071,paolo-laptop,mongo_source
power_consumption,1704871946365000000,0.026614428628459356,paolo-laptop,mongo_source
power_consumption,1704871947368000000,0.0720626342831663,paolo-laptop,mongo_source
power_consumption,1704871948369000000,0.06955453106639656,paolo-laptop,mongo_source
power_consumption,1704871949372000000,0.08041808338353221,paolo-laptop,mongo_source
power_consumption,1704871950377000000,0.049884533337508294,paolo-laptop,mongo_source
power_consumption,1704871951381000000,0.2010714222563627,paolo-laptop,mongo_source
power_consumption,1704871952384000000,0.14225654306291247,paolo-laptop,mongo_source
power_consumption,1704871953385000000,0.03973020783650146,paolo-laptop,mongo_source
power_consumption,1704871954387000000,0.04026561711909382,paolo-laptop,mongo_source
power_consumption,1704871955389000000,0.04160077453464309,paolo-laptop,mongo_source
power_consumption,1704871956391000000,0.040311268090499314,paolo-laptop,mongo_source
power_consumption,1704871957393000000,0.040832997826035305,paolo-laptop,mongo_source
power_consumption,1704871958395000000,0.0853455580144605,paolo-laptop,mongo_source
power_consumption,1704871959397000000,0.04210541846115408,paolo-laptop,mongo_source
power_consumption,1704871960398000000,0.04601972939915526,paolo-laptop,mongo_source
power_consumption,1704871961403000000,0.042924662913885275,paolo-laptop,mongo_source
power_consumption,1704871962405000000,0.04322934135107337,paolo-laptop,mongo_source
power_consumption,1704871963407000000,0.040675432883615775,paolo-laptop,mongo_source
power_consumption,1704871964409000000,0.04019521050960226,paolo-laptop,mongo_source
power_consumption,1704871965410000000,0.0425981669873707,paolo-laptop,mongo_source
power_consumption,1704871966412000000,0.041786953613689934,paolo-laptop,mongo_source
power_consumption,1704871967419000000,0.030043758543393674,paolo-laptop,mongo_source
power_consumption,1704871968420000000,0.13591317031103062,paolo-laptop,mongo_source
power_consumption,1704871969422000000,0.02523830794441618,paolo-laptop,mongo_source
power_consumption,1704871970423000000,0.09393687197257371,paolo-laptop,mongo_source
power_consumption,1704871971430000000,0.029512061388699037,paolo-laptop,mongo_source
power_consumption,1704871972435000000,0.04907873886511894,paolo-laptop,mongo_source
power_consumption,1704871973439000000,0.04654046168310532,paolo-laptop,mongo_source
power_consumption,1704871974441000000,0.044184326371453614,paolo-laptop,mongo_source
power_consumption,1704871975442000000,0.03942940075577924,paolo-laptop,mongo_source
power_consumption,1704871976444000000,0.040437443936799544,paolo-laptop,mongo_source
power_consumption,1704871977447000000,0.04920699595200544,paolo-laptop,mongo_source
power_consumption,1704871978448000000,0.1274315376355507,paolo-laptop,mongo_source
power_consumption,1704871979451000000,0.04010846157273111,paolo-laptop,mongo_source
power_consumption,1704871980453000000,0.041821266892417976,paolo-laptop,mongo_source
power_consumption,1704871981455000000,0.04312458238072077,paolo-laptop,mongo_source
power_consumption,1704871982457000000,0.04253163498181773,paolo-laptop,mongo_source
power_consumption,1704871983460000000,0.0384782706087846,paolo-laptop,mongo_source
power_consumption,1704871984462000000,0.03912876889091968,paolo-laptop,mongo_source
power_consumption,1704871985464000000,0.022536007408275976,paolo-laptop,mongo_source
power_consumption,1704871987467000000,0.029732384565133933,paolo-laptop,mongo_source
power_consumption,1704871988469000000,0.08142907036312301,paolo-laptop,mongo_source
power_consumption,1704871989471000000,0.041722316605598816,paolo-laptop,mongo_source
power_consumption,1704871991474000000,0.04531206135955824,paolo-laptop,mongo_source
power_consumption,1704871992475000000,0.023081137065805276,paolo-laptop,mongo_source
power_consumption,1704871993477000000,0.05098401512605824,paolo-laptop,mongo_source
power_consumption,1704871994479000000,0.053852326765618325,paolo-laptop,mongo_source
power_consumption,1704871995481000000,0.04300026760477054,paolo-laptop,mongo_source
power_consumption,1704871996485000000,0.14824630401074068,paolo-laptop,mongo_source
power_consumption,1704871997487000000,0.046758063177160705,paolo-laptop,mongo_source
power_consumption,1704871998489000000,0.09950067056245504,paolo-laptop,mongo_source
power_consumption,1704871999492000000,0.15223850064725902,paolo-laptop,mongo_source
power_consumption,1704872000493000000,0.057715338480666484,paolo-laptop,mongo_source
power_consumption,1704872001495000000,0.06679102717493915,paolo-laptop,mongo_source
power_consumption,1704872002497000000,0.07147387682202079,paolo-laptop,mongo_source
power_consumption,1704872003499000000,0.022814749347703604,paolo-laptop,mongo_source
power_consumption,1704872004500000000,0.025348530921943543,paolo-laptop,mongo_source
power_consumption,1704872005502000000,0.04978346539864213,paolo-laptop,mongo_source
power_consumption,1704872006507000000,0.08871122139399601,paolo-laptop,mongo_source
power_consumption,1704872008517000000,0.1911552916370282,paolo-laptop,mongo_source
power_consumption,1704872010524000000,0.4568727873124586,paolo-laptop,mongo_source
power_consumption,1704872011526000000,0.04443764180116917,paolo-laptop,mongo_source
power_consumption,1704872012528000000,0.02225724909889889,paolo-laptop,mongo_source
power_consumption,1704872013531000000,0.13898351431420913,paolo-laptop,mongo_source
power_consumption,1704872014535000000,0.14455250972214853,paolo-laptop,mongo_source
power_consumption,1704872015537000000,0.07572433466165565,paolo-laptop,mongo_source
power_consumption,1704872016541000000,0.049105751639999445,paolo-laptop,mongo_source
power_consumption,1704872017543000000,0.18367675692499935,paolo-laptop,mongo_source
power_consumption,1704872018546000000,0.08117940076235775,paolo-laptop,mongo_source
power_consumption,1704872019548000000,0.11676384075157561,paolo-laptop,mongo_source
power_consumption,1704872020552000000,0.04729691617101728,paolo-laptop,mongo_source
power_consumption,1704872022555000000,0.026742043462431735,paolo-laptop,mongo_source
power_consumption,1704872023557000000,0.05298459170753029,paolo-laptop,mongo_source
power_consumption,1704872025563000000,0.20298085248356282,paolo-laptop,mongo_source
power_consumption,1704872026566000000,0.15478968281601868,paolo-laptop,mongo_source
power_consumption,1704872027570000000,0.11020893463605098,paolo-laptop,mongo_source
power_consumption,1704872028574000000,0.1684008766135095,paolo-laptop,mongo_source
power_consumption,1704872029576000000,0.046148121269990225,paolo-laptop,mongo_source
power_consumption,1704872030577000000,0.1742502606526956,paolo-laptop,mongo_source
power_consumption,1704872031579000000,0.03933770977109817,paolo-laptop,mongo_source
power_consumption,1704872032581000000,0.042496078780096654,paolo-laptop,mongo_source
power_consumption,1704872033585000000,0.16067948803156085,paolo-laptop,mongo_source
power_consumption,1704872034589000000,0.025353485642132426,paolo-laptop,mongo_source
power_consumption,1704872035591000000,0.044843278935295466,paolo-laptop,mongo_source
power_consumption,1704872036592000000,0.03871664322852694,paolo-laptop,mongo_source
power_consumption,1704872037594000000,0.026307997790858698,paolo-laptop,mongo_source
power_consumption,1704872038597000000,0.08807448218754096,paolo-laptop,mongo_source
power_consumption,1704872039600000000,0.04258190179777398,paolo-laptop,mongo_source
power_consumption,1704872040609000000,0.03053691023886699,paolo-laptop,mongo_source
power_consumption,1704872041611000000,0.026504246192184264,paolo-laptop,mongo_source
power_consumption,1704872042614000000,0.0484974779164425,paolo-laptop,mongo_source
power_consumption,1704872043616000000,0.083496075898553,paolo-laptop,mongo_source
power_consumption,1704872044619000000,0.027522775915465904,paolo-laptop,mongo_source
power_consumption,1704872046625000000,0.0774785480725293,paolo-laptop,mongo_source
power_consumption,1704872047626000000,0.04651988771614286,paolo-laptop,mongo_source
power_consumption,1704872048628000000,0.12265977812264167,paolo-laptop,mongo_source
power_consumption,1704872049630000000,0.1562700779547782,paolo-laptop,mongo_source
power_consumption,1704872050631000000,0.02630507570716325,paolo-laptop,mongo_source
power_consumption,1704872051633000000,0.1734396382383124,paolo-laptop,mongo_source
power_consumption,1704872052634000000,0.10082998403128214,paolo-laptop,mongo_source
power_consumption,1704872053636000000,0.045392761751104585,paolo-laptop,mongo_source
power_consumption,1704872054637000000,0.12714900428142026,paolo-laptop,mongo_source
power_consumption,1704872055639000000,0.033290777176670165,paolo-laptop,mongo_source
power_consumption,1704872056642000000,0.15519733914706252,paolo-laptop,mongo_source
power_consumption,1704872058646000000,0.1024760151130032,paolo-laptop,mongo_source
power_consumption,1704872059648000000,0.060823918653550836,paolo-laptop,mongo_source
power_consumption,1704872060650000000,0.15533284596478428,paolo-laptop,mongo_source
power_consumption,1704872061652000000,0.04583737588276976,paolo-laptop,mongo_source
power_consumption,1704872062656000000,0.03586616412120494,paolo-laptop,mongo_source
power_consumption,1704872063658000000,0.04515287773451683,paolo-laptop,mongo_source
power_consumption,1704872064661000000,0.02764213408499517,paolo-laptop,mongo_source
power_consumption,1704872065663000000,0.11581229125858392,paolo-laptop,mongo_source
power_consumption,1704872066665000000,0.04381542106565862,paolo-laptop,mongo_source
power_consumption,1704872067666000000,0.027977505961086058,paolo-laptop,mongo_source
power_consumption,1704872068669000000,0.11545909507935012,paolo-laptop,mongo_source
power_consumption,1704872069683000000,0.14291392121278218,paolo-laptop,mongo_source
power_consumption,1704872071687000000,0.04171443966182618,paolo-laptop,mongo_source
power_consumption,1704872072689000000,0.04073920915091497,paolo-laptop,mongo_source
power_consumption,1704872073690000000,0.0394151119493877,paolo-laptop,mongo_source
power_consumption,1704872074692000000,0.043096870439938574,paolo-laptop,mongo_source
power_consumption,1704872075694000000,0.04049935922413592,paolo-laptop,mongo_source
power_consumption,1704872076696000000,0.04242743331803761,paolo-laptop,mongo_source
power_consumption,1704872077697000000,0.039350333820863656,paolo-laptop,mongo_source
power_consumption,1704872078700000000,0.09517009007404026,paolo-laptop,mongo_source
power_consumption,1704872079702000000,0.040253039517238395,paolo-laptop,mongo_source
power_consumption,1704872080704000000,0.04833977676394052,paolo-laptop,mongo_source
power_consumption,1704872081706000000,0.04533061424411594,paolo-laptop,mongo_source
power_consumption,1704872082708000000,0.040719138565743454,paolo-laptop,mongo_source
power_consumption,1704872083709000000,0.04293025778055211,paolo-laptop,mongo_source
power_consumption,1704872084711000000,0.04428850400518207,paolo-laptop,mongo_source
power_consumption,1704872085713000000,0.04106513594455591,paolo-laptop,mongo_source
power_consumption,1704872086714000000,0.046758537380354584,paolo-laptop,mongo_source
power_consumption,1704872087716000000,0.04644968524889374,paolo-laptop,mongo_source
power_consumption,1704872088718000000,0.1060674647465617,paolo-laptop,mongo_source
power_consumption,1704872089720000000,0.051691201565701624,paolo-laptop,mongo_source
power_consumption,1704872090721000000,0.115194736544892,paolo-laptop,mongo_source
power_consumption,1704872091723000000,0.04404927068027642,paolo-laptop,mongo_source
power_consumption,1704872092724000000,0.046173890343933974,paolo-laptop,mongo_source
power_consumption,1704872093726000000,0.04691999697487652,paolo-laptop,mongo_source
power_consumption,1704872094727000000,0.04659597610576814,paolo-laptop,mongo_source
power_consumption,1704872095729000000,0.052817952511685286,paolo-laptop,mongo_source
power_consumption,1704872096731000000,0.04306536028491792,paolo-laptop,mongo_source
power_consumption,1704872097733000000,0.0433901037036279,paolo-laptop,mongo_source
power_consumption,1704872098734000000,0.10339928514844086,paolo-laptop,mongo_source
power_consumption,1704872099738000000,0.027410584957902252,paolo-laptop,mongo_source
power_consumption,1704872100739000000,0.034584393066759825,paolo-laptop,mongo_source
power_consumption,1704872101741000000,0.04523484953490302,paolo-laptop,mongo_source
power_consumption,1704872102743000000,0.042218776397244084,paolo-laptop,mongo_source
power_consumption,1704872103745000000,0.0440794698614293,paolo-laptop,mongo_source
power_consumption,1704872104746000000,0.053204932475051744,paolo-laptop,mongo_source
power_consumption,1704872105748000000,0.09164754105769082,paolo-laptop,mongo_source
power_consumption,1704872106750000000,0.04368215044293912,paolo-laptop,mongo_source
power_consumption,1704872107752000000,0.04502370041893159,paolo-laptop,mongo_source
power_consumption,1704872108753000000,0.10854059922625825,paolo-laptop,mongo_source
power_consumption,1704872109756000000,0.053507769309201626,paolo-laptop,mongo_source
power_consumption,1704872110757000000,0.04559969699029695,paolo-laptop,mongo_source
power_consumption,1704872111759000000,0.04488869364630606,paolo-laptop,mongo_source
power_consumption,1704872112763000000,0.03451490514320341,paolo-laptop,mongo_source
power_consumption,1704872113764000000,0.04448367043440777,paolo-laptop,mongo_source
power_consumption,1704872114766000000,0.045225453428440865,paolo-laptop,mongo_source
power_consumption,1704872115769000000,0.061597561628857045,paolo-laptop,mongo_source
power_consumption,1704872116771000000,0.030068419119537303,paolo-laptop,mongo_source
power_consumption,1704872117773000000,0.046870575340898994,paolo-laptop,mongo_source
power_consumption,1704872118776000000,0.15476012477912376,paolo-laptop,mongo_source
power_consumption,1704872119777000000,0.10336514233085119,paolo-laptop,mongo_source
power_consumption,1704872120781000000,0.1379628750713806,paolo-laptop,mongo_source
power_consumption,1704872122787000000,0.08976456597716644,paolo-laptop,mongo_source
power_consumption,1704872123789000000,0.0398341283864516,paolo-laptop,mongo_source
power_consumption,1704872124791000000,0.09797070256009639,paolo-laptop,mongo_source
power_consumption,1704872125793000000,0.06852358021652341,paolo-laptop,mongo_source
power_consumption,1704872126794000000,0.2339224444626076,paolo-laptop,mongo_source
power_consumption,1704872127796000000,0.11158898691935167,paolo-laptop,mongo_source
power_consumption,1704872128797000000,0.12306791281660595,paolo-laptop,mongo_source
power_consumption,1704872129799000000,0.06667907058585323,paolo-laptop,mongo_source
power_consumption,1704872130801000000,0.055778219587137204,paolo-laptop,mongo_source
power_consumption,1704872131803000000,0.04483584395487796,paolo-laptop,mongo_source
power_consumption,1704872132805000000,0.13555026829048208,paolo-laptop,mongo_source
power_consumption,1704872133806000000,0.07482580736190765,paolo-laptop,mongo_source
power_consumption,1704872134808000000,0.04298205061896345,paolo-laptop,mongo_source
power_consumption,1704872135810000000,0.0521868666862174,paolo-laptop,mongo_source
power_consumption,1704872136812000000,0.07879211393771458,paolo-laptop,mongo_source
power_consumption,1704872138816000000,0.1478544297021869,paolo-laptop,mongo_source
power_consumption,1704872139818000000,0.08013414154262002,paolo-laptop,mongo_source
power_consumption,1704872140820000000,0.037158463324763656,paolo-laptop,mongo_source
power_consumption,1704872141823000000,0.22638509055232897,paolo-laptop,mongo_source
power_consumption,1704872142825000000,0.17461212322065092,paolo-laptop,mongo_source
power_consumption,1704872143828000000,0.02777852027286613,paolo-laptop,mongo_source
power_consumption,1704872144831000000,0.11819615043979267,paolo-laptop,mongo_source
power_consumption,1704872145833000000,0.0772778656995973,paolo-laptop,mongo_source
power_consumption,1704872146835000000,0.04333783078455159,paolo-laptop,mongo_source
power_consumption,1704872147836000000,0.04391075055345274,paolo-laptop,mongo_source
power_consumption,1704872148838000000,0.11891774112113095,paolo-laptop,mongo_source
power_consumption,1704872149839000000,0.042307440073115495,paolo-laptop,mongo_source
power_consumption,1704872150841000000,0.04642307549028664,paolo-laptop,mongo_source
power_consumption,1704872151843000000,0.04492115094006503,paolo-laptop,mongo_source
power_consumption,1704872152844000000,0.04484265993502902,paolo-laptop,mongo_source
power_consumption,1704872153848000000,0.040313059142885826,paolo-laptop,mongo_source
power_consumption,1704872154849000000,0.042625740957439956,paolo-laptop,mongo_source
power_consumption,1704872155851000000,0.05761906059281911,paolo-laptop,mongo_source
power_consumption,1704872156853000000,0.09415736607759334,paolo-laptop,mongo_source
power_consumption,1704872157855000000,0.04219132168159747,paolo-laptop,mongo_source
power_consumption,1704872158857000000,0.11179116663059148,paolo-laptop,mongo_source
power_consumption,1704872159861000000,0.055790530948299076,paolo-laptop,mongo_source
power_consumption,1704872160863000000,0.10069113230383538,paolo-laptop,mongo_source
power_consumption,1704872161865000000,0.042593772193499496,paolo-laptop,mongo_source
power_consumption,1704872162868000000,0.07569461342321847,paolo-laptop,mongo_source
power_consumption,1704872163870000000,0.13762821234301334,paolo-laptop,mongo_source
power_consumption,1704872164872000000,0.04547651434436266,paolo-laptop,mongo_source
power_consumption,1704872165875000000,0.04764869089290395,paolo-laptop,mongo_source
power_consumption,1704872166877000000,0.047882526022488756,paolo-laptop,mongo_source
power_consumption,1704872167879000000,0.04698538362238574,paolo-laptop,mongo_source
power_consumption,1704872168881000000,0.11863998539403989,paolo-laptop,mongo_source
power_consumption,1704872169882000000,0.04887979308756771,paolo-laptop,mongo_source
power_consumption,1704872170884000000,0.04896054739945771,paolo-laptop,mongo_source
power_consumption,1704872171886000000,0.04369371195197577,paolo-laptop,mongo_source
power_consumption,1704872172888000000,0.048379207415704964,paolo-laptop,mongo_source
power_consumption,1704872173891000000,0.04482766777750202,paolo-laptop,mongo_source
power_consumption,1704872174893000000,0.026785168497631944,paolo-laptop,mongo_source
power_consumption,1704872175895000000,0.060469724477780956,paolo-laptop,mongo_source
power_consumption,1704872176897000000,0.1072279845573858,paolo-laptop,mongo_source
power_consumption,1704872177899000000,0.12234209448943546,paolo-laptop,mongo_source
power_consumption,1704872178901000000,0.09612790862247712,paolo-laptop,mongo_source
power_consumption,1704872179905000000,0.032678833965264865,paolo-laptop,mongo_source
power_consumption,1704872180907000000,0.027717487891510025,paolo-laptop,mongo_source
power_consumption,1704872181909000000,0.03226623879595411,paolo-laptop,mongo_source
power_consumption,1704872182911000000,0.049495991775581394,paolo-laptop,mongo_source
power_consumption,1704872183917000000,0.026728380784360045,paolo-laptop,mongo_source
power_consumption,1704872184918000000,0.026594514186180616,paolo-laptop,mongo_source
power_consumption,1704872185921000000,0.027456144500521737,paolo-laptop,mongo_source
power_consumption,1704872186923000000,0.04584862029333013,paolo-laptop,mongo_source
power_consumption,1704872187928000000,0.027542961108467833,paolo-laptop,mongo_source
power_consumption,1704872188932000000,0.10645619405915145,paolo-laptop,mongo_source
power_consumption,1704872190939000000,0.14124649636858322,paolo-laptop,mongo_source
power_consumption,1704872191941000000,0.047140578975214106,paolo-laptop,mongo_source
power_consumption,1704872192944000000,0.05267981668303556,paolo-laptop,mongo_source
power_consumption,1704872193946000000,0.0436816322716624,paolo-laptop,mongo_source
power_consumption,1704872194947000000,0.13957445971896557,paolo-laptop,mongo_source
power_consumption,1704872195949000000,0.15435629893600109,paolo-laptop,mongo_source
power_consumption,1704872198954000000,0.059862017143867755,paolo-laptop,mongo_source
power_consumption,1704872199955000000,0.1417062781089791,paolo-laptop,mongo_source
power_consumption,1704872201958000000,0.14155171932028968,paolo-laptop,mongo_source
power_consumption,1704872202959000000,0.44244224180231967,paolo-laptop,mongo_source
power_consumption,1704872203962000000,0.13629209408690274,paolo-laptop,mongo_source
power_consumption,1704872204966000000,0.14418093032736443,paolo-laptop,mongo_source
power_consumption,1704872205970000000,0.06815578331829186,paolo-laptop,mongo_source
power_consumption,1704872206973000000,0.4192348845670695,paolo-laptop,mongo_source
power_consumption,1704872207975000000,0.2537046216058947,paolo-laptop,mongo_source
power_consumption,1704872208980000000,0.1427755148363409,paolo-laptop,mongo_source
power_consumption,1704872209983000000,0.4528582911684781,paolo-laptop,mongo_source
power_consumption,1704872210985000000,0.04937520044677331,paolo-laptop,mongo_source
power_consumption,1704872211993000000,0.027032267045042427,paolo-laptop,mongo_source
power_consumption,1704872212998000000,0.06946797487508019,paolo-laptop,mongo_source
power_consumption,1704872214000000000,0.028161959322459042,paolo-laptop,mongo_source
power_consumption,1704872215001000000,0.058974432238427195,paolo-laptop,mongo_source
power_consumption,1704872216003000000,0.054485928764475514,paolo-laptop,mongo_source
power_consumption,1704872217006000000,0.025275943533123364,paolo-laptop,mongo_source
power_consumption,1704872218007000000,0.05418248485694676,paolo-laptop,mongo_source
power_consumption,1704872219010000000,0.05983800049194068,paolo-laptop,mongo_source
power_consumption,1704872220012000000,0.1510077842156185,paolo-laptop,mongo_source
power_consumption,1704872221015000000,0.10484822496137232,paolo-laptop,mongo_source
power_consumption,1704872222017000000,0.13328117312676127,paolo-laptop,mongo_source
power_consumption,1704872223021000000,0.05624396046474189,paolo-laptop,mongo_source
power_consumption,1704872224022000000,0.06428813020843711,paolo-laptop,mongo_source
power_consumption,1704872225024000000,0.06727485928153613,paolo-laptop,mongo_source
power_consumption,1704872226027000000,0.02680094703997498,paolo-laptop,mongo_source
power_consumption,1704872227031000000,0.12964133592999755,paolo-laptop,mongo_source
power_consumption,1704872228033000000,0.10500563339190688,paolo-laptop,mongo_source
power_consumption,1704872229035000000,0.060461923097520326,paolo-laptop,mongo_source
power_consumption,1704872230037000000,0.05931297492941566,paolo-laptop,mongo_source
power_consumption,1704872231040000000,0.0604136741028924,paolo-laptop,mongo_source
power_consumption,1704872232042000000,0.05978952814850718,paolo-laptop,mongo_source
power_consumption,1704872234050000000,0.07289253913685001,paolo-laptop,mongo_source
power_consumption,1704872235052000000,0.06929704529641045,paolo-laptop,mongo_source
power_consumption,1704872236053000000,0.06084538410575885,paolo-laptop,mongo_source
power_consumption,1704872237055000000,0.06341946877181008,paolo-laptop,mongo_source
power_consumption,1704872238060000000,0.09551965463296215,paolo-laptop,mongo_source
power_consumption,1704872239062000000,0.5438462572049463,paolo-laptop,mongo_source
power_consumption,1704872240066000000,0.20631825429370898,paolo-laptop,mongo_source
power_consumption,1704872241069000000,0.029009106792013725,paolo-laptop,mongo_source
power_consumption,1704872242074000000,0.02574540911545556,paolo-laptop,mongo_source
power_consumption,1704872243076000000,0.1101672361467161,paolo-laptop,mongo_source
power_consumption,1704872244080000000,0.08753997696892175,paolo-laptop,mongo_source
power_consumption,1704872245082000000,0.05567264027551703,paolo-laptop,mongo_source
power_consumption,1704872246083000000,0.05989361389950826,paolo-laptop,mongo_source
power_consumption,1704872247085000000,0.06325153777945783,paolo-laptop,mongo_source
power_consumption,1704872248088000000,0.09151576560033622,paolo-laptop,mongo_source
power_consumption,1704872249090000000,0.06090171695992776,paolo-laptop,mongo_source
power_consumption,1704872250092000000,0.0665064750244687,paolo-laptop,mongo_source
power_consumption,1704872251095000000,0.06352785971051575,paolo-laptop,mongo_source
power_consumption,1704872252097000000,0.06449843777884454,paolo-laptop,mongo_source
power_consumption,1704872253100000000,0.059689452271855174,paolo-laptop,mongo_source
power_consumption,1704872254102000000,0.060041017819449746,paolo-laptop,mongo_source
power_consumption,1704872255104000000,0.06322075425205356,paolo-laptop,mongo_source
power_consumption,1704872256106000000,0.06287937931738187,paolo-laptop,mongo_source
power_consumption,1704872257108000000,0.0643830509262773,paolo-laptop,mongo_source
power_consumption,1704872258110000000,0.09106616775643399,paolo-laptop,mongo_source
power_consumption,1704872259112000000,0.06744660457768055,paolo-laptop,mongo_source
power_consumption,1704872260115000000,0.13312082990174068,paolo-laptop,mongo_source
power_consumption,1704872261117000000,0.0680065257443761,paolo-laptop,mongo_source
power_consumption,1704872262123000000,0.06287240567149513,paolo-laptop,mongo_source
power_consumption,1704872263126000000,0.05926852434689982,paolo-laptop,mongo_source
power_consumption,1704872264128000000,0.05997825424596121,paolo-laptop,mongo_source
power_consumption,1704872265131000000,0.06134046159911767,paolo-laptop,mongo_source
power_consumption,1704872266133000000,0.06338960811730562,paolo-laptop,mongo_source
power_consumption,1704872267136000000,0.06384768871888914,paolo-laptop,mongo_source
power_consumption,1704872268138000000,0.09437804794985093,paolo-laptop,mongo_source
power_consumption,1704872269141000000,0.05863259108445666,paolo-laptop,mongo_source
power_consumption,1704872270143000000,0.059793419904240086,paolo-laptop,mongo_source
power_consumption,1704872271145000000,0.06491974815050343,paolo-laptop,mongo_source
power_consumption,1704872272148000000,0.030750256368635057,paolo-laptop,mongo_source
power_consumption,1704872273149000000,0.03037290491007722,paolo-laptop,mongo_source
power_consumption,1704872274152000000,0.10183321864280548,paolo-laptop,mongo_source
power_consumption,1704872275154000000,0.07100925930621549,paolo-laptop,mongo_source
power_consumption,1704872276155000000,0.05945271282621885,paolo-laptop,mongo_source
power_consumption,1704872277159000000,0.06918920122169973,paolo-laptop,mongo_source
power_consumption,1704872278162000000,0.12362530879609679,paolo-laptop,mongo_source
power_consumption,1704872279168000000,0.06129674543833288,paolo-laptop,mongo_source
power_consumption,1704872280173000000,0.07735813620289661,paolo-laptop,mongo_source
power_consumption,1704872281178000000,0.08651130569281189,paolo-laptop,mongo_source
power_consumption,1704872282180000000,0.08017968301641465,paolo-laptop,mongo_source
power_consumption,1704872283182000000,0.08772002198178636,paolo-laptop,mongo_source
power_consumption,1704872284187000000,0.097654508136636,paolo-laptop,mongo_source
power_consumption,1704872285196000000,0.3096123491607677,paolo-laptop,mongo_source
power_consumption,1704872286204000000,0.10928173878233184,paolo-laptop,mongo_source
power_consumption,1704872287207000000,0.04518589334505993,paolo-laptop,mongo_source
power_consumption,1704872288212000000,0.2414857639857966,paolo-laptop,mongo_source
power_consumption,1704872289217000000,0.07872748928896034,paolo-laptop,mongo_source
power_consumption,1704872290219000000,0.06823445232178402,paolo-laptop,mongo_source
power_consumption,1704872291221000000,0.05357188178351033,paolo-laptop,mongo_source
power_consumption,1704872292224000000,0.025929307117242926,paolo-laptop,mongo_source
power_consumption,1704872293226000000,0.04608776671376827,paolo-laptop,mongo_source
power_consumption,1704872294228000000,0.0608805055257922,paolo-laptop,mongo_source
power_consumption,1704872295230000000,0.061921856770216485,paolo-laptop,mongo_source
power_consumption,1704872296231000000,0.05745794989564218,paolo-laptop,mongo_source
power_consumption,1704872297235000000,0.030463814029832302,paolo-laptop,mongo_source
power_consumption,1704872298239000000,0.24790190614458213,paolo-laptop,mongo_source
power_consumption,1704872299244000000,0.08305057518030017,paolo-laptop,mongo_source
power_consumption,1704872300246000000,0.09994991845896908,paolo-laptop,mongo_source
power_consumption,1704872301247000000,0.12916240729762835,paolo-laptop,mongo_source
power_consumption,1704872302251000000,0.06888100131132616,paolo-laptop,mongo_source
power_consumption,1704872303255000000,0.07156608355748098,paolo-laptop,mongo_source
power_consumption,1704872304258000000,0.289598803665411,paolo-laptop,mongo_source
power_consumption,1704872305259000000,0.045227183700663025,paolo-laptop,mongo_source
power_consumption,1704872306264000000,0.06480474370854435,paolo-laptop,mongo_source
power_consumption,1704872307266000000,0.027570469543829343,paolo-laptop,mongo_source
power_consumption,1704872309276000000,0.026730272361034424,paolo-laptop,mongo_source
power_consumption,1704872310280000000,0.22551137023843565,paolo-laptop,mongo_source
power_consumption,1704872311282000000,0.13424413678324365,paolo-laptop,mongo_source
power_consumption,1704872312287000000,0.04898759640863887,paolo-laptop,mongo_source
power_consumption,1704872313290000000,0.08045657352544995,paolo-laptop,mongo_source
power_consumption,1704872314291000000,0.05571298003753351,paolo-laptop,mongo_source
power_consumption,1704872315295000000,0.13888398445995104,paolo-laptop,mongo_source
power_consumption,1704872316297000000,0.030800270276745825,paolo-laptop,mongo_source
power_consumption,1704872317299000000,0.08001824709660038,paolo-laptop,mongo_source
power_consumption,1704872318300000000,0.09580319787864058,paolo-laptop,mongo_source
power_consumption,1704872319306000000,0.053456183201241646,paolo-laptop,mongo_source
power_consumption,1704872320313000000,0.07238687524296138,paolo-laptop,mongo_source
power_consumption,1704872321317000000,0.033090023667793476,paolo-laptop,mongo_source
power_consumption,1704872322318000000,0.07480754039892888,paolo-laptop,mongo_source
power_consumption,1704872323322000000,0.08447371552594748,paolo-laptop,mongo_source
power_consumption,1704872324324000000,0.04687321350464226,paolo-laptop,mongo_source
power_consumption,1704872325327000000,0.2809182353062277,paolo-laptop,mongo_source
power_consumption,1704872326329000000,0.06416858138059858,paolo-laptop,mongo_source
power_consumption,1704872327331000000,0.27927022125897194,paolo-laptop,mongo_source
power_consumption,1704872328333000000,0.10563669281368795,paolo-laptop,mongo_source
power_consumption,1704872329335000000,0.07601497979161248,paolo-laptop,mongo_source
power_consumption,1704872330337000000,0.10822087175864048,paolo-laptop,mongo_source
power_consumption,1704872331338000000,0.1886303933230946,paolo-laptop,mongo_source
power_consumption,1704872332340000000,0.04601593146485619,paolo-laptop,mongo_source
power_consumption,1704872333341000000,0.13405427578200832,paolo-laptop,mongo_source
power_consumption,1704872334343000000,0.05129394422778043,paolo-laptop,mongo_source
power_consumption,1704872335345000000,0.030791013159560267,paolo-laptop,mongo_source
power_consumption,1704872336347000000,0.18148409284964992,paolo-laptop,mongo_source
power_consumption,1704872337351000000,0.07896665906338626,paolo-laptop,mongo_source
power_consumption,1704872338354000000,0.14211592612107615,paolo-laptop,mongo_source
power_consumption,1704872339356000000,0.04483094410395376,paolo-laptop,mongo_source
power_consumption,1704872340357000000,0.027738843156139233,paolo-laptop,mongo_source
power_consumption,1704872341362000000,0.19071202730634249,paolo-laptop,mongo_source
power_consumption,1704872342369000000,0.08918397960370078,paolo-laptop,mongo_source
power_consumption,1704872343373000000,0.06006219025318637,paolo-laptop,mongo_source
power_consumption,1704872344378000000,0.044924678769920096,paolo-laptop,mongo_source
power_consumption,1704872345382000000,0.08198179744649493,paolo-laptop,mongo_source
power_consumption,1704872346384000000,0.049876653762723135,paolo-laptop,mongo_source
power_consumption,1704872347385000000,0.06003647976944414,paolo-laptop,mongo_source
power_consumption,1704872348387000000,0.11278715491991204,paolo-laptop,mongo_source
power_consumption,1704872349391000000,0.055230014583167585,paolo-laptop,mongo_source
power_consumption,1704872350393000000,0.07284563248619566,paolo-laptop,mongo_source
power_consumption,1704872351394000000,0.06008145097336376,paolo-laptop,mongo_source
power_consumption,1704872352398000000,0.08778436250788546,paolo-laptop,mongo_source
power_consumption,1704872353401000000,0.10343899256406049,paolo-laptop,mongo_source
power_consumption,1704872354403000000,0.07483824813428917,paolo-laptop,mongo_source
power_consumption,1704872355405000000,0.0464589486962276,paolo-laptop,mongo_source
power_consumption,1704872357413000000,0.10100881452577878,paolo-laptop,mongo_source
power_consumption,1704872358417000000,0.193363444565709,paolo-laptop,mongo_source
power_consumption,1704872359418000000,0.0321010384639858,paolo-laptop,mongo_source
power_consumption,1704872360422000000,0.05280406460624876,paolo-laptop,mongo_source
power_consumption,1704872361426000000,0.18798872590770255,paolo-laptop,mongo_source
power_consumption,1704872362428000000,0.03859901419345286,paolo-laptop,mongo_source
power_consumption,1704872363429000000,0.06434220884342151,paolo-laptop,mongo_source
power_consumption,1704872365434000000,0.07904048766200827,paolo-laptop,mongo_source
power_consumption,1704872366437000000,0.31324397029819145,paolo-laptop,mongo_source
power_consumption,1704872367441000000,0.1429881303733017,paolo-laptop,mongo_source
power_consumption,1704872368443000000,0.1287526430909679,paolo-laptop,mongo_source
power_consumption,1704872369445000000,0.06411347641993913,paolo-laptop,mongo_source
power_consumption,1704872371449000000,0.05805534936697791,paolo-laptop,mongo_source
power_consumption,1704872372452000000,0.09828850416300676,paolo-laptop,mongo_source
power_consumption,1704872373454000000,0.043371466355855696,paolo-laptop,mongo_source
power_consumption,1704872374456000000,0.04485223779932297,paolo-laptop,mongo_source
power_consumption,1704872375457000000,0.07527112030304597,paolo-laptop,mongo_source
power_consumption,1704872376459000000,0.05872664083051511,paolo-laptop,mongo_source
power_consumption,1704872377462000000,0.14636649489499276,paolo-laptop,mongo_source
power_consumption,1704872379470000000,0.23698008726334652,paolo-laptop,mongo_source
power_consumption,1704872380475000000,0.317188791029914,paolo-laptop,mongo_source
power_consumption,1704872381477000000,0.15620928532261452,paolo-laptop,mongo_source
power_consumption,1704872382480000000,0.29969216908227936,paolo-laptop,mongo_source
power_consumption,1704872383485000000,0.24621573618302917,paolo-laptop,mongo_source
power_consumption,1704872384488000000,0.30914647028150594,paolo-laptop,mongo_source
power_consumption,1704872385491000000,0.17883667403018977,paolo-laptop,mongo_source
power_consumption,1704872386495000000,0.31742114224333984,paolo-laptop,mongo_source
power_consumption,1704872387499000000,0.045949722711655615,paolo-laptop,mongo_source
power_consumption,1704872388501000000,0.14923271374010644,paolo-laptop,mongo_source
power_consumption,1704872389502000000,0.05393257670826522,paolo-laptop,mongo_source
power_consumption,1704872390503000000,0.06588695777210365,paolo-laptop,mongo_source
power_consumption,1704872391507000000,0.048662764937931334,paolo-laptop,mongo_source
power_consumption,1704872392509000000,0.1428261741351527,paolo-laptop,mongo_source
power_consumption,1704872393510000000,0.05596512592674321,paolo-laptop,mongo_source
power_consumption,1704872394512000000,0.05053598869556683,paolo-laptop,mongo_source
power_consumption,1704872395513000000,0.09597777059410716,paolo-laptop,mongo_source
power_consumption,1704872396515000000,0.02929527624957436,paolo-laptop,mongo_source
power_consumption,1704872397517000000,0.04959148633144013,paolo-laptop,mongo_source
power_consumption,1704872398518000000,0.23988105471634852,paolo-laptop,mongo_source
power_consumption,1704872399521000000,0.09718190861604985,paolo-laptop,mongo_source
power_consumption,1704872400522000000,0.08070281986904622,paolo-laptop,mongo_source
power_consumption,1704872401524000000,0.07293210735556113,paolo-laptop,mongo_source
power_consumption,1704872402527000000,0.07596142302202338,paolo-laptop,mongo_source
power_consumption,1704872403530000000,0.07832165680484743,paolo-laptop,mongo_source
power_consumption,1704872404532000000,0.06424709418445308,paolo-laptop,mongo_source
power_consumption,1704872405534000000,0.06472420981273018,paolo-laptop,mongo_source
power_consumption,1704872406536000000,0.06841638573571623,paolo-laptop,mongo_source
power_consumption,1704872407543000000,0.061175469935531385,paolo-laptop,mongo_source
power_consumption,1704872408545000000,0.10953589261173177,paolo-laptop,mongo_source
power_consumption,1704872409548000000,0.05170351317196447,paolo-laptop,mongo_source
power_consumption,1704872410552000000,0.08497193034438971,paolo-laptop,mongo_source
power_consumption,1704872411556000000,0.14000094463122914,paolo-laptop,mongo_source
power_consumption,1704872412560000000,0.1474996969367915,paolo-laptop,mongo_source
power_consumption,1704872413563000000,0.05540234373888932,paolo-laptop,mongo_source
power_consumption,1704872414567000000,0.07989307540961166,paolo-laptop,mongo_source
power_consumption,1704872415571000000,0.13780079825508162,paolo-laptop,mongo_source
power_consumption,1704872416572000000,0.05281304869799888,paolo-laptop,mongo_source
power_consumption,1704872417574000000,0.0647500269123452,paolo-laptop,mongo_source
power_consumption,1704872418578000000,0.1583738858203711,paolo-laptop,mongo_source
power_consumption,1704872419582000000,0.16945131297540547,paolo-laptop,mongo_source
power_consumption,1704872420585000000,0.24282417703744355,paolo-laptop,mongo_source
power_consumption,1704872421587000000,0.18934951739053318,paolo-laptop,mongo_source
power_consumption,1704872422588000000,0.15809798267993766,paolo-laptop,mongo_source
power_consumption,1704872423592000000,0.05575002276337656,paolo-laptop,mongo_source
power_consumption,1704872424596000000,0.24385172575971142,paolo-laptop,mongo_source
power_consumption,1704872425600000000,0.3848341757799996,paolo-laptop,mongo_source
power_consumption,1704872426604000000,0.30339887642724744,paolo-laptop,mongo_source
power_consumption,1704872427606000000,0.045239990781952615,paolo-laptop,mongo_source
power_consumption,1704872428610000000,0.14306136333447345,paolo-laptop,mongo_source
power_consumption,1704872429613000000,0.3057443419258007,paolo-laptop,mongo_source
power_consumption,1704872430617000000,0.07680895435931974,paolo-laptop,mongo_source
power_consumption,1704872431618000000,0.3266997410908233,paolo-laptop,mongo_source
power_consumption,1704872432622000000,0.1579852004122875,paolo-laptop,mongo_source
power_consumption,1704872433625000000,0.1590850120007971,paolo-laptop,mongo_source
power_consumption,1704872434629000000,0.07823565014348469,paolo-laptop,mongo_source
power_consumption,1704872435634000000,0.06921313537205466,paolo-laptop,mongo_source
power_consumption,1704872436639000000,0.30068670498016337,paolo-laptop,mongo_source
power_consumption,1704872437641000000,0.09989588786212841,paolo-laptop,mongo_source
power_consumption,1704872438645000000,0.12023571993263385,paolo-laptop,mongo_source
power_consumption,1704872439649000000,0.3320344565011088,paolo-laptop,mongo_source
power_consumption,1704872441654000000,0.6229300112429421,paolo-laptop,mongo_source
power_consumption,1704872442655000000,0.14886862684540494,paolo-laptop,mongo_source
power_consumption,1704872443656000000,0.24622671967044849,paolo-laptop,mongo_source
power_consumption,1704872444658000000,0.07705474989467831,paolo-laptop,mongo_source
power_consumption,1704872445660000000,0.04107158609836323,paolo-laptop,mongo_source
power_consumption,1704872446661000000,0.10216482999483378,paolo-laptop,mongo_source
power_consumption,1704872447664000000,0.04529448007604278,paolo-laptop,mongo_source
power_consumption,1704872448665000000,0.17560994931785606,paolo-laptop,mongo_source
power_consumption,1704872449667000000,0.03377527704335872,paolo-laptop,mongo_source
power_consumption,1704872450669000000,0.06353034453874375,paolo-laptop,mongo_source
power_consumption,1704872451673000000,0.058218815923017114,paolo-laptop,mongo_source
power_consumption,1704872452674000000,0.04524561820443004,paolo-laptop,mongo_source
power_consumption,1704872453677000000,0.060785359824705024,paolo-laptop,mongo_source
power_consumption,1704872454679000000,0.04900489297346932,paolo-laptop,mongo_source
power_consumption,1704872455683000000,0.032483663379927676,paolo-laptop,mongo_source
power_consumption,1704872456684000000,0.048562980223539415,paolo-laptop,mongo_source
power_consumption,1704872457686000000,0.06329410474987834,paolo-laptop,mongo_source
power_consumption,1704872458694000000,0.13734953338826342,paolo-laptop,mongo_source
power_consumption,1704872459699000000,0.05809984849496168,paolo-laptop,mongo_source
power_consumption,1704872460702000000,0.05515641107887139,paolo-laptop,mongo_source
power_consumption,1704872461703000000,0.07046794634434422,paolo-laptop,mongo_source
power_consumption,1704872462705000000,0.06331724715538153,paolo-laptop,mongo_source
power_consumption,1704872463706000000,0.06374491482501046,paolo-laptop,mongo_source
power_consumption,1704872464711000000,0.04977900486549413,paolo-laptop,mongo_source
power_consumption,1704872465713000000,0.06013478417258891,paolo-laptop,mongo_source
power_consumption,1704872466715000000,0.03425863252956985,paolo-laptop,mongo_source
power_consumption,1704872467717000000,0.050109239866662644,paolo-laptop,mongo_source
power_consumption,1704872468719000000,0.1348944643297329,paolo-laptop,mongo_source
power_consumption,1704872469724000000,0.115998449588318,paolo-laptop,mongo_source
power_consumption,1704872470726000000,0.08727668888853993,paolo-laptop,mongo_source
power_consumption,1704872471727000000,0.047482149486061984,paolo-laptop,mongo_source
power_consumption,1704872472731000000,0.2407771425768203,paolo-laptop,mongo_source
power_consumption,1704872473733000000,0.1758114645077348,paolo-laptop,mongo_source
power_consumption,1704872474735000000,0.08101682664131543,paolo-laptop,mongo_source
power_consumption,1704872475736000000,0.051240978580575185,paolo-laptop,mongo_source
power_consumption,1704872476738000000,0.04791667037632409,paolo-laptop,mongo_source
power_consumption,1704872477742000000,0.14274365956699017,paolo-laptop,mongo_source
power_consumption,1704872478745000000,0.385051521097272,paolo-laptop,mongo_source
power_consumption,1704872479748000000,0.08174410384895331,paolo-laptop,mongo_source
power_consumption,1704872480751000000,0.05110509513271973,paolo-laptop,mongo_source
power_consumption,1704872481755000000,0.05571698788902587,paolo-laptop,mongo_source
power_consumption,1704872482758000000,0.07916321787533535,paolo-laptop,mongo_source
power_consumption,1704872483763000000,0.05147834108462808,paolo-laptop,mongo_source
power_consumption,1704872484767000000,0.1712552723001387,paolo-laptop,mongo_source
power_consumption,1704872485772000000,0.15002936990292953,paolo-laptop,mongo_source
power_consumption,1704872486775000000,0.06180938939654035,paolo-laptop,mongo_source
power_consumption,1704872487779000000,0.30578207318071415,paolo-laptop,mongo_source
power_consumption,1704872488782000000,0.26641729757776966,paolo-laptop,mongo_source
power_consumption,1704872489783000000,0.06341050546478455,paolo-laptop,mongo_source
power_consumption,1704872490786000000,0.0845479830555206,paolo-laptop,mongo_source
power_consumption,1704872491789000000,0.32672429366653105,paolo-laptop,mongo_source
power_consumption,1704872492792000000,0.046203783500181936,paolo-laptop,mongo_source
power_consumption,1704872493794000000,0.03999136620936992,paolo-laptop,mongo_source
power_consumption,1704872494798000000,0.09124687191324904,paolo-laptop,mongo_source
power_consumption,1704872495799000000,0.05749059062446855,paolo-laptop,mongo_source
power_consumption,1704872496805000000,0.03524406268146213,paolo-laptop,mongo_source
power_consumption,1704872497813000000,0.09079642096670322,paolo-laptop,mongo_source
power_consumption,1704872498817000000,0.18460049112176888,paolo-laptop,mongo_source
power_consumption,1704872499818000000,0.08439232711741984,paolo-laptop,mongo_source
power_consumption,1704872500822000000,0.05628637303391665,paolo-laptop,mongo_source
power_consumption,1704872501824000000,0.07998746041502199,paolo-laptop,mongo_source
power_consumption,1704872502825000000,0.06561760135246092,paolo-laptop,mongo_source
power_consumption,1704872503827000000,0.32794604974544633,paolo-laptop,mongo_source
power_consumption,1704872504829000000,0.10323859701522116,paolo-laptop,mongo_source
power_consumption,1704872505831000000,0.2390601949295243,paolo-laptop,mongo_source
power_consumption,1704872506834000000,0.057355647611365745,paolo-laptop,mongo_source
power_consumption,1704872507835000000,0.09782539801020165,paolo-laptop,mongo_source
power_consumption,1704872508837000000,0.1224208612530367,paolo-laptop,mongo_source
power_consumption,1704872509838000000,0.18449662490761115,paolo-laptop,mongo_source
power_consumption,1704872510840000000,0.07170644355753893,paolo-laptop,mongo_source
power_consumption,1704872511842000000,0.07888938029330267,paolo-laptop,mongo_source
power_consumption,1704872512845000000,0.18335970833407952,paolo-laptop,mongo_source
