name,time,power,sensor,target
power_consumption,1704487733588000000,13.375956732696945,paolo-laptop,crate-container-cd
power_consumption,1704487734591000000,12.327690991271538,paolo-laptop,crate-container-cd
power_consumption,1704487735593000000,13.995759971114296,paolo-laptop,crate-container-cd
power_consumption,1704487736595000000,12.655820218241452,paolo-laptop,crate-container-cd
power_consumption,1704487738599000000,11.390858515569482,paolo-laptop,crate-container-cd
power_consumption,1704487739600000000,10.590870622751417,paolo-laptop,crate-container-cd
power_consumption,1704487742606000000,14.152694370899919,paolo-laptop,crate-container-cd
power_consumption,1704487743608000000,10.074375098278441,paolo-laptop,crate-container-cd
power_consumption,1704487744610000000,10.261640304681638,paolo-laptop,crate-container-cd
power_consumption,1704487745612000000,14.97268587480428,paolo-laptop,crate-container-cd
power_consumption,1704487746614000000,11.861783234711936,paolo-laptop,crate-container-cd
power_consumption,1704487747616000000,13.13654806303458,paolo-laptop,crate-container-cd
power_consumption,1704487748618000000,11.026216931825038,paolo-laptop,crate-container-cd
power_consumption,1704487749620000000,12.574299371179011,paolo-laptop,crate-container-cd
power_consumption,1704487750621000000,11.17616322835954,paolo-laptop,crate-container-cd
power_consumption,1704487751623000000,13.572242136837467,paolo-laptop,crate-container-cd
power_consumption,1704487753626000000,9.735623479333285,paolo-laptop,crate-container-cd
power_consumption,1704487754627000000,9.987536849274111,paolo-laptop,crate-container-cd
power_consumption,1704487755628000000,12.10949364402739,paolo-laptop,crate-container-cd
power_consumption,1704487757631000000,11.16281858072161,paolo-laptop,crate-container-cd
power_consumption,1704487759634000000,12.545538142601062,paolo-laptop,crate-container-cd
power_consumption,1704487760635000000,11.514624979165546,paolo-laptop,crate-container-cd
power_consumption,1704487761637000000,10.05247547760972,paolo-laptop,crate-container-cd
power_consumption,1704487762638000000,9.978511779810848,paolo-laptop,crate-container-cd
power_consumption,1704487764642000000,13.313858849960056,paolo-laptop,crate-container-cd
power_consumption,1704487766648000000,10.824530823477348,paolo-laptop,crate-container-cd
power_consumption,1704487767649000000,11.89543194803272,paolo-laptop,crate-container-cd
power_consumption,1704487769654000000,11.725516994899966,paolo-laptop,crate-container-cd
power_consumption,1704487770656000000,15.046080502524104,paolo-laptop,crate-container-cd
power_consumption,1704487773662000000,8.487627465580282,paolo-laptop,crate-container-cd
power_consumption,1704487774663000000,10.420647464684162,paolo-laptop,crate-container-cd
power_consumption,1704487775665000000,11.662354743542505,paolo-laptop,crate-container-cd
power_consumption,1704487776666000000,13.284559183518166,paolo-laptop,crate-container-cd
power_consumption,1704487780675000000,11.683514946870222,paolo-laptop,crate-container-cd
power_consumption,1704487781676000000,12.663350396092182,paolo-laptop,crate-container-cd
power_consumption,1704487782678000000,9.3268884520132,paolo-laptop,crate-container-cd
power_consumption,1704487783680000000,12.480484890113818,paolo-laptop,crate-container-cd
power_consumption,1704487784682000000,11.35139547101115,paolo-laptop,crate-container-cd
power_consumption,1704487785683000000,6.91354880635351,paolo-laptop,crate-container-cd
power_consumption,1704487786684000000,9.155188775911615,paolo-laptop,crate-container-cd
power_consumption,1704487787686000000,11.89882295263019,paolo-laptop,crate-container-cd
power_consumption,1704487788688000000,11.332778766628474,paolo-laptop,crate-container-cd
power_consumption,1704487789689000000,13.003815473177854,paolo-laptop,crate-container-cd
power_consumption,1704487790694000000,10.607292978097291,paolo-laptop,crate-container-cd
power_consumption,1704487791696000000,15.457799870037201,paolo-laptop,crate-container-cd
power_consumption,1704487792698000000,14.93330176526307,paolo-laptop,crate-container-cd
power_consumption,1704487796707000000,14.827662473595398,paolo-laptop,crate-container-cd
power_consumption,1704487797710000000,17.101394904868602,paolo-laptop,crate-container-cd
power_consumption,1704487798712000000,14.878048403124353,paolo-laptop,crate-container-cd
power_consumption,1704487799714000000,13.94372940789887,paolo-laptop,crate-container-cd
power_consumption,1704487800716000000,13.983730387527725,paolo-laptop,crate-container-cd
power_consumption,1704487801718000000,12.515414193093564,paolo-laptop,crate-container-cd
power_consumption,1704487802720000000,14.124853235109248,paolo-laptop,crate-container-cd
power_consumption,1704487803722000000,13.668035268101065,paolo-laptop,crate-container-cd
power_consumption,1704487805725000000,14.937823961851288,paolo-laptop,crate-container-cd
power_consumption,1704487806727000000,15.064189706774975,paolo-laptop,crate-container-cd
power_consumption,1704487807730000000,14.850713845011455,paolo-laptop,crate-container-cd
power_consumption,1704487808732000000,15.160991857783277,paolo-laptop,crate-container-cd
power_consumption,1704487809734000000,14.38737186256173,paolo-laptop,crate-container-cd
power_consumption,1704487810737000000,15.781180742787576,paolo-laptop,crate-container-cd
power_consumption,1704487811739000000,14.428122363464245,paolo-laptop,crate-container-cd
power_consumption,1704487812742000000,14.624479827745652,paolo-laptop,crate-container-cd
power_consumption,1704487813744000000,14.42828438864837,paolo-laptop,crate-container-cd
power_consumption,1704487814746000000,14.648342574733485,paolo-laptop,crate-container-cd
power_consumption,1704487815747000000,13.93015713809699,paolo-laptop,crate-container-cd
power_consumption,1704487816749000000,15.07008176007447,paolo-laptop,crate-container-cd
power_consumption,1704487817751000000,14.116423023011713,paolo-laptop,crate-container-cd
power_consumption,1704487818753000000,14.87741762632285,paolo-laptop,crate-container-cd
power_consumption,1704487819755000000,14.579808573669808,paolo-laptop,crate-container-cd
power_consumption,1704487820757000000,14.629200315984564,paolo-laptop,crate-container-cd
power_consumption,1704487821759000000,14.035293756924618,paolo-laptop,crate-container-cd
power_consumption,1704487822761000000,14.329266490554325,paolo-laptop,crate-container-cd
power_consumption,1704487823763000000,14.029769480420537,paolo-laptop,crate-container-cd
power_consumption,1704487824766000000,14.42544789611149,paolo-laptop,crate-container-cd
power_consumption,1704487825769000000,13.56237867162896,paolo-laptop,crate-container-cd
power_consumption,1704487826771000000,14.456407889370182,paolo-laptop,crate-container-cd
power_consumption,1704487827779000000,13.268779730373765,paolo-laptop,crate-container-cd
power_consumption,1704487828782000000,11.792247976532455,paolo-laptop,crate-container-cd
power_consumption,1704487829784000000,12.229659009051506,paolo-laptop,crate-container-cd
power_consumption,1704487830786000000,14.73099708775736,paolo-laptop,crate-container-cd
power_consumption,1704487831788000000,14.82104909140233,paolo-laptop,crate-container-cd
power_consumption,1704487832790000000,14.871055099010906,paolo-laptop,crate-container-cd
power_consumption,1704487833792000000,14.553888675049585,paolo-laptop,crate-container-cd
power_consumption,1704487834794000000,14.14019574739787,paolo-laptop,crate-container-cd
power_consumption,1704487835796000000,15.058683485473823,paolo-laptop,crate-container-cd
power_consumption,1704487836799000000,14.124464910065978,paolo-laptop,crate-container-cd
power_consumption,1704487837800000000,14.847237438562246,paolo-laptop,crate-container-cd
power_consumption,1704487838803000000,14.903730652816352,paolo-laptop,crate-container-cd
power_consumption,1704487839806000000,13.297056470390721,paolo-laptop,crate-container-cd
power_consumption,1704487840811000000,14.84003667275065,paolo-laptop,crate-container-cd
power_consumption,1704487841814000000,15.247476744252754,paolo-laptop,crate-container-cd
power_consumption,1704487842816000000,15.48334493126146,paolo-laptop,crate-container-cd
power_consumption,1704487843818000000,13.536928365664165,paolo-laptop,crate-container-cd
power_consumption,1704487844820000000,14.095739407976604,paolo-laptop,crate-container-cd
power_consumption,1704487845830000000,18.64766842046423,paolo-laptop,crate-container-cd
power_consumption,1704487846832000000,15.70785898576139,paolo-laptop,crate-container-cd
power_consumption,1704487847835000000,14.248067298251481,paolo-laptop,crate-container-cd
power_consumption,1704487848837000000,13.849022680818928,paolo-laptop,crate-container-cd
power_consumption,1704487849840000000,15.514416623309874,paolo-laptop,crate-container-cd
power_consumption,1704487850843000000,14.042427408362993,paolo-laptop,crate-container-cd
power_consumption,1704487851844000000,13.931822090599699,paolo-laptop,crate-container-cd
power_consumption,1704487852846000000,13.841846496833973,paolo-laptop,crate-container-cd
power_consumption,1704487853848000000,14.493615258127509,paolo-laptop,crate-container-cd
power_consumption,1704487854851000000,13.491830939318053,paolo-laptop,crate-container-cd
power_consumption,1704487855854000000,12.71089771721437,paolo-laptop,crate-container-cd
power_consumption,1704487856856000000,11.960878715777845,paolo-laptop,crate-container-cd
power_consumption,1704487857858000000,12.783433683495387,paolo-laptop,crate-container-cd
power_consumption,1704487858860000000,12.585638379940775,paolo-laptop,crate-container-cd
power_consumption,1704487859862000000,14.295447971055935,paolo-laptop,crate-container-cd
power_consumption,1704487860864000000,12.517125091822258,paolo-laptop,crate-container-cd
power_consumption,1704487861867000000,12.52368372085307,paolo-laptop,crate-container-cd
power_consumption,1704487862869000000,12.217438909760386,paolo-laptop,crate-container-cd
power_consumption,1704487863872000000,11.873337802175962,paolo-laptop,crate-container-cd
power_consumption,1704487864875000000,11.531124713616325,paolo-laptop,crate-container-cd
power_consumption,1704487865877000000,11.682112867524912,paolo-laptop,crate-container-cd
power_consumption,1704487866879000000,11.614161122431646,paolo-laptop,crate-container-cd
power_consumption,1704487867888000000,11.456855966324403,paolo-laptop,crate-container-cd
power_consumption,1704487868890000000,12.70777044094297,paolo-laptop,crate-container-cd
power_consumption,1704487869892000000,10.806363431647174,paolo-laptop,crate-container-cd
power_consumption,1704487870894000000,10.098865357566215,paolo-laptop,crate-container-cd
power_consumption,1704487871896000000,11.350829499754624,paolo-laptop,crate-container-cd
power_consumption,1704487872898000000,11.679427544726455,paolo-laptop,crate-container-cd
power_consumption,1704487873903000000,13.777361633750104,paolo-laptop,crate-container-cd
power_consumption,1704487874908000000,14.461356670451213,paolo-laptop,crate-container-cd
power_consumption,1704487875910000000,13.198515550014351,paolo-laptop,crate-container-cd
power_consumption,1704487876912000000,13.793788057269229,paolo-laptop,crate-container-cd
power_consumption,1704487877914000000,12.541365638877377,paolo-laptop,crate-container-cd
power_consumption,1704487878916000000,13.02113398893102,paolo-laptop,crate-container-cd
power_consumption,1704487879919000000,13.732811016142714,paolo-laptop,crate-container-cd
power_consumption,1704487880921000000,14.358169575979698,paolo-laptop,crate-container-cd
power_consumption,1704487881926000000,14.332913848042304,paolo-laptop,crate-container-cd
power_consumption,1704487882929000000,13.844751063797595,paolo-laptop,crate-container-cd
power_consumption,1704487883938000000,13.828498720872332,paolo-laptop,crate-container-cd
power_consumption,1704487884941000000,12.685366573625286,paolo-laptop,crate-container-cd
power_consumption,1704487885943000000,12.194971900492032,paolo-laptop,crate-container-cd
power_consumption,1704487886945000000,13.312194947413712,paolo-laptop,crate-container-cd
power_consumption,1704487887947000000,11.960793400151553,paolo-laptop,crate-container-cd
power_consumption,1704487889951000000,14.099698609641596,paolo-laptop,crate-container-cd
power_consumption,1704487891956000000,12.67199678484933,paolo-laptop,crate-container-cd
power_consumption,1704487892957000000,11.169432647589083,paolo-laptop,crate-container-cd
power_consumption,1704487893959000000,12.659351921245694,paolo-laptop,crate-container-cd
power_consumption,1704487894961000000,12.39856571763563,paolo-laptop,crate-container-cd
power_consumption,1704487895964000000,13.785921247109457,paolo-laptop,crate-container-cd
power_consumption,1704487896966000000,12.684628275733019,paolo-laptop,crate-container-cd
power_consumption,1704487897968000000,12.355329785749888,paolo-laptop,crate-container-cd
power_consumption,1704487898970000000,12.747107936071934,paolo-laptop,crate-container-cd
power_consumption,1704487899972000000,13.24948230788329,paolo-laptop,crate-container-cd
power_consumption,1704487900974000000,13.123428742145347,paolo-laptop,crate-container-cd
power_consumption,1704487901976000000,13.139528796723589,paolo-laptop,crate-container-cd
power_consumption,1704487902980000000,11.264065144035639,paolo-laptop,crate-container-cd
power_consumption,1704487908993000000,11.752889749186977,paolo-laptop,crate-container-cd
power_consumption,1704487910996000000,13.726361163593856,paolo-laptop,crate-container-cd
power_consumption,1704487911999000000,14.800987556012211,paolo-laptop,crate-container-cd
power_consumption,1704487913001000000,14.094173336722465,paolo-laptop,crate-container-cd
power_consumption,1704487914004000000,13.721879595186715,paolo-laptop,crate-container-cd
power_consumption,1704487915006000000,13.41943364414026,paolo-laptop,crate-container-cd
power_consumption,1704487916009000000,13.90941885462455,paolo-laptop,crate-container-cd
power_consumption,1704487917011000000,14.080800686613829,paolo-laptop,crate-container-cd
power_consumption,1704487918013000000,14.687711010604083,paolo-laptop,crate-container-cd
power_consumption,1704487919015000000,14.546513967692164,paolo-laptop,crate-container-cd
power_consumption,1704487920018000000,14.929735056003658,paolo-laptop,crate-container-cd
power_consumption,1704487921024000000,14.165518235798057,paolo-laptop,crate-container-cd
power_consumption,1704487922027000000,13.576825293478532,paolo-laptop,crate-container-cd
power_consumption,1704487923029000000,13.515151846671092,paolo-laptop,crate-container-cd
power_consumption,1704487924031000000,14.170114907451493,paolo-laptop,crate-container-cd
power_consumption,1704487925034000000,13.479046434961456,paolo-laptop,crate-container-cd
power_consumption,1704487926037000000,14.538888815871328,paolo-laptop,crate-container-cd
power_consumption,1704487927038000000,13.72679159544518,paolo-laptop,crate-container-cd
power_consumption,1704487928040000000,13.583076858836069,paolo-laptop,crate-container-cd
power_consumption,1704487929042000000,13.598858948793382,paolo-laptop,crate-container-cd
power_consumption,1704487930044000000,14.739813413204645,paolo-laptop,crate-container-cd
power_consumption,1704487931046000000,13.855649690234555,paolo-laptop,crate-container-cd
power_consumption,1704487932048000000,14.652959221996745,paolo-laptop,crate-container-cd
power_consumption,1704487933050000000,13.57720906210244,paolo-laptop,crate-container-cd
power_consumption,1704487934052000000,14.691232689932207,paolo-laptop,crate-container-cd
power_consumption,1704487935054000000,14.0008864138938,paolo-laptop,crate-container-cd
power_consumption,1704487936057000000,14.35962774781126,paolo-laptop,crate-container-cd
power_consumption,1704487937060000000,14.157452108030176,paolo-laptop,crate-container-cd
power_consumption,1704487939069000000,14.413466276398008,paolo-laptop,crate-container-cd
power_consumption,1704487940071000000,14.613484037740008,paolo-laptop,crate-container-cd
power_consumption,1704487941074000000,13.802170068319752,paolo-laptop,crate-container-cd
power_consumption,1704487942076000000,15.184476958578678,paolo-laptop,crate-container-cd
power_consumption,1704487943078000000,14.027001324499963,paolo-laptop,crate-container-cd
power_consumption,1704487944080000000,14.341610498627533,paolo-laptop,crate-container-cd
power_consumption,1704487945083000000,13.754053929278728,paolo-laptop,crate-container-cd
power_consumption,1704487946086000000,14.464110545746346,paolo-laptop,crate-container-cd
power_consumption,1704487947088000000,14.081929565289037,paolo-laptop,crate-container-cd
power_consumption,1704487948090000000,14.846538330459797,paolo-laptop,crate-container-cd
power_consumption,1704487949093000000,14.183595884707195,paolo-laptop,crate-container-cd
power_consumption,1704487950095000000,14.458375876891008,paolo-laptop,crate-container-cd
power_consumption,1704487951098000000,14.161203473999528,paolo-laptop,crate-container-cd
power_consumption,1704487952100000000,14.18027939085739,paolo-laptop,crate-container-cd
power_consumption,1704487953103000000,14.401896268780611,paolo-laptop,crate-container-cd
power_consumption,1704487954105000000,14.58322178600449,paolo-laptop,crate-container-cd
power_consumption,1704487955108000000,14.68268620485803,paolo-laptop,crate-container-cd
power_consumption,1704487956110000000,15.022297809876635,paolo-laptop,crate-container-cd
power_consumption,1704487958115000000,13.238893010251212,paolo-laptop,crate-container-cd
power_consumption,1704487959117000000,13.00649693330349,paolo-laptop,crate-container-cd
power_consumption,1704487960119000000,13.290386106059698,paolo-laptop,crate-container-cd
power_consumption,1704487961121000000,12.966020225058893,paolo-laptop,crate-container-cd
power_consumption,1704487962124000000,13.080920495180091,paolo-laptop,crate-container-cd
power_consumption,1704487963126000000,13.155770135963566,paolo-laptop,crate-container-cd
power_consumption,1704487964129000000,12.824912339634338,paolo-laptop,crate-container-cd
power_consumption,1704487968139000000,12.85452565678975,paolo-laptop,crate-container-cd
power_consumption,1704487970144000000,12.108027890224212,paolo-laptop,crate-container-cd
power_consumption,1704487972148000000,13.264293906351938,paolo-laptop,crate-container-cd
power_consumption,1704487977165000000,12.482407291927649,paolo-laptop,crate-container-cd
power_consumption,1704487980170000000,12.992828770921342,paolo-laptop,crate-container-cd
power_consumption,1704487981172000000,13.000407851704235,paolo-laptop,crate-container-cd
power_consumption,1704487982174000000,13.0564182713168,paolo-laptop,crate-container-cd
power_consumption,1704487983176000000,13.235428187071236,paolo-laptop,crate-container-cd
power_consumption,1704487984178000000,13.004606214933347,paolo-laptop,crate-container-cd
power_consumption,1704487985180000000,13.036118229406314,paolo-laptop,crate-container-cd
power_consumption,1704487986182000000,13.033109047074355,paolo-laptop,crate-container-cd
power_consumption,1704487987184000000,12.952628221492926,paolo-laptop,crate-container-cd
power_consumption,1704487988186000000,12.8655085219756,paolo-laptop,crate-container-cd
power_consumption,1704487989187000000,12.99357970099956,paolo-laptop,crate-container-cd
power_consumption,1704487990190000000,12.9656313630806,paolo-laptop,crate-container-cd
power_consumption,1704487991192000000,13.012330386308998,paolo-laptop,crate-container-cd
power_consumption,1704487992194000000,12.976341873556445,paolo-laptop,crate-container-cd
power_consumption,1704487993196000000,12.975456910850163,paolo-laptop,crate-container-cd
power_consumption,1704487994199000000,12.86383160693554,paolo-laptop,crate-container-cd
power_consumption,1704487995200000000,12.697316141158225,paolo-laptop,crate-container-cd
power_consumption,1704487996202000000,12.794524082440164,paolo-laptop,crate-container-cd
power_consumption,1704488002219000000,12.95891584888509,paolo-laptop,crate-container-cd
power_consumption,1704488006231000000,12.927933523146992,paolo-laptop,crate-container-cd
power_consumption,1704488007234000000,12.42179800754696,paolo-laptop,crate-container-cd
power_consumption,1704488010240000000,12.19135866996458,paolo-laptop,crate-container-cd
power_consumption,1704488011242000000,12.902354261532357,paolo-laptop,crate-container-cd
power_consumption,1704488015249000000,12.610151145210784,paolo-laptop,crate-container-cd
power_consumption,1704488016252000000,12.511531882039469,paolo-laptop,crate-container-cd
power_consumption,1704488017254000000,13.065488041029514,paolo-laptop,crate-container-cd
power_consumption,1704488022265000000,13.064534876982977,paolo-laptop,crate-container-cd
power_consumption,1704488023270000000,13.335724472719255,paolo-laptop,crate-container-cd
power_consumption,1704488030313000000,13.166751737296753,paolo-laptop,crate-container-cd
power_consumption,1704488033339000000,10.726202607524534,paolo-laptop,crate-container-cd
power_consumption,1704488034344000000,13.214789721197409,paolo-laptop,crate-container-cd
power_consumption,1704488036348000000,12.991499737335308,paolo-laptop,crate-container-cd
power_consumption,1704488037350000000,13.097828740302262,paolo-laptop,crate-container-cd
power_consumption,1704488038352000000,13.197897769253958,paolo-laptop,crate-container-cd
power_consumption,1704488039354000000,12.925367094249665,paolo-laptop,crate-container-cd
power_consumption,1704488040357000000,13.083701781925035,paolo-laptop,crate-container-cd
power_consumption,1704488041359000000,12.91614971425983,paolo-laptop,crate-container-cd
power_consumption,1704488042361000000,13.071009981068709,paolo-laptop,crate-container-cd
power_consumption,1704488043366000000,12.148934868399044,paolo-laptop,crate-container-cd
power_consumption,1704488052399000000,13.083748372503942,paolo-laptop,crate-container-cd
power_consumption,1704488053404000000,13.01842404227967,paolo-laptop,crate-container-cd
power_consumption,1704488054410000000,13.19060426206259,paolo-laptop,crate-container-cd
power_consumption,1704488055412000000,13.10875702449383,paolo-laptop,crate-container-cd
power_consumption,1704488056414000000,13.156977614794133,paolo-laptop,crate-container-cd
power_consumption,1704488057417000000,12.838597115141662,paolo-laptop,crate-container-cd
power_consumption,1704488058419000000,12.986297029228243,paolo-laptop,crate-container-cd
power_consumption,1704488059421000000,13.00045862582455,paolo-laptop,crate-container-cd
power_consumption,1704488060423000000,13.178857295535067,paolo-laptop,crate-container-cd
power_consumption,1704488061425000000,12.979159609504437,paolo-laptop,crate-container-cd
power_consumption,1704488062427000000,13.234134871798153,paolo-laptop,crate-container-cd
power_consumption,1704488063429000000,13.04122899068783,paolo-laptop,crate-container-cd
power_consumption,1704488064431000000,13.0675601049965,paolo-laptop,crate-container-cd
power_consumption,1704488065432000000,12.88691676653142,paolo-laptop,crate-container-cd
power_consumption,1704488066434000000,13.131239408522724,paolo-laptop,crate-container-cd
power_consumption,1704488067437000000,13.006846590124544,paolo-laptop,crate-container-cd
power_consumption,1704488068443000000,12.824831058914114,paolo-laptop,crate-container-cd
power_consumption,1704488069445000000,12.931438876525995,paolo-laptop,crate-container-cd
power_consumption,1704488070447000000,13.129410967960627,paolo-laptop,crate-container-cd
power_consumption,1704488071452000000,13.022368917269405,paolo-laptop,crate-container-cd
power_consumption,1704488072458000000,9.36566015168811,paolo-laptop,crate-container-cd
power_consumption,1704488074463000000,12.83445390402163,paolo-laptop,crate-container-cd
power_consumption,1704488075465000000,12.744211667904946,paolo-laptop,crate-container-cd
power_consumption,1704488076469000000,12.163399428680385,paolo-laptop,crate-container-cd
power_consumption,1704488079474000000,12.740576100318846,paolo-laptop,crate-container-cd
power_consumption,1704488080476000000,12.981402735303599,paolo-laptop,crate-container-cd
power_consumption,1704488081479000000,12.793354066574578,paolo-laptop,crate-container-cd
power_consumption,1704488082482000000,12.979004783789467,paolo-laptop,crate-container-cd
power_consumption,1704488083487000000,12.82775337111052,paolo-laptop,crate-container-cd
power_consumption,1704488084489000000,12.7070247464868,paolo-laptop,crate-container-cd
power_consumption,1704488085491000000,12.566667532249483,paolo-laptop,crate-container-cd
power_consumption,1704488086494000000,12.722791576282177,paolo-laptop,crate-container-cd
power_consumption,1704488087495000000,12.945252957450238,paolo-laptop,crate-container-cd
power_consumption,1704488088497000000,10.598497834506594,paolo-laptop,crate-container-cd
power_consumption,1704488089500000000,12.96057516291428,paolo-laptop,crate-container-cd
power_consumption,1704488090502000000,12.912219385491477,paolo-laptop,crate-container-cd
power_consumption,1704488091505000000,12.465060835829796,paolo-laptop,crate-container-cd
power_consumption,1704488092510000000,12.716560388229524,paolo-laptop,crate-container-cd
power_consumption,1704488093512000000,12.911847782557253,paolo-laptop,crate-container-cd
power_consumption,1704488094514000000,12.826582099244904,paolo-laptop,crate-container-cd
power_consumption,1704488112579000000,11.50341651301724,paolo-laptop,crate-container-cd
power_consumption,1704488121609000000,7.18682946819962,paolo-laptop,crate-container-cd
power_consumption,1704488122611000000,11.497511651763215,paolo-laptop,crate-container-cd
power_consumption,1704488123613000000,7.247291701306712,paolo-laptop,crate-container-cd
power_consumption,1704488124614000000,8.553149988287757,paolo-laptop,crate-container-cd
power_consumption,1704488125616000000,11.160861546301888,paolo-laptop,crate-container-cd
power_consumption,1704488130633000000,5.2318189161255395,paolo-laptop,crate-container-cd
power_consumption,1704488137660000000,6.064278290108596,paolo-laptop,crate-container-cd
power_consumption,1704488140675000000,12.095374309816867,paolo-laptop,crate-container-cd
power_consumption,1704488141677000000,3.798523305273113,paolo-laptop,crate-container-cd
power_consumption,1704488142679000000,12.813300955008541,paolo-laptop,crate-container-cd
power_consumption,1704488143682000000,12.367793237103493,paolo-laptop,crate-container-cd
power_consumption,1704488144683000000,12.200110206936102,paolo-laptop,crate-container-cd
power_consumption,1704488145685000000,12.403637326386711,paolo-laptop,crate-container-cd
power_consumption,1704488146687000000,11.36943949562604,paolo-laptop,crate-container-cd
power_consumption,1704488147689000000,12.481842737962904,paolo-laptop,crate-container-cd
power_consumption,1704488148691000000,12.15383894881502,paolo-laptop,crate-container-cd
power_consumption,1704488149693000000,11.8788223966069,paolo-laptop,crate-container-cd
power_consumption,1704488150698000000,12.088657802074394,paolo-laptop,crate-container-cd
power_consumption,1704488151700000000,11.97524570296161,paolo-laptop,crate-container-cd
power_consumption,1704488152702000000,11.145168081384952,paolo-laptop,crate-container-cd
power_consumption,1704488153703000000,11.636524102442234,paolo-laptop,crate-container-cd
power_consumption,1704488154705000000,11.398573887398468,paolo-laptop,crate-container-cd
power_consumption,1704488155707000000,11.417198178941579,paolo-laptop,crate-container-cd
power_consumption,1704488156708000000,10.929932476475123,paolo-laptop,crate-container-cd
power_consumption,1704488157710000000,11.282920714118788,paolo-laptop,crate-container-cd
power_consumption,1704488158711000000,10.576271403898252,paolo-laptop,crate-container-cd
power_consumption,1704488159713000000,8.478785685172046,paolo-laptop,crate-container-cd
power_consumption,1704488160717000000,9.674910836033597,paolo-laptop,crate-container-cd
power_consumption,1704488161721000000,3.2619658048549085,paolo-laptop,crate-container-cd
power_consumption,1704488163725000000,12.372736600382055,paolo-laptop,crate-container-cd
power_consumption,1704488164727000000,12.719134586668343,paolo-laptop,crate-container-cd
power_consumption,1704488165729000000,7.852596455185894,paolo-laptop,crate-container-cd
power_consumption,1704488167732000000,14.168749493805533,paolo-laptop,crate-container-cd
power_consumption,1704488168734000000,12.669088128457368,paolo-laptop,crate-container-cd
power_consumption,1704488169736000000,2.837051867419871,paolo-laptop,crate-container-cd
power_consumption,1704488171739000000,13.804575414469156,paolo-laptop,crate-container-cd
power_consumption,1704488172741000000,13.759705036271043,paolo-laptop,crate-container-cd
power_consumption,1704488173744000000,13.976894712453243,paolo-laptop,crate-container-cd
power_consumption,1704488174746000000,13.756711532783022,paolo-laptop,crate-container-cd
power_consumption,1704488175751000000,6.722926696768063,paolo-laptop,crate-container-cd
power_consumption,1704488176754000000,4.914662702542666,paolo-laptop,crate-container-cd
power_consumption,1704488178759000000,12.922096886987138,paolo-laptop,crate-container-cd
power_consumption,1704488179762000000,12.899684807972527,paolo-laptop,crate-container-cd
power_consumption,1704488180764000000,12.983210290004479,paolo-laptop,crate-container-cd
power_consumption,1704488181766000000,13.802932156236942,paolo-laptop,crate-container-cd
power_consumption,1704488182772000000,3.518941039025243,paolo-laptop,crate-container-cd
power_consumption,1704488184779000000,5.178610447197912,paolo-laptop,crate-container-cd
power_consumption,1704488186786000000,11.819797402450785,paolo-laptop,crate-container-cd
power_consumption,1704488187788000000,5.045793313285092,paolo-laptop,crate-container-cd
power_consumption,1704488189796000000,1.520547372905736,paolo-laptop,crate-container-cd
power_consumption,1704488190798000000,11.942035581380852,paolo-laptop,crate-container-cd
power_consumption,1704488191800000000,12.054810950490499,paolo-laptop,crate-container-cd
power_consumption,1704488192804000000,10.095713556462332,paolo-laptop,crate-container-cd
power_consumption,1704488193806000000,6.239988174380004,paolo-laptop,crate-container-cd
power_consumption,1704488194808000000,12.111456732276494,paolo-laptop,crate-container-cd
power_consumption,1704488195812000000,10.071448060434099,paolo-laptop,crate-container-cd
power_consumption,1704488197818000000,7.9183166797240485,paolo-laptop,crate-container-cd
power_consumption,1704488198820000000,10.589580072127625,paolo-laptop,crate-container-cd
power_consumption,1704488200823000000,13.526545732011508,paolo-laptop,crate-container-cd
power_consumption,1704488201824000000,11.566030290734446,paolo-laptop,crate-container-cd
power_consumption,1704488202826000000,12.19343285426001,paolo-laptop,crate-container-cd
power_consumption,1704488203830000000,6.2542268695896075,paolo-laptop,crate-container-cd
power_consumption,1704488204832000000,5.036533875074157,paolo-laptop,crate-container-cd
power_consumption,1704488205836000000,3.438754733602102,paolo-laptop,crate-container-cd
power_consumption,1704488206838000000,8.817112094807374,paolo-laptop,crate-container-cd
power_consumption,1704488207841000000,3.2436571419431917,paolo-laptop,crate-container-cd
power_consumption,1704488208843000000,8.519033192393891,paolo-laptop,crate-container-cd
power_consumption,1704488209845000000,8.977906556144301,paolo-laptop,crate-container-cd
power_consumption,1704488210847000000,10.020155383534052,paolo-laptop,crate-container-cd
power_consumption,1704488211850000000,13.040377102538024,paolo-laptop,crate-container-cd
power_consumption,1704488212854000000,6.974470002326597,paolo-laptop,crate-container-cd
power_consumption,1704488213856000000,5.372655270308851,paolo-laptop,crate-container-cd
power_consumption,1704488214858000000,13.144107706053273,paolo-laptop,crate-container-cd
power_consumption,1704488215860000000,6.093232185261879,paolo-laptop,crate-container-cd
power_consumption,1704488216862000000,7.469314980427873,paolo-laptop,crate-container-cd
power_consumption,1704488217864000000,9.842406755054323,paolo-laptop,crate-container-cd
power_consumption,1704488218865000000,12.507480970769297,paolo-laptop,crate-container-cd
power_consumption,1704488219867000000,12.378554989963302,paolo-laptop,crate-container-cd
power_consumption,1704488220868000000,8.000531761810217,paolo-laptop,crate-container-cd
power_consumption,1704488222875000000,1.4426237799346602,paolo-laptop,crate-container-cd
power_consumption,1704488223877000000,9.322242389755406,paolo-laptop,crate-container-cd
power_consumption,1704488224879000000,11.677928376615089,paolo-laptop,crate-container-cd
power_consumption,1704488225882000000,4.664149328371008,paolo-laptop,crate-container-cd
power_consumption,1704488226884000000,5.714507810133441,paolo-laptop,crate-container-cd
power_consumption,1704488227888000000,7.045725597291519,paolo-laptop,crate-container-cd
power_consumption,1704488229894000000,3.934269851046771,paolo-laptop,crate-container-cd
power_consumption,1704488230899000000,11.14707226898416,paolo-laptop,crate-container-cd
power_consumption,1704488231902000000,12.130250971786431,paolo-laptop,crate-container-cd
power_consumption,1704488232904000000,13.477662493977023,paolo-laptop,crate-container-cd
power_consumption,1704488233907000000,12.295322167264493,paolo-laptop,crate-container-cd
power_consumption,1704488234909000000,13.15650738692161,paolo-laptop,crate-container-cd
power_consumption,1704488235911000000,12.282574989642988,paolo-laptop,crate-container-cd
power_consumption,1704488236913000000,11.927243197629947,paolo-laptop,crate-container-cd
power_consumption,1704488237915000000,11.477300621684792,paolo-laptop,crate-container-cd
power_consumption,1704488238918000000,13.213777692423658,paolo-laptop,crate-container-cd
power_consumption,1704488239922000000,11.284616375327687,paolo-laptop,crate-container-cd
power_consumption,1704488240923000000,6.737936507920694,paolo-laptop,crate-container-cd
power_consumption,1704488241925000000,4.5632430445124585,paolo-laptop,crate-container-cd
power_consumption,1704488242927000000,5.253099089631514,paolo-laptop,crate-container-cd
power_consumption,1704488243929000000,7.46410664367285,paolo-laptop,crate-container-cd
power_consumption,1704488244931000000,4.93989453159658,paolo-laptop,crate-container-cd
power_consumption,1704488245933000000,12.221061029377498,paolo-laptop,crate-container-cd
power_consumption,1704488246935000000,12.076803134155384,paolo-laptop,crate-container-cd
power_consumption,1704488247938000000,11.795069512100188,paolo-laptop,crate-container-cd
power_consumption,1704488248941000000,11.774994660704118,paolo-laptop,crate-container-cd
power_consumption,1704488249943000000,11.406271083192514,paolo-laptop,crate-container-cd
power_consumption,1704488250945000000,11.323060712573422,paolo-laptop,crate-container-cd
power_consumption,1704488251947000000,11.842250557086771,paolo-laptop,crate-container-cd
power_consumption,1704488252949000000,11.346644968768825,paolo-laptop,crate-container-cd
power_consumption,1704488253951000000,11.058819123134498,paolo-laptop,crate-container-cd
power_consumption,1704488254953000000,12.367341475157831,paolo-laptop,crate-container-cd
power_consumption,1704488255957000000,13.191291961007536,paolo-laptop,crate-container-cd
power_consumption,1704488256959000000,12.985995075982837,paolo-laptop,crate-container-cd
power_consumption,1704488257961000000,12.112662417926241,paolo-laptop,crate-container-cd
power_consumption,1704488258962000000,13.341300782842449,paolo-laptop,crate-container-cd
power_consumption,1704488259965000000,12.441249387456256,paolo-laptop,crate-container-cd
power_consumption,1704488260967000000,12.318031232058155,paolo-laptop,crate-container-cd
power_consumption,1704488261973000000,11.89013275593581,paolo-laptop,crate-container-cd
power_consumption,1704488262984000000,7.115467785548524,paolo-laptop,crate-container-cd
power_consumption,1704488263986000000,3.8544671444937246,paolo-laptop,crate-container-cd
power_consumption,1704488264988000000,1.434836875606234,paolo-laptop,crate-container-cd
power_consumption,1704488265989000000,11.840902691709037,paolo-laptop,crate-container-cd
power_consumption,1704488266991000000,11.612484458970439,paolo-laptop,crate-container-cd
power_consumption,1704488267993000000,12.280781846228201,paolo-laptop,crate-container-cd
power_consumption,1704488268995000000,11.620951150573914,paolo-laptop,crate-container-cd
power_consumption,1704488269997000000,13.459890649463338,paolo-laptop,crate-container-cd
power_consumption,1704488270999000000,12.051152617433814,paolo-laptop,crate-container-cd
power_consumption,1704488272001000000,12.458436057007829,paolo-laptop,crate-container-cd
power_consumption,1704488273003000000,12.018559830393688,paolo-laptop,crate-container-cd
power_consumption,1704488274005000000,12.02779130358971,paolo-laptop,crate-container-cd
power_consumption,1704488275010000000,9.513044380701622,paolo-laptop,crate-container-cd
power_consumption,1704488278021000000,2.581810502748587,paolo-laptop,crate-container-cd
power_consumption,1704488279026000000,5.267418032452785,paolo-laptop,crate-container-cd
power_consumption,1704488280029000000,11.844483437328885,paolo-laptop,crate-container-cd
power_consumption,1704488283040000000,12.551168668698534,paolo-laptop,crate-container-cd
power_consumption,1704488284041000000,13.112541536071628,paolo-laptop,crate-container-cd
power_consumption,1704488285045000000,12.280338782664344,paolo-laptop,crate-container-cd
power_consumption,1704488286046000000,3.5075185034925416,paolo-laptop,crate-container-cd
power_consumption,1704488288052000000,13.282081464060237,paolo-laptop,crate-container-cd
power_consumption,1704488289054000000,13.472666280392971,paolo-laptop,crate-container-cd
power_consumption,1704488290057000000,13.790771661368005,paolo-laptop,crate-container-cd
power_consumption,1704488291059000000,13.550130664131379,paolo-laptop,crate-container-cd
power_consumption,1704488292061000000,13.590166769517438,paolo-laptop,crate-container-cd
power_consumption,1704488293065000000,7.801887765106808,paolo-laptop,crate-container-cd
power_consumption,1704488294067000000,10.373218785999999,paolo-laptop,crate-container-cd
power_consumption,1704488295069000000,16.21677217919474,paolo-laptop,crate-container-cd
power_consumption,1704488296077000000,2.3630511681516344,paolo-laptop,crate-container-cd
power_consumption,1704488298083000000,8.080736091855165,paolo-laptop,crate-container-cd
power_consumption,1704488299085000000,4.459650942399209,paolo-laptop,crate-container-cd
power_consumption,1704488300087000000,2.862622372952409,paolo-laptop,crate-container-cd
power_consumption,1704488301091000000,6.564169722226706,paolo-laptop,crate-container-cd
power_consumption,1704488302093000000,8.135982105034497,paolo-laptop,crate-container-cd
power_consumption,1704488303095000000,13.425391543878305,paolo-laptop,crate-container-cd
power_consumption,1704488304099000000,11.275848581548834,paolo-laptop,crate-container-cd
power_consumption,1704488305103000000,4.6783671129212685,paolo-laptop,crate-container-cd
power_consumption,1704488307107000000,5.327374549780543,paolo-laptop,crate-container-cd
power_consumption,1704488308109000000,8.78573285830451,paolo-laptop,crate-container-cd
power_consumption,1704488309111000000,12.38387988639743,paolo-laptop,crate-container-cd
power_consumption,1704488310113000000,2.491327848095857,paolo-laptop,crate-container-cd
power_consumption,1704488311115000000,3.9529146663591543,paolo-laptop,crate-container-cd
power_consumption,1704488312117000000,10.254363476705642,paolo-laptop,crate-container-cd
power_consumption,1704488313121000000,9.76429314415394,paolo-laptop,crate-container-cd
power_consumption,1704488314123000000,4.374258568953734,paolo-laptop,crate-container-cd
power_consumption,1704488316128000000,3.3104684229594867,paolo-laptop,crate-container-cd
power_consumption,1704488317130000000,9.608112898881405,paolo-laptop,crate-container-cd
power_consumption,1704488318134000000,8.031178189690179,paolo-laptop,crate-container-cd
power_consumption,1704488319136000000,5.518841220910543,paolo-laptop,crate-container-cd
power_consumption,1704488320138000000,8.11139830088548,paolo-laptop,crate-container-cd
power_consumption,1704488321140000000,12.033940856737228,paolo-laptop,crate-container-cd
power_consumption,1704488322144000000,1.1611651486501637,paolo-laptop,crate-container-cd
power_consumption,1704488323147000000,3.521755894670532,paolo-laptop,crate-container-cd
power_consumption,1704488324151000000,4.630434347545463,paolo-laptop,crate-container-cd
power_consumption,1704488325155000000,4.62741890770284,paolo-laptop,crate-container-cd
power_consumption,1704488326158000000,12.51540830922837,paolo-laptop,crate-container-cd
power_consumption,1704488327163000000,3.3700640556772274,paolo-laptop,crate-container-cd
power_consumption,1704488328171000000,4.858634007274322,paolo-laptop,crate-container-cd
power_consumption,1704488329174000000,5.6146802444768795,paolo-laptop,crate-container-cd
power_consumption,1704488330176000000,10.002699957893217,paolo-laptop,crate-container-cd
power_consumption,1704488331180000000,12.936231795109645,paolo-laptop,crate-container-cd
power_consumption,1704488332182000000,13.232484092443187,paolo-laptop,crate-container-cd
power_consumption,1704488333184000000,13.178120943033349,paolo-laptop,crate-container-cd
power_consumption,1704488334186000000,13.125568728919603,paolo-laptop,crate-container-cd
power_consumption,1704488335188000000,13.34922825897534,paolo-laptop,crate-container-cd
power_consumption,1704488336190000000,12.974686643586022,paolo-laptop,crate-container-cd
power_consumption,1704488337192000000,13.918718661372885,paolo-laptop,crate-container-cd
power_consumption,1704488338193000000,12.24992538074099,paolo-laptop,crate-container-cd
power_consumption,1704488339197000000,6.050738770840674,paolo-laptop,crate-container-cd
power_consumption,1704488341202000000,3.9242230425789533,paolo-laptop,crate-container-cd
power_consumption,1704488342204000000,6.983053546740748,paolo-laptop,crate-container-cd
power_consumption,1704488343205000000,11.429436024108615,paolo-laptop,crate-container-cd
power_consumption,1704488344208000000,10.815090038920559,paolo-laptop,crate-container-cd
power_consumption,1704488345209000000,11.207959692636162,paolo-laptop,crate-container-cd
power_consumption,1704488346211000000,11.905968336347676,paolo-laptop,crate-container-cd
power_consumption,1704488347212000000,11.060731142501485,paolo-laptop,crate-container-cd
power_consumption,1704488348214000000,11.35661581398658,paolo-laptop,crate-container-cd
power_consumption,1704488349216000000,11.399567430212732,paolo-laptop,crate-container-cd
power_consumption,1704488350218000000,12.033422321234369,paolo-laptop,crate-container-cd
power_consumption,1704488351220000000,11.606276729874189,paolo-laptop,crate-container-cd
power_consumption,1704488352222000000,11.40497243279589,paolo-laptop,crate-container-cd
power_consumption,1704488353224000000,10.949010573163992,paolo-laptop,crate-container-cd
power_consumption,1704488354226000000,11.495309147865449,paolo-laptop,crate-container-cd
power_consumption,1704488355228000000,11.633503904035328,paolo-laptop,crate-container-cd
power_consumption,1704488356230000000,10.964845939273662,paolo-laptop,crate-container-cd
power_consumption,1704488357232000000,11.447439405358164,paolo-laptop,crate-container-cd
power_consumption,1704488358234000000,11.232414401345459,paolo-laptop,crate-container-cd
power_consumption,1704488359235000000,11.950741040539752,paolo-laptop,crate-container-cd
power_consumption,1704488360237000000,11.224764316882391,paolo-laptop,crate-container-cd
power_consumption,1704488363243000000,9.987001193219113,paolo-laptop,crate-container-cd
power_consumption,1704488364246000000,10.936826546876533,paolo-laptop,crate-container-cd
power_consumption,1704488366252000000,2.498525208199202,paolo-laptop,crate-container-cd
power_consumption,1704488367256000000,2.8499041610079225,paolo-laptop,crate-container-cd
power_consumption,1704488369264000000,6.685854842071215,paolo-laptop,crate-container-cd
power_consumption,1704488370266000000,12.851819550507038,paolo-laptop,crate-container-cd
power_consumption,1704488371267000000,13.476029593960906,paolo-laptop,crate-container-cd
power_consumption,1704488372269000000,13.149501064838013,paolo-laptop,crate-container-cd
power_consumption,1704488373271000000,13.132407689170943,paolo-laptop,crate-container-cd
power_consumption,1704488374274000000,12.933771060228928,paolo-laptop,crate-container-cd
power_consumption,1704488375276000000,13.386583144486615,paolo-laptop,crate-container-cd
power_consumption,1704488376278000000,12.717394620605583,paolo-laptop,crate-container-cd
power_consumption,1704488377280000000,13.734296578280178,paolo-laptop,crate-container-cd
power_consumption,1704488378283000000,12.916796370460858,paolo-laptop,crate-container-cd
power_consumption,1704488379285000000,13.190149816437927,paolo-laptop,crate-container-cd
power_consumption,1704488380288000000,12.156479041056834,paolo-laptop,crate-container-cd
power_consumption,1704488382292000000,11.592451892167276,paolo-laptop,crate-container-cd
power_consumption,1704488383294000000,12.91941597581563,paolo-laptop,crate-container-cd
power_consumption,1704488384296000000,5.42873603345364,paolo-laptop,crate-container-cd
power_consumption,1704488385298000000,4.141510083499953,paolo-laptop,crate-container-cd
power_consumption,1704488386300000000,11.786662098661132,paolo-laptop,crate-container-cd
power_consumption,1704488387304000000,12.539553503383878,paolo-laptop,crate-container-cd
power_consumption,1704488388306000000,10.974011630080696,paolo-laptop,crate-container-cd
power_consumption,1704488389307000000,2.5458894639571725,paolo-laptop,crate-container-cd
power_consumption,1704488390309000000,4.854358533545073,paolo-laptop,crate-container-cd
power_consumption,1704488393318000000,4.574057713998208,paolo-laptop,crate-container-cd
power_consumption,1704488394319000000,5.351842623386295,paolo-laptop,crate-container-cd
power_consumption,1704488395321000000,12.258321809365285,paolo-laptop,crate-container-cd
power_consumption,1704488396328000000,11.146486238616665,paolo-laptop,crate-container-cd
power_consumption,1704488397332000000,8.244785990230412,paolo-laptop,crate-container-cd
power_consumption,1704488398334000000,1.8207334066275755,paolo-laptop,crate-container-cd
power_consumption,1704488399335000000,1.7734002319027593,paolo-laptop,crate-container-cd
power_consumption,1704488400340000000,2.052969503060691,paolo-laptop,crate-container-cd
power_consumption,1704488401349000000,2.274100126981502,paolo-laptop,crate-container-cd
power_consumption,1704488403356000000,1.4442279269408012,paolo-laptop,crate-container-cd
power_consumption,1704488407373000000,1.1066582601012125,paolo-laptop,crate-container-cd
power_consumption,1704488408375000000,3.9511342650253582,paolo-laptop,crate-container-cd
power_consumption,1704488409376000000,1.994136489843305,paolo-laptop,crate-container-cd
power_consumption,1704488410380000000,6.586782448527421,paolo-laptop,crate-container-cd
power_consumption,1704488412383000000,3.421026411239829,paolo-laptop,crate-container-cd
power_consumption,1704488413384000000,1.80669229981047,paolo-laptop,crate-container-cd
power_consumption,1704488414388000000,0.9299147630730004,paolo-laptop,crate-container-cd
power_consumption,1704488415394000000,1.6599233736991696,paolo-laptop,crate-container-cd
power_consumption,1704488416398000000,2.994987384745934,paolo-laptop,crate-container-cd
power_consumption,1704488417399000000,9.432879954583528,paolo-laptop,crate-container-cd
power_consumption,1704488420410000000,10.489192330338609,paolo-laptop,crate-container-cd
power_consumption,1704488422417000000,1.957951501767827,paolo-laptop,crate-container-cd
power_consumption,1704488423419000000,8.91487679625614,paolo-laptop,crate-container-cd
power_consumption,1704488424421000000,12.671648757942574,paolo-laptop,crate-container-cd
power_consumption,1704488425425000000,6.338336484788819,paolo-laptop,crate-container-cd
power_consumption,1704488429438000000,2.9745509977034836,paolo-laptop,crate-container-cd
power_consumption,1704488430443000000,1.6322856723146717,paolo-laptop,crate-container-cd
power_consumption,1704488431448000000,3.5245303762285225,paolo-laptop,crate-container-cd
power_consumption,1704488432452000000,3.836979769360961,paolo-laptop,crate-container-cd
power_consumption,1704488433454000000,7.39858262247031,paolo-laptop,crate-container-cd
power_consumption,1704488434456000000,13.949675563866409,paolo-laptop,crate-container-cd
power_consumption,1704488435460000000,6.837203641077641,paolo-laptop,crate-container-cd
power_consumption,1704488436464000000,1.730605759390418,paolo-laptop,crate-container-cd
power_consumption,1704488437466000000,4.124639060533922,paolo-laptop,crate-container-cd
power_consumption,1704488438468000000,12.304473704560436,paolo-laptop,crate-container-cd
power_consumption,1704488439471000000,4.569151703432135,paolo-laptop,crate-container-cd
power_consumption,1704488443476000000,2.982656026788207,paolo-laptop,crate-container-cd
power_consumption,1704488445479000000,2.978659363646598,paolo-laptop,crate-container-cd
power_consumption,1704488446481000000,7.796594902551528,paolo-laptop,crate-container-cd
power_consumption,1704488447483000000,11.474448925798345,paolo-laptop,crate-container-cd
power_consumption,1704488448489000000,5.116231424422537,paolo-laptop,crate-container-cd
power_consumption,1704488449491000000,7.231300781576009,paolo-laptop,crate-container-cd
power_consumption,1704488450496000000,4.973255690433722,paolo-laptop,crate-container-cd
power_consumption,1704488451498000000,1.7194889279694585,paolo-laptop,crate-container-cd
power_consumption,1704488452501000000,2.7740271980005287,paolo-laptop,crate-container-cd
power_consumption,1704488453504000000,0.7228732398473778,paolo-laptop,crate-container-cd
power_consumption,1704488454505000000,3.48481966375832,paolo-laptop,crate-container-cd
power_consumption,1704488455507000000,7.726728357466462,paolo-laptop,crate-container-cd
power_consumption,1704488456511000000,1.766237509080805,paolo-laptop,crate-container-cd
power_consumption,1704488457517000000,9.988338976570898,paolo-laptop,crate-container-cd
power_consumption,1704488458538000000,3.8790157805388263,paolo-laptop,crate-container-cd
power_consumption,1704488459546000000,5.3153996863837545,paolo-laptop,crate-container-cd
power_consumption,1704488460548000000,12.666841775481881,paolo-laptop,crate-container-cd
power_consumption,1704488461550000000,12.876876457965475,paolo-laptop,crate-container-cd
power_consumption,1704488462554000000,0.7739820496171121,paolo-laptop,crate-container-cd
power_consumption,1704488463555000000,12.213601895296838,paolo-laptop,crate-container-cd
power_consumption,1704488464559000000,0.8839686775228802,paolo-laptop,crate-container-cd
power_consumption,1704488465563000000,9.937966494015075,paolo-laptop,crate-container-cd
power_consumption,1704488466566000000,4.372682816798496,paolo-laptop,crate-container-cd
power_consumption,1704488467568000000,12.86017071517239,paolo-laptop,crate-container-cd
power_consumption,1704488468572000000,1.8912667422567884,paolo-laptop,crate-container-cd
power_consumption,1704488469574000000,5.8825208044015636,paolo-laptop,crate-container-cd
power_consumption,1704488470576000000,11.731612775624864,paolo-laptop,crate-container-cd
power_consumption,1704488471578000000,12.361489584200474,paolo-laptop,crate-container-cd
power_consumption,1704488472580000000,5.193584859920549,paolo-laptop,crate-container-cd
power_consumption,1704488473584000000,2.3532155294007304,paolo-laptop,crate-container-cd
power_consumption,1704488474586000000,11.610659695541967,paolo-laptop,crate-container-cd
power_consumption,1704488475588000000,13.169237190875858,paolo-laptop,crate-container-cd
power_consumption,1704488476589000000,12.967682249546126,paolo-laptop,crate-container-cd
power_consumption,1704488477592000000,13.431334227483408,paolo-laptop,crate-container-cd
power_consumption,1704488478594000000,13.640366989912703,paolo-laptop,crate-container-cd
power_consumption,1704488479596000000,13.418608634903862,paolo-laptop,crate-container-cd
power_consumption,1704488480598000000,13.357934139334052,paolo-laptop,crate-container-cd
power_consumption,1704488481601000000,13.128768266630495,paolo-laptop,crate-container-cd
power_consumption,1704488482604000000,13.322540709667239,paolo-laptop,crate-container-cd
power_consumption,1704488483606000000,13.618509986358722,paolo-laptop,crate-container-cd
power_consumption,1704488484608000000,12.914254949849763,paolo-laptop,crate-container-cd
power_consumption,1704488485610000000,13.512389009231683,paolo-laptop,crate-container-cd
power_consumption,1704488486612000000,13.494163227489334,paolo-laptop,crate-container-cd
power_consumption,1704488487614000000,13.784355098695126,paolo-laptop,crate-container-cd
power_consumption,1704488488616000000,13.490372499047858,paolo-laptop,crate-container-cd
power_consumption,1704488489618000000,13.740317004912702,paolo-laptop,crate-container-cd
power_consumption,1704488490621000000,13.428250740408497,paolo-laptop,crate-container-cd
power_consumption,1704488491623000000,13.036651852884559,paolo-laptop,crate-container-cd
power_consumption,1704488492624000000,12.733888946362246,paolo-laptop,crate-container-cd
power_consumption,1704488493626000000,13.135540066273565,paolo-laptop,crate-container-cd
power_consumption,1704488494627000000,13.186998528205926,paolo-laptop,crate-container-cd
power_consumption,1704488495629000000,14.085296060428675,paolo-laptop,crate-container-cd
power_consumption,1704488496633000000,13.298372304850078,paolo-laptop,crate-container-cd
power_consumption,1704488497637000000,11.720483464013466,paolo-laptop,crate-container-cd
power_consumption,1704488498639000000,13.170137725633326,paolo-laptop,crate-container-cd
power_consumption,1704488499641000000,13.400404883570737,paolo-laptop,crate-container-cd
power_consumption,1704488500644000000,12.861645199193436,paolo-laptop,crate-container-cd
power_consumption,1704488501645000000,13.233152234619812,paolo-laptop,crate-container-cd
power_consumption,1704488502647000000,11.817995671946523,paolo-laptop,crate-container-cd
power_consumption,1704488503648000000,12.070342552861444,paolo-laptop,crate-container-cd
power_consumption,1704488504651000000,12.295803868971404,paolo-laptop,crate-container-cd
power_consumption,1704488505654000000,13.52401078454116,paolo-laptop,crate-container-cd
power_consumption,1704488506656000000,13.078976263097706,paolo-laptop,crate-container-cd
power_consumption,1704488507659000000,13.431991754262222,paolo-laptop,crate-container-cd
power_consumption,1704488508666000000,13.36382975086405,paolo-laptop,crate-container-cd
power_consumption,1704488509669000000,13.688208279323256,paolo-laptop,crate-container-cd
power_consumption,1704488510671000000,13.201028534537482,paolo-laptop,crate-container-cd
power_consumption,1704488511686000000,13.696981455620126,paolo-laptop,crate-container-cd
power_consumption,1704488512689000000,13.515346929193786,paolo-laptop,crate-container-cd
power_consumption,1704488513691000000,13.251284628954021,paolo-laptop,crate-container-cd
power_consumption,1704488514693000000,12.926567414983111,paolo-laptop,crate-container-cd
power_consumption,1704488515695000000,13.121698741243431,paolo-laptop,crate-container-cd
power_consumption,1704488516701000000,12.607172153409817,paolo-laptop,crate-container-cd
power_consumption,1704488517707000000,13.073732508310158,paolo-laptop,crate-container-cd
power_consumption,1704488518717000000,1.7160214875202744,paolo-laptop,crate-container-cd
power_consumption,1704488519719000000,4.370822442759106,paolo-laptop,crate-container-cd
power_consumption,1704488520720000000,6.576774045644159,paolo-laptop,crate-container-cd
power_consumption,1704488521726000000,12.160610897189091,paolo-laptop,crate-container-cd
power_consumption,1704488522728000000,12.323548830936243,paolo-laptop,crate-container-cd
power_consumption,1704488523731000000,6.419322260495701,paolo-laptop,crate-container-cd
power_consumption,1704488524733000000,1.548481846854255,paolo-laptop,crate-container-cd
power_consumption,1704488525735000000,3.153208494575724,paolo-laptop,crate-container-cd
power_consumption,1704488526737000000,9.510862938775722,paolo-laptop,crate-container-cd
power_consumption,1704488527739000000,9.693079073028905,paolo-laptop,crate-container-cd
power_consumption,1704488528741000000,3.7455177621180686,paolo-laptop,crate-container-cd
power_consumption,1704488530747000000,3.4891980905931588,paolo-laptop,crate-container-cd
power_consumption,1704488531749000000,11.50346386162072,paolo-laptop,crate-container-cd
power_consumption,1704488532751000000,12.104927658404609,paolo-laptop,crate-container-cd
power_consumption,1704488533752000000,12.365742099738956,paolo-laptop,crate-container-cd
power_consumption,1704488535759000000,0.17153973926898824,paolo-laptop,crate-container-cd
power_consumption,1704488536761000000,8.4883098733897,paolo-laptop,crate-container-cd
power_consumption,1704488537764000000,7.905896657588734,paolo-laptop,crate-container-cd
power_consumption,1704488538765000000,10.567118858102397,paolo-laptop,crate-container-cd
power_consumption,1704488539767000000,10.180945797371027,paolo-laptop,crate-container-cd
power_consumption,1704488540770000000,12.644789369718293,paolo-laptop,crate-container-cd
power_consumption,1704488541775000000,3.2163189436445316,paolo-laptop,crate-container-cd
power_consumption,1704488542777000000,6.113283677347798,paolo-laptop,crate-container-cd
power_consumption,1704488543778000000,11.840268822337219,paolo-laptop,crate-container-cd
power_consumption,1704488544780000000,10.292772557220932,paolo-laptop,crate-container-cd
power_consumption,1704488545781000000,9.703309377697803,paolo-laptop,crate-container-cd
power_consumption,1704488546785000000,2.246807226327613,paolo-laptop,crate-container-cd
power_consumption,1704488548791000000,6.361570448312477,paolo-laptop,crate-container-cd
power_consumption,1704488549792000000,9.550932996678252,paolo-laptop,crate-container-cd
power_consumption,1704488550794000000,9.773421167196101,paolo-laptop,crate-container-cd
power_consumption,1704488553802000000,10.743450542302153,paolo-laptop,crate-container-cd
power_consumption,1704488554806000000,6.80800684993553,paolo-laptop,crate-container-cd
power_consumption,1704488555808000000,4.528389278401498,paolo-laptop,crate-container-cd
power_consumption,1704488556810000000,12.776421754660138,paolo-laptop,crate-container-cd
power_consumption,1704488557811000000,12.085245249629706,paolo-laptop,crate-container-cd
power_consumption,1704488558813000000,11.751825469803205,paolo-laptop,crate-container-cd
power_consumption,1704488559815000000,12.188353157694966,paolo-laptop,crate-container-cd
power_consumption,1704488560817000000,13.437401514777262,paolo-laptop,crate-container-cd
power_consumption,1704488561819000000,11.73803785218618,paolo-laptop,crate-container-cd
power_consumption,1704488562820000000,11.567735840402609,paolo-laptop,crate-container-cd
power_consumption,1704488563822000000,11.08667564668443,paolo-laptop,crate-container-cd
power_consumption,1704488564824000000,11.473972882525274,paolo-laptop,crate-container-cd
power_consumption,1704488565828000000,3.9895644905177097,paolo-laptop,crate-container-cd
power_consumption,1704488566832000000,2.0034594102912133,paolo-laptop,crate-container-cd
power_consumption,1704488567836000000,2.5466653796137737,paolo-laptop,crate-container-cd
power_consumption,1704488568838000000,4.23012120738899,paolo-laptop,crate-container-cd
power_consumption,1704488570849000000,1.9577248068192241,paolo-laptop,crate-container-cd
power_consumption,1704488571853000000,4.150256537826451,paolo-laptop,crate-container-cd
power_consumption,1704488572855000000,4.2121453552719625,paolo-laptop,crate-container-cd
power_consumption,1704488573858000000,2.5254450703772053,paolo-laptop,crate-container-cd
power_consumption,1704488574862000000,3.460429793364911,paolo-laptop,crate-container-cd
power_consumption,1704488575866000000,2.5197875727068397,paolo-laptop,crate-container-cd
power_consumption,1704488576868000000,2.111859176622243,paolo-laptop,crate-container-cd
power_consumption,1704488577873000000,1.6350190001179137,paolo-laptop,crate-container-cd
power_consumption,1704488578875000000,8.007997161124402,paolo-laptop,crate-container-cd
power_consumption,1704488579877000000,3.0720714268432836,paolo-laptop,crate-container-cd
power_consumption,1704488580878000000,1.3002844336917434,paolo-laptop,crate-container-cd
power_consumption,1704488581879000000,3.249286883064647,paolo-laptop,crate-container-cd
power_consumption,1704488582881000000,12.407908639462983,paolo-laptop,crate-container-cd
power_consumption,1704488583883000000,8.064252369977654,paolo-laptop,crate-container-cd
power_consumption,1704488584884000000,3.2006836342838043,paolo-laptop,crate-container-cd
power_consumption,1704488585885000000,2.2092140093859602,paolo-laptop,crate-container-cd
power_consumption,1704488586887000000,0.6633781545166959,paolo-laptop,crate-container-cd
power_consumption,1704488587891000000,1.658637602331802,paolo-laptop,crate-container-cd
power_consumption,1704488588895000000,3.362423700026401,paolo-laptop,crate-container-cd
power_consumption,1704488589896000000,3.589008785218292,paolo-laptop,crate-container-cd
power_consumption,1704488590898000000,2.5452113041042175,paolo-laptop,crate-container-cd
power_consumption,1704488591900000000,0.9212143316828553,paolo-laptop,crate-container-cd
power_consumption,1704488592904000000,4.340870996847952,paolo-laptop,crate-container-cd
power_consumption,1704488593907000000,7.027296887340375,paolo-laptop,crate-container-cd
power_consumption,1704488594908000000,7.911089853558249,paolo-laptop,crate-container-cd
power_consumption,1704488595910000000,5.570837465135746,paolo-laptop,crate-container-cd
power_consumption,1704488596912000000,0.7902212939246885,paolo-laptop,crate-container-cd
power_consumption,1704488597914000000,12.041558213350253,paolo-laptop,crate-container-cd
power_consumption,1704488598916000000,7.004360624096038,paolo-laptop,crate-container-cd
power_consumption,1704488599918000000,5.324835242658504,paolo-laptop,crate-container-cd
power_consumption,1704488600920000000,13.092279574388161,paolo-laptop,crate-container-cd
power_consumption,1704488601924000000,1.205881812967901,paolo-laptop,crate-container-cd
power_consumption,1704488602928000000,1.3045913030974257,paolo-laptop,crate-container-cd
power_consumption,1704488603930000000,9.812894504071988,paolo-laptop,crate-container-cd
power_consumption,1704488604934000000,12.188201569608971,paolo-laptop,crate-container-cd
power_consumption,1704488605936000000,3.4667899390774317,paolo-laptop,crate-container-cd
power_consumption,1704488606938000000,12.986056329290259,paolo-laptop,crate-container-cd
power_consumption,1704488607940000000,12.541961124581771,paolo-laptop,crate-container-cd
power_consumption,1704488609944000000,12.633385048194572,paolo-laptop,crate-container-cd
power_consumption,1704488610945000000,6.433546430584498,paolo-laptop,crate-container-cd
power_consumption,1704488611949000000,3.5910947940704334,paolo-laptop,crate-container-cd
power_consumption,1704488612953000000,2.961082513068817,paolo-laptop,crate-container-cd
power_consumption,1704488613954000000,5.222035761167084,paolo-laptop,crate-container-cd
power_consumption,1704488614958000000,1.8551108433826238,paolo-laptop,crate-container-cd
power_consumption,1704488615960000000,8.637450462787058,paolo-laptop,crate-container-cd
power_consumption,1704488616964000000,9.986108024167155,paolo-laptop,crate-container-cd
power_consumption,1704488617966000000,5.6512148042278,paolo-laptop,crate-container-cd
power_consumption,1704488618968000000,12.185121444357467,paolo-laptop,crate-container-cd
power_consumption,1704488619971000000,2.192037371170786,paolo-laptop,crate-container-cd
power_consumption,1704488620974000000,4.916473808040365,paolo-laptop,crate-container-cd
power_consumption,1704488621976000000,3.5575152376915193,paolo-laptop,crate-container-cd
power_consumption,1704488622977000000,11.719034218691569,paolo-laptop,crate-container-cd
power_consumption,1704488623981000000,10.729896041343583,paolo-laptop,crate-container-cd
power_consumption,1704488625984000000,6.966977620078746,paolo-laptop,crate-container-cd
power_consumption,1704488626986000000,10.163527372186902,paolo-laptop,crate-container-cd
power_consumption,1704488627994000000,7.040616558620587,paolo-laptop,crate-container-cd
power_consumption,1704488628999000000,1.9064771786046792,paolo-laptop,crate-container-cd
power_consumption,1704488630004000000,3.0713356864607326,paolo-laptop,crate-container-cd
power_consumption,1704488631007000000,1.6988963508410986,paolo-laptop,crate-container-cd
power_consumption,1704488632011000000,3.4905757100965413,paolo-laptop,crate-container-cd
power_consumption,1704488634016000000,13.030307509907303,paolo-laptop,crate-container-cd
power_consumption,1704488635018000000,13.050959135112889,paolo-laptop,crate-container-cd
power_consumption,1704488636020000000,13.444668595357012,paolo-laptop,crate-container-cd
power_consumption,1704488637022000000,12.84695929881959,paolo-laptop,crate-container-cd
power_consumption,1704488638025000000,12.156987220811152,paolo-laptop,crate-container-cd
power_consumption,1704488639026000000,2.432170359089267,paolo-laptop,crate-container-cd
power_consumption,1704488640028000000,12.857816010359436,paolo-laptop,crate-container-cd
power_consumption,1704488641031000000,12.665140765829136,paolo-laptop,crate-container-cd
power_consumption,1704488642033000000,13.283262930474097,paolo-laptop,crate-container-cd
power_consumption,1704488643035000000,10.317119528354109,paolo-laptop,crate-container-cd
power_consumption,1704488644036000000,3.697856129878239,paolo-laptop,crate-container-cd
power_consumption,1704488645038000000,2.9765537021992485,paolo-laptop,crate-container-cd
power_consumption,1704488646041000000,12.305533525654615,paolo-laptop,crate-container-cd
power_consumption,1704488647043000000,11.001072980871005,paolo-laptop,crate-container-cd
power_consumption,1704488648045000000,2.474678701593637,paolo-laptop,crate-container-cd
power_consumption,1704488649047000000,3.80259883213214,paolo-laptop,crate-container-cd
power_consumption,1704488650049000000,5.596133210122923,paolo-laptop,crate-container-cd
power_consumption,1704488651051000000,11.868131728627912,paolo-laptop,crate-container-cd
power_consumption,1704488652054000000,12.243312409544657,paolo-laptop,crate-container-cd
power_consumption,1704488653057000000,12.173761626322023,paolo-laptop,crate-container-cd
power_consumption,1704488654059000000,12.327541762632585,paolo-laptop,crate-container-cd
power_consumption,1704488655061000000,11.640860467769034,paolo-laptop,crate-container-cd
power_consumption,1704488656063000000,12.445396383204454,paolo-laptop,crate-container-cd
power_consumption,1704488657065000000,11.64652098481592,paolo-laptop,crate-container-cd
power_consumption,1704488658067000000,12.049186730338809,paolo-laptop,crate-container-cd
power_consumption,1704488659069000000,12.01460631214262,paolo-laptop,crate-container-cd
power_consumption,1704488660071000000,12.532597614835858,paolo-laptop,crate-container-cd
power_consumption,1704488661072000000,11.272080805446159,paolo-laptop,crate-container-cd
power_consumption,1704488662074000000,12.065560749865224,paolo-laptop,crate-container-cd
power_consumption,1704488663076000000,11.782964322814122,paolo-laptop,crate-container-cd
power_consumption,1704488664078000000,12.528517094690784,paolo-laptop,crate-container-cd
power_consumption,1704488665080000000,11.07432523920124,paolo-laptop,crate-container-cd
power_consumption,1704488666082000000,11.926269030099139,paolo-laptop,crate-container-cd
power_consumption,1704488667084000000,11.786740451045322,paolo-laptop,crate-container-cd
power_consumption,1704488668086000000,12.469124460428699,paolo-laptop,crate-container-cd
power_consumption,1704488669087000000,11.673557437924222,paolo-laptop,crate-container-cd
power_consumption,1704488670089000000,12.421795685505227,paolo-laptop,crate-container-cd
power_consumption,1704488671091000000,11.451208311216394,paolo-laptop,crate-container-cd
power_consumption,1704488672093000000,12.55066424311229,paolo-laptop,crate-container-cd
power_consumption,1704488673096000000,11.633731992793614,paolo-laptop,crate-container-cd
power_consumption,1704488674097000000,11.731664137160148,paolo-laptop,crate-container-cd
power_consumption,1704488675099000000,12.192356546737006,paolo-laptop,crate-container-cd
power_consumption,1704488676101000000,10.940165086740313,paolo-laptop,crate-container-cd
power_consumption,1704488677103000000,12.8512255074521,paolo-laptop,crate-container-cd
power_consumption,1704488678105000000,11.633686835792004,paolo-laptop,crate-container-cd
power_consumption,1704488679107000000,12.732710514531407,paolo-laptop,crate-container-cd
power_consumption,1704488680110000000,11.264778986827025,paolo-laptop,crate-container-cd
power_consumption,1704488682120000000,1.6387577041754096,paolo-laptop,crate-container-cd
power_consumption,1704488683122000000,6.117446137986831,paolo-laptop,crate-container-cd
power_consumption,1704488684124000000,10.355595502095156,paolo-laptop,crate-container-cd
power_consumption,1704488685126000000,11.036686333207179,paolo-laptop,crate-container-cd
power_consumption,1704488686128000000,10.037222565684448,paolo-laptop,crate-container-cd
power_consumption,1704488687129000000,10.127066837478623,paolo-laptop,crate-container-cd
power_consumption,1704488688133000000,4.119774299195722,paolo-laptop,crate-container-cd
power_consumption,1704488689134000000,3.359747170722997,paolo-laptop,crate-container-cd
power_consumption,1704488690138000000,2.1922516120872393,paolo-laptop,crate-container-cd
power_consumption,1704488691142000000,1.845447002174082,paolo-laptop,crate-container-cd
power_consumption,1704488692144000000,1.8772657827891948,paolo-laptop,crate-container-cd
power_consumption,1704488693148000000,3.7994423433575406,paolo-laptop,crate-container-cd
power_consumption,1704488694150000000,4.660924733765452,paolo-laptop,crate-container-cd
power_consumption,1704488695154000000,2.9397420951392284,paolo-laptop,crate-container-cd
power_consumption,1704488697159000000,5.064826003424137,paolo-laptop,crate-container-cd
power_consumption,1704488698163000000,2.2473555213874805,paolo-laptop,crate-container-cd
power_consumption,1704488699165000000,4.397854946295264,paolo-laptop,crate-container-cd
power_consumption,1704488700168000000,10.091345515258539,paolo-laptop,crate-container-cd
power_consumption,1704488701171000000,4.97629513628341,paolo-laptop,crate-container-cd
power_consumption,1704488702175000000,4.091229832151539,paolo-laptop,crate-container-cd
power_consumption,1704488703177000000,11.072665483271635,paolo-laptop,crate-container-cd
power_consumption,1704488704179000000,13.356479225945305,paolo-laptop,crate-container-cd
power_consumption,1704488705181000000,12.79324265094507,paolo-laptop,crate-container-cd
power_consumption,1704488706183000000,1.9143089005471956,paolo-laptop,crate-container-cd
power_consumption,1704488707187000000,0.5365445465324606,paolo-laptop,crate-container-cd
power_consumption,1704488708190000000,9.59807362697851,paolo-laptop,crate-container-cd
power_consumption,1704488709191000000,11.15217309045081,paolo-laptop,crate-container-cd
power_consumption,1704488710194000000,3.1138684252463062,paolo-laptop,crate-container-cd
power_consumption,1704488711196000000,2.268304894774345,paolo-laptop,crate-container-cd
power_consumption,1704488712198000000,4.06151525226197,paolo-laptop,crate-container-cd
power_consumption,1704488713201000000,7.024417798989877,paolo-laptop,crate-container-cd
power_consumption,1704488714203000000,3.2062590205479324,paolo-laptop,crate-container-cd
power_consumption,1704488715205000000,3.1116545370344553,paolo-laptop,crate-container-cd
power_consumption,1704488716207000000,10.029202119951883,paolo-laptop,crate-container-cd
power_consumption,1704488717208000000,2.7681242875686225,paolo-laptop,crate-container-cd
power_consumption,1704488718210000000,10.244630752133222,paolo-laptop,crate-container-cd
power_consumption,1704488719212000000,7.303281616254892,paolo-laptop,crate-container-cd
power_consumption,1704488720214000000,6.853007372666603,paolo-laptop,crate-container-cd
power_consumption,1704488721215000000,2.7087316745561556,paolo-laptop,crate-container-cd
power_consumption,1704488722217000000,8.75681252221888,paolo-laptop,crate-container-cd
power_consumption,1704488723219000000,6.0002286467745725,paolo-laptop,crate-container-cd
power_consumption,1704488724220000000,1.392601216188998,paolo-laptop,crate-container-cd
power_consumption,1704488725224000000,1.381051214347536,paolo-laptop,crate-container-cd
power_consumption,1704488726226000000,4.016548347383393,paolo-laptop,crate-container-cd
power_consumption,1704488727231000000,3.4378394092185487,paolo-laptop,crate-container-cd
power_consumption,1704488728234000000,4.17792440298499,paolo-laptop,crate-container-cd
power_consumption,1704488729237000000,1.433140080710719,paolo-laptop,crate-container-cd
power_consumption,1704488730242000000,11.374611486318507,paolo-laptop,crate-container-cd
power_consumption,1704488731248000000,6.8292963911026145,paolo-laptop,crate-container-cd
power_consumption,1704488732251000000,4.481272790363634,paolo-laptop,crate-container-cd
power_consumption,1704488733256000000,6.206558578388496,paolo-laptop,crate-container-cd
power_consumption,1704488734262000000,3.27375741762933,paolo-laptop,crate-container-cd
power_consumption,1704488735264000000,9.672459288953021,paolo-laptop,crate-container-cd
power_consumption,1704488736268000000,3.4794886105297893,paolo-laptop,crate-container-cd
power_consumption,1704488737270000000,8.511240072182522,paolo-laptop,crate-container-cd
power_consumption,1704488738274000000,4.336259766380392,paolo-laptop,crate-container-cd
power_consumption,1704488739278000000,3.116903571722024,paolo-laptop,crate-container-cd
power_consumption,1704488740280000000,4.827596274675943,paolo-laptop,crate-container-cd
power_consumption,1704488741283000000,2.0930876843127955,paolo-laptop,crate-container-cd
power_consumption,1704488742287000000,4.978335342919173,paolo-laptop,crate-container-cd
power_consumption,1704488743289000000,7.284394037749751,paolo-laptop,crate-container-cd
power_consumption,1704488744293000000,3.2673990191050315,paolo-laptop,crate-container-cd
power_consumption,1704488745295000000,7.018582163099805,paolo-laptop,crate-container-cd
power_consumption,1704488746297000000,2.250364884180332,paolo-laptop,crate-container-cd
power_consumption,1704488747298000000,11.674383107335808,paolo-laptop,crate-container-cd
power_consumption,1704488748302000000,5.001720927307913,paolo-laptop,crate-container-cd
power_consumption,1704488749303000000,4.847159468109358,paolo-laptop,crate-container-cd
power_consumption,1704488750305000000,4.957080521314694,paolo-laptop,crate-container-cd
power_consumption,1704488751307000000,11.084513019374869,paolo-laptop,crate-container-cd
power_consumption,1704488752311000000,6.6493760186317985,paolo-laptop,crate-container-cd
power_consumption,1704488753315000000,4.416084935830647,paolo-laptop,crate-container-cd
power_consumption,1704488754319000000,2.606470735311312,paolo-laptop,crate-container-cd
power_consumption,1704488755320000000,9.370254822188992,paolo-laptop,crate-container-cd
power_consumption,1704488756322000000,12.34412044906896,paolo-laptop,crate-container-cd
power_consumption,1704488757323000000,11.152020028974228,paolo-laptop,crate-container-cd
power_consumption,1704488758325000000,12.104535488438978,paolo-laptop,crate-container-cd
power_consumption,1704488759327000000,11.202908655292006,paolo-laptop,crate-container-cd
power_consumption,1704488760328000000,11.157635864825986,paolo-laptop,crate-container-cd
power_consumption,1704488761330000000,12.552884490021132,paolo-laptop,crate-container-cd
power_consumption,1704488762332000000,0.9981742342137379,paolo-laptop,crate-container-cd
power_consumption,1704488763336000000,4.53860696865754,paolo-laptop,crate-container-cd
power_consumption,1704488764337000000,11.789838723477423,paolo-laptop,crate-container-cd
power_consumption,1704488765339000000,13.65433755779254,paolo-laptop,crate-container-cd
power_consumption,1704488766341000000,0.8334202107718853,paolo-laptop,crate-container-cd
power_consumption,1704488767346000000,3.950078887275312,paolo-laptop,crate-container-cd
power_consumption,1704488768350000000,7.376596153073914,paolo-laptop,crate-container-cd
power_consumption,1704488769352000000,2.8731440110442414,paolo-laptop,crate-container-cd
power_consumption,1704488770357000000,10.417192925494657,paolo-laptop,crate-container-cd
power_consumption,1704488771361000000,0.3549781300972572,paolo-laptop,crate-container-cd
power_consumption,1704488772363000000,5.461291674761256,paolo-laptop,crate-container-cd
power_consumption,1704488773365000000,12.687172488164503,paolo-laptop,crate-container-cd
power_consumption,1704488774367000000,10.18806962464007,paolo-laptop,crate-container-cd
power_consumption,1704488775368000000,13.609762878945954,paolo-laptop,crate-container-cd
power_consumption,1704488776369000000,1.9484980193121306,paolo-laptop,crate-container-cd
power_consumption,1704488777371000000,0.34508665399123384,paolo-laptop,crate-container-cd
power_consumption,1704488778372000000,0.7037777067769481,paolo-laptop,crate-container-cd
power_consumption,1704488779374000000,5.697114883934988,paolo-laptop,crate-container-cd
power_consumption,1704488780376000000,6.972388171326317,paolo-laptop,crate-container-cd
power_consumption,1704488781379000000,11.968894544307421,paolo-laptop,crate-container-cd
power_consumption,1704488782381000000,10.254470095414128,paolo-laptop,crate-container-cd
power_consumption,1704488783383000000,11.036797973482933,paolo-laptop,crate-container-cd
power_consumption,1704488784385000000,8.632506036831437,paolo-laptop,crate-container-cd
power_consumption,1704488785387000000,3.0626237453573855,paolo-laptop,crate-container-cd
power_consumption,1704488786389000000,0.7777804445085453,paolo-laptop,crate-container-cd
power_consumption,1704488787391000000,0.18150031043751402,paolo-laptop,crate-container-cd
power_consumption,1704488788396000000,0.3332657604775613,paolo-laptop,crate-container-cd
power_consumption,1704488789403000000,0.2594868939507503,paolo-laptop,crate-container-cd
power_consumption,1704488790407000000,1.3214994750861562,paolo-laptop,crate-container-cd
power_consumption,1704488791411000000,1.083225988866817,paolo-laptop,crate-container-cd
power_consumption,1704488792415000000,0.4012522085278782,paolo-laptop,crate-container-cd
power_consumption,1704488793419000000,0.38864992099573176,paolo-laptop,crate-container-cd
power_consumption,1704488794421000000,0.4215582516457341,paolo-laptop,crate-container-cd
power_consumption,1704488795423000000,8.008545295975566,paolo-laptop,crate-container-cd
power_consumption,1704488796425000000,2.486276351614013,paolo-laptop,crate-container-cd
power_consumption,1704488797430000000,10.931754515426324,paolo-laptop,crate-container-cd
power_consumption,1704488798434000000,10.00367910747482,paolo-laptop,crate-container-cd
power_consumption,1704488799437000000,8.089215049265434,paolo-laptop,crate-container-cd
power_consumption,1704488800438000000,7.7978810875142965,paolo-laptop,crate-container-cd
power_consumption,1704488801440000000,3.363197817730083,paolo-laptop,crate-container-cd
power_consumption,1704488802446000000,11.115331294803374,paolo-laptop,crate-container-cd
power_consumption,1704488803447000000,1.5104574255818168,paolo-laptop,crate-container-cd
power_consumption,1704488804449000000,3.7234563383531967,paolo-laptop,crate-container-cd
power_consumption,1704488805452000000,0.08247215556103715,paolo-laptop,crate-container-cd
power_consumption,1704488806457000000,0.3029492346874527,paolo-laptop,crate-container-cd
power_consumption,1704488807459000000,7.479052474063837,paolo-laptop,crate-container-cd
power_consumption,1704488808463000000,5.816250749236977,paolo-laptop,crate-container-cd
power_consumption,1704488809468000000,6.36984313913888,paolo-laptop,crate-container-cd
power_consumption,1704488810470000000,8.010471981728195,paolo-laptop,crate-container-cd
power_consumption,1704488811473000000,3.385657457469122,paolo-laptop,crate-container-cd
power_consumption,1704488812477000000,6.038090428046801,paolo-laptop,crate-container-cd
power_consumption,1704488813479000000,8.88877777685892,paolo-laptop,crate-container-cd
power_consumption,1704488814480000000,8.480437711538366,paolo-laptop,crate-container-cd
power_consumption,1704488815484000000,9.684048786120595,paolo-laptop,crate-container-cd
power_consumption,1704488816486000000,6.7509528793034,paolo-laptop,crate-container-cd
power_consumption,1704488817491000000,3.6539698892332093,paolo-laptop,crate-container-cd
power_consumption,1704488818495000000,4.608630410644536,paolo-laptop,crate-container-cd
power_consumption,1704488819500000000,1.536561054452361,paolo-laptop,crate-container-cd
power_consumption,1704488820501000000,4.9830191429815365,paolo-laptop,crate-container-cd
power_consumption,1704488821503000000,14.017885268960793,paolo-laptop,crate-container-cd
power_consumption,1704488822505000000,12.728089091132158,paolo-laptop,crate-container-cd
power_consumption,1704488823507000000,13.990219167902607,paolo-laptop,crate-container-cd
power_consumption,1704488824509000000,13.364944780638432,paolo-laptop,crate-container-cd
power_consumption,1704488825511000000,12.915518630235034,paolo-laptop,crate-container-cd
power_consumption,1704488826514000000,13.973570105189774,paolo-laptop,crate-container-cd
power_consumption,1704488827521000000,11.068503527796198,paolo-laptop,crate-container-cd
power_consumption,1704488828525000000,3.715249718325553,paolo-laptop,crate-container-cd
power_consumption,1704488829529000000,5.14309603998357,paolo-laptop,crate-container-cd
power_consumption,1704488830530000000,2.983270730109312,paolo-laptop,crate-container-cd
power_consumption,1704488831536000000,14.229010371633345,paolo-laptop,crate-container-cd
power_consumption,1704488832540000000,13.95151413204287,paolo-laptop,crate-container-cd
power_consumption,1704488833545000000,10.612610299715643,paolo-laptop,crate-container-cd
power_consumption,1704488835550000000,4.5103549862425805,paolo-laptop,crate-container-cd
power_consumption,1704488836554000000,2.3620389098610595,paolo-laptop,crate-container-cd
power_consumption,1704488837557000000,0.5454044795157433,paolo-laptop,crate-container-cd
power_consumption,1704488838559000000,0.6032561022322485,paolo-laptop,crate-container-cd
power_consumption,1704488839562000000,0.4313338885899943,paolo-laptop,crate-container-cd
power_consumption,1704488840563000000,3.443131164995482,paolo-laptop,crate-container-cd
power_consumption,1704488841564000000,5.029409205783752,paolo-laptop,crate-container-cd
power_consumption,1704488842566000000,2.9951853850470043,paolo-laptop,crate-container-cd
power_consumption,1704488843568000000,7.566908799595881,paolo-laptop,crate-container-cd
power_consumption,1704488845571000000,2.827126881705379,paolo-laptop,crate-container-cd
power_consumption,1704488846573000000,2.6921514505414565,paolo-laptop,crate-container-cd
power_consumption,1704488847574000000,3.278973327660343,paolo-laptop,crate-container-cd
power_consumption,1704488848576000000,1.743122569131893,paolo-laptop,crate-container-cd
power_consumption,1704488849580000000,3.240304661093256,paolo-laptop,crate-container-cd
power_consumption,1704488850582000000,1.32786273350901,paolo-laptop,crate-container-cd
power_consumption,1704488851586000000,1.7769511116537133,paolo-laptop,crate-container-cd
power_consumption,1704488852588000000,0.20167015538895675,paolo-laptop,crate-container-cd
power_consumption,1704488853590000000,0.3371551961570038,paolo-laptop,crate-container-cd
power_consumption,1704488854593000000,0.5067171965748747,paolo-laptop,crate-container-cd
power_consumption,1704488855601000000,0.4545773071035907,paolo-laptop,crate-container-cd
power_consumption,1704488856609000000,7.499898295561928,paolo-laptop,crate-container-cd
power_consumption,1704488857612000000,1.5785840724646643,paolo-laptop,crate-container-cd
power_consumption,1704488858616000000,1.687898399173997,paolo-laptop,crate-container-cd
power_consumption,1704488859620000000,2.835752033457945,paolo-laptop,crate-container-cd
power_consumption,1704488860624000000,0.38321021503252356,paolo-laptop,crate-container-cd
power_consumption,1704488861628000000,0.40528468405545826,paolo-laptop,crate-container-cd
power_consumption,1704488862632000000,0.38745567672393094,paolo-laptop,crate-container-cd
power_consumption,1704488863636000000,0.39412171368476223,paolo-laptop,crate-container-cd
power_consumption,1704488864640000000,1.4133114923655377,paolo-laptop,crate-container-cd
power_consumption,1704488865643000000,2.8939644302375296,paolo-laptop,crate-container-cd
power_consumption,1704488866645000000,3.8585229534192633,paolo-laptop,crate-container-cd
power_consumption,1704488867649000000,2.505207736049638,paolo-laptop,crate-container-cd
power_consumption,1704488868652000000,3.082769356407658,paolo-laptop,crate-container-cd
power_consumption,1704488869656000000,3.013062984710611,paolo-laptop,crate-container-cd
power_consumption,1704488870658000000,6.858239402616354,paolo-laptop,crate-container-cd
power_consumption,1704488871662000000,10.813707204334069,paolo-laptop,crate-container-cd
power_consumption,1704488872663000000,2.843219138090048,paolo-laptop,crate-container-cd
power_consumption,1704488873665000000,12.39575629840714,paolo-laptop,crate-container-cd
power_consumption,1704488874669000000,1.4350289278857455,paolo-laptop,crate-container-cd
power_consumption,1704488875672000000,6.5895868098091555,paolo-laptop,crate-container-cd
power_consumption,1704488876674000000,8.634780750773416,paolo-laptop,crate-container-cd
power_consumption,1704488877677000000,2.668209116301294,paolo-laptop,crate-container-cd
power_consumption,1704488878681000000,1.612649160321102,paolo-laptop,crate-container-cd
power_consumption,1704488879685000000,0.5672447166112614,paolo-laptop,crate-container-cd
power_consumption,1704488880687000000,4.465908506924391,paolo-laptop,crate-container-cd
power_consumption,1704488881692000000,7.748203397223261,paolo-laptop,crate-container-cd
power_consumption,1704488882701000000,8.897319600584247,paolo-laptop,crate-container-cd
power_consumption,1704488883704000000,5.476647700531073,paolo-laptop,crate-container-cd
power_consumption,1704488884710000000,8.194440228177095,paolo-laptop,crate-container-cd
power_consumption,1704488885717000000,2.1023973194674017,paolo-laptop,crate-container-cd
power_consumption,1704488886722000000,5.686781531677762,paolo-laptop,crate-container-cd
power_consumption,1704488887725000000,6.074448495190715,paolo-laptop,crate-container-cd
power_consumption,1704488888726000000,6.705973769445259,paolo-laptop,crate-container-cd
power_consumption,1704488889728000000,6.248808592681468,paolo-laptop,crate-container-cd
power_consumption,1704488890730000000,6.133751850301846,paolo-laptop,crate-container-cd
power_consumption,1704488891732000000,11.240200385481941,paolo-laptop,crate-container-cd
power_consumption,1704488892734000000,9.046655493931121,paolo-laptop,crate-container-cd
power_consumption,1704488893736000000,4.813561886615101,paolo-laptop,crate-container-cd
power_consumption,1704488894738000000,6.467001978597677,paolo-laptop,crate-container-cd
power_consumption,1704488895740000000,6.130969453786735,paolo-laptop,crate-container-cd
power_consumption,1704488896742000000,10.59269086606154,paolo-laptop,crate-container-cd
power_consumption,1704488897743000000,6.1970448254189785,paolo-laptop,crate-container-cd
power_consumption,1704488898745000000,5.682367053078654,paolo-laptop,crate-container-cd
power_consumption,1704488899747000000,8.73412181961751,paolo-laptop,crate-container-cd
power_consumption,1704488900749000000,8.116093406130966,paolo-laptop,crate-container-cd
power_consumption,1704488901752000000,12.296054081531402,paolo-laptop,crate-container-cd
power_consumption,1704488902754000000,10.830691564101503,paolo-laptop,crate-container-cd
power_consumption,1704488903756000000,8.770767114462787,paolo-laptop,crate-container-cd
power_consumption,1704488904758000000,10.511597520810103,paolo-laptop,crate-container-cd
power_consumption,1704488905760000000,7.765404126301398,paolo-laptop,crate-container-cd
power_consumption,1704488906761000000,2.282747844180607,paolo-laptop,crate-container-cd
power_consumption,1704488907762000000,2.0809445079295394,paolo-laptop,crate-container-cd
power_consumption,1704488908763000000,5.212195681615021,paolo-laptop,crate-container-cd
power_consumption,1704488909769000000,1.81617999956401,paolo-laptop,crate-container-cd
power_consumption,1704488910771000000,10.748807688527776,paolo-laptop,crate-container-cd
power_consumption,1704488911775000000,2.787845385415336,paolo-laptop,crate-container-cd
power_consumption,1704488912780000000,1.4599780302400616,paolo-laptop,crate-container-cd
power_consumption,1704488913783000000,7.190750657893742,paolo-laptop,crate-container-cd
power_consumption,1704488914788000000,10.47157923187882,paolo-laptop,crate-container-cd
power_consumption,1704488915791000000,7.1002534304503495,paolo-laptop,crate-container-cd
power_consumption,1704488916793000000,7.336187221234374,paolo-laptop,crate-container-cd
power_consumption,1704488917799000000,7.135627244232241,paolo-laptop,crate-container-cd
power_consumption,1704488918803000000,10.189581370009172,paolo-laptop,crate-container-cd
power_consumption,1704488919806000000,7.943627886737878,paolo-laptop,crate-container-cd
power_consumption,1704488920808000000,7.893211374253478,paolo-laptop,crate-container-cd
power_consumption,1704488921810000000,6.389949351891031,paolo-laptop,crate-container-cd
power_consumption,1704488922813000000,7.102727515905302,paolo-laptop,crate-container-cd
power_consumption,1704488923819000000,7.751729874803448,paolo-laptop,crate-container-cd
power_consumption,1704488924827000000,1.4438470896328348,paolo-laptop,crate-container-cd
power_consumption,1704488925833000000,2.167299133882927,paolo-laptop,crate-container-cd
power_consumption,1704488926837000000,5.034926752792183,paolo-laptop,crate-container-cd
power_consumption,1704488927838000000,10.623299224181263,paolo-laptop,crate-container-cd
power_consumption,1704488928842000000,2.1020348011182497,paolo-laptop,crate-container-cd
power_consumption,1704488929845000000,5.475593492190042,paolo-laptop,crate-container-cd
power_consumption,1704488930847000000,2.4683218232665647,paolo-laptop,crate-container-cd
power_consumption,1704488931849000000,13.22100419729696,paolo-laptop,crate-container-cd
power_consumption,1704488932852000000,4.242464484637535,paolo-laptop,crate-container-cd
