name,time,power,sensor,target
power_consumption,1705301674450000000,0.07615559308774855,paolo-laptop,smartwatts-formula
power_consumption,1705301675452000000,0.07598509781194013,paolo-laptop,smartwatts-formula
power_consumption,1705301677457000000,0.07437939419679865,paolo-laptop,smartwatts-formula
power_consumption,1705301681466000000,0.10826680175695083,paolo-laptop,smartwatts-formula
power_consumption,1705301682468000000,0.08854822828631384,paolo-laptop,smartwatts-formula
power_consumption,1705301683469000000,0.1041939990137765,paolo-laptop,smartwatts-formula
power_consumption,1705301684471000000,0.0812245730415707,paolo-laptop,smartwatts-formula
power_consumption,1705301685473000000,0.08117311713002652,paolo-laptop,smartwatts-formula
power_consumption,1705301686475000000,0.07785934756588349,paolo-laptop,smartwatts-formula
power_consumption,1705301687477000000,0.10163186696339742,paolo-laptop,smartwatts-formula
power_consumption,1705301689484000000,0.10480957039173981,paolo-laptop,smartwatts-formula
power_consumption,1705301690489000000,0.11351177609648419,paolo-laptop,smartwatts-formula
power_consumption,1705301691491000000,0.10382270128700763,paolo-laptop,smartwatts-formula
power_consumption,1705301692493000000,0.10061974138975845,paolo-laptop,smartwatts-formula
power_consumption,1705301693499000000,0.10714864549845785,paolo-laptop,smartwatts-formula
power_consumption,1705301694501000000,0.07693121046724141,paolo-laptop,smartwatts-formula
power_consumption,1705301695504000000,0.09877539156917191,paolo-laptop,smartwatts-formula
power_consumption,1705301696505000000,0.10691948538268706,paolo-laptop,smartwatts-formula
power_consumption,1705301697507000000,0.11592966303937921,paolo-laptop,smartwatts-formula
power_consumption,1705301698509000000,0.11784095645160621,paolo-laptop,smartwatts-formula
power_consumption,1705301699510000000,0.11911088685292334,paolo-laptop,smartwatts-formula
power_consumption,1705301700512000000,0.11045341136957962,paolo-laptop,smartwatts-formula
power_consumption,1705301701517000000,0.10811804441179504,paolo-laptop,smartwatts-formula
power_consumption,1705301702520000000,0.1019672118733933,paolo-laptop,smartwatts-formula
power_consumption,1705301705532000000,0.11616145216076082,paolo-laptop,smartwatts-formula
power_consumption,1705301706535000000,0.11330148513950256,paolo-laptop,smartwatts-formula
power_consumption,1705301715573000000,0.07899088489329786,paolo-laptop,smartwatts-formula
power_consumption,1705301716575000000,0.07602870151610663,paolo-laptop,smartwatts-formula
power_consumption,1705301717576000000,0.08153814734594034,paolo-laptop,smartwatts-formula
power_consumption,1705301718578000000,0.07035966132948644,paolo-laptop,smartwatts-formula
power_consumption,1705301719579000000,0.07652386611024746,paolo-laptop,smartwatts-formula
power_consumption,1705301720581000000,0.0772998619912693,paolo-laptop,smartwatts-formula
power_consumption,1705301721583000000,0.09748608937422035,paolo-laptop,smartwatts-formula
power_consumption,1705301722584000000,0.11535704300686078,paolo-laptop,smartwatts-formula
power_consumption,1705301723585000000,0.11952948806685723,paolo-laptop,smartwatts-formula
power_consumption,1705301724587000000,0.1064131027974024,paolo-laptop,smartwatts-formula
power_consumption,1705301725589000000,0.11140759954995284,paolo-laptop,smartwatts-formula
power_consumption,1705301726591000000,0.10968527646758004,paolo-laptop,smartwatts-formula
power_consumption,1705301727593000000,0.10298563812419362,paolo-laptop,smartwatts-formula
power_consumption,1705301728595000000,0.11537156483142609,paolo-laptop,smartwatts-formula
power_consumption,1705301729596000000,0.11540925469399524,paolo-laptop,smartwatts-formula
power_consumption,1705301730598000000,0.108231509316624,paolo-laptop,smartwatts-formula
power_consumption,1705301731600000000,0.09805134974080286,paolo-laptop,smartwatts-formula
power_consumption,1705301732602000000,0.11121059080506734,paolo-laptop,smartwatts-formula
power_consumption,1705301733604000000,0.1137894829692177,paolo-laptop,smartwatts-formula
power_consumption,1705301734606000000,0.10261378434097779,paolo-laptop,smartwatts-formula
power_consumption,1705301735608000000,0.1095446446488661,paolo-laptop,smartwatts-formula
power_consumption,1705301736610000000,0.11120901838127356,paolo-laptop,smartwatts-formula
power_consumption,1705301737612000000,0.10478687448249578,paolo-laptop,smartwatts-formula
power_consumption,1705301738614000000,0.10396774982327214,paolo-laptop,smartwatts-formula
power_consumption,1705301739616000000,0.10508525025206776,paolo-laptop,smartwatts-formula
power_consumption,1705301740619000000,0.11242986045467561,paolo-laptop,smartwatts-formula
power_consumption,1705301741622000000,0.10675712332068435,paolo-laptop,smartwatts-formula
power_consumption,1705301742624000000,0.1173316602056753,paolo-laptop,smartwatts-formula
power_consumption,1705301743626000000,0.1139929954151675,paolo-laptop,smartwatts-formula
power_consumption,1705301744628000000,0.11124741923843133,paolo-laptop,smartwatts-formula
power_consumption,1705301745630000000,0.10016651323942419,paolo-laptop,smartwatts-formula
power_consumption,1705301746633000000,0.10336730939807694,paolo-laptop,smartwatts-formula
power_consumption,1705301747635000000,0.10705273574346924,paolo-laptop,smartwatts-formula
power_consumption,1705301748637000000,0.1066981859840178,paolo-laptop,smartwatts-formula
power_consumption,1705301749639000000,0.10215268053196334,paolo-laptop,smartwatts-formula
power_consumption,1705301750642000000,0.1061136939978915,paolo-laptop,smartwatts-formula
power_consumption,1705301751646000000,0.10870512055955917,paolo-laptop,smartwatts-formula
power_consumption,1705301752648000000,0.11274461499204953,paolo-laptop,smartwatts-formula
power_consumption,1705301755655000000,0.1097637999654717,paolo-laptop,smartwatts-formula
power_consumption,1705301756657000000,0.10018502888517626,paolo-laptop,smartwatts-formula
power_consumption,1705301757659000000,0.10472206609908423,paolo-laptop,smartwatts-formula
power_consumption,1705301758665000000,0.10752658823916876,paolo-laptop,smartwatts-formula
power_consumption,1705301759671000000,0.08283914143954846,paolo-laptop,smartwatts-formula
power_consumption,1705301763679000000,0.10812789718737362,paolo-laptop,smartwatts-formula
power_consumption,1705301764681000000,0.10381578765623009,paolo-laptop,smartwatts-formula
power_consumption,1705301765683000000,0.10159145829094195,paolo-laptop,smartwatts-formula
power_consumption,1705301773700000000,0.07228031906112045,paolo-laptop,smartwatts-formula
power_consumption,1705301775707000000,0.08612424902159416,paolo-laptop,smartwatts-formula
power_consumption,1705301776710000000,0.07866765541323603,paolo-laptop,smartwatts-formula
power_consumption,1705301777712000000,0.07955968539423294,paolo-laptop,smartwatts-formula
power_consumption,1705301778713000000,0.07761895774171218,paolo-laptop,smartwatts-formula
power_consumption,1705301779715000000,0.0972365900617267,paolo-laptop,smartwatts-formula
power_consumption,1705301780720000000,0.08676750687033853,paolo-laptop,smartwatts-formula
power_consumption,1705301781722000000,0.10386814248572974,paolo-laptop,smartwatts-formula
power_consumption,1705301782725000000,0.1055940363851484,paolo-laptop,smartwatts-formula
power_consumption,1705301783727000000,0.11426823860704065,paolo-laptop,smartwatts-formula
power_consumption,1705301784729000000,0.10676341915250964,paolo-laptop,smartwatts-formula
power_consumption,1705301785732000000,0.09843164700476195,paolo-laptop,smartwatts-formula
power_consumption,1705301786734000000,0.10442710877235313,paolo-laptop,smartwatts-formula
power_consumption,1705301787737000000,0.096064844090134,paolo-laptop,smartwatts-formula
power_consumption,1705301788740000000,0.09781122423177029,paolo-laptop,smartwatts-formula
power_consumption,1705301789742000000,0.1082861149895323,paolo-laptop,smartwatts-formula
power_consumption,1705301790747000000,0.10895985907857697,paolo-laptop,smartwatts-formula
power_consumption,1705301793752000000,0.10477501641491108,paolo-laptop,smartwatts-formula
power_consumption,1705301794755000000,0.11063786779731896,paolo-laptop,smartwatts-formula
power_consumption,1705301797760000000,0.08593363276951173,paolo-laptop,smartwatts-formula
power_consumption,1705301798762000000,0.07660118718769311,paolo-laptop,smartwatts-formula
power_consumption,1705301799764000000,0.10795989447886098,paolo-laptop,smartwatts-formula
power_consumption,1705301803775000000,0.10138894239621687,paolo-laptop,smartwatts-formula
power_consumption,1705301804777000000,0.10176693647812571,paolo-laptop,smartwatts-formula
power_consumption,1705301808790000000,0.0744289863572819,paolo-laptop,smartwatts-formula
power_consumption,1705301809792000000,0.10378271894073425,paolo-laptop,smartwatts-formula
power_consumption,1705301810794000000,0.1050191625937624,paolo-laptop,smartwatts-formula
power_consumption,1705301811797000000,0.07654222287859366,paolo-laptop,smartwatts-formula
power_consumption,1705301812799000000,0.08315540469964505,paolo-laptop,smartwatts-formula
power_consumption,1705301813800000000,0.080087798512086,paolo-laptop,smartwatts-formula
power_consumption,1705301814802000000,0.0983364685018045,paolo-laptop,smartwatts-formula
power_consumption,1705301815804000000,0.10530192689087327,paolo-laptop,smartwatts-formula
power_consumption,1705301816808000000,0.10235846296057524,paolo-laptop,smartwatts-formula
power_consumption,1705301825841000000,0.04905405432400212,paolo-laptop,smartwatts-formula
power_consumption,1705301828852000000,0.08850893496542502,paolo-laptop,smartwatts-formula
power_consumption,1705301829857000000,0.07392000371999279,paolo-laptop,smartwatts-formula
power_consumption,1705301830860000000,0.07574541541811326,paolo-laptop,smartwatts-formula
power_consumption,1705301832865000000,0.08644165504396259,paolo-laptop,smartwatts-formula
power_consumption,1705301833868000000,0.07376415221872398,paolo-laptop,smartwatts-formula
power_consumption,1705301834871000000,0.10061353786630649,paolo-laptop,smartwatts-formula
power_consumption,1705301835874000000,0.10033470914028488,paolo-laptop,smartwatts-formula
power_consumption,1705301836876000000,0.09988773351873585,paolo-laptop,smartwatts-formula
power_consumption,1705301837879000000,0.07931353823134503,paolo-laptop,smartwatts-formula
power_consumption,1705301838881000000,0.11021359510744348,paolo-laptop,smartwatts-formula
power_consumption,1705301839883000000,0.0970375952296262,paolo-laptop,smartwatts-formula
power_consumption,1705301841888000000,0.10465114440030862,paolo-laptop,smartwatts-formula
power_consumption,1705301842890000000,0.10747212406435724,paolo-laptop,smartwatts-formula
power_consumption,1705301843892000000,0.10783440423803345,paolo-laptop,smartwatts-formula
power_consumption,1705301844894000000,0.10515383632374159,paolo-laptop,smartwatts-formula
power_consumption,1705301845897000000,0.10648816695922445,paolo-laptop,smartwatts-formula
power_consumption,1705301846899000000,0.09485900392041705,paolo-laptop,smartwatts-formula
power_consumption,1705301847902000000,0.09787466581004212,paolo-laptop,smartwatts-formula
power_consumption,1705301848904000000,0.10036116304674214,paolo-laptop,smartwatts-formula
power_consumption,1705301849908000000,0.1136471283307654,paolo-laptop,smartwatts-formula
power_consumption,1705301850910000000,0.11185796803321499,paolo-laptop,smartwatts-formula
power_consumption,1705301851913000000,0.11128492776678973,paolo-laptop,smartwatts-formula
power_consumption,1705301852916000000,0.0685489190230655,paolo-laptop,smartwatts-formula
power_consumption,1705301862969000000,0.0472586837676432,paolo-laptop,smartwatts-formula
power_consumption,1705301863971000000,0.0795958952496311,paolo-laptop,smartwatts-formula
power_consumption,1705301864973000000,0.07621490530495593,paolo-laptop,smartwatts-formula
power_consumption,1705301865975000000,0.0768573775634506,paolo-laptop,smartwatts-formula
power_consumption,1705301866977000000,0.08093141500339418,paolo-laptop,smartwatts-formula
power_consumption,1705301867980000000,0.07837148392231628,paolo-laptop,smartwatts-formula
power_consumption,1705301868982000000,0.09768226164800255,paolo-laptop,smartwatts-formula
power_consumption,1705301869984000000,0.10850131243624031,paolo-laptop,smartwatts-formula
power_consumption,1705301870987000000,0.10608390658070745,paolo-laptop,smartwatts-formula
power_consumption,1705301871988000000,0.10025220442024849,paolo-laptop,smartwatts-formula
power_consumption,1705301872990000000,0.10841253256846499,paolo-laptop,smartwatts-formula
power_consumption,1705301873993000000,0.10510822849771093,paolo-laptop,smartwatts-formula
power_consumption,1705301874996000000,0.0958742206759157,paolo-laptop,smartwatts-formula
power_consumption,1705301875999000000,0.14688717527981068,paolo-laptop,smartwatts-formula
power_consumption,1705301878003000000,0.124302839828795,paolo-laptop,smartwatts-formula
power_consumption,1705301879005000000,0.1346246982418745,paolo-laptop,smartwatts-formula
power_consumption,1705301880010000000,0.13936362684648135,paolo-laptop,smartwatts-formula
power_consumption,1705301882014000000,0.1071216430687348,paolo-laptop,smartwatts-formula
power_consumption,1705301883016000000,0.09351003363048441,paolo-laptop,smartwatts-formula
power_consumption,1705301884018000000,0.11166217258241731,paolo-laptop,smartwatts-formula
power_consumption,1705301885021000000,0.12213310205484411,paolo-laptop,smartwatts-formula
power_consumption,1705301886023000000,0.11118399406670709,paolo-laptop,smartwatts-formula
power_consumption,1705301887025000000,0.10387326575242131,paolo-laptop,smartwatts-formula
power_consumption,1705301888027000000,0.1074219985653977,paolo-laptop,smartwatts-formula
power_consumption,1705301889029000000,0.12402481158324297,paolo-laptop,smartwatts-formula
power_consumption,1705301890030000000,0.12370293400181874,paolo-laptop,smartwatts-formula
power_consumption,1705301891032000000,0.10916406903080404,paolo-laptop,smartwatts-formula
power_consumption,1705301892034000000,0.11929355422699642,paolo-laptop,smartwatts-formula
power_consumption,1705301893036000000,0.1368905416994745,paolo-laptop,smartwatts-formula
power_consumption,1705301894038000000,0.10682226104060064,paolo-laptop,smartwatts-formula
power_consumption,1705301895040000000,0.06781747095217588,paolo-laptop,smartwatts-formula
power_consumption,1705301896044000000,0.07053220300491889,paolo-laptop,smartwatts-formula
power_consumption,1705301900057000000,0.09485291076411377,paolo-laptop,smartwatts-formula
power_consumption,1705301902061000000,0.06604310404673538,paolo-laptop,smartwatts-formula
power_consumption,1705301913094000000,0.07777608559531957,paolo-laptop,smartwatts-formula
power_consumption,1705301915096000000,0.07096044002431198,paolo-laptop,smartwatts-formula
power_consumption,1705301917103000000,0.07411752333898529,paolo-laptop,smartwatts-formula
power_consumption,1705301923125000000,0.06429089090934145,paolo-laptop,smartwatts-formula
power_consumption,1705301925128000000,0.11134424609463017,paolo-laptop,smartwatts-formula
power_consumption,1705301926129000000,0.04584357709964917,paolo-laptop,smartwatts-formula
power_consumption,1705301927131000000,0.07894026946560152,paolo-laptop,smartwatts-formula
power_consumption,1705301932144000000,0.12913604885452923,paolo-laptop,smartwatts-formula
power_consumption,1705301934150000000,0.15286899080877686,paolo-laptop,smartwatts-formula
power_consumption,1705301936156000000,0.07509385443725278,paolo-laptop,smartwatts-formula
power_consumption,1705301937157000000,0.06368670803381106,paolo-laptop,smartwatts-formula
power_consumption,1705301938161000000,0.061389839290466576,paolo-laptop,smartwatts-formula
power_consumption,1705301940168000000,0.08685246214997265,paolo-laptop,smartwatts-formula
power_consumption,1705301942175000000,0.06280317727324673,paolo-laptop,smartwatts-formula
power_consumption,1705301943177000000,0.12218365860974095,paolo-laptop,smartwatts-formula
power_consumption,1705301944179000000,0.14804489163951084,paolo-laptop,smartwatts-formula
power_consumption,1705301945182000000,0.09140597128904769,paolo-laptop,smartwatts-formula
power_consumption,1705301946188000000,0.13065545668802248,paolo-laptop,smartwatts-formula
power_consumption,1705301947190000000,0.11639637996573819,paolo-laptop,smartwatts-formula
power_consumption,1705301948192000000,0.13124162275975387,paolo-laptop,smartwatts-formula
power_consumption,1705301949194000000,0.13331070573879442,paolo-laptop,smartwatts-formula
power_consumption,1705301950196000000,0.07108723393033023,paolo-laptop,smartwatts-formula
power_consumption,1705301951198000000,0.15746458182921896,paolo-laptop,smartwatts-formula
power_consumption,1705301952200000000,0.12371016171217199,paolo-laptop,smartwatts-formula
power_consumption,1705301953202000000,0.13437065604511328,paolo-laptop,smartwatts-formula
power_consumption,1705301954204000000,0.15691959237193043,paolo-laptop,smartwatts-formula
power_consumption,1705301955206000000,0.12939841156725757,paolo-laptop,smartwatts-formula
power_consumption,1705301958216000000,0.06817448490055972,paolo-laptop,smartwatts-formula
power_consumption,1705301961224000000,0.06878661721757172,paolo-laptop,smartwatts-formula
power_consumption,1705301962226000000,0.09075485109184181,paolo-laptop,smartwatts-formula
power_consumption,1705301963228000000,0.09260753704274004,paolo-laptop,smartwatts-formula
power_consumption,1705301965234000000,0.08491183623805601,paolo-laptop,smartwatts-formula
power_consumption,1705301966236000000,0.04538486349880381,paolo-laptop,smartwatts-formula
power_consumption,1705301967240000000,0.06065157725814311,paolo-laptop,smartwatts-formula
power_consumption,1705301968242000000,0.07829987582927861,paolo-laptop,smartwatts-formula
power_consumption,1705301969244000000,0.11710643338664527,paolo-laptop,smartwatts-formula
power_consumption,1705301970246000000,0.08922230033160598,paolo-laptop,smartwatts-formula
power_consumption,1705301971248000000,0.10231531320171058,paolo-laptop,smartwatts-formula
power_consumption,1705301972250000000,0.12943473645975417,paolo-laptop,smartwatts-formula
power_consumption,1705301973253000000,0.17926145725985937,paolo-laptop,smartwatts-formula
power_consumption,1705301975257000000,0.1425574682347385,paolo-laptop,smartwatts-formula
power_consumption,1705301976259000000,0.12334626530019326,paolo-laptop,smartwatts-formula
power_consumption,1705301977261000000,0.11363144634935335,paolo-laptop,smartwatts-formula
power_consumption,1705301978263000000,0.11259521750779586,paolo-laptop,smartwatts-formula
power_consumption,1705301979265000000,0.06932985583000593,paolo-laptop,smartwatts-formula
power_consumption,1705301981268000000,0.09202668503621422,paolo-laptop,smartwatts-formula
power_consumption,1705301984272000000,0.07870235905157824,paolo-laptop,smartwatts-formula
power_consumption,1705301985274000000,0.12912071710175815,paolo-laptop,smartwatts-formula
power_consumption,1705301988280000000,0.14605504313333145,paolo-laptop,smartwatts-formula
power_consumption,1705301989282000000,0.0809780410042004,paolo-laptop,smartwatts-formula
power_consumption,1705301990284000000,0.11771481034459566,paolo-laptop,smartwatts-formula
power_consumption,1705301991285000000,0.12112965895781926,paolo-laptop,smartwatts-formula
power_consumption,1705301992288000000,0.09576914767327552,paolo-laptop,smartwatts-formula
power_consumption,1705301995297000000,0.07932350948216567,paolo-laptop,smartwatts-formula
power_consumption,1705301997301000000,0.11635733182031152,paolo-laptop,smartwatts-formula
power_consumption,1705301998303000000,0.12239988228909637,paolo-laptop,smartwatts-formula
power_consumption,1705301999305000000,0.10236307522399454,paolo-laptop,smartwatts-formula
power_consumption,1705302000311000000,0.059407956728729776,paolo-laptop,smartwatts-formula
power_consumption,1705302001319000000,0.16184522961944736,paolo-laptop,smartwatts-formula
power_consumption,1705302002322000000,0.058612506687977114,paolo-laptop,smartwatts-formula
power_consumption,1705302003326000000,0.11701501725732738,paolo-laptop,smartwatts-formula
power_consumption,1705302004329000000,0.13724888681291256,paolo-laptop,smartwatts-formula
power_consumption,1705302006338000000,0.08775398214861524,paolo-laptop,smartwatts-formula
power_consumption,1705302007340000000,0.06801654857513863,paolo-laptop,smartwatts-formula
power_consumption,1705302008342000000,0.12996533728654414,paolo-laptop,smartwatts-formula
power_consumption,1705302009347000000,0.07058466554546503,paolo-laptop,smartwatts-formula
power_consumption,1705302010348000000,0.08580402887896693,paolo-laptop,smartwatts-formula
power_consumption,1705302011350000000,0.1573548812640958,paolo-laptop,smartwatts-formula
power_consumption,1705302012352000000,0.11858136714837794,paolo-laptop,smartwatts-formula
power_consumption,1705302013354000000,0.08311628245106482,paolo-laptop,smartwatts-formula
power_consumption,1705302014356000000,0.09714315787209438,paolo-laptop,smartwatts-formula
power_consumption,1705302015357000000,0.08452064840980132,paolo-laptop,smartwatts-formula
power_consumption,1705302016359000000,0.080780159567261,paolo-laptop,smartwatts-formula
power_consumption,1705302017361000000,0.12351823766882322,paolo-laptop,smartwatts-formula
power_consumption,1705302018365000000,0.0701927187678385,paolo-laptop,smartwatts-formula
power_consumption,1705302019366000000,0.1450064405189333,paolo-laptop,smartwatts-formula
power_consumption,1705302021374000000,0.14789941328945577,paolo-laptop,smartwatts-formula
power_consumption,1705302022377000000,0.15634418495722804,paolo-laptop,smartwatts-formula
power_consumption,1705302023378000000,0.13604071233949092,paolo-laptop,smartwatts-formula
power_consumption,1705302024380000000,0.12622764711454026,paolo-laptop,smartwatts-formula
power_consumption,1705302026384000000,0.11454082116229948,paolo-laptop,smartwatts-formula
power_consumption,1705302027388000000,0.16464479671374463,paolo-laptop,smartwatts-formula
power_consumption,1705302028390000000,0.07974417537339615,paolo-laptop,smartwatts-formula
power_consumption,1705302029395000000,0.17737608030848512,paolo-laptop,smartwatts-formula
power_consumption,1705302030397000000,0.07794212769213799,paolo-laptop,smartwatts-formula
power_consumption,1705302031399000000,0.06957719586893733,paolo-laptop,smartwatts-formula
power_consumption,1705302032402000000,0.07488602862507998,paolo-laptop,smartwatts-formula
power_consumption,1705302033406000000,0.17029895922389368,paolo-laptop,smartwatts-formula
power_consumption,1705302034408000000,0.15071861862328434,paolo-laptop,smartwatts-formula
power_consumption,1705302035410000000,0.11397481179486679,paolo-laptop,smartwatts-formula
power_consumption,1705302036412000000,0.11146525365961509,paolo-laptop,smartwatts-formula
power_consumption,1705302038418000000,0.09946909106166629,paolo-laptop,smartwatts-formula
power_consumption,1705302039422000000,0.16527646647392574,paolo-laptop,smartwatts-formula
power_consumption,1705302040426000000,0.1427396451423771,paolo-laptop,smartwatts-formula
power_consumption,1705302042431000000,0.06872716333865629,paolo-laptop,smartwatts-formula
power_consumption,1705302043432000000,0.20276702213083353,paolo-laptop,smartwatts-formula
power_consumption,1705302044434000000,0.10268205289164134,paolo-laptop,smartwatts-formula
power_consumption,1705302045436000000,0.12523039552854975,paolo-laptop,smartwatts-formula
power_consumption,1705302046438000000,0.11823312262819526,paolo-laptop,smartwatts-formula
power_consumption,1705302047442000000,0.07692015321942305,paolo-laptop,smartwatts-formula
power_consumption,1705302048444000000,0.14590115275918805,paolo-laptop,smartwatts-formula
power_consumption,1705302049447000000,0.12106191490716908,paolo-laptop,smartwatts-formula
power_consumption,1705302050449000000,0.11107042705935624,paolo-laptop,smartwatts-formula
power_consumption,1705302051451000000,0.11997101340305918,paolo-laptop,smartwatts-formula
power_consumption,1705302052453000000,0.10899996957639045,paolo-laptop,smartwatts-formula
power_consumption,1705302053455000000,0.12823426171842925,paolo-laptop,smartwatts-formula
power_consumption,1705302054458000000,0.11957579937633299,paolo-laptop,smartwatts-formula
power_consumption,1705302055460000000,0.11195083643276285,paolo-laptop,smartwatts-formula
power_consumption,1705302056463000000,0.11169169467221539,paolo-laptop,smartwatts-formula
power_consumption,1705302057466000000,0.12128657648955057,paolo-laptop,smartwatts-formula
power_consumption,1705302058468000000,0.11754344723435814,paolo-laptop,smartwatts-formula
power_consumption,1705302059470000000,0.10799727211482235,paolo-laptop,smartwatts-formula
power_consumption,1705302060473000000,0.08112967439445294,paolo-laptop,smartwatts-formula
power_consumption,1705302061475000000,0.10462777336000223,paolo-laptop,smartwatts-formula
power_consumption,1705302063479000000,0.12551284839473592,paolo-laptop,smartwatts-formula
power_consumption,1705302064481000000,0.08836226114813112,paolo-laptop,smartwatts-formula
power_consumption,1705302065483000000,0.13689231603867713,paolo-laptop,smartwatts-formula
power_consumption,1705302066485000000,0.11736038384427319,paolo-laptop,smartwatts-formula
power_consumption,1705302067486000000,0.1301317515861331,paolo-laptop,smartwatts-formula
power_consumption,1705302068489000000,0.09194717293411996,paolo-laptop,smartwatts-formula
power_consumption,1705302069491000000,0.1333781695412649,paolo-laptop,smartwatts-formula
power_consumption,1705302070492000000,0.16590261522876684,paolo-laptop,smartwatts-formula
power_consumption,1705302071494000000,0.06704164399973538,paolo-laptop,smartwatts-formula
power_consumption,1705302072496000000,0.06812394795572303,paolo-laptop,smartwatts-formula
power_consumption,1705302073498000000,0.1306102844233029,paolo-laptop,smartwatts-formula
power_consumption,1705302074501000000,0.06761805417460895,paolo-laptop,smartwatts-formula
power_consumption,1705302075502000000,0.12372676356615933,paolo-laptop,smartwatts-formula
power_consumption,1705302076503000000,0.11775589695021534,paolo-laptop,smartwatts-formula
power_consumption,1705302077508000000,0.21618743093654436,paolo-laptop,smartwatts-formula
power_consumption,1705302079524000000,0.17311741804867728,paolo-laptop,smartwatts-formula
power_consumption,1705302080528000000,0.07805755372045363,paolo-laptop,smartwatts-formula
power_consumption,1705302081529000000,0.08062838495009143,paolo-laptop,smartwatts-formula
power_consumption,1705302082533000000,0.18622449888276865,paolo-laptop,smartwatts-formula
power_consumption,1705302084538000000,0.10954859228943703,paolo-laptop,smartwatts-formula
power_consumption,1705302085540000000,0.12562789392921025,paolo-laptop,smartwatts-formula
power_consumption,1705302086542000000,0.12445620809706336,paolo-laptop,smartwatts-formula
power_consumption,1705302087546000000,0.13104012236600643,paolo-laptop,smartwatts-formula
power_consumption,1705302088548000000,0.17169044179024248,paolo-laptop,smartwatts-formula
power_consumption,1705302089550000000,0.14444889112858283,paolo-laptop,smartwatts-formula
power_consumption,1705302090552000000,0.10519829970916128,paolo-laptop,smartwatts-formula
power_consumption,1705302091554000000,0.1162507086369932,paolo-laptop,smartwatts-formula
power_consumption,1705302092556000000,0.11082720236739935,paolo-laptop,smartwatts-formula
power_consumption,1705302093559000000,0.12002334305121054,paolo-laptop,smartwatts-formula
power_consumption,1705302094561000000,0.14023527918012635,paolo-laptop,smartwatts-formula
power_consumption,1705302095563000000,0.07589646757466645,paolo-laptop,smartwatts-formula
power_consumption,1705302096566000000,0.10957371059010368,paolo-laptop,smartwatts-formula
power_consumption,1705302097571000000,0.08667517435161065,paolo-laptop,smartwatts-formula
power_consumption,1705302098572000000,0.09534016699468814,paolo-laptop,smartwatts-formula
power_consumption,1705302099574000000,0.06850952565879202,paolo-laptop,smartwatts-formula
power_consumption,1705302100578000000,0.06867136953133897,paolo-laptop,smartwatts-formula
power_consumption,1705302101581000000,0.10545999377593868,paolo-laptop,smartwatts-formula
power_consumption,1705302102583000000,0.1279560551172398,paolo-laptop,smartwatts-formula
power_consumption,1705302104586000000,0.12234663078616485,paolo-laptop,smartwatts-formula
power_consumption,1705302105588000000,0.1473654344572607,paolo-laptop,smartwatts-formula
power_consumption,1705302106590000000,0.11574682444191325,paolo-laptop,smartwatts-formula
power_consumption,1705302107595000000,0.1871888160186376,paolo-laptop,smartwatts-formula
power_consumption,1705302108600000000,0.11672809237423765,paolo-laptop,smartwatts-formula
power_consumption,1705302109602000000,0.11366073541502375,paolo-laptop,smartwatts-formula
power_consumption,1705302110607000000,0.20314800749333242,paolo-laptop,smartwatts-formula
power_consumption,1705302111609000000,0.14906055720010553,paolo-laptop,smartwatts-formula
power_consumption,1705302112612000000,0.08240301673694464,paolo-laptop,smartwatts-formula
power_consumption,1705302113614000000,0.09787047902858484,paolo-laptop,smartwatts-formula
power_consumption,1705302114616000000,0.13274089146784282,paolo-laptop,smartwatts-formula
power_consumption,1705302115619000000,0.11560760536373585,paolo-laptop,smartwatts-formula
power_consumption,1705302116621000000,0.15431415309655094,paolo-laptop,smartwatts-formula
power_consumption,1705302117627000000,0.08216488954042174,paolo-laptop,smartwatts-formula
power_consumption,1705302118632000000,0.1051689821089351,paolo-laptop,smartwatts-formula
power_consumption,1705302119637000000,0.06907942392043157,paolo-laptop,smartwatts-formula
power_consumption,1705302120639000000,0.08941476665898235,paolo-laptop,smartwatts-formula
power_consumption,1705302121641000000,0.15361263377027629,paolo-laptop,smartwatts-formula
power_consumption,1705302122646000000,0.1391299615761679,paolo-laptop,smartwatts-formula
power_consumption,1705302123649000000,0.10184725365346163,paolo-laptop,smartwatts-formula
power_consumption,1705302124651000000,0.1067685363975666,paolo-laptop,smartwatts-formula
power_consumption,1705302125655000000,0.1091818025840756,paolo-laptop,smartwatts-formula
power_consumption,1705302126658000000,0.10362331187090275,paolo-laptop,smartwatts-formula
power_consumption,1705302127660000000,0.16048262627738433,paolo-laptop,smartwatts-formula
power_consumption,1705302128662000000,0.12334865222740549,paolo-laptop,smartwatts-formula
power_consumption,1705302129664000000,0.11344830081428282,paolo-laptop,smartwatts-formula
power_consumption,1705302130666000000,0.11383619432560776,paolo-laptop,smartwatts-formula
power_consumption,1705302131668000000,0.1169865030295704,paolo-laptop,smartwatts-formula
power_consumption,1705302132670000000,0.1139528754995513,paolo-laptop,smartwatts-formula
power_consumption,1705302133672000000,0.12831858527933654,paolo-laptop,smartwatts-formula
power_consumption,1705302136678000000,0.1300150862597017,paolo-laptop,smartwatts-formula
power_consumption,1705302137680000000,0.10612910069437306,paolo-laptop,smartwatts-formula
power_consumption,1705302138682000000,0.11912331806562057,paolo-laptop,smartwatts-formula
power_consumption,1705302139685000000,0.11712020612018954,paolo-laptop,smartwatts-formula
power_consumption,1705302140687000000,0.09629825394087252,paolo-laptop,smartwatts-formula
power_consumption,1705302141690000000,0.10905004100974008,paolo-laptop,smartwatts-formula
power_consumption,1705302142692000000,0.12007227807919497,paolo-laptop,smartwatts-formula
power_consumption,1705302143694000000,0.12966267674559923,paolo-laptop,smartwatts-formula
power_consumption,1705302144696000000,0.12509127848421064,paolo-laptop,smartwatts-formula
power_consumption,1705302145698000000,0.11554252949097679,paolo-laptop,smartwatts-formula
power_consumption,1705302146700000000,0.12070789167531401,paolo-laptop,smartwatts-formula
power_consumption,1705302147706000000,0.10569060806374232,paolo-laptop,smartwatts-formula
power_consumption,1705302148708000000,0.13574834745834902,paolo-laptop,smartwatts-formula
power_consumption,1705302149710000000,0.10956369787455272,paolo-laptop,smartwatts-formula
power_consumption,1705302150713000000,0.13456756582326046,paolo-laptop,smartwatts-formula
power_consumption,1705302151715000000,0.155450387354187,paolo-laptop,smartwatts-formula
power_consumption,1705302153719000000,0.14631374414093445,paolo-laptop,smartwatts-formula
power_consumption,1705302154723000000,0.09751123842665407,paolo-laptop,smartwatts-formula
power_consumption,1705302155726000000,0.11171545035774555,paolo-laptop,smartwatts-formula
power_consumption,1705302156730000000,0.19495482530948727,paolo-laptop,smartwatts-formula
power_consumption,1705302157731000000,0.08550806657601498,paolo-laptop,smartwatts-formula
power_consumption,1705302158733000000,0.11659702880043077,paolo-laptop,smartwatts-formula
power_consumption,1705302159735000000,0.1395325640686873,paolo-laptop,smartwatts-formula
power_consumption,1705302160737000000,0.15603204482590083,paolo-laptop,smartwatts-formula
power_consumption,1705302161738000000,0.11886178817124184,paolo-laptop,smartwatts-formula
power_consumption,1705302162742000000,0.10187099038156086,paolo-laptop,smartwatts-formula
power_consumption,1705302163744000000,0.09013104311719794,paolo-laptop,smartwatts-formula
power_consumption,1705302164746000000,0.121063032275981,paolo-laptop,smartwatts-formula
power_consumption,1705302165747000000,0.1288017974893379,paolo-laptop,smartwatts-formula
power_consumption,1705302166748000000,0.11984426809510418,paolo-laptop,smartwatts-formula
power_consumption,1705302167750000000,0.12804038480073496,paolo-laptop,smartwatts-formula
power_consumption,1705302168754000000,0.10235071759253977,paolo-laptop,smartwatts-formula
power_consumption,1705302169757000000,0.10901084456064047,paolo-laptop,smartwatts-formula
power_consumption,1705302170759000000,0.0975555312562614,paolo-laptop,smartwatts-formula
power_consumption,1705302171760000000,0.12036522786928329,paolo-laptop,smartwatts-formula
power_consumption,1705302172762000000,0.12689111142206008,paolo-laptop,smartwatts-formula
power_consumption,1705302173763000000,0.1250549417177051,paolo-laptop,smartwatts-formula
power_consumption,1705302175772000000,0.2579737647104956,paolo-laptop,smartwatts-formula
power_consumption,1705302176776000000,0.0668470186509316,paolo-laptop,smartwatts-formula
power_consumption,1705302178779000000,0.12349860686102124,paolo-laptop,smartwatts-formula
power_consumption,1705302179780000000,0.13875297796765454,paolo-laptop,smartwatts-formula
power_consumption,1705302180782000000,0.05756950122286164,paolo-laptop,smartwatts-formula
power_consumption,1705302181784000000,0.15268897226878037,paolo-laptop,smartwatts-formula
power_consumption,1705302183790000000,0.21937361853367152,paolo-laptop,smartwatts-formula
power_consumption,1705302185798000000,0.17545761085800302,paolo-laptop,smartwatts-formula
power_consumption,1705302186802000000,0.31059772603845515,paolo-laptop,smartwatts-formula
power_consumption,1705302190818000000,0.15361122348409884,paolo-laptop,smartwatts-formula
power_consumption,1705302191819000000,0.09059903424517979,paolo-laptop,smartwatts-formula
power_consumption,1705302193823000000,0.10573466550732025,paolo-laptop,smartwatts-formula
power_consumption,1705302194826000000,0.10564183966001489,paolo-laptop,smartwatts-formula
power_consumption,1705302195831000000,0.14461927301133493,paolo-laptop,smartwatts-formula
power_consumption,1705302196833000000,0.08595570920263086,paolo-laptop,smartwatts-formula
power_consumption,1705302197835000000,0.1606094608315014,paolo-laptop,smartwatts-formula
power_consumption,1705302198836000000,0.19349237717111392,paolo-laptop,smartwatts-formula
power_consumption,1705302199838000000,0.07658939793970371,paolo-laptop,smartwatts-formula
power_consumption,1705302200839000000,0.1036896461320444,paolo-laptop,smartwatts-formula
power_consumption,1705302201840000000,0.06690738329589693,paolo-laptop,smartwatts-formula
power_consumption,1705302202842000000,0.10180179673751578,paolo-laptop,smartwatts-formula
power_consumption,1705302203843000000,0.09514027877575734,paolo-laptop,smartwatts-formula
power_consumption,1705302204845000000,0.13261234742844247,paolo-laptop,smartwatts-formula
power_consumption,1705302205846000000,0.17092319512397217,paolo-laptop,smartwatts-formula
power_consumption,1705302206847000000,0.08494605649100113,paolo-laptop,smartwatts-formula
power_consumption,1705302207849000000,0.11635289113730221,paolo-laptop,smartwatts-formula
power_consumption,1705302208850000000,0.1284616443749844,paolo-laptop,smartwatts-formula
power_consumption,1705302209854000000,0.08456418481970511,paolo-laptop,smartwatts-formula
power_consumption,1705302211860000000,0.21071828555458633,paolo-laptop,smartwatts-formula
power_consumption,1705302212861000000,0.10070346638550086,paolo-laptop,smartwatts-formula
power_consumption,1705302213867000000,0.24611670733684754,paolo-laptop,smartwatts-formula
power_consumption,1705302214870000000,0.15879178881614844,paolo-laptop,smartwatts-formula
power_consumption,1705302215875000000,0.11808555852552083,paolo-laptop,smartwatts-formula
power_consumption,1705302216879000000,0.0817004766733251,paolo-laptop,smartwatts-formula
power_consumption,1705302217885000000,0.11778105038799169,paolo-laptop,smartwatts-formula
power_consumption,1705302218887000000,0.12152001474264475,paolo-laptop,smartwatts-formula
power_consumption,1705302219889000000,0.09728474754731462,paolo-laptop,smartwatts-formula
power_consumption,1705302220894000000,0.17917856240276037,paolo-laptop,smartwatts-formula
power_consumption,1705302221897000000,0.11288176028692357,paolo-laptop,smartwatts-formula
power_consumption,1705302222900000000,0.11975623643087013,paolo-laptop,smartwatts-formula
power_consumption,1705302223901000000,0.11722007407919434,paolo-laptop,smartwatts-formula
power_consumption,1705302224903000000,0.10931699521460364,paolo-laptop,smartwatts-formula
power_consumption,1705302225905000000,0.10932405529382397,paolo-laptop,smartwatts-formula
power_consumption,1705302226909000000,0.15271818980965413,paolo-laptop,smartwatts-formula
power_consumption,1705302228916000000,0.14238342656258313,paolo-laptop,smartwatts-formula
power_consumption,1705302229917000000,0.31257161184736026,paolo-laptop,smartwatts-formula
power_consumption,1705302230921000000,0.06794890170836242,paolo-laptop,smartwatts-formula
power_consumption,1705302231922000000,0.06932730775195822,paolo-laptop,smartwatts-formula
power_consumption,1705302232926000000,0.07145312856577661,paolo-laptop,smartwatts-formula
power_consumption,1705302233928000000,0.0788300802580775,paolo-laptop,smartwatts-formula
power_consumption,1705302234932000000,0.07734018917446502,paolo-laptop,smartwatts-formula
power_consumption,1705302235936000000,0.3371977460270641,paolo-laptop,smartwatts-formula
power_consumption,1705302236940000000,0.10646851626892764,paolo-laptop,smartwatts-formula
power_consumption,1705302238944000000,0.19234622110771463,paolo-laptop,smartwatts-formula
power_consumption,1705302239945000000,0.070408101024197,paolo-laptop,smartwatts-formula
power_consumption,1705302240949000000,0.1769335082508291,paolo-laptop,smartwatts-formula
power_consumption,1705302241950000000,0.07863441106263244,paolo-laptop,smartwatts-formula
power_consumption,1705302242952000000,0.18964835668662652,paolo-laptop,smartwatts-formula
power_consumption,1705302243956000000,0.16329691656266174,paolo-laptop,smartwatts-formula
power_consumption,1705302244958000000,0.06605914820642393,paolo-laptop,smartwatts-formula
power_consumption,1705302245959000000,0.14952779715572764,paolo-laptop,smartwatts-formula
power_consumption,1705302246962000000,0.18104234839814806,paolo-laptop,smartwatts-formula
power_consumption,1705302247965000000,0.10110366297864554,paolo-laptop,smartwatts-formula
power_consumption,1705302248967000000,0.13865123843524624,paolo-laptop,smartwatts-formula
power_consumption,1705302249973000000,0.12322340785365006,paolo-laptop,smartwatts-formula
power_consumption,1705302250977000000,0.14144758114930975,paolo-laptop,smartwatts-formula
power_consumption,1705302251980000000,0.09938479281449439,paolo-laptop,smartwatts-formula
power_consumption,1705302252983000000,0.07403442923168396,paolo-laptop,smartwatts-formula
power_consumption,1705302253985000000,0.10380496708251125,paolo-laptop,smartwatts-formula
power_consumption,1705302254989000000,0.09941654644378105,paolo-laptop,smartwatts-formula
power_consumption,1705302255991000000,0.07144080834594067,paolo-laptop,smartwatts-formula
power_consumption,1705302256993000000,0.07445204229196756,paolo-laptop,smartwatts-formula
power_consumption,1705302257996000000,0.11872095814334432,paolo-laptop,smartwatts-formula
power_consumption,1705302259000000000,0.13698360165852042,paolo-laptop,smartwatts-formula
power_consumption,1705302260002000000,0.1622143030638512,paolo-laptop,smartwatts-formula
power_consumption,1705302261004000000,0.19758629645230763,paolo-laptop,smartwatts-formula
power_consumption,1705302262006000000,0.11616942518728043,paolo-laptop,smartwatts-formula
power_consumption,1705302263008000000,0.11349256855681239,paolo-laptop,smartwatts-formula
power_consumption,1705302264010000000,0.12169387122872029,paolo-laptop,smartwatts-formula
power_consumption,1705302265012000000,0.12136430471490574,paolo-laptop,smartwatts-formula
power_consumption,1705302266014000000,0.11596525087121098,paolo-laptop,smartwatts-formula
power_consumption,1705302267016000000,0.10862379973955139,paolo-laptop,smartwatts-formula
power_consumption,1705302268018000000,0.13630645839788913,paolo-laptop,smartwatts-formula
power_consumption,1705302269021000000,0.14071224384973363,paolo-laptop,smartwatts-formula
power_consumption,1705302270023000000,0.12892448847896898,paolo-laptop,smartwatts-formula
power_consumption,1705302271029000000,0.13764707939076556,paolo-laptop,smartwatts-formula
power_consumption,1705302272031000000,0.12381374829419052,paolo-laptop,smartwatts-formula
power_consumption,1705302273034000000,0.133444955044215,paolo-laptop,smartwatts-formula
power_consumption,1705302274035000000,0.13668998468870025,paolo-laptop,smartwatts-formula
power_consumption,1705302275037000000,0.1354233130725911,paolo-laptop,smartwatts-formula
power_consumption,1705302276040000000,0.1400992549157124,paolo-laptop,smartwatts-formula
power_consumption,1705302277042000000,0.13928561606924295,paolo-laptop,smartwatts-formula
power_consumption,1705302278045000000,0.14380288814711645,paolo-laptop,smartwatts-formula
power_consumption,1705302279046000000,0.14200120673321695,paolo-laptop,smartwatts-formula
power_consumption,1705302280049000000,0.07133220229619995,paolo-laptop,smartwatts-formula
power_consumption,1705302281052000000,0.07012016821334768,paolo-laptop,smartwatts-formula
power_consumption,1705302282053000000,0.1460059621806715,paolo-laptop,smartwatts-formula
power_consumption,1705302283055000000,0.07241487367054221,paolo-laptop,smartwatts-formula
power_consumption,1705302284059000000,0.10169380338360609,paolo-laptop,smartwatts-formula
power_consumption,1705302285061000000,0.0998071941570428,paolo-laptop,smartwatts-formula
power_consumption,1705302286064000000,0.11500558829540547,paolo-laptop,smartwatts-formula
power_consumption,1705302287066000000,0.17356583430627465,paolo-laptop,smartwatts-formula
power_consumption,1705302288067000000,0.12048857321405743,paolo-laptop,smartwatts-formula
power_consumption,1705302289073000000,0.11362040385507824,paolo-laptop,smartwatts-formula
power_consumption,1705302291079000000,0.09927463507150042,paolo-laptop,smartwatts-formula
power_consumption,1705302292081000000,0.13077379296570482,paolo-laptop,smartwatts-formula
power_consumption,1705302293085000000,0.14893827122754535,paolo-laptop,smartwatts-formula
power_consumption,1705302294088000000,0.1336177128161971,paolo-laptop,smartwatts-formula
power_consumption,1705302295091000000,0.07969447735744821,paolo-laptop,smartwatts-formula
power_consumption,1705302297097000000,0.09026073592572309,paolo-laptop,smartwatts-formula
power_consumption,1705302298098000000,0.12914699197859592,paolo-laptop,smartwatts-formula
power_consumption,1705302299101000000,0.11955425568717387,paolo-laptop,smartwatts-formula
power_consumption,1705302300103000000,0.13302056426857078,paolo-laptop,smartwatts-formula
power_consumption,1705302301105000000,0.15620331511506064,paolo-laptop,smartwatts-formula
power_consumption,1705302302107000000,0.11657748491006792,paolo-laptop,smartwatts-formula
power_consumption,1705302303109000000,0.1303544753918672,paolo-laptop,smartwatts-formula
power_consumption,1705302304111000000,0.12498157386285473,paolo-laptop,smartwatts-formula
power_consumption,1705302305112000000,0.1395817061351179,paolo-laptop,smartwatts-formula
power_consumption,1705302306116000000,0.10355597680406951,paolo-laptop,smartwatts-formula
power_consumption,1705302308122000000,0.09469656544774331,paolo-laptop,smartwatts-formula
power_consumption,1705302309124000000,0.12305805219940621,paolo-laptop,smartwatts-formula
power_consumption,1705302310125000000,0.14106332074318492,paolo-laptop,smartwatts-formula
power_consumption,1705302311127000000,0.14801719233996297,paolo-laptop,smartwatts-formula
power_consumption,1705302312131000000,0.16897013013190385,paolo-laptop,smartwatts-formula
power_consumption,1705302313133000000,0.28804247104198516,paolo-laptop,smartwatts-formula
power_consumption,1705302314135000000,0.13998047823081383,paolo-laptop,smartwatts-formula
power_consumption,1705302315136000000,0.13061748096962467,paolo-laptop,smartwatts-formula
power_consumption,1705302316140000000,0.08532148114947632,paolo-laptop,smartwatts-formula
power_consumption,1705302318146000000,0.09100553077016796,paolo-laptop,smartwatts-formula
power_consumption,1705302319147000000,0.11533185609943672,paolo-laptop,smartwatts-formula
power_consumption,1705302320151000000,0.14811745296223094,paolo-laptop,smartwatts-formula
power_consumption,1705302321153000000,0.10939649163017681,paolo-laptop,smartwatts-formula
power_consumption,1705302323157000000,0.100922656985453,paolo-laptop,smartwatts-formula
power_consumption,1705302324159000000,0.10869540723167817,paolo-laptop,smartwatts-formula
power_consumption,1705302325161000000,0.1116681289226597,paolo-laptop,smartwatts-formula
power_consumption,1705302326163000000,0.12039709453012368,paolo-laptop,smartwatts-formula
power_consumption,1705302327165000000,0.11440915719492886,paolo-laptop,smartwatts-formula
power_consumption,1705302328168000000,0.09788018188780268,paolo-laptop,smartwatts-formula
power_consumption,1705302329170000000,0.11431270981980013,paolo-laptop,smartwatts-formula
power_consumption,1705302330172000000,0.1196085290784101,paolo-laptop,smartwatts-formula
power_consumption,1705302331175000000,0.11777822115654496,paolo-laptop,smartwatts-formula
power_consumption,1705302332178000000,0.1273648603876551,paolo-laptop,smartwatts-formula
power_consumption,1705302333180000000,0.12449681398828351,paolo-laptop,smartwatts-formula
power_consumption,1705302334182000000,0.11179770842792772,paolo-laptop,smartwatts-formula
power_consumption,1705302335184000000,0.11651459732101736,paolo-laptop,smartwatts-formula
power_consumption,1705302336186000000,0.12263459008007466,paolo-laptop,smartwatts-formula
power_consumption,1705302337189000000,0.1229009837813823,paolo-laptop,smartwatts-formula
power_consumption,1705302338193000000,0.10805919414421636,paolo-laptop,smartwatts-formula
power_consumption,1705302339196000000,0.18422930899978576,paolo-laptop,smartwatts-formula
power_consumption,1705302340200000000,0.1683317772859502,paolo-laptop,smartwatts-formula
power_consumption,1705302341202000000,0.21024711423284936,paolo-laptop,smartwatts-formula
power_consumption,1705302342204000000,0.08864753677376044,paolo-laptop,smartwatts-formula
power_consumption,1705302343205000000,0.1599760665949343,paolo-laptop,smartwatts-formula
power_consumption,1705302344207000000,0.10617947718683587,paolo-laptop,smartwatts-formula
power_consumption,1705302345209000000,0.15713653693779556,paolo-laptop,smartwatts-formula
power_consumption,1705302346211000000,0.1056384436022642,paolo-laptop,smartwatts-formula
power_consumption,1705302347213000000,0.15870352436868948,paolo-laptop,smartwatts-formula
power_consumption,1705302348215000000,0.15618644457143302,paolo-laptop,smartwatts-formula
power_consumption,1705302349217000000,0.17344177881501915,paolo-laptop,smartwatts-formula
power_consumption,1705302350219000000,0.09875734959103001,paolo-laptop,smartwatts-formula
power_consumption,1705302351220000000,0.21402548005916464,paolo-laptop,smartwatts-formula
power_consumption,1705302352222000000,0.12405733566102425,paolo-laptop,smartwatts-formula
power_consumption,1705302353226000000,0.10543917556897403,paolo-laptop,smartwatts-formula
power_consumption,1705302354230000000,0.16122554451711985,paolo-laptop,smartwatts-formula
power_consumption,1705302355235000000,0.17535642718798192,paolo-laptop,smartwatts-formula
power_consumption,1705302356236000000,0.20454022580662068,paolo-laptop,smartwatts-formula
power_consumption,1705302357238000000,0.09497914492807868,paolo-laptop,smartwatts-formula
power_consumption,1705302358243000000,0.07158885361309646,paolo-laptop,smartwatts-formula
power_consumption,1705302359252000000,0.33200599901237576,paolo-laptop,smartwatts-formula
power_consumption,1705302360258000000,0.15694790821245092,paolo-laptop,smartwatts-formula
power_consumption,1705302361261000000,0.09735868235611286,paolo-laptop,smartwatts-formula
power_consumption,1705302362263000000,0.1717884680779764,paolo-laptop,smartwatts-formula
power_consumption,1705302363266000000,0.10444499051672351,paolo-laptop,smartwatts-formula
power_consumption,1705302364270000000,0.11217608550969771,paolo-laptop,smartwatts-formula
power_consumption,1705302365274000000,0.16691415033830723,paolo-laptop,smartwatts-formula
power_consumption,1705302366276000000,0.09532352369985735,paolo-laptop,smartwatts-formula
power_consumption,1705302367281000000,0.08526636426172332,paolo-laptop,smartwatts-formula
power_consumption,1705302368285000000,0.34843081335765425,paolo-laptop,smartwatts-formula
power_consumption,1705302369289000000,0.15737063238019885,paolo-laptop,smartwatts-formula
power_consumption,1705302370293000000,0.4472200696428548,paolo-laptop,smartwatts-formula
power_consumption,1705302371298000000,0.47191246855110064,paolo-laptop,smartwatts-formula
power_consumption,1705302372299000000,0.15737924566355246,paolo-laptop,smartwatts-formula
power_consumption,1705302373301000000,0.1163799949699662,paolo-laptop,smartwatts-formula
power_consumption,1705302374305000000,0.20386986476366184,paolo-laptop,smartwatts-formula
power_consumption,1705302375307000000,0.07201891655272777,paolo-laptop,smartwatts-formula
power_consumption,1705302376309000000,0.11977333076602278,paolo-laptop,smartwatts-formula
power_consumption,1705302377312000000,0.07921734264317579,paolo-laptop,smartwatts-formula
power_consumption,1705302378316000000,0.45010653074071066,paolo-laptop,smartwatts-formula
power_consumption,1705302379320000000,0.17327364201610182,paolo-laptop,smartwatts-formula
power_consumption,1705302380324000000,0.09693086551952348,paolo-laptop,smartwatts-formula
power_consumption,1705302381326000000,0.3268214525353499,paolo-laptop,smartwatts-formula
power_consumption,1705302382329000000,0.0799460595827686,paolo-laptop,smartwatts-formula
power_consumption,1705302383331000000,0.4571780187026242,paolo-laptop,smartwatts-formula
power_consumption,1705302384333000000,0.24175042204109187,paolo-laptop,smartwatts-formula
power_consumption,1705302385335000000,0.12734026822458616,paolo-laptop,smartwatts-formula
power_consumption,1705302386339000000,0.10657954216496332,paolo-laptop,smartwatts-formula
power_consumption,1705302387341000000,0.07265236579391396,paolo-laptop,smartwatts-formula
power_consumption,1705302388343000000,0.1196055279723551,paolo-laptop,smartwatts-formula
power_consumption,1705302389347000000,0.18363689551276124,paolo-laptop,smartwatts-formula
power_consumption,1705302390349000000,0.16017582339476358,paolo-laptop,smartwatts-formula
power_consumption,1705302391351000000,0.11355122034254991,paolo-laptop,smartwatts-formula
power_consumption,1705302392353000000,0.10395920749261159,paolo-laptop,smartwatts-formula
power_consumption,1705302393355000000,0.10743787778387384,paolo-laptop,smartwatts-formula
power_consumption,1705302394358000000,0.102865058804365,paolo-laptop,smartwatts-formula
power_consumption,1705302395360000000,0.10782486465011548,paolo-laptop,smartwatts-formula
power_consumption,1705302396362000000,0.15282587729666405,paolo-laptop,smartwatts-formula
power_consumption,1705302397364000000,0.11215882843812613,paolo-laptop,smartwatts-formula
power_consumption,1705302398367000000,0.11141969823980798,paolo-laptop,smartwatts-formula
power_consumption,1705302399369000000,0.10693264532418348,paolo-laptop,smartwatts-formula
power_consumption,1705302400371000000,0.10637769891231877,paolo-laptop,smartwatts-formula
power_consumption,1705302401372000000,0.1076463399383137,paolo-laptop,smartwatts-formula
power_consumption,1705302402374000000,0.1677257649277122,paolo-laptop,smartwatts-formula
power_consumption,1705302403377000000,0.08255090322950444,paolo-laptop,smartwatts-formula
power_consumption,1705302404378000000,0.09271064408065417,paolo-laptop,smartwatts-formula
power_consumption,1705302405381000000,0.14966242659339102,paolo-laptop,smartwatts-formula
power_consumption,1705302406382000000,0.1306892406947178,paolo-laptop,smartwatts-formula
power_consumption,1705302407384000000,0.1344622040227011,paolo-laptop,smartwatts-formula
power_consumption,1705302408385000000,0.10656133204367212,paolo-laptop,smartwatts-formula
power_consumption,1705302409387000000,0.08965955246846068,paolo-laptop,smartwatts-formula
power_consumption,1705302411390000000,0.09968977768277607,paolo-laptop,smartwatts-formula
power_consumption,1705302412393000000,0.12560742571853845,paolo-laptop,smartwatts-formula
power_consumption,1705302413395000000,0.10840190844328347,paolo-laptop,smartwatts-formula
power_consumption,1705302414396000000,0.22155114972545115,paolo-laptop,smartwatts-formula
power_consumption,1705302415399000000,0.21195675190771243,paolo-laptop,smartwatts-formula
power_consumption,1705302416400000000,0.15317300119416363,paolo-laptop,smartwatts-formula
power_consumption,1705302417402000000,0.07277301463751255,paolo-laptop,smartwatts-formula
power_consumption,1705302418407000000,0.16577485302064326,paolo-laptop,smartwatts-formula
power_consumption,1705302419409000000,0.09558716021155061,paolo-laptop,smartwatts-formula
power_consumption,1705302420414000000,0.09414779992402372,paolo-laptop,smartwatts-formula
power_consumption,1705302421416000000,0.0965276816166936,paolo-laptop,smartwatts-formula
power_consumption,1705302422417000000,0.12466641105093208,paolo-laptop,smartwatts-formula
power_consumption,1705302423419000000,0.1345250585502507,paolo-laptop,smartwatts-formula
power_consumption,1705302424421000000,0.08552063082708825,paolo-laptop,smartwatts-formula
power_consumption,1705302425425000000,0.17967505479712426,paolo-laptop,smartwatts-formula
power_consumption,1705302426427000000,0.0953622718093324,paolo-laptop,smartwatts-formula
power_consumption,1705302427429000000,0.07980201404156055,paolo-laptop,smartwatts-formula
power_consumption,1705302428432000000,0.10078071375195943,paolo-laptop,smartwatts-formula
power_consumption,1705302429434000000,0.16317427522624536,paolo-laptop,smartwatts-formula
power_consumption,1705302430437000000,0.1340260358359368,paolo-laptop,smartwatts-formula
power_consumption,1705302431438000000,0.1174780447767792,paolo-laptop,smartwatts-formula
power_consumption,1705302432440000000,0.11072945776022533,paolo-laptop,smartwatts-formula
power_consumption,1705302433442000000,0.12569067800900563,paolo-laptop,smartwatts-formula
power_consumption,1705302434444000000,0.13102305493422475,paolo-laptop,smartwatts-formula
power_consumption,1705302435446000000,0.11865305440071283,paolo-laptop,smartwatts-formula
power_consumption,1705302436448000000,0.11554789837166546,paolo-laptop,smartwatts-formula
power_consumption,1705302437449000000,0.11254579730381765,paolo-laptop,smartwatts-formula
power_consumption,1705302438451000000,0.11606956115416442,paolo-laptop,smartwatts-formula
power_consumption,1705302439454000000,0.11765417415407242,paolo-laptop,smartwatts-formula
power_consumption,1705302440456000000,0.11670290670068983,paolo-laptop,smartwatts-formula
power_consumption,1705302441458000000,0.12379451068178839,paolo-laptop,smartwatts-formula
power_consumption,1705302442460000000,0.12918706353744114,paolo-laptop,smartwatts-formula
power_consumption,1705302443463000000,0.11858678180673586,paolo-laptop,smartwatts-formula
power_consumption,1705302444465000000,0.11452279530800978,paolo-laptop,smartwatts-formula
power_consumption,1705302445467000000,0.11553379170464685,paolo-laptop,smartwatts-formula
power_consumption,1705302446469000000,0.11111472855716928,paolo-laptop,smartwatts-formula
power_consumption,1705302447471000000,0.1160647482405662,paolo-laptop,smartwatts-formula
power_consumption,1705302448473000000,0.1310039199801037,paolo-laptop,smartwatts-formula
power_consumption,1705302449475000000,0.11849913859025177,paolo-laptop,smartwatts-formula
power_consumption,1705302451488000000,0.10069451543513486,paolo-laptop,smartwatts-formula
power_consumption,1705302452490000000,0.09277888003370607,paolo-laptop,smartwatts-formula
power_consumption,1705302453492000000,0.12220379777424287,paolo-laptop,smartwatts-formula
power_consumption,1705302454494000000,0.1158905607343878,paolo-laptop,smartwatts-formula
power_consumption,1705302455496000000,0.11428097971144267,paolo-laptop,smartwatts-formula
power_consumption,1705302456500000000,0.10418797921895649,paolo-laptop,smartwatts-formula
power_consumption,1705302457505000000,0.21201036361213305,paolo-laptop,smartwatts-formula
power_consumption,1705302458509000000,0.10545643917152693,paolo-laptop,smartwatts-formula
power_consumption,1705302459510000000,0.19387907061525872,paolo-laptop,smartwatts-formula
power_consumption,1705302461516000000,0.09759444280637111,paolo-laptop,smartwatts-formula
power_consumption,1705302462520000000,0.19192717579446406,paolo-laptop,smartwatts-formula
power_consumption,1705302465536000000,0.17227244894045743,paolo-laptop,smartwatts-formula
power_consumption,1705302466538000000,0.07196656510390555,paolo-laptop,smartwatts-formula
power_consumption,1705302467543000000,0.07371841558199123,paolo-laptop,smartwatts-formula
power_consumption,1705302468547000000,0.09909079688919203,paolo-laptop,smartwatts-formula
power_consumption,1705302469549000000,0.153406742015828,paolo-laptop,smartwatts-formula
power_consumption,1705302470550000000,0.12239762239727034,paolo-laptop,smartwatts-formula
power_consumption,1705302471554000000,0.0840871150395037,paolo-laptop,smartwatts-formula
power_consumption,1705302472556000000,0.4634959967923074,paolo-laptop,smartwatts-formula
power_consumption,1705302473557000000,0.33018207335536565,paolo-laptop,smartwatts-formula
power_consumption,1705302474559000000,0.14793692008215853,paolo-laptop,smartwatts-formula
power_consumption,1705302475561000000,0.13227620840447651,paolo-laptop,smartwatts-formula
power_consumption,1705302476563000000,0.19528169309088247,paolo-laptop,smartwatts-formula
power_consumption,1705302477566000000,0.30085485409582435,paolo-laptop,smartwatts-formula
power_consumption,1705302478568000000,0.09885272316232638,paolo-laptop,smartwatts-formula
power_consumption,1705302479570000000,0.09978276306223477,paolo-laptop,smartwatts-formula
power_consumption,1705302480572000000,0.18661334783577363,paolo-laptop,smartwatts-formula
power_consumption,1705302481574000000,0.10020598604353922,paolo-laptop,smartwatts-formula
power_consumption,1705302482576000000,0.24617757059252274,paolo-laptop,smartwatts-formula
power_consumption,1705302483578000000,0.10546537681682869,paolo-laptop,smartwatts-formula
power_consumption,1705302484579000000,0.15531780204150306,paolo-laptop,smartwatts-formula
power_consumption,1705302485585000000,0.10670427515273949,paolo-laptop,smartwatts-formula
power_consumption,1705302486589000000,0.08265640766813394,paolo-laptop,smartwatts-formula
power_consumption,1705302487592000000,0.1081078949168414,paolo-laptop,smartwatts-formula
power_consumption,1705302488596000000,0.07778917391208261,paolo-laptop,smartwatts-formula
power_consumption,1705302489600000000,0.17809954513336787,paolo-laptop,smartwatts-formula
power_consumption,1705302490604000000,0.23815212037712552,paolo-laptop,smartwatts-formula
power_consumption,1705302491606000000,0.13281434394530833,paolo-laptop,smartwatts-formula
power_consumption,1705302492608000000,0.1723242703261545,paolo-laptop,smartwatts-formula
power_consumption,1705302493611000000,0.19077675818106463,paolo-laptop,smartwatts-formula
power_consumption,1705302494613000000,0.08707173343326535,paolo-laptop,smartwatts-formula
power_consumption,1705302495615000000,0.169689076695696,paolo-laptop,smartwatts-formula
power_consumption,1705302496621000000,0.3624490680590295,paolo-laptop,smartwatts-formula
power_consumption,1705302497628000000,0.10022209776030767,paolo-laptop,smartwatts-formula
power_consumption,1705302498632000000,0.17080663032974516,paolo-laptop,smartwatts-formula
power_consumption,1705302499638000000,0.23048121493047363,paolo-laptop,smartwatts-formula
power_consumption,1705302500639000000,0.08305011309968743,paolo-laptop,smartwatts-formula
power_consumption,1705302501643000000,0.08191759012908331,paolo-laptop,smartwatts-formula
power_consumption,1705302502649000000,0.09916238848998621,paolo-laptop,smartwatts-formula
power_consumption,1705302503653000000,0.09007480456234485,paolo-laptop,smartwatts-formula
power_consumption,1705302504658000000,0.32964606530424356,paolo-laptop,smartwatts-formula
power_consumption,1705302505661000000,0.17326142805084496,paolo-laptop,smartwatts-formula
power_consumption,1705302506663000000,0.11269115682605262,paolo-laptop,smartwatts-formula
power_consumption,1705302507666000000,0.09052757188789165,paolo-laptop,smartwatts-formula
power_consumption,1705302508670000000,0.32948015125776176,paolo-laptop,smartwatts-formula
power_consumption,1705302509672000000,0.10333564865596065,paolo-laptop,smartwatts-formula
power_consumption,1705302510676000000,0.08601923089813643,paolo-laptop,smartwatts-formula
power_consumption,1705302511680000000,0.31425240508692964,paolo-laptop,smartwatts-formula
power_consumption,1705302512682000000,0.09829563295773033,paolo-laptop,smartwatts-formula
power_consumption,1705302513687000000,0.10440274742307823,paolo-laptop,smartwatts-formula
power_consumption,1705302514691000000,0.10543175012332079,paolo-laptop,smartwatts-formula
power_consumption,1705302515692000000,0.321096333115677,paolo-laptop,smartwatts-formula
power_consumption,1705302516696000000,0.17727745234644235,paolo-laptop,smartwatts-formula
power_consumption,1705302517698000000,0.07631932247108385,paolo-laptop,smartwatts-formula
power_consumption,1705302518703000000,0.1073879905453296,paolo-laptop,smartwatts-formula
power_consumption,1705302519705000000,0.37418431032259625,paolo-laptop,smartwatts-formula
power_consumption,1705302521714000000,0.08679032130328734,paolo-laptop,smartwatts-formula
power_consumption,1705302522717000000,0.15122601112334283,paolo-laptop,smartwatts-formula
power_consumption,1705302523721000000,0.23209154501862467,paolo-laptop,smartwatts-formula
power_consumption,1705302524724000000,0.09907148561147458,paolo-laptop,smartwatts-formula
power_consumption,1705302525728000000,0.15046795195648238,paolo-laptop,smartwatts-formula
power_consumption,1705302526731000000,0.07007418295282754,paolo-laptop,smartwatts-formula
power_consumption,1705302527732000000,0.19327739063828625,paolo-laptop,smartwatts-formula
power_consumption,1705302528736000000,0.10570856620074628,paolo-laptop,smartwatts-formula
power_consumption,1705302529740000000,0.08109306296090693,paolo-laptop,smartwatts-formula
power_consumption,1705302530742000000,0.1912158586887697,paolo-laptop,smartwatts-formula
power_consumption,1705302531743000000,0.08029562614859789,paolo-laptop,smartwatts-formula
power_consumption,1705302532745000000,0.13326144827421657,paolo-laptop,smartwatts-formula
power_consumption,1705302533747000000,0.1367144751896592,paolo-laptop,smartwatts-formula
power_consumption,1705302534749000000,0.14201880477141218,paolo-laptop,smartwatts-formula
power_consumption,1705302535750000000,0.1436874612039448,paolo-laptop,smartwatts-formula
power_consumption,1705302537756000000,0.12465550416996059,paolo-laptop,smartwatts-formula
power_consumption,1705302538760000000,0.10511947946152476,paolo-laptop,smartwatts-formula
power_consumption,1705302539764000000,0.3654861760418299,paolo-laptop,smartwatts-formula
power_consumption,1705302540768000000,0.09075732507606107,paolo-laptop,smartwatts-formula
power_consumption,1705302541770000000,0.39001923171213293,paolo-laptop,smartwatts-formula
power_consumption,1705302542772000000,0.14125348056594397,paolo-laptop,smartwatts-formula
power_consumption,1705302543775000000,0.18336138669136876,paolo-laptop,smartwatts-formula
power_consumption,1705302544779000000,0.09292928260746686,paolo-laptop,smartwatts-formula
power_consumption,1705302545781000000,0.10110098759863612,paolo-laptop,smartwatts-formula
power_consumption,1705302546782000000,0.08853339830198079,paolo-laptop,smartwatts-formula
power_consumption,1705302547784000000,0.1313323958805307,paolo-laptop,smartwatts-formula
power_consumption,1705302548786000000,0.08564561291352642,paolo-laptop,smartwatts-formula
power_consumption,1705302549787000000,0.09006478830297338,paolo-laptop,smartwatts-formula
power_consumption,1705302550789000000,0.10514872636329078,paolo-laptop,smartwatts-formula
power_consumption,1705302551790000000,0.17188130703007556,paolo-laptop,smartwatts-formula
power_consumption,1705302552792000000,0.18300733011773,paolo-laptop,smartwatts-formula
power_consumption,1705302553795000000,0.1646409202697823,paolo-laptop,smartwatts-formula
power_consumption,1705302554797000000,0.08447618372979118,paolo-laptop,smartwatts-formula
power_consumption,1705302555800000000,0.10203810423170687,paolo-laptop,smartwatts-formula
power_consumption,1705302556802000000,0.13134296264309897,paolo-laptop,smartwatts-formula
power_consumption,1705302557804000000,0.14837270991670054,paolo-laptop,smartwatts-formula
power_consumption,1705302558807000000,0.23717693525484249,paolo-laptop,smartwatts-formula
power_consumption,1705302559813000000,0.15338572307416443,paolo-laptop,smartwatts-formula
power_consumption,1705302560818000000,0.2703707900386499,paolo-laptop,smartwatts-formula
power_consumption,1705302561820000000,0.20240027806731495,paolo-laptop,smartwatts-formula
power_consumption,1705302562824000000,0.2129847707542298,paolo-laptop,smartwatts-formula
power_consumption,1705302563828000000,0.4409969210268877,paolo-laptop,smartwatts-formula
power_consumption,1705302565834000000,0.2299136774804332,paolo-laptop,smartwatts-formula
power_consumption,1705302566838000000,0.15878236868362297,paolo-laptop,smartwatts-formula
power_consumption,1705302567845000000,0.24154490821452235,paolo-laptop,smartwatts-formula
power_consumption,1705302568846000000,0.09997866116436205,paolo-laptop,smartwatts-formula
power_consumption,1705302569848000000,0.09140636310703347,paolo-laptop,smartwatts-formula
power_consumption,1705302570852000000,0.17552184967086293,paolo-laptop,smartwatts-formula
power_consumption,1705302571854000000,0.07677512189501697,paolo-laptop,smartwatts-formula
power_consumption,1705302572857000000,0.17728012261253173,paolo-laptop,smartwatts-formula
power_consumption,1705302573858000000,0.13269139586106282,paolo-laptop,smartwatts-formula
power_consumption,1705302574862000000,0.08011528640874505,paolo-laptop,smartwatts-formula
power_consumption,1705302575866000000,0.37054465507005496,paolo-laptop,smartwatts-formula
power_consumption,1705302576868000000,0.09232898812722584,paolo-laptop,smartwatts-formula
power_consumption,1705302577872000000,0.22914671915257165,paolo-laptop,smartwatts-formula
power_consumption,1705302578873000000,0.21766172089725075,paolo-laptop,smartwatts-formula
power_consumption,1705302579874000000,0.0867976807472852,paolo-laptop,smartwatts-formula
power_consumption,1705302580878000000,0.1905058720754083,paolo-laptop,smartwatts-formula
power_consumption,1705302582885000000,0.0770453879336555,paolo-laptop,smartwatts-formula
power_consumption,1705302583887000000,0.3703315820138374,paolo-laptop,smartwatts-formula
power_consumption,1705302584889000000,0.10047190216901697,paolo-laptop,smartwatts-formula
power_consumption,1705302585893000000,0.09749497113978836,paolo-laptop,smartwatts-formula
power_consumption,1705302586894000000,0.16363122187659743,paolo-laptop,smartwatts-formula
power_consumption,1705302587895000000,0.12364426580197892,paolo-laptop,smartwatts-formula
power_consumption,1705302588897000000,0.17464883484810342,paolo-laptop,smartwatts-formula
power_consumption,1705302589901000000,0.08258764352477987,paolo-laptop,smartwatts-formula
power_consumption,1705302590905000000,0.3688442352239648,paolo-laptop,smartwatts-formula
power_consumption,1705302591909000000,0.4633114947015932,paolo-laptop,smartwatts-formula
power_consumption,1705302592913000000,0.1617276849063713,paolo-laptop,smartwatts-formula
power_consumption,1705302593915000000,0.34412173741899876,paolo-laptop,smartwatts-formula
power_consumption,1705302594917000000,0.12991022981582356,paolo-laptop,smartwatts-formula
power_consumption,1705302595918000000,0.12785408933628548,paolo-laptop,smartwatts-formula
power_consumption,1705302596923000000,0.12930674848146673,paolo-laptop,smartwatts-formula
power_consumption,1705302597925000000,0.11798324903676052,paolo-laptop,smartwatts-formula
power_consumption,1705302598927000000,0.11758030870742515,paolo-laptop,smartwatts-formula
power_consumption,1705302599931000000,0.08955902941267962,paolo-laptop,smartwatts-formula
power_consumption,1705302600935000000,0.16382256284774727,paolo-laptop,smartwatts-formula
power_consumption,1705302601937000000,0.1601940884376446,paolo-laptop,smartwatts-formula
power_consumption,1705302602939000000,0.17976053162469602,paolo-laptop,smartwatts-formula
power_consumption,1705302604945000000,0.4267340161020488,paolo-laptop,smartwatts-formula
power_consumption,1705302606950000000,0.18590923555124145,paolo-laptop,smartwatts-formula
power_consumption,1705302608953000000,0.11507939350441143,paolo-laptop,smartwatts-formula
power_consumption,1705302609955000000,0.1178896236142392,paolo-laptop,smartwatts-formula
power_consumption,1705302610957000000,0.1727484604158397,paolo-laptop,smartwatts-formula
power_consumption,1705302611958000000,0.0767193207660927,paolo-laptop,smartwatts-formula
power_consumption,1705302612960000000,0.2327923082601669,paolo-laptop,smartwatts-formula
power_consumption,1705302614965000000,0.19264376505785188,paolo-laptop,smartwatts-formula
power_consumption,1705302615966000000,0.26176477255777675,paolo-laptop,smartwatts-formula
power_consumption,1705302616969000000,0.1013876320136449,paolo-laptop,smartwatts-formula
power_consumption,1705302617972000000,0.31958437925871447,paolo-laptop,smartwatts-formula
power_consumption,1705302618974000000,0.21778441614025365,paolo-laptop,smartwatts-formula
power_consumption,1705302619978000000,0.19666579187891808,paolo-laptop,smartwatts-formula
power_consumption,1705302620979000000,0.4236360080069901,paolo-laptop,smartwatts-formula
power_consumption,1705302621981000000,0.2378959561310265,paolo-laptop,smartwatts-formula
power_consumption,1705302622982000000,0.10936378357291993,paolo-laptop,smartwatts-formula
power_consumption,1705302623986000000,0.07942149833739087,paolo-laptop,smartwatts-formula
power_consumption,1705302624988000000,0.37331899618786435,paolo-laptop,smartwatts-formula
power_consumption,1705302625992000000,0.08669299948960829,paolo-laptop,smartwatts-formula
power_consumption,1705302626996000000,0.21137745765189225,paolo-laptop,smartwatts-formula
power_consumption,1705302628000000000,0.19135822499418145,paolo-laptop,smartwatts-formula
power_consumption,1705302629005000000,0.2663298754423413,paolo-laptop,smartwatts-formula
power_consumption,1705302630009000000,0.3230325352331208,paolo-laptop,smartwatts-formula
power_consumption,1705302631012000000,0.1670155733022805,paolo-laptop,smartwatts-formula
power_consumption,1705302632013000000,0.13566665256828175,paolo-laptop,smartwatts-formula
power_consumption,1705302633015000000,0.10850625250403936,paolo-laptop,smartwatts-formula
power_consumption,1705302634017000000,0.10499983441009553,paolo-laptop,smartwatts-formula
power_consumption,1705302635021000000,0.20095107025259096,paolo-laptop,smartwatts-formula
power_consumption,1705302636023000000,0.09029703983000373,paolo-laptop,smartwatts-formula
power_consumption,1705302637024000000,0.109864463223194,paolo-laptop,smartwatts-formula
power_consumption,1705302638026000000,0.12718731794954374,paolo-laptop,smartwatts-formula
power_consumption,1705302639030000000,0.17617424319699693,paolo-laptop,smartwatts-formula
power_consumption,1705302640033000000,0.09656731207319938,paolo-laptop,smartwatts-formula
power_consumption,1705302641036000000,0.09504605589276566,paolo-laptop,smartwatts-formula
power_consumption,1705302642040000000,0.20267849586393633,paolo-laptop,smartwatts-formula
power_consumption,1705302643045000000,0.46749280984220754,paolo-laptop,smartwatts-formula
power_consumption,1705302644049000000,0.4660857242216583,paolo-laptop,smartwatts-formula
power_consumption,1705302645053000000,0.4255906912129572,paolo-laptop,smartwatts-formula
power_consumption,1705302646057000000,0.45240094836752837,paolo-laptop,smartwatts-formula
power_consumption,1705302647062000000,0.35761449179401966,paolo-laptop,smartwatts-formula
power_consumption,1705302648066000000,0.45740213520657175,paolo-laptop,smartwatts-formula
power_consumption,1705302649070000000,0.36725747502040734,paolo-laptop,smartwatts-formula
power_consumption,1705302650073000000,0.4672370622463851,paolo-laptop,smartwatts-formula
power_consumption,1705302651078000000,0.35746788301681287,paolo-laptop,smartwatts-formula
power_consumption,1705302652082000000,0.17484266748043809,paolo-laptop,smartwatts-formula
power_consumption,1705302653086000000,0.35845514089245495,paolo-laptop,smartwatts-formula
power_consumption,1705302654090000000,0.4732022063482779,paolo-laptop,smartwatts-formula
power_consumption,1705302655094000000,0.3483789587242058,paolo-laptop,smartwatts-formula
power_consumption,1705302656098000000,0.16353160666354033,paolo-laptop,smartwatts-formula
power_consumption,1705302657102000000,0.34238442195035945,paolo-laptop,smartwatts-formula
power_consumption,1705302658106000000,0.10335690342004311,paolo-laptop,smartwatts-formula
power_consumption,1705302659110000000,0.37808909853065265,paolo-laptop,smartwatts-formula
power_consumption,1705302660114000000,0.19513688921845931,paolo-laptop,smartwatts-formula
power_consumption,1705302661118000000,0.4483913417911856,paolo-laptop,smartwatts-formula
power_consumption,1705302662122000000,0.1607794470509845,paolo-laptop,smartwatts-formula
power_consumption,1705302663125000000,0.476882045565572,paolo-laptop,smartwatts-formula
power_consumption,1705302664128000000,0.49906758604402063,paolo-laptop,smartwatts-formula
power_consumption,1705302665130000000,0.3555525433667587,paolo-laptop,smartwatts-formula
power_consumption,1705302666131000000,0.3375770923320547,paolo-laptop,smartwatts-formula
power_consumption,1705302667132000000,0.2623633099796889,paolo-laptop,smartwatts-formula
power_consumption,1705302668133000000,0.15661400383951393,paolo-laptop,smartwatts-formula
power_consumption,1705302669135000000,0.2344254553923571,paolo-laptop,smartwatts-formula
power_consumption,1705302670136000000,0.1638732116056013,paolo-laptop,smartwatts-formula
power_consumption,1705302671138000000,0.22502823734889282,paolo-laptop,smartwatts-formula
power_consumption,1705302672142000000,0.2220957688298601,paolo-laptop,smartwatts-formula
power_consumption,1705302673147000000,0.24430042039583355,paolo-laptop,smartwatts-formula
power_consumption,1705302674150000000,0.21235434206465734,paolo-laptop,smartwatts-formula
power_consumption,1705302675152000000,0.18902041849533258,paolo-laptop,smartwatts-formula
power_consumption,1705302676153000000,0.11306306518804682,paolo-laptop,smartwatts-formula
power_consumption,1705302677155000000,0.130120755343899,paolo-laptop,smartwatts-formula
power_consumption,1705302678157000000,0.10332271518271938,paolo-laptop,smartwatts-formula
power_consumption,1705302679159000000,0.1502747738715375,paolo-laptop,smartwatts-formula
power_consumption,1705302680161000000,0.08027445169527356,paolo-laptop,smartwatts-formula
power_consumption,1705302681165000000,0.14624318290328558,paolo-laptop,smartwatts-formula
power_consumption,1705302682167000000,0.09929658638432914,paolo-laptop,smartwatts-formula
power_consumption,1705302683169000000,0.11970058153698698,paolo-laptop,smartwatts-formula
power_consumption,1705302684173000000,0.10766415515781924,paolo-laptop,smartwatts-formula
power_consumption,1705302685179000000,0.11167177527204979,paolo-laptop,smartwatts-formula
power_consumption,1705302686183000000,0.10801442995596114,paolo-laptop,smartwatts-formula
power_consumption,1705302687187000000,0.10493741753695326,paolo-laptop,smartwatts-formula
power_consumption,1705302688191000000,0.08762418742396696,paolo-laptop,smartwatts-formula
power_consumption,1705302689196000000,0.17454141978464494,paolo-laptop,smartwatts-formula
power_consumption,1705302690200000000,0.10716221022497865,paolo-laptop,smartwatts-formula
power_consumption,1705302691202000000,0.1134604323480729,paolo-laptop,smartwatts-formula
power_consumption,1705302692203000000,0.11073810670178497,paolo-laptop,smartwatts-formula
power_consumption,1705302693207000000,0.4720505835503568,paolo-laptop,smartwatts-formula
power_consumption,1705302694208000000,0.1822775906617111,paolo-laptop,smartwatts-formula
power_consumption,1705302695210000000,0.1206056073677583,paolo-laptop,smartwatts-formula
power_consumption,1705302696212000000,0.1052032160321353,paolo-laptop,smartwatts-formula
power_consumption,1705302697216000000,0.21660840777792167,paolo-laptop,smartwatts-formula
power_consumption,1705302698223000000,0.08763620318903076,paolo-laptop,smartwatts-formula
power_consumption,1705302699229000000,0.48936109171485576,paolo-laptop,smartwatts-formula
power_consumption,1705302700233000000,0.3593681198503422,paolo-laptop,smartwatts-formula
power_consumption,1705302701237000000,0.46022509188208915,paolo-laptop,smartwatts-formula
power_consumption,1705302702241000000,0.1824175909710172,paolo-laptop,smartwatts-formula
power_consumption,1705302703243000000,0.09327543628927061,paolo-laptop,smartwatts-formula
power_consumption,1705302704244000000,0.23382149609339264,paolo-laptop,smartwatts-formula
power_consumption,1705302705246000000,0.2519915571626238,paolo-laptop,smartwatts-formula
power_consumption,1705302706247000000,0.0843602622086306,paolo-laptop,smartwatts-formula
power_consumption,1705302707251000000,0.11154617836203526,paolo-laptop,smartwatts-formula
power_consumption,1705302708256000000,0.09635740100210831,paolo-laptop,smartwatts-formula
power_consumption,1705302709258000000,0.0909708965854905,paolo-laptop,smartwatts-formula
power_consumption,1705302710262000000,0.16866619171522246,paolo-laptop,smartwatts-formula
power_consumption,1705302711266000000,0.1008358637645968,paolo-laptop,smartwatts-formula
power_consumption,1705302712269000000,0.0954490663304016,paolo-laptop,smartwatts-formula
power_consumption,1705302713273000000,0.12118001178641233,paolo-laptop,smartwatts-formula
power_consumption,1705302714274000000,0.4802007923724398,paolo-laptop,smartwatts-formula
power_consumption,1705302715276000000,0.10575270186573368,paolo-laptop,smartwatts-formula
power_consumption,1705302716277000000,0.14373690005662365,paolo-laptop,smartwatts-formula
power_consumption,1705302717278000000,0.08779379534041323,paolo-laptop,smartwatts-formula
power_consumption,1705302718280000000,0.10234778209359613,paolo-laptop,smartwatts-formula
power_consumption,1705302719282000000,0.13954011678268186,paolo-laptop,smartwatts-formula
power_consumption,1705302720284000000,0.08356283458853328,paolo-laptop,smartwatts-formula
power_consumption,1705302721288000000,0.11822064635847881,paolo-laptop,smartwatts-formula
power_consumption,1705302722292000000,0.19680550854228915,paolo-laptop,smartwatts-formula
power_consumption,1705302723294000000,0.10347118269115413,paolo-laptop,smartwatts-formula
power_consumption,1705302724296000000,0.13423192106827092,paolo-laptop,smartwatts-formula
power_consumption,1705302725299000000,0.1660869473480548,paolo-laptop,smartwatts-formula
power_consumption,1705302726301000000,0.08785738706622215,paolo-laptop,smartwatts-formula
power_consumption,1705302727302000000,0.13097593300031327,paolo-laptop,smartwatts-formula
power_consumption,1705302728304000000,0.15174351254723847,paolo-laptop,smartwatts-formula
power_consumption,1705302729307000000,0.08005033324887718,paolo-laptop,smartwatts-formula
power_consumption,1705302730310000000,0.19695637381778536,paolo-laptop,smartwatts-formula
power_consumption,1705302731312000000,0.10992526973484318,paolo-laptop,smartwatts-formula
power_consumption,1705302732313000000,0.10790374631211405,paolo-laptop,smartwatts-formula
power_consumption,1705302733315000000,0.08181090447031013,paolo-laptop,smartwatts-formula
