name,time,power,sensor,target
power_consumption,1704904662066000000,0.08379347693869509,paolo-laptop,smartwatts-formula
power_consumption,1704904663067000000,0.08193314130683262,paolo-laptop,smartwatts-formula
power_consumption,1704904665071000000,0.08133118840146122,paolo-laptop,smartwatts-formula
power_consumption,1704904666073000000,0.08512235639235652,paolo-laptop,smartwatts-formula
power_consumption,1704904668077000000,0.10463197618236775,paolo-laptop,smartwatts-formula
power_consumption,1704904669078000000,0.10196172868929308,paolo-laptop,smartwatts-formula
power_consumption,1704904670079000000,0.07386574389254581,paolo-laptop,smartwatts-formula
power_consumption,1704904671080000000,0.08784767589962075,paolo-laptop,smartwatts-formula
power_consumption,1704904672085000000,0.0937766303298817,paolo-laptop,smartwatts-formula
power_consumption,1704904673086000000,0.0727106107609374,paolo-laptop,smartwatts-formula
power_consumption,1704904674088000000,0.1023479602498622,paolo-laptop,smartwatts-formula
power_consumption,1704904675089000000,0.09019010201613314,paolo-laptop,smartwatts-formula
power_consumption,1704904676091000000,0.0921530257209536,paolo-laptop,smartwatts-formula
power_consumption,1704904677092000000,0.08843786044208249,paolo-laptop,smartwatts-formula
power_consumption,1704904678094000000,0.0908275475652254,paolo-laptop,smartwatts-formula
power_consumption,1704904680096000000,0.09126947271497597,paolo-laptop,smartwatts-formula
power_consumption,1704904681097000000,0.09995460216966118,paolo-laptop,smartwatts-formula
power_consumption,1704904682098000000,0.09049347319780399,paolo-laptop,smartwatts-formula
power_consumption,1704904684100000000,0.0913746274960551,paolo-laptop,smartwatts-formula
power_consumption,1704904686103000000,0.06528652726164216,paolo-laptop,smartwatts-formula
power_consumption,1704904687105000000,0.06802171410263147,paolo-laptop,smartwatts-formula
power_consumption,1704904689107000000,0.05410499852506111,paolo-laptop,smartwatts-formula
power_consumption,1704904690110000000,0.071778949238908,paolo-laptop,smartwatts-formula
power_consumption,1704904691112000000,0.052657525595503005,paolo-laptop,smartwatts-formula
power_consumption,1704904692113000000,0.0628435291677872,paolo-laptop,smartwatts-formula
power_consumption,1704904693115000000,0.06851968277528586,paolo-laptop,smartwatts-formula
power_consumption,1704904694117000000,0.05347200130223045,paolo-laptop,smartwatts-formula
power_consumption,1704904695119000000,0.06137909904957091,paolo-laptop,smartwatts-formula
power_consumption,1704904699125000000,0.07016786770216332,paolo-laptop,smartwatts-formula
power_consumption,1704904700127000000,0.06850954105447445,paolo-laptop,smartwatts-formula
power_consumption,1704904701128000000,0.07068794062534005,paolo-laptop,smartwatts-formula
power_consumption,1704904702130000000,0.052814742204437534,paolo-laptop,smartwatts-formula
power_consumption,1704904705134000000,0.06468283328942204,paolo-laptop,smartwatts-formula
power_consumption,1704904708138000000,0.06078273007273623,paolo-laptop,smartwatts-formula
power_consumption,1704904709140000000,0.05293240541889695,paolo-laptop,smartwatts-formula
power_consumption,1704904710141000000,0.03866948842065809,paolo-laptop,smartwatts-formula
power_consumption,1704904711143000000,0.06164171361581941,paolo-laptop,smartwatts-formula
power_consumption,1704904712144000000,0.049406502985406435,paolo-laptop,smartwatts-formula
power_consumption,1704904713146000000,0.05536196700653974,paolo-laptop,smartwatts-formula
power_consumption,1704904714147000000,0.06537803444057928,paolo-laptop,smartwatts-formula
power_consumption,1704904715149000000,0.11228686479916228,paolo-laptop,smartwatts-formula
power_consumption,1704904716150000000,0.06898091024435658,paolo-laptop,smartwatts-formula
power_consumption,1704904717152000000,0.06808492566896043,paolo-laptop,smartwatts-formula
power_consumption,1704904718153000000,0.10093047642902753,paolo-laptop,smartwatts-formula
power_consumption,1704904719155000000,0.09949766302061647,paolo-laptop,smartwatts-formula
power_consumption,1704904720159000000,0.06697070341675956,paolo-laptop,smartwatts-formula
power_consumption,1704904721162000000,0.09758936464910711,paolo-laptop,smartwatts-formula
power_consumption,1704904722169000000,0.09901277667575033,paolo-laptop,smartwatts-formula
power_consumption,1704904723171000000,0.06644419790247841,paolo-laptop,smartwatts-formula
power_consumption,1704904724174000000,0.10891287801489688,paolo-laptop,smartwatts-formula
power_consumption,1704904725175000000,0.06776280299865031,paolo-laptop,smartwatts-formula
power_consumption,1704904726177000000,0.06320827805188897,paolo-laptop,smartwatts-formula
power_consumption,1704904727181000000,0.06808755044077341,paolo-laptop,smartwatts-formula
power_consumption,1704904728184000000,0.06697736963598647,paolo-laptop,smartwatts-formula
power_consumption,1704904729186000000,0.06880242633868418,paolo-laptop,smartwatts-formula
power_consumption,1704904730188000000,0.09426282509396067,paolo-laptop,smartwatts-formula
power_consumption,1704904731190000000,0.11429262519321062,paolo-laptop,smartwatts-formula
power_consumption,1704904732192000000,0.11298974844809048,paolo-laptop,smartwatts-formula
power_consumption,1704904733194000000,0.11608777169917715,paolo-laptop,smartwatts-formula
power_consumption,1704904734196000000,0.11571337627905544,paolo-laptop,smartwatts-formula
power_consumption,1704904735197000000,0.11022352798874133,paolo-laptop,smartwatts-formula
power_consumption,1704904736199000000,0.11061493344021497,paolo-laptop,smartwatts-formula
power_consumption,1704904737201000000,0.06695654786703172,paolo-laptop,smartwatts-formula
power_consumption,1704904738202000000,0.09998086823344282,paolo-laptop,smartwatts-formula
power_consumption,1704904739204000000,0.10374649956924777,paolo-laptop,smartwatts-formula
power_consumption,1704904740206000000,0.11295841892629663,paolo-laptop,smartwatts-formula
power_consumption,1704904741208000000,0.10231603768010994,paolo-laptop,smartwatts-formula
power_consumption,1704904742210000000,0.10034930483826679,paolo-laptop,smartwatts-formula
power_consumption,1704904743212000000,0.10016178506796192,paolo-laptop,smartwatts-formula
power_consumption,1704904744214000000,0.11127832969800215,paolo-laptop,smartwatts-formula
power_consumption,1704904745215000000,0.10866996163147022,paolo-laptop,smartwatts-formula
power_consumption,1704904746217000000,0.10120326625232232,paolo-laptop,smartwatts-formula
power_consumption,1704904747219000000,0.09381113837352403,paolo-laptop,smartwatts-formula
power_consumption,1704904748220000000,0.10599519199197045,paolo-laptop,smartwatts-formula
power_consumption,1704904749222000000,0.11228119665635551,paolo-laptop,smartwatts-formula
power_consumption,1704904750224000000,0.10789446772273642,paolo-laptop,smartwatts-formula
power_consumption,1704904751226000000,0.11738748932473525,paolo-laptop,smartwatts-formula
power_consumption,1704904752228000000,0.11845809236125472,paolo-laptop,smartwatts-formula
power_consumption,1704904753230000000,0.13086149455163745,paolo-laptop,smartwatts-formula
power_consumption,1704904754232000000,0.10753248377050403,paolo-laptop,smartwatts-formula
power_consumption,1704904755234000000,0.10263169221375028,paolo-laptop,smartwatts-formula
power_consumption,1704904756237000000,0.09895731934885232,paolo-laptop,smartwatts-formula
power_consumption,1704904758241000000,0.06786616022798247,paolo-laptop,smartwatts-formula
power_consumption,1704904759243000000,0.10647303737524139,paolo-laptop,smartwatts-formula
power_consumption,1704904760245000000,0.10071320727995137,paolo-laptop,smartwatts-formula
power_consumption,1704904761248000000,0.06693619456413812,paolo-laptop,smartwatts-formula
power_consumption,1704904762250000000,0.09817589455623328,paolo-laptop,smartwatts-formula
power_consumption,1704904763252000000,0.09027410521857374,paolo-laptop,smartwatts-formula
power_consumption,1704904764254000000,0.0617410017131577,paolo-laptop,smartwatts-formula
power_consumption,1704904765257000000,0.06812074582965896,paolo-laptop,smartwatts-formula
power_consumption,1704904766259000000,0.06556994653964195,paolo-laptop,smartwatts-formula
power_consumption,1704904767262000000,0.06828037982718715,paolo-laptop,smartwatts-formula
power_consumption,1704904768264000000,0.0659921283342995,paolo-laptop,smartwatts-formula
power_consumption,1704904769266000000,0.11016661921124375,paolo-laptop,smartwatts-formula
power_consumption,1704904770268000000,0.1087481669761873,paolo-laptop,smartwatts-formula
power_consumption,1704904771270000000,0.12126502489003962,paolo-laptop,smartwatts-formula
power_consumption,1704904772272000000,0.11015134741553353,paolo-laptop,smartwatts-formula
power_consumption,1704904773274000000,0.11152082238254842,paolo-laptop,smartwatts-formula
power_consumption,1704904774276000000,0.06632978569693453,paolo-laptop,smartwatts-formula
power_consumption,1704904775278000000,0.10938651168782754,paolo-laptop,smartwatts-formula
power_consumption,1704904776280000000,0.11219700705745085,paolo-laptop,smartwatts-formula
power_consumption,1704904777282000000,0.1119400352759519,paolo-laptop,smartwatts-formula
power_consumption,1704904778284000000,0.10900277870025313,paolo-laptop,smartwatts-formula
power_consumption,1704904779286000000,0.10515376237630929,paolo-laptop,smartwatts-formula
power_consumption,1704904780288000000,0.13751588417677485,paolo-laptop,smartwatts-formula
power_consumption,1704904781290000000,0.10994618937509537,paolo-laptop,smartwatts-formula
power_consumption,1704904782292000000,0.11213172091547485,paolo-laptop,smartwatts-formula
power_consumption,1704904783294000000,0.11175633683920606,paolo-laptop,smartwatts-formula
power_consumption,1704904784296000000,0.11360807892193363,paolo-laptop,smartwatts-formula
power_consumption,1704904785298000000,0.11044546014386891,paolo-laptop,smartwatts-formula
power_consumption,1704904786300000000,0.1337327222622796,paolo-laptop,smartwatts-formula
power_consumption,1704904787303000000,0.11228456698718707,paolo-laptop,smartwatts-formula
power_consumption,1704904788305000000,0.10685641387507637,paolo-laptop,smartwatts-formula
power_consumption,1704904789307000000,0.10283986653390353,paolo-laptop,smartwatts-formula
power_consumption,1704904790309000000,0.13512251906593414,paolo-laptop,smartwatts-formula
power_consumption,1704904791313000000,0.10400913099304787,paolo-laptop,smartwatts-formula
power_consumption,1704904792316000000,0.13722487311007614,paolo-laptop,smartwatts-formula
power_consumption,1704904793318000000,0.14363496353435157,paolo-laptop,smartwatts-formula
power_consumption,1704904794320000000,0.13794276711793874,paolo-laptop,smartwatts-formula
power_consumption,1704904795323000000,0.1475050962914141,paolo-laptop,smartwatts-formula
power_consumption,1704904796324000000,0.14853503712866328,paolo-laptop,smartwatts-formula
power_consumption,1704904797327000000,0.14156908316098507,paolo-laptop,smartwatts-formula
power_consumption,1704904798329000000,0.1470706889818726,paolo-laptop,smartwatts-formula
power_consumption,1704904799330000000,0.05878943994880452,paolo-laptop,smartwatts-formula
power_consumption,1704904800332000000,0.05966720165678128,paolo-laptop,smartwatts-formula
power_consumption,1704904801334000000,0.14583676127145123,paolo-laptop,smartwatts-formula
power_consumption,1704904802336000000,0.11345384871295634,paolo-laptop,smartwatts-formula
power_consumption,1704904803339000000,0.11112838255106383,paolo-laptop,smartwatts-formula
power_consumption,1704904804341000000,0.10074927197848026,paolo-laptop,smartwatts-formula
power_consumption,1704904805342000000,0.08993260060600886,paolo-laptop,smartwatts-formula
power_consumption,1704904806345000000,0.09686681721742757,paolo-laptop,smartwatts-formula
power_consumption,1704904807347000000,0.09603393345836451,paolo-laptop,smartwatts-formula
power_consumption,1704904808349000000,0.1051208466600411,paolo-laptop,smartwatts-formula
power_consumption,1704904809352000000,0.09851831423643301,paolo-laptop,smartwatts-formula
power_consumption,1704904810354000000,0.10939441344963276,paolo-laptop,smartwatts-formula
power_consumption,1704904811356000000,0.11165124534658666,paolo-laptop,smartwatts-formula
power_consumption,1704904812358000000,0.10383470128398127,paolo-laptop,smartwatts-formula
power_consumption,1704904813360000000,0.10527509265056528,paolo-laptop,smartwatts-formula
power_consumption,1704904814362000000,0.10387058924538203,paolo-laptop,smartwatts-formula
power_consumption,1704904815364000000,0.11149176436029327,paolo-laptop,smartwatts-formula
power_consumption,1704904816366000000,0.10742926460291612,paolo-laptop,smartwatts-formula
power_consumption,1704904817369000000,0.10294552874407234,paolo-laptop,smartwatts-formula
power_consumption,1704904823387000000,0.10508382376019022,paolo-laptop,smartwatts-formula
power_consumption,1704904824389000000,0.09285641983021992,paolo-laptop,smartwatts-formula
power_consumption,1704904825391000000,0.07968380332936481,paolo-laptop,smartwatts-formula
power_consumption,1704904826393000000,0.08096229429446886,paolo-laptop,smartwatts-formula
power_consumption,1704904827395000000,0.08103703843942928,paolo-laptop,smartwatts-formula
power_consumption,1704904828397000000,0.08115989143511496,paolo-laptop,smartwatts-formula
power_consumption,1704904829398000000,0.09970197497209259,paolo-laptop,smartwatts-formula
power_consumption,1704904830400000000,0.11155897761495731,paolo-laptop,smartwatts-formula
power_consumption,1704904831402000000,0.11119787273756439,paolo-laptop,smartwatts-formula
power_consumption,1704904832404000000,0.11547979830247547,paolo-laptop,smartwatts-formula
power_consumption,1704904836416000000,0.10764312957842592,paolo-laptop,smartwatts-formula
power_consumption,1704904837417000000,0.10060864719210916,paolo-laptop,smartwatts-formula
power_consumption,1704904838420000000,0.10313933712309983,paolo-laptop,smartwatts-formula
power_consumption,1704904839422000000,0.08068583223527594,paolo-laptop,smartwatts-formula
power_consumption,1704904848449000000,0.0801633157980191,paolo-laptop,smartwatts-formula
power_consumption,1704904849451000000,0.07682718888835831,paolo-laptop,smartwatts-formula
power_consumption,1704904850454000000,0.0771378911387598,paolo-laptop,smartwatts-formula
power_consumption,1704904851456000000,0.07722016877981452,paolo-laptop,smartwatts-formula
power_consumption,1704904852458000000,0.0759950047378116,paolo-laptop,smartwatts-formula
power_consumption,1704904853461000000,0.07449695856083105,paolo-laptop,smartwatts-formula
power_consumption,1704904854463000000,0.08893318112541157,paolo-laptop,smartwatts-formula
power_consumption,1704904855465000000,0.09160390963444348,paolo-laptop,smartwatts-formula
power_consumption,1704904856467000000,0.11829014967818903,paolo-laptop,smartwatts-formula
power_consumption,1704904857469000000,0.09515835955827742,paolo-laptop,smartwatts-formula
power_consumption,1704904858471000000,0.10763910920030138,paolo-laptop,smartwatts-formula
power_consumption,1704904859473000000,0.10391305243980392,paolo-laptop,smartwatts-formula
power_consumption,1704904860475000000,0.1073926596108498,paolo-laptop,smartwatts-formula
power_consumption,1704904861477000000,0.0963096620003864,paolo-laptop,smartwatts-formula
power_consumption,1704904862482000000,0.09829991774223949,paolo-laptop,smartwatts-formula
power_consumption,1704904864486000000,0.10160495292917343,paolo-laptop,smartwatts-formula
power_consumption,1704904865488000000,0.112249936972242,paolo-laptop,smartwatts-formula
power_consumption,1704904866502000000,0.10195998200077827,paolo-laptop,smartwatts-formula
power_consumption,1704904867503000000,0.09893983446520557,paolo-laptop,smartwatts-formula
power_consumption,1704904868505000000,0.10939330557711849,paolo-laptop,smartwatts-formula
power_consumption,1704904869507000000,0.08336996469211239,paolo-laptop,smartwatts-formula
power_consumption,1704904870509000000,0.09405992077367271,paolo-laptop,smartwatts-formula
power_consumption,1704904871513000000,0.09818336162877403,paolo-laptop,smartwatts-formula
power_consumption,1704904872518000000,0.1148941404195053,paolo-laptop,smartwatts-formula
power_consumption,1704904876527000000,0.10675016163592825,paolo-laptop,smartwatts-formula
power_consumption,1704904880538000000,0.07646518719647483,paolo-laptop,smartwatts-formula
power_consumption,1704904887557000000,0.07943824551178252,paolo-laptop,smartwatts-formula
power_consumption,1704904888559000000,0.0787473281125767,paolo-laptop,smartwatts-formula
power_consumption,1704904889561000000,0.0775764043347493,paolo-laptop,smartwatts-formula
power_consumption,1704904890564000000,0.07613599152286438,paolo-laptop,smartwatts-formula
power_consumption,1704904891566000000,0.08302557587381064,paolo-laptop,smartwatts-formula
power_consumption,1704904892569000000,0.0718172545200413,paolo-laptop,smartwatts-formula
power_consumption,1704904893571000000,0.1257534266123235,paolo-laptop,smartwatts-formula
power_consumption,1704904894573000000,0.10952816553245318,paolo-laptop,smartwatts-formula
power_consumption,1704904895575000000,0.11237678870752395,paolo-laptop,smartwatts-formula
power_consumption,1704904896577000000,0.10924016709335424,paolo-laptop,smartwatts-formula
power_consumption,1704904897580000000,0.10523793656097893,paolo-laptop,smartwatts-formula
power_consumption,1704904898582000000,0.11035773377952961,paolo-laptop,smartwatts-formula
power_consumption,1704904899584000000,0.10618410197047347,paolo-laptop,smartwatts-formula
power_consumption,1704904900587000000,0.10294515992146028,paolo-laptop,smartwatts-formula
power_consumption,1704904901589000000,0.12245661413452032,paolo-laptop,smartwatts-formula
power_consumption,1704904902591000000,0.11143054504953813,paolo-laptop,smartwatts-formula
power_consumption,1704904903594000000,0.16097620758648878,paolo-laptop,smartwatts-formula
power_consumption,1704904908608000000,0.1043742082025144,paolo-laptop,smartwatts-formula
power_consumption,1704904910616000000,0.08263207273680502,paolo-laptop,smartwatts-formula
power_consumption,1704904911619000000,0.07782829122391272,paolo-laptop,smartwatts-formula
power_consumption,1704904912621000000,0.0688790793834875,paolo-laptop,smartwatts-formula
power_consumption,1704904916632000000,0.0986629793904811,paolo-laptop,smartwatts-formula
power_consumption,1704904917635000000,0.09477347541008016,paolo-laptop,smartwatts-formula
power_consumption,1704904918637000000,0.09490944562942229,paolo-laptop,smartwatts-formula
power_consumption,1704904919640000000,0.08117102695023079,paolo-laptop,smartwatts-formula
power_consumption,1704904920641000000,0.07309235948134298,paolo-laptop,smartwatts-formula
power_consumption,1704904923648000000,0.06998885002764306,paolo-laptop,smartwatts-formula
power_consumption,1704904924651000000,0.09186980396281577,paolo-laptop,smartwatts-formula
power_consumption,1704904925653000000,0.1016717788497679,paolo-laptop,smartwatts-formula
power_consumption,1704904926657000000,0.10134922381605099,paolo-laptop,smartwatts-formula
power_consumption,1704904927660000000,0.0769417287478237,paolo-laptop,smartwatts-formula
power_consumption,1704904928662000000,0.07235133499653892,paolo-laptop,smartwatts-formula
power_consumption,1704904929664000000,0.09315528762678363,paolo-laptop,smartwatts-formula
power_consumption,1704904930667000000,0.06871207913439029,paolo-laptop,smartwatts-formula
power_consumption,1704904932671000000,0.06561229125601625,paolo-laptop,smartwatts-formula
power_consumption,1704904935676000000,0.09888615708316274,paolo-laptop,smartwatts-formula
power_consumption,1704904936679000000,0.09508342960535726,paolo-laptop,smartwatts-formula
power_consumption,1704904937681000000,0.06829554297837633,paolo-laptop,smartwatts-formula
power_consumption,1704904938684000000,0.10738718435481363,paolo-laptop,smartwatts-formula
power_consumption,1704904940687000000,0.06680611468783854,paolo-laptop,smartwatts-formula
power_consumption,1704904941689000000,0.08039383867755048,paolo-laptop,smartwatts-formula
power_consumption,1704904945699000000,0.05198319358297164,paolo-laptop,smartwatts-formula
power_consumption,1704904948705000000,0.07603625896965927,paolo-laptop,smartwatts-formula
power_consumption,1704904949707000000,0.06993673311420842,paolo-laptop,smartwatts-formula
power_consumption,1704904950709000000,0.06977708959495524,paolo-laptop,smartwatts-formula
power_consumption,1704904951711000000,0.08802391147641592,paolo-laptop,smartwatts-formula
power_consumption,1704904952713000000,0.07627618899048258,paolo-laptop,smartwatts-formula
power_consumption,1704904953715000000,0.07844272779566581,paolo-laptop,smartwatts-formula
power_consumption,1704904954717000000,0.08570084717068868,paolo-laptop,smartwatts-formula
power_consumption,1704904955719000000,0.10333332850709061,paolo-laptop,smartwatts-formula
power_consumption,1704904956721000000,0.10172994217374517,paolo-laptop,smartwatts-formula
power_consumption,1704904957730000000,0.09594997047961079,paolo-laptop,smartwatts-formula
power_consumption,1704904958731000000,0.10147222013838718,paolo-laptop,smartwatts-formula
power_consumption,1704904959733000000,0.09742072340975061,paolo-laptop,smartwatts-formula
power_consumption,1704904960735000000,0.09076572784177636,paolo-laptop,smartwatts-formula
power_consumption,1704904961738000000,0.09802457938431194,paolo-laptop,smartwatts-formula
power_consumption,1704904962740000000,0.09836568701061388,paolo-laptop,smartwatts-formula
power_consumption,1704904963743000000,0.09412739021380104,paolo-laptop,smartwatts-formula
power_consumption,1704904964746000000,0.10052496005437254,paolo-laptop,smartwatts-formula
power_consumption,1704904965748000000,0.10073409780532101,paolo-laptop,smartwatts-formula
power_consumption,1704904966751000000,0.10591076673778718,paolo-laptop,smartwatts-formula
power_consumption,1704904967753000000,0.09913059915890826,paolo-laptop,smartwatts-formula
power_consumption,1704904968755000000,0.10161699632645914,paolo-laptop,smartwatts-formula
power_consumption,1704904969757000000,0.0966935864155929,paolo-laptop,smartwatts-formula
power_consumption,1704904970759000000,0.10371491459438767,paolo-laptop,smartwatts-formula
power_consumption,1704904971762000000,0.09308938913549913,paolo-laptop,smartwatts-formula
power_consumption,1704904972764000000,0.10267891220979584,paolo-laptop,smartwatts-formula
power_consumption,1704904973766000000,0.10960984919445114,paolo-laptop,smartwatts-formula
power_consumption,1704904974768000000,0.10327070277466564,paolo-laptop,smartwatts-formula
power_consumption,1704904975774000000,0.0962179491107939,paolo-laptop,smartwatts-formula
power_consumption,1704904976776000000,0.10236500295983142,paolo-laptop,smartwatts-formula
power_consumption,1704904977778000000,0.1001056035167805,paolo-laptop,smartwatts-formula
power_consumption,1704904978780000000,0.10098094766005297,paolo-laptop,smartwatts-formula
power_consumption,1704904979783000000,0.09708708269856056,paolo-laptop,smartwatts-formula
power_consumption,1704904980785000000,0.09611702499273594,paolo-laptop,smartwatts-formula
power_consumption,1704904981789000000,0.0963280912309436,paolo-laptop,smartwatts-formula
power_consumption,1704904982792000000,0.10747970007731909,paolo-laptop,smartwatts-formula
power_consumption,1704904985799000000,0.10498100821006344,paolo-laptop,smartwatts-formula
power_consumption,1704904986802000000,0.11484252904391579,paolo-laptop,smartwatts-formula
power_consumption,1704904989811000000,0.07617726155481336,paolo-laptop,smartwatts-formula
power_consumption,1704904990813000000,0.07179336910132333,paolo-laptop,smartwatts-formula
power_consumption,1704904991816000000,0.09599095451618489,paolo-laptop,smartwatts-formula
power_consumption,1704904992818000000,0.09574212866375184,paolo-laptop,smartwatts-formula
power_consumption,1704904993820000000,0.07964238223828018,paolo-laptop,smartwatts-formula
power_consumption,1704904994822000000,0.07836021470620827,paolo-laptop,smartwatts-formula
power_consumption,1704904995824000000,0.0908769894981572,paolo-laptop,smartwatts-formula
power_consumption,1704904996826000000,0.08768900106528121,paolo-laptop,smartwatts-formula
power_consumption,1704904997828000000,0.10196252025976271,paolo-laptop,smartwatts-formula
power_consumption,1704904998831000000,0.11376351248441871,paolo-laptop,smartwatts-formula
power_consumption,1704904999834000000,0.10023434997722078,paolo-laptop,smartwatts-formula
power_consumption,1704905000837000000,0.0963490674245972,paolo-laptop,smartwatts-formula
power_consumption,1704905001840000000,0.09551867918402632,paolo-laptop,smartwatts-formula
power_consumption,1704905002842000000,0.09941949585475018,paolo-laptop,smartwatts-formula
power_consumption,1704905003844000000,0.10148747668580116,paolo-laptop,smartwatts-formula
power_consumption,1704905004847000000,0.09392706361943606,paolo-laptop,smartwatts-formula
power_consumption,1704905005849000000,0.09737151005326276,paolo-laptop,smartwatts-formula
power_consumption,1704905006851000000,0.08804184982172536,paolo-laptop,smartwatts-formula
power_consumption,1704905007854000000,0.09254612717665148,paolo-laptop,smartwatts-formula
power_consumption,1704905008856000000,0.09496169063615874,paolo-laptop,smartwatts-formula
power_consumption,1704905009858000000,0.12061766997118653,paolo-laptop,smartwatts-formula
power_consumption,1704905013866000000,0.10015692619346213,paolo-laptop,smartwatts-formula
power_consumption,1704905017872000000,0.10444130630469618,paolo-laptop,smartwatts-formula
power_consumption,1704905031908000000,0.10115541988488987,paolo-laptop,smartwatts-formula
power_consumption,1704905034915000000,0.09825772956938185,paolo-laptop,smartwatts-formula
power_consumption,1704905035916000000,0.050741606191078835,paolo-laptop,smartwatts-formula
power_consumption,1704905036917000000,0.047833675947402385,paolo-laptop,smartwatts-formula
power_consumption,1704905044944000000,0.045328750412020995,paolo-laptop,smartwatts-formula
power_consumption,1704905046949000000,0.04864163894111376,paolo-laptop,smartwatts-formula
power_consumption,1704905049958000000,0.04562499979023583,paolo-laptop,smartwatts-formula
power_consumption,1704905050960000000,0.06561324687592221,paolo-laptop,smartwatts-formula
power_consumption,1704905051962000000,0.07798244948487888,paolo-laptop,smartwatts-formula
power_consumption,1704905052964000000,0.10248010213186601,paolo-laptop,smartwatts-formula
power_consumption,1704905053966000000,0.1275782916474859,paolo-laptop,smartwatts-formula
power_consumption,1704905054968000000,0.09138990052716754,paolo-laptop,smartwatts-formula
power_consumption,1704905056971000000,0.10132373504645842,paolo-laptop,smartwatts-formula
power_consumption,1704905057973000000,0.10611936429195779,paolo-laptop,smartwatts-formula
power_consumption,1704905058975000000,0.11759993536979088,paolo-laptop,smartwatts-formula
power_consumption,1704905059977000000,0.1426991953072017,paolo-laptop,smartwatts-formula
power_consumption,1704905060980000000,0.12028605818188365,paolo-laptop,smartwatts-formula
power_consumption,1704905061982000000,0.14002881785230697,paolo-laptop,smartwatts-formula
power_consumption,1704905062987000000,0.10023265742241032,paolo-laptop,smartwatts-formula
power_consumption,1704905063988000000,0.13399511068282938,paolo-laptop,smartwatts-formula
power_consumption,1704905064990000000,0.06801562866973915,paolo-laptop,smartwatts-formula
power_consumption,1704905065991000000,0.1018775451737494,paolo-laptop,smartwatts-formula
power_consumption,1704905066995000000,0.07253843647322618,paolo-laptop,smartwatts-formula
power_consumption,1704905067997000000,0.07087436269371561,paolo-laptop,smartwatts-formula
power_consumption,1704905069002000000,0.14124457147341576,paolo-laptop,smartwatts-formula
power_consumption,1704905070008000000,0.21119623375685512,paolo-laptop,smartwatts-formula
power_consumption,1704905072012000000,0.10076452180177639,paolo-laptop,smartwatts-formula
power_consumption,1704905073014000000,0.1044316155433409,paolo-laptop,smartwatts-formula
power_consumption,1704905074016000000,0.10213404064445285,paolo-laptop,smartwatts-formula
power_consumption,1704905075020000000,0.12208727203646139,paolo-laptop,smartwatts-formula
power_consumption,1704905077024000000,0.08652747024655161,paolo-laptop,smartwatts-formula
power_consumption,1704905078026000000,0.11910783664012654,paolo-laptop,smartwatts-formula
power_consumption,1704905080029000000,0.12850170559476135,paolo-laptop,smartwatts-formula
power_consumption,1704905081031000000,0.0855825628298933,paolo-laptop,smartwatts-formula
power_consumption,1704905082033000000,0.07998220977279205,paolo-laptop,smartwatts-formula
power_consumption,1704905083035000000,0.08406863427002953,paolo-laptop,smartwatts-formula
power_consumption,1704905084037000000,0.10482867944359545,paolo-laptop,smartwatts-formula
power_consumption,1704905085038000000,0.08326391440084732,paolo-laptop,smartwatts-formula
power_consumption,1704905086040000000,0.06647462652345809,paolo-laptop,smartwatts-formula
power_consumption,1704905087042000000,0.07177286759952607,paolo-laptop,smartwatts-formula
power_consumption,1704905088045000000,0.10321905787807785,paolo-laptop,smartwatts-formula
power_consumption,1704905089047000000,0.09943055140212667,paolo-laptop,smartwatts-formula
power_consumption,1704905090049000000,0.10435658230757584,paolo-laptop,smartwatts-formula
power_consumption,1704905091053000000,0.10452755412454288,paolo-laptop,smartwatts-formula
power_consumption,1704905094071000000,0.07424488644772287,paolo-laptop,smartwatts-formula
power_consumption,1704905095074000000,0.12240775104190106,paolo-laptop,smartwatts-formula
power_consumption,1704905096078000000,0.1301105803648156,paolo-laptop,smartwatts-formula
power_consumption,1704905097080000000,0.12945314968015822,paolo-laptop,smartwatts-formula
power_consumption,1704905098082000000,0.08096295492524158,paolo-laptop,smartwatts-formula
power_consumption,1704905099083000000,0.07456002811223586,paolo-laptop,smartwatts-formula
power_consumption,1704905100085000000,0.06552988137400612,paolo-laptop,smartwatts-formula
power_consumption,1704905103091000000,0.10073746734745857,paolo-laptop,smartwatts-formula
power_consumption,1704905104094000000,0.1021727214260878,paolo-laptop,smartwatts-formula
power_consumption,1704905105098000000,0.07280960948685454,paolo-laptop,smartwatts-formula
power_consumption,1704905107106000000,0.059174409980329454,paolo-laptop,smartwatts-formula
power_consumption,1704905109111000000,0.06655045854458809,paolo-laptop,smartwatts-formula
power_consumption,1704905110115000000,0.10827882793379891,paolo-laptop,smartwatts-formula
power_consumption,1704905111122000000,0.1310978657430487,paolo-laptop,smartwatts-formula
power_consumption,1704905114135000000,0.11925221232782285,paolo-laptop,smartwatts-formula
power_consumption,1704905115136000000,0.10313013815083043,paolo-laptop,smartwatts-formula
power_consumption,1704905116141000000,0.10248132014192686,paolo-laptop,smartwatts-formula
power_consumption,1704905118161000000,0.06545871424520504,paolo-laptop,smartwatts-formula
power_consumption,1704905122176000000,0.12343542229064672,paolo-laptop,smartwatts-formula
power_consumption,1704905124184000000,0.06956087167393986,paolo-laptop,smartwatts-formula
power_consumption,1704905126187000000,0.0793997681898951,paolo-laptop,smartwatts-formula
power_consumption,1704905127189000000,0.07418017800995973,paolo-laptop,smartwatts-formula
power_consumption,1704905128193000000,0.10243896339800226,paolo-laptop,smartwatts-formula
power_consumption,1704905132213000000,0.13073973560984803,paolo-laptop,smartwatts-formula
power_consumption,1704905135228000000,0.1087307985843556,paolo-laptop,smartwatts-formula
power_consumption,1704905140240000000,0.11063116695131989,paolo-laptop,smartwatts-formula
power_consumption,1704905141244000000,0.09601477812601603,paolo-laptop,smartwatts-formula
power_consumption,1704905142245000000,0.0757661849726445,paolo-laptop,smartwatts-formula
power_consumption,1704905143247000000,0.05118251670430316,paolo-laptop,smartwatts-formula
power_consumption,1704905144249000000,0.04872833660098374,paolo-laptop,smartwatts-formula
power_consumption,1704905146254000000,0.10792332800781992,paolo-laptop,smartwatts-formula
power_consumption,1704905150262000000,0.6650170866374178,paolo-laptop,smartwatts-formula
power_consumption,1704905156279000000,0.2589467863614669,paolo-laptop,smartwatts-formula
power_consumption,1704905157283000000,0.07444070488753383,paolo-laptop,smartwatts-formula
power_consumption,1704905161304000000,0.26601126277785603,paolo-laptop,smartwatts-formula
power_consumption,1704905163319000000,0.2832061673897872,paolo-laptop,smartwatts-formula
power_consumption,1704905166345000000,0.25793489971952005,paolo-laptop,smartwatts-formula
power_consumption,1704905170363000000,0.055436089041882006,paolo-laptop,smartwatts-formula
power_consumption,1704905171364000000,0.04939570374545647,paolo-laptop,smartwatts-formula
power_consumption,1704905172365000000,0.0625228732334179,paolo-laptop,smartwatts-formula
power_consumption,1704905173369000000,0.07362542261629992,paolo-laptop,smartwatts-formula
power_consumption,1704905174373000000,0.08217446608116127,paolo-laptop,smartwatts-formula
power_consumption,1704905179388000000,0.07862612667909388,paolo-laptop,smartwatts-formula
power_consumption,1704905180392000000,0.20704450035362298,paolo-laptop,smartwatts-formula
power_consumption,1704905183413000000,0.2548964649674218,paolo-laptop,smartwatts-formula
power_consumption,1704905184417000000,0.19049239395971485,paolo-laptop,smartwatts-formula
power_consumption,1704905185419000000,0.09717502710026604,paolo-laptop,smartwatts-formula
power_consumption,1704905193440000000,0.10996583725290378,paolo-laptop,smartwatts-formula
power_consumption,1704905194442000000,0.049454439542952255,paolo-laptop,smartwatts-formula
power_consumption,1704905196450000000,0.06637984890784043,paolo-laptop,smartwatts-formula
power_consumption,1704905197451000000,0.07877580338293866,paolo-laptop,smartwatts-formula
power_consumption,1704905198453000000,0.07029695207138453,paolo-laptop,smartwatts-formula
power_consumption,1704905199456000000,0.1046714759042613,paolo-laptop,smartwatts-formula
power_consumption,1704905200458000000,0.1048911572637891,paolo-laptop,smartwatts-formula
power_consumption,1704905201461000000,0.07459484634489132,paolo-laptop,smartwatts-formula
power_consumption,1704905202462000000,0.10450750846558261,paolo-laptop,smartwatts-formula
power_consumption,1704905203463000000,0.12403664508885491,paolo-laptop,smartwatts-formula
power_consumption,1704905204468000000,0.09259632820347172,paolo-laptop,smartwatts-formula
power_consumption,1704905207479000000,0.1145622179788308,paolo-laptop,smartwatts-formula
power_consumption,1704905208481000000,0.12062922021010306,paolo-laptop,smartwatts-formula
power_consumption,1704905209483000000,0.10676135727752882,paolo-laptop,smartwatts-formula
power_consumption,1704905210485000000,0.10321759713841101,paolo-laptop,smartwatts-formula
power_consumption,1704905211487000000,0.08348732393804188,paolo-laptop,smartwatts-formula
power_consumption,1704905212489000000,0.08700187869424283,paolo-laptop,smartwatts-formula
power_consumption,1704905213491000000,0.0982860617327669,paolo-laptop,smartwatts-formula
power_consumption,1704905214492000000,0.11154097995073571,paolo-laptop,smartwatts-formula
power_consumption,1704905215495000000,0.11560761389624356,paolo-laptop,smartwatts-formula
power_consumption,1704905216496000000,0.11274870332716282,paolo-laptop,smartwatts-formula
power_consumption,1704905217498000000,0.11020411742940762,paolo-laptop,smartwatts-formula
power_consumption,1704905218501000000,0.11473813088058622,paolo-laptop,smartwatts-formula
power_consumption,1704905219502000000,0.11680337954096479,paolo-laptop,smartwatts-formula
power_consumption,1704905220504000000,0.10756754879325856,paolo-laptop,smartwatts-formula
power_consumption,1704905221506000000,0.10760756846318846,paolo-laptop,smartwatts-formula
power_consumption,1704905222508000000,0.13291093271756904,paolo-laptop,smartwatts-formula
power_consumption,1704905223510000000,0.116521910903283,paolo-laptop,smartwatts-formula
power_consumption,1704905224512000000,0.11700786409694781,paolo-laptop,smartwatts-formula
power_consumption,1704905225513000000,0.1089970976127468,paolo-laptop,smartwatts-formula
power_consumption,1704905226515000000,0.11237842727923185,paolo-laptop,smartwatts-formula
power_consumption,1704905227518000000,0.12433754549937295,paolo-laptop,smartwatts-formula
power_consumption,1704905228520000000,0.10565682250137241,paolo-laptop,smartwatts-formula
power_consumption,1704905229522000000,0.1028309727353545,paolo-laptop,smartwatts-formula
power_consumption,1704905230523000000,0.10537572710247661,paolo-laptop,smartwatts-formula
power_consumption,1704905231526000000,0.11530584238053204,paolo-laptop,smartwatts-formula
power_consumption,1704905232528000000,0.11526593007271033,paolo-laptop,smartwatts-formula
power_consumption,1704905234538000000,0.11101108071841757,paolo-laptop,smartwatts-formula
power_consumption,1704905236544000000,0.10784313242737936,paolo-laptop,smartwatts-formula
power_consumption,1704905237546000000,0.11067489182225587,paolo-laptop,smartwatts-formula
power_consumption,1704905238548000000,0.10411602748348099,paolo-laptop,smartwatts-formula
power_consumption,1704905239549000000,0.09395872769358417,paolo-laptop,smartwatts-formula
power_consumption,1704905240551000000,0.09360492019684893,paolo-laptop,smartwatts-formula
power_consumption,1704905241556000000,0.09974126385819077,paolo-laptop,smartwatts-formula
power_consumption,1704905242558000000,0.09358642509763845,paolo-laptop,smartwatts-formula
power_consumption,1704905243559000000,0.11165178644310837,paolo-laptop,smartwatts-formula
power_consumption,1704905244562000000,0.07131051383207702,paolo-laptop,smartwatts-formula
power_consumption,1704905247573000000,0.19036134245131942,paolo-laptop,smartwatts-formula
power_consumption,1704905248579000000,0.11545830516428553,paolo-laptop,smartwatts-formula
power_consumption,1704905249581000000,0.13082304971792727,paolo-laptop,smartwatts-formula
power_consumption,1704905250582000000,0.12071641881241646,paolo-laptop,smartwatts-formula
power_consumption,1704905251584000000,0.0818012843919245,paolo-laptop,smartwatts-formula
power_consumption,1704905252586000000,0.09624646127887337,paolo-laptop,smartwatts-formula
power_consumption,1704905253588000000,0.08868927594604395,paolo-laptop,smartwatts-formula
power_consumption,1704905254590000000,0.1519128321750019,paolo-laptop,smartwatts-formula
power_consumption,1704905255591000000,0.1078037691117109,paolo-laptop,smartwatts-formula
power_consumption,1704905256593000000,0.09761095185780351,paolo-laptop,smartwatts-formula
power_consumption,1704905257595000000,0.12958635243988015,paolo-laptop,smartwatts-formula
power_consumption,1704905258601000000,0.10227490843844628,paolo-laptop,smartwatts-formula
power_consumption,1704905259606000000,0.09659665330616483,paolo-laptop,smartwatts-formula
power_consumption,1704905260611000000,0.09369707998463303,paolo-laptop,smartwatts-formula
power_consumption,1704905261612000000,0.1296270302337184,paolo-laptop,smartwatts-formula
power_consumption,1704905262614000000,0.10357939326742474,paolo-laptop,smartwatts-formula
power_consumption,1704905263616000000,0.11168665717345379,paolo-laptop,smartwatts-formula
power_consumption,1704905264618000000,0.07743678555384556,paolo-laptop,smartwatts-formula
power_consumption,1704905265619000000,0.19865947323483157,paolo-laptop,smartwatts-formula
power_consumption,1704905266621000000,0.12069009824334073,paolo-laptop,smartwatts-formula
power_consumption,1704905267622000000,0.07774590628549886,paolo-laptop,smartwatts-formula
power_consumption,1704905268628000000,0.10173722347185,paolo-laptop,smartwatts-formula
power_consumption,1704905269630000000,0.09467308064322583,paolo-laptop,smartwatts-formula
power_consumption,1704905270634000000,0.07116883872057335,paolo-laptop,smartwatts-formula
power_consumption,1704905271636000000,0.07584172382139266,paolo-laptop,smartwatts-formula
power_consumption,1704905272638000000,0.07497642425837457,paolo-laptop,smartwatts-formula
power_consumption,1704905273642000000,0.10681115357167226,paolo-laptop,smartwatts-formula
power_consumption,1704905274645000000,0.07535280664904942,paolo-laptop,smartwatts-formula
power_consumption,1704905276651000000,0.10390590203212993,paolo-laptop,smartwatts-formula
power_consumption,1704905277656000000,0.124096851560732,paolo-laptop,smartwatts-formula
power_consumption,1704905278660000000,0.2254004037208667,paolo-laptop,smartwatts-formula
power_consumption,1704905279662000000,0.09883380701077263,paolo-laptop,smartwatts-formula
power_consumption,1704905280664000000,0.11438595910549092,paolo-laptop,smartwatts-formula
power_consumption,1704905281667000000,0.08407129037056774,paolo-laptop,smartwatts-formula
power_consumption,1704905282671000000,0.06350046736464693,paolo-laptop,smartwatts-formula
power_consumption,1704905283675000000,0.10033696855566822,paolo-laptop,smartwatts-formula
power_consumption,1704905284676000000,0.1860212641809381,paolo-laptop,smartwatts-formula
power_consumption,1704905285680000000,0.09264604792476083,paolo-laptop,smartwatts-formula
power_consumption,1704905286684000000,0.1274144045257428,paolo-laptop,smartwatts-formula
power_consumption,1704905287686000000,0.10518522555764823,paolo-laptop,smartwatts-formula
power_consumption,1704905288689000000,0.06935673405691557,paolo-laptop,smartwatts-formula
power_consumption,1704905289691000000,0.10747393926059637,paolo-laptop,smartwatts-formula
power_consumption,1704905291697000000,0.07132100212493496,paolo-laptop,smartwatts-formula
power_consumption,1704905292700000000,0.1190162848460562,paolo-laptop,smartwatts-formula
power_consumption,1704905293704000000,0.0901580886941887,paolo-laptop,smartwatts-formula
power_consumption,1704905294706000000,0.1025065782627228,paolo-laptop,smartwatts-formula
power_consumption,1704905295708000000,0.10545130370954632,paolo-laptop,smartwatts-formula
power_consumption,1704905296709000000,0.09417616845499963,paolo-laptop,smartwatts-formula
power_consumption,1704905297711000000,0.09932619722097769,paolo-laptop,smartwatts-formula
power_consumption,1704905298714000000,0.21835084812133285,paolo-laptop,smartwatts-formula
power_consumption,1704905299716000000,0.07544225150136041,paolo-laptop,smartwatts-formula
power_consumption,1704905300719000000,0.12728782498077987,paolo-laptop,smartwatts-formula
power_consumption,1704905301722000000,0.07519741016522864,paolo-laptop,smartwatts-formula
power_consumption,1704905302725000000,0.09425359086225057,paolo-laptop,smartwatts-formula
power_consumption,1704905303728000000,0.07749972320596435,paolo-laptop,smartwatts-formula
power_consumption,1704905304729000000,0.08864518282480716,paolo-laptop,smartwatts-formula
power_consumption,1704905305731000000,0.11086447956979996,paolo-laptop,smartwatts-formula
power_consumption,1704905306734000000,0.10713243160565936,paolo-laptop,smartwatts-formula
power_consumption,1704905307736000000,0.10289495542233874,paolo-laptop,smartwatts-formula
power_consumption,1704905308739000000,0.09344022933979623,paolo-laptop,smartwatts-formula
power_consumption,1704905309742000000,0.10197671511365154,paolo-laptop,smartwatts-formula
power_consumption,1704905310744000000,0.11013965278492664,paolo-laptop,smartwatts-formula
power_consumption,1704905311747000000,0.10976809645131483,paolo-laptop,smartwatts-formula
power_consumption,1704905312750000000,0.09825425020030107,paolo-laptop,smartwatts-formula
power_consumption,1704905313754000000,0.13513944006066503,paolo-laptop,smartwatts-formula
power_consumption,1704905314755000000,0.10261852660688406,paolo-laptop,smartwatts-formula
power_consumption,1704905315757000000,0.10832401575979086,paolo-laptop,smartwatts-formula
power_consumption,1704905316759000000,0.09629393791624541,paolo-laptop,smartwatts-formula
power_consumption,1704905317761000000,0.09965287181999721,paolo-laptop,smartwatts-formula
power_consumption,1704905318763000000,0.09549061789026125,paolo-laptop,smartwatts-formula
power_consumption,1704905319765000000,0.10504371345701027,paolo-laptop,smartwatts-formula
power_consumption,1704905320767000000,0.11679320352391455,paolo-laptop,smartwatts-formula
power_consumption,1704905321769000000,0.1034631213086211,paolo-laptop,smartwatts-formula
power_consumption,1704905322771000000,0.10032705802569523,paolo-laptop,smartwatts-formula
power_consumption,1704905323774000000,0.10959827731676516,paolo-laptop,smartwatts-formula
power_consumption,1704905324775000000,0.10423831557130067,paolo-laptop,smartwatts-formula
power_consumption,1704905325777000000,0.09917997708083916,paolo-laptop,smartwatts-formula
power_consumption,1704905326779000000,0.12844281413806027,paolo-laptop,smartwatts-formula
power_consumption,1704905327781000000,0.10423133117717472,paolo-laptop,smartwatts-formula
power_consumption,1704905328783000000,0.10011834550183665,paolo-laptop,smartwatts-formula
power_consumption,1704905329785000000,0.11018811786210375,paolo-laptop,smartwatts-formula
power_consumption,1704905330787000000,0.07224669531836451,paolo-laptop,smartwatts-formula
power_consumption,1704905331790000000,0.10766445697134334,paolo-laptop,smartwatts-formula
power_consumption,1704905332793000000,0.11747131232111417,paolo-laptop,smartwatts-formula
power_consumption,1704905333794000000,0.1326774752109297,paolo-laptop,smartwatts-formula
power_consumption,1704905334798000000,0.11652331887420299,paolo-laptop,smartwatts-formula
power_consumption,1704905335799000000,0.10650309386651205,paolo-laptop,smartwatts-formula
power_consumption,1704905336801000000,0.10294125747763577,paolo-laptop,smartwatts-formula
power_consumption,1704905337805000000,0.09997004103766177,paolo-laptop,smartwatts-formula
power_consumption,1704905338809000000,0.07695035413770107,paolo-laptop,smartwatts-formula
power_consumption,1704905339811000000,0.07134306236231627,paolo-laptop,smartwatts-formula
power_consumption,1704905340812000000,0.10613828344050397,paolo-laptop,smartwatts-formula
power_consumption,1704905341816000000,0.07241906349898242,paolo-laptop,smartwatts-formula
power_consumption,1704905342817000000,0.1002133466254364,paolo-laptop,smartwatts-formula
power_consumption,1704905343821000000,0.07695112811179024,paolo-laptop,smartwatts-formula
power_consumption,1704905344823000000,0.10276268805951735,paolo-laptop,smartwatts-formula
power_consumption,1704905345825000000,0.133013436942121,paolo-laptop,smartwatts-formula
power_consumption,1704905346826000000,0.1287469020990034,paolo-laptop,smartwatts-formula
power_consumption,1704905347828000000,0.11843200397678208,paolo-laptop,smartwatts-formula
power_consumption,1704905348829000000,0.10642802938503138,paolo-laptop,smartwatts-formula
power_consumption,1704905349831000000,0.1133396561929595,paolo-laptop,smartwatts-formula
power_consumption,1704905350833000000,0.12799253433421195,paolo-laptop,smartwatts-formula
power_consumption,1704905351840000000,0.09417929796555528,paolo-laptop,smartwatts-formula
power_consumption,1704905352851000000,0.10928392699670197,paolo-laptop,smartwatts-formula
power_consumption,1704905353853000000,0.12130708558642522,paolo-laptop,smartwatts-formula
power_consumption,1704905354860000000,0.11274021294243695,paolo-laptop,smartwatts-formula
power_consumption,1704905355863000000,0.07577010268539974,paolo-laptop,smartwatts-formula
power_consumption,1704905356867000000,0.10373876528664337,paolo-laptop,smartwatts-formula
power_consumption,1704905357868000000,0.16572035348356193,paolo-laptop,smartwatts-formula
power_consumption,1704905358870000000,0.1132940839449503,paolo-laptop,smartwatts-formula
power_consumption,1704905359871000000,0.1369661838138842,paolo-laptop,smartwatts-formula
power_consumption,1704905360875000000,0.0732079514917269,paolo-laptop,smartwatts-formula
power_consumption,1704905361879000000,0.20754686693739152,paolo-laptop,smartwatts-formula
power_consumption,1704905362880000000,0.07335207455799057,paolo-laptop,smartwatts-formula
power_consumption,1704905363884000000,0.12915808938117368,paolo-laptop,smartwatts-formula
power_consumption,1704905365891000000,0.1087136019435727,paolo-laptop,smartwatts-formula
power_consumption,1704905366895000000,0.07498835806891307,paolo-laptop,smartwatts-formula
power_consumption,1704905367897000000,0.06998456597002392,paolo-laptop,smartwatts-formula
power_consumption,1704905368898000000,0.10815841735694913,paolo-laptop,smartwatts-formula
power_consumption,1704905369900000000,0.10885123786096018,paolo-laptop,smartwatts-formula
power_consumption,1704905370901000000,0.08771999008445339,paolo-laptop,smartwatts-formula
power_consumption,1704905371905000000,0.06338446726142778,paolo-laptop,smartwatts-formula
power_consumption,1704905372909000000,0.17597317822326822,paolo-laptop,smartwatts-formula
power_consumption,1704905374916000000,0.12894166252654915,paolo-laptop,smartwatts-formula
power_consumption,1704905375918000000,0.18580797116472306,paolo-laptop,smartwatts-formula
power_consumption,1704905376919000000,0.18678784864203687,paolo-laptop,smartwatts-formula
power_consumption,1704905377923000000,0.2537135741398755,paolo-laptop,smartwatts-formula
power_consumption,1704905378927000000,0.23881436410217186,paolo-laptop,smartwatts-formula
power_consumption,1704905379930000000,0.19980429973379119,paolo-laptop,smartwatts-formula
power_consumption,1704905380934000000,0.2383067123324316,paolo-laptop,smartwatts-formula
power_consumption,1704905381938000000,0.14497251170909023,paolo-laptop,smartwatts-formula
power_consumption,1704905382941000000,0.12977327336529318,paolo-laptop,smartwatts-formula
power_consumption,1704905383943000000,0.07925515312143891,paolo-laptop,smartwatts-formula
power_consumption,1704905384944000000,0.10565496312660715,paolo-laptop,smartwatts-formula
power_consumption,1704905385947000000,0.2143283899943512,paolo-laptop,smartwatts-formula
power_consumption,1704905386949000000,0.0762681383489519,paolo-laptop,smartwatts-formula
power_consumption,1704905387951000000,0.2147570549627451,paolo-laptop,smartwatts-formula
power_consumption,1704905388955000000,0.1327014936390165,paolo-laptop,smartwatts-formula
power_consumption,1704905389959000000,0.2303501055258375,paolo-laptop,smartwatts-formula
power_consumption,1704905390962000000,0.07035648218086753,paolo-laptop,smartwatts-formula
power_consumption,1704905391964000000,0.07803871872322149,paolo-laptop,smartwatts-formula
power_consumption,1704905392965000000,0.11957111748561623,paolo-laptop,smartwatts-formula
power_consumption,1704905393967000000,0.2085095936297067,paolo-laptop,smartwatts-formula
power_consumption,1704905394969000000,0.12767408031126956,paolo-laptop,smartwatts-formula
power_consumption,1704905395970000000,0.06867060813624497,paolo-laptop,smartwatts-formula
power_consumption,1704905396973000000,0.10531221784060914,paolo-laptop,smartwatts-formula
power_consumption,1704905397975000000,0.12317736792292042,paolo-laptop,smartwatts-formula
power_consumption,1704905398976000000,0.06895052715609114,paolo-laptop,smartwatts-formula
power_consumption,1704905399978000000,0.11588946173909112,paolo-laptop,smartwatts-formula
power_consumption,1704905400980000000,0.13352663944452445,paolo-laptop,smartwatts-formula
power_consumption,1704905401981000000,0.10005288761803299,paolo-laptop,smartwatts-formula
power_consumption,1704905402982000000,0.11739388569440509,paolo-laptop,smartwatts-formula
power_consumption,1704905403985000000,0.13259041802164023,paolo-laptop,smartwatts-formula
power_consumption,1704905404987000000,0.07259377827763619,paolo-laptop,smartwatts-formula
power_consumption,1704905405989000000,0.11778105128598368,paolo-laptop,smartwatts-formula
power_consumption,1704905406991000000,0.09134409771043414,paolo-laptop,smartwatts-formula
power_consumption,1704905407993000000,0.09783673648407815,paolo-laptop,smartwatts-formula
power_consumption,1704905408997000000,0.07686041495887327,paolo-laptop,smartwatts-formula
power_consumption,1704905410000000000,0.14985640492528113,paolo-laptop,smartwatts-formula
power_consumption,1704905411002000000,0.07700570029085643,paolo-laptop,smartwatts-formula
power_consumption,1704905412004000000,0.10951270515420979,paolo-laptop,smartwatts-formula
power_consumption,1704905413006000000,0.07105773790993476,paolo-laptop,smartwatts-formula
power_consumption,1704905414007000000,0.07578455164304061,paolo-laptop,smartwatts-formula
power_consumption,1704905415013000000,0.1024862838382326,paolo-laptop,smartwatts-formula
power_consumption,1704905416015000000,0.09812525522134724,paolo-laptop,smartwatts-formula
power_consumption,1704905417019000000,0.07526476285932317,paolo-laptop,smartwatts-formula
power_consumption,1704905418021000000,0.06911231563812525,paolo-laptop,smartwatts-formula
power_consumption,1704905419024000000,0.12255663596219422,paolo-laptop,smartwatts-formula
power_consumption,1704905420025000000,0.11113330660673049,paolo-laptop,smartwatts-formula
power_consumption,1704905421028000000,0.08488148956192473,paolo-laptop,smartwatts-formula
power_consumption,1704905422032000000,0.12843372865567915,paolo-laptop,smartwatts-formula
power_consumption,1704905423034000000,0.16043730056010042,paolo-laptop,smartwatts-formula
power_consumption,1704905424037000000,0.22349799914089288,paolo-laptop,smartwatts-formula
power_consumption,1704905425038000000,0.11127980718712319,paolo-laptop,smartwatts-formula
power_consumption,1704905426042000000,0.09674855021084473,paolo-laptop,smartwatts-formula
power_consumption,1704905427045000000,0.23312330194291686,paolo-laptop,smartwatts-formula
power_consumption,1704905428050000000,0.22777599638429297,paolo-laptop,smartwatts-formula
power_consumption,1704905429053000000,0.10266302664290505,paolo-laptop,smartwatts-formula
power_consumption,1704905430057000000,0.09414586461443178,paolo-laptop,smartwatts-formula
power_consumption,1704905431059000000,0.1563872846353331,paolo-laptop,smartwatts-formula
power_consumption,1704905432061000000,0.09692079282117005,paolo-laptop,smartwatts-formula
power_consumption,1704905433063000000,0.10295778874410244,paolo-laptop,smartwatts-formula
power_consumption,1704905434065000000,0.12289074041418122,paolo-laptop,smartwatts-formula
power_consumption,1704905435069000000,0.07756477250109009,paolo-laptop,smartwatts-formula
power_consumption,1704905436070000000,0.10996248893196503,paolo-laptop,smartwatts-formula
power_consumption,1704905437074000000,0.14262481422246062,paolo-laptop,smartwatts-formula
power_consumption,1704905438079000000,0.12081102446603248,paolo-laptop,smartwatts-formula
power_consumption,1704905439081000000,0.06927995998367222,paolo-laptop,smartwatts-formula
power_consumption,1704905440083000000,0.1049014073948842,paolo-laptop,smartwatts-formula
power_consumption,1704905441086000000,0.10877376434814953,paolo-laptop,smartwatts-formula
power_consumption,1704905442088000000,0.0973242028258744,paolo-laptop,smartwatts-formula
power_consumption,1704905443091000000,0.2334444991987783,paolo-laptop,smartwatts-formula
power_consumption,1704905444094000000,0.15026145474143096,paolo-laptop,smartwatts-formula
power_consumption,1704905445096000000,0.06780262360287388,paolo-laptop,smartwatts-formula
power_consumption,1704905446099000000,0.10612364221121906,paolo-laptop,smartwatts-formula
power_consumption,1704905447101000000,0.09872259866412293,paolo-laptop,smartwatts-formula
power_consumption,1704905448103000000,0.09356623760637336,paolo-laptop,smartwatts-formula
power_consumption,1704905449105000000,0.10443618393582123,paolo-laptop,smartwatts-formula
power_consumption,1704905450107000000,0.1220777815503622,paolo-laptop,smartwatts-formula
power_consumption,1704905451109000000,0.10927529902870205,paolo-laptop,smartwatts-formula
power_consumption,1704905452111000000,0.12482793977123689,paolo-laptop,smartwatts-formula
power_consumption,1704905453112000000,0.12443237010484323,paolo-laptop,smartwatts-formula
power_consumption,1704905454114000000,0.12466785482159161,paolo-laptop,smartwatts-formula
power_consumption,1704905455115000000,0.15102349713840266,paolo-laptop,smartwatts-formula
power_consumption,1704905456117000000,0.11078821105733877,paolo-laptop,smartwatts-formula
power_consumption,1704905457118000000,0.12217174268184686,paolo-laptop,smartwatts-formula
power_consumption,1704905458121000000,0.11868377863334159,paolo-laptop,smartwatts-formula
power_consumption,1704905459123000000,0.11917057664795487,paolo-laptop,smartwatts-formula
power_consumption,1704905460124000000,0.11680289240161688,paolo-laptop,smartwatts-formula
power_consumption,1704905461126000000,0.11914160563510794,paolo-laptop,smartwatts-formula
power_consumption,1704905462128000000,0.09779485320383052,paolo-laptop,smartwatts-formula
power_consumption,1704905463132000000,0.1271349129306575,paolo-laptop,smartwatts-formula
power_consumption,1704905464134000000,0.13591479836238163,paolo-laptop,smartwatts-formula
power_consumption,1704905465136000000,0.1107850005745658,paolo-laptop,smartwatts-formula
power_consumption,1704905466138000000,0.06915402419958813,paolo-laptop,smartwatts-formula
power_consumption,1704905467140000000,0.10929991073523432,paolo-laptop,smartwatts-formula
power_consumption,1704905468142000000,0.20532144047028103,paolo-laptop,smartwatts-formula
power_consumption,1704905469144000000,0.23723659404872535,paolo-laptop,smartwatts-formula
power_consumption,1704905470146000000,0.11673680177695979,paolo-laptop,smartwatts-formula
power_consumption,1704905471148000000,0.20520867725996048,paolo-laptop,smartwatts-formula
power_consumption,1704905472150000000,0.06901976110498385,paolo-laptop,smartwatts-formula
power_consumption,1704905473152000000,0.2192909099353199,paolo-laptop,smartwatts-formula
power_consumption,1704905474155000000,0.2303430737515618,paolo-laptop,smartwatts-formula
power_consumption,1704905475157000000,0.11507844259637577,paolo-laptop,smartwatts-formula
power_consumption,1704905476159000000,0.11676143044317397,paolo-laptop,smartwatts-formula
power_consumption,1704905477161000000,0.2049316358304225,paolo-laptop,smartwatts-formula
power_consumption,1704905478163000000,0.21965280609232926,paolo-laptop,smartwatts-formula
power_consumption,1704905479165000000,0.1851331561910083,paolo-laptop,smartwatts-formula
power_consumption,1704905480169000000,0.20203009049151208,paolo-laptop,smartwatts-formula
power_consumption,1704905481171000000,0.07927995666440925,paolo-laptop,smartwatts-formula
power_consumption,1704905482173000000,0.16190017450857092,paolo-laptop,smartwatts-formula
power_consumption,1704905483176000000,0.06929639857812718,paolo-laptop,smartwatts-formula
power_consumption,1704905484179000000,0.1246316472160687,paolo-laptop,smartwatts-formula
power_consumption,1704905485184000000,0.18160824982245138,paolo-laptop,smartwatts-formula
power_consumption,1704905486188000000,0.06905569095528585,paolo-laptop,smartwatts-formula
power_consumption,1704905487191000000,0.11502704381625169,paolo-laptop,smartwatts-formula
power_consumption,1704905488193000000,0.17320319377750157,paolo-laptop,smartwatts-formula
power_consumption,1704905489201000000,0.151281202534174,paolo-laptop,smartwatts-formula
power_consumption,1704905490208000000,0.1727153674300514,paolo-laptop,smartwatts-formula
power_consumption,1704905492214000000,0.11960723125441101,paolo-laptop,smartwatts-formula
power_consumption,1704905493215000000,0.12879884899738714,paolo-laptop,smartwatts-formula
power_consumption,1704905494217000000,0.1361211329797684,paolo-laptop,smartwatts-formula
power_consumption,1704905495220000000,0.14310654401719078,paolo-laptop,smartwatts-formula
power_consumption,1704905496225000000,0.1568061545637804,paolo-laptop,smartwatts-formula
power_consumption,1704905497228000000,0.05871836107072419,paolo-laptop,smartwatts-formula
power_consumption,1704905498229000000,0.10954135284488044,paolo-laptop,smartwatts-formula
power_consumption,1704905499234000000,0.07102231726515562,paolo-laptop,smartwatts-formula
power_consumption,1704905500236000000,0.22539239616377243,paolo-laptop,smartwatts-formula
power_consumption,1704905501237000000,0.1077409143773852,paolo-laptop,smartwatts-formula
power_consumption,1704905502239000000,0.12924009162468736,paolo-laptop,smartwatts-formula
power_consumption,1704905503241000000,0.11080377936780647,paolo-laptop,smartwatts-formula
power_consumption,1704905504242000000,0.10566017640522521,paolo-laptop,smartwatts-formula
power_consumption,1704905505245000000,0.07699989750092155,paolo-laptop,smartwatts-formula
power_consumption,1704905506247000000,0.07308173166293838,paolo-laptop,smartwatts-formula
power_consumption,1704905507248000000,0.12822099669230375,paolo-laptop,smartwatts-formula
power_consumption,1704905508252000000,0.1125444484937376,paolo-laptop,smartwatts-formula
power_consumption,1704905509255000000,0.07745580195050424,paolo-laptop,smartwatts-formula
power_consumption,1704905510257000000,0.12470947675661301,paolo-laptop,smartwatts-formula
power_consumption,1704905511262000000,0.13181391010988716,paolo-laptop,smartwatts-formula
power_consumption,1704905512266000000,0.08012752907765243,paolo-laptop,smartwatts-formula
power_consumption,1704905513269000000,0.11677336223006088,paolo-laptop,smartwatts-formula
power_consumption,1704905514274000000,0.14088874061679857,paolo-laptop,smartwatts-formula
power_consumption,1704905515281000000,0.08242724780455768,paolo-laptop,smartwatts-formula
power_consumption,1704905516283000000,0.1481928470662754,paolo-laptop,smartwatts-formula
power_consumption,1704905517287000000,0.07866998506495294,paolo-laptop,smartwatts-formula
power_consumption,1704905518290000000,0.07613993459937625,paolo-laptop,smartwatts-formula
power_consumption,1704905519292000000,0.10902422489090814,paolo-laptop,smartwatts-formula
power_consumption,1704905520295000000,0.09677579260112304,paolo-laptop,smartwatts-formula
power_consumption,1704905521297000000,0.07552957995500008,paolo-laptop,smartwatts-formula
power_consumption,1704905522299000000,0.13319801988922383,paolo-laptop,smartwatts-formula
power_consumption,1704905523303000000,0.0829759589526419,paolo-laptop,smartwatts-formula
power_consumption,1704905524305000000,0.11214247360169032,paolo-laptop,smartwatts-formula
power_consumption,1704905525308000000,0.1130676466665439,paolo-laptop,smartwatts-formula
power_consumption,1704905526309000000,0.06892960858173307,paolo-laptop,smartwatts-formula
power_consumption,1704905527311000000,0.09929636849787317,paolo-laptop,smartwatts-formula
power_consumption,1704905528313000000,0.12794604498813394,paolo-laptop,smartwatts-formula
power_consumption,1704905529315000000,0.10670092200400849,paolo-laptop,smartwatts-formula
power_consumption,1704905530318000000,0.1148813838454737,paolo-laptop,smartwatts-formula
power_consumption,1704905531320000000,0.10582618075115467,paolo-laptop,smartwatts-formula
power_consumption,1704905532323000000,0.06862210245257551,paolo-laptop,smartwatts-formula
power_consumption,1704905533325000000,0.07630232601565803,paolo-laptop,smartwatts-formula
power_consumption,1704905534327000000,0.11032104543198523,paolo-laptop,smartwatts-formula
power_consumption,1704905535329000000,0.10812804423665771,paolo-laptop,smartwatts-formula
power_consumption,1704905536331000000,0.09941772793777195,paolo-laptop,smartwatts-formula
power_consumption,1704905537334000000,0.1350637476590874,paolo-laptop,smartwatts-formula
power_consumption,1704905538336000000,0.07559261228549505,paolo-laptop,smartwatts-formula
power_consumption,1704905539338000000,0.08264394776290139,paolo-laptop,smartwatts-formula
power_consumption,1704905540339000000,0.08155149370533461,paolo-laptop,smartwatts-formula
power_consumption,1704905541341000000,0.21958472234113066,paolo-laptop,smartwatts-formula
power_consumption,1704905542343000000,0.11104470848709165,paolo-laptop,smartwatts-formula
power_consumption,1704905543345000000,0.1225715657040963,paolo-laptop,smartwatts-formula
power_consumption,1704905544348000000,0.10168498599145488,paolo-laptop,smartwatts-formula
power_consumption,1704905545350000000,0.06787179325813998,paolo-laptop,smartwatts-formula
power_consumption,1704905546352000000,0.0985075584201824,paolo-laptop,smartwatts-formula
power_consumption,1704905547354000000,0.09985209904484614,paolo-laptop,smartwatts-formula
power_consumption,1704905548356000000,0.07667850884691527,paolo-laptop,smartwatts-formula
power_consumption,1704905549358000000,0.14126992208255257,paolo-laptop,smartwatts-formula
power_consumption,1704905550362000000,0.07645472794226947,paolo-laptop,smartwatts-formula
power_consumption,1704905551364000000,0.06774306970240553,paolo-laptop,smartwatts-formula
power_consumption,1704905552366000000,0.10512148973173595,paolo-laptop,smartwatts-formula
power_consumption,1704905553368000000,0.12072463024993767,paolo-laptop,smartwatts-formula
power_consumption,1704905554370000000,0.13332249028294002,paolo-laptop,smartwatts-formula
power_consumption,1704905555372000000,0.10633521916519306,paolo-laptop,smartwatts-formula
power_consumption,1704905556377000000,0.07579504836508398,paolo-laptop,smartwatts-formula
power_consumption,1704905557383000000,0.12839136284029104,paolo-laptop,smartwatts-formula
power_consumption,1704905558385000000,0.10692675486108125,paolo-laptop,smartwatts-formula
power_consumption,1704905559390000000,0.07098581391570415,paolo-laptop,smartwatts-formula
power_consumption,1704905560395000000,0.10009461641686063,paolo-laptop,smartwatts-formula
power_consumption,1704905561400000000,0.22639148075310714,paolo-laptop,smartwatts-formula
power_consumption,1704905562404000000,0.1746523513877748,paolo-laptop,smartwatts-formula
power_consumption,1704905563408000000,0.14005185309383641,paolo-laptop,smartwatts-formula
power_consumption,1704905564410000000,0.0832997957728926,paolo-laptop,smartwatts-formula
power_consumption,1704905565414000000,0.13751301280226286,paolo-laptop,smartwatts-formula
power_consumption,1704905566418000000,0.0695144979901028,paolo-laptop,smartwatts-formula
power_consumption,1704905567420000000,0.10847362248038392,paolo-laptop,smartwatts-formula
power_consumption,1704905568423000000,0.1399340973186011,paolo-laptop,smartwatts-formula
power_consumption,1704905569427000000,0.2403821170598043,paolo-laptop,smartwatts-formula
power_consumption,1704905570431000000,0.1361359846779948,paolo-laptop,smartwatts-formula
power_consumption,1704905571434000000,0.18494811279841428,paolo-laptop,smartwatts-formula
power_consumption,1704905572438000000,0.10078361822298484,paolo-laptop,smartwatts-formula
power_consumption,1704905573441000000,0.23582976687683221,paolo-laptop,smartwatts-formula
power_consumption,1704905574445000000,0.14008862828477775,paolo-laptop,smartwatts-formula
power_consumption,1704905575449000000,0.13821626762944084,paolo-laptop,smartwatts-formula
power_consumption,1704905576453000000,0.19506758822957238,paolo-laptop,smartwatts-formula
power_consumption,1704905577456000000,0.15174382259311725,paolo-laptop,smartwatts-formula
power_consumption,1704905578458000000,0.10032921924578816,paolo-laptop,smartwatts-formula
power_consumption,1704905579461000000,0.21585874631993549,paolo-laptop,smartwatts-formula
power_consumption,1704905580463000000,0.20764449837005255,paolo-laptop,smartwatts-formula
power_consumption,1704905581465000000,0.11695224376859825,paolo-laptop,smartwatts-formula
power_consumption,1704905582466000000,0.12190544262382988,paolo-laptop,smartwatts-formula
power_consumption,1704905583471000000,0.13880061754881112,paolo-laptop,smartwatts-formula
power_consumption,1704905584472000000,0.13243750925666956,paolo-laptop,smartwatts-formula
power_consumption,1704905585474000000,0.07646935754146575,paolo-laptop,smartwatts-formula
power_consumption,1704905586477000000,0.11468699461178476,paolo-laptop,smartwatts-formula
power_consumption,1704905587482000000,0.20325318248957006,paolo-laptop,smartwatts-formula
power_consumption,1704905588484000000,0.07575255845750875,paolo-laptop,smartwatts-formula
power_consumption,1704905589487000000,0.13530312442901804,paolo-laptop,smartwatts-formula
power_consumption,1704905590489000000,0.1006439925129674,paolo-laptop,smartwatts-formula
power_consumption,1704905591493000000,0.14105819475601158,paolo-laptop,smartwatts-formula
power_consumption,1704905592498000000,0.149966584463875,paolo-laptop,smartwatts-formula
power_consumption,1704905593501000000,0.1131124519591363,paolo-laptop,smartwatts-formula
power_consumption,1704905594503000000,0.1122948608789801,paolo-laptop,smartwatts-formula
power_consumption,1704905595505000000,0.10629058952520282,paolo-laptop,smartwatts-formula
power_consumption,1704905596507000000,0.10758884214717795,paolo-laptop,smartwatts-formula
power_consumption,1704905597510000000,0.12371434607624733,paolo-laptop,smartwatts-formula
power_consumption,1704905598513000000,0.11632891179167695,paolo-laptop,smartwatts-formula
power_consumption,1704905599515000000,0.12031580731779631,paolo-laptop,smartwatts-formula
power_consumption,1704905600517000000,0.11280116863993682,paolo-laptop,smartwatts-formula
power_consumption,1704905601520000000,0.11654629884199193,paolo-laptop,smartwatts-formula
power_consumption,1704905602524000000,0.07506559065600335,paolo-laptop,smartwatts-formula
power_consumption,1704905603525000000,0.10610984735643571,paolo-laptop,smartwatts-formula
power_consumption,1704905604527000000,0.10113657296031743,paolo-laptop,smartwatts-formula
power_consumption,1704905605528000000,0.07360326250769987,paolo-laptop,smartwatts-formula
power_consumption,1704905606530000000,0.11037766167234414,paolo-laptop,smartwatts-formula
power_consumption,1704905607532000000,0.12312131075408482,paolo-laptop,smartwatts-formula
power_consumption,1704905608533000000,0.17817622669112382,paolo-laptop,smartwatts-formula
power_consumption,1704905609535000000,0.09406236722017272,paolo-laptop,smartwatts-formula
power_consumption,1704905610542000000,0.11976736580455827,paolo-laptop,smartwatts-formula
power_consumption,1704905611544000000,0.15807556606139744,paolo-laptop,smartwatts-formula
power_consumption,1704905612545000000,0.1353756230295927,paolo-laptop,smartwatts-formula
power_consumption,1704905613550000000,0.10751490191005286,paolo-laptop,smartwatts-formula
power_consumption,1704905614553000000,0.07109190354312223,paolo-laptop,smartwatts-formula
power_consumption,1704905615555000000,0.12758991767813732,paolo-laptop,smartwatts-formula
power_consumption,1704905616559000000,0.13315277034755524,paolo-laptop,smartwatts-formula
power_consumption,1704905617560000000,0.12033024712068735,paolo-laptop,smartwatts-formula
power_consumption,1704905618562000000,0.13586707735974174,paolo-laptop,smartwatts-formula
power_consumption,1704905619564000000,0.12290724863936345,paolo-laptop,smartwatts-formula
power_consumption,1704905620566000000,0.11672302608811733,paolo-laptop,smartwatts-formula
power_consumption,1704905621568000000,0.12014276321495958,paolo-laptop,smartwatts-formula
power_consumption,1704905622570000000,0.12117205227504842,paolo-laptop,smartwatts-formula
power_consumption,1704905623571000000,0.11764460080965163,paolo-laptop,smartwatts-formula
power_consumption,1704905624573000000,0.11988366238991877,paolo-laptop,smartwatts-formula
power_consumption,1704905625575000000,0.12012799682370594,paolo-laptop,smartwatts-formula
power_consumption,1704905626577000000,0.1195294782408711,paolo-laptop,smartwatts-formula
power_consumption,1704905627580000000,0.12409127128326448,paolo-laptop,smartwatts-formula
power_consumption,1704905628582000000,0.11840237968501915,paolo-laptop,smartwatts-formula
power_consumption,1704905629584000000,0.13732151743748075,paolo-laptop,smartwatts-formula
power_consumption,1704905630586000000,0.1318836391630134,paolo-laptop,smartwatts-formula
power_consumption,1704905631590000000,0.11118441831412611,paolo-laptop,smartwatts-formula
power_consumption,1704905632592000000,0.11436643572281283,paolo-laptop,smartwatts-formula
power_consumption,1704905633593000000,0.13068389035141903,paolo-laptop,smartwatts-formula
power_consumption,1704905634595000000,0.11754107893627737,paolo-laptop,smartwatts-formula
power_consumption,1704905635597000000,0.11501461784806667,paolo-laptop,smartwatts-formula
power_consumption,1704905636600000000,0.12333717448996959,paolo-laptop,smartwatts-formula
power_consumption,1704905637602000000,0.14091775100706527,paolo-laptop,smartwatts-formula
power_consumption,1704905638603000000,0.1273417875560558,paolo-laptop,smartwatts-formula
power_consumption,1704905639605000000,0.12054085918627058,paolo-laptop,smartwatts-formula
power_consumption,1704905640609000000,0.08523440331588102,paolo-laptop,smartwatts-formula
power_consumption,1704905641612000000,0.2007389837723826,paolo-laptop,smartwatts-formula
power_consumption,1704905642614000000,0.10050813194456862,paolo-laptop,smartwatts-formula
power_consumption,1704905643616000000,0.13522765986254642,paolo-laptop,smartwatts-formula
power_consumption,1704905644617000000,0.1332406962473413,paolo-laptop,smartwatts-formula
power_consumption,1704905645621000000,0.18654458132551713,paolo-laptop,smartwatts-formula
power_consumption,1704905646622000000,0.14077369505408255,paolo-laptop,smartwatts-formula
power_consumption,1704905647626000000,0.0930617822571891,paolo-laptop,smartwatts-formula
power_consumption,1704905648628000000,0.17670895874174372,paolo-laptop,smartwatts-formula
power_consumption,1704905649633000000,0.09588850986379852,paolo-laptop,smartwatts-formula
power_consumption,1704905650637000000,0.08604062511772403,paolo-laptop,smartwatts-formula
power_consumption,1704905651640000000,0.173492088809129,paolo-laptop,smartwatts-formula
power_consumption,1704905652642000000,0.09939537043117205,paolo-laptop,smartwatts-formula
power_consumption,1704905653643000000,0.0886353465897563,paolo-laptop,smartwatts-formula
power_consumption,1704905654647000000,0.10057134536903846,paolo-laptop,smartwatts-formula
power_consumption,1704905655649000000,0.07329297462286051,paolo-laptop,smartwatts-formula
power_consumption,1704905656652000000,0.18489742416587632,paolo-laptop,smartwatts-formula
power_consumption,1704905657654000000,0.22716394440049134,paolo-laptop,smartwatts-formula
power_consumption,1704905658658000000,0.13152629857620096,paolo-laptop,smartwatts-formula
power_consumption,1704905659662000000,0.13307969359375413,paolo-laptop,smartwatts-formula
power_consumption,1704905660664000000,0.18613766238463836,paolo-laptop,smartwatts-formula
power_consumption,1704905661666000000,0.12179699585482041,paolo-laptop,smartwatts-formula
power_consumption,1704905662667000000,0.14402973864593838,paolo-laptop,smartwatts-formula
power_consumption,1704905663670000000,0.08874361350544742,paolo-laptop,smartwatts-formula
power_consumption,1704905664674000000,0.11218122482486498,paolo-laptop,smartwatts-formula
power_consumption,1704905665676000000,0.1520441502886555,paolo-laptop,smartwatts-formula
power_consumption,1704905666677000000,0.11196940781442519,paolo-laptop,smartwatts-formula
power_consumption,1704905667681000000,0.11536457194777704,paolo-laptop,smartwatts-formula
power_consumption,1704905668683000000,0.11746088981369454,paolo-laptop,smartwatts-formula
power_consumption,1704905669686000000,0.08871188420527024,paolo-laptop,smartwatts-formula
power_consumption,1704905670690000000,0.13353697248194807,paolo-laptop,smartwatts-formula
power_consumption,1704905671694000000,0.15480019365799663,paolo-laptop,smartwatts-formula
power_consumption,1704905672696000000,0.1341065495629812,paolo-laptop,smartwatts-formula
power_consumption,1704905673698000000,0.15074930234429187,paolo-laptop,smartwatts-formula
power_consumption,1704905674700000000,0.07523994224927925,paolo-laptop,smartwatts-formula
power_consumption,1704905675702000000,0.07670253072520188,paolo-laptop,smartwatts-formula
power_consumption,1704905676704000000,0.18260129764687655,paolo-laptop,smartwatts-formula
power_consumption,1704905677706000000,0.19480697594171636,paolo-laptop,smartwatts-formula
power_consumption,1704905678707000000,0.09204335429210815,paolo-laptop,smartwatts-formula
power_consumption,1704905679709000000,0.10176848251736721,paolo-laptop,smartwatts-formula
power_consumption,1704905680711000000,0.10303521112630701,paolo-laptop,smartwatts-formula
power_consumption,1704905681712000000,0.15980067535744286,paolo-laptop,smartwatts-formula
power_consumption,1704905682715000000,0.06920987993065314,paolo-laptop,smartwatts-formula
power_consumption,1704905683718000000,0.11235465554349511,paolo-laptop,smartwatts-formula
power_consumption,1704905684719000000,0.21291443215014474,paolo-laptop,smartwatts-formula
power_consumption,1704905685723000000,0.0775029334571027,paolo-laptop,smartwatts-formula
power_consumption,1704905686724000000,0.13067387491107696,paolo-laptop,smartwatts-formula
power_consumption,1704905687726000000,0.11985194837533349,paolo-laptop,smartwatts-formula
power_consumption,1704905688728000000,0.22541871441866976,paolo-laptop,smartwatts-formula
power_consumption,1704905689731000000,0.12383557388265311,paolo-laptop,smartwatts-formula
power_consumption,1704905690733000000,0.12772992068623423,paolo-laptop,smartwatts-formula
power_consumption,1704905691735000000,0.1028321954824937,paolo-laptop,smartwatts-formula
power_consumption,1704905692740000000,0.07612550606841767,paolo-laptop,smartwatts-formula
power_consumption,1704905693746000000,0.1025738363450204,paolo-laptop,smartwatts-formula
power_consumption,1704905694752000000,0.07027743702455215,paolo-laptop,smartwatts-formula
power_consumption,1704905695755000000,0.1691696389794311,paolo-laptop,smartwatts-formula
power_consumption,1704905696758000000,0.07938132739306039,paolo-laptop,smartwatts-formula
power_consumption,1704905697762000000,0.08341790329229819,paolo-laptop,smartwatts-formula
power_consumption,1704905698765000000,0.07617561347580747,paolo-laptop,smartwatts-formula
power_consumption,1704905699770000000,0.06866047031719905,paolo-laptop,smartwatts-formula
power_consumption,1704905700774000000,0.09982294784389294,paolo-laptop,smartwatts-formula
power_consumption,1704905701776000000,0.12993493712309323,paolo-laptop,smartwatts-formula
power_consumption,1704905702778000000,0.12079677196898775,paolo-laptop,smartwatts-formula
power_consumption,1704905703782000000,0.06909103701945811,paolo-laptop,smartwatts-formula
power_consumption,1704905704786000000,0.2280612431915947,paolo-laptop,smartwatts-formula
power_consumption,1704905705791000000,0.104987138805853,paolo-laptop,smartwatts-formula
power_consumption,1704905706793000000,0.06908225534042063,paolo-laptop,smartwatts-formula
power_consumption,1704905707795000000,0.08794069648661204,paolo-laptop,smartwatts-formula
power_consumption,1704905708799000000,0.1277391811929082,paolo-laptop,smartwatts-formula
power_consumption,1704905709804000000,0.08422884837413068,paolo-laptop,smartwatts-formula
power_consumption,1704905710806000000,0.07611206241060714,paolo-laptop,smartwatts-formula
power_consumption,1704905711810000000,0.12083775172354383,paolo-laptop,smartwatts-formula
power_consumption,1704905712814000000,0.07053697009469126,paolo-laptop,smartwatts-formula
power_consumption,1704905713818000000,0.22157435220340044,paolo-laptop,smartwatts-formula
power_consumption,1704905714819000000,0.2040688770786911,paolo-laptop,smartwatts-formula
power_consumption,1704905715823000000,0.16507877304781632,paolo-laptop,smartwatts-formula
power_consumption,1704905716825000000,0.11419358851956496,paolo-laptop,smartwatts-formula
power_consumption,1704905717828000000,0.07686887441454096,paolo-laptop,smartwatts-formula
power_consumption,1704905718830000000,0.07677945187736385,paolo-laptop,smartwatts-formula
power_consumption,1704905719834000000,0.11331814180299138,paolo-laptop,smartwatts-formula
power_consumption,1704905720839000000,0.17974608754477472,paolo-laptop,smartwatts-formula
power_consumption,1704905721843000000,0.08220591366199262,paolo-laptop,smartwatts-formula
power_consumption,1704905722845000000,0.20325559689071027,paolo-laptop,smartwatts-formula
power_consumption,1704905723847000000,0.18803642320993372,paolo-laptop,smartwatts-formula
power_consumption,1704905724850000000,0.11076143422801502,paolo-laptop,smartwatts-formula
power_consumption,1704905725851000000,0.1274486329211269,paolo-laptop,smartwatts-formula
power_consumption,1704905726853000000,0.1350770108269434,paolo-laptop,smartwatts-formula
power_consumption,1704905727854000000,0.1451498259922586,paolo-laptop,smartwatts-formula
power_consumption,1704905728856000000,0.05822679122167812,paolo-laptop,smartwatts-formula
power_consumption,1704905729858000000,0.14892544034890748,paolo-laptop,smartwatts-formula
power_consumption,1704905730862000000,0.1345608926771273,paolo-laptop,smartwatts-formula
power_consumption,1704905731866000000,0.07352258075330043,paolo-laptop,smartwatts-formula
power_consumption,1704905732867000000,0.06982031012138937,paolo-laptop,smartwatts-formula
power_consumption,1704905733872000000,0.13224466905874038,paolo-laptop,smartwatts-formula
power_consumption,1704905734873000000,0.12009662269556866,paolo-laptop,smartwatts-formula
power_consumption,1704905735874000000,0.07824839008347524,paolo-laptop,smartwatts-formula
power_consumption,1704905736878000000,0.1380529146061223,paolo-laptop,smartwatts-formula
power_consumption,1704905738883000000,0.17953560911408922,paolo-laptop,smartwatts-formula
power_consumption,1704905739885000000,0.11409834382540372,paolo-laptop,smartwatts-formula
power_consumption,1704905740889000000,0.09648338693334832,paolo-laptop,smartwatts-formula
power_consumption,1704905741891000000,0.08859041919400137,paolo-laptop,smartwatts-formula
power_consumption,1704905742893000000,0.13566330099678164,paolo-laptop,smartwatts-formula
power_consumption,1704905743894000000,0.18849751304393642,paolo-laptop,smartwatts-formula
power_consumption,1704905744896000000,0.2240109505927835,paolo-laptop,smartwatts-formula
power_consumption,1704905745897000000,0.09578705132536472,paolo-laptop,smartwatts-formula
power_consumption,1704905746898000000,0.1058573563230174,paolo-laptop,smartwatts-formula
power_consumption,1704905747900000000,0.11229864489008683,paolo-laptop,smartwatts-formula
power_consumption,1704905748902000000,0.10658141364789747,paolo-laptop,smartwatts-formula
power_consumption,1704905749904000000,0.12024335763996041,paolo-laptop,smartwatts-formula
power_consumption,1704905750906000000,0.17029837065183467,paolo-laptop,smartwatts-formula
power_consumption,1704905751908000000,0.20083447802962517,paolo-laptop,smartwatts-formula
power_consumption,1704905752910000000,0.18270909191476917,paolo-laptop,smartwatts-formula
power_consumption,1704905753911000000,0.19959048541870694,paolo-laptop,smartwatts-formula
power_consumption,1704905754913000000,0.18571750467391718,paolo-laptop,smartwatts-formula
power_consumption,1704905755917000000,0.19231404153692616,paolo-laptop,smartwatts-formula
power_consumption,1704905756921000000,0.20566396893995273,paolo-laptop,smartwatts-formula
power_consumption,1704905757925000000,0.1937774997673706,paolo-laptop,smartwatts-formula
power_consumption,1704905758928000000,0.16527753651853844,paolo-laptop,smartwatts-formula
power_consumption,1704905759930000000,0.20985141162335902,paolo-laptop,smartwatts-formula
power_consumption,1704905760932000000,0.11498356177784125,paolo-laptop,smartwatts-formula
power_consumption,1704905761933000000,0.14180426139966262,paolo-laptop,smartwatts-formula
power_consumption,1704905762939000000,0.13644805559840528,paolo-laptop,smartwatts-formula
power_consumption,1704905763941000000,0.0935382799479885,paolo-laptop,smartwatts-formula
power_consumption,1704905764943000000,0.1024064057606962,paolo-laptop,smartwatts-formula
power_consumption,1704905765945000000,0.11021802089507607,paolo-laptop,smartwatts-formula
power_consumption,1704905766949000000,0.06995759637095159,paolo-laptop,smartwatts-formula
power_consumption,1704905767954000000,0.10868989485533159,paolo-laptop,smartwatts-formula
power_consumption,1704905768957000000,0.16649346652800204,paolo-laptop,smartwatts-formula
power_consumption,1704905769962000000,0.17840305379051644,paolo-laptop,smartwatts-formula
power_consumption,1704905770965000000,0.11341748078803421,paolo-laptop,smartwatts-formula
power_consumption,1704905771968000000,0.12978113898210747,paolo-laptop,smartwatts-formula
power_consumption,1704905772973000000,0.13345317741385154,paolo-laptop,smartwatts-formula
power_consumption,1704905773977000000,0.17245826270233255,paolo-laptop,smartwatts-formula
power_consumption,1704905774978000000,0.18917439420238114,paolo-laptop,smartwatts-formula
power_consumption,1704905775982000000,0.20306577922919417,paolo-laptop,smartwatts-formula
power_consumption,1704905776986000000,0.117268425700468,paolo-laptop,smartwatts-formula
power_consumption,1704905777987000000,0.11302744282431032,paolo-laptop,smartwatts-formula
power_consumption,1704905778989000000,0.09980894181197376,paolo-laptop,smartwatts-formula
power_consumption,1704905779992000000,0.14377391949949173,paolo-laptop,smartwatts-formula
power_consumption,1704905780994000000,0.1138238012501341,paolo-laptop,smartwatts-formula
power_consumption,1704905781995000000,0.14359023560901557,paolo-laptop,smartwatts-formula
power_consumption,1704905782997000000,0.16264714626949034,paolo-laptop,smartwatts-formula
power_consumption,1704905784004000000,0.10269577539502539,paolo-laptop,smartwatts-formula
power_consumption,1704905785006000000,0.13175887944805814,paolo-laptop,smartwatts-formula
power_consumption,1704905786010000000,0.11757016475310902,paolo-laptop,smartwatts-formula
power_consumption,1704905787014000000,0.12284649995463572,paolo-laptop,smartwatts-formula
power_consumption,1704905788015000000,0.11631798929106245,paolo-laptop,smartwatts-formula
power_consumption,1704905789017000000,0.118083546920415,paolo-laptop,smartwatts-formula
power_consumption,1704905790019000000,0.12092079021656342,paolo-laptop,smartwatts-formula
power_consumption,1704905791022000000,0.13228910282904838,paolo-laptop,smartwatts-formula
power_consumption,1704905792024000000,0.11756752277335955,paolo-laptop,smartwatts-formula
power_consumption,1704905793027000000,0.11255541531426862,paolo-laptop,smartwatts-formula
power_consumption,1704905794028000000,0.10541820056809859,paolo-laptop,smartwatts-formula
power_consumption,1704905795032000000,0.1253948381085641,paolo-laptop,smartwatts-formula
power_consumption,1704905796033000000,0.1851727577234908,paolo-laptop,smartwatts-formula
power_consumption,1704905797037000000,0.13920083306888748,paolo-laptop,smartwatts-formula
power_consumption,1704905798039000000,0.096911888595134,paolo-laptop,smartwatts-formula
power_consumption,1704905799042000000,0.07147401976173848,paolo-laptop,smartwatts-formula
power_consumption,1704905800046000000,0.17560244291671998,paolo-laptop,smartwatts-formula
power_consumption,1704905801048000000,0.11659226732357891,paolo-laptop,smartwatts-formula
power_consumption,1704905802052000000,0.20341643992839867,paolo-laptop,smartwatts-formula
power_consumption,1704905803056000000,0.19256732808901197,paolo-laptop,smartwatts-formula
power_consumption,1704905804061000000,0.2367253586569375,paolo-laptop,smartwatts-formula
power_consumption,1704905805064000000,0.1642429791181725,paolo-laptop,smartwatts-formula
power_consumption,1704905806068000000,0.17770872784595668,paolo-laptop,smartwatts-formula
power_consumption,1704905807069000000,0.06834029813997747,paolo-laptop,smartwatts-formula
power_consumption,1704905808071000000,0.07005038240564253,paolo-laptop,smartwatts-formula
power_consumption,1704905809072000000,0.09921846904826076,paolo-laptop,smartwatts-formula
power_consumption,1704905810076000000,0.07035151995152203,paolo-laptop,smartwatts-formula
power_consumption,1704905811078000000,0.11837297073996436,paolo-laptop,smartwatts-formula
power_consumption,1704905812079000000,0.2004391501331716,paolo-laptop,smartwatts-formula
power_consumption,1704905813081000000,0.14533340718244314,paolo-laptop,smartwatts-formula
power_consumption,1704905814083000000,0.13098021685424277,paolo-laptop,smartwatts-formula
power_consumption,1704905815084000000,0.1613332255018281,paolo-laptop,smartwatts-formula
power_consumption,1704905816086000000,0.0976273022663887,paolo-laptop,smartwatts-formula
power_consumption,1704905817087000000,0.11472898705214205,paolo-laptop,smartwatts-formula
power_consumption,1704905818088000000,0.1827404643686054,paolo-laptop,smartwatts-formula
power_consumption,1704905819089000000,0.13058236564297995,paolo-laptop,smartwatts-formula
power_consumption,1704905820091000000,0.21432783566489816,paolo-laptop,smartwatts-formula
power_consumption,1704905821093000000,0.12688103792693334,paolo-laptop,smartwatts-formula
power_consumption,1704905822098000000,0.13087019432233432,paolo-laptop,smartwatts-formula
power_consumption,1704905823102000000,0.1298940754392961,paolo-laptop,smartwatts-formula
power_consumption,1704905824106000000,0.07105035352292259,paolo-laptop,smartwatts-formula
power_consumption,1704905825108000000,0.08947390759265475,paolo-laptop,smartwatts-formula
power_consumption,1704905826110000000,0.07206307017214253,paolo-laptop,smartwatts-formula
power_consumption,1704905827111000000,0.1467236168450962,paolo-laptop,smartwatts-formula
power_consumption,1704905828113000000,0.09619394316101638,paolo-laptop,smartwatts-formula
power_consumption,1704905829114000000,0.13668612464002594,paolo-laptop,smartwatts-formula
power_consumption,1704905830116000000,0.12030636724529961,paolo-laptop,smartwatts-formula
power_consumption,1704905831118000000,0.19248494258861143,paolo-laptop,smartwatts-formula
power_consumption,1704905832122000000,0.138287343707864,paolo-laptop,smartwatts-formula
power_consumption,1704905833124000000,0.22675100883383442,paolo-laptop,smartwatts-formula
power_consumption,1704905834125000000,0.10924940469799799,paolo-laptop,smartwatts-formula
power_consumption,1704905835129000000,0.1047305287342878,paolo-laptop,smartwatts-formula
power_consumption,1704905836131000000,0.18679456200731068,paolo-laptop,smartwatts-formula
power_consumption,1704905837132000000,0.06960869176745797,paolo-laptop,smartwatts-formula
power_consumption,1704905838135000000,0.10144846081542831,paolo-laptop,smartwatts-formula
power_consumption,1704905839140000000,0.10777116211162044,paolo-laptop,smartwatts-formula
power_consumption,1704905840142000000,0.12936511575659806,paolo-laptop,smartwatts-formula
power_consumption,1704905841143000000,0.09035705693419739,paolo-laptop,smartwatts-formula
power_consumption,1704905842145000000,0.11124229403904702,paolo-laptop,smartwatts-formula
power_consumption,1704905843149000000,0.10138961447715047,paolo-laptop,smartwatts-formula
power_consumption,1704905844152000000,0.2295679567597651,paolo-laptop,smartwatts-formula
power_consumption,1704905845156000000,0.10209073919051634,paolo-laptop,smartwatts-formula
power_consumption,1704905846159000000,0.14131166940494005,paolo-laptop,smartwatts-formula
power_consumption,1704905847164000000,0.10919049640439044,paolo-laptop,smartwatts-formula
power_consumption,1704905848168000000,0.10970156457668304,paolo-laptop,smartwatts-formula
power_consumption,1704905849171000000,0.145782594462388,paolo-laptop,smartwatts-formula
power_consumption,1704905850175000000,0.1905072310337803,paolo-laptop,smartwatts-formula
power_consumption,1704905851178000000,0.1446947347655765,paolo-laptop,smartwatts-formula
power_consumption,1704905852180000000,0.11193629871101562,paolo-laptop,smartwatts-formula
power_consumption,1704905853184000000,0.21778203936423546,paolo-laptop,smartwatts-formula
power_consumption,1704905854186000000,0.10544252972682217,paolo-laptop,smartwatts-formula
power_consumption,1704905855188000000,0.11452760199160839,paolo-laptop,smartwatts-formula
power_consumption,1704905856190000000,0.12315698147938842,paolo-laptop,smartwatts-formula
power_consumption,1704905857191000000,0.10411861057232295,paolo-laptop,smartwatts-formula
power_consumption,1704905858195000000,0.10525861567467695,paolo-laptop,smartwatts-formula
power_consumption,1704905859198000000,0.2583874834468811,paolo-laptop,smartwatts-formula
power_consumption,1704905860202000000,0.18555375578327446,paolo-laptop,smartwatts-formula
power_consumption,1704905861205000000,0.11655177060474664,paolo-laptop,smartwatts-formula
power_consumption,1704905862207000000,0.0949323104592491,paolo-laptop,smartwatts-formula
power_consumption,1704905863211000000,0.09587774649694882,paolo-laptop,smartwatts-formula
power_consumption,1704905864217000000,0.09890037174479296,paolo-laptop,smartwatts-formula
power_consumption,1704905865219000000,0.07168250625933796,paolo-laptop,smartwatts-formula
power_consumption,1704905866220000000,0.10934369739422613,paolo-laptop,smartwatts-formula
power_consumption,1704905867222000000,0.06915840435707231,paolo-laptop,smartwatts-formula
power_consumption,1704905868226000000,0.11296185080256113,paolo-laptop,smartwatts-formula
power_consumption,1704905869228000000,0.11763447940907142,paolo-laptop,smartwatts-formula
power_consumption,1704905870230000000,0.13022810133433554,paolo-laptop,smartwatts-formula
power_consumption,1704905871232000000,0.10451447984182102,paolo-laptop,smartwatts-formula
power_consumption,1704905872234000000,0.225638006572619,paolo-laptop,smartwatts-formula
power_consumption,1704905873235000000,0.2206834152686319,paolo-laptop,smartwatts-formula
power_consumption,1704905874237000000,0.2306215142388999,paolo-laptop,smartwatts-formula
power_consumption,1704905875239000000,0.06885998572549389,paolo-laptop,smartwatts-formula
power_consumption,1704905876241000000,0.11817383429292255,paolo-laptop,smartwatts-formula
power_consumption,1704905877242000000,0.1769375267820249,paolo-laptop,smartwatts-formula
power_consumption,1704905878244000000,0.11136627994605916,paolo-laptop,smartwatts-formula
power_consumption,1704905879247000000,0.16619025289033312,paolo-laptop,smartwatts-formula
power_consumption,1704905880249000000,0.09582877830149536,paolo-laptop,smartwatts-formula
power_consumption,1704905881254000000,0.10690424942659041,paolo-laptop,smartwatts-formula
power_consumption,1704905882256000000,0.12179795195607324,paolo-laptop,smartwatts-formula
power_consumption,1704905883258000000,0.08723638598604358,paolo-laptop,smartwatts-formula
power_consumption,1704905884260000000,0.0720879140494986,paolo-laptop,smartwatts-formula
power_consumption,1704905885261000000,0.11093256416430464,paolo-laptop,smartwatts-formula
power_consumption,1704905886263000000,0.15334493772167804,paolo-laptop,smartwatts-formula
power_consumption,1704905887265000000,0.19526497543000443,paolo-laptop,smartwatts-formula
power_consumption,1704905888266000000,0.06922617933765009,paolo-laptop,smartwatts-formula
power_consumption,1704905889272000000,0.15073439771359512,paolo-laptop,smartwatts-formula
