name,time,power,sensor,target
power_consumption,1704841218021000000,0.08807819525880953,paolo-laptop,smartwatts-formula
power_consumption,1704841219022000000,0.08692870484380708,paolo-laptop,smartwatts-formula
power_consumption,1704841220024000000,0.08717683427919978,paolo-laptop,smartwatts-formula
power_consumption,1704841221026000000,0.0833278595242756,paolo-laptop,smartwatts-formula
power_consumption,1704841222028000000,0.09504129949719373,paolo-laptop,smartwatts-formula
power_consumption,1704841223029000000,0.11269820892876742,paolo-laptop,smartwatts-formula
power_consumption,1704841224031000000,0.11104237840452372,paolo-laptop,smartwatts-formula
power_consumption,1704841225033000000,0.11907799021125859,paolo-laptop,smartwatts-formula
power_consumption,1704841227037000000,0.0989400791537918,paolo-laptop,smartwatts-formula
power_consumption,1704841228038000000,0.0933267338841865,paolo-laptop,smartwatts-formula
power_consumption,1704841229039000000,0.09969868602465386,paolo-laptop,smartwatts-formula
power_consumption,1704841230041000000,0.09052178088628549,paolo-laptop,smartwatts-formula
power_consumption,1704841231043000000,0.09813704856879887,paolo-laptop,smartwatts-formula
power_consumption,1704841232045000000,0.07106696443111735,paolo-laptop,smartwatts-formula
power_consumption,1704841233046000000,0.08009196564972368,paolo-laptop,smartwatts-formula
power_consumption,1704841234047000000,0.09225180415622396,paolo-laptop,smartwatts-formula
power_consumption,1704841235048000000,0.09602379636028677,paolo-laptop,smartwatts-formula
power_consumption,1704841236050000000,0.08833259436054933,paolo-laptop,smartwatts-formula
power_consumption,1704841237052000000,0.08789758094201897,paolo-laptop,smartwatts-formula
power_consumption,1704841238054000000,0.09308380223470619,paolo-laptop,smartwatts-formula
power_consumption,1704841240057000000,0.08546362825389398,paolo-laptop,smartwatts-formula
power_consumption,1704841242060000000,0.08640986942772536,paolo-laptop,smartwatts-formula
power_consumption,1704841246068000000,0.08861679939083231,paolo-laptop,smartwatts-formula
power_consumption,1704841248072000000,0.09122036492682682,paolo-laptop,smartwatts-formula
power_consumption,1704841249075000000,0.06772925222181683,paolo-laptop,smartwatts-formula
power_consumption,1704841250077000000,0.06670323269541402,paolo-laptop,smartwatts-formula
power_consumption,1704841253082000000,0.05486615293503859,paolo-laptop,smartwatts-formula
power_consumption,1704841254084000000,0.10457086468034191,paolo-laptop,smartwatts-formula
power_consumption,1704841255085000000,0.12864813658186636,paolo-laptop,smartwatts-formula
power_consumption,1704841256086000000,0.1306399576370328,paolo-laptop,smartwatts-formula
power_consumption,1704841257088000000,0.060233072920505795,paolo-laptop,smartwatts-formula
power_consumption,1704841258094000000,0.06324228837643174,paolo-laptop,smartwatts-formula
power_consumption,1704841259098000000,0.11256150525458408,paolo-laptop,smartwatts-formula
power_consumption,1704841260100000000,0.1267947415952297,paolo-laptop,smartwatts-formula
power_consumption,1704841261101000000,0.11778384743015263,paolo-laptop,smartwatts-formula
power_consumption,1704841262102000000,0.14074571946514058,paolo-laptop,smartwatts-formula
power_consumption,1704841263103000000,0.10267490457140474,paolo-laptop,smartwatts-formula
power_consumption,1704841264104000000,0.1019920283127472,paolo-laptop,smartwatts-formula
power_consumption,1704841265106000000,0.07381217261299963,paolo-laptop,smartwatts-formula
power_consumption,1704841266107000000,0.0963248724120918,paolo-laptop,smartwatts-formula
power_consumption,1704841267108000000,0.10085654065686964,paolo-laptop,smartwatts-formula
power_consumption,1704841268110000000,0.10965523674930515,paolo-laptop,smartwatts-formula
power_consumption,1704841269111000000,0.09891060464896131,paolo-laptop,smartwatts-formula
power_consumption,1704841274120000000,0.07541757822683884,paolo-laptop,smartwatts-formula
power_consumption,1704841276124000000,0.0612289830353859,paolo-laptop,smartwatts-formula
power_consumption,1704841278127000000,0.055131106345326183,paolo-laptop,smartwatts-formula
power_consumption,1704841279129000000,0.05621526602725865,paolo-laptop,smartwatts-formula
power_consumption,1704841280131000000,0.07497386999173672,paolo-laptop,smartwatts-formula
power_consumption,1704841281133000000,0.05888773076343683,paolo-laptop,smartwatts-formula
power_consumption,1704841282137000000,0.07700547408972924,paolo-laptop,smartwatts-formula
power_consumption,1704841283141000000,0.06015370140780449,paolo-laptop,smartwatts-formula
power_consumption,1704841284143000000,0.06991175277291045,paolo-laptop,smartwatts-formula
power_consumption,1704841287150000000,0.15326412430994432,paolo-laptop,smartwatts-formula
power_consumption,1704841288152000000,0.15097492660140283,paolo-laptop,smartwatts-formula
power_consumption,1704841289153000000,0.13280359840092443,paolo-laptop,smartwatts-formula
power_consumption,1704841290155000000,0.12284630118581742,paolo-laptop,smartwatts-formula
power_consumption,1704841291157000000,0.10088477825299527,paolo-laptop,smartwatts-formula
power_consumption,1704841292159000000,0.0636965915728411,paolo-laptop,smartwatts-formula
power_consumption,1704841293161000000,0.12577008388838146,paolo-laptop,smartwatts-formula
power_consumption,1704841294163000000,0.14397413129046552,paolo-laptop,smartwatts-formula
power_consumption,1704841295165000000,0.12907458654253465,paolo-laptop,smartwatts-formula
power_consumption,1704841296167000000,0.11572256264190747,paolo-laptop,smartwatts-formula
power_consumption,1704841297169000000,0.11378527118423579,paolo-laptop,smartwatts-formula
power_consumption,1704841298171000000,0.11071901257892243,paolo-laptop,smartwatts-formula
power_consumption,1704841299173000000,0.11074232738617988,paolo-laptop,smartwatts-formula
power_consumption,1704841300174000000,0.11913416806758323,paolo-laptop,smartwatts-formula
power_consumption,1704841301176000000,0.1188771667002252,paolo-laptop,smartwatts-formula
power_consumption,1704841302178000000,0.11700872914064406,paolo-laptop,smartwatts-formula
power_consumption,1704841303180000000,0.12204876031411456,paolo-laptop,smartwatts-formula
power_consumption,1704841304182000000,0.13265317870613536,paolo-laptop,smartwatts-formula
power_consumption,1704841305185000000,0.11815266239425039,paolo-laptop,smartwatts-formula
power_consumption,1704841306187000000,0.12318564099797355,paolo-laptop,smartwatts-formula
power_consumption,1704841307189000000,0.11523357828220383,paolo-laptop,smartwatts-formula
power_consumption,1704841308191000000,0.11265351235827487,paolo-laptop,smartwatts-formula
power_consumption,1704841309193000000,0.11901290700191303,paolo-laptop,smartwatts-formula
power_consumption,1704841310195000000,0.08020786186910661,paolo-laptop,smartwatts-formula
power_consumption,1704841311197000000,0.08062040099969728,paolo-laptop,smartwatts-formula
power_consumption,1704841312199000000,0.07821129745922815,paolo-laptop,smartwatts-formula
power_consumption,1704841313201000000,0.1127386962262745,paolo-laptop,smartwatts-formula
power_consumption,1704841314202000000,0.07687945612433421,paolo-laptop,smartwatts-formula
power_consumption,1704841315204000000,0.07613646056276116,paolo-laptop,smartwatts-formula
power_consumption,1704841316207000000,0.11310857454388323,paolo-laptop,smartwatts-formula
power_consumption,1704841317211000000,0.07683490361744574,paolo-laptop,smartwatts-formula
power_consumption,1704841318213000000,0.11757494772359696,paolo-laptop,smartwatts-formula
power_consumption,1704841319215000000,0.07493128775803592,paolo-laptop,smartwatts-formula
power_consumption,1704841320217000000,0.0867412718360635,paolo-laptop,smartwatts-formula
power_consumption,1704841321219000000,0.09062610823590844,paolo-laptop,smartwatts-formula
power_consumption,1704841322221000000,0.0807411167654084,paolo-laptop,smartwatts-formula
power_consumption,1704841323222000000,0.12731725423902018,paolo-laptop,smartwatts-formula
power_consumption,1704841324224000000,0.12844654222472102,paolo-laptop,smartwatts-formula
power_consumption,1704841325226000000,0.1386692312465362,paolo-laptop,smartwatts-formula
power_consumption,1704841326228000000,0.11507511215462646,paolo-laptop,smartwatts-formula
power_consumption,1704841327230000000,0.12856204665870782,paolo-laptop,smartwatts-formula
power_consumption,1704841328231000000,0.08730037861950704,paolo-laptop,smartwatts-formula
power_consumption,1704841329233000000,0.09538729206599669,paolo-laptop,smartwatts-formula
power_consumption,1704841330235000000,0.09297706242458234,paolo-laptop,smartwatts-formula
power_consumption,1704841331237000000,0.12108490720090848,paolo-laptop,smartwatts-formula
power_consumption,1704841332239000000,0.1219308387671033,paolo-laptop,smartwatts-formula
power_consumption,1704841333241000000,0.13231240503923286,paolo-laptop,smartwatts-formula
power_consumption,1704841334243000000,0.13132563730207103,paolo-laptop,smartwatts-formula
power_consumption,1704841335245000000,0.11111182372822186,paolo-laptop,smartwatts-formula
power_consumption,1704841336247000000,0.09763301782727328,paolo-laptop,smartwatts-formula
power_consumption,1704841337248000000,0.10421139065231999,paolo-laptop,smartwatts-formula
power_consumption,1704841338250000000,0.10684417706794334,paolo-laptop,smartwatts-formula
power_consumption,1704841339252000000,0.11752888214304133,paolo-laptop,smartwatts-formula
power_consumption,1704841340254000000,0.10845974797551716,paolo-laptop,smartwatts-formula
power_consumption,1704841341256000000,0.12795961554664273,paolo-laptop,smartwatts-formula
power_consumption,1704841342262000000,0.12077866784687377,paolo-laptop,smartwatts-formula
power_consumption,1704841343264000000,0.11085810540980451,paolo-laptop,smartwatts-formula
power_consumption,1704841344266000000,0.1158332461980381,paolo-laptop,smartwatts-formula
power_consumption,1704841345269000000,0.14330575775478993,paolo-laptop,smartwatts-formula
power_consumption,1704841346273000000,0.11633660941111068,paolo-laptop,smartwatts-formula
power_consumption,1704841347276000000,0.14481785884589837,paolo-laptop,smartwatts-formula
power_consumption,1704841348278000000,0.1244113267838038,paolo-laptop,smartwatts-formula
power_consumption,1704841349279000000,0.13080015312664814,paolo-laptop,smartwatts-formula
power_consumption,1704841350281000000,0.09713775803175158,paolo-laptop,smartwatts-formula
power_consumption,1704841351283000000,0.1550996104678194,paolo-laptop,smartwatts-formula
power_consumption,1704841352284000000,0.13470011203295357,paolo-laptop,smartwatts-formula
power_consumption,1704841353286000000,0.13550912667924087,paolo-laptop,smartwatts-formula
power_consumption,1704841354287000000,0.14112051285367605,paolo-laptop,smartwatts-formula
power_consumption,1704841355289000000,0.12347701532668238,paolo-laptop,smartwatts-formula
power_consumption,1704841356291000000,0.10127295021056194,paolo-laptop,smartwatts-formula
power_consumption,1704841357293000000,0.10021504082860012,paolo-laptop,smartwatts-formula
power_consumption,1704841358295000000,0.0991381261013784,paolo-laptop,smartwatts-formula
power_consumption,1704841359297000000,0.11073821927169526,paolo-laptop,smartwatts-formula
power_consumption,1704841360299000000,0.11814104966088296,paolo-laptop,smartwatts-formula
power_consumption,1704841361301000000,0.1221641795306766,paolo-laptop,smartwatts-formula
power_consumption,1704841362304000000,0.12531383847373015,paolo-laptop,smartwatts-formula
power_consumption,1704841363306000000,0.11846011098033742,paolo-laptop,smartwatts-formula
power_consumption,1704841364308000000,0.10819874804092049,paolo-laptop,smartwatts-formula
power_consumption,1704841365310000000,0.11760471554042207,paolo-laptop,smartwatts-formula
power_consumption,1704841366312000000,0.12015821591321683,paolo-laptop,smartwatts-formula
power_consumption,1704841367314000000,0.11356527687667113,paolo-laptop,smartwatts-formula
power_consumption,1704841368317000000,0.10389875662539366,paolo-laptop,smartwatts-formula
power_consumption,1704841369319000000,0.12400668221830391,paolo-laptop,smartwatts-formula
power_consumption,1704841371323000000,0.1183989069272119,paolo-laptop,smartwatts-formula
power_consumption,1704841375338000000,0.12008158135965394,paolo-laptop,smartwatts-formula
power_consumption,1704841376343000000,0.0911687841184019,paolo-laptop,smartwatts-formula
power_consumption,1704841377345000000,0.11419041727471946,paolo-laptop,smartwatts-formula
power_consumption,1704841378348000000,0.09592700603514201,paolo-laptop,smartwatts-formula
power_consumption,1704841379350000000,0.09671532460736862,paolo-laptop,smartwatts-formula
power_consumption,1704841380352000000,0.08899257271854497,paolo-laptop,smartwatts-formula
power_consumption,1704841381354000000,0.11823979049090974,paolo-laptop,smartwatts-formula
power_consumption,1704841382356000000,0.12038927111646305,paolo-laptop,smartwatts-formula
power_consumption,1704841383357000000,0.11948229662060895,paolo-laptop,smartwatts-formula
power_consumption,1704841384359000000,0.11857764472714957,paolo-laptop,smartwatts-formula
power_consumption,1704841387367000000,0.1281119779932446,paolo-laptop,smartwatts-formula
power_consumption,1704841388369000000,0.11950429283049108,paolo-laptop,smartwatts-formula
power_consumption,1704841396393000000,0.09713890062970683,paolo-laptop,smartwatts-formula
power_consumption,1704841397395000000,0.0895431339154519,paolo-laptop,smartwatts-formula
power_consumption,1704841398397000000,0.09940875451244241,paolo-laptop,smartwatts-formula
power_consumption,1704841399399000000,0.09138584422204618,paolo-laptop,smartwatts-formula
power_consumption,1704841400401000000,0.08667839666311085,paolo-laptop,smartwatts-formula
power_consumption,1704841401402000000,0.09580200016104595,paolo-laptop,smartwatts-formula
power_consumption,1704841402403000000,0.11652786092290557,paolo-laptop,smartwatts-formula
power_consumption,1704841403406000000,0.12925112831677057,paolo-laptop,smartwatts-formula
power_consumption,1704841404407000000,0.08636899434125567,paolo-laptop,smartwatts-formula
power_consumption,1704841405410000000,0.08627710497158848,paolo-laptop,smartwatts-formula
power_consumption,1704841406413000000,0.08287433586768855,paolo-laptop,smartwatts-formula
power_consumption,1704841407416000000,0.08264900970932051,paolo-laptop,smartwatts-formula
power_consumption,1704841408422000000,0.08303333336131094,paolo-laptop,smartwatts-formula
power_consumption,1704841409424000000,0.08815358306705978,paolo-laptop,smartwatts-formula
power_consumption,1704841410426000000,0.08643445218791583,paolo-laptop,smartwatts-formula
power_consumption,1704841411428000000,0.08536718329376171,paolo-laptop,smartwatts-formula
power_consumption,1704841412430000000,0.08978248100676191,paolo-laptop,smartwatts-formula
power_consumption,1704841413432000000,0.08242287509901988,paolo-laptop,smartwatts-formula
power_consumption,1704841414434000000,0.07958839301719252,paolo-laptop,smartwatts-formula
power_consumption,1704841415436000000,0.08846409217318826,paolo-laptop,smartwatts-formula
power_consumption,1704841416445000000,0.09105064272509669,paolo-laptop,smartwatts-formula
power_consumption,1704841417447000000,0.09213625370772269,paolo-laptop,smartwatts-formula
power_consumption,1704841418449000000,0.0800074778325384,paolo-laptop,smartwatts-formula
power_consumption,1704841419451000000,0.08347910224107966,paolo-laptop,smartwatts-formula
power_consumption,1704841420453000000,0.08085257220856173,paolo-laptop,smartwatts-formula
power_consumption,1704841421456000000,0.08012281096239748,paolo-laptop,smartwatts-formula
power_consumption,1704841422458000000,0.0858588720633944,paolo-laptop,smartwatts-formula
power_consumption,1704841423460000000,0.08030173820193764,paolo-laptop,smartwatts-formula
power_consumption,1704841424462000000,0.08055864503511864,paolo-laptop,smartwatts-formula
power_consumption,1704841427468000000,0.0833053523492145,paolo-laptop,smartwatts-formula
power_consumption,1704841431476000000,0.06137230223796983,paolo-laptop,smartwatts-formula
power_consumption,1704841436489000000,0.07141984162654258,paolo-laptop,smartwatts-formula
power_consumption,1704841439499000000,0.06091450443674876,paolo-laptop,smartwatts-formula
power_consumption,1704841440507000000,0.060974659846859125,paolo-laptop,smartwatts-formula
power_consumption,1704841441509000000,0.06181174843000538,paolo-laptop,smartwatts-formula
power_consumption,1704841442511000000,0.07532933764060118,paolo-laptop,smartwatts-formula
power_consumption,1704841443516000000,0.06477915969240261,paolo-laptop,smartwatts-formula
power_consumption,1704841444518000000,0.057408456151010735,paolo-laptop,smartwatts-formula
power_consumption,1704841445524000000,0.07259905089271504,paolo-laptop,smartwatts-formula
power_consumption,1704841446530000000,0.08181638487752566,paolo-laptop,smartwatts-formula
power_consumption,1704841447532000000,0.0806701584505471,paolo-laptop,smartwatts-formula
power_consumption,1704841448534000000,0.08126384503561712,paolo-laptop,smartwatts-formula
power_consumption,1704841449536000000,0.08347280346043849,paolo-laptop,smartwatts-formula
power_consumption,1704841450538000000,0.08302039003246872,paolo-laptop,smartwatts-formula
power_consumption,1704841451539000000,0.08814578832519998,paolo-laptop,smartwatts-formula
power_consumption,1704841452541000000,0.07839804450498464,paolo-laptop,smartwatts-formula
power_consumption,1704841453542000000,0.08512537063809514,paolo-laptop,smartwatts-formula
power_consumption,1704841454544000000,0.08015237753834546,paolo-laptop,smartwatts-formula
power_consumption,1704841455546000000,0.08830918467734605,paolo-laptop,smartwatts-formula
power_consumption,1704841456548000000,0.0839553991105332,paolo-laptop,smartwatts-formula
power_consumption,1704841457550000000,0.08641430560706753,paolo-laptop,smartwatts-formula
power_consumption,1704841458552000000,0.07820808138467131,paolo-laptop,smartwatts-formula
power_consumption,1704841463563000000,0.08618268717239982,paolo-laptop,smartwatts-formula
power_consumption,1704841464565000000,0.0871885337075749,paolo-laptop,smartwatts-formula
power_consumption,1704841467572000000,0.058302194158122544,paolo-laptop,smartwatts-formula
power_consumption,1704841468574000000,0.05785701212468928,paolo-laptop,smartwatts-formula
power_consumption,1704841469578000000,0.08579414220421264,paolo-laptop,smartwatts-formula
power_consumption,1704841471581000000,0.07191712089827662,paolo-laptop,smartwatts-formula
power_consumption,1704841472582000000,0.06088165006455638,paolo-laptop,smartwatts-formula
power_consumption,1704841473585000000,0.1226622728724194,paolo-laptop,smartwatts-formula
power_consumption,1704841475590000000,0.0949850126826472,paolo-laptop,smartwatts-formula
power_consumption,1704841476592000000,0.0723689911175289,paolo-laptop,smartwatts-formula
power_consumption,1704841477594000000,0.08919294264400665,paolo-laptop,smartwatts-formula
power_consumption,1704841478596000000,0.09741173499679234,paolo-laptop,smartwatts-formula
power_consumption,1704841479598000000,0.09699285308744478,paolo-laptop,smartwatts-formula
power_consumption,1704841480602000000,0.07605393102108726,paolo-laptop,smartwatts-formula
power_consumption,1704841481604000000,0.09060090470047501,paolo-laptop,smartwatts-formula
power_consumption,1704841482606000000,0.08898586402047062,paolo-laptop,smartwatts-formula
power_consumption,1704841483608000000,0.09133428848810435,paolo-laptop,smartwatts-formula
power_consumption,1704841484610000000,0.08812667727502613,paolo-laptop,smartwatts-formula
power_consumption,1704841485612000000,0.09481582494229401,paolo-laptop,smartwatts-formula
power_consumption,1704841491624000000,0.08761527341778075,paolo-laptop,smartwatts-formula
power_consumption,1704841492625000000,0.06650906567181789,paolo-laptop,smartwatts-formula
power_consumption,1704841493627000000,0.06327046668114149,paolo-laptop,smartwatts-formula
power_consumption,1704841495631000000,0.05826901088413772,paolo-laptop,smartwatts-formula
power_consumption,1704841496634000000,0.06541562317199141,paolo-laptop,smartwatts-formula
power_consumption,1704841501643000000,0.09695182974674783,paolo-laptop,smartwatts-formula
power_consumption,1704841502645000000,0.09626661111222551,paolo-laptop,smartwatts-formula
power_consumption,1704841503647000000,0.0698643861920456,paolo-laptop,smartwatts-formula
power_consumption,1704841504649000000,0.06727970954543998,paolo-laptop,smartwatts-formula
power_consumption,1704841505651000000,0.06915337285975048,paolo-laptop,smartwatts-formula
power_consumption,1704841506653000000,0.06485396970005622,paolo-laptop,smartwatts-formula
power_consumption,1704841507655000000,0.08805144389422864,paolo-laptop,smartwatts-formula
power_consumption,1704841517680000000,0.06725486132067965,paolo-laptop,smartwatts-formula
power_consumption,1704841518682000000,0.07391445974398264,paolo-laptop,smartwatts-formula
power_consumption,1704841520686000000,0.06656280388426256,paolo-laptop,smartwatts-formula
power_consumption,1704841521688000000,0.07202135089834868,paolo-laptop,smartwatts-formula
power_consumption,1704841522690000000,0.07496391767245575,paolo-laptop,smartwatts-formula
power_consumption,1704841523692000000,0.0813257110278969,paolo-laptop,smartwatts-formula
power_consumption,1704841524694000000,0.09545461466692395,paolo-laptop,smartwatts-formula
power_consumption,1704841525696000000,0.07253859951063368,paolo-laptop,smartwatts-formula
power_consumption,1704841526698000000,0.08666832460626574,paolo-laptop,smartwatts-formula
power_consumption,1704841527699000000,0.08805213789760852,paolo-laptop,smartwatts-formula
power_consumption,1704841528701000000,0.10134122089068444,paolo-laptop,smartwatts-formula
power_consumption,1704841529703000000,0.09616591942625285,paolo-laptop,smartwatts-formula
power_consumption,1704841530705000000,0.09140674098116762,paolo-laptop,smartwatts-formula
power_consumption,1704841531707000000,0.09569073710298986,paolo-laptop,smartwatts-formula
power_consumption,1704841532709000000,0.09584750433646004,paolo-laptop,smartwatts-formula
power_consumption,1704841533711000000,0.10053371882689177,paolo-laptop,smartwatts-formula
power_consumption,1704841534713000000,0.09435428190034192,paolo-laptop,smartwatts-formula
power_consumption,1704841535715000000,0.10088014123375907,paolo-laptop,smartwatts-formula
power_consumption,1704841536717000000,0.0985992835215798,paolo-laptop,smartwatts-formula
power_consumption,1704841537719000000,0.09610907515952175,paolo-laptop,smartwatts-formula
power_consumption,1704841538721000000,0.10048410254827725,paolo-laptop,smartwatts-formula
power_consumption,1704841539723000000,0.09827810580479732,paolo-laptop,smartwatts-formula
power_consumption,1704841540725000000,0.0942164996050712,paolo-laptop,smartwatts-formula
power_consumption,1704841541728000000,0.10260057693050881,paolo-laptop,smartwatts-formula
power_consumption,1704841543732000000,0.11226780724863378,paolo-laptop,smartwatts-formula
power_consumption,1704841544734000000,0.10469463723754877,paolo-laptop,smartwatts-formula
power_consumption,1704841545735000000,0.09562771077671103,paolo-laptop,smartwatts-formula
power_consumption,1704841546737000000,0.09635671175103515,paolo-laptop,smartwatts-formula
power_consumption,1704841550747000000,0.10136667989370682,paolo-laptop,smartwatts-formula
power_consumption,1704841551750000000,0.11964823822493934,paolo-laptop,smartwatts-formula
power_consumption,1704841554758000000,0.06710262708168216,paolo-laptop,smartwatts-formula
power_consumption,1704841555761000000,0.07674320622385072,paolo-laptop,smartwatts-formula
power_consumption,1704841556763000000,0.09000484884901222,paolo-laptop,smartwatts-formula
power_consumption,1704841557766000000,0.08681515528322253,paolo-laptop,smartwatts-formula
power_consumption,1704841558768000000,0.07565725595696182,paolo-laptop,smartwatts-formula
power_consumption,1704841559770000000,0.063241570421916,paolo-laptop,smartwatts-formula
power_consumption,1704841560773000000,0.08387835048874001,paolo-laptop,smartwatts-formula
power_consumption,1704841561776000000,0.09878109154273448,paolo-laptop,smartwatts-formula
power_consumption,1704841562778000000,0.0926520185428689,paolo-laptop,smartwatts-formula
power_consumption,1704841563781000000,0.09999366307730984,paolo-laptop,smartwatts-formula
power_consumption,1704841564783000000,0.09907386633040365,paolo-laptop,smartwatts-formula
power_consumption,1704841565785000000,0.10129844419010423,paolo-laptop,smartwatts-formula
power_consumption,1704841566788000000,0.09674619359330006,paolo-laptop,smartwatts-formula
power_consumption,1704841567790000000,0.09258111758761994,paolo-laptop,smartwatts-formula
power_consumption,1704841568794000000,0.09236820053707047,paolo-laptop,smartwatts-formula
power_consumption,1704841569797000000,0.09083428577872947,paolo-laptop,smartwatts-formula
power_consumption,1704841570798000000,0.10188295284129692,paolo-laptop,smartwatts-formula
power_consumption,1704841572802000000,0.11120792842186566,paolo-laptop,smartwatts-formula
power_consumption,1704841577811000000,0.07981179912103478,paolo-laptop,smartwatts-formula
power_consumption,1704841578814000000,0.0688331160884001,paolo-laptop,smartwatts-formula
power_consumption,1704841579815000000,0.07830125865606496,paolo-laptop,smartwatts-formula
power_consumption,1704841580818000000,0.0963473395841432,paolo-laptop,smartwatts-formula
power_consumption,1704841582822000000,0.09598949842583851,paolo-laptop,smartwatts-formula
power_consumption,1704841583823000000,0.09239022792181364,paolo-laptop,smartwatts-formula
power_consumption,1704841592854000000,0.053513839037122285,paolo-laptop,smartwatts-formula
power_consumption,1704841594860000000,0.04560330101214221,paolo-laptop,smartwatts-formula
power_consumption,1704841596866000000,0.04707421843108424,paolo-laptop,smartwatts-formula
power_consumption,1704841598870000000,0.11871939236638822,paolo-laptop,smartwatts-formula
power_consumption,1704841600877000000,0.08349725321139614,paolo-laptop,smartwatts-formula
power_consumption,1704841602882000000,0.09622490134281037,paolo-laptop,smartwatts-formula
power_consumption,1704841604886000000,0.09057561741556781,paolo-laptop,smartwatts-formula
power_consumption,1704841606895000000,0.07340235359960388,paolo-laptop,smartwatts-formula
power_consumption,1704841609908000000,0.06067855704176249,paolo-laptop,smartwatts-formula
power_consumption,1704841610910000000,0.08833815548068641,paolo-laptop,smartwatts-formula
power_consumption,1704841611913000000,0.08221782120184254,paolo-laptop,smartwatts-formula
power_consumption,1704841612915000000,0.061382792758092754,paolo-laptop,smartwatts-formula
power_consumption,1704841613918000000,0.06007965895040112,paolo-laptop,smartwatts-formula
power_consumption,1704841615921000000,0.08383040871899616,paolo-laptop,smartwatts-formula
power_consumption,1704841617924000000,0.12019992468931438,paolo-laptop,smartwatts-formula
power_consumption,1704841618926000000,0.07478279274185073,paolo-laptop,smartwatts-formula
power_consumption,1704841619927000000,0.09692973261655607,paolo-laptop,smartwatts-formula
power_consumption,1704841620929000000,0.07841542060376727,paolo-laptop,smartwatts-formula
power_consumption,1704841621931000000,0.10623484913943126,paolo-laptop,smartwatts-formula
power_consumption,1704841622933000000,0.0738982245938419,paolo-laptop,smartwatts-formula
power_consumption,1704841623935000000,0.08849143471969781,paolo-laptop,smartwatts-formula
power_consumption,1704841624936000000,0.15510792304180576,paolo-laptop,smartwatts-formula
power_consumption,1704841625938000000,0.09887464402852794,paolo-laptop,smartwatts-formula
power_consumption,1704841626939000000,0.1438732406922516,paolo-laptop,smartwatts-formula
power_consumption,1704841627941000000,0.10331820541745709,paolo-laptop,smartwatts-formula
power_consumption,1704841628942000000,0.09502516590132815,paolo-laptop,smartwatts-formula
power_consumption,1704841629944000000,0.0785314501438364,paolo-laptop,smartwatts-formula
power_consumption,1704841630946000000,0.1036206473901505,paolo-laptop,smartwatts-formula
power_consumption,1704841631950000000,0.10639910543592784,paolo-laptop,smartwatts-formula
power_consumption,1704841632954000000,0.098819833758677,paolo-laptop,smartwatts-formula
power_consumption,1704841634957000000,0.09852578075830012,paolo-laptop,smartwatts-formula
power_consumption,1704841635960000000,0.08010118561084341,paolo-laptop,smartwatts-formula
power_consumption,1704841636963000000,0.09995174530069759,paolo-laptop,smartwatts-formula
power_consumption,1704841638968000000,0.08812719460547154,paolo-laptop,smartwatts-formula
power_consumption,1704841639971000000,0.13924750321065077,paolo-laptop,smartwatts-formula
power_consumption,1704841641974000000,0.09406774835131929,paolo-laptop,smartwatts-formula
power_consumption,1704841642976000000,0.08341305261230783,paolo-laptop,smartwatts-formula
power_consumption,1704841643978000000,0.06769557252853269,paolo-laptop,smartwatts-formula
power_consumption,1704841644980000000,0.08953277371725304,paolo-laptop,smartwatts-formula
power_consumption,1704841645982000000,0.09975672199533528,paolo-laptop,smartwatts-formula
power_consumption,1704841646984000000,0.05178566542459985,paolo-laptop,smartwatts-formula
power_consumption,1704841648987000000,0.10671116966609072,paolo-laptop,smartwatts-formula
power_consumption,1704841649989000000,0.08925645069692592,paolo-laptop,smartwatts-formula
power_consumption,1704841650990000000,0.09111193210895294,paolo-laptop,smartwatts-formula
power_consumption,1704841651992000000,0.10953329461975658,paolo-laptop,smartwatts-formula
power_consumption,1704841652993000000,0.06848514078991072,paolo-laptop,smartwatts-formula
power_consumption,1704841653995000000,0.051492391146512884,paolo-laptop,smartwatts-formula
power_consumption,1704841654996000000,0.07154100244372169,paolo-laptop,smartwatts-formula
power_consumption,1704841657000000000,0.08171663472310282,paolo-laptop,smartwatts-formula
power_consumption,1704841658003000000,0.08973667368141795,paolo-laptop,smartwatts-formula
power_consumption,1704841659006000000,0.09113270799900158,paolo-laptop,smartwatts-formula
power_consumption,1704841660009000000,0.08120810474886261,paolo-laptop,smartwatts-formula
power_consumption,1704841661012000000,0.06550493938660412,paolo-laptop,smartwatts-formula
power_consumption,1704841662014000000,0.05383679871144607,paolo-laptop,smartwatts-formula
power_consumption,1704841664019000000,0.087032783214783,paolo-laptop,smartwatts-formula
power_consumption,1704841665021000000,0.09280553226543606,paolo-laptop,smartwatts-formula
power_consumption,1704841666026000000,0.1098533106143624,paolo-laptop,smartwatts-formula
power_consumption,1704841667030000000,0.07948331681963644,paolo-laptop,smartwatts-formula
power_consumption,1704841669034000000,0.07923455615642216,paolo-laptop,smartwatts-formula
power_consumption,1704841670035000000,0.1454584381893773,paolo-laptop,smartwatts-formula
power_consumption,1704841671037000000,0.09886406772212367,paolo-laptop,smartwatts-formula
power_consumption,1704841673041000000,0.0967110162033957,paolo-laptop,smartwatts-formula
power_consumption,1704841674042000000,0.07356078465756694,paolo-laptop,smartwatts-formula
power_consumption,1704841676048000000,0.12370311214372096,paolo-laptop,smartwatts-formula
power_consumption,1704841677052000000,0.09464787272586972,paolo-laptop,smartwatts-formula
power_consumption,1704841678054000000,0.061045394321571606,paolo-laptop,smartwatts-formula
power_consumption,1704841679057000000,0.11406931012115518,paolo-laptop,smartwatts-formula
power_consumption,1704841680060000000,0.10918798859323088,paolo-laptop,smartwatts-formula
power_consumption,1704841681061000000,0.07130045685756187,paolo-laptop,smartwatts-formula
power_consumption,1704841682065000000,0.07800276405452512,paolo-laptop,smartwatts-formula
power_consumption,1704841683067000000,0.07570682177057608,paolo-laptop,smartwatts-formula
power_consumption,1704841684071000000,0.14287274976383835,paolo-laptop,smartwatts-formula
power_consumption,1704841685073000000,0.06788405703837672,paolo-laptop,smartwatts-formula
power_consumption,1704841686075000000,0.10135619558729728,paolo-laptop,smartwatts-formula
power_consumption,1704841688080000000,0.1222757421298998,paolo-laptop,smartwatts-formula
power_consumption,1704841689082000000,0.10646658853131771,paolo-laptop,smartwatts-formula
power_consumption,1704841690085000000,0.10622118587600707,paolo-laptop,smartwatts-formula
power_consumption,1704841691087000000,0.09503032666524033,paolo-laptop,smartwatts-formula
power_consumption,1704841692089000000,0.11818267573035361,paolo-laptop,smartwatts-formula
power_consumption,1704841694094000000,0.15277108635635228,paolo-laptop,smartwatts-formula
power_consumption,1704841695096000000,0.10040398345336043,paolo-laptop,smartwatts-formula
power_consumption,1704841696103000000,0.10532866088901355,paolo-laptop,smartwatts-formula
power_consumption,1704841697107000000,0.06650811230368062,paolo-laptop,smartwatts-formula
power_consumption,1704841698109000000,0.10797927650251328,paolo-laptop,smartwatts-formula
power_consumption,1704841699110000000,0.0775947642540224,paolo-laptop,smartwatts-formula
power_consumption,1704841700112000000,0.08669502675658139,paolo-laptop,smartwatts-formula
power_consumption,1704841701115000000,0.12038062645670952,paolo-laptop,smartwatts-formula
power_consumption,1704841703120000000,0.07508022879479645,paolo-laptop,smartwatts-formula
power_consumption,1704841704122000000,0.11571848396079532,paolo-laptop,smartwatts-formula
power_consumption,1704841705123000000,0.11059315436660946,paolo-laptop,smartwatts-formula
power_consumption,1704841706127000000,0.09652456970767367,paolo-laptop,smartwatts-formula
power_consumption,1704841707128000000,0.1710094505223889,paolo-laptop,smartwatts-formula
power_consumption,1704841708130000000,0.08580638569531836,paolo-laptop,smartwatts-formula
power_consumption,1704841709131000000,0.09054481844318271,paolo-laptop,smartwatts-formula
power_consumption,1704841710133000000,0.11440793215120501,paolo-laptop,smartwatts-formula
power_consumption,1704841711135000000,0.0992569497883301,paolo-laptop,smartwatts-formula
power_consumption,1704841712136000000,0.10067340505637871,paolo-laptop,smartwatts-formula
power_consumption,1704841713138000000,0.09022759590337665,paolo-laptop,smartwatts-formula
power_consumption,1704841714140000000,0.10143449322018455,paolo-laptop,smartwatts-formula
power_consumption,1704841715142000000,0.10079483907614575,paolo-laptop,smartwatts-formula
power_consumption,1704841716150000000,0.09256659565153308,paolo-laptop,smartwatts-formula
power_consumption,1704841717152000000,0.11510630113214226,paolo-laptop,smartwatts-formula
power_consumption,1704841719155000000,0.14751277332541765,paolo-laptop,smartwatts-formula
power_consumption,1704841720158000000,0.07579335440207802,paolo-laptop,smartwatts-formula
power_consumption,1704841721160000000,0.09879901225467067,paolo-laptop,smartwatts-formula
power_consumption,1704841722163000000,0.10070463968092358,paolo-laptop,smartwatts-formula
power_consumption,1704841723165000000,0.10203731515384493,paolo-laptop,smartwatts-formula
power_consumption,1704841724167000000,0.07541424080342951,paolo-laptop,smartwatts-formula
power_consumption,1704841725170000000,0.08861554315054682,paolo-laptop,smartwatts-formula
power_consumption,1704841726172000000,0.10458282534231833,paolo-laptop,smartwatts-formula
power_consumption,1704841727175000000,0.11970213016240497,paolo-laptop,smartwatts-formula
power_consumption,1704841728177000000,0.11684913654634256,paolo-laptop,smartwatts-formula
power_consumption,1704841729178000000,0.10430304880167113,paolo-laptop,smartwatts-formula
power_consumption,1704841730180000000,0.09901843976479456,paolo-laptop,smartwatts-formula
power_consumption,1704841732190000000,0.06975004046241245,paolo-laptop,smartwatts-formula
power_consumption,1704841733192000000,0.06989905770009203,paolo-laptop,smartwatts-formula
power_consumption,1704841734196000000,0.09854571023892106,paolo-laptop,smartwatts-formula
power_consumption,1704841735199000000,0.10064441690926451,paolo-laptop,smartwatts-formula
power_consumption,1704841736201000000,0.09132025365659349,paolo-laptop,smartwatts-formula
power_consumption,1704841737203000000,0.07216643176751475,paolo-laptop,smartwatts-formula
power_consumption,1704841738205000000,0.09301340100646528,paolo-laptop,smartwatts-formula
power_consumption,1704841739211000000,0.09998006449281892,paolo-laptop,smartwatts-formula
power_consumption,1704841740213000000,0.09860374128158308,paolo-laptop,smartwatts-formula
power_consumption,1704841741215000000,0.10706473584861109,paolo-laptop,smartwatts-formula
power_consumption,1704841742218000000,0.10401449535081339,paolo-laptop,smartwatts-formula
power_consumption,1704841743221000000,0.09482901573936893,paolo-laptop,smartwatts-formula
power_consumption,1704841744225000000,0.10993099391764682,paolo-laptop,smartwatts-formula
power_consumption,1704841745226000000,0.10048598933154007,paolo-laptop,smartwatts-formula
power_consumption,1704841746228000000,0.09721420767807187,paolo-laptop,smartwatts-formula
power_consumption,1704841747230000000,0.12239421895761946,paolo-laptop,smartwatts-formula
power_consumption,1704841748232000000,0.13387883545255674,paolo-laptop,smartwatts-formula
power_consumption,1704841749234000000,0.11698242696091568,paolo-laptop,smartwatts-formula
power_consumption,1704841750236000000,0.12115314552846367,paolo-laptop,smartwatts-formula
power_consumption,1704841751238000000,0.1267656401774326,paolo-laptop,smartwatts-formula
power_consumption,1704841753243000000,0.09727602213826453,paolo-laptop,smartwatts-formula
power_consumption,1704841755250000000,0.07117541492042909,paolo-laptop,smartwatts-formula
power_consumption,1704841758258000000,0.08147883970485377,paolo-laptop,smartwatts-formula
power_consumption,1704841759260000000,0.10833835758557059,paolo-laptop,smartwatts-formula
power_consumption,1704841760261000000,0.07803492637729406,paolo-laptop,smartwatts-formula
power_consumption,1704841761263000000,0.1310819449330441,paolo-laptop,smartwatts-formula
power_consumption,1704841762266000000,0.10606041575323327,paolo-laptop,smartwatts-formula
power_consumption,1704841763268000000,0.051157879882877066,paolo-laptop,smartwatts-formula
power_consumption,1704841764269000000,0.09208670589364902,paolo-laptop,smartwatts-formula
power_consumption,1704841765271000000,0.09190722272169508,paolo-laptop,smartwatts-formula
power_consumption,1704841766273000000,0.09791055211125123,paolo-laptop,smartwatts-formula
power_consumption,1704841767275000000,0.09170270475811904,paolo-laptop,smartwatts-formula
power_consumption,1704841768277000000,0.08882428549236422,paolo-laptop,smartwatts-formula
power_consumption,1704841769282000000,0.09835088321951363,paolo-laptop,smartwatts-formula
power_consumption,1704841770288000000,0.09990891207354655,paolo-laptop,smartwatts-formula
power_consumption,1704841771290000000,0.08690934872466147,paolo-laptop,smartwatts-formula
power_consumption,1704841772294000000,0.08172491435083995,paolo-laptop,smartwatts-formula
power_consumption,1704841773297000000,0.08299781221914479,paolo-laptop,smartwatts-formula
power_consumption,1704841774301000000,0.11187905165579284,paolo-laptop,smartwatts-formula
power_consumption,1704841777308000000,0.11130342826585876,paolo-laptop,smartwatts-formula
power_consumption,1704841778311000000,0.12972837989871835,paolo-laptop,smartwatts-formula
power_consumption,1704841779312000000,0.0753998824964961,paolo-laptop,smartwatts-formula
power_consumption,1704841780314000000,0.13224405263563987,paolo-laptop,smartwatts-formula
power_consumption,1704841783323000000,0.0642622671777187,paolo-laptop,smartwatts-formula
power_consumption,1704841784328000000,0.08821441086627768,paolo-laptop,smartwatts-formula
power_consumption,1704841785331000000,0.09145869838848641,paolo-laptop,smartwatts-formula
power_consumption,1704841786332000000,0.09572275478234415,paolo-laptop,smartwatts-formula
power_consumption,1704841787338000000,0.0971671587620331,paolo-laptop,smartwatts-formula
power_consumption,1704841788340000000,0.05060811617753772,paolo-laptop,smartwatts-formula
power_consumption,1704841789341000000,0.12709886269738657,paolo-laptop,smartwatts-formula
power_consumption,1704841790343000000,0.0934689855270012,paolo-laptop,smartwatts-formula
power_consumption,1704841792347000000,0.16112488902194153,paolo-laptop,smartwatts-formula
power_consumption,1704841793348000000,0.10015788864778295,paolo-laptop,smartwatts-formula
power_consumption,1704841794349000000,0.21413861718904487,paolo-laptop,smartwatts-formula
power_consumption,1704841795351000000,0.14778003437539167,paolo-laptop,smartwatts-formula
power_consumption,1704841796352000000,0.10678725632353152,paolo-laptop,smartwatts-formula
power_consumption,1704841797356000000,0.07956042516917847,paolo-laptop,smartwatts-formula
power_consumption,1704841798357000000,0.06512960653604973,paolo-laptop,smartwatts-formula
power_consumption,1704841800362000000,0.10067575285086089,paolo-laptop,smartwatts-formula
power_consumption,1704841802366000000,0.23995260437901764,paolo-laptop,smartwatts-formula
power_consumption,1704841803369000000,0.07692289310137138,paolo-laptop,smartwatts-formula
power_consumption,1704841804371000000,0.0894696518294604,paolo-laptop,smartwatts-formula
power_consumption,1704841805372000000,0.19053293728863346,paolo-laptop,smartwatts-formula
power_consumption,1704841806375000000,0.08752359259225051,paolo-laptop,smartwatts-formula
power_consumption,1704841807377000000,0.06798283191632734,paolo-laptop,smartwatts-formula
power_consumption,1704841808382000000,0.06571151716309802,paolo-laptop,smartwatts-formula
power_consumption,1704841810387000000,0.3781798507188753,paolo-laptop,smartwatts-formula
power_consumption,1704841811390000000,0.13498772418243657,paolo-laptop,smartwatts-formula
power_consumption,1704841812392000000,0.08650752920823979,paolo-laptop,smartwatts-formula
power_consumption,1704841813398000000,0.09393592583599253,paolo-laptop,smartwatts-formula
power_consumption,1704841815407000000,0.059466042748141205,paolo-laptop,smartwatts-formula
power_consumption,1704841816409000000,0.0928780367549549,paolo-laptop,smartwatts-formula
power_consumption,1704841817411000000,0.10824528730606042,paolo-laptop,smartwatts-formula
power_consumption,1704841818413000000,0.11955883755951109,paolo-laptop,smartwatts-formula
power_consumption,1704841819415000000,0.08653544923268758,paolo-laptop,smartwatts-formula
power_consumption,1704841820417000000,0.07726135717067235,paolo-laptop,smartwatts-formula
power_consumption,1704841821423000000,0.09150179351150808,paolo-laptop,smartwatts-formula
power_consumption,1704841822427000000,0.10332237327819183,paolo-laptop,smartwatts-formula
power_consumption,1704841823430000000,0.14295066163112258,paolo-laptop,smartwatts-formula
power_consumption,1704841824432000000,0.06966948807036137,paolo-laptop,smartwatts-formula
power_consumption,1704841825433000000,0.09849616712177273,paolo-laptop,smartwatts-formula
power_consumption,1704841826435000000,0.10079921960124913,paolo-laptop,smartwatts-formula
power_consumption,1704841827436000000,0.102109559542128,paolo-laptop,smartwatts-formula
power_consumption,1704841828438000000,0.09246806740023172,paolo-laptop,smartwatts-formula
power_consumption,1704841829440000000,0.1110989182169699,paolo-laptop,smartwatts-formula
power_consumption,1704841830442000000,0.09408610468601872,paolo-laptop,smartwatts-formula
power_consumption,1704841831444000000,0.10112485618072749,paolo-laptop,smartwatts-formula
power_consumption,1704841832446000000,0.09538469791568749,paolo-laptop,smartwatts-formula
power_consumption,1704841833447000000,0.09744472010673863,paolo-laptop,smartwatts-formula
power_consumption,1704841834449000000,0.09222375821068732,paolo-laptop,smartwatts-formula
power_consumption,1704841835453000000,0.1178141501487182,paolo-laptop,smartwatts-formula
power_consumption,1704841837458000000,0.1024015259592156,paolo-laptop,smartwatts-formula
power_consumption,1704841838460000000,0.0984789592401438,paolo-laptop,smartwatts-formula
power_consumption,1704841840468000000,0.07205086777183792,paolo-laptop,smartwatts-formula
power_consumption,1704841841471000000,0.15289368248127547,paolo-laptop,smartwatts-formula
power_consumption,1704841842473000000,0.08306687492213569,paolo-laptop,smartwatts-formula
power_consumption,1704841844477000000,0.0947325732041985,paolo-laptop,smartwatts-formula
power_consumption,1704841845478000000,0.07297775722682343,paolo-laptop,smartwatts-formula
power_consumption,1704841846480000000,0.0836172219352404,paolo-laptop,smartwatts-formula
power_consumption,1704841847481000000,0.11365652484811117,paolo-laptop,smartwatts-formula
power_consumption,1704841848483000000,0.10701074642312275,paolo-laptop,smartwatts-formula
power_consumption,1704841849486000000,0.07241664431497821,paolo-laptop,smartwatts-formula
power_consumption,1704841850488000000,0.10113711646158036,paolo-laptop,smartwatts-formula
power_consumption,1704841851490000000,0.09274615414827261,paolo-laptop,smartwatts-formula
power_consumption,1704841852491000000,0.10928664828552076,paolo-laptop,smartwatts-formula
power_consumption,1704841853493000000,0.09035345603930504,paolo-laptop,smartwatts-formula
power_consumption,1704841854497000000,0.09959198286079854,paolo-laptop,smartwatts-formula
power_consumption,1704841855498000000,0.10642310344476566,paolo-laptop,smartwatts-formula
power_consumption,1704841856500000000,0.10837183791910181,paolo-laptop,smartwatts-formula
power_consumption,1704841857502000000,0.10913565885719798,paolo-laptop,smartwatts-formula
power_consumption,1704841858503000000,0.08952549852160517,paolo-laptop,smartwatts-formula
power_consumption,1704841859505000000,0.10518901314948563,paolo-laptop,smartwatts-formula
power_consumption,1704841860507000000,0.10486604289459983,paolo-laptop,smartwatts-formula
power_consumption,1704841861509000000,0.09751183244060034,paolo-laptop,smartwatts-formula
power_consumption,1704841862512000000,0.09356741855333454,paolo-laptop,smartwatts-formula
power_consumption,1704841863514000000,0.12708541193671777,paolo-laptop,smartwatts-formula
power_consumption,1704841864516000000,0.09122044418510242,paolo-laptop,smartwatts-formula
power_consumption,1704841865518000000,0.09828227370094436,paolo-laptop,smartwatts-formula
power_consumption,1704841866520000000,0.09073907628097252,paolo-laptop,smartwatts-formula
power_consumption,1704841867521000000,0.09653588663773736,paolo-laptop,smartwatts-formula
power_consumption,1704841868523000000,0.11940189444681037,paolo-laptop,smartwatts-formula
power_consumption,1704841869524000000,0.11386275547165607,paolo-laptop,smartwatts-formula
power_consumption,1704841870526000000,0.07870658836641016,paolo-laptop,smartwatts-formula
power_consumption,1704841871527000000,0.15294800501468087,paolo-laptop,smartwatts-formula
power_consumption,1704841872528000000,0.1021948295364355,paolo-laptop,smartwatts-formula
power_consumption,1704841874533000000,0.10689812151462758,paolo-laptop,smartwatts-formula
power_consumption,1704841875535000000,0.21005793148219157,paolo-laptop,smartwatts-formula
power_consumption,1704841876537000000,0.10071460501465579,paolo-laptop,smartwatts-formula
power_consumption,1704841877539000000,0.1144547828288447,paolo-laptop,smartwatts-formula
power_consumption,1704841878540000000,0.12236326715519709,paolo-laptop,smartwatts-formula
power_consumption,1704841879542000000,0.06834829517395502,paolo-laptop,smartwatts-formula
power_consumption,1704841880545000000,0.13187040048176735,paolo-laptop,smartwatts-formula
power_consumption,1704841881547000000,0.07038539960976375,paolo-laptop,smartwatts-formula
power_consumption,1704841882550000000,0.15692389654094363,paolo-laptop,smartwatts-formula
power_consumption,1704841883551000000,0.15477196992316095,paolo-laptop,smartwatts-formula
power_consumption,1704841885557000000,0.22461550301447397,paolo-laptop,smartwatts-formula
power_consumption,1704841888567000000,0.10753010273510147,paolo-laptop,smartwatts-formula
power_consumption,1704841889569000000,0.10899689478574164,paolo-laptop,smartwatts-formula
power_consumption,1704841890573000000,0.09466460278187855,paolo-laptop,smartwatts-formula
power_consumption,1704841892576000000,0.06116013820007635,paolo-laptop,smartwatts-formula
power_consumption,1704841894582000000,0.1503843327875289,paolo-laptop,smartwatts-formula
power_consumption,1704841895586000000,0.10823597737914115,paolo-laptop,smartwatts-formula
power_consumption,1704841896589000000,0.11403224202228603,paolo-laptop,smartwatts-formula
power_consumption,1704841897592000000,0.1437190140486096,paolo-laptop,smartwatts-formula
power_consumption,1704841898594000000,0.07096100089182833,paolo-laptop,smartwatts-formula
power_consumption,1704841899597000000,0.09939111460503121,paolo-laptop,smartwatts-formula
power_consumption,1704841901603000000,0.07136817136145568,paolo-laptop,smartwatts-formula
power_consumption,1704841902605000000,0.11022341574999736,paolo-laptop,smartwatts-formula
power_consumption,1704841903608000000,0.09236728935721725,paolo-laptop,smartwatts-formula
power_consumption,1704841904613000000,0.1182338076475091,paolo-laptop,smartwatts-formula
power_consumption,1704841905617000000,0.2307065601612295,paolo-laptop,smartwatts-formula
power_consumption,1704841907624000000,0.23648786960744136,paolo-laptop,smartwatts-formula
power_consumption,1704841908625000000,0.22116924214120282,paolo-laptop,smartwatts-formula
power_consumption,1704841909629000000,0.23220182514249754,paolo-laptop,smartwatts-formula
power_consumption,1704841910633000000,0.07051298501314049,paolo-laptop,smartwatts-formula
power_consumption,1704841911636000000,0.2547944066633231,paolo-laptop,smartwatts-formula
power_consumption,1704841912639000000,0.0537070629420277,paolo-laptop,smartwatts-formula
power_consumption,1704841913641000000,0.07895365916198446,paolo-laptop,smartwatts-formula
power_consumption,1704841914642000000,0.10573793820251438,paolo-laptop,smartwatts-formula
power_consumption,1704841915646000000,0.2236380389548666,paolo-laptop,smartwatts-formula
power_consumption,1704841916648000000,0.11839661659908612,paolo-laptop,smartwatts-formula
power_consumption,1704841917651000000,0.0920724914585774,paolo-laptop,smartwatts-formula
power_consumption,1704841918654000000,0.3520620194195605,paolo-laptop,smartwatts-formula
power_consumption,1704841919656000000,0.06979439040772141,paolo-laptop,smartwatts-formula
power_consumption,1704841922667000000,0.06938859226702346,paolo-laptop,smartwatts-formula
power_consumption,1704841923669000000,0.1608891633305561,paolo-laptop,smartwatts-formula
power_consumption,1704841924671000000,0.10589291228429835,paolo-laptop,smartwatts-formula
power_consumption,1704841925672000000,0.07578262356339034,paolo-laptop,smartwatts-formula
power_consumption,1704841926674000000,0.09108113735048781,paolo-laptop,smartwatts-formula
power_consumption,1704841927678000000,0.0670918164703104,paolo-laptop,smartwatts-formula
power_consumption,1704841929681000000,0.08614803497155529,paolo-laptop,smartwatts-formula
power_consumption,1704841930685000000,0.23730488543720765,paolo-laptop,smartwatts-formula
power_consumption,1704841931687000000,0.09092964678520934,paolo-laptop,smartwatts-formula
power_consumption,1704841932689000000,0.07356765296122468,paolo-laptop,smartwatts-formula
power_consumption,1704841933691000000,0.0873329004981537,paolo-laptop,smartwatts-formula
power_consumption,1704841935694000000,0.09025425546328346,paolo-laptop,smartwatts-formula
power_consumption,1704841936695000000,0.07463049329079569,paolo-laptop,smartwatts-formula
power_consumption,1704841937697000000,0.0714562020579773,paolo-laptop,smartwatts-formula
power_consumption,1704841938698000000,0.22102606381275047,paolo-laptop,smartwatts-formula
power_consumption,1704841939700000000,0.08469354128354384,paolo-laptop,smartwatts-formula
power_consumption,1704841940706000000,0.052768465796292095,paolo-laptop,smartwatts-formula
power_consumption,1704841941708000000,0.1510829498553028,paolo-laptop,smartwatts-formula
power_consumption,1704841942710000000,0.10492961744614732,paolo-laptop,smartwatts-formula
power_consumption,1704841943714000000,0.0847427450039828,paolo-laptop,smartwatts-formula
power_consumption,1704841944715000000,0.07005545244595639,paolo-laptop,smartwatts-formula
power_consumption,1704841945716000000,0.13578952236971759,paolo-laptop,smartwatts-formula
power_consumption,1704841946718000000,0.1000233060099955,paolo-laptop,smartwatts-formula
power_consumption,1704841947720000000,0.09058943066423347,paolo-laptop,smartwatts-formula
power_consumption,1704841948722000000,0.09448571991373966,paolo-laptop,smartwatts-formula
power_consumption,1704841949724000000,0.08769682672272121,paolo-laptop,smartwatts-formula
power_consumption,1704841950726000000,0.09959119184480417,paolo-laptop,smartwatts-formula
power_consumption,1704841951728000000,0.09505825897464469,paolo-laptop,smartwatts-formula
power_consumption,1704841952730000000,0.09470921445292999,paolo-laptop,smartwatts-formula
power_consumption,1704841953731000000,0.09881801720210034,paolo-laptop,smartwatts-formula
power_consumption,1704841954736000000,0.09343976307304226,paolo-laptop,smartwatts-formula
power_consumption,1704841955738000000,0.09469816260905649,paolo-laptop,smartwatts-formula
power_consumption,1704841956743000000,0.09148949369403275,paolo-laptop,smartwatts-formula
power_consumption,1704841957745000000,0.09964830145943246,paolo-laptop,smartwatts-formula
power_consumption,1704841958748000000,0.09733054071831257,paolo-laptop,smartwatts-formula
power_consumption,1704841959752000000,0.11462506083320514,paolo-laptop,smartwatts-formula
power_consumption,1704841960753000000,0.0999600985854442,paolo-laptop,smartwatts-formula
power_consumption,1704841961755000000,0.1093862114061473,paolo-laptop,smartwatts-formula
power_consumption,1704841962757000000,0.10334034501904137,paolo-laptop,smartwatts-formula
power_consumption,1704841963759000000,0.09797666744184724,paolo-laptop,smartwatts-formula
power_consumption,1704841964761000000,0.09279774571614263,paolo-laptop,smartwatts-formula
power_consumption,1704841965763000000,0.09345464264177047,paolo-laptop,smartwatts-formula
power_consumption,1704841966765000000,0.100299679361,paolo-laptop,smartwatts-formula
power_consumption,1704841967766000000,0.08973359594372024,paolo-laptop,smartwatts-formula
power_consumption,1704841968768000000,0.09777472977926728,paolo-laptop,smartwatts-formula
power_consumption,1704841969770000000,0.09326038425588674,paolo-laptop,smartwatts-formula
power_consumption,1704841970774000000,0.1211454473709701,paolo-laptop,smartwatts-formula
power_consumption,1704841971777000000,0.22683609151813602,paolo-laptop,smartwatts-formula
power_consumption,1704841972779000000,0.34644593803505236,paolo-laptop,smartwatts-formula
power_consumption,1704841973780000000,0.09879152566476536,paolo-laptop,smartwatts-formula
power_consumption,1704841974785000000,0.10330700473712763,paolo-laptop,smartwatts-formula
power_consumption,1704841976789000000,0.22565082265780562,paolo-laptop,smartwatts-formula
power_consumption,1704841977790000000,0.1005879955516385,paolo-laptop,smartwatts-formula
power_consumption,1704841978792000000,0.10203706654781589,paolo-laptop,smartwatts-formula
power_consumption,1704841979797000000,0.1358002709404714,paolo-laptop,smartwatts-formula
power_consumption,1704841981802000000,0.22063075818899908,paolo-laptop,smartwatts-formula
power_consumption,1704841982803000000,0.12880478349048413,paolo-laptop,smartwatts-formula
power_consumption,1704841983807000000,0.15767642859204903,paolo-laptop,smartwatts-formula
power_consumption,1704841985813000000,0.12508477591563666,paolo-laptop,smartwatts-formula
power_consumption,1704841986814000000,0.0937991500674496,paolo-laptop,smartwatts-formula
power_consumption,1704841987817000000,0.2269803017345374,paolo-laptop,smartwatts-formula
power_consumption,1704841989821000000,0.11751448270442032,paolo-laptop,smartwatts-formula
power_consumption,1704841990822000000,0.07763354421179713,paolo-laptop,smartwatts-formula
power_consumption,1704841991826000000,0.13947645335954206,paolo-laptop,smartwatts-formula
power_consumption,1704841993833000000,0.34120959793464084,paolo-laptop,smartwatts-formula
power_consumption,1704841994835000000,0.07769696882732585,paolo-laptop,smartwatts-formula
power_consumption,1704841995837000000,0.09175884887792185,paolo-laptop,smartwatts-formula
power_consumption,1704841996840000000,0.092768652129506,paolo-laptop,smartwatts-formula
power_consumption,1704841997842000000,0.1023862946504279,paolo-laptop,smartwatts-formula
power_consumption,1704841998845000000,0.06985536960041117,paolo-laptop,smartwatts-formula
power_consumption,1704841999849000000,0.22701234843512474,paolo-laptop,smartwatts-formula
power_consumption,1704842000850000000,0.07185892319535783,paolo-laptop,smartwatts-formula
power_consumption,1704842001853000000,0.09964858148780517,paolo-laptop,smartwatts-formula
power_consumption,1704842002855000000,0.10076673243063985,paolo-laptop,smartwatts-formula
power_consumption,1704842003857000000,0.09588641927801683,paolo-laptop,smartwatts-formula
power_consumption,1704842004859000000,0.08936308027994738,paolo-laptop,smartwatts-formula
power_consumption,1704842005861000000,0.09339594064263326,paolo-laptop,smartwatts-formula
power_consumption,1704842006864000000,0.0911395148985901,paolo-laptop,smartwatts-formula
power_consumption,1704842007866000000,0.0941401081541921,paolo-laptop,smartwatts-formula
power_consumption,1704842008868000000,0.0875228378686026,paolo-laptop,smartwatts-formula
power_consumption,1704842009874000000,0.09657061530301611,paolo-laptop,smartwatts-formula
power_consumption,1704842010876000000,0.09470261923975766,paolo-laptop,smartwatts-formula
power_consumption,1704842012881000000,0.2350481345510691,paolo-laptop,smartwatts-formula
power_consumption,1704842013882000000,0.09214492489622772,paolo-laptop,smartwatts-formula
power_consumption,1704842014883000000,0.20193999373888633,paolo-laptop,smartwatts-formula
power_consumption,1704842015886000000,0.20140234881965308,paolo-laptop,smartwatts-formula
power_consumption,1704842016889000000,0.1053163497829584,paolo-laptop,smartwatts-formula
power_consumption,1704842017890000000,0.06957189854034976,paolo-laptop,smartwatts-formula
power_consumption,1704842018894000000,0.06270471216663233,paolo-laptop,smartwatts-formula
power_consumption,1704842019897000000,0.07166128467371612,paolo-laptop,smartwatts-formula
power_consumption,1704842020900000000,0.13119845916992132,paolo-laptop,smartwatts-formula
power_consumption,1704842021902000000,0.10490091306375979,paolo-laptop,smartwatts-formula
power_consumption,1704842022905000000,0.10788324288049075,paolo-laptop,smartwatts-formula
power_consumption,1704842023909000000,0.07321892055161035,paolo-laptop,smartwatts-formula
power_consumption,1704842024911000000,0.10101588122163405,paolo-laptop,smartwatts-formula
power_consumption,1704842025912000000,0.08826735109563069,paolo-laptop,smartwatts-formula
power_consumption,1704842026916000000,0.18616635223525857,paolo-laptop,smartwatts-formula
power_consumption,1704842027922000000,0.1017583275512236,paolo-laptop,smartwatts-formula
power_consumption,1704842028926000000,0.0687336189498837,paolo-laptop,smartwatts-formula
power_consumption,1704842029931000000,0.09858221396210401,paolo-laptop,smartwatts-formula
power_consumption,1704842030936000000,0.13919501135588533,paolo-laptop,smartwatts-formula
power_consumption,1704842031941000000,0.12661241192744627,paolo-laptop,smartwatts-formula
power_consumption,1704842032944000000,0.17297513896251338,paolo-laptop,smartwatts-formula
power_consumption,1704842033948000000,0.26783830919563756,paolo-laptop,smartwatts-formula
power_consumption,1704842035952000000,0.09047448890999758,paolo-laptop,smartwatts-formula
power_consumption,1704842036953000000,0.0794125882541429,paolo-laptop,smartwatts-formula
power_consumption,1704842037957000000,0.10700252995798928,paolo-laptop,smartwatts-formula
power_consumption,1704842038960000000,0.09119885575755438,paolo-laptop,smartwatts-formula
power_consumption,1704842039963000000,0.06923856777622155,paolo-laptop,smartwatts-formula
power_consumption,1704842040965000000,0.0653993926029798,paolo-laptop,smartwatts-formula
power_consumption,1704842042972000000,0.21020093300603357,paolo-laptop,smartwatts-formula
power_consumption,1704842043976000000,0.11889626718601184,paolo-laptop,smartwatts-formula
power_consumption,1704842044979000000,0.23127289271847706,paolo-laptop,smartwatts-formula
power_consumption,1704842045981000000,0.0971263440956835,paolo-laptop,smartwatts-formula
power_consumption,1704842046983000000,0.09037143309928253,paolo-laptop,smartwatts-formula
power_consumption,1704842047985000000,0.07592389040244918,paolo-laptop,smartwatts-formula
power_consumption,1704842048989000000,0.08595637132779217,paolo-laptop,smartwatts-formula
power_consumption,1704842049990000000,0.1061341224832048,paolo-laptop,smartwatts-formula
power_consumption,1704842050992000000,0.10732487735890603,paolo-laptop,smartwatts-formula
power_consumption,1704842051994000000,0.0942136754310592,paolo-laptop,smartwatts-formula
power_consumption,1704842052998000000,0.1227044643036148,paolo-laptop,smartwatts-formula
power_consumption,1704842054000000000,0.07117363625833543,paolo-laptop,smartwatts-formula
power_consumption,1704842055004000000,0.07709688475699096,paolo-laptop,smartwatts-formula
power_consumption,1704842056008000000,0.11672426240384542,paolo-laptop,smartwatts-formula
power_consumption,1704842058013000000,0.10100480193310606,paolo-laptop,smartwatts-formula
power_consumption,1704842059016000000,0.12228081412439698,paolo-laptop,smartwatts-formula
power_consumption,1704842060018000000,0.09941312159885977,paolo-laptop,smartwatts-formula
power_consumption,1704842061019000000,0.13705579347120622,paolo-laptop,smartwatts-formula
power_consumption,1704842062023000000,0.11589401062315477,paolo-laptop,smartwatts-formula
power_consumption,1704842063026000000,0.07554508127840509,paolo-laptop,smartwatts-formula
power_consumption,1704842064030000000,0.09907715092777936,paolo-laptop,smartwatts-formula
power_consumption,1704842065034000000,0.24710690819029768,paolo-laptop,smartwatts-formula
power_consumption,1704842066042000000,0.5553133107145066,paolo-laptop,smartwatts-formula
power_consumption,1704842067045000000,0.09458345366803449,paolo-laptop,smartwatts-formula
power_consumption,1704842068047000000,0.08782712351284969,paolo-laptop,smartwatts-formula
power_consumption,1704842069049000000,0.08363920033311165,paolo-laptop,smartwatts-formula
power_consumption,1704842070051000000,0.08930480590793852,paolo-laptop,smartwatts-formula
power_consumption,1704842071053000000,0.09598011707471829,paolo-laptop,smartwatts-formula
power_consumption,1704842072055000000,0.12574722551744333,paolo-laptop,smartwatts-formula
power_consumption,1704842073057000000,0.08169376207706382,paolo-laptop,smartwatts-formula
power_consumption,1704842074060000000,0.23614746350481605,paolo-laptop,smartwatts-formula
power_consumption,1704842075062000000,0.5777018790629099,paolo-laptop,smartwatts-formula
power_consumption,1704842076063000000,0.10723811122341684,paolo-laptop,smartwatts-formula
power_consumption,1704842077065000000,0.08627814180424179,paolo-laptop,smartwatts-formula
power_consumption,1704842078067000000,0.07936174455047523,paolo-laptop,smartwatts-formula
power_consumption,1704842079069000000,0.0876140613336803,paolo-laptop,smartwatts-formula
power_consumption,1704842080071000000,0.0823212951392017,paolo-laptop,smartwatts-formula
power_consumption,1704842081073000000,0.09038618341215232,paolo-laptop,smartwatts-formula
power_consumption,1704842082075000000,0.09789444124182714,paolo-laptop,smartwatts-formula
power_consumption,1704842083079000000,0.085082276778323,paolo-laptop,smartwatts-formula
power_consumption,1704842084081000000,0.0861621715604177,paolo-laptop,smartwatts-formula
power_consumption,1704842085084000000,0.08378559657274184,paolo-laptop,smartwatts-formula
power_consumption,1704842086086000000,0.09741546675858143,paolo-laptop,smartwatts-formula
power_consumption,1704842087088000000,0.10244528825300209,paolo-laptop,smartwatts-formula
power_consumption,1704842088090000000,0.1740580350005577,paolo-laptop,smartwatts-formula
power_consumption,1704842089092000000,0.07804539254883232,paolo-laptop,smartwatts-formula
power_consumption,1704842090094000000,0.2055463909706794,paolo-laptop,smartwatts-formula
power_consumption,1704842091095000000,0.06883713435041014,paolo-laptop,smartwatts-formula
power_consumption,1704842092097000000,0.15175626497751038,paolo-laptop,smartwatts-formula
power_consumption,1704842093099000000,0.129735482739555,paolo-laptop,smartwatts-formula
power_consumption,1704842094103000000,0.11133575860342579,paolo-laptop,smartwatts-formula
power_consumption,1704842095104000000,0.21012888162068893,paolo-laptop,smartwatts-formula
power_consumption,1704842096106000000,0.133686714189927,paolo-laptop,smartwatts-formula
power_consumption,1704842097111000000,0.14303376799608541,paolo-laptop,smartwatts-formula
power_consumption,1704842098119000000,0.13312898921035765,paolo-laptop,smartwatts-formula
power_consumption,1704842099121000000,0.06913007239535238,paolo-laptop,smartwatts-formula
power_consumption,1704842100125000000,0.06761018136156216,paolo-laptop,smartwatts-formula
power_consumption,1704842101128000000,0.06889363956305403,paolo-laptop,smartwatts-formula
power_consumption,1704842102131000000,0.09859356448011866,paolo-laptop,smartwatts-formula
power_consumption,1704842103135000000,0.09905097829986366,paolo-laptop,smartwatts-formula
power_consumption,1704842104138000000,0.1325355258420179,paolo-laptop,smartwatts-formula
power_consumption,1704842105142000000,0.11548180347542787,paolo-laptop,smartwatts-formula
power_consumption,1704842106144000000,0.11233668137456507,paolo-laptop,smartwatts-formula
power_consumption,1704842107146000000,0.08959022250090551,paolo-laptop,smartwatts-formula
power_consumption,1704842108148000000,0.09975370310183575,paolo-laptop,smartwatts-formula
power_consumption,1704842109152000000,0.23309857288514424,paolo-laptop,smartwatts-formula
power_consumption,1704842110156000000,0.0809039514081986,paolo-laptop,smartwatts-formula
power_consumption,1704842111157000000,0.08834711361105033,paolo-laptop,smartwatts-formula
power_consumption,1704842112159000000,0.09293556593954243,paolo-laptop,smartwatts-formula
power_consumption,1704842113163000000,0.09733371914868807,paolo-laptop,smartwatts-formula
power_consumption,1704842114167000000,0.23208993638284175,paolo-laptop,smartwatts-formula
power_consumption,1704842115168000000,0.0680647750443412,paolo-laptop,smartwatts-formula
power_consumption,1704842116169000000,0.10693659776210518,paolo-laptop,smartwatts-formula
power_consumption,1704842117171000000,0.09763167057037916,paolo-laptop,smartwatts-formula
power_consumption,1704842118172000000,0.1230920721867236,paolo-laptop,smartwatts-formula
power_consumption,1704842119174000000,0.11206613374383417,paolo-laptop,smartwatts-formula
power_consumption,1704842120176000000,0.09421105103968447,paolo-laptop,smartwatts-formula
power_consumption,1704842121178000000,0.09930032268458092,paolo-laptop,smartwatts-formula
power_consumption,1704842122179000000,0.0953798196801542,paolo-laptop,smartwatts-formula
power_consumption,1704842123182000000,0.09021059594384392,paolo-laptop,smartwatts-formula
power_consumption,1704842124184000000,0.10726709418248533,paolo-laptop,smartwatts-formula
power_consumption,1704842125186000000,0.09176795644114794,paolo-laptop,smartwatts-formula
power_consumption,1704842126188000000,0.10741953522615547,paolo-laptop,smartwatts-formula
power_consumption,1704842127190000000,0.09394147760671434,paolo-laptop,smartwatts-formula
power_consumption,1704842128191000000,0.10304554756536935,paolo-laptop,smartwatts-formula
power_consumption,1704842129193000000,0.09701892056324443,paolo-laptop,smartwatts-formula
power_consumption,1704842130194000000,0.10176441579039067,paolo-laptop,smartwatts-formula
power_consumption,1704842131196000000,0.11435082130842265,paolo-laptop,smartwatts-formula
power_consumption,1704842132198000000,0.09440828384553318,paolo-laptop,smartwatts-formula
power_consumption,1704842133199000000,0.10147872966082058,paolo-laptop,smartwatts-formula
power_consumption,1704842134201000000,0.09499788061781772,paolo-laptop,smartwatts-formula
power_consumption,1704842135203000000,0.10630531088594736,paolo-laptop,smartwatts-formula
power_consumption,1704842136207000000,0.09701856288851826,paolo-laptop,smartwatts-formula
power_consumption,1704842137209000000,0.2229947637575907,paolo-laptop,smartwatts-formula
power_consumption,1704842139215000000,0.10373140395559763,paolo-laptop,smartwatts-formula
power_consumption,1704842140218000000,0.08907259054838551,paolo-laptop,smartwatts-formula
power_consumption,1704842141220000000,0.08895038857654125,paolo-laptop,smartwatts-formula
power_consumption,1704842142222000000,0.1025888781067249,paolo-laptop,smartwatts-formula
power_consumption,1704842143224000000,0.09730113067167778,paolo-laptop,smartwatts-formula
power_consumption,1704842144226000000,0.07046735539720697,paolo-laptop,smartwatts-formula
power_consumption,1704842145231000000,0.07258805465898055,paolo-laptop,smartwatts-formula
power_consumption,1704842146235000000,0.12428004172956932,paolo-laptop,smartwatts-formula
power_consumption,1704842147239000000,0.22820857400386904,paolo-laptop,smartwatts-formula
power_consumption,1704842148242000000,0.0690903849482746,paolo-laptop,smartwatts-formula
power_consumption,1704842149245000000,0.0976126113517242,paolo-laptop,smartwatts-formula
power_consumption,1704842150246000000,0.06848648484239866,paolo-laptop,smartwatts-formula
power_consumption,1704842151248000000,0.21348789179690722,paolo-laptop,smartwatts-formula
power_consumption,1704842152249000000,0.12757952845803988,paolo-laptop,smartwatts-formula
power_consumption,1704842153251000000,0.1257507007802055,paolo-laptop,smartwatts-formula
power_consumption,1704842154252000000,0.06745008325907113,paolo-laptop,smartwatts-formula
power_consumption,1704842155253000000,0.20406030605713357,paolo-laptop,smartwatts-formula
power_consumption,1704842156255000000,0.19858069272641196,paolo-laptop,smartwatts-formula
power_consumption,1704842157256000000,0.29205526149286265,paolo-laptop,smartwatts-formula
power_consumption,1704842158258000000,0.08819061104975898,paolo-laptop,smartwatts-formula
power_consumption,1704842159260000000,0.11721617791962197,paolo-laptop,smartwatts-formula
power_consumption,1704842160261000000,0.09642204251282793,paolo-laptop,smartwatts-formula
power_consumption,1704842161263000000,0.11970184370279596,paolo-laptop,smartwatts-formula
power_consumption,1704842162265000000,0.22844546990783515,paolo-laptop,smartwatts-formula
power_consumption,1704842163266000000,0.19760241482440316,paolo-laptop,smartwatts-formula
power_consumption,1704842164268000000,0.0687788985429376,paolo-laptop,smartwatts-formula
power_consumption,1704842165270000000,0.10819708877300259,paolo-laptop,smartwatts-formula
power_consumption,1704842166271000000,0.09516774535300054,paolo-laptop,smartwatts-formula
power_consumption,1704842167273000000,0.09831521675991473,paolo-laptop,smartwatts-formula
power_consumption,1704842168276000000,0.10837678459935104,paolo-laptop,smartwatts-formula
power_consumption,1704842169278000000,0.11448312488213205,paolo-laptop,smartwatts-formula
power_consumption,1704842170283000000,0.09486110143006844,paolo-laptop,smartwatts-formula
power_consumption,1704842171285000000,0.17390827618408206,paolo-laptop,smartwatts-formula
power_consumption,1704842172287000000,0.29307795052593577,paolo-laptop,smartwatts-formula
power_consumption,1704842173290000000,0.06908580274644473,paolo-laptop,smartwatts-formula
power_consumption,1704842174293000000,0.11758513503858804,paolo-laptop,smartwatts-formula
power_consumption,1704842175295000000,0.19054814632233066,paolo-laptop,smartwatts-formula
power_consumption,1704842176297000000,0.08663991241476979,paolo-laptop,smartwatts-formula
power_consumption,1704842177300000000,0.0966563301991975,paolo-laptop,smartwatts-formula
power_consumption,1704842178304000000,0.22729516821911994,paolo-laptop,smartwatts-formula
power_consumption,1704842179306000000,0.19448974896247245,paolo-laptop,smartwatts-formula
power_consumption,1704842180309000000,0.135741681957333,paolo-laptop,smartwatts-formula
power_consumption,1704842181313000000,0.11574708506473882,paolo-laptop,smartwatts-formula
power_consumption,1704842182314000000,0.0713254559183999,paolo-laptop,smartwatts-formula
power_consumption,1704842183315000000,0.21061881454270245,paolo-laptop,smartwatts-formula
power_consumption,1704842184317000000,0.09032881389591377,paolo-laptop,smartwatts-formula
power_consumption,1704842185318000000,0.0948846170208626,paolo-laptop,smartwatts-formula
power_consumption,1704842186322000000,0.09501863133517682,paolo-laptop,smartwatts-formula
power_consumption,1704842187323000000,0.22216067091519798,paolo-laptop,smartwatts-formula
power_consumption,1704842188327000000,0.13865807348153816,paolo-laptop,smartwatts-formula
power_consumption,1704842189329000000,0.11106623378258577,paolo-laptop,smartwatts-formula
power_consumption,1704842190331000000,0.13125398261963755,paolo-laptop,smartwatts-formula
power_consumption,1704842191335000000,0.2906066466176393,paolo-laptop,smartwatts-formula
power_consumption,1704842192339000000,0.2349893042462188,paolo-laptop,smartwatts-formula
power_consumption,1704842193343000000,0.2978237035699561,paolo-laptop,smartwatts-formula
power_consumption,1704842194344000000,0.12098714639668573,paolo-laptop,smartwatts-formula
power_consumption,1704842195347000000,0.21029306158195787,paolo-laptop,smartwatts-formula
power_consumption,1704842196349000000,0.07648544395307606,paolo-laptop,smartwatts-formula
power_consumption,1704842198358000000,0.06929975850978956,paolo-laptop,smartwatts-formula
power_consumption,1704842199361000000,0.23457415272484053,paolo-laptop,smartwatts-formula
power_consumption,1704842200365000000,0.2530819997956815,paolo-laptop,smartwatts-formula
power_consumption,1704842201369000000,0.16471644651110467,paolo-laptop,smartwatts-formula
power_consumption,1704842202370000000,0.19184786211968732,paolo-laptop,smartwatts-formula
power_consumption,1704842203374000000,0.09116755981139532,paolo-laptop,smartwatts-formula
power_consumption,1704842204376000000,0.11613068202647742,paolo-laptop,smartwatts-formula
power_consumption,1704842205380000000,0.20342854391677906,paolo-laptop,smartwatts-formula
power_consumption,1704842206382000000,0.09476479600281942,paolo-laptop,smartwatts-formula
power_consumption,1704842207387000000,0.22025709222659112,paolo-laptop,smartwatts-formula
power_consumption,1704842208391000000,0.16318831504330486,paolo-laptop,smartwatts-formula
power_consumption,1704842209393000000,0.1166926268344653,paolo-laptop,smartwatts-formula
power_consumption,1704842210396000000,0.09125631915412245,paolo-laptop,smartwatts-formula
power_consumption,1704842211398000000,0.16160659727859067,paolo-laptop,smartwatts-formula
power_consumption,1704842213407000000,0.2386712710757366,paolo-laptop,smartwatts-formula
power_consumption,1704842214411000000,0.08813958928543854,paolo-laptop,smartwatts-formula
power_consumption,1704842215413000000,0.32975154235532417,paolo-laptop,smartwatts-formula
power_consumption,1704842216414000000,0.07675726874110886,paolo-laptop,smartwatts-formula
power_consumption,1704842217417000000,0.2420468668316701,paolo-laptop,smartwatts-formula
power_consumption,1704842218419000000,0.2554250429750893,paolo-laptop,smartwatts-formula
power_consumption,1704842219421000000,0.072686566938789,paolo-laptop,smartwatts-formula
power_consumption,1704842220422000000,0.20483736980429493,paolo-laptop,smartwatts-formula
power_consumption,1704842221424000000,0.11698172866164216,paolo-laptop,smartwatts-formula
power_consumption,1704842222426000000,0.07189319692426659,paolo-laptop,smartwatts-formula
power_consumption,1704842223428000000,0.06862515456474279,paolo-laptop,smartwatts-formula
power_consumption,1704842224431000000,0.06948865680980204,paolo-laptop,smartwatts-formula
power_consumption,1704842225434000000,0.17231407421568426,paolo-laptop,smartwatts-formula
power_consumption,1704842226436000000,0.2088359494564692,paolo-laptop,smartwatts-formula
power_consumption,1704842227437000000,0.07024164120272224,paolo-laptop,smartwatts-formula
power_consumption,1704842228441000000,0.0984260753023295,paolo-laptop,smartwatts-formula
power_consumption,1704842229442000000,0.0815973057901666,paolo-laptop,smartwatts-formula
power_consumption,1704842230446000000,0.11913781707925442,paolo-laptop,smartwatts-formula
power_consumption,1704842231448000000,0.1921640869141877,paolo-laptop,smartwatts-formula
power_consumption,1704842232449000000,0.06989025554616425,paolo-laptop,smartwatts-formula
power_consumption,1704842233453000000,0.1333910287286315,paolo-laptop,smartwatts-formula
power_consumption,1704842234455000000,0.17306532239360853,paolo-laptop,smartwatts-formula
power_consumption,1704842235457000000,0.0954262988645194,paolo-laptop,smartwatts-formula
power_consumption,1704842236458000000,0.15517980805709652,paolo-laptop,smartwatts-formula
power_consumption,1704842237461000000,0.09446092557299182,paolo-laptop,smartwatts-formula
power_consumption,1704842238462000000,0.12798805583481465,paolo-laptop,smartwatts-formula
power_consumption,1704842239464000000,0.12281591065816501,paolo-laptop,smartwatts-formula
power_consumption,1704842240466000000,0.1134657818681483,paolo-laptop,smartwatts-formula
power_consumption,1704842241470000000,0.23617788438107656,paolo-laptop,smartwatts-formula
power_consumption,1704842242472000000,0.13866482562919044,paolo-laptop,smartwatts-formula
power_consumption,1704842243477000000,0.19555743010542287,paolo-laptop,smartwatts-formula
power_consumption,1704842244480000000,0.08156558096495717,paolo-laptop,smartwatts-formula
power_consumption,1704842245484000000,0.10400604342969337,paolo-laptop,smartwatts-formula
power_consumption,1704842246486000000,0.3454201474020256,paolo-laptop,smartwatts-formula
power_consumption,1704842247487000000,0.3077366282175181,paolo-laptop,smartwatts-formula
power_consumption,1704842248490000000,0.11128630787804611,paolo-laptop,smartwatts-formula
power_consumption,1704842249492000000,0.0879126096434045,paolo-laptop,smartwatts-formula
power_consumption,1704842250495000000,0.12515970011601163,paolo-laptop,smartwatts-formula
power_consumption,1704842252501000000,0.14945021515078633,paolo-laptop,smartwatts-formula
power_consumption,1704842253502000000,0.09631941510284844,paolo-laptop,smartwatts-formula
power_consumption,1704842254505000000,0.2696172689484205,paolo-laptop,smartwatts-formula
power_consumption,1704842255510000000,0.07606968016889255,paolo-laptop,smartwatts-formula
power_consumption,1704842257522000000,0.28329911065353347,paolo-laptop,smartwatts-formula
power_consumption,1704842258526000000,0.29126349343904095,paolo-laptop,smartwatts-formula
power_consumption,1704842259530000000,0.18443374357745096,paolo-laptop,smartwatts-formula
power_consumption,1704842260533000000,0.1919892172236454,paolo-laptop,smartwatts-formula
power_consumption,1704842261537000000,0.26539937227581994,paolo-laptop,smartwatts-formula
power_consumption,1704842262539000000,0.0994309758328517,paolo-laptop,smartwatts-formula
power_consumption,1704842263543000000,0.07346399346721255,paolo-laptop,smartwatts-formula
power_consumption,1704842264547000000,0.33697636949818893,paolo-laptop,smartwatts-formula
power_consumption,1704842266554000000,0.3436794245927489,paolo-laptop,smartwatts-formula
power_consumption,1704842267557000000,0.3005291480755726,paolo-laptop,smartwatts-formula
power_consumption,1704842270570000000,0.17428396774947139,paolo-laptop,smartwatts-formula
power_consumption,1704842272578000000,0.3247148172936744,paolo-laptop,smartwatts-formula
power_consumption,1704842273579000000,0.11143237180245846,paolo-laptop,smartwatts-formula
power_consumption,1704842274581000000,0.10705845638352494,paolo-laptop,smartwatts-formula
power_consumption,1704842275583000000,0.09974797384468227,paolo-laptop,smartwatts-formula
power_consumption,1704842276584000000,0.134536389713169,paolo-laptop,smartwatts-formula
power_consumption,1704842277586000000,0.09390978505378242,paolo-laptop,smartwatts-formula
power_consumption,1704842278587000000,0.12395413750035068,paolo-laptop,smartwatts-formula
power_consumption,1704842279589000000,0.1262478252634643,paolo-laptop,smartwatts-formula
power_consumption,1704842280590000000,0.2046250269306092,paolo-laptop,smartwatts-formula
power_consumption,1704842281593000000,0.12303783668238494,paolo-laptop,smartwatts-formula
power_consumption,1704842283596000000,0.33301890304027326,paolo-laptop,smartwatts-formula
power_consumption,1704842284597000000,0.32143943315877993,paolo-laptop,smartwatts-formula
power_consumption,1704842285600000000,0.13099478987415356,paolo-laptop,smartwatts-formula
power_consumption,1704842286601000000,0.14558983021947663,paolo-laptop,smartwatts-formula
power_consumption,1704842287603000000,0.1852667308523527,paolo-laptop,smartwatts-formula
power_consumption,1704842288606000000,0.06941772776774009,paolo-laptop,smartwatts-formula
power_consumption,1704842289608000000,0.13023373615823183,paolo-laptop,smartwatts-formula
power_consumption,1704842290610000000,0.19046423154323117,paolo-laptop,smartwatts-formula
power_consumption,1704842291612000000,0.11161390018798394,paolo-laptop,smartwatts-formula
power_consumption,1704842292613000000,0.14389513057472564,paolo-laptop,smartwatts-formula
power_consumption,1704842293615000000,0.0944031618141827,paolo-laptop,smartwatts-formula
power_consumption,1704842294618000000,0.14975340078520188,paolo-laptop,smartwatts-formula
power_consumption,1704842295621000000,0.3546449371883915,paolo-laptop,smartwatts-formula
power_consumption,1704842296623000000,0.23112732180195164,paolo-laptop,smartwatts-formula
power_consumption,1704842297625000000,0.20613719857466856,paolo-laptop,smartwatts-formula
power_consumption,1704842298630000000,0.13329563129676225,paolo-laptop,smartwatts-formula
power_consumption,1704842299632000000,0.20125676078297383,paolo-laptop,smartwatts-formula
power_consumption,1704842300634000000,0.18523598456722407,paolo-laptop,smartwatts-formula
power_consumption,1704842301635000000,0.07863930725729218,paolo-laptop,smartwatts-formula
power_consumption,1704842302640000000,0.19361516906724635,paolo-laptop,smartwatts-formula
power_consumption,1704842303648000000,0.12721595615625148,paolo-laptop,smartwatts-formula
power_consumption,1704842304651000000,0.09674131654059673,paolo-laptop,smartwatts-formula
power_consumption,1704842305653000000,0.08462188050751758,paolo-laptop,smartwatts-formula
power_consumption,1704842306658000000,0.19551207368786336,paolo-laptop,smartwatts-formula
power_consumption,1704842307660000000,0.21234505156135253,paolo-laptop,smartwatts-formula
power_consumption,1704842308662000000,0.14358534187709832,paolo-laptop,smartwatts-formula
power_consumption,1704842309665000000,0.241103655774887,paolo-laptop,smartwatts-formula
power_consumption,1704842310666000000,0.08566010560003115,paolo-laptop,smartwatts-formula
power_consumption,1704842311668000000,0.10568779775022757,paolo-laptop,smartwatts-formula
power_consumption,1704842312671000000,0.13587000060054966,paolo-laptop,smartwatts-formula
power_consumption,1704842313675000000,0.33131381761224266,paolo-laptop,smartwatts-formula
power_consumption,1704842314676000000,0.07904669829201248,paolo-laptop,smartwatts-formula
power_consumption,1704842315679000000,0.11863552671684706,paolo-laptop,smartwatts-formula
power_consumption,1704842316681000000,0.3406017213299123,paolo-laptop,smartwatts-formula
power_consumption,1704842317685000000,0.3306848046646072,paolo-laptop,smartwatts-formula
power_consumption,1704842318688000000,0.3537518633770328,paolo-laptop,smartwatts-formula
power_consumption,1704842319690000000,0.09482908185153512,paolo-laptop,smartwatts-formula
power_consumption,1704842320693000000,0.11581640731044303,paolo-laptop,smartwatts-formula
power_consumption,1704842321697000000,0.3122351878816104,paolo-laptop,smartwatts-formula
power_consumption,1704842322699000000,0.08921685981309382,paolo-laptop,smartwatts-formula
power_consumption,1704842323703000000,0.32049777757275577,paolo-laptop,smartwatts-formula
power_consumption,1704842326715000000,0.2449395558486937,paolo-laptop,smartwatts-formula
power_consumption,1704842327716000000,0.10430979870091049,paolo-laptop,smartwatts-formula
power_consumption,1704842328719000000,0.07895504279762147,paolo-laptop,smartwatts-formula
power_consumption,1704842329722000000,0.29780282183894835,paolo-laptop,smartwatts-formula
power_consumption,1704842331729000000,0.25940719788053035,paolo-laptop,smartwatts-formula
power_consumption,1704842332731000000,0.12279687985795014,paolo-laptop,smartwatts-formula
power_consumption,1704842333733000000,0.3233029656651069,paolo-laptop,smartwatts-formula
power_consumption,1704842334737000000,0.21977241127071123,paolo-laptop,smartwatts-formula
power_consumption,1704842335741000000,0.24194437772569316,paolo-laptop,smartwatts-formula
power_consumption,1704842336744000000,0.3140055587519816,paolo-laptop,smartwatts-formula
power_consumption,1704842337748000000,0.2417615147768523,paolo-laptop,smartwatts-formula
power_consumption,1704842338750000000,0.19685454818116105,paolo-laptop,smartwatts-formula
power_consumption,1704842339751000000,0.21509987337020797,paolo-laptop,smartwatts-formula
power_consumption,1704842340753000000,0.12128187094338783,paolo-laptop,smartwatts-formula
power_consumption,1704842341755000000,0.12414499363293574,paolo-laptop,smartwatts-formula
power_consumption,1704842342758000000,0.1413111030737374,paolo-laptop,smartwatts-formula
power_consumption,1704842343760000000,0.08794844868648763,paolo-laptop,smartwatts-formula
power_consumption,1704842344762000000,0.1257989072306984,paolo-laptop,smartwatts-formula
power_consumption,1704842345764000000,0.14070014466865538,paolo-laptop,smartwatts-formula
power_consumption,1704842346765000000,0.16336924886360404,paolo-laptop,smartwatts-formula
power_consumption,1704842347767000000,0.13682040942528956,paolo-laptop,smartwatts-formula
power_consumption,1704842348768000000,0.08127503190527766,paolo-laptop,smartwatts-formula
power_consumption,1704842349769000000,0.186194910998769,paolo-laptop,smartwatts-formula
power_consumption,1704842350771000000,0.22258631572645562,paolo-laptop,smartwatts-formula
power_consumption,1704842351773000000,0.0782202590705654,paolo-laptop,smartwatts-formula
power_consumption,1704842352775000000,0.12086327748071422,paolo-laptop,smartwatts-formula
power_consumption,1704842353782000000,0.13548222604332133,paolo-laptop,smartwatts-formula
power_consumption,1704842354787000000,0.0790983928955477,paolo-laptop,smartwatts-formula
power_consumption,1704842355791000000,0.16270422791528572,paolo-laptop,smartwatts-formula
power_consumption,1704842356792000000,0.10618119586260716,paolo-laptop,smartwatts-formula
power_consumption,1704842357794000000,0.21957217957651715,paolo-laptop,smartwatts-formula
power_consumption,1704842358796000000,0.3170336881348083,paolo-laptop,smartwatts-formula
power_consumption,1704842359797000000,0.20551429223794,paolo-laptop,smartwatts-formula
power_consumption,1704842360799000000,0.11788110060518045,paolo-laptop,smartwatts-formula
power_consumption,1704842361804000000,0.20528085468170026,paolo-laptop,smartwatts-formula
power_consumption,1704842362821000000,0.12900039454732432,paolo-laptop,smartwatts-formula
power_consumption,1704842363823000000,0.12248987717424317,paolo-laptop,smartwatts-formula
power_consumption,1704842364825000000,0.30816375526315015,paolo-laptop,smartwatts-formula
power_consumption,1704842365827000000,0.09098416960618047,paolo-laptop,smartwatts-formula
power_consumption,1704842366828000000,0.13109277308201903,paolo-laptop,smartwatts-formula
power_consumption,1704842367831000000,0.13788907543244777,paolo-laptop,smartwatts-formula
power_consumption,1704842368833000000,0.12949891388445214,paolo-laptop,smartwatts-formula
power_consumption,1704842369835000000,0.12628388690930303,paolo-laptop,smartwatts-formula
power_consumption,1704842370837000000,0.11958751694011785,paolo-laptop,smartwatts-formula
power_consumption,1704842371849000000,0.30183134500934033,paolo-laptop,smartwatts-formula
power_consumption,1704842372858000000,0.20120279220591467,paolo-laptop,smartwatts-formula
power_consumption,1704842373868000000,0.0811307773771676,paolo-laptop,smartwatts-formula
power_consumption,1704842374870000000,0.12264263230110896,paolo-laptop,smartwatts-formula
power_consumption,1704842375872000000,0.15149633810820862,paolo-laptop,smartwatts-formula
power_consumption,1704842376873000000,0.17463395181743263,paolo-laptop,smartwatts-formula
power_consumption,1704842377875000000,0.11895058011650689,paolo-laptop,smartwatts-formula
power_consumption,1704842378878000000,0.1443245926538701,paolo-laptop,smartwatts-formula
power_consumption,1704842379882000000,0.13321934622226533,paolo-laptop,smartwatts-formula
power_consumption,1704842380885000000,0.23666429975634376,paolo-laptop,smartwatts-formula
power_consumption,1704842381887000000,0.12440873494490892,paolo-laptop,smartwatts-formula
power_consumption,1704842382890000000,0.08168707870155831,paolo-laptop,smartwatts-formula
power_consumption,1704842383892000000,0.13488310911007076,paolo-laptop,smartwatts-formula
power_consumption,1704842384895000000,0.1685031687164525,paolo-laptop,smartwatts-formula
power_consumption,1704842385897000000,0.1877423528551165,paolo-laptop,smartwatts-formula
power_consumption,1704842386898000000,0.11984809100720087,paolo-laptop,smartwatts-formula
power_consumption,1704842387901000000,0.1442748150988754,paolo-laptop,smartwatts-formula
power_consumption,1704842388905000000,0.13198102889999366,paolo-laptop,smartwatts-formula
power_consumption,1704842389910000000,0.1716973816160734,paolo-laptop,smartwatts-formula
power_consumption,1704842390912000000,0.121267547001384,paolo-laptop,smartwatts-formula
power_consumption,1704842391915000000,0.2107054647953424,paolo-laptop,smartwatts-formula
power_consumption,1704842392917000000,0.2574954401367546,paolo-laptop,smartwatts-formula
power_consumption,1704842393919000000,0.15552347122927807,paolo-laptop,smartwatts-formula
power_consumption,1704842394921000000,0.18219112708205187,paolo-laptop,smartwatts-formula
power_consumption,1704842395922000000,0.13815456412980381,paolo-laptop,smartwatts-formula
power_consumption,1704842396924000000,0.08998958303081583,paolo-laptop,smartwatts-formula
power_consumption,1704842397927000000,0.11991085353940152,paolo-laptop,smartwatts-formula
power_consumption,1704842398929000000,0.16643001542860486,paolo-laptop,smartwatts-formula
power_consumption,1704842399930000000,0.1319886169369648,paolo-laptop,smartwatts-formula
power_consumption,1704842400935000000,0.22760306671830344,paolo-laptop,smartwatts-formula
power_consumption,1704842401939000000,0.17678363961785493,paolo-laptop,smartwatts-formula
power_consumption,1704842402943000000,0.2648257230250829,paolo-laptop,smartwatts-formula
