name,time,power,sensor,target
power_consumption,1704469199625000000,0.004796096484168987,paolo-laptop,influx_dest
power_consumption,1704469200627000000,0.013998378646629587,paolo-laptop,influx_dest
power_consumption,1704469201632000000,0.004816969392733974,paolo-laptop,influx_dest
power_consumption,1704469204643000000,0.004604599446494735,paolo-laptop,influx_dest
power_consumption,1704469206645000000,0.00566305057982099,paolo-laptop,influx_dest
power_consumption,1704469207648000000,0.005035040424289559,paolo-laptop,influx_dest
power_consumption,1704469208650000000,0.00324890751750446,paolo-laptop,influx_dest
power_consumption,1704469209652000000,0.0035230639436473017,paolo-laptop,influx_dest
power_consumption,1704469210654000000,0.011401424740290392,paolo-laptop,influx_dest
power_consumption,1704469211655000000,0.0031813577098656802,paolo-laptop,influx_dest
power_consumption,1704469212657000000,0.0029518357655673637,paolo-laptop,influx_dest
power_consumption,1704469213659000000,0.003547505472037016,paolo-laptop,influx_dest
power_consumption,1704469214662000000,0.003302538068058145,paolo-laptop,influx_dest
power_consumption,1704469215664000000,0.0033493874824333113,paolo-laptop,influx_dest
power_consumption,1704469216665000000,0.00380045780789058,paolo-laptop,influx_dest
power_consumption,1704469217667000000,0.004332415058067711,paolo-laptop,influx_dest
power_consumption,1704469218669000000,0.00343612783430389,paolo-laptop,influx_dest
power_consumption,1704469219671000000,0.0031372621640535243,paolo-laptop,influx_dest
power_consumption,1704469221674000000,0.003650499271011769,paolo-laptop,influx_dest
power_consumption,1704469224679000000,0.004126605927289301,paolo-laptop,influx_dest
power_consumption,1704469225682000000,0.0037786904537344575,paolo-laptop,influx_dest
power_consumption,1704469228686000000,0.0038269731278221695,paolo-laptop,influx_dest
power_consumption,1704469229688000000,0.0032750423573719156,paolo-laptop,influx_dest
power_consumption,1704469231691000000,0.003913876482401214,paolo-laptop,influx_dest
power_consumption,1704469232693000000,0.003819945339534768,paolo-laptop,influx_dest
power_consumption,1704469233694000000,0.0034965408665572446,paolo-laptop,influx_dest
power_consumption,1704469234696000000,0.0035341473515237212,paolo-laptop,influx_dest
power_consumption,1704469236698000000,0.0034927383289340454,paolo-laptop,influx_dest
power_consumption,1704469237700000000,0.0035782772507553275,paolo-laptop,influx_dest
power_consumption,1704469238701000000,0.005546833845201134,paolo-laptop,influx_dest
power_consumption,1704469239703000000,0.0053060196832255815,paolo-laptop,influx_dest
power_consumption,1704469240706000000,0.009674791903525184,paolo-laptop,influx_dest
power_consumption,1704469241708000000,0.0053910194191629235,paolo-laptop,influx_dest
power_consumption,1704469242710000000,0.004749130839234787,paolo-laptop,influx_dest
power_consumption,1704469243712000000,0.005683433135635409,paolo-laptop,influx_dest
power_consumption,1704469244713000000,0.005548210030411203,paolo-laptop,influx_dest
power_consumption,1704469245715000000,0.00357174100189577,paolo-laptop,influx_dest
power_consumption,1704469246717000000,0.0036377293104474457,paolo-laptop,influx_dest
power_consumption,1704469247719000000,0.003513647816524661,paolo-laptop,influx_dest
power_consumption,1704469248721000000,0.005605765239163098,paolo-laptop,influx_dest
power_consumption,1704469251729000000,0.0032200332194327608,paolo-laptop,influx_dest
power_consumption,1704469252731000000,0.005610521950939484,paolo-laptop,influx_dest
power_consumption,1704469253733000000,0.0057304112282213025,paolo-laptop,influx_dest
power_consumption,1704469254735000000,0.005930441628650216,paolo-laptop,influx_dest
power_consumption,1704469255737000000,0.005364198324297773,paolo-laptop,influx_dest
power_consumption,1704469256740000000,0.0030615471378459894,paolo-laptop,influx_dest
power_consumption,1704469257742000000,0.0037737650012204735,paolo-laptop,influx_dest
power_consumption,1704469258744000000,0.0029827109088339573,paolo-laptop,influx_dest
power_consumption,1704469259746000000,0.003229222189019383,paolo-laptop,influx_dest
power_consumption,1704469260748000000,0.010175267087648033,paolo-laptop,influx_dest
power_consumption,1704469261750000000,0.13055878011985944,paolo-laptop,influx_dest
power_consumption,1704469262751000000,0.003129793209769503,paolo-laptop,influx_dest
power_consumption,1704469263753000000,0.006383804071425544,paolo-laptop,influx_dest
power_consumption,1704469264755000000,0.005797097909827362,paolo-laptop,influx_dest
power_consumption,1704469265757000000,0.007938178193952818,paolo-laptop,influx_dest
power_consumption,1704469266759000000,0.0065575584278846095,paolo-laptop,influx_dest
power_consumption,1704469267761000000,0.007581153989967764,paolo-laptop,influx_dest
power_consumption,1704469268764000000,0.005718394928148937,paolo-laptop,influx_dest
power_consumption,1704469269766000000,0.005743346431178254,paolo-laptop,influx_dest
power_consumption,1704469270768000000,0.01013086428354638,paolo-laptop,influx_dest
power_consumption,1704469271770000000,0.005707737469868455,paolo-laptop,influx_dest
power_consumption,1704469272777000000,0.006534869764391124,paolo-laptop,influx_dest
power_consumption,1704469273779000000,0.005928158428280111,paolo-laptop,influx_dest
power_consumption,1704469274782000000,0.005784078635438878,paolo-laptop,influx_dest
power_consumption,1704469275784000000,0.006928424947961722,paolo-laptop,influx_dest
power_consumption,1704469276786000000,0.006593879283229067,paolo-laptop,influx_dest
power_consumption,1704469277788000000,0.007303020056822334,paolo-laptop,influx_dest
power_consumption,1704469278790000000,0.006120985626488131,paolo-laptop,influx_dest
power_consumption,1704469279792000000,0.005133318933837723,paolo-laptop,influx_dest
power_consumption,1704469280794000000,0.013261948771446605,paolo-laptop,influx_dest
power_consumption,1704469281796000000,0.005906162011751233,paolo-laptop,influx_dest
power_consumption,1704469282802000000,0.0058158374238416015,paolo-laptop,influx_dest
power_consumption,1704469283808000000,0.005775440180199707,paolo-laptop,influx_dest
power_consumption,1704469284811000000,0.006138056833378058,paolo-laptop,influx_dest
power_consumption,1704469285816000000,0.005676324057062255,paolo-laptop,influx_dest
power_consumption,1704469286822000000,0.00586858867963031,paolo-laptop,influx_dest
power_consumption,1704469287832000000,0.0070192784782270095,paolo-laptop,influx_dest
power_consumption,1704469288835000000,0.0030683265743343072,paolo-laptop,influx_dest
power_consumption,1704469289836000000,0.003941093094438776,paolo-laptop,influx_dest
power_consumption,1704469290838000000,0.013091174182576498,paolo-laptop,influx_dest
power_consumption,1704469291840000000,0.00348765569050731,paolo-laptop,influx_dest
power_consumption,1704469292843000000,0.005879603891859022,paolo-laptop,influx_dest
power_consumption,1704469293846000000,0.005221026843614406,paolo-laptop,influx_dest
power_consumption,1704469294848000000,0.0061530876055995035,paolo-laptop,influx_dest
power_consumption,1704469295850000000,0.006017955225581626,paolo-laptop,influx_dest
power_consumption,1704469296852000000,0.006218967304202302,paolo-laptop,influx_dest
power_consumption,1704469297855000000,0.004087489710331356,paolo-laptop,influx_dest
power_consumption,1704469298856000000,0.0032144459437077762,paolo-laptop,influx_dest
power_consumption,1704469299858000000,0.00359229188354033,paolo-laptop,influx_dest
power_consumption,1704469300864000000,0.014196507802014665,paolo-laptop,influx_dest
power_consumption,1704469301869000000,0.0059222538534521255,paolo-laptop,influx_dest
power_consumption,1704469302871000000,0.007072622633515096,paolo-laptop,influx_dest
power_consumption,1704469303873000000,0.006576303591498362,paolo-laptop,influx_dest
power_consumption,1704469304875000000,0.0054069704351258335,paolo-laptop,influx_dest
power_consumption,1704469305880000000,0.0036634262712463414,paolo-laptop,influx_dest
power_consumption,1704469308888000000,0.006170681381173965,paolo-laptop,influx_dest
power_consumption,1704469309890000000,0.006008601152007069,paolo-laptop,influx_dest
power_consumption,1704469310893000000,0.012335875749092779,paolo-laptop,influx_dest
power_consumption,1704469311906000000,0.006099624198286488,paolo-laptop,influx_dest
power_consumption,1704469312909000000,0.005706940087472084,paolo-laptop,influx_dest
power_consumption,1704469313911000000,0.005127028922600544,paolo-laptop,influx_dest
power_consumption,1704469314914000000,0.005724911643725509,paolo-laptop,influx_dest
power_consumption,1704469315916000000,0.005981761425232786,paolo-laptop,influx_dest
power_consumption,1704469316918000000,0.006065662545914287,paolo-laptop,influx_dest
power_consumption,1704469317921000000,0.007311490515316724,paolo-laptop,influx_dest
power_consumption,1704469318923000000,0.003962284377739839,paolo-laptop,influx_dest
power_consumption,1704469319925000000,0.003960249458654649,paolo-laptop,influx_dest
power_consumption,1704469320928000000,0.01311930904248033,paolo-laptop,influx_dest
power_consumption,1704469321929000000,0.0036284561986630807,paolo-laptop,influx_dest
power_consumption,1704469322931000000,0.05796883985217672,paolo-laptop,influx_dest
power_consumption,1704469323933000000,0.0038993616518618918,paolo-laptop,influx_dest
power_consumption,1704469324935000000,0.006325657757895796,paolo-laptop,influx_dest
power_consumption,1704469325936000000,0.006940691348741877,paolo-laptop,influx_dest
power_consumption,1704469326939000000,0.005790890289083474,paolo-laptop,influx_dest
power_consumption,1704469327941000000,0.009722587194694522,paolo-laptop,influx_dest
power_consumption,1704469328942000000,0.006670786297255345,paolo-laptop,influx_dest
power_consumption,1704469329944000000,0.005833788910000581,paolo-laptop,influx_dest
power_consumption,1704469330946000000,0.012702615054441029,paolo-laptop,influx_dest
power_consumption,1704469331948000000,0.004914901032236917,paolo-laptop,influx_dest
power_consumption,1704469332950000000,0.006067845296416489,paolo-laptop,influx_dest
power_consumption,1704469333952000000,0.004464381686776063,paolo-laptop,influx_dest
power_consumption,1704469334954000000,0.005780290919523582,paolo-laptop,influx_dest
power_consumption,1704469335956000000,0.005412712495238772,paolo-laptop,influx_dest
power_consumption,1704469336960000000,0.005171590209149392,paolo-laptop,influx_dest
power_consumption,1704469338962000000,0.004760597222965543,paolo-laptop,influx_dest
power_consumption,1704469341968000000,0.005627360981472769,paolo-laptop,influx_dest
power_consumption,1704469342970000000,0.0048542365066422625,paolo-laptop,influx_dest
power_consumption,1704469343972000000,0.004478070872896974,paolo-laptop,influx_dest
power_consumption,1704469344974000000,0.0050905194881398445,paolo-laptop,influx_dest
power_consumption,1704469345976000000,0.004489036444749757,paolo-laptop,influx_dest
power_consumption,1704469346978000000,0.004323608978127547,paolo-laptop,influx_dest
power_consumption,1704469347980000000,0.005554183410718946,paolo-laptop,influx_dest
power_consumption,1704469348982000000,0.004507943339844913,paolo-laptop,influx_dest
power_consumption,1704469349983000000,0.004962464546765157,paolo-laptop,influx_dest
power_consumption,1704469350984000000,0.010972467417280144,paolo-laptop,influx_dest
power_consumption,1704469352988000000,0.005212673104767007,paolo-laptop,influx_dest
power_consumption,1704469358013000000,0.005831847714857963,paolo-laptop,influx_dest
power_consumption,1704469359016000000,0.004237578929033052,paolo-laptop,influx_dest
power_consumption,1704469360018000000,0.013537472362480426,paolo-laptop,influx_dest
power_consumption,1704469361020000000,0.005606094817482382,paolo-laptop,influx_dest
power_consumption,1704469362023000000,0.004821716317578707,paolo-laptop,influx_dest
power_consumption,1704469363025000000,0.004742096976389174,paolo-laptop,influx_dest
power_consumption,1704469364027000000,0.004528417611565642,paolo-laptop,influx_dest
power_consumption,1704469365029000000,0.005771084437359724,paolo-laptop,influx_dest
power_consumption,1704469366032000000,0.0045502864512887275,paolo-laptop,influx_dest
power_consumption,1704469367034000000,0.005162797721243494,paolo-laptop,influx_dest
power_consumption,1704469369039000000,0.005738087614521131,paolo-laptop,influx_dest
power_consumption,1704469370041000000,0.012450924911458373,paolo-laptop,influx_dest
power_consumption,1704469371043000000,0.005214216501896617,paolo-laptop,influx_dest
power_consumption,1704469372045000000,0.005044678813647308,paolo-laptop,influx_dest
power_consumption,1704469373047000000,0.005895039228935455,paolo-laptop,influx_dest
power_consumption,1704469374051000000,0.005232447450446727,paolo-laptop,influx_dest
power_consumption,1704469375053000000,0.00480698979123718,paolo-laptop,influx_dest
power_consumption,1704469376056000000,0.006062582771638864,paolo-laptop,influx_dest
power_consumption,1704469380070000000,0.011635113720651992,paolo-laptop,influx_dest
power_consumption,1704469381075000000,0.005884620675572005,paolo-laptop,influx_dest
power_consumption,1704469390105000000,0.011442141962481608,paolo-laptop,influx_dest
power_consumption,1704469391108000000,0.004938250442633921,paolo-laptop,influx_dest
power_consumption,1704469392111000000,0.005122138629716139,paolo-laptop,influx_dest
power_consumption,1704469393114000000,0.005536958134001752,paolo-laptop,influx_dest
power_consumption,1704469394116000000,0.004169781882547898,paolo-laptop,influx_dest
power_consumption,1704469395122000000,0.005450284980110486,paolo-laptop,influx_dest
power_consumption,1704469396129000000,0.005178733364385395,paolo-laptop,influx_dest
power_consumption,1704469397132000000,0.005175307839255909,paolo-laptop,influx_dest
power_consumption,1704469398135000000,0.005894700571060845,paolo-laptop,influx_dest
power_consumption,1704469399137000000,0.005104288173174425,paolo-laptop,influx_dest
power_consumption,1704469400139000000,0.011656228888915196,paolo-laptop,influx_dest
power_consumption,1704469401141000000,0.004910679043443418,paolo-laptop,influx_dest
power_consumption,1704469402143000000,0.004884563455314063,paolo-laptop,influx_dest
power_consumption,1704469403146000000,0.005356330979380432,paolo-laptop,influx_dest
power_consumption,1704469404148000000,0.00566103518046857,paolo-laptop,influx_dest
power_consumption,1704469405150000000,0.0058650138479288665,paolo-laptop,influx_dest
power_consumption,1704469406152000000,0.004803019376634322,paolo-laptop,influx_dest
power_consumption,1704469407156000000,0.005297771664849554,paolo-laptop,influx_dest
power_consumption,1704469408158000000,0.0059857615695075115,paolo-laptop,influx_dest
power_consumption,1704469409160000000,0.004226850715549301,paolo-laptop,influx_dest
power_consumption,1704469410166000000,0.01345183020637943,paolo-laptop,influx_dest
power_consumption,1704469411172000000,0.005892386500294804,paolo-laptop,influx_dest
power_consumption,1704469412174000000,0.00574249519090468,paolo-laptop,influx_dest
power_consumption,1704469413177000000,0.005393449065676894,paolo-laptop,influx_dest
power_consumption,1704469414179000000,0.006115488891617357,paolo-laptop,influx_dest
power_consumption,1704469415182000000,0.004994470942452716,paolo-laptop,influx_dest
power_consumption,1704469416184000000,0.0052327914860605985,paolo-laptop,influx_dest
power_consumption,1704469417187000000,0.005308844653391826,paolo-laptop,influx_dest
power_consumption,1704469418190000000,0.005380689031593022,paolo-laptop,influx_dest
power_consumption,1704469419192000000,0.005650677782597252,paolo-laptop,influx_dest
power_consumption,1704469420194000000,0.011914895007316226,paolo-laptop,influx_dest
power_consumption,1704469421199000000,0.0056284979680771615,paolo-laptop,influx_dest
power_consumption,1704469422202000000,0.005024384213051134,paolo-laptop,influx_dest
power_consumption,1704469423204000000,0.006188255419674668,paolo-laptop,influx_dest
power_consumption,1704469424206000000,0.005260765273078744,paolo-laptop,influx_dest
power_consumption,1704469425208000000,0.005048671188467468,paolo-laptop,influx_dest
power_consumption,1704469426210000000,0.004686663579188347,paolo-laptop,influx_dest
power_consumption,1704469429220000000,0.005589557324470382,paolo-laptop,influx_dest
power_consumption,1704469430222000000,0.012248791460923007,paolo-laptop,influx_dest
power_consumption,1704469431224000000,0.005025787408585106,paolo-laptop,influx_dest
power_consumption,1704469437249000000,0.005795292154989886,paolo-laptop,influx_dest
power_consumption,1704469442261000000,0.00513769188837173,paolo-laptop,influx_dest
power_consumption,1704469446276000000,0.004137877598660624,paolo-laptop,influx_dest
power_consumption,1704469447279000000,0.00406196701901612,paolo-laptop,influx_dest
power_consumption,1704469448281000000,0.06489381862276147,paolo-laptop,influx_dest
power_consumption,1704469449283000000,0.0058905390191441535,paolo-laptop,influx_dest
power_consumption,1704469450285000000,0.014551821361065139,paolo-laptop,influx_dest
power_consumption,1704469451288000000,0.004639542837070587,paolo-laptop,influx_dest
power_consumption,1704469452290000000,0.00535591950406336,paolo-laptop,influx_dest
power_consumption,1704469453291000000,0.005888026332635446,paolo-laptop,influx_dest
power_consumption,1704469454294000000,0.004485605836379616,paolo-laptop,influx_dest
power_consumption,1704469455297000000,0.0057428047277562925,paolo-laptop,influx_dest
power_consumption,1704469456303000000,0.005954742092405356,paolo-laptop,influx_dest
power_consumption,1704469457305000000,0.005203516762593133,paolo-laptop,influx_dest
power_consumption,1704469458307000000,0.005875519279347921,paolo-laptop,influx_dest
power_consumption,1704469459310000000,0.005252471341434984,paolo-laptop,influx_dest
power_consumption,1704469460311000000,0.010841845545353768,paolo-laptop,influx_dest
power_consumption,1704469461313000000,0.0059656427467640214,paolo-laptop,influx_dest
power_consumption,1704469462316000000,0.006023963688039082,paolo-laptop,influx_dest
power_consumption,1704469467333000000,0.005796704111136118,paolo-laptop,influx_dest
power_consumption,1704469468334000000,0.006548646623540921,paolo-laptop,influx_dest
power_consumption,1704469472344000000,0.0048716587822711585,paolo-laptop,influx_dest
power_consumption,1704469473346000000,0.005415771390872355,paolo-laptop,influx_dest
power_consumption,1704469488387000000,0.0049227773615215225,paolo-laptop,influx_dest
power_consumption,1704469489389000000,0.0049332999032847095,paolo-laptop,influx_dest
power_consumption,1704469490392000000,0.012135378373396375,paolo-laptop,influx_dest
power_consumption,1704469491394000000,0.005203518258078224,paolo-laptop,influx_dest
power_consumption,1704469492397000000,0.0047105741815275225,paolo-laptop,influx_dest
power_consumption,1704469496405000000,0.003177158072048508,paolo-laptop,influx_dest
power_consumption,1704469498411000000,0.0031258352106211997,paolo-laptop,influx_dest
power_consumption,1704469499412000000,0.005183557469638887,paolo-laptop,influx_dest
power_consumption,1704469500414000000,0.012626909937071273,paolo-laptop,influx_dest
power_consumption,1704469501417000000,0.005843623325693893,paolo-laptop,influx_dest
power_consumption,1704469503421000000,0.0060996719807443565,paolo-laptop,influx_dest
power_consumption,1704469504423000000,0.0051491290565898505,paolo-laptop,influx_dest
power_consumption,1704469507433000000,0.00720045284931568,paolo-laptop,influx_dest
power_consumption,1704469509437000000,0.004724690579532326,paolo-laptop,influx_dest
power_consumption,1704469510439000000,0.012682127734465316,paolo-laptop,influx_dest
power_consumption,1704469511442000000,0.00452450408251426,paolo-laptop,influx_dest
power_consumption,1704469512444000000,0.004362648200148476,paolo-laptop,influx_dest
power_consumption,1704469513446000000,0.004713599978915215,paolo-laptop,influx_dest
power_consumption,1704469514447000000,0.006033071694881425,paolo-laptop,influx_dest
power_consumption,1704469515450000000,0.004321379805881472,paolo-laptop,influx_dest
power_consumption,1704469516452000000,0.004748860328354761,paolo-laptop,influx_dest
power_consumption,1704469517454000000,0.005675236320785223,paolo-laptop,influx_dest
power_consumption,1704469518456000000,0.005603955475382075,paolo-laptop,influx_dest
power_consumption,1704469519458000000,0.004992697072864652,paolo-laptop,influx_dest
power_consumption,1704469520461000000,0.012217485762745268,paolo-laptop,influx_dest
power_consumption,1704469521463000000,0.005850797997118575,paolo-laptop,influx_dest
power_consumption,1704469522465000000,0.00483478647500637,paolo-laptop,influx_dest
power_consumption,1704469523467000000,0.005917653829061888,paolo-laptop,influx_dest
power_consumption,1704469524469000000,0.006123159807248483,paolo-laptop,influx_dest
power_consumption,1704469525471000000,0.004630279798805859,paolo-laptop,influx_dest
power_consumption,1704469526473000000,0.005226250564566784,paolo-laptop,influx_dest
power_consumption,1704469527475000000,0.0062180594093531605,paolo-laptop,influx_dest
power_consumption,1704469528477000000,0.005560429093033678,paolo-laptop,influx_dest
power_consumption,1704469529479000000,0.005262660288413571,paolo-laptop,influx_dest
power_consumption,1704469530481000000,0.012465767968223237,paolo-laptop,influx_dest
power_consumption,1704469531483000000,0.005442527259222488,paolo-laptop,influx_dest
power_consumption,1704469533487000000,0.004687479901202276,paolo-laptop,influx_dest
power_consumption,1704469544530000000,0.004932460603302528,paolo-laptop,influx_dest
power_consumption,1704469545533000000,0.006418150341137668,paolo-laptop,influx_dest
power_consumption,1704469546535000000,0.006016344365729071,paolo-laptop,influx_dest
power_consumption,1704469547537000000,0.005449814792641961,paolo-laptop,influx_dest
power_consumption,1704469548539000000,0.006174381524499811,paolo-laptop,influx_dest
power_consumption,1704469549546000000,0.0049551588257559665,paolo-laptop,influx_dest
power_consumption,1704469550548000000,0.011801214625571693,paolo-laptop,influx_dest
power_consumption,1704469551551000000,0.0066767043361538395,paolo-laptop,influx_dest
power_consumption,1704469552553000000,0.005359468988741298,paolo-laptop,influx_dest
power_consumption,1704469553555000000,0.004587300867193897,paolo-laptop,influx_dest
power_consumption,1704469554561000000,0.005663982074473859,paolo-laptop,influx_dest
power_consumption,1704469555567000000,0.005082287096337348,paolo-laptop,influx_dest
power_consumption,1704469556569000000,0.005698557243838328,paolo-laptop,influx_dest
power_consumption,1704469557572000000,0.0055527708623273365,paolo-laptop,influx_dest
power_consumption,1704469558574000000,0.005873131277171536,paolo-laptop,influx_dest
power_consumption,1704469559576000000,0.006697470948401205,paolo-laptop,influx_dest
power_consumption,1704469560578000000,0.011889299978020445,paolo-laptop,influx_dest
power_consumption,1704469561581000000,0.006948639675159786,paolo-laptop,influx_dest
power_consumption,1704469562587000000,0.006541711663596388,paolo-laptop,influx_dest
power_consumption,1704469565594000000,0.006117731694462427,paolo-laptop,influx_dest
power_consumption,1704469566598000000,0.005857406132213137,paolo-laptop,influx_dest
power_consumption,1704469567602000000,0.007951556469020132,paolo-laptop,influx_dest
power_consumption,1704469568604000000,0.0037517663021666365,paolo-laptop,influx_dest
power_consumption,1704469569607000000,0.005610092187026989,paolo-laptop,influx_dest
power_consumption,1704469570609000000,0.05594019200353795,paolo-laptop,influx_dest
power_consumption,1704469571611000000,0.005857957852859461,paolo-laptop,influx_dest
power_consumption,1704469572613000000,0.006667131163052033,paolo-laptop,influx_dest
power_consumption,1704469573615000000,0.006661164330115998,paolo-laptop,influx_dest
power_consumption,1704469574617000000,0.005215983613995688,paolo-laptop,influx_dest
power_consumption,1704469575619000000,0.005246216341208128,paolo-laptop,influx_dest
power_consumption,1704469576623000000,0.005043154002898827,paolo-laptop,influx_dest
power_consumption,1704469577625000000,0.006731254451242976,paolo-laptop,influx_dest
power_consumption,1704469578627000000,0.005433784483364266,paolo-laptop,influx_dest
power_consumption,1704469579629000000,0.005221654215107518,paolo-laptop,influx_dest
power_consumption,1704469580631000000,0.01268774359764293,paolo-laptop,influx_dest
power_consumption,1704469597708000000,0.0063927186685082855,paolo-laptop,influx_dest
power_consumption,1704469598709000000,0.005448054629059529,paolo-laptop,influx_dest
power_consumption,1704469601718000000,0.005163957789739468,paolo-laptop,influx_dest
power_consumption,1704469605732000000,0.0054572722218822,paolo-laptop,influx_dest
power_consumption,1704469606736000000,0.006581789533762354,paolo-laptop,influx_dest
power_consumption,1704469613762000000,0.012079415790268137,paolo-laptop,influx_dest
power_consumption,1704469615768000000,0.0110919811411681,paolo-laptop,influx_dest
power_consumption,1704469616769000000,0.006234872269331457,paolo-laptop,influx_dest
power_consumption,1704469617771000000,0.008060848648317452,paolo-laptop,influx_dest
power_consumption,1704469618773000000,0.004812201754063096,paolo-laptop,influx_dest
power_consumption,1704469620776000000,0.013868355756911506,paolo-laptop,influx_dest
power_consumption,1704469621778000000,0.006106922640412878,paolo-laptop,influx_dest
power_consumption,1704469622779000000,0.006490388712274366,paolo-laptop,influx_dest
power_consumption,1704469623781000000,0.006867056867497841,paolo-laptop,influx_dest
power_consumption,1704469624783000000,0.006799273493659374,paolo-laptop,influx_dest
power_consumption,1704469625785000000,0.00583145444120722,paolo-laptop,influx_dest
power_consumption,1704469626787000000,0.005971254389802341,paolo-laptop,influx_dest
power_consumption,1704469627790000000,0.007950673708121775,paolo-laptop,influx_dest
power_consumption,1704469628792000000,0.007248977354560332,paolo-laptop,influx_dest
power_consumption,1704469629794000000,0.006586485123102403,paolo-laptop,influx_dest
power_consumption,1704469630796000000,0.0156825524774345,paolo-laptop,influx_dest
power_consumption,1704469631798000000,0.006208669159726236,paolo-laptop,influx_dest
power_consumption,1704469632802000000,0.006477608573808049,paolo-laptop,influx_dest
power_consumption,1704469633803000000,0.005901548442103674,paolo-laptop,influx_dest
power_consumption,1704469634804000000,0.006431149510019258,paolo-laptop,influx_dest
power_consumption,1704469637818000000,0.0036948434011254217,paolo-laptop,influx_dest
power_consumption,1704469638820000000,0.0052521447471732775,paolo-laptop,influx_dest
power_consumption,1704469639822000000,0.005621538955828179,paolo-laptop,influx_dest
power_consumption,1704469640827000000,0.07323968561895255,paolo-laptop,influx_dest
power_consumption,1704469641829000000,0.005938481769219515,paolo-laptop,influx_dest
power_consumption,1704469642831000000,0.005673711231375322,paolo-laptop,influx_dest
power_consumption,1704469644841000000,0.0036460466149351345,paolo-laptop,influx_dest
power_consumption,1704469646851000000,0.005642520600603674,paolo-laptop,influx_dest
power_consumption,1704469648858000000,0.006063479593284796,paolo-laptop,influx_dest
power_consumption,1704469649861000000,0.005035623536496996,paolo-laptop,influx_dest
power_consumption,1704469650863000000,0.011156911007656097,paolo-laptop,influx_dest
power_consumption,1704469651865000000,0.005364735709446967,paolo-laptop,influx_dest
power_consumption,1704469652867000000,0.0038238592945297224,paolo-laptop,influx_dest
power_consumption,1704469653870000000,0.004805815547807458,paolo-laptop,influx_dest
power_consumption,1704469654872000000,0.005229525033085777,paolo-laptop,influx_dest
power_consumption,1704469655876000000,0.007222206399178757,paolo-laptop,influx_dest
power_consumption,1704469656880000000,0.0100864803542685,paolo-laptop,influx_dest
power_consumption,1704469660889000000,0.01427406107801626,paolo-laptop,influx_dest
power_consumption,1704469661893000000,0.0058154654412334045,paolo-laptop,influx_dest
power_consumption,1704469662898000000,0.00777806790217931,paolo-laptop,influx_dest
power_consumption,1704469665903000000,0.005001139268986205,paolo-laptop,influx_dest
power_consumption,1704469666905000000,0.00553396509638148,paolo-laptop,influx_dest
power_consumption,1704469667907000000,0.008361313107783049,paolo-laptop,influx_dest
power_consumption,1704469668910000000,0.009382609385839005,paolo-laptop,influx_dest
power_consumption,1704469669912000000,0.004120697137524732,paolo-laptop,influx_dest
power_consumption,1704469670914000000,0.01351004993931651,paolo-laptop,influx_dest
power_consumption,1704469671916000000,0.005114348231919119,paolo-laptop,influx_dest
power_consumption,1704469672920000000,0.004532681472514656,paolo-laptop,influx_dest
power_consumption,1704469673922000000,0.005487557154392125,paolo-laptop,influx_dest
power_consumption,1704469674924000000,0.0055241777776095305,paolo-laptop,influx_dest
power_consumption,1704469675928000000,0.004638345588357503,paolo-laptop,influx_dest
power_consumption,1704469676930000000,0.0058134121833451555,paolo-laptop,influx_dest
power_consumption,1704469677932000000,0.00639885211694647,paolo-laptop,influx_dest
power_consumption,1704469678934000000,0.007780183901314037,paolo-laptop,influx_dest
power_consumption,1704469679936000000,0.003806232591735714,paolo-laptop,influx_dest
power_consumption,1704469680938000000,0.011039136266050305,paolo-laptop,influx_dest
power_consumption,1704469681942000000,0.006306200977770451,paolo-laptop,influx_dest
power_consumption,1704469682945000000,0.004442240102876953,paolo-laptop,influx_dest
power_consumption,1704469683948000000,0.0054519388600507675,paolo-laptop,influx_dest
power_consumption,1704469684950000000,0.0036689120064735932,paolo-laptop,influx_dest
power_consumption,1704469685952000000,0.0037548775560297233,paolo-laptop,influx_dest
power_consumption,1704469686954000000,0.0038596077241065886,paolo-laptop,influx_dest
power_consumption,1704469687957000000,0.006802942418480964,paolo-laptop,influx_dest
power_consumption,1704469688959000000,0.004102844215829335,paolo-laptop,influx_dest
power_consumption,1704469689964000000,0.008280500121288517,paolo-laptop,influx_dest
power_consumption,1704469690966000000,0.013397167340418657,paolo-laptop,influx_dest
power_consumption,1704469691970000000,0.007004602698180524,paolo-laptop,influx_dest
power_consumption,1704469692974000000,0.005105433096044323,paolo-laptop,influx_dest
power_consumption,1704469694978000000,0.005808898550383225,paolo-laptop,influx_dest
power_consumption,1704469697984000000,0.004319954578873931,paolo-laptop,influx_dest
power_consumption,1704469698986000000,0.0057694135353606535,paolo-laptop,influx_dest
power_consumption,1704469699988000000,0.006444346063019068,paolo-laptop,influx_dest
power_consumption,1704469702994000000,0.0042708008342809845,paolo-laptop,influx_dest
power_consumption,1704469703999000000,0.003216170213094739,paolo-laptop,influx_dest
power_consumption,1704469705002000000,0.007606856426368056,paolo-laptop,influx_dest
power_consumption,1704469706005000000,0.0038141235094064857,paolo-laptop,influx_dest
power_consumption,1704469707009000000,0.004838302401825027,paolo-laptop,influx_dest
power_consumption,1704469708012000000,0.0061243242480398105,paolo-laptop,influx_dest
power_consumption,1704469709015000000,0.005050701518029835,paolo-laptop,influx_dest
power_consumption,1704469711022000000,0.0872266957174949,paolo-laptop,influx_dest
power_consumption,1704469712024000000,0.0037979428881968072,paolo-laptop,influx_dest
power_consumption,1704469713027000000,0.007016790590992538,paolo-laptop,influx_dest
power_consumption,1704469714029000000,0.004140659906748569,paolo-laptop,influx_dest
power_consumption,1704469715030000000,0.007137515185673564,paolo-laptop,influx_dest
power_consumption,1704469716034000000,0.006178605009869199,paolo-laptop,influx_dest
power_consumption,1704469717035000000,0.005075731978104679,paolo-laptop,influx_dest
power_consumption,1704469718037000000,0.006198748502404452,paolo-laptop,influx_dest
power_consumption,1704469719039000000,0.0048578823403444635,paolo-laptop,influx_dest
power_consumption,1704469720041000000,0.013600980111616402,paolo-laptop,influx_dest
power_consumption,1704469721043000000,0.00437105086478492,paolo-laptop,influx_dest
power_consumption,1704469722047000000,0.006532221593252137,paolo-laptop,influx_dest
power_consumption,1704469723051000000,0.004475991183580863,paolo-laptop,influx_dest
power_consumption,1704469724053000000,0.0049881140262174346,paolo-laptop,influx_dest
power_consumption,1704469725058000000,0.004445999058229566,paolo-laptop,influx_dest
power_consumption,1704469726063000000,0.0052722042281937356,paolo-laptop,influx_dest
power_consumption,1704469727065000000,0.004954179563725519,paolo-laptop,influx_dest
power_consumption,1704469729069000000,0.004967275100595485,paolo-laptop,influx_dest
power_consumption,1704469730072000000,0.013191636782196908,paolo-laptop,influx_dest
power_consumption,1704469731076000000,0.0035664950903807687,paolo-laptop,influx_dest
power_consumption,1704469732078000000,0.0041228985389450065,paolo-laptop,influx_dest
power_consumption,1704469733083000000,0.004737382909231765,paolo-laptop,influx_dest
power_consumption,1704469734085000000,0.0037114621295408837,paolo-laptop,influx_dest
power_consumption,1704469735089000000,0.004152061356475901,paolo-laptop,influx_dest
power_consumption,1704469736092000000,0.003678142244769567,paolo-laptop,influx_dest
power_consumption,1704469737094000000,0.005724564174141859,paolo-laptop,influx_dest
power_consumption,1704469738096000000,0.00623037526369736,paolo-laptop,influx_dest
power_consumption,1704469739098000000,0.005847781293229461,paolo-laptop,influx_dest
power_consumption,1704469740099000000,0.01298044048765232,paolo-laptop,influx_dest
power_consumption,1704469741101000000,0.005035010350470131,paolo-laptop,influx_dest
power_consumption,1704469742104000000,0.006483656051896257,paolo-laptop,influx_dest
power_consumption,1704469743106000000,0.004803019979977423,paolo-laptop,influx_dest
power_consumption,1704469744108000000,0.005360132770500977,paolo-laptop,influx_dest
power_consumption,1704469745110000000,0.005936982461588624,paolo-laptop,influx_dest
power_consumption,1704469746112000000,0.004752644923036703,paolo-laptop,influx_dest
power_consumption,1704469747115000000,0.0059714281996285515,paolo-laptop,influx_dest
power_consumption,1704469748117000000,0.006861950909645798,paolo-laptop,influx_dest
power_consumption,1704469749119000000,0.005338463761124519,paolo-laptop,influx_dest
power_consumption,1704469750121000000,0.011995081011263262,paolo-laptop,influx_dest
power_consumption,1704469751124000000,0.005414111334487724,paolo-laptop,influx_dest
power_consumption,1704469752128000000,0.0044037868881341155,paolo-laptop,influx_dest
power_consumption,1704469754133000000,0.004300435249293655,paolo-laptop,influx_dest
power_consumption,1704469755135000000,0.0037847444487673593,paolo-laptop,influx_dest
power_consumption,1704469756137000000,0.006780515183980676,paolo-laptop,influx_dest
power_consumption,1704469757138000000,0.005765962100288396,paolo-laptop,influx_dest
power_consumption,1704469758141000000,0.007606329658587129,paolo-laptop,influx_dest
power_consumption,1704469759143000000,0.005211497407869807,paolo-laptop,influx_dest
power_consumption,1704469760145000000,0.011034807606235337,paolo-laptop,influx_dest
power_consumption,1704469761148000000,0.004572202803789031,paolo-laptop,influx_dest
power_consumption,1704469762151000000,0.009094396180586804,paolo-laptop,influx_dest
power_consumption,1704469763156000000,0.0038869305696946884,paolo-laptop,influx_dest
power_consumption,1704469764159000000,0.004215323011894538,paolo-laptop,influx_dest
power_consumption,1704469765161000000,0.005419244646565426,paolo-laptop,influx_dest
power_consumption,1704469766163000000,0.005336964226485072,paolo-laptop,influx_dest
power_consumption,1704469767166000000,0.005384912505030448,paolo-laptop,influx_dest
power_consumption,1704469768169000000,0.005244570452256405,paolo-laptop,influx_dest
power_consumption,1704469769173000000,0.0059269055303272835,paolo-laptop,influx_dest
power_consumption,1704469770175000000,0.012772916515494968,paolo-laptop,influx_dest
power_consumption,1704469771177000000,0.003939029759673259,paolo-laptop,influx_dest
power_consumption,1704469772178000000,0.006198681990152063,paolo-laptop,influx_dest
power_consumption,1704469773181000000,0.005811975450180916,paolo-laptop,influx_dest
power_consumption,1704469774183000000,0.004120152656389933,paolo-laptop,influx_dest
power_consumption,1704469775184000000,0.0032156562418312684,paolo-laptop,influx_dest
power_consumption,1704469776186000000,0.005315542749054267,paolo-laptop,influx_dest
power_consumption,1704469777189000000,0.00579924362518802,paolo-laptop,influx_dest
power_consumption,1704469778192000000,0.007148009371227854,paolo-laptop,influx_dest
power_consumption,1704469779194000000,0.007767750120476109,paolo-laptop,influx_dest
power_consumption,1704469780195000000,0.06086266623709272,paolo-laptop,influx_dest
power_consumption,1704469781196000000,0.003343339192320649,paolo-laptop,influx_dest
power_consumption,1704469782200000000,0.004969003436155096,paolo-laptop,influx_dest
power_consumption,1704469783202000000,0.0061199904667157455,paolo-laptop,influx_dest
power_consumption,1704469784204000000,0.003416801737327437,paolo-laptop,influx_dest
power_consumption,1704469785206000000,0.006087097561979534,paolo-laptop,influx_dest
power_consumption,1704469788212000000,0.0065103297763096715,paolo-laptop,influx_dest
power_consumption,1704469789215000000,0.006319053848905345,paolo-laptop,influx_dest
power_consumption,1704469790217000000,0.014720675390703663,paolo-laptop,influx_dest
power_consumption,1704469791219000000,0.003393399467759855,paolo-laptop,influx_dest
power_consumption,1704469792223000000,0.004865115371431616,paolo-laptop,influx_dest
power_consumption,1704469794227000000,0.0038874682472118207,paolo-laptop,influx_dest
power_consumption,1704469795230000000,0.006818138748306234,paolo-laptop,influx_dest
power_consumption,1704469796234000000,0.010732206007293464,paolo-laptop,influx_dest
power_consumption,1704469797240000000,0.004465278568985962,paolo-laptop,influx_dest
power_consumption,1704469799249000000,0.005268301242593338,paolo-laptop,influx_dest
power_consumption,1704469800251000000,0.012154983254695889,paolo-laptop,influx_dest
power_consumption,1704469801255000000,0.004449125233194072,paolo-laptop,influx_dest
power_consumption,1704469802260000000,0.00400406899895905,paolo-laptop,influx_dest
power_consumption,1704469803262000000,0.0039047725992859155,paolo-laptop,influx_dest
power_consumption,1704469804263000000,0.006229562863687093,paolo-laptop,influx_dest
power_consumption,1704469805265000000,0.00861822779638979,paolo-laptop,influx_dest
power_consumption,1704469806267000000,0.006380427793467577,paolo-laptop,influx_dest
power_consumption,1704469808273000000,0.005371495335714322,paolo-laptop,influx_dest
power_consumption,1704469809279000000,0.004820426076570076,paolo-laptop,influx_dest
power_consumption,1704469810282000000,0.013571591995781142,paolo-laptop,influx_dest
power_consumption,1704469811284000000,0.005744884238961064,paolo-laptop,influx_dest
power_consumption,1704469812287000000,0.005703012663829736,paolo-laptop,influx_dest
power_consumption,1704469813288000000,0.004833516298664915,paolo-laptop,influx_dest
power_consumption,1704469814292000000,0.005694317341037024,paolo-laptop,influx_dest
power_consumption,1704469815294000000,0.003932362012646425,paolo-laptop,influx_dest
power_consumption,1704469817300000000,0.004606052636756957,paolo-laptop,influx_dest
power_consumption,1704469818302000000,0.0054939939426609866,paolo-laptop,influx_dest
power_consumption,1704469819304000000,0.0056624688585353924,paolo-laptop,influx_dest
power_consumption,1704469820306000000,0.01533823586587095,paolo-laptop,influx_dest
power_consumption,1704469821307000000,0.005986867239512781,paolo-laptop,influx_dest
power_consumption,1704469822309000000,0.006142172520409599,paolo-laptop,influx_dest
power_consumption,1704469823311000000,0.005508499399224652,paolo-laptop,influx_dest
power_consumption,1704469825314000000,0.00588573395064803,paolo-laptop,influx_dest
power_consumption,1704469826318000000,0.004254321332236526,paolo-laptop,influx_dest
power_consumption,1704469827320000000,0.00454152881072047,paolo-laptop,influx_dest
power_consumption,1704469828324000000,0.006068207225610038,paolo-laptop,influx_dest
power_consumption,1704469829327000000,0.00530395481173534,paolo-laptop,influx_dest
power_consumption,1704469830329000000,0.011776954921933584,paolo-laptop,influx_dest
power_consumption,1704469831331000000,0.0038673281450462673,paolo-laptop,influx_dest
power_consumption,1704469832333000000,0.004701780317209353,paolo-laptop,influx_dest
power_consumption,1704469833335000000,0.005093190546589461,paolo-laptop,influx_dest
power_consumption,1704469834336000000,0.004721250785423837,paolo-laptop,influx_dest
power_consumption,1704469835338000000,0.00463983773088191,paolo-laptop,influx_dest
power_consumption,1704469836342000000,0.005498705473676263,paolo-laptop,influx_dest
power_consumption,1704469837343000000,0.004649032038426561,paolo-laptop,influx_dest
power_consumption,1704469838345000000,0.00485167529616395,paolo-laptop,influx_dest
power_consumption,1704469839347000000,0.0040930239529087375,paolo-laptop,influx_dest
power_consumption,1704469840349000000,0.012583503038328711,paolo-laptop,influx_dest
power_consumption,1704469841351000000,0.004798828797440579,paolo-laptop,influx_dest
power_consumption,1704469842353000000,0.0055193026492515364,paolo-laptop,influx_dest
power_consumption,1704469843355000000,0.005918437626760821,paolo-laptop,influx_dest
power_consumption,1704469844357000000,0.0054558450240535395,paolo-laptop,influx_dest
power_consumption,1704469845359000000,0.007396062639888404,paolo-laptop,influx_dest
power_consumption,1704469846360000000,0.061557677833629754,paolo-laptop,influx_dest
power_consumption,1704469847362000000,0.006395933912777911,paolo-laptop,influx_dest
power_consumption,1704469848364000000,0.007132121294382323,paolo-laptop,influx_dest
power_consumption,1704469849366000000,0.009518947722800007,paolo-laptop,influx_dest
power_consumption,1704469850367000000,0.021370205296102937,paolo-laptop,influx_dest
power_consumption,1704469851369000000,0.004387434952892547,paolo-laptop,influx_dest
power_consumption,1704469852371000000,0.006849821520778607,paolo-laptop,influx_dest
power_consumption,1704469853372000000,0.005236438793917289,paolo-laptop,influx_dest
power_consumption,1704469854374000000,0.007723763811132455,paolo-laptop,influx_dest
power_consumption,1704469855375000000,0.005366618582715825,paolo-laptop,influx_dest
power_consumption,1704469857385000000,0.004522612205785251,paolo-laptop,influx_dest
power_consumption,1704469858387000000,0.006421372145565618,paolo-laptop,influx_dest
power_consumption,1704469860395000000,0.01362973240507951,paolo-laptop,influx_dest
power_consumption,1704469862402000000,0.005539841797621714,paolo-laptop,influx_dest
power_consumption,1704469863404000000,0.00365686845357286,paolo-laptop,influx_dest
power_consumption,1704469864406000000,0.006651489955243041,paolo-laptop,influx_dest
power_consumption,1704469865410000000,0.0037121355023931445,paolo-laptop,influx_dest
power_consumption,1704469866415000000,0.005100617181213126,paolo-laptop,influx_dest
power_consumption,1704469867425000000,0.007956708935768449,paolo-laptop,influx_dest
power_consumption,1704469868435000000,0.010300621478238679,paolo-laptop,influx_dest
power_consumption,1704469869437000000,0.00603651226782823,paolo-laptop,influx_dest
power_consumption,1704469870439000000,0.013130513495851325,paolo-laptop,influx_dest
power_consumption,1704469871442000000,0.003347933395945779,paolo-laptop,influx_dest
power_consumption,1704469873451000000,0.005688380374625734,paolo-laptop,influx_dest
power_consumption,1704469875459000000,0.007012961740549222,paolo-laptop,influx_dest
power_consumption,1704469876461000000,0.0039357692583874195,paolo-laptop,influx_dest
power_consumption,1704469877462000000,0.007869939099440233,paolo-laptop,influx_dest
power_consumption,1704469878466000000,0.008110094531115815,paolo-laptop,influx_dest
power_consumption,1704469881475000000,0.0033062263953513304,paolo-laptop,influx_dest
power_consumption,1704469882479000000,0.0041997418203511,paolo-laptop,influx_dest
power_consumption,1704469883481000000,0.003619846920191139,paolo-laptop,influx_dest
power_consumption,1704469884482000000,0.0034072489610511084,paolo-laptop,influx_dest
power_consumption,1704469885485000000,0.003617445634855373,paolo-laptop,influx_dest
power_consumption,1704469886487000000,0.0032623488585684286,paolo-laptop,influx_dest
power_consumption,1704469887489000000,0.006771497430204346,paolo-laptop,influx_dest
power_consumption,1704469888491000000,0.010771655070658635,paolo-laptop,influx_dest
power_consumption,1704469889493000000,0.0059326199757141936,paolo-laptop,influx_dest
power_consumption,1704469890494000000,0.014233451974810074,paolo-laptop,influx_dest
power_consumption,1704469891496000000,0.009620618748409578,paolo-laptop,influx_dest
power_consumption,1704469892499000000,0.0038969406837346837,paolo-laptop,influx_dest
power_consumption,1704469894507000000,0.004199411291854224,paolo-laptop,influx_dest
power_consumption,1704469895509000000,0.004484736725867264,paolo-laptop,influx_dest
power_consumption,1704469896510000000,0.012316939649791359,paolo-laptop,influx_dest
power_consumption,1704469897513000000,0.003919361252481428,paolo-laptop,influx_dest
power_consumption,1704469898516000000,0.005313598110901287,paolo-laptop,influx_dest
power_consumption,1704469899518000000,0.004678312078106432,paolo-laptop,influx_dest
power_consumption,1704469900520000000,0.014083629642832343,paolo-laptop,influx_dest
power_consumption,1704469901522000000,0.005309829743033701,paolo-laptop,influx_dest
power_consumption,1704469902524000000,0.005737397773293197,paolo-laptop,influx_dest
power_consumption,1704469903527000000,0.004604852786146854,paolo-laptop,influx_dest
power_consumption,1704469904531000000,0.0043413163787996804,paolo-laptop,influx_dest
power_consumption,1704469905532000000,0.007527108095674875,paolo-laptop,influx_dest
power_consumption,1704469907543000000,0.006763776089221669,paolo-laptop,influx_dest
power_consumption,1704469908545000000,0.006179922545146823,paolo-laptop,influx_dest
power_consumption,1704469909546000000,0.005416259798556802,paolo-laptop,influx_dest
power_consumption,1704469910550000000,0.012769476512583122,paolo-laptop,influx_dest
power_consumption,1704469911552000000,0.007239756663441415,paolo-laptop,influx_dest
power_consumption,1704469912555000000,0.06718617658362891,paolo-laptop,influx_dest
power_consumption,1704469913558000000,0.004752974299341722,paolo-laptop,influx_dest
power_consumption,1704469914559000000,0.0056323408653875875,paolo-laptop,influx_dest
power_consumption,1704469915560000000,0.00637379354510878,paolo-laptop,influx_dest
power_consumption,1704469916562000000,0.0033518737515015377,paolo-laptop,influx_dest
power_consumption,1704469917563000000,0.0075708261211370545,paolo-laptop,influx_dest
power_consumption,1704469918566000000,0.0064475305754151755,paolo-laptop,influx_dest
power_consumption,1704469919567000000,0.010846570787212698,paolo-laptop,influx_dest
power_consumption,1704469920569000000,0.01340491744327152,paolo-laptop,influx_dest
power_consumption,1704469921572000000,0.006194673350623667,paolo-laptop,influx_dest
power_consumption,1704469922574000000,0.009927916148236387,paolo-laptop,influx_dest
power_consumption,1704469923575000000,0.003931990747757352,paolo-laptop,influx_dest
power_consumption,1704469924577000000,0.007074768921616698,paolo-laptop,influx_dest
power_consumption,1704469925578000000,0.002889410691686708,paolo-laptop,influx_dest
power_consumption,1704469926583000000,0.006485756283609839,paolo-laptop,influx_dest
power_consumption,1704469927587000000,0.0072428420223083325,paolo-laptop,influx_dest
power_consumption,1704469928588000000,0.005887177250302923,paolo-laptop,influx_dest
power_consumption,1704469929589000000,0.005862145805634903,paolo-laptop,influx_dest
power_consumption,1704469930591000000,0.01450138522101428,paolo-laptop,influx_dest
power_consumption,1704469931593000000,0.005199728366468278,paolo-laptop,influx_dest
power_consumption,1704469932595000000,0.005814541503246244,paolo-laptop,influx_dest
power_consumption,1704469933602000000,0.006429187499055036,paolo-laptop,influx_dest
power_consumption,1704469934606000000,0.006883766141970057,paolo-laptop,influx_dest
power_consumption,1704469935608000000,0.005613244749405378,paolo-laptop,influx_dest
power_consumption,1704469936609000000,0.005655737788966859,paolo-laptop,influx_dest
power_consumption,1704469937617000000,0.005608275157466491,paolo-laptop,influx_dest
power_consumption,1704469938619000000,0.006940898675976688,paolo-laptop,influx_dest
power_consumption,1704469939623000000,0.005767957929341889,paolo-laptop,influx_dest
power_consumption,1704469940625000000,0.01508754473313179,paolo-laptop,influx_dest
power_consumption,1704469941630000000,0.006301966277306291,paolo-laptop,influx_dest
power_consumption,1704469942634000000,0.0061799607472588745,paolo-laptop,influx_dest
power_consumption,1704469943635000000,0.0071593667128863345,paolo-laptop,influx_dest
power_consumption,1704469944637000000,0.0056894484661558845,paolo-laptop,influx_dest
power_consumption,1704469945639000000,0.0032801115411354026,paolo-laptop,influx_dest
power_consumption,1704469946643000000,0.00732526818042309,paolo-laptop,influx_dest
power_consumption,1704469947645000000,0.0074082963950534535,paolo-laptop,influx_dest
power_consumption,1704469948649000000,0.005591236057692586,paolo-laptop,influx_dest
power_consumption,1704469949650000000,0.010209358719707311,paolo-laptop,influx_dest
power_consumption,1704469950654000000,0.012954970344649128,paolo-laptop,influx_dest
power_consumption,1704469951656000000,0.0059465302668212545,paolo-laptop,influx_dest
power_consumption,1704469952659000000,0.006121103645925806,paolo-laptop,influx_dest
power_consumption,1704469953660000000,0.0037331803647757057,paolo-laptop,influx_dest
power_consumption,1704469954662000000,0.00502795973448,paolo-laptop,influx_dest
power_consumption,1704469955666000000,0.0036204505091715156,paolo-laptop,influx_dest
power_consumption,1704469956670000000,0.02256858725196922,paolo-laptop,influx_dest
power_consumption,1704469957672000000,0.0065726003573911024,paolo-laptop,influx_dest
power_consumption,1704469958674000000,0.007591490026211682,paolo-laptop,influx_dest
power_consumption,1704469959676000000,0.003650498231065689,paolo-laptop,influx_dest
power_consumption,1704469961682000000,0.006025431662179523,paolo-laptop,influx_dest
power_consumption,1704469962686000000,0.007508874295258123,paolo-laptop,influx_dest
power_consumption,1704469963690000000,0.026165328737996714,paolo-laptop,influx_dest
power_consumption,1704469964692000000,0.009236930684034477,paolo-laptop,influx_dest
power_consumption,1704469965695000000,0.003871467678557226,paolo-laptop,influx_dest
power_consumption,1704469966697000000,0.009127220683453324,paolo-laptop,influx_dest
power_consumption,1704469967699000000,0.003902438474081649,paolo-laptop,influx_dest
power_consumption,1704469970713000000,0.010673907567035335,paolo-laptop,influx_dest
power_consumption,1704469971714000000,0.006264677686010363,paolo-laptop,influx_dest
power_consumption,1704469972716000000,0.0046116968409281225,paolo-laptop,influx_dest
power_consumption,1704469973720000000,0.006400083233652067,paolo-laptop,influx_dest
power_consumption,1704469974724000000,0.004264154456394994,paolo-laptop,influx_dest
power_consumption,1704469975727000000,0.003831108509613252,paolo-laptop,influx_dest
power_consumption,1704469976731000000,0.006957457607402881,paolo-laptop,influx_dest
power_consumption,1704469977733000000,0.0073399732729604195,paolo-laptop,influx_dest
power_consumption,1704469978735000000,0.005468964271083285,paolo-laptop,influx_dest
power_consumption,1704469979737000000,0.00547335339372933,paolo-laptop,influx_dest
power_consumption,1704469980739000000,0.014176263458132405,paolo-laptop,influx_dest
power_consumption,1704469981741000000,0.005197458681658494,paolo-laptop,influx_dest
power_consumption,1704469982744000000,0.006194035661289605,paolo-laptop,influx_dest
power_consumption,1704469983746000000,0.00614830450842247,paolo-laptop,influx_dest
power_consumption,1704469984748000000,0.007010859137869982,paolo-laptop,influx_dest
power_consumption,1704469985750000000,0.06489471085225355,paolo-laptop,influx_dest
power_consumption,1704469986752000000,0.005956013066750601,paolo-laptop,influx_dest
power_consumption,1704469987754000000,0.00473441327466509,paolo-laptop,influx_dest
power_consumption,1704469988755000000,0.006724382992189165,paolo-laptop,influx_dest
power_consumption,1704469989757000000,0.004668797191060593,paolo-laptop,influx_dest
power_consumption,1704469990759000000,0.013593630531670217,paolo-laptop,influx_dest
power_consumption,1704469991761000000,0.0054450270335453625,paolo-laptop,influx_dest
power_consumption,1704469992763000000,0.00553940228741219,paolo-laptop,influx_dest
power_consumption,1704469993765000000,0.00475507786374748,paolo-laptop,influx_dest
power_consumption,1704469994767000000,0.006833614998990342,paolo-laptop,influx_dest
power_consumption,1704469995769000000,0.006239330306769173,paolo-laptop,influx_dest
power_consumption,1704469996770000000,0.0030587432600135724,paolo-laptop,influx_dest
power_consumption,1704469997772000000,0.007488478091443336,paolo-laptop,influx_dest
power_consumption,1704469998774000000,0.006433801230181946,paolo-laptop,influx_dest
power_consumption,1704469999775000000,0.005085880224378196,paolo-laptop,influx_dest
power_consumption,1704470000780000000,0.011300187458255041,paolo-laptop,influx_dest
power_consumption,1704470001782000000,0.003542668516270533,paolo-laptop,influx_dest
power_consumption,1704470002784000000,0.00676148811333745,paolo-laptop,influx_dest
power_consumption,1704470003788000000,0.0033762908315336185,paolo-laptop,influx_dest
power_consumption,1704470004790000000,0.003378422893857172,paolo-laptop,influx_dest
power_consumption,1704470005792000000,0.007958267441358288,paolo-laptop,influx_dest
power_consumption,1704470006798000000,0.008711707420104013,paolo-laptop,influx_dest
power_consumption,1704470007801000000,0.0035949317431145534,paolo-laptop,influx_dest
power_consumption,1704470008803000000,0.005763178703551138,paolo-laptop,influx_dest
power_consumption,1704470009807000000,0.003660572605678662,paolo-laptop,influx_dest
power_consumption,1704470010809000000,0.009535156403277643,paolo-laptop,influx_dest
power_consumption,1704470011813000000,0.006664449423735551,paolo-laptop,influx_dest
power_consumption,1704470012817000000,0.007050269027738292,paolo-laptop,influx_dest
power_consumption,1704470013819000000,0.0029811172183563666,paolo-laptop,influx_dest
power_consumption,1704470014823000000,0.011680451832124693,paolo-laptop,influx_dest
power_consumption,1704470015827000000,0.004418653178061532,paolo-laptop,influx_dest
power_consumption,1704470016828000000,0.005465345188121289,paolo-laptop,influx_dest
power_consumption,1704470017832000000,0.004250523572439922,paolo-laptop,influx_dest
power_consumption,1704470018834000000,0.004217726239886952,paolo-laptop,influx_dest
power_consumption,1704470019835000000,0.02434570843744216,paolo-laptop,influx_dest
power_consumption,1704470020839000000,0.016303718042846263,paolo-laptop,influx_dest
power_consumption,1704470021843000000,0.005154072266698546,paolo-laptop,influx_dest
power_consumption,1704470022847000000,0.010005262445075734,paolo-laptop,influx_dest
power_consumption,1704470023849000000,0.019178410277180497,paolo-laptop,influx_dest
power_consumption,1704470024851000000,0.004569891189870376,paolo-laptop,influx_dest
power_consumption,1704470025856000000,0.0064830639718931535,paolo-laptop,influx_dest
power_consumption,1704470027864000000,0.006707309188586375,paolo-laptop,influx_dest
power_consumption,1704470028866000000,0.0052145047448975464,paolo-laptop,influx_dest
power_consumption,1704470029867000000,0.006109875796794635,paolo-laptop,influx_dest
power_consumption,1704470030870000000,0.013251328123306039,paolo-laptop,influx_dest
power_consumption,1704470031872000000,0.005207094679490203,paolo-laptop,influx_dest
power_consumption,1704470032876000000,0.003595684696872928,paolo-laptop,influx_dest
power_consumption,1704470033878000000,0.0053198238460383015,paolo-laptop,influx_dest
power_consumption,1704470034882000000,0.0038184953400606184,paolo-laptop,influx_dest
power_consumption,1704470035886000000,0.009664492970026535,paolo-laptop,influx_dest
power_consumption,1704470036889000000,0.00374445278412623,paolo-laptop,influx_dest
power_consumption,1704470037893000000,0.004020506488436255,paolo-laptop,influx_dest
power_consumption,1704470038894000000,0.004988056492209612,paolo-laptop,influx_dest
power_consumption,1704470039896000000,0.021659054230045674,paolo-laptop,influx_dest
power_consumption,1704470040900000000,0.014226973782526083,paolo-laptop,influx_dest
power_consumption,1704470041904000000,0.005174654447930336,paolo-laptop,influx_dest
power_consumption,1704470042906000000,0.004080786851609353,paolo-laptop,influx_dest
power_consumption,1704470043909000000,0.010833503589967179,paolo-laptop,influx_dest
power_consumption,1704470044915000000,0.0037548285599904485,paolo-laptop,influx_dest
power_consumption,1704470045917000000,0.004524679554587258,paolo-laptop,influx_dest
power_consumption,1704470046920000000,0.0051003814924171,paolo-laptop,influx_dest
power_consumption,1704470047922000000,0.0052745577251663185,paolo-laptop,influx_dest
power_consumption,1704470048924000000,0.0056546982288796475,paolo-laptop,influx_dest
power_consumption,1704470049926000000,0.004304636704780089,paolo-laptop,influx_dest
power_consumption,1704470050928000000,0.011804120107794396,paolo-laptop,influx_dest
power_consumption,1704470051930000000,0.005138833430680888,paolo-laptop,influx_dest
power_consumption,1704470052932000000,0.005767617918672056,paolo-laptop,influx_dest
power_consumption,1704470053934000000,0.00322348277751421,paolo-laptop,influx_dest
power_consumption,1704470054936000000,0.04493822389483787,paolo-laptop,influx_dest
power_consumption,1704470055938000000,0.005901739375877105,paolo-laptop,influx_dest
power_consumption,1704470056940000000,0.0043716038241714845,paolo-laptop,influx_dest
power_consumption,1704470057942000000,0.0062016670023992875,paolo-laptop,influx_dest
power_consumption,1704470058943000000,0.007265809903458958,paolo-laptop,influx_dest
power_consumption,1704470059945000000,0.009855936327394713,paolo-laptop,influx_dest
power_consumption,1704470060947000000,0.011246102911281126,paolo-laptop,influx_dest
power_consumption,1704470061949000000,0.005584960935468232,paolo-laptop,influx_dest
power_consumption,1704470062952000000,0.006847081618409737,paolo-laptop,influx_dest
power_consumption,1704470063954000000,0.004810419396329974,paolo-laptop,influx_dest
power_consumption,1704470064956000000,0.0040720500486644785,paolo-laptop,influx_dest
power_consumption,1704470065958000000,0.005261424691308523,paolo-laptop,influx_dest
power_consumption,1704470066960000000,0.005306198224339404,paolo-laptop,influx_dest
power_consumption,1704470067963000000,0.004832968477080172,paolo-laptop,influx_dest
power_consumption,1704470068967000000,0.005351511123817919,paolo-laptop,influx_dest
power_consumption,1704470069968000000,0.004929021714564452,paolo-laptop,influx_dest
power_consumption,1704470070970000000,0.012115237914111643,paolo-laptop,influx_dest
power_consumption,1704470071972000000,0.005682762877397149,paolo-laptop,influx_dest
power_consumption,1704470072974000000,0.006448420424416207,paolo-laptop,influx_dest
power_consumption,1704470073975000000,0.0058314669360519725,paolo-laptop,influx_dest
power_consumption,1704470074977000000,0.0041394396012229134,paolo-laptop,influx_dest
power_consumption,1704470075979000000,0.004728211259971114,paolo-laptop,influx_dest
power_consumption,1704470076981000000,0.004953330932772915,paolo-laptop,influx_dest
power_consumption,1704470077984000000,0.005282065988202157,paolo-laptop,influx_dest
power_consumption,1704470078986000000,0.005300971372259141,paolo-laptop,influx_dest
power_consumption,1704470079988000000,0.00461499500366898,paolo-laptop,influx_dest
power_consumption,1704470080990000000,0.011218707677865286,paolo-laptop,influx_dest
power_consumption,1704470081992000000,0.005093669772018092,paolo-laptop,influx_dest
power_consumption,1704470082994000000,0.00521480968017529,paolo-laptop,influx_dest
power_consumption,1704470083997000000,0.004958201659271799,paolo-laptop,influx_dest
power_consumption,1704470085002000000,0.008079177848410812,paolo-laptop,influx_dest
power_consumption,1704470086019000000,0.004439618068038441,paolo-laptop,influx_dest
power_consumption,1704470087026000000,0.0034598524287589826,paolo-laptop,influx_dest
power_consumption,1704470088028000000,0.005847331839475296,paolo-laptop,influx_dest
power_consumption,1704470089030000000,0.006368033790024085,paolo-laptop,influx_dest
power_consumption,1704470090037000000,0.012970694157630958,paolo-laptop,influx_dest
power_consumption,1704470091039000000,0.005975625085878523,paolo-laptop,influx_dest
power_consumption,1704470092042000000,0.004505225594108823,paolo-laptop,influx_dest
power_consumption,1704470093045000000,0.00532414065645049,paolo-laptop,influx_dest
power_consumption,1704470094048000000,0.0038355198442482806,paolo-laptop,influx_dest
power_consumption,1704470095052000000,0.007752141767780285,paolo-laptop,influx_dest
power_consumption,1704470096056000000,0.00341730429453887,paolo-laptop,influx_dest
power_consumption,1704470097061000000,0.009984675189084169,paolo-laptop,influx_dest
power_consumption,1704470098064000000,0.005837946844078887,paolo-laptop,influx_dest
power_consumption,1704470099070000000,0.007472907837970388,paolo-laptop,influx_dest
power_consumption,1704470100074000000,0.010648922397707388,paolo-laptop,influx_dest
power_consumption,1704470101078000000,0.007267152537254245,paolo-laptop,influx_dest
power_consumption,1704470102082000000,0.005646883170087454,paolo-laptop,influx_dest
power_consumption,1704470103087000000,0.005775109861930353,paolo-laptop,influx_dest
power_consumption,1704470104089000000,0.005524599151474199,paolo-laptop,influx_dest
power_consumption,1704470105093000000,0.006868974080165046,paolo-laptop,influx_dest
power_consumption,1704470106096000000,0.006397701257309089,paolo-laptop,influx_dest
power_consumption,1704470107098000000,0.005692266194199647,paolo-laptop,influx_dest
power_consumption,1704470108100000000,0.0071952787049875,paolo-laptop,influx_dest
power_consumption,1704470109104000000,0.0038742288844241385,paolo-laptop,influx_dest
power_consumption,1704470110108000000,0.021555144956819348,paolo-laptop,influx_dest
power_consumption,1704470111110000000,0.005147140652611845,paolo-laptop,influx_dest
power_consumption,1704470112112000000,0.005787820863580589,paolo-laptop,influx_dest
power_consumption,1704470113115000000,0.0036294602493671555,paolo-laptop,influx_dest
power_consumption,1704470114119000000,0.006207818797324042,paolo-laptop,influx_dest
power_consumption,1704470115121000000,0.008769883118756686,paolo-laptop,influx_dest
power_consumption,1704470116125000000,0.003966533059270949,paolo-laptop,influx_dest
power_consumption,1704470117129000000,0.00367980755683053,paolo-laptop,influx_dest
power_consumption,1704470118130000000,0.006125282740953759,paolo-laptop,influx_dest
power_consumption,1704470119135000000,0.011599695033233695,paolo-laptop,influx_dest
power_consumption,1704470120136000000,0.010951889653521011,paolo-laptop,influx_dest
power_consumption,1704470121141000000,0.005434256268829134,paolo-laptop,influx_dest
power_consumption,1704470122148000000,0.0059967243037171184,paolo-laptop,influx_dest
power_consumption,1704470123156000000,0.0053695596480576495,paolo-laptop,influx_dest
power_consumption,1704470124158000000,0.00434423890444709,paolo-laptop,influx_dest
power_consumption,1704470125160000000,0.005262388273797685,paolo-laptop,influx_dest
power_consumption,1704470126165000000,0.007491396721459724,paolo-laptop,influx_dest
power_consumption,1704470127168000000,0.009745402325741639,paolo-laptop,influx_dest
power_consumption,1704470128170000000,0.012878058416761632,paolo-laptop,influx_dest
power_consumption,1704470129172000000,0.0033271153467579534,paolo-laptop,influx_dest
power_consumption,1704470130174000000,0.123896869852673,paolo-laptop,influx_dest
power_consumption,1704470131176000000,0.0048102482305882035,paolo-laptop,influx_dest
power_consumption,1704470132178000000,0.010393797810739252,paolo-laptop,influx_dest
power_consumption,1704470133180000000,0.00442022920086487,paolo-laptop,influx_dest
power_consumption,1704470134182000000,0.0037044719286437847,paolo-laptop,influx_dest
power_consumption,1704470135184000000,0.006427093063968405,paolo-laptop,influx_dest
power_consumption,1704470136185000000,0.011318790027853942,paolo-laptop,influx_dest
power_consumption,1704470137188000000,0.007478961603651919,paolo-laptop,influx_dest
power_consumption,1704470138190000000,0.0036822307983082002,paolo-laptop,influx_dest
power_consumption,1704470139194000000,0.006318315102386786,paolo-laptop,influx_dest
power_consumption,1704470140199000000,0.02149784616042324,paolo-laptop,influx_dest
power_consumption,1704470141202000000,0.00578160199541691,paolo-laptop,influx_dest
power_consumption,1704470142205000000,0.00696831196059422,paolo-laptop,influx_dest
power_consumption,1704470143207000000,0.006626452770113356,paolo-laptop,influx_dest
power_consumption,1704470144211000000,0.006336191370939679,paolo-laptop,influx_dest
power_consumption,1704470145212000000,0.005697668136210829,paolo-laptop,influx_dest
power_consumption,1704470146215000000,0.0056100063628054374,paolo-laptop,influx_dest
power_consumption,1704470147221000000,0.004014429265428964,paolo-laptop,influx_dest
power_consumption,1704470148225000000,0.0257734802316197,paolo-laptop,influx_dest
power_consumption,1704470149228000000,0.006976520051182954,paolo-laptop,influx_dest
power_consumption,1704470150233000000,0.014991669316238005,paolo-laptop,influx_dest
power_consumption,1704470151235000000,0.005668402693729846,paolo-laptop,influx_dest
power_consumption,1704470152237000000,0.008179112389179089,paolo-laptop,influx_dest
power_consumption,1704470153240000000,0.006707863812209025,paolo-laptop,influx_dest
power_consumption,1704470155243000000,0.0049179269882213,paolo-laptop,influx_dest
power_consumption,1704470156247000000,0.006650123587626077,paolo-laptop,influx_dest
power_consumption,1704470157251000000,0.0035044450771500816,paolo-laptop,influx_dest
power_consumption,1704470159256000000,0.003917798091579259,paolo-laptop,influx_dest
power_consumption,1704470160261000000,0.04033962309495017,paolo-laptop,influx_dest
power_consumption,1704470161265000000,0.0034237078166771536,paolo-laptop,influx_dest
power_consumption,1704470163269000000,0.005007502254423271,paolo-laptop,influx_dest
power_consumption,1704470164273000000,0.007038075048154785,paolo-laptop,influx_dest
power_consumption,1704470165277000000,0.003822725391256266,paolo-laptop,influx_dest
power_consumption,1704470166279000000,0.009491012945761945,paolo-laptop,influx_dest
power_consumption,1704470167283000000,0.0034785634851676973,paolo-laptop,influx_dest
power_consumption,1704470168287000000,0.005502531156448049,paolo-laptop,influx_dest
power_consumption,1704470169289000000,0.0037464032196470815,paolo-laptop,influx_dest
power_consumption,1704470170293000000,0.013320902810263623,paolo-laptop,influx_dest
power_consumption,1704470171297000000,0.009478775765627096,paolo-laptop,influx_dest
power_consumption,1704470172299000000,0.003645513574342063,paolo-laptop,influx_dest
power_consumption,1704470173300000000,0.006151143313172087,paolo-laptop,influx_dest
power_consumption,1704470174302000000,0.0072753919878521065,paolo-laptop,influx_dest
power_consumption,1704470175304000000,0.006342497684207429,paolo-laptop,influx_dest
power_consumption,1704470176305000000,0.006561623092933592,paolo-laptop,influx_dest
power_consumption,1704470177308000000,0.00672436138411712,paolo-laptop,influx_dest
power_consumption,1704470178311000000,0.003962740096553111,paolo-laptop,influx_dest
power_consumption,1704470179313000000,0.0036383145109074866,paolo-laptop,influx_dest
power_consumption,1704470180315000000,0.012871027562682682,paolo-laptop,influx_dest
power_consumption,1704470181317000000,0.00438841245148004,paolo-laptop,influx_dest
power_consumption,1704470182318000000,0.00989729896472909,paolo-laptop,influx_dest
power_consumption,1704470183321000000,0.008332902567252278,paolo-laptop,influx_dest
power_consumption,1704470184327000000,0.0033744015947751683,paolo-laptop,influx_dest
power_consumption,1704470185329000000,0.0031867672753039863,paolo-laptop,influx_dest
power_consumption,1704470186332000000,0.003215393353700346,paolo-laptop,influx_dest
power_consumption,1704470187333000000,0.01944957009926249,paolo-laptop,influx_dest
power_consumption,1704470188335000000,0.003940055406588768,paolo-laptop,influx_dest
power_consumption,1704470189338000000,0.005803222486552801,paolo-laptop,influx_dest
power_consumption,1704470190340000000,0.017739178956722897,paolo-laptop,influx_dest
power_consumption,1704470191341000000,0.0066727899847200825,paolo-laptop,influx_dest
power_consumption,1704470192342000000,0.01554923594189363,paolo-laptop,influx_dest
power_consumption,1704470193344000000,0.008601729867021382,paolo-laptop,influx_dest
power_consumption,1704470194345000000,0.0035140634795169465,paolo-laptop,influx_dest
power_consumption,1704470195348000000,0.006172401726831242,paolo-laptop,influx_dest
power_consumption,1704470196349000000,0.006695682275821058,paolo-laptop,influx_dest
power_consumption,1704470197350000000,0.008297511454046754,paolo-laptop,influx_dest
power_consumption,1704470198354000000,0.003934514100083125,paolo-laptop,influx_dest
power_consumption,1704470199358000000,0.006472252840709793,paolo-laptop,influx_dest
power_consumption,1704470200364000000,0.02029247644602537,paolo-laptop,influx_dest
power_consumption,1704470201368000000,0.00987436355681754,paolo-laptop,influx_dest
power_consumption,1704470202373000000,0.010605026937340075,paolo-laptop,influx_dest
power_consumption,1704470203375000000,0.010989707595217868,paolo-laptop,influx_dest
power_consumption,1704470204376000000,0.00920610259885769,paolo-laptop,influx_dest
power_consumption,1704470205379000000,0.010684066025496933,paolo-laptop,influx_dest
power_consumption,1704470206383000000,0.010690544532627147,paolo-laptop,influx_dest
power_consumption,1704470207393000000,0.006670609122575655,paolo-laptop,influx_dest
power_consumption,1704470208396000000,0.006308979276634038,paolo-laptop,influx_dest
power_consumption,1704470209401000000,0.003689550359364178,paolo-laptop,influx_dest
power_consumption,1704470210403000000,0.07466132967066585,paolo-laptop,influx_dest
power_consumption,1704470211404000000,0.004133546554455653,paolo-laptop,influx_dest
power_consumption,1704470212406000000,0.007428807861110067,paolo-laptop,influx_dest
power_consumption,1704470213408000000,0.005914518113333455,paolo-laptop,influx_dest
power_consumption,1704470214414000000,0.0033670734423634405,paolo-laptop,influx_dest
power_consumption,1704470215418000000,0.006959847605542727,paolo-laptop,influx_dest
power_consumption,1704470216420000000,0.0037153485549668817,paolo-laptop,influx_dest
power_consumption,1704470217422000000,0.00753521388617505,paolo-laptop,influx_dest
power_consumption,1704470218423000000,0.0064110941596884855,paolo-laptop,influx_dest
power_consumption,1704470219427000000,0.0028842881335301267,paolo-laptop,influx_dest
power_consumption,1704470220431000000,0.014797999584956506,paolo-laptop,influx_dest
power_consumption,1704470222437000000,0.015395189320169065,paolo-laptop,influx_dest
power_consumption,1704470223439000000,0.006746839451359047,paolo-laptop,influx_dest
power_consumption,1704470224440000000,0.0032168435412492577,paolo-laptop,influx_dest
power_consumption,1704470225442000000,0.005696608163161346,paolo-laptop,influx_dest
power_consumption,1704470226446000000,0.006728927554309271,paolo-laptop,influx_dest
power_consumption,1704470227448000000,0.005489294334823565,paolo-laptop,influx_dest
power_consumption,1704470228449000000,0.0030384165622882897,paolo-laptop,influx_dest
power_consumption,1704470229451000000,0.00681076783004228,paolo-laptop,influx_dest
power_consumption,1704470230455000000,0.010262178636822853,paolo-laptop,influx_dest
power_consumption,1704470231457000000,0.009629128759928399,paolo-laptop,influx_dest
power_consumption,1704470232460000000,0.005272800849169363,paolo-laptop,influx_dest
power_consumption,1704470233462000000,0.005522831242189439,paolo-laptop,influx_dest
power_consumption,1704470234463000000,0.004639360141806266,paolo-laptop,influx_dest
power_consumption,1704470235465000000,0.0050924231379129775,paolo-laptop,influx_dest
power_consumption,1704470236467000000,0.005281430263275731,paolo-laptop,influx_dest
power_consumption,1704470237470000000,0.006352127893780661,paolo-laptop,influx_dest
power_consumption,1704470238472000000,0.005204524824839629,paolo-laptop,influx_dest
power_consumption,1704470239474000000,0.0058629219949749975,paolo-laptop,influx_dest
power_consumption,1704470240478000000,0.023062246278874002,paolo-laptop,influx_dest
power_consumption,1704470241482000000,0.011493623612800704,paolo-laptop,influx_dest
power_consumption,1704470242484000000,0.005893877075112415,paolo-laptop,influx_dest
power_consumption,1704470243487000000,0.007055509681836821,paolo-laptop,influx_dest
power_consumption,1704470244492000000,0.006111654348992418,paolo-laptop,influx_dest
power_consumption,1704470245496000000,0.004210141778243783,paolo-laptop,influx_dest
power_consumption,1704470246498000000,0.0047728473159662724,paolo-laptop,influx_dest
power_consumption,1704470247502000000,0.010012848831717188,paolo-laptop,influx_dest
power_consumption,1704470248505000000,0.010832351855366252,paolo-laptop,influx_dest
power_consumption,1704470249507000000,0.003649562234617097,paolo-laptop,influx_dest
power_consumption,1704470250511000000,0.015535412958454682,paolo-laptop,influx_dest
power_consumption,1704470251515000000,0.006079904257258541,paolo-laptop,influx_dest
power_consumption,1704470253522000000,0.0162635341131992,paolo-laptop,influx_dest
power_consumption,1704470254523000000,0.003509414748772831,paolo-laptop,influx_dest
power_consumption,1704470255526000000,0.005093178445648446,paolo-laptop,influx_dest
power_consumption,1704470256527000000,0.005990728572339649,paolo-laptop,influx_dest
power_consumption,1704470257529000000,0.0033118293368040687,paolo-laptop,influx_dest
power_consumption,1704470258530000000,0.006412177970511889,paolo-laptop,influx_dest
power_consumption,1704470260535000000,0.02148647278123909,paolo-laptop,influx_dest
power_consumption,1704470262540000000,0.01615730284111681,paolo-laptop,influx_dest
power_consumption,1704470263541000000,0.017825201476040924,paolo-laptop,influx_dest
power_consumption,1704470264545000000,0.011992436532149714,paolo-laptop,influx_dest
power_consumption,1704470266550000000,0.0025814976159445366,paolo-laptop,influx_dest
power_consumption,1704470267555000000,0.00800048634679167,paolo-laptop,influx_dest
power_consumption,1704470268558000000,0.009895238192762253,paolo-laptop,influx_dest
power_consumption,1704470269563000000,0.0036188846260849124,paolo-laptop,influx_dest
power_consumption,1704470270570000000,0.020216973317367586,paolo-laptop,influx_dest
power_consumption,1704470271572000000,0.00946692155570963,paolo-laptop,influx_dest
power_consumption,1704470272576000000,0.005807517060756479,paolo-laptop,influx_dest
power_consumption,1704470273580000000,0.0036155009465649885,paolo-laptop,influx_dest
power_consumption,1704470275588000000,0.013603466973199873,paolo-laptop,influx_dest
power_consumption,1704470276591000000,0.017765432288988203,paolo-laptop,influx_dest
power_consumption,1704470278598000000,0.00560340907610388,paolo-laptop,influx_dest
power_consumption,1704470279602000000,0.0054599049461117235,paolo-laptop,influx_dest
power_consumption,1704470280604000000,0.018040880985679627,paolo-laptop,influx_dest
power_consumption,1704470281605000000,0.007615922802398746,paolo-laptop,influx_dest
power_consumption,1704470282609000000,0.006998271333395598,paolo-laptop,influx_dest
power_consumption,1704470283613000000,0.0055758216960171,paolo-laptop,influx_dest
power_consumption,1704470284615000000,0.003709760896854545,paolo-laptop,influx_dest
power_consumption,1704470285617000000,0.004788356684234319,paolo-laptop,influx_dest
power_consumption,1704470286619000000,0.005618571408758141,paolo-laptop,influx_dest
power_consumption,1704470287621000000,0.007594533553289461,paolo-laptop,influx_dest
power_consumption,1704470288624000000,0.005856852240675482,paolo-laptop,influx_dest
power_consumption,1704470289626000000,0.06510965598801235,paolo-laptop,influx_dest
power_consumption,1704470290627000000,0.013478624926601315,paolo-laptop,influx_dest
power_consumption,1704470291631000000,0.003513056784728662,paolo-laptop,influx_dest
power_consumption,1704470292633000000,0.0033798200754096277,paolo-laptop,influx_dest
power_consumption,1704470293636000000,0.006676085720713136,paolo-laptop,influx_dest
power_consumption,1704470294639000000,0.00612005902852541,paolo-laptop,influx_dest
power_consumption,1704470295640000000,0.006614443375768667,paolo-laptop,influx_dest
power_consumption,1704470296642000000,0.00552483544718081,paolo-laptop,influx_dest
power_consumption,1704470297646000000,0.0035937553252656422,paolo-laptop,influx_dest
power_consumption,1704470298651000000,0.01638645564883593,paolo-laptop,influx_dest
power_consumption,1704470299652000000,0.005171421905092516,paolo-laptop,influx_dest
power_consumption,1704470300656000000,0.012347446924491452,paolo-laptop,influx_dest
power_consumption,1704470301661000000,0.0034053449419795033,paolo-laptop,influx_dest
power_consumption,1704470302663000000,0.008086575646312927,paolo-laptop,influx_dest
power_consumption,1704470303665000000,0.004848723048015679,paolo-laptop,influx_dest
power_consumption,1704470304669000000,0.007803202888553467,paolo-laptop,influx_dest
power_consumption,1704470305671000000,0.0033333677485931448,paolo-laptop,influx_dest
power_consumption,1704470306673000000,0.0029821900935248034,paolo-laptop,influx_dest
power_consumption,1704470307675000000,0.0036929515174401323,paolo-laptop,influx_dest
power_consumption,1704470308677000000,0.003334910263844364,paolo-laptop,influx_dest
power_consumption,1704470309679000000,0.00712062860839412,paolo-laptop,influx_dest
power_consumption,1704470310680000000,0.017918235731284416,paolo-laptop,influx_dest
power_consumption,1704470311681000000,0.006463890166452248,paolo-laptop,influx_dest
power_consumption,1704470312683000000,0.01001407487140013,paolo-laptop,influx_dest
power_consumption,1704470313684000000,0.003325262182868015,paolo-laptop,influx_dest
power_consumption,1704470314686000000,0.010769150419140398,paolo-laptop,influx_dest
power_consumption,1704470315688000000,0.014393773506908339,paolo-laptop,influx_dest
power_consumption,1704470316690000000,0.0032550814433346337,paolo-laptop,influx_dest
power_consumption,1704470317692000000,0.00413323998245009,paolo-laptop,influx_dest
power_consumption,1704470318693000000,0.004214857658526607,paolo-laptop,influx_dest
power_consumption,1704470319697000000,0.006842075182790126,paolo-laptop,influx_dest
power_consumption,1704470320699000000,0.011944809650497625,paolo-laptop,influx_dest
power_consumption,1704470321705000000,0.00821685778455694,paolo-laptop,influx_dest
power_consumption,1704470322709000000,0.003787256410071716,paolo-laptop,influx_dest
power_consumption,1704470323711000000,0.009066660664096022,paolo-laptop,influx_dest
power_consumption,1704470324714000000,0.0038407697492109484,paolo-laptop,influx_dest
power_consumption,1704470325715000000,0.010826412725777456,paolo-laptop,influx_dest
power_consumption,1704470326717000000,0.003125418738796985,paolo-laptop,influx_dest
power_consumption,1704470327721000000,0.007162919880043404,paolo-laptop,influx_dest
power_consumption,1704470328722000000,0.0053665300700690005,paolo-laptop,influx_dest
power_consumption,1704470329725000000,0.006338641621145651,paolo-laptop,influx_dest
power_consumption,1704470330726000000,0.014542293454039354,paolo-laptop,influx_dest
power_consumption,1704470331732000000,0.006558154956830903,paolo-laptop,influx_dest
power_consumption,1704470332738000000,0.0076080889044014745,paolo-laptop,influx_dest
power_consumption,1704470333742000000,0.00297207254432973,paolo-laptop,influx_dest
power_consumption,1704470334744000000,0.0028030494580356387,paolo-laptop,influx_dest
power_consumption,1704470335749000000,0.004082750409328755,paolo-laptop,influx_dest
power_consumption,1704470336752000000,0.006444934659189607,paolo-laptop,influx_dest
power_consumption,1704470337754000000,0.013203513189524296,paolo-laptop,influx_dest
power_consumption,1704470338756000000,0.006616202402570481,paolo-laptop,influx_dest
power_consumption,1704470339758000000,0.0036175937925594114,paolo-laptop,influx_dest
power_consumption,1704470340760000000,0.011840854421419446,paolo-laptop,influx_dest
power_consumption,1704470341764000000,0.017239463442924235,paolo-laptop,influx_dest
power_consumption,1704470342766000000,0.006883805751034083,paolo-laptop,influx_dest
power_consumption,1704470343768000000,0.0028356229314081566,paolo-laptop,influx_dest
power_consumption,1704470344770000000,0.006867655280013377,paolo-laptop,influx_dest
power_consumption,1704470345774000000,0.008408137481199193,paolo-laptop,influx_dest
power_consumption,1704470346778000000,0.015434885082136156,paolo-laptop,influx_dest
power_consumption,1704470347780000000,0.004323447870047051,paolo-laptop,influx_dest
power_consumption,1704470348782000000,0.005446214961058274,paolo-laptop,influx_dest
power_consumption,1704470349787000000,0.01734434145039411,paolo-laptop,influx_dest
power_consumption,1704470350791000000,0.020972533109698037,paolo-laptop,influx_dest
power_consumption,1704470351793000000,0.015817633423375672,paolo-laptop,influx_dest
power_consumption,1704470352795000000,0.006239569551829383,paolo-laptop,influx_dest
power_consumption,1704470353799000000,0.0072482262041455095,paolo-laptop,influx_dest
power_consumption,1704470354801000000,0.005360029091105142,paolo-laptop,influx_dest
