name,time,power,sensor,target
power_consumption,1704486289553000000,9.754579545445637,paolo-laptop,crate-container-cd
power_consumption,1704486290554000000,12.380982993595573,paolo-laptop,crate-container-cd
power_consumption,1704486291556000000,11.83515904941287,paolo-laptop,crate-container-cd
power_consumption,1704486292558000000,11.576963885054457,paolo-laptop,crate-container-cd
power_consumption,1704486293561000000,14.276112164670863,paolo-laptop,crate-container-cd
power_consumption,1704486294563000000,13.68247542496128,paolo-laptop,crate-container-cd
power_consumption,1704486295566000000,11.285957345229441,paolo-laptop,crate-container-cd
power_consumption,1704486296569000000,12.434060951455916,paolo-laptop,crate-container-cd
power_consumption,1704486297571000000,12.561448212454845,paolo-laptop,crate-container-cd
power_consumption,1704486298573000000,11.088452915175694,paolo-laptop,crate-container-cd
power_consumption,1704486299575000000,12.12725097924407,paolo-laptop,crate-container-cd
power_consumption,1704486300577000000,11.27691823059175,paolo-laptop,crate-container-cd
power_consumption,1704486301579000000,9.25199043147197,paolo-laptop,crate-container-cd
power_consumption,1704486302580000000,10.56003522862327,paolo-laptop,crate-container-cd
power_consumption,1704486303582000000,13.18922438816376,paolo-laptop,crate-container-cd
power_consumption,1704486304584000000,11.333961932618443,paolo-laptop,crate-container-cd
power_consumption,1704486305586000000,11.163421319955203,paolo-laptop,crate-container-cd
power_consumption,1704486306587000000,12.241312236398477,paolo-laptop,crate-container-cd
power_consumption,1704486307589000000,12.352692475401138,paolo-laptop,crate-container-cd
power_consumption,1704486308592000000,13.412980370883252,paolo-laptop,crate-container-cd
power_consumption,1704486309593000000,11.097844091751506,paolo-laptop,crate-container-cd
power_consumption,1704486312599000000,12.278273238341272,paolo-laptop,crate-container-cd
power_consumption,1704486313601000000,12.623876754667005,paolo-laptop,crate-container-cd
power_consumption,1704486317621000000,13.018646567964204,paolo-laptop,crate-container-cd
power_consumption,1704486322630000000,11.275983892120118,paolo-laptop,crate-container-cd
power_consumption,1704486323631000000,10.35031733195911,paolo-laptop,crate-container-cd
power_consumption,1704486324633000000,13.460769468373963,paolo-laptop,crate-container-cd
power_consumption,1704486325635000000,15.45920808274784,paolo-laptop,crate-container-cd
power_consumption,1704486326636000000,14.300316999662659,paolo-laptop,crate-container-cd
power_consumption,1704486327637000000,9.3852528197931,paolo-laptop,crate-container-cd
power_consumption,1704486328639000000,14.930850341951293,paolo-laptop,crate-container-cd
power_consumption,1704486329641000000,12.78919370747126,paolo-laptop,crate-container-cd
power_consumption,1704486330643000000,11.168808899282729,paolo-laptop,crate-container-cd
power_consumption,1704486331644000000,9.37386536235981,paolo-laptop,crate-container-cd
power_consumption,1704486332646000000,9.961903837005886,paolo-laptop,crate-container-cd
power_consumption,1704486333648000000,9.218080551474436,paolo-laptop,crate-container-cd
power_consumption,1704486334649000000,11.716047861505873,paolo-laptop,crate-container-cd
power_consumption,1704486335650000000,8.900275562741069,paolo-laptop,crate-container-cd
power_consumption,1704486336652000000,11.454552979247145,paolo-laptop,crate-container-cd
power_consumption,1704486337653000000,9.905601879577635,paolo-laptop,crate-container-cd
power_consumption,1704486338655000000,13.35739516693732,paolo-laptop,crate-container-cd
power_consumption,1704486339656000000,8.836112234237214,paolo-laptop,crate-container-cd
power_consumption,1704486340658000000,11.753988194836273,paolo-laptop,crate-container-cd
power_consumption,1704486341660000000,9.376015024939997,paolo-laptop,crate-container-cd
power_consumption,1704486342661000000,9.829917656422365,paolo-laptop,crate-container-cd
power_consumption,1704486344665000000,14.799400304936569,paolo-laptop,crate-container-cd
power_consumption,1704486345668000000,13.250555928662617,paolo-laptop,crate-container-cd
power_consumption,1704486346674000000,15.833665521360857,paolo-laptop,crate-container-cd
power_consumption,1704486348678000000,14.911774984503664,paolo-laptop,crate-container-cd
power_consumption,1704486351684000000,15.550057668551231,paolo-laptop,crate-container-cd
power_consumption,1704486352686000000,15.579893299409207,paolo-laptop,crate-container-cd
power_consumption,1704486353689000000,14.79873015311805,paolo-laptop,crate-container-cd
power_consumption,1704486354691000000,14.519630689325883,paolo-laptop,crate-container-cd
power_consumption,1704486355693000000,13.159155079452862,paolo-laptop,crate-container-cd
power_consumption,1704486356695000000,13.119406414468086,paolo-laptop,crate-container-cd
power_consumption,1704486357697000000,13.949220162326279,paolo-laptop,crate-container-cd
power_consumption,1704486359704000000,13.765615452910474,paolo-laptop,crate-container-cd
power_consumption,1704486360707000000,13.345636510330369,paolo-laptop,crate-container-cd
power_consumption,1704486361709000000,13.208744117926326,paolo-laptop,crate-container-cd
power_consumption,1704486362711000000,13.82779409187583,paolo-laptop,crate-container-cd
power_consumption,1704486363713000000,17.37027164883642,paolo-laptop,crate-container-cd
power_consumption,1704486364715000000,12.989522054909404,paolo-laptop,crate-container-cd
power_consumption,1704486365718000000,13.602791872706117,paolo-laptop,crate-container-cd
power_consumption,1704486366731000000,13.699454815971137,paolo-laptop,crate-container-cd
power_consumption,1704486367747000000,13.31730812357973,paolo-laptop,crate-container-cd
power_consumption,1704486368761000000,12.997363323892683,paolo-laptop,crate-container-cd
power_consumption,1704486369764000000,13.480361501034277,paolo-laptop,crate-container-cd
power_consumption,1704486370766000000,15.517246331088321,paolo-laptop,crate-container-cd
power_consumption,1704486371768000000,14.141494516486498,paolo-laptop,crate-container-cd
power_consumption,1704486372770000000,12.887373014507391,paolo-laptop,crate-container-cd
power_consumption,1704486373772000000,13.708500845339618,paolo-laptop,crate-container-cd
power_consumption,1704486374774000000,12.984564224227052,paolo-laptop,crate-container-cd
power_consumption,1704486375777000000,13.36137903417768,paolo-laptop,crate-container-cd
power_consumption,1704486376779000000,13.484836411582265,paolo-laptop,crate-container-cd
power_consumption,1704486377781000000,13.289933898276681,paolo-laptop,crate-container-cd
power_consumption,1704486378787000000,12.913183774004068,paolo-laptop,crate-container-cd
power_consumption,1704486379789000000,13.58190235028992,paolo-laptop,crate-container-cd
power_consumption,1704486380791000000,12.99317271278879,paolo-laptop,crate-container-cd
power_consumption,1704486381793000000,13.442850593181358,paolo-laptop,crate-container-cd
power_consumption,1704486382795000000,12.3385660518888,paolo-laptop,crate-container-cd
power_consumption,1704486383797000000,12.476943606134292,paolo-laptop,crate-container-cd
power_consumption,1704486384799000000,14.27722634901008,paolo-laptop,crate-container-cd
power_consumption,1704486385801000000,14.341378248417456,paolo-laptop,crate-container-cd
power_consumption,1704486386804000000,14.606869741385452,paolo-laptop,crate-container-cd
power_consumption,1704486387806000000,14.283777855126436,paolo-laptop,crate-container-cd
power_consumption,1704486388808000000,13.597568556440047,paolo-laptop,crate-container-cd
power_consumption,1704486389814000000,14.361191962601502,paolo-laptop,crate-container-cd
power_consumption,1704486390816000000,14.268436343061465,paolo-laptop,crate-container-cd
power_consumption,1704486391819000000,15.416403316386063,paolo-laptop,crate-container-cd
power_consumption,1704486392821000000,15.89501151787573,paolo-laptop,crate-container-cd
power_consumption,1704486393823000000,12.46515048971074,paolo-laptop,crate-container-cd
power_consumption,1704486394825000000,14.011144561268248,paolo-laptop,crate-container-cd
power_consumption,1704486395831000000,14.554713854849876,paolo-laptop,crate-container-cd
power_consumption,1704486396834000000,13.566730071163928,paolo-laptop,crate-container-cd
power_consumption,1704486397836000000,13.765185903012856,paolo-laptop,crate-container-cd
power_consumption,1704486398838000000,13.361244744524232,paolo-laptop,crate-container-cd
power_consumption,1704486399840000000,15.023795028291472,paolo-laptop,crate-container-cd
power_consumption,1704486400842000000,17.5212380571679,paolo-laptop,crate-container-cd
power_consumption,1704486401844000000,13.341841988389252,paolo-laptop,crate-container-cd
power_consumption,1704486402848000000,15.172345766589707,paolo-laptop,crate-container-cd
power_consumption,1704486403853000000,13.864098322821121,paolo-laptop,crate-container-cd
power_consumption,1704486404859000000,13.710882321172198,paolo-laptop,crate-container-cd
power_consumption,1704486405866000000,13.99503461318029,paolo-laptop,crate-container-cd
power_consumption,1704486406869000000,14.793799053791961,paolo-laptop,crate-container-cd
power_consumption,1704486407875000000,13.819582108619294,paolo-laptop,crate-container-cd
power_consumption,1704486408876000000,13.521148922949404,paolo-laptop,crate-container-cd
power_consumption,1704486409878000000,13.12453256525544,paolo-laptop,crate-container-cd
power_consumption,1704486410880000000,13.312409540890764,paolo-laptop,crate-container-cd
power_consumption,1704486411887000000,13.153132272368318,paolo-laptop,crate-container-cd
power_consumption,1704486412890000000,11.216339524065326,paolo-laptop,crate-container-cd
power_consumption,1704486413892000000,13.716441938223149,paolo-laptop,crate-container-cd
power_consumption,1704486414902000000,13.387282046301268,paolo-laptop,crate-container-cd
power_consumption,1704486415905000000,12.722473946438384,paolo-laptop,crate-container-cd
power_consumption,1704486416907000000,12.36877107491436,paolo-laptop,crate-container-cd
power_consumption,1704486417909000000,11.734082900835709,paolo-laptop,crate-container-cd
power_consumption,1704486418911000000,11.012066755493839,paolo-laptop,crate-container-cd
power_consumption,1704486419912000000,11.627827340275022,paolo-laptop,crate-container-cd
power_consumption,1704486420914000000,11.49441508679799,paolo-laptop,crate-container-cd
power_consumption,1704486421915000000,12.487272495881136,paolo-laptop,crate-container-cd
power_consumption,1704486422918000000,11.953526584375883,paolo-laptop,crate-container-cd
power_consumption,1704486423919000000,11.642209005370857,paolo-laptop,crate-container-cd
power_consumption,1704486424920000000,11.571590477573622,paolo-laptop,crate-container-cd
power_consumption,1704486425922000000,10.07502673156074,paolo-laptop,crate-container-cd
power_consumption,1704486426923000000,11.484498055152915,paolo-laptop,crate-container-cd
power_consumption,1704486427924000000,12.048798596337019,paolo-laptop,crate-container-cd
power_consumption,1704486428926000000,13.279810656721331,paolo-laptop,crate-container-cd
power_consumption,1704486429928000000,19.871891572024833,paolo-laptop,crate-container-cd
power_consumption,1704486430931000000,14.712812495009201,paolo-laptop,crate-container-cd
power_consumption,1704486431933000000,15.114361928770704,paolo-laptop,crate-container-cd
power_consumption,1704486432935000000,14.496516296732308,paolo-laptop,crate-container-cd
power_consumption,1704486433937000000,14.682774970483639,paolo-laptop,crate-container-cd
power_consumption,1704486434942000000,13.965052658109727,paolo-laptop,crate-container-cd
power_consumption,1704486435944000000,14.174194930879503,paolo-laptop,crate-container-cd
power_consumption,1704486436946000000,13.98355486110279,paolo-laptop,crate-container-cd
power_consumption,1704486437948000000,13.194216038248165,paolo-laptop,crate-container-cd
power_consumption,1704486438950000000,13.737047028878031,paolo-laptop,crate-container-cd
power_consumption,1704486439952000000,12.799779972403792,paolo-laptop,crate-container-cd
power_consumption,1704486440954000000,12.166494590028387,paolo-laptop,crate-container-cd
power_consumption,1704486441956000000,13.461836885832822,paolo-laptop,crate-container-cd
power_consumption,1704486442958000000,13.381821121013813,paolo-laptop,crate-container-cd
power_consumption,1704486443963000000,10.936093843703784,paolo-laptop,crate-container-cd
power_consumption,1704486445967000000,13.405777626465513,paolo-laptop,crate-container-cd
power_consumption,1704486446968000000,13.395216903854545,paolo-laptop,crate-container-cd
power_consumption,1704486447974000000,14.56494311438644,paolo-laptop,crate-container-cd
power_consumption,1704486448976000000,12.259298656172554,paolo-laptop,crate-container-cd
power_consumption,1704486449979000000,14.23197582613378,paolo-laptop,crate-container-cd
power_consumption,1704486450981000000,13.800860726609354,paolo-laptop,crate-container-cd
power_consumption,1704486451983000000,14.27774241306091,paolo-laptop,crate-container-cd
power_consumption,1704486452985000000,13.5899705629962,paolo-laptop,crate-container-cd
power_consumption,1704486453988000000,14.215340198701536,paolo-laptop,crate-container-cd
power_consumption,1704486454992000000,13.738248940628187,paolo-laptop,crate-container-cd
power_consumption,1704486455997000000,13.754287260953681,paolo-laptop,crate-container-cd
power_consumption,1704486456999000000,13.893051624909402,paolo-laptop,crate-container-cd
power_consumption,1704486458004000000,13.548254179168625,paolo-laptop,crate-container-cd
power_consumption,1704486459006000000,13.895218380592503,paolo-laptop,crate-container-cd
power_consumption,1704486460010000000,13.548425077691444,paolo-laptop,crate-container-cd
power_consumption,1704486461012000000,13.831698578426058,paolo-laptop,crate-container-cd
power_consumption,1704486462014000000,13.617674129545122,paolo-laptop,crate-container-cd
power_consumption,1704486463016000000,13.48613790269254,paolo-laptop,crate-container-cd
power_consumption,1704486464018000000,13.199573124033561,paolo-laptop,crate-container-cd
power_consumption,1704486465020000000,14.278662492163521,paolo-laptop,crate-container-cd
power_consumption,1704486466023000000,13.562435671856257,paolo-laptop,crate-container-cd
power_consumption,1704486467025000000,14.351528014973923,paolo-laptop,crate-container-cd
power_consumption,1704486468029000000,9.284529649293765,paolo-laptop,crate-container-cd
power_consumption,1704486472037000000,13.525451184147219,paolo-laptop,crate-container-cd
power_consumption,1704486480064000000,14.290895159802268,paolo-laptop,crate-container-cd
power_consumption,1704486481066000000,14.525228272509494,paolo-laptop,crate-container-cd
power_consumption,1704486482068000000,14.024196801909374,paolo-laptop,crate-container-cd
power_consumption,1704486484073000000,14.095225611553648,paolo-laptop,crate-container-cd
power_consumption,1704486485076000000,14.287177327917389,paolo-laptop,crate-container-cd
power_consumption,1704486486079000000,13.55504859443115,paolo-laptop,crate-container-cd
power_consumption,1704486487081000000,14.435315576099423,paolo-laptop,crate-container-cd
power_consumption,1704486488084000000,14.01035011885547,paolo-laptop,crate-container-cd
power_consumption,1704486489087000000,14.884688015677906,paolo-laptop,crate-container-cd
power_consumption,1704486490090000000,14.183609379799043,paolo-laptop,crate-container-cd
power_consumption,1704486491093000000,14.554802301559011,paolo-laptop,crate-container-cd
power_consumption,1704486492095000000,13.844729083763019,paolo-laptop,crate-container-cd
power_consumption,1704486493097000000,14.831470590881404,paolo-laptop,crate-container-cd
power_consumption,1704486494099000000,13.997923211107533,paolo-laptop,crate-container-cd
power_consumption,1704486495101000000,14.773505218812035,paolo-laptop,crate-container-cd
power_consumption,1704486496103000000,14.272750060380234,paolo-laptop,crate-container-cd
power_consumption,1704486497105000000,14.858963607936705,paolo-laptop,crate-container-cd
power_consumption,1704486498107000000,14.486731646830819,paolo-laptop,crate-container-cd
power_consumption,1704486499110000000,14.498531083505659,paolo-laptop,crate-container-cd
power_consumption,1704486500112000000,13.988625462682553,paolo-laptop,crate-container-cd
power_consumption,1704486501114000000,14.877579124790545,paolo-laptop,crate-container-cd
power_consumption,1704486502116000000,13.046855771119384,paolo-laptop,crate-container-cd
power_consumption,1704486503119000000,13.288022965974655,paolo-laptop,crate-container-cd
power_consumption,1704486504122000000,13.417074415551717,paolo-laptop,crate-container-cd
power_consumption,1704486505125000000,13.5317673938889,paolo-laptop,crate-container-cd
power_consumption,1704486506127000000,13.216189406287139,paolo-laptop,crate-container-cd
power_consumption,1704486507129000000,13.476503246318206,paolo-laptop,crate-container-cd
power_consumption,1704486508131000000,13.401907465259889,paolo-laptop,crate-container-cd
power_consumption,1704486509133000000,13.421947961549993,paolo-laptop,crate-container-cd
power_consumption,1704486510136000000,13.126654864735126,paolo-laptop,crate-container-cd
power_consumption,1704486511138000000,13.356812032979374,paolo-laptop,crate-container-cd
power_consumption,1704486512140000000,12.819978876361288,paolo-laptop,crate-container-cd
power_consumption,1704486513142000000,13.54062823286041,paolo-laptop,crate-container-cd
power_consumption,1704486514144000000,13.579069467101467,paolo-laptop,crate-container-cd
power_consumption,1704486515147000000,13.674503413294726,paolo-laptop,crate-container-cd
power_consumption,1704486516149000000,13.575901633214464,paolo-laptop,crate-container-cd
power_consumption,1704486517151000000,13.57830457760247,paolo-laptop,crate-container-cd
power_consumption,1704486518153000000,12.162295749775126,paolo-laptop,crate-container-cd
power_consumption,1704486522163000000,13.140042599503351,paolo-laptop,crate-container-cd
power_consumption,1704486523166000000,13.250666734585357,paolo-laptop,crate-container-cd
power_consumption,1704486526181000000,13.311132212281212,paolo-laptop,crate-container-cd
power_consumption,1704486528189000000,13.56039097987183,paolo-laptop,crate-container-cd
power_consumption,1704486530200000000,12.87876769202423,paolo-laptop,crate-container-cd
power_consumption,1704486531202000000,12.61328406113152,paolo-laptop,crate-container-cd
power_consumption,1704486532205000000,13.041960140619464,paolo-laptop,crate-container-cd
power_consumption,1704486533207000000,12.620333096693928,paolo-laptop,crate-container-cd
power_consumption,1704486534209000000,13.14107178397877,paolo-laptop,crate-container-cd
power_consumption,1704486535212000000,12.69604406267716,paolo-laptop,crate-container-cd
power_consumption,1704486536214000000,12.65726792968795,paolo-laptop,crate-container-cd
power_consumption,1704486537216000000,12.10776889061026,paolo-laptop,crate-container-cd
power_consumption,1704486538218000000,12.366509081049708,paolo-laptop,crate-container-cd
power_consumption,1704486539219000000,12.819483717597393,paolo-laptop,crate-container-cd
power_consumption,1704486540221000000,12.7013717742342,paolo-laptop,crate-container-cd
power_consumption,1704486541223000000,12.824687521171427,paolo-laptop,crate-container-cd
power_consumption,1704486542225000000,12.833061233530701,paolo-laptop,crate-container-cd
power_consumption,1704486543228000000,12.657128434574323,paolo-laptop,crate-container-cd
power_consumption,1704486544229000000,12.844635856624812,paolo-laptop,crate-container-cd
power_consumption,1704486545231000000,12.348475784835838,paolo-laptop,crate-container-cd
power_consumption,1704486546233000000,12.56293873109312,paolo-laptop,crate-container-cd
power_consumption,1704486547237000000,10.251818216118771,paolo-laptop,crate-container-cd
power_consumption,1704486549240000000,12.662605429784296,paolo-laptop,crate-container-cd
power_consumption,1704486551246000000,9.885104803715222,paolo-laptop,crate-container-cd
power_consumption,1704486553250000000,13.073245307733906,paolo-laptop,crate-container-cd
power_consumption,1704486554252000000,13.375667069962994,paolo-laptop,crate-container-cd
power_consumption,1704486558264000000,12.884700147336623,paolo-laptop,crate-container-cd
power_consumption,1704486559266000000,13.050310303944812,paolo-laptop,crate-container-cd
power_consumption,1704486563277000000,12.847297092735541,paolo-laptop,crate-container-cd
power_consumption,1704486564279000000,13.256631880551804,paolo-laptop,crate-container-cd
power_consumption,1704486565280000000,13.051545066322415,paolo-laptop,crate-container-cd
power_consumption,1704486566282000000,13.158830224266328,paolo-laptop,crate-container-cd
power_consumption,1704486567284000000,13.058951658349457,paolo-laptop,crate-container-cd
power_consumption,1704486568286000000,13.551318078995262,paolo-laptop,crate-container-cd
power_consumption,1704486569288000000,13.124457441744767,paolo-laptop,crate-container-cd
power_consumption,1704486570291000000,13.49045029541309,paolo-laptop,crate-container-cd
power_consumption,1704486571295000000,13.262453692860785,paolo-laptop,crate-container-cd
power_consumption,1704486574305000000,10.47963771145293,paolo-laptop,crate-container-cd
power_consumption,1704486579315000000,12.36586658434721,paolo-laptop,crate-container-cd
power_consumption,1704486583322000000,13.208778445286743,paolo-laptop,crate-container-cd
power_consumption,1704486584324000000,13.341899528725872,paolo-laptop,crate-container-cd
power_consumption,1704486585326000000,13.204522158639195,paolo-laptop,crate-container-cd
power_consumption,1704486586328000000,13.346875215644792,paolo-laptop,crate-container-cd
power_consumption,1704486587330000000,13.279296041182294,paolo-laptop,crate-container-cd
power_consumption,1704486588333000000,13.509995870154855,paolo-laptop,crate-container-cd
power_consumption,1704486589335000000,13.101223730032139,paolo-laptop,crate-container-cd
power_consumption,1704486590337000000,13.373144974458807,paolo-laptop,crate-container-cd
power_consumption,1704486591339000000,13.157982054274385,paolo-laptop,crate-container-cd
power_consumption,1704486592341000000,13.273048851486752,paolo-laptop,crate-container-cd
power_consumption,1704486593343000000,13.239758712436942,paolo-laptop,crate-container-cd
power_consumption,1704486594345000000,13.535077559395727,paolo-laptop,crate-container-cd
power_consumption,1704486595347000000,12.998904297699113,paolo-laptop,crate-container-cd
power_consumption,1704486596350000000,13.434778033363813,paolo-laptop,crate-container-cd
power_consumption,1704486597352000000,12.662365539653983,paolo-laptop,crate-container-cd
power_consumption,1704486598354000000,13.308810136173264,paolo-laptop,crate-container-cd
power_consumption,1704486599356000000,13.240396424499888,paolo-laptop,crate-container-cd
power_consumption,1704486600359000000,13.368615425594918,paolo-laptop,crate-container-cd
power_consumption,1704486601362000000,13.482742782234585,paolo-laptop,crate-container-cd
power_consumption,1704486602365000000,13.247298855458162,paolo-laptop,crate-container-cd
power_consumption,1704486603368000000,12.980937038271179,paolo-laptop,crate-container-cd
power_consumption,1704486604370000000,13.17204361706003,paolo-laptop,crate-container-cd
power_consumption,1704486605376000000,13.189019291199333,paolo-laptop,crate-container-cd
power_consumption,1704486606382000000,13.329057986834647,paolo-laptop,crate-container-cd
power_consumption,1704486607384000000,13.433020878159077,paolo-laptop,crate-container-cd
power_consumption,1704486608387000000,13.295970849721915,paolo-laptop,crate-container-cd
power_consumption,1704486609389000000,13.408132132998677,paolo-laptop,crate-container-cd
power_consumption,1704486610392000000,13.237849825772097,paolo-laptop,crate-container-cd
power_consumption,1704486611396000000,13.427133861738476,paolo-laptop,crate-container-cd
power_consumption,1704486612400000000,13.183984877943187,paolo-laptop,crate-container-cd
power_consumption,1704486613403000000,13.110475637189772,paolo-laptop,crate-container-cd
power_consumption,1704486614405000000,13.301671814483715,paolo-laptop,crate-container-cd
power_consumption,1704486615407000000,13.270229781362488,paolo-laptop,crate-container-cd
power_consumption,1704486616409000000,13.025442509166924,paolo-laptop,crate-container-cd
power_consumption,1704486617411000000,13.458233995027951,paolo-laptop,crate-container-cd
power_consumption,1704486618413000000,13.177072227704901,paolo-laptop,crate-container-cd
power_consumption,1704486619416000000,13.316976274166807,paolo-laptop,crate-container-cd
power_consumption,1704486620418000000,12.890759939668134,paolo-laptop,crate-container-cd
power_consumption,1704486621420000000,13.421660914268692,paolo-laptop,crate-container-cd
power_consumption,1704486622422000000,13.277639600732648,paolo-laptop,crate-container-cd
power_consumption,1704486623425000000,13.418894729905773,paolo-laptop,crate-container-cd
power_consumption,1704486624427000000,13.056477935377112,paolo-laptop,crate-container-cd
power_consumption,1704486625433000000,13.107990067114663,paolo-laptop,crate-container-cd
power_consumption,1704486626435000000,13.02466707853926,paolo-laptop,crate-container-cd
power_consumption,1704486627438000000,13.388267640282336,paolo-laptop,crate-container-cd
power_consumption,1704486628441000000,12.748072552754378,paolo-laptop,crate-container-cd
power_consumption,1704486629443000000,13.10922773601592,paolo-laptop,crate-container-cd
power_consumption,1704486630445000000,12.791364559761433,paolo-laptop,crate-container-cd
power_consumption,1704486632452000000,10.121723433752543,paolo-laptop,crate-container-cd
power_consumption,1704486636462000000,11.73072240591047,paolo-laptop,crate-container-cd
power_consumption,1704486639470000000,12.226970070620913,paolo-laptop,crate-container-cd
power_consumption,1704486640472000000,12.349797390987973,paolo-laptop,crate-container-cd
power_consumption,1704486641474000000,12.507366796818726,paolo-laptop,crate-container-cd
power_consumption,1704486642476000000,13.0159615575993,paolo-laptop,crate-container-cd
power_consumption,1704486643478000000,13.18692263018749,paolo-laptop,crate-container-cd
power_consumption,1704486644481000000,11.165705529090213,paolo-laptop,crate-container-cd
power_consumption,1704486646486000000,12.348719625115708,paolo-laptop,crate-container-cd
power_consumption,1704486647494000000,12.797743533788541,paolo-laptop,crate-container-cd
power_consumption,1704486648497000000,12.082366229708692,paolo-laptop,crate-container-cd
power_consumption,1704486649499000000,12.834526407616291,paolo-laptop,crate-container-cd
power_consumption,1704486650502000000,12.625301772462356,paolo-laptop,crate-container-cd
power_consumption,1704486651504000000,12.639916987157552,paolo-laptop,crate-container-cd
power_consumption,1704486652506000000,11.892677170355451,paolo-laptop,crate-container-cd
power_consumption,1704486654512000000,9.174503882989148,paolo-laptop,crate-container-cd
power_consumption,1704486658520000000,10.632824499408084,paolo-laptop,crate-container-cd
power_consumption,1704486684591000000,4.374520289652532,paolo-laptop,crate-container-cd
power_consumption,1704486691613000000,9.888265728463903,paolo-laptop,crate-container-cd
power_consumption,1704486693618000000,11.381329574610206,paolo-laptop,crate-container-cd
power_consumption,1704486694620000000,10.964268582532005,paolo-laptop,crate-container-cd
power_consumption,1704486695622000000,12.445833685710582,paolo-laptop,crate-container-cd
power_consumption,1704486697626000000,12.3266501705534,paolo-laptop,crate-container-cd
power_consumption,1704486698628000000,11.866064348829934,paolo-laptop,crate-container-cd
power_consumption,1704486699630000000,10.39666130671567,paolo-laptop,crate-container-cd
power_consumption,1704486700631000000,11.285627929712769,paolo-laptop,crate-container-cd
power_consumption,1704486701633000000,11.518668377745659,paolo-laptop,crate-container-cd
power_consumption,1704486702635000000,11.76456998509201,paolo-laptop,crate-container-cd
power_consumption,1704486703637000000,10.051189292359417,paolo-laptop,crate-container-cd
power_consumption,1704486704638000000,11.360621825413869,paolo-laptop,crate-container-cd
power_consumption,1704486705640000000,9.619226217063972,paolo-laptop,crate-container-cd
power_consumption,1704486706642000000,11.226311198639376,paolo-laptop,crate-container-cd
power_consumption,1704486707644000000,7.942641242893158,paolo-laptop,crate-container-cd
power_consumption,1704486708645000000,10.941158142126437,paolo-laptop,crate-container-cd
power_consumption,1704486709647000000,10.172980530946996,paolo-laptop,crate-container-cd
power_consumption,1704486710649000000,11.187694556738634,paolo-laptop,crate-container-cd
power_consumption,1704486711651000000,10.117439553639109,paolo-laptop,crate-container-cd
power_consumption,1704486712652000000,3.438276618833326,paolo-laptop,crate-container-cd
power_consumption,1704486714658000000,8.072877298965187,paolo-laptop,crate-container-cd
power_consumption,1704486715660000000,12.743370080981027,paolo-laptop,crate-container-cd
power_consumption,1704486716662000000,12.958716840271379,paolo-laptop,crate-container-cd
power_consumption,1704486717663000000,12.870476919436541,paolo-laptop,crate-container-cd
power_consumption,1704486718667000000,5.298631070419349,paolo-laptop,crate-container-cd
power_consumption,1704486720673000000,10.086554141518658,paolo-laptop,crate-container-cd
power_consumption,1704486721674000000,14.845261458879236,paolo-laptop,crate-container-cd
power_consumption,1704486722678000000,2.6704376341199727,paolo-laptop,crate-container-cd
power_consumption,1704486723679000000,10.451177622204106,paolo-laptop,crate-container-cd
power_consumption,1704486724681000000,14.191621031955826,paolo-laptop,crate-container-cd
power_consumption,1704486725683000000,13.955868947516407,paolo-laptop,crate-container-cd
power_consumption,1704486726686000000,14.2827794694701,paolo-laptop,crate-container-cd
power_consumption,1704486727688000000,14.224234187795382,paolo-laptop,crate-container-cd
power_consumption,1704486731696000000,12.922193482060841,paolo-laptop,crate-container-cd
power_consumption,1704486732698000000,12.971377584646692,paolo-laptop,crate-container-cd
power_consumption,1704486733701000000,13.404057910499255,paolo-laptop,crate-container-cd
power_consumption,1704486734703000000,2.767716676640791,paolo-laptop,crate-container-cd
power_consumption,1704486735705000000,3.8201465129592362,paolo-laptop,crate-container-cd
power_consumption,1704486736706000000,4.190844496623709,paolo-laptop,crate-container-cd
power_consumption,1704486737707000000,3.96303293518376,paolo-laptop,crate-container-cd
power_consumption,1704486738709000000,3.4472383848008272,paolo-laptop,crate-container-cd
power_consumption,1704486739711000000,12.620962950322612,paolo-laptop,crate-container-cd
power_consumption,1704486740713000000,7.440331524067736,paolo-laptop,crate-container-cd
power_consumption,1704486741715000000,11.445908288100394,paolo-laptop,crate-container-cd
power_consumption,1704486742719000000,4.799323343797211,paolo-laptop,crate-container-cd
power_consumption,1704486746729000000,12.519734731361783,paolo-laptop,crate-container-cd
power_consumption,1704486747731000000,12.526781906018613,paolo-laptop,crate-container-cd
power_consumption,1704486748733000000,11.968750291665879,paolo-laptop,crate-container-cd
power_consumption,1704486749735000000,12.304184791756494,paolo-laptop,crate-container-cd
power_consumption,1704486750737000000,4.786970149343042,paolo-laptop,crate-container-cd
power_consumption,1704486751739000000,12.05880931477915,paolo-laptop,crate-container-cd
power_consumption,1704486752741000000,12.399877220745617,paolo-laptop,crate-container-cd
power_consumption,1704486753744000000,9.277970253369844,paolo-laptop,crate-container-cd
power_consumption,1704486754748000000,5.38429342632888,paolo-laptop,crate-container-cd
power_consumption,1704486755750000000,9.589086605794218,paolo-laptop,crate-container-cd
power_consumption,1704486756755000000,10.774670082506855,paolo-laptop,crate-container-cd
power_consumption,1704486757758000000,13.909754019440763,paolo-laptop,crate-container-cd
power_consumption,1704486758765000000,6.037865739490014,paolo-laptop,crate-container-cd
power_consumption,1704486760769000000,8.753413324478721,paolo-laptop,crate-container-cd
power_consumption,1704486761771000000,11.850906386447926,paolo-laptop,crate-container-cd
power_consumption,1704486762773000000,11.185106039055444,paolo-laptop,crate-container-cd
power_consumption,1704486763779000000,6.548712727343138,paolo-laptop,crate-container-cd
power_consumption,1704486765786000000,10.614930057215854,paolo-laptop,crate-container-cd
power_consumption,1704486766788000000,9.335605194318306,paolo-laptop,crate-container-cd
power_consumption,1704486767791000000,8.658099115483825,paolo-laptop,crate-container-cd
power_consumption,1704486770807000000,12.48618149811885,paolo-laptop,crate-container-cd
power_consumption,1704486771811000000,6.361484600931991,paolo-laptop,crate-container-cd
power_consumption,1704486772813000000,7.070581493332152,paolo-laptop,crate-container-cd
power_consumption,1704486773814000000,10.786050822108173,paolo-laptop,crate-container-cd
power_consumption,1704486776823000000,8.122558346383027,paolo-laptop,crate-container-cd
power_consumption,1704486778831000000,6.86308750011563,paolo-laptop,crate-container-cd
power_consumption,1704486779834000000,12.892980507332474,paolo-laptop,crate-container-cd
power_consumption,1704486780836000000,10.319243503500925,paolo-laptop,crate-container-cd
power_consumption,1704486781839000000,3.2253624004040597,paolo-laptop,crate-container-cd
power_consumption,1704486783845000000,8.727949569038872,paolo-laptop,crate-container-cd
power_consumption,1704486784846000000,11.54391998843899,paolo-laptop,crate-container-cd
power_consumption,1704486785848000000,11.66631724096721,paolo-laptop,crate-container-cd
power_consumption,1704486790857000000,5.394814569061214,paolo-laptop,crate-container-cd
power_consumption,1704486791859000000,5.809031367186261,paolo-laptop,crate-container-cd
power_consumption,1704486792861000000,13.425683934861759,paolo-laptop,crate-container-cd
power_consumption,1704486793863000000,13.02626181737315,paolo-laptop,crate-container-cd
power_consumption,1704486795867000000,12.219960144811516,paolo-laptop,crate-container-cd
power_consumption,1704486796870000000,12.620145135177463,paolo-laptop,crate-container-cd
power_consumption,1704486797872000000,13.178370760340325,paolo-laptop,crate-container-cd
power_consumption,1704486798874000000,12.030939794423212,paolo-laptop,crate-container-cd
power_consumption,1704486799877000000,12.42264232479371,paolo-laptop,crate-container-cd
power_consumption,1704486800879000000,12.666072928681338,paolo-laptop,crate-container-cd
power_consumption,1704486801882000000,4.453977129398169,paolo-laptop,crate-container-cd
power_consumption,1704486802886000000,6.19365708534426,paolo-laptop,crate-container-cd
power_consumption,1704486804890000000,12.443425335929136,paolo-laptop,crate-container-cd
power_consumption,1704486805891000000,11.383333662042196,paolo-laptop,crate-container-cd
power_consumption,1704486806893000000,11.531927043130121,paolo-laptop,crate-container-cd
power_consumption,1704486807895000000,12.394381657966134,paolo-laptop,crate-container-cd
power_consumption,1704486808897000000,11.832473035107586,paolo-laptop,crate-container-cd
power_consumption,1704486809899000000,12.323771162010406,paolo-laptop,crate-container-cd
power_consumption,1704486810901000000,12.203456749474718,paolo-laptop,crate-container-cd
power_consumption,1704486811903000000,12.55928709323266,paolo-laptop,crate-container-cd
power_consumption,1704486812905000000,11.730774165283076,paolo-laptop,crate-container-cd
power_consumption,1704486813912000000,12.414798517527167,paolo-laptop,crate-container-cd
power_consumption,1704486814929000000,12.702039185619974,paolo-laptop,crate-container-cd
power_consumption,1704486815933000000,5.165354557757834,paolo-laptop,crate-container-cd
power_consumption,1704486816934000000,8.183059906614313,paolo-laptop,crate-container-cd
power_consumption,1704486817938000000,3.4695415419135944,paolo-laptop,crate-container-cd
power_consumption,1704486818940000000,7.398111667302532,paolo-laptop,crate-container-cd
power_consumption,1704486819942000000,11.752004735373843,paolo-laptop,crate-container-cd
power_consumption,1704486820944000000,12.197754480387676,paolo-laptop,crate-container-cd
power_consumption,1704486821945000000,12.105331308864542,paolo-laptop,crate-container-cd
power_consumption,1704486822948000000,12.473711579131018,paolo-laptop,crate-container-cd
power_consumption,1704486823950000000,12.325979380871939,paolo-laptop,crate-container-cd
power_consumption,1704486824954000000,3.191228302341232,paolo-laptop,crate-container-cd
power_consumption,1704486828966000000,10.14940971917574,paolo-laptop,crate-container-cd
power_consumption,1704486829968000000,12.824825800503934,paolo-laptop,crate-container-cd
power_consumption,1704486830970000000,13.08006076430717,paolo-laptop,crate-container-cd
power_consumption,1704486831972000000,13.65062673826225,paolo-laptop,crate-container-cd
power_consumption,1704486832977000000,11.734691098409865,paolo-laptop,crate-container-cd
power_consumption,1704486833985000000,3.896175219701815,paolo-laptop,crate-container-cd
power_consumption,1704486835990000000,6.463014947650024,paolo-laptop,crate-container-cd
power_consumption,1704486836992000000,13.243346277709907,paolo-laptop,crate-container-cd
power_consumption,1704486837994000000,13.016460543609693,paolo-laptop,crate-container-cd
power_consumption,1704486838998000000,4.897068118372703,paolo-laptop,crate-container-cd
power_consumption,1704486840000000000,14.971930870531613,paolo-laptop,crate-container-cd
power_consumption,1704486841002000000,16.48543836832114,paolo-laptop,crate-container-cd
power_consumption,1704486842007000000,3.998620203805247,paolo-laptop,crate-container-cd
power_consumption,1704486843009000000,11.964008608421867,paolo-laptop,crate-container-cd
power_consumption,1704486844016000000,3.835201754434368,paolo-laptop,crate-container-cd
power_consumption,1704486845020000000,4.6152282293455,paolo-laptop,crate-container-cd
power_consumption,1704486846022000000,7.704755580018653,paolo-laptop,crate-container-cd
power_consumption,1704486847023000000,10.720165286062382,paolo-laptop,crate-container-cd
power_consumption,1704486848026000000,12.843755369565235,paolo-laptop,crate-container-cd
power_consumption,1704486849037000000,7.209543226633437,paolo-laptop,crate-container-cd
power_consumption,1704486850041000000,12.585899304207917,paolo-laptop,crate-container-cd
power_consumption,1704486851044000000,12.498763421242417,paolo-laptop,crate-container-cd
power_consumption,1704486853049000000,4.703515990183798,paolo-laptop,crate-container-cd
power_consumption,1704486855055000000,5.121426195590164,paolo-laptop,crate-container-cd
power_consumption,1704486856058000000,2.414221757806666,paolo-laptop,crate-container-cd
power_consumption,1704486857059000000,6.0967387046763815,paolo-laptop,crate-container-cd
power_consumption,1704486858061000000,5.9247904940877,paolo-laptop,crate-container-cd
power_consumption,1704486859063000000,3.291671766781043,paolo-laptop,crate-container-cd
power_consumption,1704486860065000000,12.56672154072433,paolo-laptop,crate-container-cd
power_consumption,1704486861067000000,12.854378290013894,paolo-laptop,crate-container-cd
power_consumption,1704486862069000000,8.119818969028376,paolo-laptop,crate-container-cd
power_consumption,1704486863071000000,6.893156276319811,paolo-laptop,crate-container-cd
power_consumption,1704486865076000000,12.355415462008985,paolo-laptop,crate-container-cd
power_consumption,1704486866078000000,2.7693078691990425,paolo-laptop,crate-container-cd
power_consumption,1704486867079000000,4.999024599650433,paolo-laptop,crate-container-cd
power_consumption,1704486868081000000,6.7988301084604945,paolo-laptop,crate-container-cd
power_consumption,1704486869087000000,3.422956416564334,paolo-laptop,crate-container-cd
power_consumption,1704486870090000000,7.518159804984046,paolo-laptop,crate-container-cd
power_consumption,1704486871092000000,3.615897125098445,paolo-laptop,crate-container-cd
power_consumption,1704486873095000000,12.755028277828984,paolo-laptop,crate-container-cd
power_consumption,1704486875104000000,4.9717838932663465,paolo-laptop,crate-container-cd
power_consumption,1704486876106000000,5.8634244867617955,paolo-laptop,crate-container-cd
power_consumption,1704486878114000000,6.644533111907035,paolo-laptop,crate-container-cd
power_consumption,1704486879117000000,11.426757258086376,paolo-laptop,crate-container-cd
power_consumption,1704486880123000000,12.947249877677471,paolo-laptop,crate-container-cd
power_consumption,1704486882128000000,11.736995858100958,paolo-laptop,crate-container-cd
power_consumption,1704486883131000000,12.25525682728406,paolo-laptop,crate-container-cd
power_consumption,1704486884136000000,12.580573455669459,paolo-laptop,crate-container-cd
power_consumption,1704486885138000000,13.158924785537952,paolo-laptop,crate-container-cd
power_consumption,1704486886140000000,12.844438559307573,paolo-laptop,crate-container-cd
power_consumption,1704486887144000000,12.334309799493873,paolo-laptop,crate-container-cd
power_consumption,1704486889147000000,4.41322805828238,paolo-laptop,crate-container-cd
power_consumption,1704486890149000000,12.566830781633723,paolo-laptop,crate-container-cd
power_consumption,1704486891151000000,12.857607077547257,paolo-laptop,crate-container-cd
power_consumption,1704486892153000000,13.54325906005755,paolo-laptop,crate-container-cd
power_consumption,1704486893156000000,12.171811016708835,paolo-laptop,crate-container-cd
power_consumption,1704486894158000000,11.729711126436033,paolo-laptop,crate-container-cd
power_consumption,1704486895161000000,12.116951119142016,paolo-laptop,crate-container-cd
power_consumption,1704486896163000000,12.340529558713373,paolo-laptop,crate-container-cd
power_consumption,1704486897165000000,12.064070928532411,paolo-laptop,crate-container-cd
power_consumption,1704486898171000000,12.220554759355236,paolo-laptop,crate-container-cd
power_consumption,1704486899173000000,11.573990471517778,paolo-laptop,crate-container-cd
power_consumption,1704486900175000000,12.524745246427443,paolo-laptop,crate-container-cd
power_consumption,1704486901178000000,12.769918700014188,paolo-laptop,crate-container-cd
power_consumption,1704486902182000000,3.69025238082356,paolo-laptop,crate-container-cd
power_consumption,1704486903186000000,1.9932851316227282,paolo-laptop,crate-container-cd
power_consumption,1704486904188000000,8.068676093350602,paolo-laptop,crate-container-cd
power_consumption,1704486905190000000,12.169280496652876,paolo-laptop,crate-container-cd
power_consumption,1704486906194000000,11.205699971678202,paolo-laptop,crate-container-cd
power_consumption,1704486908198000000,3.706877979485481,paolo-laptop,crate-container-cd
power_consumption,1704486909200000000,12.335309353959003,paolo-laptop,crate-container-cd
power_consumption,1704486910202000000,11.650034238611592,paolo-laptop,crate-container-cd
power_consumption,1704486911204000000,11.991763076597802,paolo-laptop,crate-container-cd
power_consumption,1704486912205000000,12.276668032539476,paolo-laptop,crate-container-cd
power_consumption,1704486913207000000,11.293052529023122,paolo-laptop,crate-container-cd
power_consumption,1704486914209000000,11.29796787251368,paolo-laptop,crate-container-cd
power_consumption,1704486915211000000,11.961336584967015,paolo-laptop,crate-container-cd
power_consumption,1704486916213000000,11.134518523728536,paolo-laptop,crate-container-cd
power_consumption,1704486918220000000,2.010570442413055,paolo-laptop,crate-container-cd
power_consumption,1704486919223000000,9.789420281167732,paolo-laptop,crate-container-cd
power_consumption,1704486920225000000,13.174366063007563,paolo-laptop,crate-container-cd
power_consumption,1704486921227000000,12.338070403891177,paolo-laptop,crate-container-cd
power_consumption,1704486922232000000,10.727390893254574,paolo-laptop,crate-container-cd
power_consumption,1704486923234000000,4.143310698301129,paolo-laptop,crate-container-cd
power_consumption,1704486924236000000,2.035661413706471,paolo-laptop,crate-container-cd
power_consumption,1704486925238000000,11.525046103055484,paolo-laptop,crate-container-cd
power_consumption,1704486926240000000,11.797250383647096,paolo-laptop,crate-container-cd
power_consumption,1704486927242000000,11.341547509410628,paolo-laptop,crate-container-cd
power_consumption,1704486928244000000,3.68129416617346,paolo-laptop,crate-container-cd
power_consumption,1704486930250000000,9.066299913141549,paolo-laptop,crate-container-cd
power_consumption,1704486931253000000,5.111034361333822,paolo-laptop,crate-container-cd
power_consumption,1704486932257000000,2.9879432633852163,paolo-laptop,crate-container-cd
power_consumption,1704486933260000000,3.835320442419246,paolo-laptop,crate-container-cd
power_consumption,1704486934263000000,5.212803542509223,paolo-laptop,crate-container-cd
power_consumption,1704486935264000000,13.022722589059715,paolo-laptop,crate-container-cd
power_consumption,1704486936267000000,12.023051675964387,paolo-laptop,crate-container-cd
power_consumption,1704486937269000000,10.30201181092526,paolo-laptop,crate-container-cd
power_consumption,1704486938271000000,11.825204927008837,paolo-laptop,crate-container-cd
power_consumption,1704486939273000000,11.567974292720919,paolo-laptop,crate-container-cd
power_consumption,1704486940275000000,4.719558879163332,paolo-laptop,crate-container-cd
power_consumption,1704486949303000000,1.5787441650872978,paolo-laptop,crate-container-cd
power_consumption,1704486950304000000,0.5481517351921011,paolo-laptop,crate-container-cd
power_consumption,1704486951306000000,5.759094436449986,paolo-laptop,crate-container-cd
power_consumption,1704486952308000000,2.0326163203595784,paolo-laptop,crate-container-cd
power_consumption,1704486953310000000,4.494322854560452,paolo-laptop,crate-container-cd
power_consumption,1704486955319000000,0.7140660034344363,paolo-laptop,crate-container-cd
power_consumption,1704486956323000000,3.591122350023635,paolo-laptop,crate-container-cd
power_consumption,1704486957327000000,3.1526768804379133,paolo-laptop,crate-container-cd
power_consumption,1704486958328000000,9.738831394276852,paolo-laptop,crate-container-cd
power_consumption,1704486959332000000,0.7833354071693062,paolo-laptop,crate-container-cd
power_consumption,1704486960334000000,9.188775674625273,paolo-laptop,crate-container-cd
power_consumption,1704486961338000000,4.250384679227937,paolo-laptop,crate-container-cd
power_consumption,1704486963343000000,6.817268350015565,paolo-laptop,crate-container-cd
power_consumption,1704486964345000000,11.214185526860945,paolo-laptop,crate-container-cd
power_consumption,1704486965349000000,10.728177847002428,paolo-laptop,crate-container-cd
power_consumption,1704486969364000000,4.732739641340633,paolo-laptop,crate-container-cd
power_consumption,1704486970367000000,7.553925343730745,paolo-laptop,crate-container-cd
power_consumption,1704486971371000000,2.731707609432303,paolo-laptop,crate-container-cd
power_consumption,1704486972373000000,9.922619100776627,paolo-laptop,crate-container-cd
power_consumption,1704486973375000000,14.124233081018048,paolo-laptop,crate-container-cd
power_consumption,1704486974379000000,11.543686861807927,paolo-laptop,crate-container-cd
power_consumption,1704486977386000000,12.488490349153505,paolo-laptop,crate-container-cd
power_consumption,1704486978388000000,12.84488334290117,paolo-laptop,crate-container-cd
power_consumption,1704486979390000000,12.624342433443658,paolo-laptop,crate-container-cd
power_consumption,1704486980394000000,6.427834417779369,paolo-laptop,crate-container-cd
power_consumption,1704486981395000000,3.0368546645996974,paolo-laptop,crate-container-cd
power_consumption,1704486982399000000,2.494418373380049,paolo-laptop,crate-container-cd
power_consumption,1704486983405000000,1.134038712904729,paolo-laptop,crate-container-cd
power_consumption,1704486984409000000,3.9819009357389734,paolo-laptop,crate-container-cd
power_consumption,1704486987417000000,11.379805820873464,paolo-laptop,crate-container-cd
power_consumption,1704486988420000000,7.660998054730863,paolo-laptop,crate-container-cd
power_consumption,1704486989421000000,2.759889256634497,paolo-laptop,crate-container-cd
power_consumption,1704486990423000000,12.294147050513304,paolo-laptop,crate-container-cd
power_consumption,1704486991425000000,1.651849819822361,paolo-laptop,crate-container-cd
power_consumption,1704486992427000000,1.865851714393196,paolo-laptop,crate-container-cd
power_consumption,1704486993429000000,4.75232956832992,paolo-laptop,crate-container-cd
power_consumption,1704486994431000000,3.5626621746344354,paolo-laptop,crate-container-cd
power_consumption,1704486995432000000,4.665830016782651,paolo-laptop,crate-container-cd
power_consumption,1704486996434000000,7.951932161096119,paolo-laptop,crate-container-cd
power_consumption,1704486997437000000,6.7848239015405225,paolo-laptop,crate-container-cd
power_consumption,1704486998439000000,1.8086482756601983,paolo-laptop,crate-container-cd
power_consumption,1704486999441000000,10.81473662714496,paolo-laptop,crate-container-cd
power_consumption,1704487000443000000,12.083409974985,paolo-laptop,crate-container-cd
power_consumption,1704487001445000000,12.384328406590782,paolo-laptop,crate-container-cd
power_consumption,1704487002448000000,8.352651967667429,paolo-laptop,crate-container-cd
power_consumption,1704487003450000000,3.2640581692063186,paolo-laptop,crate-container-cd
power_consumption,1704487004455000000,7.467842037161406,paolo-laptop,crate-container-cd
power_consumption,1704487005458000000,6.020552291401099,paolo-laptop,crate-container-cd
power_consumption,1704487006463000000,7.914070140674717,paolo-laptop,crate-container-cd
power_consumption,1704487007468000000,3.7084775056440056,paolo-laptop,crate-container-cd
power_consumption,1704487008470000000,12.097571574728446,paolo-laptop,crate-container-cd
power_consumption,1704487009473000000,2.152985135779478,paolo-laptop,crate-container-cd
power_consumption,1704487010476000000,6.670408734680726,paolo-laptop,crate-container-cd
power_consumption,1704487011477000000,11.465589686227345,paolo-laptop,crate-container-cd
power_consumption,1704487012483000000,4.260959768705497,paolo-laptop,crate-container-cd
power_consumption,1704487013485000000,8.394545157338705,paolo-laptop,crate-container-cd
power_consumption,1704487014487000000,12.258202632635378,paolo-laptop,crate-container-cd
power_consumption,1704487015489000000,13.216325157047347,paolo-laptop,crate-container-cd
power_consumption,1704487016491000000,12.32062932215279,paolo-laptop,crate-container-cd
power_consumption,1704487017493000000,11.971722122454393,paolo-laptop,crate-container-cd
power_consumption,1704487018496000000,12.271079371916972,paolo-laptop,crate-container-cd
power_consumption,1704487019498000000,6.03225484366654,paolo-laptop,crate-container-cd
power_consumption,1704487020499000000,11.372522848498399,paolo-laptop,crate-container-cd
power_consumption,1704487021501000000,11.391605437267152,paolo-laptop,crate-container-cd
power_consumption,1704487022503000000,10.591628729849898,paolo-laptop,crate-container-cd
power_consumption,1704487023505000000,10.558045426065307,paolo-laptop,crate-container-cd
power_consumption,1704487024506000000,11.552973206596146,paolo-laptop,crate-container-cd
power_consumption,1704487025508000000,11.00754292008697,paolo-laptop,crate-container-cd
power_consumption,1704487026510000000,10.821728594704155,paolo-laptop,crate-container-cd
power_consumption,1704487027512000000,10.951015267033362,paolo-laptop,crate-container-cd
power_consumption,1704487028514000000,12.424917763230873,paolo-laptop,crate-container-cd
power_consumption,1704487029515000000,11.46542253075095,paolo-laptop,crate-container-cd
power_consumption,1704487030519000000,6.899004181804102,paolo-laptop,crate-container-cd
power_consumption,1704487031523000000,3.3694905494040333,paolo-laptop,crate-container-cd
power_consumption,1704487033527000000,12.781247476635755,paolo-laptop,crate-container-cd
power_consumption,1704487034528000000,12.257912055755739,paolo-laptop,crate-container-cd
power_consumption,1704487036534000000,1.7029304519133497,paolo-laptop,crate-container-cd
power_consumption,1704487037536000000,9.604088046207433,paolo-laptop,crate-container-cd
power_consumption,1704487038538000000,10.60791970622342,paolo-laptop,crate-container-cd
power_consumption,1704487039539000000,9.816390079785162,paolo-laptop,crate-container-cd
power_consumption,1704487040541000000,11.669809912765903,paolo-laptop,crate-container-cd
power_consumption,1704487041547000000,7.372152112797061,paolo-laptop,crate-container-cd
power_consumption,1704487042549000000,11.766266693732144,paolo-laptop,crate-container-cd
power_consumption,1704487043550000000,11.68581937822215,paolo-laptop,crate-container-cd
power_consumption,1704487044552000000,11.455325804860383,paolo-laptop,crate-container-cd
power_consumption,1704487045553000000,9.692860515508993,paolo-laptop,crate-container-cd
power_consumption,1704487046555000000,9.701850777552702,paolo-laptop,crate-container-cd
power_consumption,1704487047556000000,9.728137425162075,paolo-laptop,crate-container-cd
power_consumption,1704487048558000000,9.955952421369076,paolo-laptop,crate-container-cd
power_consumption,1704487049562000000,6.803357297573886,paolo-laptop,crate-container-cd
power_consumption,1704487051567000000,2.7865589166800206,paolo-laptop,crate-container-cd
power_consumption,1704487052569000000,11.4900803175893,paolo-laptop,crate-container-cd
power_consumption,1704487053570000000,10.25639605044228,paolo-laptop,crate-container-cd
power_consumption,1704487054576000000,1.6180012830831982,paolo-laptop,crate-container-cd
power_consumption,1704487055582000000,0.2891613839101069,paolo-laptop,crate-container-cd
power_consumption,1704487056583000000,6.6587023415269355,paolo-laptop,crate-container-cd
power_consumption,1704487057585000000,7.027846600106282,paolo-laptop,crate-container-cd
power_consumption,1704487058588000000,9.613249612263203,paolo-laptop,crate-container-cd
power_consumption,1704487060594000000,4.985133078667201,paolo-laptop,crate-container-cd
power_consumption,1704487061596000000,11.288104277726344,paolo-laptop,crate-container-cd
power_consumption,1704487062597000000,6.540474466305243,paolo-laptop,crate-container-cd
power_consumption,1704487063601000000,7.859618621852918,paolo-laptop,crate-container-cd
power_consumption,1704487065607000000,3.5698774877189283,paolo-laptop,crate-container-cd
power_consumption,1704487066608000000,6.293104102869658,paolo-laptop,crate-container-cd
power_consumption,1704487067610000000,3.908161934498135,paolo-laptop,crate-container-cd
power_consumption,1704487069615000000,13.144042717206545,paolo-laptop,crate-container-cd
power_consumption,1704487070619000000,13.166668870262368,paolo-laptop,crate-container-cd
power_consumption,1704487071621000000,13.23045782174933,paolo-laptop,crate-container-cd
power_consumption,1704487072623000000,12.303960297677625,paolo-laptop,crate-container-cd
power_consumption,1704487073626000000,13.953409589781888,paolo-laptop,crate-container-cd
power_consumption,1704487074629000000,14.318267907563676,paolo-laptop,crate-container-cd
power_consumption,1704487075631000000,14.045012319360499,paolo-laptop,crate-container-cd
power_consumption,1704487076638000000,14.087664322481988,paolo-laptop,crate-container-cd
power_consumption,1704487077640000000,14.19623680440094,paolo-laptop,crate-container-cd
power_consumption,1704487078642000000,13.623302180589732,paolo-laptop,crate-container-cd
power_consumption,1704487079644000000,13.61258206306876,paolo-laptop,crate-container-cd
power_consumption,1704487080647000000,13.310349145775191,paolo-laptop,crate-container-cd
power_consumption,1704487081653000000,13.842575236389209,paolo-laptop,crate-container-cd
power_consumption,1704487082655000000,13.480905994335128,paolo-laptop,crate-container-cd
power_consumption,1704487083657000000,13.16785983203734,paolo-laptop,crate-container-cd
power_consumption,1704487084660000000,13.231614889118383,paolo-laptop,crate-container-cd
power_consumption,1704487085662000000,14.006283491920499,paolo-laptop,crate-container-cd
power_consumption,1704487086664000000,14.028660609263092,paolo-laptop,crate-container-cd
power_consumption,1704487087666000000,13.369588499749291,paolo-laptop,crate-container-cd
power_consumption,1704487088668000000,14.264654249637918,paolo-laptop,crate-container-cd
power_consumption,1704487089674000000,13.831163362999833,paolo-laptop,crate-container-cd
power_consumption,1704487090676000000,13.396221674922739,paolo-laptop,crate-container-cd
power_consumption,1704487091681000000,13.212829606851123,paolo-laptop,crate-container-cd
power_consumption,1704487092683000000,13.063493506246022,paolo-laptop,crate-container-cd
power_consumption,1704487093685000000,13.21178819826114,paolo-laptop,crate-container-cd
power_consumption,1704487094688000000,12.971892804392198,paolo-laptop,crate-container-cd
power_consumption,1704487095690000000,12.832754286696648,paolo-laptop,crate-container-cd
power_consumption,1704487096692000000,14.116067304399532,paolo-laptop,crate-container-cd
power_consumption,1704487097695000000,14.48740501993208,paolo-laptop,crate-container-cd
power_consumption,1704487098697000000,13.651774164379164,paolo-laptop,crate-container-cd
power_consumption,1704487099701000000,12.25787435542973,paolo-laptop,crate-container-cd
power_consumption,1704487100703000000,5.764100662957446,paolo-laptop,crate-container-cd
power_consumption,1704487101704000000,12.515576014309469,paolo-laptop,crate-container-cd
power_consumption,1704487102706000000,13.181262572784572,paolo-laptop,crate-container-cd
power_consumption,1704487103711000000,8.39392209341396,paolo-laptop,crate-container-cd
power_consumption,1704487104716000000,8.936159829866762,paolo-laptop,crate-container-cd
power_consumption,1704487105718000000,7.415689377042609,paolo-laptop,crate-container-cd
power_consumption,1704487106719000000,13.352180895316973,paolo-laptop,crate-container-cd
power_consumption,1704487107721000000,2.8242787961687736,paolo-laptop,crate-container-cd
power_consumption,1704487108725000000,5.821517354763059,paolo-laptop,crate-container-cd
power_consumption,1704487109727000000,10.188392869618436,paolo-laptop,crate-container-cd
power_consumption,1704487110729000000,4.634852280607683,paolo-laptop,crate-container-cd
power_consumption,1704487111736000000,3.841961509964052,paolo-laptop,crate-container-cd
power_consumption,1704487112740000000,5.264983864732146,paolo-laptop,crate-container-cd
power_consumption,1704487113742000000,4.977571895395925,paolo-laptop,crate-container-cd
power_consumption,1704487115746000000,14.679207823300928,paolo-laptop,crate-container-cd
power_consumption,1704487116750000000,9.13046193449141,paolo-laptop,crate-container-cd
power_consumption,1704487117752000000,9.994356120870544,paolo-laptop,crate-container-cd
power_consumption,1704487118754000000,13.27727791893399,paolo-laptop,crate-container-cd
power_consumption,1704487119756000000,3.089453984774321,paolo-laptop,crate-container-cd
power_consumption,1704487120760000000,5.234625327438589,paolo-laptop,crate-container-cd
power_consumption,1704487121763000000,7.60915999583052,paolo-laptop,crate-container-cd
power_consumption,1704487122765000000,6.60657474943244,paolo-laptop,crate-container-cd
power_consumption,1704487123768000000,5.159293958733483,paolo-laptop,crate-container-cd
power_consumption,1704487124772000000,8.78135775897379,paolo-laptop,crate-container-cd
power_consumption,1704487125774000000,4.196298519656614,paolo-laptop,crate-container-cd
power_consumption,1704487126777000000,3.2846965746717487,paolo-laptop,crate-container-cd
power_consumption,1704487127783000000,6.536334643433537,paolo-laptop,crate-container-cd
power_consumption,1704487128785000000,6.4243893930212845,paolo-laptop,crate-container-cd
power_consumption,1704487129787000000,12.723634565535892,paolo-laptop,crate-container-cd
power_consumption,1704487130792000000,10.791257177660869,paolo-laptop,crate-container-cd
power_consumption,1704487131794000000,3.676086117263387,paolo-laptop,crate-container-cd
power_consumption,1704487132797000000,4.801580702534925,paolo-laptop,crate-container-cd
power_consumption,1704487133801000000,5.523029587721626,paolo-laptop,crate-container-cd
power_consumption,1704487134802000000,6.646403209896968,paolo-laptop,crate-container-cd
power_consumption,1704487136806000000,7.598627648194804,paolo-laptop,crate-container-cd
power_consumption,1704487137807000000,3.475468694946902,paolo-laptop,crate-container-cd
power_consumption,1704487138810000000,12.914823355538587,paolo-laptop,crate-container-cd
power_consumption,1704487139812000000,6.310080947704088,paolo-laptop,crate-container-cd
power_consumption,1704487140814000000,6.519568278116042,paolo-laptop,crate-container-cd
power_consumption,1704487141815000000,3.937712229601778,paolo-laptop,crate-container-cd
power_consumption,1704487142818000000,5.331309750023582,paolo-laptop,crate-container-cd
power_consumption,1704487143820000000,3.633867395268552,paolo-laptop,crate-container-cd
power_consumption,1704487144821000000,13.673828665541347,paolo-laptop,crate-container-cd
power_consumption,1704487145824000000,12.956065739182645,paolo-laptop,crate-container-cd
power_consumption,1704487146826000000,2.83976522994605,paolo-laptop,crate-container-cd
power_consumption,1704487147834000000,9.370271290616156,paolo-laptop,crate-container-cd
power_consumption,1704487148839000000,6.501310133532998,paolo-laptop,crate-container-cd
power_consumption,1704487149841000000,3.2217294865879413,paolo-laptop,crate-container-cd
power_consumption,1704487150843000000,12.702198012221075,paolo-laptop,crate-container-cd
power_consumption,1704487151847000000,8.345492866483022,paolo-laptop,crate-container-cd
power_consumption,1704487152849000000,5.794193460428987,paolo-laptop,crate-container-cd
power_consumption,1704487153853000000,4.358333517862658,paolo-laptop,crate-container-cd
power_consumption,1704487154859000000,5.010362522457281,paolo-laptop,crate-container-cd
power_consumption,1704487155864000000,1.8878843103071894,paolo-laptop,crate-container-cd
power_consumption,1704487156869000000,5.579589817424392,paolo-laptop,crate-container-cd
power_consumption,1704487157871000000,7.59534463901491,paolo-laptop,crate-container-cd
power_consumption,1704487158875000000,10.857444452299992,paolo-laptop,crate-container-cd
power_consumption,1704487159878000000,6.576005847230555,paolo-laptop,crate-container-cd
power_consumption,1704487160882000000,8.80460675314998,paolo-laptop,crate-container-cd
power_consumption,1704487161885000000,5.617415509622246,paolo-laptop,crate-container-cd
power_consumption,1704487162888000000,7.243161835157639,paolo-laptop,crate-container-cd
power_consumption,1704487163892000000,1.6633605398803213,paolo-laptop,crate-container-cd
power_consumption,1704487165897000000,5.724070550236311,paolo-laptop,crate-container-cd
power_consumption,1704487166899000000,14.932093882137606,paolo-laptop,crate-container-cd
power_consumption,1704487167901000000,14.936055312666971,paolo-laptop,crate-container-cd
power_consumption,1704487168903000000,15.201049502054897,paolo-laptop,crate-container-cd
power_consumption,1704487169905000000,14.774063111482864,paolo-laptop,crate-container-cd
power_consumption,1704487170907000000,15.397885802875223,paolo-laptop,crate-container-cd
power_consumption,1704487171909000000,13.491685785101685,paolo-laptop,crate-container-cd
power_consumption,1704487173917000000,1.2279629700579031,paolo-laptop,crate-container-cd
power_consumption,1704487174919000000,5.450075364220545,paolo-laptop,crate-container-cd
power_consumption,1704487175921000000,14.803692536689756,paolo-laptop,crate-container-cd
power_consumption,1704487176923000000,15.219599131625396,paolo-laptop,crate-container-cd
power_consumption,1704487177926000000,13.265929896225236,paolo-laptop,crate-container-cd
power_consumption,1704487180936000000,5.264720183782639,paolo-laptop,crate-container-cd
power_consumption,1704487181940000000,2.7527023958996466,paolo-laptop,crate-container-cd
power_consumption,1704487182944000000,9.299246221348369,paolo-laptop,crate-container-cd
power_consumption,1704487183945000000,7.007152807838211,paolo-laptop,crate-container-cd
power_consumption,1704487184947000000,12.347595111074106,paolo-laptop,crate-container-cd
power_consumption,1704487185949000000,12.30972679377129,paolo-laptop,crate-container-cd
power_consumption,1704487186952000000,3.4168179501975113,paolo-laptop,crate-container-cd
power_consumption,1704487187955000000,7.13502257389289,paolo-laptop,crate-container-cd
power_consumption,1704487188960000000,11.437015723319133,paolo-laptop,crate-container-cd
power_consumption,1704487189964000000,5.290623510134925,paolo-laptop,crate-container-cd
power_consumption,1704487190969000000,3.378792963314473,paolo-laptop,crate-container-cd
power_consumption,1704487191974000000,5.953103304678878,paolo-laptop,crate-container-cd
power_consumption,1704487192979000000,5.659269120052545,paolo-laptop,crate-container-cd
power_consumption,1704487193981000000,5.603270555825622,paolo-laptop,crate-container-cd
power_consumption,1704487194984000000,5.7265880848505715,paolo-laptop,crate-container-cd
power_consumption,1704487195988000000,4.107438627883355,paolo-laptop,crate-container-cd
power_consumption,1704487196990000000,5.384445125244133,paolo-laptop,crate-container-cd
power_consumption,1704487197991000000,12.239373459070514,paolo-laptop,crate-container-cd
power_consumption,1704487198993000000,12.424217174876809,paolo-laptop,crate-container-cd
power_consumption,1704487199995000000,12.385656759983647,paolo-laptop,crate-container-cd
power_consumption,1704487200997000000,11.758817958778017,paolo-laptop,crate-container-cd
power_consumption,1704487201999000000,13.10351037897042,paolo-laptop,crate-container-cd
power_consumption,1704487203000000000,0.7845401429804858,paolo-laptop,crate-container-cd
power_consumption,1704487204001000000,5.5190089497598604,paolo-laptop,crate-container-cd
power_consumption,1704487205003000000,4.480667512884805,paolo-laptop,crate-container-cd
power_consumption,1704487206005000000,1.619918547867752,paolo-laptop,crate-container-cd
power_consumption,1704487207006000000,8.426506475845933,paolo-laptop,crate-container-cd
power_consumption,1704487208007000000,12.741751885077806,paolo-laptop,crate-container-cd
power_consumption,1704487209009000000,4.269004412361139,paolo-laptop,crate-container-cd
power_consumption,1704487210012000000,3.1318637794332913,paolo-laptop,crate-container-cd
power_consumption,1704487211014000000,2.3338608881251326,paolo-laptop,crate-container-cd
power_consumption,1704487212016000000,11.847679792684737,paolo-laptop,crate-container-cd
power_consumption,1704487213018000000,12.524863342457156,paolo-laptop,crate-container-cd
power_consumption,1704487214021000000,12.425409814046159,paolo-laptop,crate-container-cd
power_consumption,1704487215023000000,13.357524839466837,paolo-laptop,crate-container-cd
power_consumption,1704487216026000000,12.042329670302752,paolo-laptop,crate-container-cd
power_consumption,1704487217028000000,12.046334994581873,paolo-laptop,crate-container-cd
power_consumption,1704487218030000000,12.020960890848457,paolo-laptop,crate-container-cd
power_consumption,1704487219033000000,10.964194148596196,paolo-laptop,crate-container-cd
power_consumption,1704487220035000000,11.335906958236084,paolo-laptop,crate-container-cd
power_consumption,1704487221038000000,11.857121062999756,paolo-laptop,crate-container-cd
power_consumption,1704487222041000000,11.83369149732296,paolo-laptop,crate-container-cd
power_consumption,1704487223042000000,11.912657772666428,paolo-laptop,crate-container-cd
power_consumption,1704487224044000000,11.309761563123665,paolo-laptop,crate-container-cd
power_consumption,1704487225046000000,11.950246753070502,paolo-laptop,crate-container-cd
power_consumption,1704487226048000000,11.73354842826964,paolo-laptop,crate-container-cd
power_consumption,1704487227050000000,10.842305872284417,paolo-laptop,crate-container-cd
power_consumption,1704487228052000000,10.498667168072842,paolo-laptop,crate-container-cd
power_consumption,1704487229053000000,1.7165486502730802,paolo-laptop,crate-container-cd
power_consumption,1704487230055000000,11.482551303864078,paolo-laptop,crate-container-cd
power_consumption,1704487231057000000,11.746502521894978,paolo-laptop,crate-container-cd
power_consumption,1704487232059000000,10.421566345071138,paolo-laptop,crate-container-cd
power_consumption,1704487233063000000,3.8121941358699964,paolo-laptop,crate-container-cd
power_consumption,1704487234066000000,1.6267614753890594,paolo-laptop,crate-container-cd
power_consumption,1704487235069000000,1.9787167168616904,paolo-laptop,crate-container-cd
power_consumption,1704487236074000000,5.054642981666262,paolo-laptop,crate-container-cd
power_consumption,1704487238084000000,2.3362996768719473,paolo-laptop,crate-container-cd
power_consumption,1704487239089000000,2.198631075319908,paolo-laptop,crate-container-cd
power_consumption,1704487240094000000,2.832226443963876,paolo-laptop,crate-container-cd
power_consumption,1704487241099000000,4.53340439075159,paolo-laptop,crate-container-cd
power_consumption,1704487243109000000,2.274892101244051,paolo-laptop,crate-container-cd
power_consumption,1704487244113000000,0.8705998474449747,paolo-laptop,crate-container-cd
power_consumption,1704487245118000000,1.528422163931554,paolo-laptop,crate-container-cd
power_consumption,1704487246121000000,2.7537609568137804,paolo-laptop,crate-container-cd
power_consumption,1704487247123000000,3.316685047170012,paolo-laptop,crate-container-cd
power_consumption,1704487248125000000,0.5193212829124952,paolo-laptop,crate-container-cd
power_consumption,1704487249127000000,11.46395269463861,paolo-laptop,crate-container-cd
power_consumption,1704487250130000000,11.25479018321909,paolo-laptop,crate-container-cd
power_consumption,1704487252136000000,6.836462668980619,paolo-laptop,crate-container-cd
power_consumption,1704487253137000000,10.316339479564464,paolo-laptop,crate-container-cd
power_consumption,1704487254138000000,10.343192726871354,paolo-laptop,crate-container-cd
power_consumption,1704487255142000000,2.3214492059945417,paolo-laptop,crate-container-cd
power_consumption,1704487256145000000,2.487764797397309,paolo-laptop,crate-container-cd
power_consumption,1704487257148000000,2.165752495484773,paolo-laptop,crate-container-cd
power_consumption,1704487258153000000,0.6738845423200521,paolo-laptop,crate-container-cd
power_consumption,1704487259156000000,8.203287112139057,paolo-laptop,crate-container-cd
power_consumption,1704487260159000000,4.983838767032785,paolo-laptop,crate-container-cd
power_consumption,1704487261161000000,7.2439933114422335,paolo-laptop,crate-container-cd
power_consumption,1704487262165000000,5.3677778196429085,paolo-laptop,crate-container-cd
power_consumption,1704487263166000000,2.7239567218614407,paolo-laptop,crate-container-cd
power_consumption,1704487264171000000,1.55736072823412,paolo-laptop,crate-container-cd
power_consumption,1704487265173000000,12.401229534642098,paolo-laptop,crate-container-cd
power_consumption,1704487266177000000,4.459660545792885,paolo-laptop,crate-container-cd
power_consumption,1704487267179000000,4.147468748359884,paolo-laptop,crate-container-cd
power_consumption,1704487268181000000,5.674334906348094,paolo-laptop,crate-container-cd
power_consumption,1704487269183000000,4.585256255058205,paolo-laptop,crate-container-cd
power_consumption,1704487270184000000,7.69110299584906,paolo-laptop,crate-container-cd
power_consumption,1704487271186000000,2.715852333817872,paolo-laptop,crate-container-cd
power_consumption,1704487272187000000,2.941171511348781,paolo-laptop,crate-container-cd
power_consumption,1704487273189000000,9.325709967991916,paolo-laptop,crate-container-cd
power_consumption,1704487274191000000,3.5257264582794354,paolo-laptop,crate-container-cd
power_consumption,1704487275192000000,2.4337382168352,paolo-laptop,crate-container-cd
power_consumption,1704487276193000000,6.485964632409253,paolo-laptop,crate-container-cd
power_consumption,1704487277199000000,0.610904148738879,paolo-laptop,crate-container-cd
power_consumption,1704487278212000000,11.74826862584105,paolo-laptop,crate-container-cd
power_consumption,1704487279213000000,6.737031235799185,paolo-laptop,crate-container-cd
power_consumption,1704487280215000000,1.283534960925525,paolo-laptop,crate-container-cd
power_consumption,1704487281216000000,8.24751781641823,paolo-laptop,crate-container-cd
power_consumption,1704487282219000000,6.436909185828362,paolo-laptop,crate-container-cd
power_consumption,1704487283222000000,3.3743846581944434,paolo-laptop,crate-container-cd
power_consumption,1704487284223000000,3.310000460448852,paolo-laptop,crate-container-cd
power_consumption,1704487285225000000,0.7324870320543944,paolo-laptop,crate-container-cd
power_consumption,1704487286228000000,0.9136504959227791,paolo-laptop,crate-container-cd
power_consumption,1704487287234000000,7.566414391612481,paolo-laptop,crate-container-cd
power_consumption,1704487288236000000,3.0714391127334864,paolo-laptop,crate-container-cd
power_consumption,1704487289242000000,4.161367559903457,paolo-laptop,crate-container-cd
power_consumption,1704487290251000000,4.38021371493775,paolo-laptop,crate-container-cd
power_consumption,1704487291255000000,4.841301478980828,paolo-laptop,crate-container-cd
power_consumption,1704487292261000000,1.7888840499163488,paolo-laptop,crate-container-cd
power_consumption,1704487293263000000,8.6714792545414,paolo-laptop,crate-container-cd
power_consumption,1704487294267000000,2.4319002886993664,paolo-laptop,crate-container-cd
power_consumption,1704487295272000000,7.519940970230855,paolo-laptop,crate-container-cd
power_consumption,1704487296276000000,2.850192876125203,paolo-laptop,crate-container-cd
power_consumption,1704487297278000000,3.553953516751154,paolo-laptop,crate-container-cd
power_consumption,1704487298282000000,6.0417727930571985,paolo-laptop,crate-container-cd
power_consumption,1704487299284000000,4.741422184417625,paolo-laptop,crate-container-cd
power_consumption,1704487300289000000,9.675426395882562,paolo-laptop,crate-container-cd
power_consumption,1704487301292000000,8.44499363454907,paolo-laptop,crate-container-cd
power_consumption,1704487302296000000,7.786281353407996,paolo-laptop,crate-container-cd
power_consumption,1704487303300000000,2.8583690073651953,paolo-laptop,crate-container-cd
power_consumption,1704487304304000000,5.382484239324323,paolo-laptop,crate-container-cd
power_consumption,1704487305308000000,2.326555593775785,paolo-laptop,crate-container-cd
power_consumption,1704487306310000000,8.104249230228898,paolo-laptop,crate-container-cd
power_consumption,1704487307311000000,10.597230731189441,paolo-laptop,crate-container-cd
power_consumption,1704487308313000000,11.364041734409673,paolo-laptop,crate-container-cd
power_consumption,1704487309315000000,12.211238616682621,paolo-laptop,crate-container-cd
power_consumption,1704487310317000000,11.565369895373589,paolo-laptop,crate-container-cd
power_consumption,1704487311319000000,9.871346474735015,paolo-laptop,crate-container-cd
power_consumption,1704487312323000000,5.192006180127967,paolo-laptop,crate-container-cd
power_consumption,1704487313326000000,2.417032286941187,paolo-laptop,crate-container-cd
power_consumption,1704487314327000000,1.6110644063095159,paolo-laptop,crate-container-cd
power_consumption,1704487315329000000,14.72141943064468,paolo-laptop,crate-container-cd
power_consumption,1704487316333000000,4.219011121454733,paolo-laptop,crate-container-cd
power_consumption,1704487317337000000,3.0514514656923266,paolo-laptop,crate-container-cd
power_consumption,1704487318339000000,5.9869164526617205,paolo-laptop,crate-container-cd
power_consumption,1704487319343000000,4.082002894078735,paolo-laptop,crate-container-cd
power_consumption,1704487320347000000,10.426448627650796,paolo-laptop,crate-container-cd
power_consumption,1704487322352000000,1.0336257895054506,paolo-laptop,crate-container-cd
power_consumption,1704487323358000000,1.8490881445739444,paolo-laptop,crate-container-cd
power_consumption,1704487324361000000,14.314704202367814,paolo-laptop,crate-container-cd
power_consumption,1704487325363000000,11.389893508595549,paolo-laptop,crate-container-cd
power_consumption,1704487326365000000,11.378134265608566,paolo-laptop,crate-container-cd
power_consumption,1704487327369000000,5.291768652865411,paolo-laptop,crate-container-cd
power_consumption,1704487328373000000,0.301312623786301,paolo-laptop,crate-container-cd
power_consumption,1704487329377000000,2.6276645942305477,paolo-laptop,crate-container-cd
power_consumption,1704487330379000000,4.6063473384292655,paolo-laptop,crate-container-cd
power_consumption,1704487331380000000,6.483895134615432,paolo-laptop,crate-container-cd
power_consumption,1704487332382000000,11.690597813509013,paolo-laptop,crate-container-cd
power_consumption,1704487333384000000,4.421068278573138,paolo-laptop,crate-container-cd
power_consumption,1704487334385000000,6.887257324060869,paolo-laptop,crate-container-cd
power_consumption,1704487335387000000,3.0831181931716656,paolo-laptop,crate-container-cd
power_consumption,1704487336389000000,0.5902950306576638,paolo-laptop,crate-container-cd
power_consumption,1704487337390000000,0.32720321918873335,paolo-laptop,crate-container-cd
power_consumption,1704487338392000000,0.25093495243697367,paolo-laptop,crate-container-cd
power_consumption,1704487339394000000,0.40474731495392374,paolo-laptop,crate-container-cd
power_consumption,1704487340396000000,0.7516411847227956,paolo-laptop,crate-container-cd
power_consumption,1704487341398000000,0.407091299289032,paolo-laptop,crate-container-cd
power_consumption,1704487342402000000,0.3270609764141272,paolo-laptop,crate-container-cd
power_consumption,1704487343408000000,0.3724231775325398,paolo-laptop,crate-container-cd
power_consumption,1704487344412000000,0.3365884744150401,paolo-laptop,crate-container-cd
power_consumption,1704487345413000000,9.869273719261667,paolo-laptop,crate-container-cd
power_consumption,1704487346415000000,12.033309291704391,paolo-laptop,crate-container-cd
power_consumption,1704487347417000000,4.754460787839459,paolo-laptop,crate-container-cd
power_consumption,1704487348419000000,9.338794785822568,paolo-laptop,crate-container-cd
power_consumption,1704487349421000000,11.156516069954211,paolo-laptop,crate-container-cd
power_consumption,1704487350424000000,6.0654415853440025,paolo-laptop,crate-container-cd
power_consumption,1704487351428000000,7.173092974164043,paolo-laptop,crate-container-cd
power_consumption,1704487352430000000,1.7153946024937665,paolo-laptop,crate-container-cd
power_consumption,1704487353433000000,8.461632964477866,paolo-laptop,crate-container-cd
power_consumption,1704487354441000000,2.336653487277299,paolo-laptop,crate-container-cd
power_consumption,1704487355443000000,11.712972091732109,paolo-laptop,crate-container-cd
power_consumption,1704487356446000000,7.297473797213192,paolo-laptop,crate-container-cd
power_consumption,1704487357450000000,2.144395065030027,paolo-laptop,crate-container-cd
power_consumption,1704487358454000000,0.0816059898943187,paolo-laptop,crate-container-cd
power_consumption,1704487359457000000,0.9121748067297185,paolo-laptop,crate-container-cd
power_consumption,1704487360459000000,2.428194880173505,paolo-laptop,crate-container-cd
power_consumption,1704487361460000000,4.2827538657743345,paolo-laptop,crate-container-cd
power_consumption,1704487362464000000,4.694476599631449,paolo-laptop,crate-container-cd
power_consumption,1704487363466000000,5.01872682574133,paolo-laptop,crate-container-cd
power_consumption,1704487364468000000,5.925944879774975,paolo-laptop,crate-container-cd
power_consumption,1704487365470000000,10.126101917571173,paolo-laptop,crate-container-cd
power_consumption,1704487366471000000,10.063176421797051,paolo-laptop,crate-container-cd
power_consumption,1704487367475000000,3.9792371765872794,paolo-laptop,crate-container-cd
power_consumption,1704487368477000000,3.992747636306426,paolo-laptop,crate-container-cd
power_consumption,1704487369480000000,1.6404008426301966,paolo-laptop,crate-container-cd
power_consumption,1704487370488000000,5.574885802807574,paolo-laptop,crate-container-cd
power_consumption,1704487372495000000,6.295793993660274,paolo-laptop,crate-container-cd
power_consumption,1704487373497000000,12.686882511161185,paolo-laptop,crate-container-cd
power_consumption,1704487374499000000,13.107492552864596,paolo-laptop,crate-container-cd
power_consumption,1704487375501000000,12.57640278054433,paolo-laptop,crate-container-cd
power_consumption,1704487376504000000,12.690962263414832,paolo-laptop,crate-container-cd
power_consumption,1704487378509000000,5.887723189917196,paolo-laptop,crate-container-cd
power_consumption,1704487379513000000,1.1562316969821016,paolo-laptop,crate-container-cd
power_consumption,1704487380514000000,13.38582055304433,paolo-laptop,crate-container-cd
power_consumption,1704487381518000000,7.866360076357019,paolo-laptop,crate-container-cd
power_consumption,1704487382522000000,0.5588573983943697,paolo-laptop,crate-container-cd
power_consumption,1704487383526000000,0.2341727901749589,paolo-laptop,crate-container-cd
power_consumption,1704487384530000000,0.18551337095009263,paolo-laptop,crate-container-cd
power_consumption,1704487385532000000,2.654912174377608,paolo-laptop,crate-container-cd
power_consumption,1704487386534000000,14.313615686663738,paolo-laptop,crate-container-cd
power_consumption,1704487387538000000,1.0790036687665983,paolo-laptop,crate-container-cd
power_consumption,1704487388543000000,0.1728454302983017,paolo-laptop,crate-container-cd
power_consumption,1704487389548000000,0.6107740685338285,paolo-laptop,crate-container-cd
power_consumption,1704487390552000000,1.2695144909309075,paolo-laptop,crate-container-cd
power_consumption,1704487391556000000,5.0150625396432496,paolo-laptop,crate-container-cd
power_consumption,1704487393564000000,0.6272277048082514,paolo-laptop,crate-container-cd
power_consumption,1704487395568000000,1.7444104328331635,paolo-laptop,crate-container-cd
power_consumption,1704487396569000000,0.5930716409130091,paolo-laptop,crate-container-cd
power_consumption,1704487397570000000,5.964157487300989,paolo-laptop,crate-container-cd
power_consumption,1704487398572000000,0.7173652743247483,paolo-laptop,crate-container-cd
power_consumption,1704487399573000000,4.2785046507622475,paolo-laptop,crate-container-cd
power_consumption,1704487401576000000,2.1768193957916897,paolo-laptop,crate-container-cd
power_consumption,1704487402577000000,2.550010639965075,paolo-laptop,crate-container-cd
power_consumption,1704487403579000000,2.63106827380384,paolo-laptop,crate-container-cd
power_consumption,1704487404582000000,5.296584810424713,paolo-laptop,crate-container-cd
power_consumption,1704487405586000000,1.5330563762336553,paolo-laptop,crate-container-cd
power_consumption,1704487406591000000,2.0245380226406335,paolo-laptop,crate-container-cd
power_consumption,1704487407595000000,0.9933637957850682,paolo-laptop,crate-container-cd
power_consumption,1704487408599000000,3.7191092238011922,paolo-laptop,crate-container-cd
power_consumption,1704487409601000000,4.349153392799122,paolo-laptop,crate-container-cd
power_consumption,1704487410605000000,2.1772917799762426,paolo-laptop,crate-container-cd
power_consumption,1704487411610000000,3.7251984770074564,paolo-laptop,crate-container-cd
power_consumption,1704487412614000000,5.652704100488417,paolo-laptop,crate-container-cd
power_consumption,1704487413620000000,6.1380109737943735,paolo-laptop,crate-container-cd
power_consumption,1704487414623000000,8.67732784335199,paolo-laptop,crate-container-cd
power_consumption,1704487415625000000,12.278022259075343,paolo-laptop,crate-container-cd
power_consumption,1704487416629000000,5.316142550726749,paolo-laptop,crate-container-cd
power_consumption,1704487417633000000,3.713708841014048,paolo-laptop,crate-container-cd
power_consumption,1704487418636000000,3.5752056984908283,paolo-laptop,crate-container-cd
power_consumption,1704487419638000000,2.6088209105092672,paolo-laptop,crate-container-cd
power_consumption,1704487420642000000,3.8650677479239013,paolo-laptop,crate-container-cd
power_consumption,1704487421643000000,2.192515669724054,paolo-laptop,crate-container-cd
power_consumption,1704487422645000000,4.853631250076641,paolo-laptop,crate-container-cd
power_consumption,1704487423651000000,6.059922891338273,paolo-laptop,crate-container-cd
power_consumption,1704487424653000000,5.6357144412937625,paolo-laptop,crate-container-cd
power_consumption,1704487425654000000,6.0441733856196915,paolo-laptop,crate-container-cd
power_consumption,1704487426658000000,5.399223437298246,paolo-laptop,crate-container-cd
power_consumption,1704487427659000000,5.542315758594501,paolo-laptop,crate-container-cd
power_consumption,1704487428665000000,4.560534536950367,paolo-laptop,crate-container-cd
power_consumption,1704487429671000000,7.874673173685157,paolo-laptop,crate-container-cd
power_consumption,1704487430674000000,7.6916271876638715,paolo-laptop,crate-container-cd
power_consumption,1704487431679000000,6.396372053439723,paolo-laptop,crate-container-cd
power_consumption,1704487432684000000,7.179890732576107,paolo-laptop,crate-container-cd
power_consumption,1704487433687000000,6.983944707938296,paolo-laptop,crate-container-cd
power_consumption,1704487434692000000,6.965726202615697,paolo-laptop,crate-container-cd
power_consumption,1704487436697000000,4.286315443114466,paolo-laptop,crate-container-cd
power_consumption,1704487437699000000,5.236348738760018,paolo-laptop,crate-container-cd
power_consumption,1704487438701000000,9.856693848793473,paolo-laptop,crate-container-cd
power_consumption,1704487439703000000,12.245577939502692,paolo-laptop,crate-container-cd
power_consumption,1704487440707000000,7.032239897437411,paolo-laptop,crate-container-cd
power_consumption,1704487441711000000,5.237862878339973,paolo-laptop,crate-container-cd
power_consumption,1704487442714000000,7.933628510636289,paolo-laptop,crate-container-cd
power_consumption,1704487443715000000,5.8287528589066415,paolo-laptop,crate-container-cd
power_consumption,1704487444719000000,6.882402416991322,paolo-laptop,crate-container-cd
power_consumption,1704487445723000000,1.7124331123505454,paolo-laptop,crate-container-cd
power_consumption,1704487446727000000,5.4202231128988,paolo-laptop,crate-container-cd
power_consumption,1704487447733000000,1.9526967885828899,paolo-laptop,crate-container-cd
power_consumption,1704487448737000000,2.470385034827146,paolo-laptop,crate-container-cd
power_consumption,1704487449739000000,5.886089593896149,paolo-laptop,crate-container-cd
power_consumption,1704487450742000000,2.160767859157847,paolo-laptop,crate-container-cd
power_consumption,1704487451745000000,5.476333382844988,paolo-laptop,crate-container-cd
power_consumption,1704487452746000000,7.377161979495337,paolo-laptop,crate-container-cd
power_consumption,1704487453748000000,8.989000353876646,paolo-laptop,crate-container-cd
power_consumption,1704487454749000000,7.378545567973525,paolo-laptop,crate-container-cd
power_consumption,1704487455753000000,0.17344721257200515,paolo-laptop,crate-container-cd
power_consumption,1704487456756000000,5.5605897603417365,paolo-laptop,crate-container-cd
power_consumption,1704487457758000000,10.300325830124802,paolo-laptop,crate-container-cd
power_consumption,1704487458763000000,10.86179493524811,paolo-laptop,crate-container-cd
power_consumption,1704487459765000000,14.446617983424007,paolo-laptop,crate-container-cd
power_consumption,1704487460768000000,11.354177519096215,paolo-laptop,crate-container-cd
power_consumption,1704487461770000000,8.883476974388532,paolo-laptop,crate-container-cd
power_consumption,1704487462772000000,11.95884857663837,paolo-laptop,crate-container-cd
power_consumption,1704487463773000000,11.501979182734381,paolo-laptop,crate-container-cd
power_consumption,1704487464775000000,10.21565911120207,paolo-laptop,crate-container-cd
power_consumption,1704487465777000000,10.571921975695545,paolo-laptop,crate-container-cd
power_consumption,1704487466780000000,9.58699015146641,paolo-laptop,crate-container-cd
power_consumption,1704487467783000000,12.403549255373951,paolo-laptop,crate-container-cd
power_consumption,1704487468785000000,1.910707666791938,paolo-laptop,crate-container-cd
power_consumption,1704487469787000000,6.165488656708696,paolo-laptop,crate-container-cd
power_consumption,1704487470789000000,10.721192723041543,paolo-laptop,crate-container-cd
power_consumption,1704487471795000000,1.3915224482518775,paolo-laptop,crate-container-cd
power_consumption,1704487472800000000,7.00712925463961,paolo-laptop,crate-container-cd
power_consumption,1704487473805000000,3.7133478652221616,paolo-laptop,crate-container-cd
