name,time,power,sensor,target
power_consumption,1705275556599000000,0.0052571148501888675,paolo-laptop,influx_dest
power_consumption,1705275557600000000,0.004973466823877608,paolo-laptop,influx_dest
power_consumption,1705275558602000000,0.005486576941636932,paolo-laptop,influx_dest
power_consumption,1705275559604000000,0.006272595390423161,paolo-laptop,influx_dest
power_consumption,1705275560607000000,0.013069022264757332,paolo-laptop,influx_dest
power_consumption,1705275565620000000,0.005933255660936416,paolo-laptop,influx_dest
power_consumption,1705275566621000000,0.009047968065742408,paolo-laptop,influx_dest
power_consumption,1705275567623000000,0.006371163228483806,paolo-laptop,influx_dest
power_consumption,1705275568625000000,0.0058584948468238755,paolo-laptop,influx_dest
power_consumption,1705275569627000000,0.006524902174676871,paolo-laptop,influx_dest
power_consumption,1705275570630000000,0.014646253121558938,paolo-laptop,influx_dest
power_consumption,1705275571632000000,0.006769163490368578,paolo-laptop,influx_dest
power_consumption,1705275573637000000,0.005825289090633657,paolo-laptop,influx_dest
power_consumption,1705275574639000000,0.0042118927658401925,paolo-laptop,influx_dest
power_consumption,1705275575642000000,0.0046627551611869815,paolo-laptop,influx_dest
power_consumption,1705275576644000000,0.006605358824623743,paolo-laptop,influx_dest
power_consumption,1705275577646000000,0.005506323839505294,paolo-laptop,influx_dest
power_consumption,1705275578648000000,0.004138636071912446,paolo-laptop,influx_dest
power_consumption,1705275579650000000,0.004884278700737447,paolo-laptop,influx_dest
power_consumption,1705275580652000000,0.012602322136122997,paolo-laptop,influx_dest
power_consumption,1705275581655000000,0.005019037707758209,paolo-laptop,influx_dest
power_consumption,1705275582657000000,0.00535026561974747,paolo-laptop,influx_dest
power_consumption,1705275586665000000,0.005865616634871101,paolo-laptop,influx_dest
power_consumption,1705275587667000000,0.004976555422512791,paolo-laptop,influx_dest
power_consumption,1705275588668000000,0.0052876773275512745,paolo-laptop,influx_dest
power_consumption,1705275590671000000,0.011426825758525636,paolo-laptop,influx_dest
power_consumption,1705275596684000000,0.006479732386497527,paolo-laptop,influx_dest
power_consumption,1705275597687000000,0.005305045617463385,paolo-laptop,influx_dest
power_consumption,1705275598689000000,0.0038930079770034013,paolo-laptop,influx_dest
power_consumption,1705275599692000000,0.004392178717779877,paolo-laptop,influx_dest
power_consumption,1705275600695000000,0.012849696732155764,paolo-laptop,influx_dest
power_consumption,1705275601697000000,0.00430884876303958,paolo-laptop,influx_dest
power_consumption,1705275602699000000,0.0048212715041680175,paolo-laptop,influx_dest
power_consumption,1705275603701000000,0.003946727690425511,paolo-laptop,influx_dest
power_consumption,1705275604703000000,0.004480278454891872,paolo-laptop,influx_dest
power_consumption,1705275605705000000,0.006064388492004272,paolo-laptop,influx_dest
power_consumption,1705275606707000000,0.004911702253119999,paolo-laptop,influx_dest
power_consumption,1705275607709000000,0.00584568436659018,paolo-laptop,influx_dest
power_consumption,1705275608712000000,0.004676310635584388,paolo-laptop,influx_dest
power_consumption,1705275609718000000,0.004734641048126699,paolo-laptop,influx_dest
power_consumption,1705275610724000000,0.011441175495538438,paolo-laptop,influx_dest
power_consumption,1705275611726000000,0.005368006403330195,paolo-laptop,influx_dest
power_consumption,1705275612728000000,0.004611405852645106,paolo-laptop,influx_dest
power_consumption,1705275613730000000,0.005788336502590484,paolo-laptop,influx_dest
power_consumption,1705275614732000000,0.005360890080532582,paolo-laptop,influx_dest
power_consumption,1705275615734000000,0.005039944532056146,paolo-laptop,influx_dest
power_consumption,1705275616736000000,0.006775309712032203,paolo-laptop,influx_dest
power_consumption,1705275617738000000,0.00490716854951343,paolo-laptop,influx_dest
power_consumption,1705275618740000000,0.005566288761415858,paolo-laptop,influx_dest
power_consumption,1705275619744000000,0.005961968666235318,paolo-laptop,influx_dest
power_consumption,1705275620746000000,0.012284252697499571,paolo-laptop,influx_dest
power_consumption,1705275621747000000,0.005356885218966249,paolo-laptop,influx_dest
power_consumption,1705275622749000000,0.1850987660015591,paolo-laptop,influx_dest
power_consumption,1705275623751000000,0.004883765054314502,paolo-laptop,influx_dest
power_consumption,1705275624753000000,0.005259525525381948,paolo-laptop,influx_dest
power_consumption,1705275625755000000,0.004638684530433103,paolo-laptop,influx_dest
power_consumption,1705275626757000000,0.0065313010104121995,paolo-laptop,influx_dest
power_consumption,1705275627759000000,0.005733719062001374,paolo-laptop,influx_dest
power_consumption,1705275628761000000,0.005658205535731474,paolo-laptop,influx_dest
power_consumption,1705275629762000000,0.0055231077940934665,paolo-laptop,influx_dest
power_consumption,1705275630764000000,0.011795810124505349,paolo-laptop,influx_dest
power_consumption,1705275631766000000,0.005755422320554988,paolo-laptop,influx_dest
power_consumption,1705275632768000000,0.006096349395688782,paolo-laptop,influx_dest
power_consumption,1705275633770000000,0.005141668869374008,paolo-laptop,influx_dest
power_consumption,1705275634773000000,0.005190542163424438,paolo-laptop,influx_dest
power_consumption,1705275635774000000,0.0050541032893246345,paolo-laptop,influx_dest
power_consumption,1705275636776000000,0.0059137590264560225,paolo-laptop,influx_dest
power_consumption,1705275637778000000,0.005209647783764419,paolo-laptop,influx_dest
power_consumption,1705275638780000000,0.005359985922512255,paolo-laptop,influx_dest
power_consumption,1705275639782000000,0.005631204862120916,paolo-laptop,influx_dest
power_consumption,1705275640783000000,0.011871817261686207,paolo-laptop,influx_dest
power_consumption,1705275641785000000,0.005231100154865602,paolo-laptop,influx_dest
power_consumption,1705275642787000000,0.005323506797223168,paolo-laptop,influx_dest
power_consumption,1705275643789000000,0.004457741584318312,paolo-laptop,influx_dest
power_consumption,1705275644792000000,0.003986124616544791,paolo-laptop,influx_dest
power_consumption,1705275645794000000,0.004313704310469958,paolo-laptop,influx_dest
power_consumption,1705275646799000000,0.005387323356719523,paolo-laptop,influx_dest
power_consumption,1705275647802000000,0.004413273183331179,paolo-laptop,influx_dest
power_consumption,1705275648805000000,0.00580501273800357,paolo-laptop,influx_dest
power_consumption,1705275650810000000,0.01195589593220682,paolo-laptop,influx_dest
power_consumption,1705275651814000000,0.005570353478078822,paolo-laptop,influx_dest
power_consumption,1705275653818000000,0.004662864649172245,paolo-laptop,influx_dest
power_consumption,1705275654819000000,0.004721077836754109,paolo-laptop,influx_dest
power_consumption,1705275655822000000,0.0045652126046860034,paolo-laptop,influx_dest
power_consumption,1705275659828000000,0.00580573245927176,paolo-laptop,influx_dest
power_consumption,1705275664837000000,0.005716611521552948,paolo-laptop,influx_dest
power_consumption,1705275665839000000,0.005832664955110503,paolo-laptop,influx_dest
power_consumption,1705275666841000000,0.005456760308321659,paolo-laptop,influx_dest
power_consumption,1705275667845000000,0.005451195812274445,paolo-laptop,influx_dest
power_consumption,1705275668847000000,0.005433787232550752,paolo-laptop,influx_dest
power_consumption,1705275669848000000,0.005317698904907839,paolo-laptop,influx_dest
power_consumption,1705275670850000000,0.010552977711116806,paolo-laptop,influx_dest
power_consumption,1705275671852000000,0.004649748214843093,paolo-laptop,influx_dest
power_consumption,1705275672855000000,0.005158178610916693,paolo-laptop,influx_dest
power_consumption,1705275673857000000,0.005013884971180931,paolo-laptop,influx_dest
power_consumption,1705275674859000000,0.004423534378044416,paolo-laptop,influx_dest
power_consumption,1705275675864000000,0.0049562258470013535,paolo-laptop,influx_dest
power_consumption,1705275676871000000,0.006860268438636235,paolo-laptop,influx_dest
power_consumption,1705275677873000000,0.004970640003770129,paolo-laptop,influx_dest
power_consumption,1705275678876000000,0.004685400479487646,paolo-laptop,influx_dest
power_consumption,1705275679878000000,0.004218218901815788,paolo-laptop,influx_dest
power_consumption,1705275680881000000,0.011897880471758299,paolo-laptop,influx_dest
power_consumption,1705275683890000000,0.004730487591440003,paolo-laptop,influx_dest
power_consumption,1705275687903000000,0.004483621088372062,paolo-laptop,influx_dest
power_consumption,1705275690910000000,0.01411020542544807,paolo-laptop,influx_dest
power_consumption,1705275691911000000,0.004933014939810432,paolo-laptop,influx_dest
power_consumption,1705275695923000000,0.004833261648716282,paolo-laptop,influx_dest
power_consumption,1705275696925000000,0.005894905691103719,paolo-laptop,influx_dest
power_consumption,1705275697927000000,0.004776023986855741,paolo-laptop,influx_dest
power_consumption,1705275698929000000,0.0038665097914216146,paolo-laptop,influx_dest
power_consumption,1705275699932000000,0.004794335257097798,paolo-laptop,influx_dest
power_consumption,1705275700935000000,0.013825216622617133,paolo-laptop,influx_dest
power_consumption,1705275704947000000,0.004457678145938916,paolo-laptop,influx_dest
power_consumption,1705275705949000000,0.004752890362192985,paolo-laptop,influx_dest
power_consumption,1705275706951000000,0.004645530750801111,paolo-laptop,influx_dest
power_consumption,1705275709959000000,0.0038964852520054307,paolo-laptop,influx_dest
power_consumption,1705275710961000000,0.010599789657833633,paolo-laptop,influx_dest
power_consumption,1705275714970000000,0.005249750778399721,paolo-laptop,influx_dest
power_consumption,1705275715975000000,0.00520907986759079,paolo-laptop,influx_dest
power_consumption,1705275717979000000,0.006965010112217921,paolo-laptop,influx_dest
power_consumption,1705275719983000000,0.005544997403400373,paolo-laptop,influx_dest
power_consumption,1705275720986000000,0.010718195821558646,paolo-laptop,influx_dest
power_consumption,1705275721988000000,0.005332773981324243,paolo-laptop,influx_dest
power_consumption,1705275722990000000,0.004292126504095526,paolo-laptop,influx_dest
power_consumption,1705275723992000000,0.005873395593850462,paolo-laptop,influx_dest
power_consumption,1705275724994000000,0.006765655177159359,paolo-laptop,influx_dest
power_consumption,1705275725997000000,0.0045629858053964426,paolo-laptop,influx_dest
power_consumption,1705275726999000000,0.005412591532661257,paolo-laptop,influx_dest
power_consumption,1705275728001000000,0.005618382713011171,paolo-laptop,influx_dest
power_consumption,1705275729006000000,0.004403796829471245,paolo-laptop,influx_dest
power_consumption,1705275730008000000,0.011448510079211854,paolo-laptop,influx_dest
power_consumption,1705275731011000000,0.004785811915443465,paolo-laptop,influx_dest
power_consumption,1705275732013000000,0.004652094939966869,paolo-laptop,influx_dest
power_consumption,1705275733015000000,0.00402461387220138,paolo-laptop,influx_dest
power_consumption,1705275734017000000,0.00419040176354612,paolo-laptop,influx_dest
power_consumption,1705275746045000000,0.004288354033814579,paolo-laptop,influx_dest
power_consumption,1705275747047000000,0.05254228979939968,paolo-laptop,influx_dest
power_consumption,1705275748050000000,0.004290240321897083,paolo-laptop,influx_dest
power_consumption,1705275749054000000,0.0048016575045868,paolo-laptop,influx_dest
power_consumption,1705275750057000000,0.013584894057430866,paolo-laptop,influx_dest
power_consumption,1705275751064000000,0.004899516247443373,paolo-laptop,influx_dest
power_consumption,1705275752071000000,0.004602572883592205,paolo-laptop,influx_dest
power_consumption,1705275753074000000,0.005537568976011222,paolo-laptop,influx_dest
power_consumption,1705275754076000000,0.004177177547095258,paolo-laptop,influx_dest
power_consumption,1705275755082000000,0.0046118289051064795,paolo-laptop,influx_dest
power_consumption,1705275756085000000,0.005067635956269337,paolo-laptop,influx_dest
power_consumption,1705275757089000000,0.0049998578883678636,paolo-laptop,influx_dest
power_consumption,1705275758091000000,0.004638202827265102,paolo-laptop,influx_dest
power_consumption,1705275759094000000,0.003917770867229429,paolo-laptop,influx_dest
power_consumption,1705275760096000000,0.012504712316055934,paolo-laptop,influx_dest
power_consumption,1705275761099000000,0.004985040249856232,paolo-laptop,influx_dest
power_consumption,1705275762101000000,0.004429584708661619,paolo-laptop,influx_dest
power_consumption,1705275763103000000,0.004573975585072276,paolo-laptop,influx_dest
power_consumption,1705275764105000000,0.0049452713007313055,paolo-laptop,influx_dest
power_consumption,1705275765108000000,0.004299482823040272,paolo-laptop,influx_dest
power_consumption,1705275766110000000,0.004304279956702814,paolo-laptop,influx_dest
power_consumption,1705275767113000000,0.004875405424514574,paolo-laptop,influx_dest
power_consumption,1705275768116000000,0.0048376279150477725,paolo-laptop,influx_dest
power_consumption,1705275769120000000,0.0038348231176365873,paolo-laptop,influx_dest
power_consumption,1705275771123000000,0.0058344361768105,paolo-laptop,influx_dest
power_consumption,1705275772125000000,0.005139866104317002,paolo-laptop,influx_dest
power_consumption,1705275776135000000,0.004502264111917637,paolo-laptop,influx_dest
power_consumption,1705275777137000000,0.0055841105188279595,paolo-laptop,influx_dest
power_consumption,1705275778139000000,0.004798697228545531,paolo-laptop,influx_dest
power_consumption,1705275779140000000,0.004528732653327261,paolo-laptop,influx_dest
power_consumption,1705275780143000000,0.011652519192182983,paolo-laptop,influx_dest
power_consumption,1705275781145000000,0.004911737529989123,paolo-laptop,influx_dest
power_consumption,1705275782148000000,0.004938741270919523,paolo-laptop,influx_dest
power_consumption,1705275783153000000,0.0055182210950220495,paolo-laptop,influx_dest
power_consumption,1705275784157000000,0.004346258918361504,paolo-laptop,influx_dest
power_consumption,1705275785159000000,0.005497851668989454,paolo-laptop,influx_dest
power_consumption,1705275786161000000,0.004582505474264723,paolo-laptop,influx_dest
power_consumption,1705275787165000000,0.005409309881604016,paolo-laptop,influx_dest
power_consumption,1705275788167000000,0.005768055246118954,paolo-laptop,influx_dest
power_consumption,1705275789170000000,0.00633687392040542,paolo-laptop,influx_dest
power_consumption,1705275790176000000,0.011515422614912873,paolo-laptop,influx_dest
power_consumption,1705275792179000000,0.004891011669284316,paolo-laptop,influx_dest
power_consumption,1705275793183000000,0.008095780290215477,paolo-laptop,influx_dest
power_consumption,1705275799199000000,0.003985073519902939,paolo-laptop,influx_dest
power_consumption,1705275801208000000,0.0051554652857693966,paolo-laptop,influx_dest
power_consumption,1705275803211000000,0.004236519799724566,paolo-laptop,influx_dest
power_consumption,1705275807220000000,0.07645636156794595,paolo-laptop,influx_dest
power_consumption,1705275809222000000,0.003457201394179958,paolo-laptop,influx_dest
power_consumption,1705275813229000000,0.003289392783400147,paolo-laptop,influx_dest
power_consumption,1705275814230000000,0.004217723906906133,paolo-laptop,influx_dest
power_consumption,1705275816234000000,0.0040225657917930015,paolo-laptop,influx_dest
power_consumption,1705275821248000000,0.003178439438283676,paolo-laptop,influx_dest
power_consumption,1705275828270000000,0.003392169389232519,paolo-laptop,influx_dest
power_consumption,1705275831280000000,0.002479233682696342,paolo-laptop,influx_dest
power_consumption,1705275832282000000,0.002969761756817391,paolo-laptop,influx_dest
power_consumption,1705275833283000000,0.005940794496787333,paolo-laptop,influx_dest
power_consumption,1705275834285000000,0.005274325335944525,paolo-laptop,influx_dest
power_consumption,1705275835288000000,0.005260906419019818,paolo-laptop,influx_dest
power_consumption,1705275836291000000,0.00557737004167271,paolo-laptop,influx_dest
power_consumption,1705275837292000000,0.0031335663653250614,paolo-laptop,influx_dest
power_consumption,1705275838294000000,0.009017603614161738,paolo-laptop,influx_dest
power_consumption,1705275839300000000,0.004651974170337678,paolo-laptop,influx_dest
power_consumption,1705275840306000000,0.015389246679623294,paolo-laptop,influx_dest
power_consumption,1705275841308000000,0.00412526155113294,paolo-laptop,influx_dest
power_consumption,1705275842310000000,0.0067234844254176265,paolo-laptop,influx_dest
power_consumption,1705275843312000000,0.006269239254626824,paolo-laptop,influx_dest
power_consumption,1705275844313000000,0.005884464780483989,paolo-laptop,influx_dest
power_consumption,1705275845315000000,0.005682872338412332,paolo-laptop,influx_dest
power_consumption,1705275848325000000,0.0028764517748642604,paolo-laptop,influx_dest
power_consumption,1705275850329000000,0.010857426205263719,paolo-laptop,influx_dest
power_consumption,1705275851331000000,0.0042494221040831875,paolo-laptop,influx_dest
power_consumption,1705275852335000000,0.005599174142657948,paolo-laptop,influx_dest
power_consumption,1705275855344000000,0.006857004219957877,paolo-laptop,influx_dest
power_consumption,1705275858350000000,0.005623841907412663,paolo-laptop,influx_dest
power_consumption,1705275859352000000,0.006300814800045014,paolo-laptop,influx_dest
power_consumption,1705275860357000000,0.01328496883757286,paolo-laptop,influx_dest
power_consumption,1705275861359000000,0.005647818971417064,paolo-laptop,influx_dest
power_consumption,1705275863362000000,0.0029986105038138384,paolo-laptop,influx_dest
power_consumption,1705275864364000000,0.005604306659472319,paolo-laptop,influx_dest
power_consumption,1705275865368000000,0.003886687417319736,paolo-laptop,influx_dest
power_consumption,1705275866373000000,0.07460914389695006,paolo-laptop,influx_dest
power_consumption,1705275869384000000,0.003089278908290469,paolo-laptop,influx_dest
power_consumption,1705275870388000000,0.012296557505884497,paolo-laptop,influx_dest
power_consumption,1705275874400000000,0.005456021247210039,paolo-laptop,influx_dest
power_consumption,1705275875403000000,0.0060681258554081755,paolo-laptop,influx_dest
power_consumption,1705275876406000000,0.006548467139226188,paolo-laptop,influx_dest
power_consumption,1705275877408000000,0.0034499701087733364,paolo-laptop,influx_dest
power_consumption,1705275880414000000,0.010671471440080777,paolo-laptop,influx_dest
power_consumption,1705275881415000000,0.005516213394704339,paolo-laptop,influx_dest
power_consumption,1705275882417000000,0.006043127515410384,paolo-laptop,influx_dest
power_consumption,1705275883419000000,0.003005460523143864,paolo-laptop,influx_dest
power_consumption,1705275884421000000,0.006086837478555788,paolo-laptop,influx_dest
power_consumption,1705275885425000000,0.0069091155117564996,paolo-laptop,influx_dest
power_consumption,1705275886427000000,0.005623918403957938,paolo-laptop,influx_dest
power_consumption,1705275887430000000,0.005499363698002675,paolo-laptop,influx_dest
power_consumption,1705275888431000000,0.004214082820879058,paolo-laptop,influx_dest
power_consumption,1705275889435000000,0.00617637824469409,paolo-laptop,influx_dest
power_consumption,1705275890437000000,0.010694552569119893,paolo-laptop,influx_dest
power_consumption,1705275891439000000,0.005706843335406379,paolo-laptop,influx_dest
power_consumption,1705275892442000000,0.007152580639284746,paolo-laptop,influx_dest
power_consumption,1705275893446000000,0.004802151771340163,paolo-laptop,influx_dest
power_consumption,1705275895457000000,0.0038572261682628065,paolo-laptop,influx_dest
power_consumption,1705275896462000000,0.007240590958790878,paolo-laptop,influx_dest
power_consumption,1705275897467000000,0.006171693308031688,paolo-laptop,influx_dest
power_consumption,1705275898475000000,0.00714089676019537,paolo-laptop,influx_dest
power_consumption,1705275900502000000,0.011256193799399393,paolo-laptop,influx_dest
power_consumption,1705275902527000000,0.003949533102424567,paolo-laptop,influx_dest
power_consumption,1705275903529000000,0.003801125023890845,paolo-laptop,influx_dest
power_consumption,1705275904533000000,0.009520083131025448,paolo-laptop,influx_dest
power_consumption,1705275907543000000,0.0030091999190579497,paolo-laptop,influx_dest
power_consumption,1705275909548000000,0.0035265273392728804,paolo-laptop,influx_dest
power_consumption,1705275910550000000,0.013901630105412458,paolo-laptop,influx_dest
power_consumption,1705275911552000000,0.003119817477927914,paolo-laptop,influx_dest
power_consumption,1705275912556000000,0.004149055057226855,paolo-laptop,influx_dest
power_consumption,1705275915564000000,0.0058520520295694085,paolo-laptop,influx_dest
power_consumption,1705275916568000000,0.006275157520987245,paolo-laptop,influx_dest
power_consumption,1705275917571000000,0.006587769669485922,paolo-laptop,influx_dest
power_consumption,1705275918575000000,0.0034305135018136523,paolo-laptop,influx_dest
power_consumption,1705275919578000000,0.0076529162054040974,paolo-laptop,influx_dest
power_consumption,1705275920582000000,0.011776036828401846,paolo-laptop,influx_dest
power_consumption,1705275922585000000,0.004493279448040823,paolo-laptop,influx_dest
power_consumption,1705275926597000000,0.004597044242028673,paolo-laptop,influx_dest
power_consumption,1705275927598000000,0.0036534298708261388,paolo-laptop,influx_dest
power_consumption,1705275929602000000,0.0053700129587869756,paolo-laptop,influx_dest
power_consumption,1705275932611000000,0.0065834001542150085,paolo-laptop,influx_dest
power_consumption,1705275934623000000,0.008167117852539037,paolo-laptop,influx_dest
power_consumption,1705275935627000000,0.0026985899411093974,paolo-laptop,influx_dest
power_consumption,1705275936628000000,0.003770914579011965,paolo-laptop,influx_dest
power_consumption,1705275937630000000,0.005595100563020811,paolo-laptop,influx_dest
power_consumption,1705275941642000000,0.008385884509716581,paolo-laptop,influx_dest
power_consumption,1705275943647000000,0.003685013503296717,paolo-laptop,influx_dest
power_consumption,1705275944649000000,0.013830064828568344,paolo-laptop,influx_dest
power_consumption,1705275946653000000,0.0030621913140448953,paolo-laptop,influx_dest
power_consumption,1705275948657000000,0.005469407443108478,paolo-laptop,influx_dest
power_consumption,1705275949659000000,0.004817343721185845,paolo-laptop,influx_dest
power_consumption,1705275951671000000,0.004169506939749882,paolo-laptop,influx_dest
power_consumption,1705275952673000000,0.010836598670805088,paolo-laptop,influx_dest
power_consumption,1705275953677000000,0.003953793845104677,paolo-laptop,influx_dest
power_consumption,1705275955688000000,0.0033629827815281617,paolo-laptop,influx_dest
power_consumption,1705275956691000000,0.0035082238340080644,paolo-laptop,influx_dest
power_consumption,1705275957694000000,0.00653939214020916,paolo-laptop,influx_dest
power_consumption,1705275958698000000,0.0029503686122557965,paolo-laptop,influx_dest
power_consumption,1705275959701000000,0.006601534450951624,paolo-laptop,influx_dest
power_consumption,1705275960702000000,0.013068961162534733,paolo-laptop,influx_dest
power_consumption,1705275961704000000,0.006950081359440606,paolo-laptop,influx_dest
power_consumption,1705275962707000000,0.0038095874052839927,paolo-laptop,influx_dest
power_consumption,1705275965724000000,0.007220734317113458,paolo-laptop,influx_dest
power_consumption,1705275966728000000,0.00798630231266105,paolo-laptop,influx_dest
power_consumption,1705275967733000000,0.009300649473722455,paolo-laptop,influx_dest
power_consumption,1705275968738000000,0.007278271402083215,paolo-laptop,influx_dest
power_consumption,1705275971756000000,0.008186165251811109,paolo-laptop,influx_dest
power_consumption,1705275973761000000,0.005918480803927402,paolo-laptop,influx_dest
power_consumption,1705275974763000000,0.007653367053809888,paolo-laptop,influx_dest
power_consumption,1705275982798000000,0.008846301110447399,paolo-laptop,influx_dest
power_consumption,1705275993855000000,0.015038835665482062,paolo-laptop,influx_dest
power_consumption,1705275995858000000,0.015904801593801234,paolo-laptop,influx_dest
power_consumption,1705276004896000000,0.006234814735320006,paolo-laptop,influx_dest
power_consumption,1705276005900000000,0.009440184683051772,paolo-laptop,influx_dest
power_consumption,1705276006908000000,0.011392286256405433,paolo-laptop,influx_dest
power_consumption,1705276007918000000,0.007936128932315,paolo-laptop,influx_dest
power_consumption,1705276008926000000,0.013315326502764308,paolo-laptop,influx_dest
power_consumption,1705276009932000000,0.008076728623479083,paolo-laptop,influx_dest
power_consumption,1705276011943000000,0.007323398626802677,paolo-laptop,influx_dest
power_consumption,1705276012947000000,0.01359793731683439,paolo-laptop,influx_dest
power_consumption,1705276013949000000,0.01450875129544645,paolo-laptop,influx_dest
power_consumption,1705276014953000000,0.007880127394951478,paolo-laptop,influx_dest
power_consumption,1705276015959000000,0.015028088666546445,paolo-laptop,influx_dest
power_consumption,1705276018974000000,0.00640086682702013,paolo-laptop,influx_dest
power_consumption,1705276019975000000,0.009524322189074445,paolo-laptop,influx_dest
power_consumption,1705276020977000000,0.01577818689784987,paolo-laptop,influx_dest
power_consumption,1705276021981000000,0.004011091539280454,paolo-laptop,influx_dest
power_consumption,1705276023986000000,0.005713222807895788,paolo-laptop,influx_dest
power_consumption,1705276024990000000,0.008322325782613361,paolo-laptop,influx_dest
power_consumption,1705276025993000000,0.005094612632884458,paolo-laptop,influx_dest
power_consumption,1705276026995000000,0.008137133927594024,paolo-laptop,influx_dest
power_consumption,1705276028000000000,0.010139499455617188,paolo-laptop,influx_dest
power_consumption,1705276029005000000,0.011182584470415388,paolo-laptop,influx_dest
power_consumption,1705276030009000000,0.02120065021014502,paolo-laptop,influx_dest
power_consumption,1705276031016000000,0.01281003559213811,paolo-laptop,influx_dest
power_consumption,1705276032018000000,0.006554446365480088,paolo-laptop,influx_dest
power_consumption,1705276033024000000,0.010461714831083784,paolo-laptop,influx_dest
power_consumption,1705276034028000000,0.011192788417836242,paolo-laptop,influx_dest
power_consumption,1705276035029000000,0.01256547583180798,paolo-laptop,influx_dest
power_consumption,1705276036031000000,0.008726738945740553,paolo-laptop,influx_dest
power_consumption,1705276037032000000,0.014119437521943185,paolo-laptop,influx_dest
power_consumption,1705276038033000000,0.003031542117163888,paolo-laptop,influx_dest
power_consumption,1705276039035000000,0.007294381463906146,paolo-laptop,influx_dest
power_consumption,1705276040036000000,0.01155156461529298,paolo-laptop,influx_dest
power_consumption,1705276041038000000,0.0036447310290785833,paolo-laptop,influx_dest
power_consumption,1705276042040000000,0.0033237922287437088,paolo-laptop,influx_dest
power_consumption,1705276043042000000,0.00657566078784895,paolo-laptop,influx_dest
power_consumption,1705276046047000000,0.003626391369562167,paolo-laptop,influx_dest
power_consumption,1705276047050000000,0.005817933020473429,paolo-laptop,influx_dest
power_consumption,1705276048051000000,0.0068581179014852054,paolo-laptop,influx_dest
power_consumption,1705276049054000000,0.006492110968426208,paolo-laptop,influx_dest
power_consumption,1705276050056000000,0.012612725695015113,paolo-laptop,influx_dest
power_consumption,1705276051058000000,0.006234277082916736,paolo-laptop,influx_dest
power_consumption,1705276052060000000,0.0043334644809755775,paolo-laptop,influx_dest
power_consumption,1705276054064000000,0.007783336499501972,paolo-laptop,influx_dest
power_consumption,1705276055067000000,0.0037801611643151407,paolo-laptop,influx_dest
power_consumption,1705276056069000000,0.003923773947536485,paolo-laptop,influx_dest
power_consumption,1705276057072000000,0.00525362341351689,paolo-laptop,influx_dest
power_consumption,1705276058075000000,0.006383513318665571,paolo-laptop,influx_dest
power_consumption,1705276059080000000,0.007820198467674403,paolo-laptop,influx_dest
power_consumption,1705276060082000000,0.014892843406718625,paolo-laptop,influx_dest
power_consumption,1705276062086000000,0.004314556940677336,paolo-laptop,influx_dest
power_consumption,1705276063090000000,0.004121092267295994,paolo-laptop,influx_dest
power_consumption,1705276064092000000,0.003841523494751172,paolo-laptop,influx_dest
power_consumption,1705276065096000000,0.004293724434055035,paolo-laptop,influx_dest
power_consumption,1705276066100000000,0.004467327646000445,paolo-laptop,influx_dest
power_consumption,1705276067101000000,0.016090055244619497,paolo-laptop,influx_dest
power_consumption,1705276068103000000,0.010109521273335777,paolo-laptop,influx_dest
power_consumption,1705276069105000000,0.003503553052647143,paolo-laptop,influx_dest
power_consumption,1705276070107000000,0.10425496410441339,paolo-laptop,influx_dest
power_consumption,1705276071108000000,0.007038424358306904,paolo-laptop,influx_dest
power_consumption,1705276072110000000,0.005904575618311822,paolo-laptop,influx_dest
power_consumption,1705276073114000000,0.004044094581284485,paolo-laptop,influx_dest
power_consumption,1705276074116000000,0.004899207732756786,paolo-laptop,influx_dest
power_consumption,1705276075118000000,0.006416809341050628,paolo-laptop,influx_dest
power_consumption,1705276076122000000,0.004532276606931437,paolo-laptop,influx_dest
power_consumption,1705276077126000000,0.00558349448875158,paolo-laptop,influx_dest
power_consumption,1705276078128000000,0.00551720799017446,paolo-laptop,influx_dest
power_consumption,1705276079132000000,0.004223865060925928,paolo-laptop,influx_dest
power_consumption,1705276080136000000,0.018531955206628224,paolo-laptop,influx_dest
power_consumption,1705276081138000000,0.010525293272706019,paolo-laptop,influx_dest
power_consumption,1705276082143000000,0.005087988530768513,paolo-laptop,influx_dest
power_consumption,1705276083145000000,0.008051224906480652,paolo-laptop,influx_dest
power_consumption,1705276084146000000,0.003877924380613589,paolo-laptop,influx_dest
power_consumption,1705276085151000000,0.00423095888213516,paolo-laptop,influx_dest
power_consumption,1705276086153000000,0.005253434563008546,paolo-laptop,influx_dest
power_consumption,1705276087157000000,0.009759296512369117,paolo-laptop,influx_dest
power_consumption,1705276088158000000,0.007134658122308413,paolo-laptop,influx_dest
power_consumption,1705276089162000000,0.01071894398642128,paolo-laptop,influx_dest
power_consumption,1705276090164000000,0.012681679009989998,paolo-laptop,influx_dest
power_consumption,1705276091168000000,0.009320324679964498,paolo-laptop,influx_dest
power_consumption,1705276092170000000,0.005852731892460809,paolo-laptop,influx_dest
power_consumption,1705276093177000000,0.005640303924849172,paolo-laptop,influx_dest
power_consumption,1705276094179000000,0.006481598081914365,paolo-laptop,influx_dest
power_consumption,1705276095181000000,0.007273613225688333,paolo-laptop,influx_dest
power_consumption,1705276096183000000,0.0058568311199745674,paolo-laptop,influx_dest
power_consumption,1705276097185000000,0.007885827767406709,paolo-laptop,influx_dest
power_consumption,1705276098189000000,0.004639818644151934,paolo-laptop,influx_dest
power_consumption,1705276099193000000,0.003926223216086547,paolo-laptop,influx_dest
power_consumption,1705276100194000000,0.015494247921727012,paolo-laptop,influx_dest
power_consumption,1705276101196000000,0.005280197927046594,paolo-laptop,influx_dest
power_consumption,1705276102198000000,0.006342108835895735,paolo-laptop,influx_dest
power_consumption,1705276103202000000,0.006745433644989756,paolo-laptop,influx_dest
power_consumption,1705276104204000000,0.006295386254344263,paolo-laptop,influx_dest
power_consumption,1705276105206000000,0.005958721084358991,paolo-laptop,influx_dest
power_consumption,1705276106208000000,0.00604525464823083,paolo-laptop,influx_dest
power_consumption,1705276107210000000,0.012310737217333447,paolo-laptop,influx_dest
power_consumption,1705276108213000000,0.0062556848205894,paolo-laptop,influx_dest
power_consumption,1705276109215000000,0.006681186387201769,paolo-laptop,influx_dest
power_consumption,1705276110221000000,0.01488202032428377,paolo-laptop,influx_dest
power_consumption,1705276111226000000,0.006758307575333855,paolo-laptop,influx_dest
power_consumption,1705276112228000000,0.008836508986004722,paolo-laptop,influx_dest
power_consumption,1705276113230000000,0.007640348033991251,paolo-laptop,influx_dest
power_consumption,1705276114233000000,0.007110718309416816,paolo-laptop,influx_dest
power_consumption,1705276115235000000,0.006419520414870952,paolo-laptop,influx_dest
power_consumption,1705276116237000000,0.006709145878396719,paolo-laptop,influx_dest
power_consumption,1705276117239000000,0.00801646759747339,paolo-laptop,influx_dest
power_consumption,1705276118243000000,0.0037061273354466063,paolo-laptop,influx_dest
power_consumption,1705276119249000000,0.006893873820453705,paolo-laptop,influx_dest
power_consumption,1705276120251000000,0.011639614811626942,paolo-laptop,influx_dest
power_consumption,1705276121253000000,0.008098002550091764,paolo-laptop,influx_dest
power_consumption,1705276122258000000,0.004382735375464334,paolo-laptop,influx_dest
power_consumption,1705276123260000000,0.004010737653563904,paolo-laptop,influx_dest
power_consumption,1705276124261000000,0.007082046247406501,paolo-laptop,influx_dest
power_consumption,1705276125263000000,0.0057364362170840896,paolo-laptop,influx_dest
power_consumption,1705276126267000000,0.012028727187313765,paolo-laptop,influx_dest
power_consumption,1705276127269000000,0.004112919532048497,paolo-laptop,influx_dest
power_consumption,1705276128271000000,0.00589836110413169,paolo-laptop,influx_dest
power_consumption,1705276129280000000,0.00639874561666137,paolo-laptop,influx_dest
power_consumption,1705276130282000000,0.014484832551487558,paolo-laptop,influx_dest
power_consumption,1705276131284000000,0.005875198727589179,paolo-laptop,influx_dest
power_consumption,1705276132287000000,0.007616019189385911,paolo-laptop,influx_dest
power_consumption,1705276133288000000,0.005953489311522271,paolo-laptop,influx_dest
power_consumption,1705276134290000000,0.006906618905098018,paolo-laptop,influx_dest
power_consumption,1705276135294000000,0.004016739812675332,paolo-laptop,influx_dest
power_consumption,1705276136296000000,0.006215323670416923,paolo-laptop,influx_dest
power_consumption,1705276137297000000,0.007029604243256095,paolo-laptop,influx_dest
power_consumption,1705276138299000000,0.006867237983037349,paolo-laptop,influx_dest
power_consumption,1705276139301000000,0.007482293526916447,paolo-laptop,influx_dest
power_consumption,1705276140302000000,0.01782102464219435,paolo-laptop,influx_dest
power_consumption,1705276141304000000,0.06111856900196491,paolo-laptop,influx_dest
power_consumption,1705276142306000000,0.004375530767629913,paolo-laptop,influx_dest
power_consumption,1705276143309000000,0.005512862464248029,paolo-laptop,influx_dest
power_consumption,1705276144311000000,0.005025144531795201,paolo-laptop,influx_dest
power_consumption,1705276145313000000,0.007894769021213255,paolo-laptop,influx_dest
power_consumption,1705276146314000000,0.008229845084212262,paolo-laptop,influx_dest
power_consumption,1705276147318000000,0.004587398180856925,paolo-laptop,influx_dest
power_consumption,1705276148320000000,0.00395531280965506,paolo-laptop,influx_dest
power_consumption,1705276149324000000,0.004476384479454007,paolo-laptop,influx_dest
power_consumption,1705276150328000000,0.0163559026166812,paolo-laptop,influx_dest
power_consumption,1705276151332000000,0.007050421965668687,paolo-laptop,influx_dest
power_consumption,1705276152334000000,0.004511731909403592,paolo-laptop,influx_dest
power_consumption,1705276153335000000,0.007170589425219145,paolo-laptop,influx_dest
power_consumption,1705276154337000000,0.007594097633236999,paolo-laptop,influx_dest
power_consumption,1705276155341000000,0.006594134711099701,paolo-laptop,influx_dest
power_consumption,1705276156345000000,0.0067958416621015675,paolo-laptop,influx_dest
power_consumption,1705276157349000000,0.006307782717467626,paolo-laptop,influx_dest
power_consumption,1705276158356000000,0.007223767585552952,paolo-laptop,influx_dest
power_consumption,1705276159369000000,0.005579532111627465,paolo-laptop,influx_dest
power_consumption,1705276160373000000,0.01646064073139673,paolo-laptop,influx_dest
power_consumption,1705276161377000000,0.007469287858967364,paolo-laptop,influx_dest
power_consumption,1705276162381000000,0.008357055939552443,paolo-laptop,influx_dest
power_consumption,1705276163385000000,0.012028313667869758,paolo-laptop,influx_dest
power_consumption,1705276164389000000,0.005250353298425192,paolo-laptop,influx_dest
power_consumption,1705276165391000000,0.006445512986427914,paolo-laptop,influx_dest
power_consumption,1705276166392000000,0.008817413946418148,paolo-laptop,influx_dest
power_consumption,1705276167394000000,0.013624781547741556,paolo-laptop,influx_dest
power_consumption,1705276168399000000,0.005234231928917954,paolo-laptop,influx_dest
power_consumption,1705276169407000000,0.011478604164204612,paolo-laptop,influx_dest
power_consumption,1705276170411000000,0.019841203167220635,paolo-laptop,influx_dest
power_consumption,1705276171414000000,0.010992026290006401,paolo-laptop,influx_dest
power_consumption,1705276172418000000,0.006757694595370178,paolo-laptop,influx_dest
power_consumption,1705276173421000000,0.004621186695995004,paolo-laptop,influx_dest
power_consumption,1705276174425000000,0.008713943302127639,paolo-laptop,influx_dest
power_consumption,1705276175428000000,0.006796863115607464,paolo-laptop,influx_dest
power_consumption,1705276176430000000,0.006768786986118032,paolo-laptop,influx_dest
power_consumption,1705276177433000000,0.007238481043469941,paolo-laptop,influx_dest
power_consumption,1705276178435000000,0.004628420546760863,paolo-laptop,influx_dest
power_consumption,1705276179437000000,0.007447729593348374,paolo-laptop,influx_dest
power_consumption,1705276180439000000,0.01595054563464894,paolo-laptop,influx_dest
power_consumption,1705276181440000000,0.004337823198453097,paolo-laptop,influx_dest
power_consumption,1705276182442000000,0.004454036803956292,paolo-laptop,influx_dest
power_consumption,1705276183443000000,0.007454992345573664,paolo-laptop,influx_dest
power_consumption,1705276184445000000,0.008391635402341587,paolo-laptop,influx_dest
power_consumption,1705276185447000000,0.009219977146234773,paolo-laptop,influx_dest
power_consumption,1705276186450000000,0.004749160475559632,paolo-laptop,influx_dest
power_consumption,1705276187456000000,0.012481625468993137,paolo-laptop,influx_dest
power_consumption,1705276188459000000,0.0037533698545195292,paolo-laptop,influx_dest
power_consumption,1705276189461000000,0.007240591662814136,paolo-laptop,influx_dest
power_consumption,1705276190464000000,0.012241001018629818,paolo-laptop,influx_dest
power_consumption,1705276191466000000,0.008501289020402215,paolo-laptop,influx_dest
power_consumption,1705276192468000000,0.006506151304363975,paolo-laptop,influx_dest
power_consumption,1705276193470000000,0.005919721642265093,paolo-laptop,influx_dest
power_consumption,1705276194472000000,0.006458892230285063,paolo-laptop,influx_dest
power_consumption,1705276195476000000,0.004791853259586856,paolo-laptop,influx_dest
power_consumption,1705276196477000000,0.004461056250190523,paolo-laptop,influx_dest
power_consumption,1705276197481000000,0.005888484060826452,paolo-laptop,influx_dest
power_consumption,1705276198485000000,0.004728180892527078,paolo-laptop,influx_dest
power_consumption,1705276199486000000,0.0067371511256907445,paolo-laptop,influx_dest
power_consumption,1705276200488000000,0.02338367987723832,paolo-laptop,influx_dest
power_consumption,1705276201492000000,0.010119772587584284,paolo-laptop,influx_dest
power_consumption,1705276202494000000,0.004382009383521974,paolo-laptop,influx_dest
power_consumption,1705276203496000000,0.0699828136153254,paolo-laptop,influx_dest
power_consumption,1705276204497000000,0.00842803751443763,paolo-laptop,influx_dest
power_consumption,1705276205499000000,0.012361846824652977,paolo-laptop,influx_dest
power_consumption,1705276206501000000,0.005288258155998499,paolo-laptop,influx_dest
power_consumption,1705276207503000000,0.00471132954448373,paolo-laptop,influx_dest
power_consumption,1705276208506000000,0.005510801819106015,paolo-laptop,influx_dest
power_consumption,1705276209510000000,0.007785884928772106,paolo-laptop,influx_dest
power_consumption,1705276210513000000,0.012551156335850681,paolo-laptop,influx_dest
power_consumption,1705276211517000000,0.010997212162970994,paolo-laptop,influx_dest
power_consumption,1705276212519000000,0.005931427594480728,paolo-laptop,influx_dest
power_consumption,1705276213521000000,0.006824183298539744,paolo-laptop,influx_dest
power_consumption,1705276214523000000,0.006910399513989741,paolo-laptop,influx_dest
power_consumption,1705276215525000000,0.007517000237534631,paolo-laptop,influx_dest
power_consumption,1705276216528000000,0.004652399940786786,paolo-laptop,influx_dest
power_consumption,1705276217534000000,0.005463777528853529,paolo-laptop,influx_dest
power_consumption,1705276218537000000,0.005423615794672966,paolo-laptop,influx_dest
power_consumption,1705276219542000000,0.00606951623111818,paolo-laptop,influx_dest
power_consumption,1705276220548000000,0.014035190005237622,paolo-laptop,influx_dest
power_consumption,1705276221550000000,0.003760246506398865,paolo-laptop,influx_dest
power_consumption,1705276222552000000,0.006979993694272976,paolo-laptop,influx_dest
power_consumption,1705276223556000000,0.0036813264100419834,paolo-laptop,influx_dest
power_consumption,1705276224560000000,0.006172184936191879,paolo-laptop,influx_dest
power_consumption,1705276225562000000,0.005371942478352249,paolo-laptop,influx_dest
power_consumption,1705276226564000000,0.008905690180977395,paolo-laptop,influx_dest
power_consumption,1705276227566000000,0.006428527104773895,paolo-laptop,influx_dest
power_consumption,1705276228567000000,0.006375388962364552,paolo-laptop,influx_dest
power_consumption,1705276229569000000,0.007080198701650048,paolo-laptop,influx_dest
power_consumption,1705276230571000000,0.013722609207175298,paolo-laptop,influx_dest
power_consumption,1705276231573000000,0.006484929443086633,paolo-laptop,influx_dest
power_consumption,1705276232575000000,0.006509549399924134,paolo-laptop,influx_dest
power_consumption,1705276233578000000,0.0074142938437880045,paolo-laptop,influx_dest
power_consumption,1705276234579000000,0.0072209683757239445,paolo-laptop,influx_dest
power_consumption,1705276235580000000,0.006296327076705761,paolo-laptop,influx_dest
power_consumption,1705276236582000000,0.008547258937923989,paolo-laptop,influx_dest
power_consumption,1705276237584000000,0.006271158382000545,paolo-laptop,influx_dest
power_consumption,1705276238587000000,0.005000307857376215,paolo-laptop,influx_dest
power_consumption,1705276239589000000,0.007459464734515481,paolo-laptop,influx_dest
power_consumption,1705276240590000000,0.012038788705854592,paolo-laptop,influx_dest
power_consumption,1705276241592000000,0.00804137668230254,paolo-laptop,influx_dest
power_consumption,1705276242594000000,0.006547616724058217,paolo-laptop,influx_dest
power_consumption,1705276243596000000,0.006534873589343461,paolo-laptop,influx_dest
power_consumption,1705276244598000000,0.007283108334226374,paolo-laptop,influx_dest
power_consumption,1705276245600000000,0.008046570475610576,paolo-laptop,influx_dest
power_consumption,1705276246604000000,0.00846994023297533,paolo-laptop,influx_dest
power_consumption,1705276247606000000,0.0057164959090171275,paolo-laptop,influx_dest
power_consumption,1705276248608000000,0.006485714714045891,paolo-laptop,influx_dest
power_consumption,1705276249610000000,0.005976223313025471,paolo-laptop,influx_dest
power_consumption,1705276250612000000,0.0140156864303481,paolo-laptop,influx_dest
power_consumption,1705276251615000000,0.007541498518620095,paolo-laptop,influx_dest
power_consumption,1705276252617000000,0.006724167667713288,paolo-laptop,influx_dest
power_consumption,1705276253623000000,0.007374722266250966,paolo-laptop,influx_dest
power_consumption,1705276254626000000,0.006759546484504913,paolo-laptop,influx_dest
power_consumption,1705276255628000000,0.006084316658717956,paolo-laptop,influx_dest
power_consumption,1705276256630000000,0.010498129807337376,paolo-laptop,influx_dest
power_consumption,1705276257631000000,0.005226151590435988,paolo-laptop,influx_dest
power_consumption,1705276258633000000,0.00712176437258685,paolo-laptop,influx_dest
power_consumption,1705276259636000000,0.007047584277962487,paolo-laptop,influx_dest
power_consumption,1705276260638000000,0.014625594310083352,paolo-laptop,influx_dest
power_consumption,1705276261640000000,0.005706720199306067,paolo-laptop,influx_dest
power_consumption,1705276263647000000,0.005442463977113551,paolo-laptop,influx_dest
power_consumption,1705276264648000000,0.006309186087999099,paolo-laptop,influx_dest
power_consumption,1705276265650000000,0.0038097296703962146,paolo-laptop,influx_dest
power_consumption,1705276266651000000,0.008882075950736302,paolo-laptop,influx_dest
power_consumption,1705276267653000000,0.007367893102385422,paolo-laptop,influx_dest
power_consumption,1705276268655000000,0.012637510388822467,paolo-laptop,influx_dest
power_consumption,1705276269656000000,0.003556855772867025,paolo-laptop,influx_dest
power_consumption,1705276270658000000,0.020206193533356263,paolo-laptop,influx_dest
power_consumption,1705276271661000000,0.08605795930111652,paolo-laptop,influx_dest
power_consumption,1705276272666000000,0.009346037818877212,paolo-laptop,influx_dest
power_consumption,1705276273667000000,0.003918604710921596,paolo-laptop,influx_dest
power_consumption,1705276274671000000,0.009681098008877818,paolo-laptop,influx_dest
power_consumption,1705276275673000000,0.01082968487346037,paolo-laptop,influx_dest
power_consumption,1705276276675000000,0.008472766304995894,paolo-laptop,influx_dest
power_consumption,1705276277677000000,0.0041608041906215166,paolo-laptop,influx_dest
power_consumption,1705276278678000000,0.011395076895424289,paolo-laptop,influx_dest
power_consumption,1705276279684000000,0.0037744833934831856,paolo-laptop,influx_dest
power_consumption,1705276280687000000,0.01518446938134987,paolo-laptop,influx_dest
power_consumption,1705276281696000000,0.008083092476869773,paolo-laptop,influx_dest
power_consumption,1705276282705000000,0.005847224188498085,paolo-laptop,influx_dest
power_consumption,1705276283707000000,0.0063878197059657645,paolo-laptop,influx_dest
power_consumption,1705276284709000000,0.007753874566179961,paolo-laptop,influx_dest
power_consumption,1705276285711000000,0.007076217204242198,paolo-laptop,influx_dest
power_consumption,1705276286712000000,0.009539070472713424,paolo-laptop,influx_dest
power_consumption,1705276287714000000,0.007832657421012072,paolo-laptop,influx_dest
power_consumption,1705276288715000000,0.007500172476203804,paolo-laptop,influx_dest
power_consumption,1705276289719000000,0.0060929502155051,paolo-laptop,influx_dest
power_consumption,1705276290722000000,0.01248946971091764,paolo-laptop,influx_dest
power_consumption,1705276291726000000,0.003553294504040776,paolo-laptop,influx_dest
power_consumption,1705276292728000000,0.006839682783342434,paolo-laptop,influx_dest
power_consumption,1705276293732000000,0.00864094246797311,paolo-laptop,influx_dest
power_consumption,1705276294736000000,0.003776092706352531,paolo-laptop,influx_dest
power_consumption,1705276295738000000,0.004865633056895876,paolo-laptop,influx_dest
power_consumption,1705276296741000000,0.008322906111936323,paolo-laptop,influx_dest
power_consumption,1705276297745000000,0.006933912210354014,paolo-laptop,influx_dest
power_consumption,1705276298749000000,0.004649985389893408,paolo-laptop,influx_dest
power_consumption,1705276299751000000,0.004580018704445633,paolo-laptop,influx_dest
power_consumption,1705276300754000000,0.019025018000534827,paolo-laptop,influx_dest
power_consumption,1705276301758000000,0.005196667141941464,paolo-laptop,influx_dest
power_consumption,1705276302760000000,0.007920994779575433,paolo-laptop,influx_dest
power_consumption,1705276303762000000,0.004648020518079558,paolo-laptop,influx_dest
power_consumption,1705276304765000000,0.012550698343841983,paolo-laptop,influx_dest
power_consumption,1705276305770000000,0.004680456375860524,paolo-laptop,influx_dest
power_consumption,1705276306771000000,0.007286950206955618,paolo-laptop,influx_dest
power_consumption,1705276307774000000,0.006370399895173247,paolo-laptop,influx_dest
power_consumption,1705276308780000000,0.007480982102245711,paolo-laptop,influx_dest
power_consumption,1705276309784000000,0.003818162943935153,paolo-laptop,influx_dest
power_consumption,1705276310786000000,0.022952602344658925,paolo-laptop,influx_dest
power_consumption,1705276311787000000,0.006178865769427149,paolo-laptop,influx_dest
power_consumption,1705276312790000000,0.012258551479992656,paolo-laptop,influx_dest
power_consumption,1705276313796000000,0.0034853275960191055,paolo-laptop,influx_dest
power_consumption,1705276314798000000,0.006236255007441926,paolo-laptop,influx_dest
power_consumption,1705276315802000000,0.006109146489334149,paolo-laptop,influx_dest
power_consumption,1705276316806000000,0.0038555762515935683,paolo-laptop,influx_dest
power_consumption,1705276317808000000,0.0037283802446500015,paolo-laptop,influx_dest
power_consumption,1705276318810000000,0.007907831952785205,paolo-laptop,influx_dest
power_consumption,1705276319814000000,0.00441812771756101,paolo-laptop,influx_dest
power_consumption,1705276320819000000,0.0164383838273036,paolo-laptop,influx_dest
power_consumption,1705276321821000000,0.0074460366026217195,paolo-laptop,influx_dest
power_consumption,1705276322824000000,0.008530225214847646,paolo-laptop,influx_dest
power_consumption,1705276323826000000,0.007589494663043398,paolo-laptop,influx_dest
power_consumption,1705276324828000000,0.011966707631717704,paolo-laptop,influx_dest
power_consumption,1705276325830000000,0.004628521790155852,paolo-laptop,influx_dest
power_consumption,1705276326831000000,0.010279783520177315,paolo-laptop,influx_dest
power_consumption,1705276327833000000,0.008862060469931644,paolo-laptop,influx_dest
power_consumption,1705276328835000000,0.006584420006777461,paolo-laptop,influx_dest
power_consumption,1705276329836000000,0.0036362437000981166,paolo-laptop,influx_dest
power_consumption,1705276330839000000,0.013162417495636125,paolo-laptop,influx_dest
power_consumption,1705276331840000000,0.00790980375036306,paolo-laptop,influx_dest
power_consumption,1705276332842000000,0.010737619539613545,paolo-laptop,influx_dest
power_consumption,1705276333844000000,0.004367655649732027,paolo-laptop,influx_dest
power_consumption,1705276334846000000,0.004354911387113842,paolo-laptop,influx_dest
power_consumption,1705276335848000000,0.00836769617754873,paolo-laptop,influx_dest
power_consumption,1705276336849000000,0.00828544095123861,paolo-laptop,influx_dest
power_consumption,1705276337852000000,0.007223645124264567,paolo-laptop,influx_dest
power_consumption,1705276338856000000,0.003948044877774654,paolo-laptop,influx_dest
power_consumption,1705276339860000000,0.004921868902501901,paolo-laptop,influx_dest
power_consumption,1705276340862000000,0.01533134490277465,paolo-laptop,influx_dest
power_consumption,1705276341864000000,0.005132177305160217,paolo-laptop,influx_dest
power_consumption,1705276342866000000,0.005948743775792543,paolo-laptop,influx_dest
power_consumption,1705276343870000000,0.0071680241896568565,paolo-laptop,influx_dest
power_consumption,1705276344871000000,0.07905922069150789,paolo-laptop,influx_dest
power_consumption,1705276345876000000,0.004261938205679437,paolo-laptop,influx_dest
power_consumption,1705276346878000000,0.004826130642531739,paolo-laptop,influx_dest
power_consumption,1705276347880000000,0.003509310463377128,paolo-laptop,influx_dest
power_consumption,1705276348889000000,0.00406486634887959,paolo-laptop,influx_dest
power_consumption,1705276349894000000,0.0037990694688443552,paolo-laptop,influx_dest
power_consumption,1705276350897000000,0.012671992666367435,paolo-laptop,influx_dest
power_consumption,1705276351899000000,0.005904034252669757,paolo-laptop,influx_dest
power_consumption,1705276352901000000,0.005836227674543859,paolo-laptop,influx_dest
power_consumption,1705276353903000000,0.006023002394688512,paolo-laptop,influx_dest
power_consumption,1705276354905000000,0.005777540439584497,paolo-laptop,influx_dest
power_consumption,1705276355908000000,0.0064230523402384766,paolo-laptop,influx_dest
power_consumption,1705276356910000000,0.004276164586146618,paolo-laptop,influx_dest
power_consumption,1705276357912000000,0.006799992666855748,paolo-laptop,influx_dest
power_consumption,1705276358913000000,0.005757886572952181,paolo-laptop,influx_dest
power_consumption,1705276359917000000,0.00841837687833391,paolo-laptop,influx_dest
power_consumption,1705276360919000000,0.018178585919351616,paolo-laptop,influx_dest
power_consumption,1705276361923000000,0.01268682302163147,paolo-laptop,influx_dest
power_consumption,1705276362924000000,0.005001993254231929,paolo-laptop,influx_dest
power_consumption,1705276363926000000,0.007829812065097893,paolo-laptop,influx_dest
power_consumption,1705276364928000000,0.007387715305007093,paolo-laptop,influx_dest
power_consumption,1705276365931000000,0.0090301286614873,paolo-laptop,influx_dest
power_consumption,1705276366935000000,0.00683598920609218,paolo-laptop,influx_dest
power_consumption,1705276367938000000,0.004149866909327752,paolo-laptop,influx_dest
power_consumption,1705276368940000000,0.004078591755585934,paolo-laptop,influx_dest
power_consumption,1705276369942000000,0.003870955484730099,paolo-laptop,influx_dest
power_consumption,1705276370943000000,0.023459032104346154,paolo-laptop,influx_dest
power_consumption,1705276371944000000,0.005061106630003055,paolo-laptop,influx_dest
power_consumption,1705276372949000000,0.006511443903115579,paolo-laptop,influx_dest
power_consumption,1705276373954000000,0.008121335446584398,paolo-laptop,influx_dest
power_consumption,1705276374956000000,0.003965737676126004,paolo-laptop,influx_dest
power_consumption,1705276376971000000,0.0060984708922381375,paolo-laptop,influx_dest
power_consumption,1705276377973000000,0.003771944854217399,paolo-laptop,influx_dest
power_consumption,1705276378977000000,0.004379780590657061,paolo-laptop,influx_dest
power_consumption,1705276379978000000,0.004818982484150695,paolo-laptop,influx_dest
power_consumption,1705276380982000000,0.0179060474421191,paolo-laptop,influx_dest
power_consumption,1705276381984000000,0.0041494671941337035,paolo-laptop,influx_dest
power_consumption,1705276382986000000,0.006209762523580069,paolo-laptop,influx_dest
power_consumption,1705276383989000000,0.006389165042349218,paolo-laptop,influx_dest
power_consumption,1705276384992000000,0.005609443473118392,paolo-laptop,influx_dest
power_consumption,1705276385995000000,0.006353684405969566,paolo-laptop,influx_dest
power_consumption,1705276386997000000,0.00808837140155792,paolo-laptop,influx_dest
power_consumption,1705276387999000000,0.006204416885656352,paolo-laptop,influx_dest
power_consumption,1705276389002000000,0.00543851674670876,paolo-laptop,influx_dest
power_consumption,1705276390007000000,0.016539184291601103,paolo-laptop,influx_dest
power_consumption,1705276391011000000,0.012419221904637052,paolo-laptop,influx_dest
power_consumption,1705276392012000000,0.004027074519498896,paolo-laptop,influx_dest
power_consumption,1705276393015000000,0.005565715594764782,paolo-laptop,influx_dest
power_consumption,1705276394020000000,0.011699218177523469,paolo-laptop,influx_dest
power_consumption,1705276395022000000,0.004833021044609222,paolo-laptop,influx_dest
power_consumption,1705276396024000000,0.0072715017624295905,paolo-laptop,influx_dest
power_consumption,1705276397025000000,0.006810257090523672,paolo-laptop,influx_dest
power_consumption,1705276398027000000,0.00694868284757516,paolo-laptop,influx_dest
power_consumption,1705276399029000000,0.007241373725034399,paolo-laptop,influx_dest
power_consumption,1705276400030000000,0.014494519648675513,paolo-laptop,influx_dest
power_consumption,1705276401033000000,0.005941124541943105,paolo-laptop,influx_dest
power_consumption,1705276402035000000,0.005904446537502045,paolo-laptop,influx_dest
power_consumption,1705276403037000000,0.005968353944864784,paolo-laptop,influx_dest
power_consumption,1705276404039000000,0.006764966939247116,paolo-laptop,influx_dest
power_consumption,1705276405042000000,0.006782815710872185,paolo-laptop,influx_dest
power_consumption,1705276406044000000,0.006975715050411396,paolo-laptop,influx_dest
power_consumption,1705276407047000000,0.007801994923030102,paolo-laptop,influx_dest
power_consumption,1705276408049000000,0.006427730689700148,paolo-laptop,influx_dest
power_consumption,1705276409055000000,0.006791243794012251,paolo-laptop,influx_dest
power_consumption,1705276410060000000,0.013373316665185344,paolo-laptop,influx_dest
power_consumption,1705276411066000000,0.006770181139815139,paolo-laptop,influx_dest
power_consumption,1705276412068000000,0.006441244221002026,paolo-laptop,influx_dest
power_consumption,1705276413070000000,0.007125422875486306,paolo-laptop,influx_dest
power_consumption,1705276414072000000,0.045618955804107825,paolo-laptop,influx_dest
power_consumption,1705276415074000000,0.006478546438082243,paolo-laptop,influx_dest
power_consumption,1705276416076000000,0.00980253833403771,paolo-laptop,influx_dest
power_consumption,1705276417079000000,0.00943208965645374,paolo-laptop,influx_dest
power_consumption,1705276418081000000,0.008314873979613424,paolo-laptop,influx_dest
power_consumption,1705276419084000000,0.012068601074158327,paolo-laptop,influx_dest
power_consumption,1705276420086000000,0.012698708406840205,paolo-laptop,influx_dest
power_consumption,1705276421089000000,0.006180073003820757,paolo-laptop,influx_dest
power_consumption,1705276422091000000,0.006124066691441062,paolo-laptop,influx_dest
power_consumption,1705276423094000000,0.0073212563789130675,paolo-laptop,influx_dest
power_consumption,1705276424097000000,0.006836188352694262,paolo-laptop,influx_dest
power_consumption,1705276425101000000,0.007016458449796956,paolo-laptop,influx_dest
power_consumption,1705276426105000000,0.011258564632749121,paolo-laptop,influx_dest
power_consumption,1705276427109000000,0.004496643748640688,paolo-laptop,influx_dest
power_consumption,1705276428113000000,0.007261128672548111,paolo-laptop,influx_dest
power_consumption,1705276429117000000,0.006782324527182082,paolo-laptop,influx_dest
power_consumption,1705276430119000000,0.01889560657971741,paolo-laptop,influx_dest
power_consumption,1705276431124000000,0.00415419406406538,paolo-laptop,influx_dest
power_consumption,1705276432127000000,0.00675974367935705,paolo-laptop,influx_dest
power_consumption,1705276433131000000,0.005019309981269901,paolo-laptop,influx_dest
power_consumption,1705276434134000000,0.007874892611746282,paolo-laptop,influx_dest
power_consumption,1705276435137000000,0.009787844995638693,paolo-laptop,influx_dest
power_consumption,1705276436142000000,0.008343229607794015,paolo-laptop,influx_dest
power_consumption,1705276437144000000,0.00838823107094818,paolo-laptop,influx_dest
power_consumption,1705276438145000000,0.0060195525446281525,paolo-laptop,influx_dest
power_consumption,1705276439152000000,0.00411840914150127,paolo-laptop,influx_dest
power_consumption,1705276440161000000,0.012380409125640264,paolo-laptop,influx_dest
power_consumption,1705276441166000000,0.012690884883023848,paolo-laptop,influx_dest
power_consumption,1705276442170000000,0.004699834637781437,paolo-laptop,influx_dest
power_consumption,1705276443172000000,0.004014130372014298,paolo-laptop,influx_dest
power_consumption,1705276444174000000,0.007661804867722035,paolo-laptop,influx_dest
power_consumption,1705276445176000000,0.008392001579925088,paolo-laptop,influx_dest
power_consumption,1705276446179000000,0.009882849401483476,paolo-laptop,influx_dest
power_consumption,1705276447185000000,0.012448518465951621,paolo-laptop,influx_dest
power_consumption,1705276448189000000,0.004848497427789892,paolo-laptop,influx_dest
power_consumption,1705276449193000000,0.012727107381102668,paolo-laptop,influx_dest
power_consumption,1705276450196000000,0.01554078613562338,paolo-laptop,influx_dest
power_consumption,1705276451200000000,0.010030364272224337,paolo-laptop,influx_dest
power_consumption,1705276452202000000,0.005774350190038448,paolo-laptop,influx_dest
power_consumption,1705276453205000000,0.005480201633716026,paolo-laptop,influx_dest
power_consumption,1705276454208000000,0.008891573419890181,paolo-laptop,influx_dest
power_consumption,1705276455210000000,0.007253527633241169,paolo-laptop,influx_dest
power_consumption,1705276456214000000,0.010617454166029737,paolo-laptop,influx_dest
power_consumption,1705276457218000000,0.006443754653178953,paolo-laptop,influx_dest
power_consumption,1705276458224000000,0.010555784339727682,paolo-laptop,influx_dest
power_consumption,1705276459228000000,0.005102941553170303,paolo-laptop,influx_dest
power_consumption,1705276460230000000,0.020631582152051443,paolo-laptop,influx_dest
power_consumption,1705276461234000000,0.005865770336598564,paolo-laptop,influx_dest
power_consumption,1705276462235000000,0.004860918953859193,paolo-laptop,influx_dest
power_consumption,1705276463237000000,0.00435160412185483,paolo-laptop,influx_dest
power_consumption,1705276464239000000,0.004747304829251875,paolo-laptop,influx_dest
power_consumption,1705276465241000000,0.0036744410481434997,paolo-laptop,influx_dest
power_consumption,1705276466244000000,0.0071410890098865965,paolo-laptop,influx_dest
power_consumption,1705276467246000000,0.00751079056604514,paolo-laptop,influx_dest
power_consumption,1705276468248000000,0.003370937807209403,paolo-laptop,influx_dest
power_consumption,1705276469249000000,0.0073408115459106475,paolo-laptop,influx_dest
power_consumption,1705276470252000000,0.014487173357359375,paolo-laptop,influx_dest
power_consumption,1705276471255000000,0.004923441795452163,paolo-laptop,influx_dest
power_consumption,1705276472256000000,0.007663673265110934,paolo-laptop,influx_dest
power_consumption,1705276473258000000,0.0037146323587334876,paolo-laptop,influx_dest
power_consumption,1705276474260000000,0.006319655869980154,paolo-laptop,influx_dest
power_consumption,1705276475262000000,0.0041581781929625,paolo-laptop,influx_dest
power_consumption,1705276476264000000,0.0037873844531523936,paolo-laptop,influx_dest
power_consumption,1705276477265000000,0.015424914856586395,paolo-laptop,influx_dest
power_consumption,1705276478267000000,0.006917692567085034,paolo-laptop,influx_dest
power_consumption,1705276479270000000,0.004597227115777578,paolo-laptop,influx_dest
power_consumption,1705276480273000000,0.015449730825975042,paolo-laptop,influx_dest
power_consumption,1705276481275000000,0.00513034902237909,paolo-laptop,influx_dest
power_consumption,1705276482279000000,0.00726753827428823,paolo-laptop,influx_dest
power_consumption,1705276483283000000,0.007112856084323337,paolo-laptop,influx_dest
power_consumption,1705276484286000000,0.00550447589384076,paolo-laptop,influx_dest
power_consumption,1705276485288000000,0.007146599060135859,paolo-laptop,influx_dest
power_consumption,1705276486290000000,0.004450147731317751,paolo-laptop,influx_dest
power_consumption,1705276487295000000,0.007918994334510245,paolo-laptop,influx_dest
power_consumption,1705276488299000000,0.06820692607634556,paolo-laptop,influx_dest
power_consumption,1705276489301000000,0.006353289355997576,paolo-laptop,influx_dest
power_consumption,1705276490303000000,0.017886235870967868,paolo-laptop,influx_dest
power_consumption,1705276491305000000,0.00455377741300138,paolo-laptop,influx_dest
power_consumption,1705276492309000000,0.004018683446123153,paolo-laptop,influx_dest
power_consumption,1705276493314000000,0.012527778708096685,paolo-laptop,influx_dest
power_consumption,1705276494316000000,0.0035709319992041594,paolo-laptop,influx_dest
power_consumption,1705276495318000000,0.0035370604144756164,paolo-laptop,influx_dest
power_consumption,1705276496322000000,0.004075038466577739,paolo-laptop,influx_dest
power_consumption,1705276497324000000,0.007253601360483881,paolo-laptop,influx_dest
power_consumption,1705276498329000000,0.0066132045046438034,paolo-laptop,influx_dest
power_consumption,1705276499334000000,0.005004581006452114,paolo-laptop,influx_dest
power_consumption,1705276500338000000,0.015256271516481743,paolo-laptop,influx_dest
power_consumption,1705276501343000000,0.007174164516782295,paolo-laptop,influx_dest
power_consumption,1705276502345000000,0.007163682548649821,paolo-laptop,influx_dest
power_consumption,1705276503349000000,0.007534814048883976,paolo-laptop,influx_dest
power_consumption,1705276504350000000,0.0068507717540756755,paolo-laptop,influx_dest
power_consumption,1705276505354000000,0.004205860215097252,paolo-laptop,influx_dest
power_consumption,1705276506358000000,0.007335334224519307,paolo-laptop,influx_dest
power_consumption,1705276507360000000,0.004741280683885423,paolo-laptop,influx_dest
power_consumption,1705276508362000000,0.0045487925010006475,paolo-laptop,influx_dest
power_consumption,1705276509365000000,0.008807255430261625,paolo-laptop,influx_dest
power_consumption,1705276510368000000,0.015233368282806099,paolo-laptop,influx_dest
power_consumption,1705276511370000000,0.0036099636508740394,paolo-laptop,influx_dest
power_consumption,1705276512372000000,0.008233429557901543,paolo-laptop,influx_dest
power_consumption,1705276513374000000,0.007724516816630397,paolo-laptop,influx_dest
power_consumption,1705276514375000000,0.008039917692959577,paolo-laptop,influx_dest
power_consumption,1705276515377000000,0.006665517671643004,paolo-laptop,influx_dest
power_consumption,1705276517382000000,0.009379208628289996,paolo-laptop,influx_dest
power_consumption,1705276518384000000,0.00680548881292691,paolo-laptop,influx_dest
power_consumption,1705276519390000000,0.004865600073420529,paolo-laptop,influx_dest
power_consumption,1705276520395000000,0.013123909778468647,paolo-laptop,influx_dest
power_consumption,1705276521398000000,0.009647594139455994,paolo-laptop,influx_dest
power_consumption,1705276522403000000,0.007923924272878486,paolo-laptop,influx_dest
power_consumption,1705276523406000000,0.004737241052385172,paolo-laptop,influx_dest
power_consumption,1705276524410000000,0.005022163609381779,paolo-laptop,influx_dest
power_consumption,1705276525412000000,0.00399245727494578,paolo-laptop,influx_dest
power_consumption,1705276526413000000,0.014027348351503311,paolo-laptop,influx_dest
power_consumption,1705276527414000000,0.013384439340028862,paolo-laptop,influx_dest
power_consumption,1705276528416000000,0.00512305639021487,paolo-laptop,influx_dest
power_consumption,1705276529419000000,0.006025216765359868,paolo-laptop,influx_dest
power_consumption,1705276530420000000,0.017804133113058788,paolo-laptop,influx_dest
power_consumption,1705276531422000000,0.004614680982450298,paolo-laptop,influx_dest
power_consumption,1705276532423000000,0.006641052610119746,paolo-laptop,influx_dest
power_consumption,1705276533425000000,0.012275494643388936,paolo-laptop,influx_dest
power_consumption,1705276534426000000,0.013990170755257414,paolo-laptop,influx_dest
power_consumption,1705276535428000000,0.00648555197318774,paolo-laptop,influx_dest
power_consumption,1705276536431000000,0.004589956183605556,paolo-laptop,influx_dest
power_consumption,1705276537434000000,0.004724504278360296,paolo-laptop,influx_dest
power_consumption,1705276538437000000,0.004400645623638956,paolo-laptop,influx_dest
power_consumption,1705276539438000000,0.004216057453072107,paolo-laptop,influx_dest
power_consumption,1705276540440000000,0.014912516297769352,paolo-laptop,influx_dest
power_consumption,1705276541441000000,0.007573910288555643,paolo-laptop,influx_dest
power_consumption,1705276542443000000,0.007113574084286528,paolo-laptop,influx_dest
power_consumption,1705276543446000000,0.0075631704125055255,paolo-laptop,influx_dest
power_consumption,1705276544450000000,0.005094893864537203,paolo-laptop,influx_dest
power_consumption,1705276545456000000,0.007630208772939967,paolo-laptop,influx_dest
power_consumption,1705276546460000000,0.00811526141471564,paolo-laptop,influx_dest
power_consumption,1705276547463000000,0.012216091079411009,paolo-laptop,influx_dest
power_consumption,1705276548466000000,0.011708323238299,paolo-laptop,influx_dest
power_consumption,1705276549469000000,0.01408341232348755,paolo-laptop,influx_dest
power_consumption,1705276550471000000,0.012991681223619142,paolo-laptop,influx_dest
power_consumption,1705276551473000000,0.007151058212228753,paolo-laptop,influx_dest
power_consumption,1705276552478000000,0.008087930351676136,paolo-laptop,influx_dest
power_consumption,1705276553483000000,0.008734044165718734,paolo-laptop,influx_dest
power_consumption,1705276554484000000,0.003955212806616858,paolo-laptop,influx_dest
power_consumption,1705276555485000000,0.004247803642295067,paolo-laptop,influx_dest
power_consumption,1705276556488000000,0.010218607918370617,paolo-laptop,influx_dest
power_consumption,1705276557489000000,0.0745779495420711,paolo-laptop,influx_dest
power_consumption,1705276558493000000,0.012070900307779705,paolo-laptop,influx_dest
power_consumption,1705276559497000000,0.00696915057223415,paolo-laptop,influx_dest
power_consumption,1705276560499000000,0.01688480737070235,paolo-laptop,influx_dest
power_consumption,1705276561503000000,0.005747592494818606,paolo-laptop,influx_dest
power_consumption,1705276562505000000,0.004719575724087895,paolo-laptop,influx_dest
power_consumption,1705276563509000000,0.00664715237676805,paolo-laptop,influx_dest
power_consumption,1705276564513000000,0.006622936690638424,paolo-laptop,influx_dest
power_consumption,1705276565517000000,0.008436044780333687,paolo-laptop,influx_dest
power_consumption,1705276566521000000,0.012302349961999083,paolo-laptop,influx_dest
power_consumption,1705276567523000000,0.008428890045289381,paolo-laptop,influx_dest
power_consumption,1705276568527000000,0.0047120371510647446,paolo-laptop,influx_dest
power_consumption,1705276569529000000,0.005150251376845343,paolo-laptop,influx_dest
power_consumption,1705276570534000000,0.019342494649033398,paolo-laptop,influx_dest
power_consumption,1705276571536000000,0.0061295235092018,paolo-laptop,influx_dest
power_consumption,1705276572538000000,0.005971808532036555,paolo-laptop,influx_dest
power_consumption,1705276573540000000,0.00418443315188964,paolo-laptop,influx_dest
power_consumption,1705276574542000000,0.008371525211456211,paolo-laptop,influx_dest
power_consumption,1705276575546000000,0.003991609210084654,paolo-laptop,influx_dest
power_consumption,1705276576550000000,0.007219194077119077,paolo-laptop,influx_dest
power_consumption,1705276577552000000,0.008330218504384812,paolo-laptop,influx_dest
power_consumption,1705276578554000000,0.006162842387894132,paolo-laptop,influx_dest
power_consumption,1705276579558000000,0.0057212457805443625,paolo-laptop,influx_dest
power_consumption,1705276580563000000,0.020427871866632082,paolo-laptop,influx_dest
power_consumption,1705276581564000000,0.004380333348223462,paolo-laptop,influx_dest
power_consumption,1705276582566000000,0.006269122580482542,paolo-laptop,influx_dest
power_consumption,1705276583568000000,0.005693452904281943,paolo-laptop,influx_dest
power_consumption,1705276584570000000,0.009153209527478678,paolo-laptop,influx_dest
power_consumption,1705276585573000000,0.005492433555272416,paolo-laptop,influx_dest
power_consumption,1705276586577000000,0.007770301877672999,paolo-laptop,influx_dest
power_consumption,1705276587579000000,0.004031269890976408,paolo-laptop,influx_dest
power_consumption,1705276588583000000,0.005994335125765636,paolo-laptop,influx_dest
power_consumption,1705276589588000000,0.00574333691177119,paolo-laptop,influx_dest
power_consumption,1705276590592000000,0.017485127603645366,paolo-laptop,influx_dest
power_consumption,1705276591594000000,0.008303931461170862,paolo-laptop,influx_dest
power_consumption,1705276592598000000,0.008377831339403372,paolo-laptop,influx_dest
power_consumption,1705276593600000000,0.007753293416024988,paolo-laptop,influx_dest
power_consumption,1705276594604000000,0.0072863889365364296,paolo-laptop,influx_dest
power_consumption,1705276595607000000,0.00883897241324979,paolo-laptop,influx_dest
power_consumption,1705276596609000000,0.008031174578847309,paolo-laptop,influx_dest
power_consumption,1705276597611000000,0.005845256824095048,paolo-laptop,influx_dest
power_consumption,1705276598612000000,0.007472531678472208,paolo-laptop,influx_dest
power_consumption,1705276599613000000,0.015120837223444993,paolo-laptop,influx_dest
power_consumption,1705276600615000000,0.02293015366033305,paolo-laptop,influx_dest
power_consumption,1705276602617000000,0.007283399384749121,paolo-laptop,influx_dest
power_consumption,1705276603618000000,0.007209996887176502,paolo-laptop,influx_dest
power_consumption,1705276604620000000,0.009293891268188265,paolo-laptop,influx_dest
power_consumption,1705276605623000000,0.00679064166619882,paolo-laptop,influx_dest
power_consumption,1705276606625000000,0.005758773410901225,paolo-laptop,influx_dest
power_consumption,1705276607629000000,0.005035170720784297,paolo-laptop,influx_dest
power_consumption,1705276608633000000,0.010061212173221123,paolo-laptop,influx_dest
power_consumption,1705276609635000000,0.006374584757646645,paolo-laptop,influx_dest
power_consumption,1705276610636000000,0.019651976619629183,paolo-laptop,influx_dest
power_consumption,1705276611639000000,0.006331740996061118,paolo-laptop,influx_dest
power_consumption,1705276612643000000,0.006022322516883902,paolo-laptop,influx_dest
power_consumption,1705276613649000000,0.006525594946213338,paolo-laptop,influx_dest
power_consumption,1705276614654000000,0.007055197416944351,paolo-laptop,influx_dest
power_consumption,1705276615656000000,0.01082589994253398,paolo-laptop,influx_dest
power_consumption,1705276616660000000,0.00618375600863501,paolo-laptop,influx_dest
power_consumption,1705276617666000000,0.006583862900821845,paolo-laptop,influx_dest
power_consumption,1705276618668000000,0.01182389722185048,paolo-laptop,influx_dest
power_consumption,1705276619672000000,0.006597409370670257,paolo-laptop,influx_dest
power_consumption,1705276620676000000,0.015420537486800515,paolo-laptop,influx_dest
power_consumption,1705276621677000000,0.0034881049391499853,paolo-laptop,influx_dest
power_consumption,1705276622681000000,0.00888542083140342,paolo-laptop,influx_dest
power_consumption,1705276623683000000,0.008764152007871623,paolo-laptop,influx_dest
power_consumption,1705276624687000000,0.005377200880611578,paolo-laptop,influx_dest
power_consumption,1705276625689000000,0.007046449335128968,paolo-laptop,influx_dest
power_consumption,1705276626691000000,0.007287415975872283,paolo-laptop,influx_dest
power_consumption,1705276627692000000,0.004576521703490898,paolo-laptop,influx_dest
power_consumption,1705276628694000000,0.007258197480550758,paolo-laptop,influx_dest
power_consumption,1705276629698000000,0.08315209075206034,paolo-laptop,influx_dest
power_consumption,1705276630700000000,0.016858443992391604,paolo-laptop,influx_dest
power_consumption,1705276631702000000,0.00831605536781603,paolo-laptop,influx_dest
power_consumption,1705276632703000000,0.005339709315727237,paolo-laptop,influx_dest
power_consumption,1705276634710000000,0.007327602497486181,paolo-laptop,influx_dest
power_consumption,1705276635713000000,0.007049036493244571,paolo-laptop,influx_dest
power_consumption,1705276636719000000,0.006229710324728422,paolo-laptop,influx_dest
power_consumption,1705276637721000000,0.009381739219922846,paolo-laptop,influx_dest
power_consumption,1705276638722000000,0.00659762252503583,paolo-laptop,influx_dest
power_consumption,1705276639725000000,0.007449779050022275,paolo-laptop,influx_dest
power_consumption,1705276640726000000,0.01671814580495114,paolo-laptop,influx_dest
power_consumption,1705276641729000000,0.009123858444544216,paolo-laptop,influx_dest
power_consumption,1705276642731000000,0.008705083833831935,paolo-laptop,influx_dest
power_consumption,1705276643733000000,0.007172727286963077,paolo-laptop,influx_dest
power_consumption,1705276644737000000,0.008780391153009354,paolo-laptop,influx_dest
power_consumption,1705276645739000000,0.0057946759790820385,paolo-laptop,influx_dest
power_consumption,1705276646742000000,0.009851164372684067,paolo-laptop,influx_dest
power_consumption,1705276647744000000,0.0051750132414658395,paolo-laptop,influx_dest
power_consumption,1705276648746000000,0.006411430979088265,paolo-laptop,influx_dest
power_consumption,1705276649748000000,0.008234572841461405,paolo-laptop,influx_dest
power_consumption,1705276650751000000,0.013597675594765725,paolo-laptop,influx_dest
power_consumption,1705276651754000000,0.005336281534933574,paolo-laptop,influx_dest
power_consumption,1705276652755000000,0.006643080145066902,paolo-laptop,influx_dest
power_consumption,1705276653757000000,0.007467849372935792,paolo-laptop,influx_dest
power_consumption,1705276654771000000,0.007341197082356539,paolo-laptop,influx_dest
power_consumption,1705276655773000000,0.007520583697444339,paolo-laptop,influx_dest
power_consumption,1705276656776000000,0.006748281148674497,paolo-laptop,influx_dest
power_consumption,1705276657778000000,0.006850888600669333,paolo-laptop,influx_dest
power_consumption,1705276658780000000,0.00630146653175476,paolo-laptop,influx_dest
power_consumption,1705276659782000000,0.008545320270581368,paolo-laptop,influx_dest
power_consumption,1705276660784000000,0.018465684628714167,paolo-laptop,influx_dest
power_consumption,1705276661786000000,0.005301988043548997,paolo-laptop,influx_dest
power_consumption,1705276662788000000,0.005438776452930618,paolo-laptop,influx_dest
power_consumption,1705276663790000000,0.008225708905300003,paolo-laptop,influx_dest
power_consumption,1705276664792000000,0.008837667734537705,paolo-laptop,influx_dest
power_consumption,1705276665793000000,0.00596157005639705,paolo-laptop,influx_dest
power_consumption,1705276666795000000,0.008530100771558764,paolo-laptop,influx_dest
power_consumption,1705276667796000000,0.010480978295005834,paolo-laptop,influx_dest
power_consumption,1705276668798000000,0.007930604608566512,paolo-laptop,influx_dest
power_consumption,1705276669799000000,0.006330663064987951,paolo-laptop,influx_dest
power_consumption,1705276670801000000,0.013391600408776698,paolo-laptop,influx_dest
power_consumption,1705276671803000000,0.00698273138258419,paolo-laptop,influx_dest
power_consumption,1705276672804000000,0.005148844561754408,paolo-laptop,influx_dest
power_consumption,1705276673806000000,0.007425065373814185,paolo-laptop,influx_dest
power_consumption,1705276674808000000,0.005073568045168467,paolo-laptop,influx_dest
power_consumption,1705276675810000000,0.007094458083959277,paolo-laptop,influx_dest
power_consumption,1705276676811000000,0.011435092631668833,paolo-laptop,influx_dest
power_consumption,1705276677813000000,0.0056678772505060395,paolo-laptop,influx_dest
power_consumption,1705276678817000000,0.00791883640388846,paolo-laptop,influx_dest
power_consumption,1705276679819000000,0.007383552980000095,paolo-laptop,influx_dest
power_consumption,1705276680821000000,0.016289261453687462,paolo-laptop,influx_dest
power_consumption,1705276681823000000,0.010049769574889261,paolo-laptop,influx_dest
power_consumption,1705276682825000000,0.005825061123252724,paolo-laptop,influx_dest
power_consumption,1705276683826000000,0.007224626131395108,paolo-laptop,influx_dest
power_consumption,1705276684828000000,0.01058665458344772,paolo-laptop,influx_dest
power_consumption,1705276685830000000,0.007192130840593183,paolo-laptop,influx_dest
power_consumption,1705276686832000000,0.007842848070042756,paolo-laptop,influx_dest
power_consumption,1705276687834000000,0.006104335307943589,paolo-laptop,influx_dest
power_consumption,1705276688837000000,0.005834947696983641,paolo-laptop,influx_dest
power_consumption,1705276689839000000,0.006505075353543844,paolo-laptop,influx_dest
power_consumption,1705276690843000000,0.013139196284367168,paolo-laptop,influx_dest
power_consumption,1705276691846000000,0.005117833165997751,paolo-laptop,influx_dest
power_consumption,1705276692850000000,0.007760081568449794,paolo-laptop,influx_dest
power_consumption,1705276693853000000,0.006476380643022334,paolo-laptop,influx_dest
power_consumption,1705276694860000000,0.009057586981512808,paolo-laptop,influx_dest
power_consumption,1705276695864000000,0.012278017471995513,paolo-laptop,influx_dest
power_consumption,1705276696865000000,0.008809413430337566,paolo-laptop,influx_dest
power_consumption,1705276697868000000,0.009498949941810345,paolo-laptop,influx_dest
power_consumption,1705276698871000000,0.0077705954597009335,paolo-laptop,influx_dest
