name,time,power,sensor,target
power_consumption,1705263959332000000,12.422688054571006,paolo-laptop,crate-mio-container-master
power_consumption,1705263960334000000,12.46256725559847,paolo-laptop,crate-mio-container-master
power_consumption,1705263961336000000,14.163709649258395,paolo-laptop,crate-mio-container-master
power_consumption,1705263968358000000,14.505755020254862,paolo-laptop,crate-mio-container-master
power_consumption,1705263969360000000,13.404447848111513,paolo-laptop,crate-mio-container-master
power_consumption,1705263970362000000,13.182705019974456,paolo-laptop,crate-mio-container-master
power_consumption,1705263971365000000,13.619694379136575,paolo-laptop,crate-mio-container-master
power_consumption,1705263972367000000,13.55172887548742,paolo-laptop,crate-mio-container-master
power_consumption,1705263973369000000,14.024949825171154,paolo-laptop,crate-mio-container-master
power_consumption,1705263974371000000,13.855331756119512,paolo-laptop,crate-mio-container-master
power_consumption,1705263975373000000,13.754092907169582,paolo-laptop,crate-mio-container-master
power_consumption,1705263976374000000,13.880327038981516,paolo-laptop,crate-mio-container-master
power_consumption,1705263977376000000,13.504713261647243,paolo-laptop,crate-mio-container-master
power_consumption,1705263978378000000,13.317909850377617,paolo-laptop,crate-mio-container-master
power_consumption,1705263979386000000,12.989427179392928,paolo-laptop,crate-mio-container-master
power_consumption,1705263980389000000,12.597243774240123,paolo-laptop,crate-mio-container-master
power_consumption,1705263981390000000,14.138294351784083,paolo-laptop,crate-mio-container-master
power_consumption,1705263982392000000,13.571355186724693,paolo-laptop,crate-mio-container-master
power_consumption,1705263983395000000,13.889013982385933,paolo-laptop,crate-mio-container-master
power_consumption,1705263984397000000,13.126726043696662,paolo-laptop,crate-mio-container-master
power_consumption,1705263988403000000,13.21319558221343,paolo-laptop,crate-mio-container-master
power_consumption,1705263989405000000,13.800656099450626,paolo-laptop,crate-mio-container-master
power_consumption,1705263999437000000,13.036886488304159,paolo-laptop,crate-mio-container-master
power_consumption,1705264000439000000,11.837051297926275,paolo-laptop,crate-mio-container-master
power_consumption,1705264001441000000,13.579786478104372,paolo-laptop,crate-mio-container-master
power_consumption,1705264002446000000,13.957257986924025,paolo-laptop,crate-mio-container-master
power_consumption,1705264003453000000,13.70911995110242,paolo-laptop,crate-mio-container-master
power_consumption,1705264004455000000,14.043718245903495,paolo-laptop,crate-mio-container-master
power_consumption,1705264005457000000,13.485550402828675,paolo-laptop,crate-mio-container-master
power_consumption,1705264006459000000,14.212266602246995,paolo-laptop,crate-mio-container-master
power_consumption,1705264007463000000,13.909555586405276,paolo-laptop,crate-mio-container-master
power_consumption,1705264009474000000,13.629672583954939,paolo-laptop,crate-mio-container-master
power_consumption,1705264010477000000,14.769396632157711,paolo-laptop,crate-mio-container-master
power_consumption,1705264011478000000,13.646386238612363,paolo-laptop,crate-mio-container-master
power_consumption,1705264012480000000,14.08024184831725,paolo-laptop,crate-mio-container-master
power_consumption,1705264013481000000,13.465468206213092,paolo-laptop,crate-mio-container-master
power_consumption,1705264014483000000,14.675555190685337,paolo-laptop,crate-mio-container-master
power_consumption,1705264015485000000,13.771467437118421,paolo-laptop,crate-mio-container-master
power_consumption,1705264016487000000,14.12739172366521,paolo-laptop,crate-mio-container-master
power_consumption,1705264017489000000,13.540284206933595,paolo-laptop,crate-mio-container-master
power_consumption,1705264018490000000,13.770763375842842,paolo-laptop,crate-mio-container-master
power_consumption,1705264019493000000,13.47605593239189,paolo-laptop,crate-mio-container-master
power_consumption,1705264020497000000,13.795709423632541,paolo-laptop,crate-mio-container-master
power_consumption,1705264021499000000,11.885002027689655,paolo-laptop,crate-mio-container-master
power_consumption,1705264022501000000,14.313702363204516,paolo-laptop,crate-mio-container-master
power_consumption,1705264023503000000,13.197295071987234,paolo-laptop,crate-mio-container-master
power_consumption,1705264024505000000,14.138852408242862,paolo-laptop,crate-mio-container-master
power_consumption,1705264025507000000,13.493728705069293,paolo-laptop,crate-mio-container-master
power_consumption,1705264026510000000,14.240198943854693,paolo-laptop,crate-mio-container-master
power_consumption,1705264027512000000,13.612002796077398,paolo-laptop,crate-mio-container-master
power_consumption,1705264028514000000,14.285185375660102,paolo-laptop,crate-mio-container-master
power_consumption,1705264029516000000,13.381493360642676,paolo-laptop,crate-mio-container-master
power_consumption,1705264030519000000,13.733949203421073,paolo-laptop,crate-mio-container-master
power_consumption,1705264031521000000,13.72630784580814,paolo-laptop,crate-mio-container-master
power_consumption,1705264032523000000,13.908300302524655,paolo-laptop,crate-mio-container-master
power_consumption,1705264033525000000,13.621610518225973,paolo-laptop,crate-mio-container-master
power_consumption,1705264034527000000,13.826390387987392,paolo-laptop,crate-mio-container-master
power_consumption,1705264035528000000,13.697478955020902,paolo-laptop,crate-mio-container-master
power_consumption,1705264036530000000,14.688136352516375,paolo-laptop,crate-mio-container-master
power_consumption,1705264037533000000,13.889603152158092,paolo-laptop,crate-mio-container-master
power_consumption,1705264038536000000,13.84163343394233,paolo-laptop,crate-mio-container-master
power_consumption,1705264039539000000,13.430239487059833,paolo-laptop,crate-mio-container-master
power_consumption,1705264041543000000,14.145308741711403,paolo-laptop,crate-mio-container-master
power_consumption,1705264042546000000,13.06847342515473,paolo-laptop,crate-mio-container-master
power_consumption,1705264043548000000,13.875608887545496,paolo-laptop,crate-mio-container-master
power_consumption,1705264044549000000,14.70773578141078,paolo-laptop,crate-mio-container-master
power_consumption,1705264045551000000,14.013760098096483,paolo-laptop,crate-mio-container-master
power_consumption,1705264046554000000,15.11919060449875,paolo-laptop,crate-mio-container-master
power_consumption,1705264047556000000,13.120219513275106,paolo-laptop,crate-mio-container-master
power_consumption,1705264048558000000,13.120413787161677,paolo-laptop,crate-mio-container-master
power_consumption,1705264049561000000,13.117218239892175,paolo-laptop,crate-mio-container-master
power_consumption,1705264050564000000,13.089760921703611,paolo-laptop,crate-mio-container-master
power_consumption,1705264051566000000,13.118220371374148,paolo-laptop,crate-mio-container-master
power_consumption,1705264052568000000,13.080163580073927,paolo-laptop,crate-mio-container-master
power_consumption,1705264053577000000,13.152897044150313,paolo-laptop,crate-mio-container-master
power_consumption,1705264054583000000,13.142910339650333,paolo-laptop,crate-mio-container-master
power_consumption,1705264055588000000,13.150717001324516,paolo-laptop,crate-mio-container-master
power_consumption,1705264056593000000,13.259950503201853,paolo-laptop,crate-mio-container-master
power_consumption,1705264057596000000,13.067822546340109,paolo-laptop,crate-mio-container-master
power_consumption,1705264060601000000,13.083893372623695,paolo-laptop,crate-mio-container-master
power_consumption,1705264061613000000,13.00105601032074,paolo-laptop,crate-mio-container-master
power_consumption,1705264065621000000,12.95734442655771,paolo-laptop,crate-mio-container-master
power_consumption,1705264070635000000,12.947407201498311,paolo-laptop,crate-mio-container-master
power_consumption,1705264072639000000,13.029768573342574,paolo-laptop,crate-mio-container-master
power_consumption,1705264073641000000,12.954447146054779,paolo-laptop,crate-mio-container-master
power_consumption,1705264074643000000,13.032088707581723,paolo-laptop,crate-mio-container-master
power_consumption,1705264075645000000,13.040147989445165,paolo-laptop,crate-mio-container-master
power_consumption,1705264076647000000,13.040257220784346,paolo-laptop,crate-mio-container-master
power_consumption,1705264077651000000,12.97279120336238,paolo-laptop,crate-mio-container-master
power_consumption,1705264078655000000,12.97769524834959,paolo-laptop,crate-mio-container-master
power_consumption,1705264079658000000,12.984519618071083,paolo-laptop,crate-mio-container-master
power_consumption,1705264080660000000,12.988922498996478,paolo-laptop,crate-mio-container-master
power_consumption,1705264081663000000,12.91332167215501,paolo-laptop,crate-mio-container-master
power_consumption,1705264082665000000,12.979394417618256,paolo-laptop,crate-mio-container-master
power_consumption,1705264083668000000,12.991277090913066,paolo-laptop,crate-mio-container-master
power_consumption,1705264084669000000,12.88253146936731,paolo-laptop,crate-mio-container-master
power_consumption,1705264091690000000,13.067445473491603,paolo-laptop,crate-mio-container-master
power_consumption,1705264092694000000,6.564495016270137,paolo-laptop,crate-mio-container-master
power_consumption,1705264094698000000,6.675197468925317,paolo-laptop,crate-mio-container-master
power_consumption,1705264095700000000,12.835222088677268,paolo-laptop,crate-mio-container-master
power_consumption,1705264096702000000,13.010570847161746,paolo-laptop,crate-mio-container-master
power_consumption,1705264098708000000,6.141048600423773,paolo-laptop,crate-mio-container-master
power_consumption,1705264100713000000,12.989894066687455,paolo-laptop,crate-mio-container-master
power_consumption,1705264101715000000,13.072490422058301,paolo-laptop,crate-mio-container-master
power_consumption,1705264102717000000,13.036388686434064,paolo-laptop,crate-mio-container-master
power_consumption,1705264103719000000,13.052462968430524,paolo-laptop,crate-mio-container-master
power_consumption,1705264104721000000,13.003523696598126,paolo-laptop,crate-mio-container-master
power_consumption,1705264109739000000,5.943600581932878,paolo-laptop,crate-mio-container-master
power_consumption,1705264110742000000,12.351464390169102,paolo-laptop,crate-mio-container-master
power_consumption,1705264111743000000,13.246911028515141,paolo-laptop,crate-mio-container-master
power_consumption,1705264112747000000,12.904265111000079,paolo-laptop,crate-mio-container-master
power_consumption,1705264114751000000,13.141280066012415,paolo-laptop,crate-mio-container-master
power_consumption,1705264115755000000,13.12607470370156,paolo-laptop,crate-mio-container-master
power_consumption,1705264118764000000,8.224947314407324,paolo-laptop,crate-mio-container-master
power_consumption,1705264121770000000,13.036173603519861,paolo-laptop,crate-mio-container-master
power_consumption,1705264122772000000,13.09592313722908,paolo-laptop,crate-mio-container-master
power_consumption,1705264123774000000,13.153172256786181,paolo-laptop,crate-mio-container-master
power_consumption,1705264124777000000,13.002777463523271,paolo-laptop,crate-mio-container-master
power_consumption,1705264125779000000,13.11493158326943,paolo-laptop,crate-mio-container-master
power_consumption,1705264126782000000,12.924339481773654,paolo-laptop,crate-mio-container-master
power_consumption,1705264127784000000,13.07807068342175,paolo-laptop,crate-mio-container-master
power_consumption,1705264128787000000,12.946300875266035,paolo-laptop,crate-mio-container-master
power_consumption,1705264129789000000,13.033773827848261,paolo-laptop,crate-mio-container-master
power_consumption,1705264130792000000,13.045058794299125,paolo-laptop,crate-mio-container-master
power_consumption,1705264131795000000,13.024927245984646,paolo-laptop,crate-mio-container-master
power_consumption,1705264132797000000,12.99036516110891,paolo-laptop,crate-mio-container-master
power_consumption,1705264133800000000,13.07609404321454,paolo-laptop,crate-mio-container-master
power_consumption,1705264134803000000,13.03630885361964,paolo-laptop,crate-mio-container-master
power_consumption,1705264135805000000,13.07060776363026,paolo-laptop,crate-mio-container-master
power_consumption,1705264136807000000,13.036843484750186,paolo-laptop,crate-mio-container-master
power_consumption,1705264137810000000,13.072824365014098,paolo-laptop,crate-mio-container-master
power_consumption,1705264138812000000,12.92653590360708,paolo-laptop,crate-mio-container-master
power_consumption,1705264139814000000,13.098867932215722,paolo-laptop,crate-mio-container-master
power_consumption,1705264140817000000,13.042528021693748,paolo-laptop,crate-mio-container-master
power_consumption,1705264141819000000,13.03202889595027,paolo-laptop,crate-mio-container-master
power_consumption,1705264142822000000,13.080860072398545,paolo-laptop,crate-mio-container-master
power_consumption,1705264143825000000,13.100907899593635,paolo-laptop,crate-mio-container-master
power_consumption,1705264144827000000,13.032470357609268,paolo-laptop,crate-mio-container-master
power_consumption,1705264145830000000,12.96783379922133,paolo-laptop,crate-mio-container-master
power_consumption,1705264146832000000,13.02564473807134,paolo-laptop,crate-mio-container-master
power_consumption,1705264147835000000,12.987713045281474,paolo-laptop,crate-mio-container-master
power_consumption,1705264148837000000,12.957715735742042,paolo-laptop,crate-mio-container-master
power_consumption,1705264149840000000,13.079539645377018,paolo-laptop,crate-mio-container-master
power_consumption,1705264150843000000,13.049206767043087,paolo-laptop,crate-mio-container-master
power_consumption,1705264151846000000,13.11091421164052,paolo-laptop,crate-mio-container-master
power_consumption,1705264152849000000,12.09633041575505,paolo-laptop,crate-mio-container-master
power_consumption,1705264153852000000,12.998650951615717,paolo-laptop,crate-mio-container-master
power_consumption,1705264154854000000,13.11236164611699,paolo-laptop,crate-mio-container-master
power_consumption,1705264155857000000,12.994366278504994,paolo-laptop,crate-mio-container-master
power_consumption,1705264156859000000,13.060647953084413,paolo-laptop,crate-mio-container-master
power_consumption,1705264157862000000,13.034112823072764,paolo-laptop,crate-mio-container-master
power_consumption,1705264158864000000,12.989721240963716,paolo-laptop,crate-mio-container-master
power_consumption,1705264159866000000,13.104077217231861,paolo-laptop,crate-mio-container-master
power_consumption,1705264160868000000,12.847148469052721,paolo-laptop,crate-mio-container-master
power_consumption,1705264161871000000,11.840322373538195,paolo-laptop,crate-mio-container-master
power_consumption,1705264163878000000,12.769256061454573,paolo-laptop,crate-mio-container-master
power_consumption,1705264164880000000,12.930972935351315,paolo-laptop,crate-mio-container-master
power_consumption,1705264165885000000,12.7966102700532,paolo-laptop,crate-mio-container-master
power_consumption,1705264167891000000,12.900338595026463,paolo-laptop,crate-mio-container-master
power_consumption,1705264168893000000,12.831568196939195,paolo-laptop,crate-mio-container-master
power_consumption,1705264169895000000,12.971520235804668,paolo-laptop,crate-mio-container-master
power_consumption,1705264170901000000,13.02063565161363,paolo-laptop,crate-mio-container-master
power_consumption,1705264171905000000,12.905960278270951,paolo-laptop,crate-mio-container-master
power_consumption,1705264172907000000,12.953134102012857,paolo-laptop,crate-mio-container-master
power_consumption,1705264173909000000,13.068770639042823,paolo-laptop,crate-mio-container-master
power_consumption,1705264174911000000,13.00810616961358,paolo-laptop,crate-mio-container-master
power_consumption,1705264175913000000,12.896070460755507,paolo-laptop,crate-mio-container-master
power_consumption,1705264176915000000,12.897364998625605,paolo-laptop,crate-mio-container-master
power_consumption,1705264177918000000,12.859977991110476,paolo-laptop,crate-mio-container-master
power_consumption,1705264178919000000,12.815799224378468,paolo-laptop,crate-mio-container-master
power_consumption,1705264179923000000,6.48876285746479,paolo-laptop,crate-mio-container-master
power_consumption,1705264198001000000,5.389726113426768,paolo-laptop,crate-mio-container-master
power_consumption,1705264207017000000,7.955682213398649,paolo-laptop,crate-mio-container-master
power_consumption,1705264210031000000,12.829355022310015,paolo-laptop,crate-mio-container-master
power_consumption,1705264215044000000,10.815063956802911,paolo-laptop,crate-mio-container-master
power_consumption,1705264218055000000,4.915136737163469,paolo-laptop,crate-mio-container-master
power_consumption,1705264219060000000,2.5545406914427295,paolo-laptop,crate-mio-container-master
power_consumption,1705264221067000000,4.099372698203485,paolo-laptop,crate-mio-container-master
power_consumption,1705264223073000000,12.578389515940643,paolo-laptop,crate-mio-container-master
power_consumption,1705264225078000000,12.857395406576263,paolo-laptop,crate-mio-container-master
power_consumption,1705264226080000000,12.407384490324592,paolo-laptop,crate-mio-container-master
power_consumption,1705264227082000000,11.834323148876464,paolo-laptop,crate-mio-container-master
power_consumption,1705264228085000000,12.763526216864904,paolo-laptop,crate-mio-container-master
power_consumption,1705264229087000000,10.82470412344944,paolo-laptop,crate-mio-container-master
power_consumption,1705264230089000000,11.714671957852026,paolo-laptop,crate-mio-container-master
power_consumption,1705264233097000000,11.32951241139995,paolo-laptop,crate-mio-container-master
power_consumption,1705264234099000000,11.540692914928051,paolo-laptop,crate-mio-container-master
power_consumption,1705264235100000000,11.855444815656895,paolo-laptop,crate-mio-container-master
power_consumption,1705264236102000000,11.45026626723141,paolo-laptop,crate-mio-container-master
power_consumption,1705264237104000000,10.288886332478649,paolo-laptop,crate-mio-container-master
power_consumption,1705264238106000000,10.579167928783122,paolo-laptop,crate-mio-container-master
power_consumption,1705264239110000000,10.183579740707074,paolo-laptop,crate-mio-container-master
power_consumption,1705264241118000000,5.425237156537675,paolo-laptop,crate-mio-container-master
power_consumption,1705264243122000000,12.692588433033329,paolo-laptop,crate-mio-container-master
power_consumption,1705264244125000000,13.059187951962576,paolo-laptop,crate-mio-container-master
power_consumption,1705264245129000000,5.21914952939486,paolo-laptop,crate-mio-container-master
power_consumption,1705264247134000000,15.64687265615786,paolo-laptop,crate-mio-container-master
power_consumption,1705264251146000000,10.634728467871088,paolo-laptop,crate-mio-container-master
power_consumption,1705264252148000000,12.938067274607764,paolo-laptop,crate-mio-container-master
power_consumption,1705264253150000000,13.335237064597633,paolo-laptop,crate-mio-container-master
power_consumption,1705264254152000000,13.781657431967236,paolo-laptop,crate-mio-container-master
power_consumption,1705264256158000000,6.876315453566229,paolo-laptop,crate-mio-container-master
power_consumption,1705264257159000000,11.707911957614645,paolo-laptop,crate-mio-container-master
power_consumption,1705264258167000000,5.361850456543994,paolo-laptop,crate-mio-container-master
power_consumption,1705264261179000000,5.137500035666052,paolo-laptop,crate-mio-container-master
power_consumption,1705264262183000000,11.241671043494822,paolo-laptop,crate-mio-container-master
power_consumption,1705264263185000000,10.597785330013718,paolo-laptop,crate-mio-container-master
power_consumption,1705264264187000000,3.019055721821533,paolo-laptop,crate-mio-container-master
power_consumption,1705264266191000000,6.892655748209515,paolo-laptop,crate-mio-container-master
power_consumption,1705264267193000000,11.776788164133116,paolo-laptop,crate-mio-container-master
power_consumption,1705264268194000000,11.921178167364596,paolo-laptop,crate-mio-container-master
power_consumption,1705264285251000000,0.14224595103187904,paolo-laptop,crate-mio-container-master
power_consumption,1705264286255000000,0.1278612582127917,paolo-laptop,crate-mio-container-master
power_consumption,1705264288263000000,0.1530631331213137,paolo-laptop,crate-mio-container-master
power_consumption,1705264292277000000,0.11587236766895681,paolo-laptop,crate-mio-container-master
power_consumption,1705264298299000000,0.14077939280720153,paolo-laptop,crate-mio-container-master
power_consumption,1705264300307000000,0.16361486692161362,paolo-laptop,crate-mio-container-master
power_consumption,1705264302315000000,0.12214830462676188,paolo-laptop,crate-mio-container-master
power_consumption,1705264305325000000,3.1628664190843656,paolo-laptop,crate-mio-container-master
power_consumption,1705264306329000000,1.9934011104585303,paolo-laptop,crate-mio-container-master
power_consumption,1705264307331000000,8.086329280534041,paolo-laptop,crate-mio-container-master
power_consumption,1705264308333000000,13.127141328694355,paolo-laptop,crate-mio-container-master
power_consumption,1705264309335000000,12.372168592557186,paolo-laptop,crate-mio-container-master
power_consumption,1705264312342000000,12.928278316511774,paolo-laptop,crate-mio-container-master
power_consumption,1705264313344000000,10.736679378106617,paolo-laptop,crate-mio-container-master
power_consumption,1705264314345000000,4.739230106236601,paolo-laptop,crate-mio-container-master
power_consumption,1705264315347000000,3.7028531609446436,paolo-laptop,crate-mio-container-master
power_consumption,1705264316350000000,13.118221898151933,paolo-laptop,crate-mio-container-master
power_consumption,1705264317352000000,13.13327039976916,paolo-laptop,crate-mio-container-master
power_consumption,1705264318354000000,12.842967356838745,paolo-laptop,crate-mio-container-master
power_consumption,1705264319356000000,10.225355953221566,paolo-laptop,crate-mio-container-master
power_consumption,1705264320360000000,5.407748561222782,paolo-laptop,crate-mio-container-master
power_consumption,1705264321362000000,2.137922729309429,paolo-laptop,crate-mio-container-master
power_consumption,1705264323365000000,11.654557583695352,paolo-laptop,crate-mio-container-master
power_consumption,1705264325369000000,10.622797792522789,paolo-laptop,crate-mio-container-master
power_consumption,1705264326371000000,12.367926019280825,paolo-laptop,crate-mio-container-master
power_consumption,1705264327373000000,12.729437696907137,paolo-laptop,crate-mio-container-master
power_consumption,1705264328375000000,11.311678929843499,paolo-laptop,crate-mio-container-master
power_consumption,1705264329377000000,0.9297798131409845,paolo-laptop,crate-mio-container-master
power_consumption,1705264330379000000,1.3045482331342617,paolo-laptop,crate-mio-container-master
power_consumption,1705264331381000000,12.918104167348012,paolo-laptop,crate-mio-container-master
power_consumption,1705264332383000000,8.922723075768067,paolo-laptop,crate-mio-container-master
power_consumption,1705264333384000000,6.6061207731597555,paolo-laptop,crate-mio-container-master
power_consumption,1705264334385000000,3.7061728933314786,paolo-laptop,crate-mio-container-master
power_consumption,1705264335387000000,2.6495093296756576,paolo-laptop,crate-mio-container-master
power_consumption,1705264336389000000,12.207160613359239,paolo-laptop,crate-mio-container-master
power_consumption,1705264337391000000,8.86989444090749,paolo-laptop,crate-mio-container-master
power_consumption,1705264338396000000,1.7009110841853026,paolo-laptop,crate-mio-container-master
power_consumption,1705264339398000000,11.353361746639354,paolo-laptop,crate-mio-container-master
power_consumption,1705264340401000000,11.713497707185695,paolo-laptop,crate-mio-container-master
power_consumption,1705264341403000000,11.939941369450848,paolo-laptop,crate-mio-container-master
power_consumption,1705264342408000000,8.701932543628882,paolo-laptop,crate-mio-container-master
power_consumption,1705264343413000000,1.9109043246936106,paolo-laptop,crate-mio-container-master
power_consumption,1705264344417000000,2.6572855664916926,paolo-laptop,crate-mio-container-master
power_consumption,1705264345422000000,2.9885941596128487,paolo-laptop,crate-mio-container-master
power_consumption,1705264346425000000,7.823189571378159,paolo-laptop,crate-mio-container-master
power_consumption,1705264347430000000,4.73702807476305,paolo-laptop,crate-mio-container-master
power_consumption,1705264348436000000,4.269813563112548,paolo-laptop,crate-mio-container-master
power_consumption,1705264349439000000,5.554866738195446,paolo-laptop,crate-mio-container-master
power_consumption,1705264350441000000,12.420565084562057,paolo-laptop,crate-mio-container-master
power_consumption,1705264351443000000,12.233270413099227,paolo-laptop,crate-mio-container-master
power_consumption,1705264352445000000,11.906010246955985,paolo-laptop,crate-mio-container-master
power_consumption,1705264353447000000,12.530930450223707,paolo-laptop,crate-mio-container-master
power_consumption,1705264354449000000,12.837053579231345,paolo-laptop,crate-mio-container-master
power_consumption,1705264355455000000,12.52893810660548,paolo-laptop,crate-mio-container-master
power_consumption,1705264356458000000,13.289830864471098,paolo-laptop,crate-mio-container-master
power_consumption,1705264357460000000,12.282362782890988,paolo-laptop,crate-mio-container-master
power_consumption,1705264358465000000,12.624190449160057,paolo-laptop,crate-mio-container-master
power_consumption,1705264359468000000,12.696903114017491,paolo-laptop,crate-mio-container-master
power_consumption,1705264360470000000,11.673384480406323,paolo-laptop,crate-mio-container-master
power_consumption,1705264361472000000,12.02682938328042,paolo-laptop,crate-mio-container-master
power_consumption,1705264362476000000,10.41906171446228,paolo-laptop,crate-mio-container-master
power_consumption,1705264363479000000,8.45458793136537,paolo-laptop,crate-mio-container-master
power_consumption,1705264364481000000,11.491388415534649,paolo-laptop,crate-mio-container-master
power_consumption,1705264365483000000,12.65889057144262,paolo-laptop,crate-mio-container-master
power_consumption,1705264366487000000,11.053714777681014,paolo-laptop,crate-mio-container-master
power_consumption,1705264367489000000,5.6506460506244,paolo-laptop,crate-mio-container-master
power_consumption,1705264368494000000,2.201935350295696,paolo-laptop,crate-mio-container-master
power_consumption,1705264369496000000,11.37600444449259,paolo-laptop,crate-mio-container-master
power_consumption,1705264370498000000,11.490698460139594,paolo-laptop,crate-mio-container-master
power_consumption,1705264371500000000,11.169655294879524,paolo-laptop,crate-mio-container-master
power_consumption,1705264372502000000,11.520274126727479,paolo-laptop,crate-mio-container-master
power_consumption,1705264373504000000,11.475318717380523,paolo-laptop,crate-mio-container-master
power_consumption,1705264374506000000,11.33445628938029,paolo-laptop,crate-mio-container-master
power_consumption,1705264375507000000,12.367769563179683,paolo-laptop,crate-mio-container-master
power_consumption,1705264376511000000,4.612652595683079,paolo-laptop,crate-mio-container-master
power_consumption,1705264377514000000,6.062495168421639,paolo-laptop,crate-mio-container-master
power_consumption,1705264378517000000,3.9931762478877157,paolo-laptop,crate-mio-container-master
power_consumption,1705264379518000000,11.377627418302062,paolo-laptop,crate-mio-container-master
power_consumption,1705264380520000000,11.712956395057763,paolo-laptop,crate-mio-container-master
power_consumption,1705264381524000000,10.351254611493628,paolo-laptop,crate-mio-container-master
power_consumption,1705264382525000000,3.0348280789998787,paolo-laptop,crate-mio-container-master
power_consumption,1705264383529000000,2.034745053162879,paolo-laptop,crate-mio-container-master
power_consumption,1705264384531000000,0.7461859752230772,paolo-laptop,crate-mio-container-master
power_consumption,1705264385532000000,5.2946545787065125,paolo-laptop,crate-mio-container-master
power_consumption,1705264386535000000,7.432165750197695,paolo-laptop,crate-mio-container-master
power_consumption,1705264387537000000,6.0021856629401436,paolo-laptop,crate-mio-container-master
power_consumption,1705264388539000000,12.7454078872006,paolo-laptop,crate-mio-container-master
power_consumption,1705264389545000000,12.780095940367525,paolo-laptop,crate-mio-container-master
power_consumption,1705264390548000000,11.43648112420791,paolo-laptop,crate-mio-container-master
power_consumption,1705264391551000000,12.682676983545871,paolo-laptop,crate-mio-container-master
power_consumption,1705264392558000000,13.219637053425151,paolo-laptop,crate-mio-container-master
power_consumption,1705264393563000000,12.935978661708404,paolo-laptop,crate-mio-container-master
power_consumption,1705264394565000000,12.530024547606814,paolo-laptop,crate-mio-container-master
power_consumption,1705264395567000000,12.870923861233042,paolo-laptop,crate-mio-container-master
power_consumption,1705264396575000000,11.875168291223758,paolo-laptop,crate-mio-container-master
power_consumption,1705264397577000000,6.9736807674742565,paolo-laptop,crate-mio-container-master
power_consumption,1705264398579000000,17.53929176133711,paolo-laptop,crate-mio-container-master
power_consumption,1705264399580000000,7.935567885406379,paolo-laptop,crate-mio-container-master
power_consumption,1705264400583000000,1.2465591766773438,paolo-laptop,crate-mio-container-master
power_consumption,1705264401585000000,9.741301579026931,paolo-laptop,crate-mio-container-master
power_consumption,1705264402586000000,8.350478416839705,paolo-laptop,crate-mio-container-master
power_consumption,1705264403588000000,6.854638955873558,paolo-laptop,crate-mio-container-master
power_consumption,1705264404590000000,1.590903058130551,paolo-laptop,crate-mio-container-master
power_consumption,1705264405592000000,3.46810777287313,paolo-laptop,crate-mio-container-master
power_consumption,1705264406594000000,3.5735878482338035,paolo-laptop,crate-mio-container-master
power_consumption,1705264407596000000,6.977082030805215,paolo-laptop,crate-mio-container-master
power_consumption,1705264408598000000,6.357443954147134,paolo-laptop,crate-mio-container-master
power_consumption,1705264409599000000,3.83328497732953,paolo-laptop,crate-mio-container-master
power_consumption,1705264410601000000,5.528880131591187,paolo-laptop,crate-mio-container-master
power_consumption,1705264411603000000,11.184491020664673,paolo-laptop,crate-mio-container-master
power_consumption,1705264412605000000,1.1909984011397143,paolo-laptop,crate-mio-container-master
power_consumption,1705264413611000000,7.474182380084808,paolo-laptop,crate-mio-container-master
power_consumption,1705264414614000000,9.444196361835614,paolo-laptop,crate-mio-container-master
power_consumption,1705264415616000000,6.642725514666491,paolo-laptop,crate-mio-container-master
power_consumption,1705264416620000000,4.39250164862344,paolo-laptop,crate-mio-container-master
power_consumption,1705264417622000000,6.6549909975608985,paolo-laptop,crate-mio-container-master
power_consumption,1705264418626000000,10.657373951103002,paolo-laptop,crate-mio-container-master
power_consumption,1705264419627000000,3.289028161477304,paolo-laptop,crate-mio-container-master
power_consumption,1705264420633000000,2.315410538735542,paolo-laptop,crate-mio-container-master
power_consumption,1705264421636000000,11.968504227659288,paolo-laptop,crate-mio-container-master
power_consumption,1705264422640000000,1.4785404317138577,paolo-laptop,crate-mio-container-master
power_consumption,1705264423643000000,4.053182742771886,paolo-laptop,crate-mio-container-master
power_consumption,1705264424645000000,5.210304425861022,paolo-laptop,crate-mio-container-master
power_consumption,1705264425650000000,0.8344797331381392,paolo-laptop,crate-mio-container-master
power_consumption,1705264426654000000,1.9516337335823466,paolo-laptop,crate-mio-container-master
power_consumption,1705264427658000000,4.631399840027719,paolo-laptop,crate-mio-container-master
power_consumption,1705264428660000000,5.098380816627942,paolo-laptop,crate-mio-container-master
power_consumption,1705264429664000000,0.6624830949238418,paolo-laptop,crate-mio-container-master
power_consumption,1705264430668000000,3.847416985430933,paolo-laptop,crate-mio-container-master
power_consumption,1705264431672000000,2.862539301509895,paolo-laptop,crate-mio-container-master
power_consumption,1705264432674000000,10.424279332045579,paolo-laptop,crate-mio-container-master
power_consumption,1705264433676000000,12.61431317284856,paolo-laptop,crate-mio-container-master
power_consumption,1705264434679000000,14.367487508787955,paolo-laptop,crate-mio-container-master
power_consumption,1705264435681000000,12.382551627418716,paolo-laptop,crate-mio-container-master
power_consumption,1705264436684000000,12.715018249198415,paolo-laptop,crate-mio-container-master
power_consumption,1705264437686000000,12.776743082968334,paolo-laptop,crate-mio-container-master
power_consumption,1705264438688000000,12.107708966944607,paolo-laptop,crate-mio-container-master
power_consumption,1705264439690000000,2.11032591432018,paolo-laptop,crate-mio-container-master
power_consumption,1705264440696000000,2.3494746230489287,paolo-laptop,crate-mio-container-master
power_consumption,1705264441700000000,11.645817166770316,paolo-laptop,crate-mio-container-master
power_consumption,1705264442702000000,12.493841683766851,paolo-laptop,crate-mio-container-master
power_consumption,1705264443704000000,12.24707096263057,paolo-laptop,crate-mio-container-master
power_consumption,1705264444706000000,10.635978689269233,paolo-laptop,crate-mio-container-master
power_consumption,1705264445708000000,7.4335480328412755,paolo-laptop,crate-mio-container-master
power_consumption,1705264446710000000,11.599908548984256,paolo-laptop,crate-mio-container-master
power_consumption,1705264447711000000,12.230661053788495,paolo-laptop,crate-mio-container-master
power_consumption,1705264448714000000,10.426435581991488,paolo-laptop,crate-mio-container-master
power_consumption,1705264449717000000,9.334846271448429,paolo-laptop,crate-mio-container-master
power_consumption,1705264450719000000,5.530022783126359,paolo-laptop,crate-mio-container-master
power_consumption,1705264451721000000,12.270847838824409,paolo-laptop,crate-mio-container-master
power_consumption,1705264452725000000,5.609854892811127,paolo-laptop,crate-mio-container-master
power_consumption,1705264453730000000,2.7642949373281605,paolo-laptop,crate-mio-container-master
power_consumption,1705264454734000000,5.249824911622017,paolo-laptop,crate-mio-container-master
power_consumption,1705264455739000000,2.592874792904084,paolo-laptop,crate-mio-container-master
power_consumption,1705264456741000000,3.3314720203068133,paolo-laptop,crate-mio-container-master
power_consumption,1705264457743000000,13.073599299416957,paolo-laptop,crate-mio-container-master
power_consumption,1705264458745000000,13.16964082485665,paolo-laptop,crate-mio-container-master
power_consumption,1705264459748000000,13.217031538870737,paolo-laptop,crate-mio-container-master
power_consumption,1705264460750000000,12.670193638514643,paolo-laptop,crate-mio-container-master
power_consumption,1705264461753000000,13.471527565128437,paolo-laptop,crate-mio-container-master
power_consumption,1705264462759000000,13.211781219092977,paolo-laptop,crate-mio-container-master
power_consumption,1705264463761000000,13.253962425812244,paolo-laptop,crate-mio-container-master
power_consumption,1705264464764000000,13.067854202344142,paolo-laptop,crate-mio-container-master
power_consumption,1705264465766000000,13.195825009701172,paolo-laptop,crate-mio-container-master
power_consumption,1705264466769000000,12.899747563199007,paolo-laptop,crate-mio-container-master
power_consumption,1705264467772000000,13.130423714637148,paolo-laptop,crate-mio-container-master
power_consumption,1705264468775000000,11.2969470048462,paolo-laptop,crate-mio-container-master
power_consumption,1705264469777000000,1.9995678479865027,paolo-laptop,crate-mio-container-master
power_consumption,1705264470778000000,2.209958334380373,paolo-laptop,crate-mio-container-master
power_consumption,1705264471780000000,12.29556175843975,paolo-laptop,crate-mio-container-master
power_consumption,1705264472782000000,13.03598879102411,paolo-laptop,crate-mio-container-master
power_consumption,1705264473785000000,12.47675428941603,paolo-laptop,crate-mio-container-master
power_consumption,1705264474786000000,4.551347533718474,paolo-laptop,crate-mio-container-master
power_consumption,1705264475788000000,2.004459106554514,paolo-laptop,crate-mio-container-master
power_consumption,1705264476789000000,3.4180359031431284,paolo-laptop,crate-mio-container-master
power_consumption,1705264477791000000,9.155166739937657,paolo-laptop,crate-mio-container-master
power_consumption,1705264478793000000,11.728720307994475,paolo-laptop,crate-mio-container-master
power_consumption,1705264479796000000,9.627151818082671,paolo-laptop,crate-mio-container-master
power_consumption,1705264480797000000,3.672733872614608,paolo-laptop,crate-mio-container-master
power_consumption,1705264481798000000,1.2086446219427365,paolo-laptop,crate-mio-container-master
power_consumption,1705264482800000000,7.35391466552155,paolo-laptop,crate-mio-container-master
power_consumption,1705264483801000000,0.6788691433371754,paolo-laptop,crate-mio-container-master
power_consumption,1705264484807000000,2.0079621345748153,paolo-laptop,crate-mio-container-master
power_consumption,1705264485811000000,1.1366384724442362,paolo-laptop,crate-mio-container-master
power_consumption,1705264486814000000,9.653746582005507,paolo-laptop,crate-mio-container-master
power_consumption,1705264487815000000,10.964551893069872,paolo-laptop,crate-mio-container-master
power_consumption,1705264488817000000,6.436158551231181,paolo-laptop,crate-mio-container-master
power_consumption,1705264489819000000,10.516558145756186,paolo-laptop,crate-mio-container-master
power_consumption,1705264490824000000,2.29372409134001,paolo-laptop,crate-mio-container-master
power_consumption,1705264491825000000,1.6453586006896332,paolo-laptop,crate-mio-container-master
power_consumption,1705264492827000000,1.3892422900956638,paolo-laptop,crate-mio-container-master
power_consumption,1705264493831000000,0.8351315728151056,paolo-laptop,crate-mio-container-master
power_consumption,1705264494834000000,0.14875887030495466,paolo-laptop,crate-mio-container-master
power_consumption,1705264495840000000,0.1153544348608343,paolo-laptop,crate-mio-container-master
power_consumption,1705264497850000000,0.5921353413858281,paolo-laptop,crate-mio-container-master
power_consumption,1705264498853000000,4.263639615769366,paolo-laptop,crate-mio-container-master
power_consumption,1705264499855000000,6.508439334138465,paolo-laptop,crate-mio-container-master
power_consumption,1705264500857000000,12.558770919309003,paolo-laptop,crate-mio-container-master
power_consumption,1705264501862000000,3.477005169948827,paolo-laptop,crate-mio-container-master
power_consumption,1705264502866000000,5.2922937292512255,paolo-laptop,crate-mio-container-master
power_consumption,1705264503870000000,2.1353203577829163,paolo-laptop,crate-mio-container-master
power_consumption,1705264504873000000,0.62825503749639,paolo-laptop,crate-mio-container-master
power_consumption,1705264505877000000,4.651064618923643,paolo-laptop,crate-mio-container-master
power_consumption,1705264506882000000,4.526792254053086,paolo-laptop,crate-mio-container-master
power_consumption,1705264507884000000,5.401553908022262,paolo-laptop,crate-mio-container-master
power_consumption,1705264508888000000,5.837101822285787,paolo-laptop,crate-mio-container-master
power_consumption,1705264509892000000,2.3570350216688625,paolo-laptop,crate-mio-container-master
power_consumption,1705264510894000000,3.526195910623564,paolo-laptop,crate-mio-container-master
power_consumption,1705264511898000000,5.9967212318047975,paolo-laptop,crate-mio-container-master
power_consumption,1705264512902000000,1.603509049884788,paolo-laptop,crate-mio-container-master
power_consumption,1705264513904000000,2.6311642752939104,paolo-laptop,crate-mio-container-master
power_consumption,1705264514905000000,11.681781788247491,paolo-laptop,crate-mio-container-master
power_consumption,1705264515907000000,11.684974459880117,paolo-laptop,crate-mio-container-master
power_consumption,1705264516909000000,11.285471829964475,paolo-laptop,crate-mio-container-master
power_consumption,1705264518919000000,1.4063189836199532,paolo-laptop,crate-mio-container-master
power_consumption,1705264519923000000,2.1532822775257885,paolo-laptop,crate-mio-container-master
power_consumption,1705264520927000000,1.6331763114032565,paolo-laptop,crate-mio-container-master
power_consumption,1705264521931000000,2.6318612585840286,paolo-laptop,crate-mio-container-master
power_consumption,1705264522933000000,1.7692481227323145,paolo-laptop,crate-mio-container-master
power_consumption,1705264523937000000,3.759524655572493,paolo-laptop,crate-mio-container-master
power_consumption,1705264524939000000,3.0146716347333538,paolo-laptop,crate-mio-container-master
power_consumption,1705264525940000000,12.821340569161004,paolo-laptop,crate-mio-container-master
power_consumption,1705264526944000000,10.322150504197431,paolo-laptop,crate-mio-container-master
power_consumption,1705264527947000000,2.632882341302492,paolo-laptop,crate-mio-container-master
power_consumption,1705264528949000000,4.355821385016923,paolo-laptop,crate-mio-container-master
power_consumption,1705264529951000000,12.926194644456343,paolo-laptop,crate-mio-container-master
power_consumption,1705264530953000000,13.07702108261486,paolo-laptop,crate-mio-container-master
power_consumption,1705264531955000000,11.796533417796804,paolo-laptop,crate-mio-container-master
power_consumption,1705264532958000000,2.6928214302986806,paolo-laptop,crate-mio-container-master
power_consumption,1705264533962000000,3.301893129900746,paolo-laptop,crate-mio-container-master
power_consumption,1705264534967000000,2.49148488435505,paolo-laptop,crate-mio-container-master
power_consumption,1705264535971000000,3.4189078250627496,paolo-laptop,crate-mio-container-master
power_consumption,1705264536972000000,1.4969804241362124,paolo-laptop,crate-mio-container-master
power_consumption,1705264537974000000,1.7654998090457583,paolo-laptop,crate-mio-container-master
power_consumption,1705264539977000000,5.430302502829084,paolo-laptop,crate-mio-container-master
power_consumption,1705264541981000000,8.565875244269304,paolo-laptop,crate-mio-container-master
power_consumption,1705264542986000000,7.718030108234055,paolo-laptop,crate-mio-container-master
power_consumption,1705264543994000000,2.3050698915641,paolo-laptop,crate-mio-container-master
power_consumption,1705264544996000000,3.199675159612414,paolo-laptop,crate-mio-container-master
power_consumption,1705264545997000000,5.675738042209043,paolo-laptop,crate-mio-container-master
power_consumption,1705264547001000000,2.45365414970512,paolo-laptop,crate-mio-container-master
power_consumption,1705264548006000000,0.8926115276551027,paolo-laptop,crate-mio-container-master
power_consumption,1705264549008000000,2.4768452289264427,paolo-laptop,crate-mio-container-master
power_consumption,1705264550010000000,3.836983437414096,paolo-laptop,crate-mio-container-master
power_consumption,1705264551014000000,10.584919500057428,paolo-laptop,crate-mio-container-master
power_consumption,1705264552017000000,3.7381463925270113,paolo-laptop,crate-mio-container-master
power_consumption,1705264553021000000,6.173371696665058,paolo-laptop,crate-mio-container-master
power_consumption,1705264554028000000,2.531413656982842,paolo-laptop,crate-mio-container-master
power_consumption,1705264555031000000,3.2102369873175967,paolo-laptop,crate-mio-container-master
power_consumption,1705264556033000000,12.367646383930836,paolo-laptop,crate-mio-container-master
power_consumption,1705264557038000000,9.139707941695708,paolo-laptop,crate-mio-container-master
power_consumption,1705264558040000000,5.852475860943315,paolo-laptop,crate-mio-container-master
power_consumption,1705264559044000000,10.169364086484412,paolo-laptop,crate-mio-container-master
power_consumption,1705264560046000000,7.759180193791992,paolo-laptop,crate-mio-container-master
power_consumption,1705264561048000000,11.92767717067633,paolo-laptop,crate-mio-container-master
power_consumption,1705264562052000000,9.243564910321677,paolo-laptop,crate-mio-container-master
power_consumption,1705264563055000000,8.025079948756922,paolo-laptop,crate-mio-container-master
power_consumption,1705264564059000000,2.0364027117609735,paolo-laptop,crate-mio-container-master
power_consumption,1705264565060000000,11.609069556954498,paolo-laptop,crate-mio-container-master
power_consumption,1705264566062000000,1.6491971581118783,paolo-laptop,crate-mio-container-master
power_consumption,1705264567063000000,11.408484395615442,paolo-laptop,crate-mio-container-master
power_consumption,1705264568065000000,11.21631749744601,paolo-laptop,crate-mio-container-master
power_consumption,1705264569069000000,4.845373845805849,paolo-laptop,crate-mio-container-master
power_consumption,1705264570071000000,5.502482679061221,paolo-laptop,crate-mio-container-master
power_consumption,1705264571073000000,12.443914332147521,paolo-laptop,crate-mio-container-master
power_consumption,1705264572078000000,10.993335198576034,paolo-laptop,crate-mio-container-master
power_consumption,1705264573080000000,12.269589666067144,paolo-laptop,crate-mio-container-master
power_consumption,1705264574082000000,13.318131255118846,paolo-laptop,crate-mio-container-master
power_consumption,1705264575084000000,11.33499857903271,paolo-laptop,crate-mio-container-master
power_consumption,1705264576086000000,11.89419450723086,paolo-laptop,crate-mio-container-master
power_consumption,1705264577092000000,12.595837888723864,paolo-laptop,crate-mio-container-master
power_consumption,1705264578095000000,11.312023224455277,paolo-laptop,crate-mio-container-master
power_consumption,1705264579097000000,11.31928822911337,paolo-laptop,crate-mio-container-master
power_consumption,1705264580099000000,13.159398766691734,paolo-laptop,crate-mio-container-master
power_consumption,1705264581101000000,12.50527850281129,paolo-laptop,crate-mio-container-master
power_consumption,1705264582103000000,11.196197786734114,paolo-laptop,crate-mio-container-master
power_consumption,1705264583106000000,12.495196568970805,paolo-laptop,crate-mio-container-master
power_consumption,1705264584108000000,11.353927618216577,paolo-laptop,crate-mio-container-master
power_consumption,1705264585110000000,10.757772352174843,paolo-laptop,crate-mio-container-master
power_consumption,1705264586112000000,11.433345048343073,paolo-laptop,crate-mio-container-master
power_consumption,1705264587114000000,11.875614830836039,paolo-laptop,crate-mio-container-master
power_consumption,1705264588117000000,11.701942159070512,paolo-laptop,crate-mio-container-master
power_consumption,1705264589120000000,11.760755765653307,paolo-laptop,crate-mio-container-master
power_consumption,1705264590122000000,12.451950963588589,paolo-laptop,crate-mio-container-master
power_consumption,1705264591125000000,11.445986002080492,paolo-laptop,crate-mio-container-master
power_consumption,1705264592129000000,5.958903948790208,paolo-laptop,crate-mio-container-master
power_consumption,1705264593131000000,3.006010230460179,paolo-laptop,crate-mio-container-master
power_consumption,1705264594133000000,3.715741443401298,paolo-laptop,crate-mio-container-master
power_consumption,1705264595135000000,12.848338331741335,paolo-laptop,crate-mio-container-master
power_consumption,1705264596137000000,12.980481518929011,paolo-laptop,crate-mio-container-master
power_consumption,1705264597143000000,2.4954091026072445,paolo-laptop,crate-mio-container-master
power_consumption,1705264598148000000,1.6589880999907693,paolo-laptop,crate-mio-container-master
power_consumption,1705264599150000000,7.114390194984135,paolo-laptop,crate-mio-container-master
power_consumption,1705264600152000000,9.709874813044447,paolo-laptop,crate-mio-container-master
power_consumption,1705264601153000000,5.347577803402041,paolo-laptop,crate-mio-container-master
power_consumption,1705264602157000000,2.4158742540207436,paolo-laptop,crate-mio-container-master
power_consumption,1705264603161000000,0.19760250605937701,paolo-laptop,crate-mio-container-master
power_consumption,1705264604163000000,4.769418929035728,paolo-laptop,crate-mio-container-master
power_consumption,1705264605165000000,10.309314226340787,paolo-laptop,crate-mio-container-master
power_consumption,1705264606166000000,5.327843289710011,paolo-laptop,crate-mio-container-master
power_consumption,1705264607170000000,8.342177270576865,paolo-laptop,crate-mio-container-master
power_consumption,1705264609173000000,3.2918237543919493,paolo-laptop,crate-mio-container-master
power_consumption,1705264610175000000,11.533855092421122,paolo-laptop,crate-mio-container-master
power_consumption,1705264611178000000,11.443934703815565,paolo-laptop,crate-mio-container-master
power_consumption,1705264612180000000,10.516950234406664,paolo-laptop,crate-mio-container-master
power_consumption,1705264613182000000,5.150417590944544,paolo-laptop,crate-mio-container-master
power_consumption,1705264614183000000,0.13396882596477283,paolo-laptop,crate-mio-container-master
power_consumption,1705264615185000000,3.710958119363722,paolo-laptop,crate-mio-container-master
power_consumption,1705264616187000000,11.32079359915544,paolo-laptop,crate-mio-container-master
power_consumption,1705264617189000000,5.105436251049511,paolo-laptop,crate-mio-container-master
power_consumption,1705264618191000000,8.291968771024198,paolo-laptop,crate-mio-container-master
power_consumption,1705264619192000000,0.3134421430007847,paolo-laptop,crate-mio-container-master
power_consumption,1705264620194000000,0.5762351034975277,paolo-laptop,crate-mio-container-master
power_consumption,1705264621196000000,10.41611046238247,paolo-laptop,crate-mio-container-master
power_consumption,1705264622197000000,5.285308105729863,paolo-laptop,crate-mio-container-master
power_consumption,1705264623200000000,11.487283579805872,paolo-laptop,crate-mio-container-master
power_consumption,1705264624205000000,4.954381782854338,paolo-laptop,crate-mio-container-master
power_consumption,1705264625208000000,4.027664630155349,paolo-laptop,crate-mio-container-master
power_consumption,1705264626210000000,11.808444224528067,paolo-laptop,crate-mio-container-master
power_consumption,1705264627217000000,1.862366680989507,paolo-laptop,crate-mio-container-master
power_consumption,1705264628221000000,7.348522092917122,paolo-laptop,crate-mio-container-master
power_consumption,1705264629223000000,11.674144697350386,paolo-laptop,crate-mio-container-master
power_consumption,1705264630225000000,11.74651598978921,paolo-laptop,crate-mio-container-master
power_consumption,1705264631229000000,11.745139909296281,paolo-laptop,crate-mio-container-master
power_consumption,1705264632231000000,11.690718671494942,paolo-laptop,crate-mio-container-master
power_consumption,1705264633233000000,11.902298417351144,paolo-laptop,crate-mio-container-master
power_consumption,1705264634235000000,12.00373589812666,paolo-laptop,crate-mio-container-master
power_consumption,1705264635237000000,11.38729158016583,paolo-laptop,crate-mio-container-master
power_consumption,1705264636239000000,11.209306861927534,paolo-laptop,crate-mio-container-master
power_consumption,1705264637241000000,11.881359676609758,paolo-laptop,crate-mio-container-master
power_consumption,1705264638245000000,3.0054946620283403,paolo-laptop,crate-mio-container-master
power_consumption,1705264639247000000,6.004949482600908,paolo-laptop,crate-mio-container-master
power_consumption,1705264640249000000,10.218348867505393,paolo-laptop,crate-mio-container-master
power_consumption,1705264641251000000,10.945366962801588,paolo-laptop,crate-mio-container-master
power_consumption,1705264642252000000,5.666906978935421,paolo-laptop,crate-mio-container-master
power_consumption,1705264643254000000,6.556153488386178,paolo-laptop,crate-mio-container-master
power_consumption,1705264644256000000,13.165789080668617,paolo-laptop,crate-mio-container-master
power_consumption,1705264645258000000,13.761797446151931,paolo-laptop,crate-mio-container-master
power_consumption,1705264646261000000,12.82592512350583,paolo-laptop,crate-mio-container-master
power_consumption,1705264647265000000,5.606943431054036,paolo-laptop,crate-mio-container-master
power_consumption,1705264648268000000,12.615386603972805,paolo-laptop,crate-mio-container-master
power_consumption,1705264649269000000,12.045086759445677,paolo-laptop,crate-mio-container-master
power_consumption,1705264651277000000,6.741997706400113,paolo-laptop,crate-mio-container-master
power_consumption,1705264652279000000,3.5137158492824714,paolo-laptop,crate-mio-container-master
power_consumption,1705264653284000000,2.8695566062327,paolo-laptop,crate-mio-container-master
power_consumption,1705264654290000000,12.45990195806098,paolo-laptop,crate-mio-container-master
power_consumption,1705264655292000000,14.080284545021001,paolo-laptop,crate-mio-container-master
power_consumption,1705264656295000000,13.269130060005958,paolo-laptop,crate-mio-container-master
power_consumption,1705264657299000000,10.311516053286628,paolo-laptop,crate-mio-container-master
power_consumption,1705264658301000000,8.983776490408138,paolo-laptop,crate-mio-container-master
power_consumption,1705264659303000000,12.254922280128536,paolo-laptop,crate-mio-container-master
power_consumption,1705264660307000000,2.829749873504248,paolo-laptop,crate-mio-container-master
power_consumption,1705264661309000000,13.083945178093808,paolo-laptop,crate-mio-container-master
power_consumption,1705264662313000000,2.2754164734695754,paolo-laptop,crate-mio-container-master
power_consumption,1705264663315000000,12.836008533348874,paolo-laptop,crate-mio-container-master
power_consumption,1705264664317000000,11.226693688523039,paolo-laptop,crate-mio-container-master
power_consumption,1705264665319000000,2.4988945559591222,paolo-laptop,crate-mio-container-master
power_consumption,1705264666320000000,8.37241391256838,paolo-laptop,crate-mio-container-master
power_consumption,1705264667322000000,13.370263564360414,paolo-laptop,crate-mio-container-master
power_consumption,1705264668324000000,11.727070523807765,paolo-laptop,crate-mio-container-master
power_consumption,1705264669327000000,5.10913073550881,paolo-laptop,crate-mio-container-master
power_consumption,1705264670331000000,4.059931020287006,paolo-laptop,crate-mio-container-master
power_consumption,1705264671336000000,7.259337956917377,paolo-laptop,crate-mio-container-master
power_consumption,1705264672340000000,4.206806222528619,paolo-laptop,crate-mio-container-master
power_consumption,1705264673344000000,12.282968301276213,paolo-laptop,crate-mio-container-master
power_consumption,1705264675354000000,4.552805642355392,paolo-laptop,crate-mio-container-master
power_consumption,1705264676359000000,5.45907707098489,paolo-laptop,crate-mio-container-master
power_consumption,1705264678366000000,0.42062355203377333,paolo-laptop,crate-mio-container-master
power_consumption,1705264680371000000,3.5028521380961095,paolo-laptop,crate-mio-container-master
power_consumption,1705264683374000000,1.6002863575589823,paolo-laptop,crate-mio-container-master
power_consumption,1705264684376000000,3.28532817213945,paolo-laptop,crate-mio-container-master
power_consumption,1705264685377000000,6.612260863369371,paolo-laptop,crate-mio-container-master
power_consumption,1705264686381000000,0.5416120520143552,paolo-laptop,crate-mio-container-master
power_consumption,1705264688391000000,0.5397147418345122,paolo-laptop,crate-mio-container-master
power_consumption,1705264689393000000,10.223202844890562,paolo-laptop,crate-mio-container-master
power_consumption,1705264690399000000,9.26479088171806,paolo-laptop,crate-mio-container-master
power_consumption,1705264691404000000,2.1875859247621765,paolo-laptop,crate-mio-container-master
power_consumption,1705264692410000000,3.340470724585905,paolo-laptop,crate-mio-container-master
power_consumption,1705264693412000000,8.149864140733214,paolo-laptop,crate-mio-container-master
power_consumption,1705264694415000000,12.204173904709311,paolo-laptop,crate-mio-container-master
power_consumption,1705264695419000000,9.587731140435668,paolo-laptop,crate-mio-container-master
power_consumption,1705264696421000000,3.2229462207198956,paolo-laptop,crate-mio-container-master
power_consumption,1705264697423000000,11.545558507733709,paolo-laptop,crate-mio-container-master
power_consumption,1705264698425000000,7.784765061797085,paolo-laptop,crate-mio-container-master
power_consumption,1705264699429000000,2.558099317418326,paolo-laptop,crate-mio-container-master
power_consumption,1705264700431000000,4.390287780069376,paolo-laptop,crate-mio-container-master
power_consumption,1705264701433000000,5.164071842712376,paolo-laptop,crate-mio-container-master
power_consumption,1705264702437000000,0.5780616775411733,paolo-laptop,crate-mio-container-master
power_consumption,1705264703441000000,5.571233729744966,paolo-laptop,crate-mio-container-master
power_consumption,1705264704445000000,1.306085863038623,paolo-laptop,crate-mio-container-master
power_consumption,1705264705447000000,6.4822833509822715,paolo-laptop,crate-mio-container-master
power_consumption,1705264706449000000,13.378568508352956,paolo-laptop,crate-mio-container-master
power_consumption,1705264707451000000,12.67251970840147,paolo-laptop,crate-mio-container-master
power_consumption,1705264708453000000,12.319297474539372,paolo-laptop,crate-mio-container-master
power_consumption,1705264709455000000,12.698875673294364,paolo-laptop,crate-mio-container-master
power_consumption,1705264710459000000,2.5455027946801945,paolo-laptop,crate-mio-container-master
power_consumption,1705264711463000000,7.098539451947682,paolo-laptop,crate-mio-container-master
power_consumption,1705264712465000000,2.409182486704508,paolo-laptop,crate-mio-container-master
power_consumption,1705264713467000000,12.034573978858777,paolo-laptop,crate-mio-container-master
power_consumption,1705264714471000000,9.175069259643168,paolo-laptop,crate-mio-container-master
power_consumption,1705264715475000000,2.604803048538586,paolo-laptop,crate-mio-container-master
power_consumption,1705264716477000000,5.191719456937339,paolo-laptop,crate-mio-container-master
power_consumption,1705264717478000000,12.295831635211696,paolo-laptop,crate-mio-container-master
power_consumption,1705264718482000000,9.580559547462295,paolo-laptop,crate-mio-container-master
power_consumption,1705264719484000000,5.107011498117778,paolo-laptop,crate-mio-container-master
power_consumption,1705264720486000000,11.713236030283928,paolo-laptop,crate-mio-container-master
power_consumption,1705264721488000000,11.765886700173468,paolo-laptop,crate-mio-container-master
power_consumption,1705264722489000000,11.758238308198585,paolo-laptop,crate-mio-container-master
power_consumption,1705264723491000000,11.446921452452981,paolo-laptop,crate-mio-container-master
power_consumption,1705264724493000000,10.895061319348596,paolo-laptop,crate-mio-container-master
power_consumption,1705264725495000000,12.81374245652792,paolo-laptop,crate-mio-container-master
power_consumption,1705264726497000000,11.933510297336285,paolo-laptop,crate-mio-container-master
power_consumption,1705264727499000000,11.40058734016317,paolo-laptop,crate-mio-container-master
power_consumption,1705264728501000000,12.258144628004985,paolo-laptop,crate-mio-container-master
power_consumption,1705264729503000000,10.6723061112198,paolo-laptop,crate-mio-container-master
power_consumption,1705264730504000000,11.034939609282233,paolo-laptop,crate-mio-container-master
power_consumption,1705264731506000000,12.099779077529021,paolo-laptop,crate-mio-container-master
power_consumption,1705264732508000000,10.736730107351814,paolo-laptop,crate-mio-container-master
power_consumption,1705264733511000000,11.964799666759054,paolo-laptop,crate-mio-container-master
power_consumption,1705264734514000000,11.374163581864575,paolo-laptop,crate-mio-container-master
power_consumption,1705264735516000000,11.74193590483765,paolo-laptop,crate-mio-container-master
power_consumption,1705264736518000000,11.014317419356212,paolo-laptop,crate-mio-container-master
power_consumption,1705264737520000000,11.653910789614988,paolo-laptop,crate-mio-container-master
power_consumption,1705264738522000000,11.052125604658084,paolo-laptop,crate-mio-container-master
power_consumption,1705264739527000000,3.7451403039255924,paolo-laptop,crate-mio-container-master
power_consumption,1705264740531000000,1.9180391340719878,paolo-laptop,crate-mio-container-master
power_consumption,1705264741533000000,6.4226592956119894,paolo-laptop,crate-mio-container-master
power_consumption,1705264742534000000,11.529622786880488,paolo-laptop,crate-mio-container-master
power_consumption,1705264743536000000,11.77549198099559,paolo-laptop,crate-mio-container-master
power_consumption,1705264744540000000,12.346638840184525,paolo-laptop,crate-mio-container-master
power_consumption,1705264745542000000,7.924521842345421,paolo-laptop,crate-mio-container-master
power_consumption,1705264746543000000,4.919559348914295,paolo-laptop,crate-mio-container-master
power_consumption,1705264747546000000,5.38795758515583,paolo-laptop,crate-mio-container-master
power_consumption,1705264748548000000,3.5586371976348152,paolo-laptop,crate-mio-container-master
power_consumption,1705264750551000000,3.818561444048486,paolo-laptop,crate-mio-container-master
power_consumption,1705264751554000000,2.390609654258955,paolo-laptop,crate-mio-container-master
power_consumption,1705264752556000000,0.8420028821177741,paolo-laptop,crate-mio-container-master
power_consumption,1705264753558000000,0.1703452292271298,paolo-laptop,crate-mio-container-master
power_consumption,1705264754562000000,3.831787191953681,paolo-laptop,crate-mio-container-master
power_consumption,1705264755564000000,11.425103079450833,paolo-laptop,crate-mio-container-master
power_consumption,1705264756568000000,4.658458570419913,paolo-laptop,crate-mio-container-master
power_consumption,1705264757571000000,5.967528777753772,paolo-laptop,crate-mio-container-master
power_consumption,1705264758572000000,6.733755745117156,paolo-laptop,crate-mio-container-master
power_consumption,1705264759574000000,3.712197893591577,paolo-laptop,crate-mio-container-master
power_consumption,1705264760578000000,3.737092784376678,paolo-laptop,crate-mio-container-master
power_consumption,1705264761580000000,2.9737963337021127,paolo-laptop,crate-mio-container-master
power_consumption,1705264762581000000,9.74800936115291,paolo-laptop,crate-mio-container-master
power_consumption,1705264763583000000,10.313994911317211,paolo-laptop,crate-mio-container-master
power_consumption,1705264764585000000,9.616579516721442,paolo-laptop,crate-mio-container-master
power_consumption,1705264765587000000,0.43211816282566984,paolo-laptop,crate-mio-container-master
power_consumption,1705264766589000000,2.0793369153320493,paolo-laptop,crate-mio-container-master
power_consumption,1705264767593000000,3.778547086967656,paolo-laptop,crate-mio-container-master
power_consumption,1705264769600000000,3.0267880255790875,paolo-laptop,crate-mio-container-master
power_consumption,1705264770602000000,10.090785115100374,paolo-laptop,crate-mio-container-master
power_consumption,1705264771604000000,1.6591477176942062,paolo-laptop,crate-mio-container-master
power_consumption,1705264772608000000,1.5711442114271348,paolo-laptop,crate-mio-container-master
power_consumption,1705264773609000000,11.912439919537942,paolo-laptop,crate-mio-container-master
power_consumption,1705264774611000000,8.809721618160108,paolo-laptop,crate-mio-container-master
power_consumption,1705264775612000000,1.2303686008187906,paolo-laptop,crate-mio-container-master
power_consumption,1705264776616000000,9.247456603691692,paolo-laptop,crate-mio-container-master
power_consumption,1705264777618000000,5.9010870528350425,paolo-laptop,crate-mio-container-master
power_consumption,1705264778622000000,1.2816628511254058,paolo-laptop,crate-mio-container-master
power_consumption,1705264779625000000,6.429184400650911,paolo-laptop,crate-mio-container-master
power_consumption,1705264780629000000,3.3804190420123352,paolo-laptop,crate-mio-container-master
power_consumption,1705264781631000000,4.828733352081519,paolo-laptop,crate-mio-container-master
power_consumption,1705264782636000000,9.841362036869436,paolo-laptop,crate-mio-container-master
power_consumption,1705264783639000000,3.5277844380287937,paolo-laptop,crate-mio-container-master
power_consumption,1705264784641000000,6.865649201429509,paolo-laptop,crate-mio-container-master
power_consumption,1705264785647000000,0.8598032135665707,paolo-laptop,crate-mio-container-master
power_consumption,1705264786651000000,9.462578479721856,paolo-laptop,crate-mio-container-master
power_consumption,1705264787655000000,0.5485012713573761,paolo-laptop,crate-mio-container-master
power_consumption,1705264788659000000,1.8646217233867257,paolo-laptop,crate-mio-container-master
power_consumption,1705264789663000000,5.172282306184995,paolo-laptop,crate-mio-container-master
power_consumption,1705264790665000000,8.399007210164962,paolo-laptop,crate-mio-container-master
power_consumption,1705264791669000000,7.227310054518587,paolo-laptop,crate-mio-container-master
power_consumption,1705264792671000000,5.87712139621185,paolo-laptop,crate-mio-container-master
power_consumption,1705264793675000000,5.458040723872892,paolo-laptop,crate-mio-container-master
power_consumption,1705264794678000000,1.3817750325373956,paolo-laptop,crate-mio-container-master
power_consumption,1705264795680000000,4.449245172501223,paolo-laptop,crate-mio-container-master
power_consumption,1705264796686000000,5.157632016906509,paolo-laptop,crate-mio-container-master
power_consumption,1705264797688000000,6.235179411040644,paolo-laptop,crate-mio-container-master
power_consumption,1705264798690000000,11.399400760507172,paolo-laptop,crate-mio-container-master
power_consumption,1705264799694000000,2.7243482407206425,paolo-laptop,crate-mio-container-master
power_consumption,1705264800697000000,10.93377076635484,paolo-laptop,crate-mio-container-master
power_consumption,1705264801699000000,11.77865010279875,paolo-laptop,crate-mio-container-master
power_consumption,1705264802702000000,5.273526983833445,paolo-laptop,crate-mio-container-master
power_consumption,1705264803704000000,10.561689976094716,paolo-laptop,crate-mio-container-master
power_consumption,1705264804706000000,0.7613303086176402,paolo-laptop,crate-mio-container-master
power_consumption,1705264805708000000,5.208625849712234,paolo-laptop,crate-mio-container-master
power_consumption,1705264806711000000,7.333135855480816,paolo-laptop,crate-mio-container-master
power_consumption,1705264807713000000,10.72487853507785,paolo-laptop,crate-mio-container-master
power_consumption,1705264808715000000,9.512560067806973,paolo-laptop,crate-mio-container-master
power_consumption,1705264809717000000,10.420669229783094,paolo-laptop,crate-mio-container-master
power_consumption,1705264810719000000,1.6496808962584102,paolo-laptop,crate-mio-container-master
power_consumption,1705264811721000000,5.754990314733599,paolo-laptop,crate-mio-container-master
power_consumption,1705264812723000000,3.212922293314576,paolo-laptop,crate-mio-container-master
power_consumption,1705264813724000000,3.089049006988863,paolo-laptop,crate-mio-container-master
power_consumption,1705264814726000000,10.207978984212259,paolo-laptop,crate-mio-container-master
power_consumption,1705264815727000000,1.4228946753529015,paolo-laptop,crate-mio-container-master
power_consumption,1705264816729000000,6.3186492103559155,paolo-laptop,crate-mio-container-master
power_consumption,1705264817733000000,2.159055616370726,paolo-laptop,crate-mio-container-master
power_consumption,1705264818737000000,4.188626578786286,paolo-laptop,crate-mio-container-master
power_consumption,1705264819740000000,3.576277567895443,paolo-laptop,crate-mio-container-master
power_consumption,1705264820743000000,4.853136427316752,paolo-laptop,crate-mio-container-master
power_consumption,1705264821745000000,1.1390291642060828,paolo-laptop,crate-mio-container-master
power_consumption,1705264822746000000,4.761792170748263,paolo-laptop,crate-mio-container-master
power_consumption,1705264823748000000,0.9358052799055208,paolo-laptop,crate-mio-container-master
power_consumption,1705264824751000000,11.912879673179017,paolo-laptop,crate-mio-container-master
power_consumption,1705264825752000000,8.858391468252691,paolo-laptop,crate-mio-container-master
power_consumption,1705264826754000000,10.815820563218297,paolo-laptop,crate-mio-container-master
power_consumption,1705264827756000000,8.930889532521293,paolo-laptop,crate-mio-container-master
power_consumption,1705264828758000000,9.066910570051903,paolo-laptop,crate-mio-container-master
power_consumption,1705264829760000000,9.914441535323178,paolo-laptop,crate-mio-container-master
power_consumption,1705264830762000000,0.8437747821455354,paolo-laptop,crate-mio-container-master
power_consumption,1705264831766000000,3.0427644113526817,paolo-laptop,crate-mio-container-master
power_consumption,1705264832768000000,13.423266900119998,paolo-laptop,crate-mio-container-master
power_consumption,1705264833772000000,9.402070745776726,paolo-laptop,crate-mio-container-master
power_consumption,1705264834774000000,4.957220219414452,paolo-laptop,crate-mio-container-master
power_consumption,1705264835776000000,9.819364767651503,paolo-laptop,crate-mio-container-master
power_consumption,1705264836779000000,6.2418321596862905,paolo-laptop,crate-mio-container-master
power_consumption,1705264837783000000,1.1693681048083735,paolo-laptop,crate-mio-container-master
power_consumption,1705264838785000000,5.207659916428515,paolo-laptop,crate-mio-container-master
power_consumption,1705264839787000000,12.768454895071606,paolo-laptop,crate-mio-container-master
power_consumption,1705264840791000000,3.4292652241424633,paolo-laptop,crate-mio-container-master
power_consumption,1705264841792000000,7.796067076651774,paolo-laptop,crate-mio-container-master
power_consumption,1705264842796000000,0.7565478754464181,paolo-laptop,crate-mio-container-master
power_consumption,1705264844805000000,0.4307318654937147,paolo-laptop,crate-mio-container-master
power_consumption,1705264845809000000,5.207076416270244,paolo-laptop,crate-mio-container-master
power_consumption,1705264846810000000,5.953581570095542,paolo-laptop,crate-mio-container-master
power_consumption,1705264847814000000,5.9359221172299055,paolo-laptop,crate-mio-container-master
power_consumption,1705264848817000000,6.317071680188878,paolo-laptop,crate-mio-container-master
power_consumption,1705264849818000000,10.805311361257004,paolo-laptop,crate-mio-container-master
power_consumption,1705264850822000000,2.945783330445578,paolo-laptop,crate-mio-container-master
power_consumption,1705264851826000000,0.40148489729980336,paolo-laptop,crate-mio-container-master
power_consumption,1705264853834000000,0.28464267862715925,paolo-laptop,crate-mio-container-master
power_consumption,1705264854837000000,0.6842410387698193,paolo-laptop,crate-mio-container-master
power_consumption,1705264855842000000,1.1374068091523446,paolo-laptop,crate-mio-container-master
power_consumption,1705264856846000000,0.6864819175190706,paolo-laptop,crate-mio-container-master
power_consumption,1705264857851000000,0.44207959769647437,paolo-laptop,crate-mio-container-master
power_consumption,1705264858857000000,0.37301350799691313,paolo-laptop,crate-mio-container-master
power_consumption,1705264859862000000,0.43222518604007426,paolo-laptop,crate-mio-container-master
power_consumption,1705264860864000000,6.507128664555015,paolo-laptop,crate-mio-container-master
power_consumption,1705264861868000000,4.782696846981585,paolo-laptop,crate-mio-container-master
power_consumption,1705264862870000000,3.4339177009803934,paolo-laptop,crate-mio-container-master
power_consumption,1705264863871000000,9.389839568280822,paolo-laptop,crate-mio-container-master
power_consumption,1705264864873000000,7.3269738432547715,paolo-laptop,crate-mio-container-master
power_consumption,1705264865874000000,9.041934072995591,paolo-laptop,crate-mio-container-master
power_consumption,1705264866876000000,8.707068692955787,paolo-laptop,crate-mio-container-master
power_consumption,1705264867877000000,7.051776223204311,paolo-laptop,crate-mio-container-master
power_consumption,1705264868878000000,4.582437939670678,paolo-laptop,crate-mio-container-master
power_consumption,1705264870881000000,0.06292675961129472,paolo-laptop,crate-mio-container-master
power_consumption,1705264871882000000,5.962083551554934,paolo-laptop,crate-mio-container-master
power_consumption,1705264872884000000,7.789129190854816,paolo-laptop,crate-mio-container-master
power_consumption,1705264873885000000,4.7176079928201595,paolo-laptop,crate-mio-container-master
power_consumption,1705264874886000000,3.196966691346476,paolo-laptop,crate-mio-container-master
power_consumption,1705264875887000000,6.434727747387555,paolo-laptop,crate-mio-container-master
power_consumption,1705264876889000000,7.282633295534856,paolo-laptop,crate-mio-container-master
power_consumption,1705264877891000000,8.508096420121495,paolo-laptop,crate-mio-container-master
power_consumption,1705264878893000000,9.489109276497626,paolo-laptop,crate-mio-container-master
power_consumption,1705264879895000000,10.431485616293985,paolo-laptop,crate-mio-container-master
power_consumption,1705264880896000000,12.374345877704577,paolo-laptop,crate-mio-container-master
power_consumption,1705264881900000000,3.5330840270067223,paolo-laptop,crate-mio-container-master
power_consumption,1705264882902000000,10.926848026870228,paolo-laptop,crate-mio-container-master
power_consumption,1705264883904000000,12.493708567647662,paolo-laptop,crate-mio-container-master
power_consumption,1705264884906000000,13.72128388162955,paolo-laptop,crate-mio-container-master
power_consumption,1705264885908000000,13.075384183216908,paolo-laptop,crate-mio-container-master
power_consumption,1705264886911000000,3.862243867351447,paolo-laptop,crate-mio-container-master
power_consumption,1705264887913000000,0.968192953845363,paolo-laptop,crate-mio-container-master
power_consumption,1705264888915000000,9.294289209458352,paolo-laptop,crate-mio-container-master
power_consumption,1705264889917000000,14.0378541179179,paolo-laptop,crate-mio-container-master
power_consumption,1705264890918000000,0.7798053572832804,paolo-laptop,crate-mio-container-master
power_consumption,1705264891922000000,2.2225461951736074,paolo-laptop,crate-mio-container-master
power_consumption,1705264892926000000,3.1678486751011805,paolo-laptop,crate-mio-container-master
power_consumption,1705264893928000000,8.780211926733639,paolo-laptop,crate-mio-container-master
power_consumption,1705264894930000000,14.265477645824596,paolo-laptop,crate-mio-container-master
power_consumption,1705264895932000000,11.229679442394954,paolo-laptop,crate-mio-container-master
power_consumption,1705264896935000000,1.6363857148689402,paolo-laptop,crate-mio-container-master
power_consumption,1705264897939000000,0.8567646724982317,paolo-laptop,crate-mio-container-master
power_consumption,1705264898942000000,0.8696516237324236,paolo-laptop,crate-mio-container-master
power_consumption,1705264900951000000,3.809301583966197,paolo-laptop,crate-mio-container-master
power_consumption,1705264902958000000,1.1946407717394694,paolo-laptop,crate-mio-container-master
power_consumption,1705264903963000000,2.3011682813939154,paolo-laptop,crate-mio-container-master
power_consumption,1705264904964000000,3.398892275258083,paolo-laptop,crate-mio-container-master
power_consumption,1705264905968000000,2.5319357754060885,paolo-laptop,crate-mio-container-master
power_consumption,1705264906972000000,0.6622478681182797,paolo-laptop,crate-mio-container-master
power_consumption,1705264907976000000,0.4544772529403534,paolo-laptop,crate-mio-container-master
power_consumption,1705264908980000000,0.36767475987400694,paolo-laptop,crate-mio-container-master
power_consumption,1705264909984000000,0.682516635020018,paolo-laptop,crate-mio-container-master
power_consumption,1705264911992000000,0.692789613826244,paolo-laptop,crate-mio-container-master
power_consumption,1705264912996000000,0.34129275535464276,paolo-laptop,crate-mio-container-master
power_consumption,1705264913997000000,4.928152574620956,paolo-laptop,crate-mio-container-master
power_consumption,1705264915001000000,10.448176647406429,paolo-laptop,crate-mio-container-master
power_consumption,1705264916003000000,1.5257304422266338,paolo-laptop,crate-mio-container-master
power_consumption,1705264917007000000,5.637856607329408,paolo-laptop,crate-mio-container-master
power_consumption,1705264919016000000,2.709396533294786,paolo-laptop,crate-mio-container-master
power_consumption,1705264920020000000,2.547366183102359,paolo-laptop,crate-mio-container-master
power_consumption,1705264922033000000,0.6059354658559363,paolo-laptop,crate-mio-container-master
power_consumption,1705264923037000000,2.36073342980073,paolo-laptop,crate-mio-container-master
power_consumption,1705264924041000000,0.6199893150669643,paolo-laptop,crate-mio-container-master
power_consumption,1705264925045000000,1.7085771417251987,paolo-laptop,crate-mio-container-master
power_consumption,1705264926047000000,3.4185161275155176,paolo-laptop,crate-mio-container-master
power_consumption,1705264927049000000,5.070906551826427,paolo-laptop,crate-mio-container-master
power_consumption,1705264928053000000,3.5876942537030017,paolo-laptop,crate-mio-container-master
power_consumption,1705264929055000000,2.9872525315766367,paolo-laptop,crate-mio-container-master
power_consumption,1705264930056000000,1.903914285941548,paolo-laptop,crate-mio-container-master
power_consumption,1705264931058000000,6.269802663336953,paolo-laptop,crate-mio-container-master
power_consumption,1705264932060000000,13.328008351881804,paolo-laptop,crate-mio-container-master
power_consumption,1705264933062000000,12.478751432091798,paolo-laptop,crate-mio-container-master
power_consumption,1705264934064000000,4.1074493917613975,paolo-laptop,crate-mio-container-master
power_consumption,1705264935065000000,7.286692792189559,paolo-laptop,crate-mio-container-master
power_consumption,1705264936068000000,9.71691598259283,paolo-laptop,crate-mio-container-master
power_consumption,1705264937070000000,1.813717988245469,paolo-laptop,crate-mio-container-master
power_consumption,1705264938071000000,10.284960492262975,paolo-laptop,crate-mio-container-master
power_consumption,1705264939073000000,8.077934644405662,paolo-laptop,crate-mio-container-master
power_consumption,1705264940076000000,2.5172026966414993,paolo-laptop,crate-mio-container-master
power_consumption,1705264941078000000,7.092601881037478,paolo-laptop,crate-mio-container-master
power_consumption,1705264942081000000,5.630341221682731,paolo-laptop,crate-mio-container-master
power_consumption,1705264943083000000,6.634523347224347,paolo-laptop,crate-mio-container-master
power_consumption,1705264944085000000,8.449652184846704,paolo-laptop,crate-mio-container-master
power_consumption,1705264945087000000,7.342583618910916,paolo-laptop,crate-mio-container-master
power_consumption,1705264946089000000,6.362517918258796,paolo-laptop,crate-mio-container-master
power_consumption,1705264947093000000,7.380031227544611,paolo-laptop,crate-mio-container-master
power_consumption,1705264949102000000,6.454445762402077,paolo-laptop,crate-mio-container-master
power_consumption,1705264950104000000,10.042885979262975,paolo-laptop,crate-mio-container-master
power_consumption,1705264951106000000,5.850458471853729,paolo-laptop,crate-mio-container-master
power_consumption,1705264952109000000,7.313577028704181,paolo-laptop,crate-mio-container-master
power_consumption,1705264953115000000,5.997376867719984,paolo-laptop,crate-mio-container-master
power_consumption,1705264954121000000,1.1132280616065557,paolo-laptop,crate-mio-container-master
power_consumption,1705264955124000000,6.035796441314185,paolo-laptop,crate-mio-container-master
power_consumption,1705264956126000000,6.509389362766221,paolo-laptop,crate-mio-container-master
power_consumption,1705264957130000000,6.729818435626219,paolo-laptop,crate-mio-container-master
power_consumption,1705264958132000000,5.350336737004071,paolo-laptop,crate-mio-container-master
power_consumption,1705264959133000000,6.229225912122256,paolo-laptop,crate-mio-container-master
power_consumption,1705264960135000000,5.1350639720344535,paolo-laptop,crate-mio-container-master
power_consumption,1705264961140000000,7.17722229261501,paolo-laptop,crate-mio-container-master
power_consumption,1705264962146000000,8.520602847045858,paolo-laptop,crate-mio-container-master
power_consumption,1705264963149000000,3.3688626062164695,paolo-laptop,crate-mio-container-master
power_consumption,1705264964152000000,5.6388083549080115,paolo-laptop,crate-mio-container-master
power_consumption,1705264965154000000,10.555472385999474,paolo-laptop,crate-mio-container-master
power_consumption,1705264966155000000,8.845452800076908,paolo-laptop,crate-mio-container-master
power_consumption,1705264967159000000,1.8316344339233377,paolo-laptop,crate-mio-container-master
power_consumption,1705264968163000000,4.696026326176334,paolo-laptop,crate-mio-container-master
power_consumption,1705264969165000000,2.4375343673801813,paolo-laptop,crate-mio-container-master
power_consumption,1705264970171000000,9.53187448061403,paolo-laptop,crate-mio-container-master
power_consumption,1705264971175000000,7.285621403243324,paolo-laptop,crate-mio-container-master
power_consumption,1705264972177000000,8.122315549500437,paolo-laptop,crate-mio-container-master
power_consumption,1705264973181000000,9.638971327158101,paolo-laptop,crate-mio-container-master
power_consumption,1705264974185000000,3.908613538631496,paolo-laptop,crate-mio-container-master
power_consumption,1705264975186000000,10.81615159573645,paolo-laptop,crate-mio-container-master
power_consumption,1705264976187000000,10.274134552044032,paolo-laptop,crate-mio-container-master
power_consumption,1705264977190000000,9.790554905725244,paolo-laptop,crate-mio-container-master
power_consumption,1705264978192000000,7.54099351960187,paolo-laptop,crate-mio-container-master
power_consumption,1705264979195000000,3.9738078520758355,paolo-laptop,crate-mio-container-master
power_consumption,1705264980199000000,2.7084697055959897,paolo-laptop,crate-mio-container-master
power_consumption,1705264981202000000,10.358708506140278,paolo-laptop,crate-mio-container-master
power_consumption,1705264983207000000,5.772880104275717,paolo-laptop,crate-mio-container-master
power_consumption,1705264984210000000,9.106608714963034,paolo-laptop,crate-mio-container-master
power_consumption,1705264985211000000,7.547523827073366,paolo-laptop,crate-mio-container-master
power_consumption,1705264986215000000,8.759290485037164,paolo-laptop,crate-mio-container-master
power_consumption,1705264987217000000,4.014639717549895,paolo-laptop,crate-mio-container-master
power_consumption,1705264988219000000,11.514618226907178,paolo-laptop,crate-mio-container-master
power_consumption,1705264989223000000,2.798311531756342,paolo-laptop,crate-mio-container-master
power_consumption,1705264990227000000,5.89456172516746,paolo-laptop,crate-mio-container-master
power_consumption,1705264991229000000,8.36587771171054,paolo-laptop,crate-mio-container-master
