name,time,power,sensor,target
power_consumption,1705289700802000000,12.684774771835265,paolo-laptop,crate-mio-container-master
power_consumption,1705289701806000000,12.867406986931197,paolo-laptop,crate-mio-container-master
power_consumption,1705289702808000000,13.616279747996645,paolo-laptop,crate-mio-container-master
power_consumption,1705289704815000000,9.905323858155983,paolo-laptop,crate-mio-container-master
power_consumption,1705289708825000000,14.398680961254346,paolo-laptop,crate-mio-container-master
power_consumption,1705289709826000000,14.152741765630163,paolo-laptop,crate-mio-container-master
power_consumption,1705289710828000000,13.895346838865008,paolo-laptop,crate-mio-container-master
power_consumption,1705289711830000000,14.176488036198734,paolo-laptop,crate-mio-container-master
power_consumption,1705289712832000000,14.343158003711467,paolo-laptop,crate-mio-container-master
power_consumption,1705289713834000000,14.428536219504245,paolo-laptop,crate-mio-container-master
power_consumption,1705289714836000000,14.648091490195231,paolo-laptop,crate-mio-container-master
power_consumption,1705289715838000000,13.704621050695344,paolo-laptop,crate-mio-container-master
power_consumption,1705289716840000000,14.874351522139799,paolo-laptop,crate-mio-container-master
power_consumption,1705289717842000000,14.177216151546881,paolo-laptop,crate-mio-container-master
power_consumption,1705289718844000000,14.321725201563574,paolo-laptop,crate-mio-container-master
power_consumption,1705289719846000000,14.326859220090705,paolo-laptop,crate-mio-container-master
power_consumption,1705289720848000000,12.866722355558151,paolo-laptop,crate-mio-container-master
power_consumption,1705289721850000000,13.56514497391912,paolo-laptop,crate-mio-container-master
power_consumption,1705289722852000000,14.133952792259972,paolo-laptop,crate-mio-container-master
power_consumption,1705289723854000000,14.567290128827832,paolo-laptop,crate-mio-container-master
power_consumption,1705289724858000000,14.316408506980158,paolo-laptop,crate-mio-container-master
power_consumption,1705289725860000000,13.167174220701705,paolo-laptop,crate-mio-container-master
power_consumption,1705289726869000000,14.728385027975348,paolo-laptop,crate-mio-container-master
power_consumption,1705289727871000000,14.498135673086184,paolo-laptop,crate-mio-container-master
power_consumption,1705289728873000000,14.372195450218133,paolo-laptop,crate-mio-container-master
power_consumption,1705289729875000000,13.486982537065003,paolo-laptop,crate-mio-container-master
power_consumption,1705289731885000000,11.931807089036782,paolo-laptop,crate-mio-container-master
power_consumption,1705289732887000000,12.516051555501354,paolo-laptop,crate-mio-container-master
power_consumption,1705289733889000000,12.4984574989495,paolo-laptop,crate-mio-container-master
power_consumption,1705289734891000000,11.515161951180573,paolo-laptop,crate-mio-container-master
power_consumption,1705289741914000000,12.320437938152253,paolo-laptop,crate-mio-container-master
power_consumption,1705289742916000000,14.013407071799223,paolo-laptop,crate-mio-container-master
power_consumption,1705289743917000000,14.365337376064284,paolo-laptop,crate-mio-container-master
power_consumption,1705289744919000000,14.255074552715442,paolo-laptop,crate-mio-container-master
power_consumption,1705289745921000000,14.669349302402447,paolo-laptop,crate-mio-container-master
power_consumption,1705289746923000000,14.06981582898061,paolo-laptop,crate-mio-container-master
power_consumption,1705289747925000000,14.55160193825015,paolo-laptop,crate-mio-container-master
power_consumption,1705289748926000000,13.946788973458162,paolo-laptop,crate-mio-container-master
power_consumption,1705289749928000000,14.794430800263434,paolo-laptop,crate-mio-container-master
power_consumption,1705289750929000000,14.07132667470455,paolo-laptop,crate-mio-container-master
power_consumption,1705289751932000000,14.359044467653103,paolo-laptop,crate-mio-container-master
power_consumption,1705289752933000000,13.82532750895427,paolo-laptop,crate-mio-container-master
power_consumption,1705289753935000000,14.397158621636324,paolo-laptop,crate-mio-container-master
power_consumption,1705289754937000000,13.814192470553776,paolo-laptop,crate-mio-container-master
power_consumption,1705289755939000000,13.756670203199103,paolo-laptop,crate-mio-container-master
power_consumption,1705289756941000000,13.60111077673543,paolo-laptop,crate-mio-container-master
power_consumption,1705289757943000000,14.315341907947678,paolo-laptop,crate-mio-container-master
power_consumption,1705289758944000000,13.790271713847151,paolo-laptop,crate-mio-container-master
power_consumption,1705289759946000000,14.608674338165082,paolo-laptop,crate-mio-container-master
power_consumption,1705289760948000000,13.352387088805221,paolo-laptop,crate-mio-container-master
power_consumption,1705289761950000000,14.298476548891287,paolo-laptop,crate-mio-container-master
power_consumption,1705289762952000000,12.662590628634536,paolo-laptop,crate-mio-container-master
power_consumption,1705289763954000000,14.793702165275144,paolo-laptop,crate-mio-container-master
power_consumption,1705289764956000000,12.980048674087245,paolo-laptop,crate-mio-container-master
power_consumption,1705289765958000000,13.251917379206201,paolo-laptop,crate-mio-container-master
power_consumption,1705289766959000000,13.0451025560223,paolo-laptop,crate-mio-container-master
power_consumption,1705289767961000000,13.236977842352804,paolo-laptop,crate-mio-container-master
power_consumption,1705289768963000000,12.9032124697993,paolo-laptop,crate-mio-container-master
power_consumption,1705289769964000000,13.244791498337147,paolo-laptop,crate-mio-container-master
power_consumption,1705289770966000000,13.365702864368718,paolo-laptop,crate-mio-container-master
power_consumption,1705289771968000000,13.485622362004065,paolo-laptop,crate-mio-container-master
power_consumption,1705289772970000000,13.268725078795658,paolo-laptop,crate-mio-container-master
power_consumption,1705289773972000000,13.50825484883737,paolo-laptop,crate-mio-container-master
power_consumption,1705289774974000000,13.102724533706752,paolo-laptop,crate-mio-container-master
power_consumption,1705289775977000000,12.637707695747059,paolo-laptop,crate-mio-container-master
power_consumption,1705289779986000000,13.254771155874788,paolo-laptop,crate-mio-container-master
power_consumption,1705289780989000000,13.111227940239717,paolo-laptop,crate-mio-container-master
power_consumption,1705289781991000000,13.141530369267135,paolo-laptop,crate-mio-container-master
power_consumption,1705289784998000000,13.067611020579754,paolo-laptop,crate-mio-container-master
power_consumption,1705289787002000000,12.856554972059394,paolo-laptop,crate-mio-container-master
power_consumption,1705289788004000000,11.978405206729363,paolo-laptop,crate-mio-container-master
power_consumption,1705289790007000000,12.448138451283018,paolo-laptop,crate-mio-container-master
power_consumption,1705289792014000000,13.108212480546342,paolo-laptop,crate-mio-container-master
power_consumption,1705289793017000000,12.947027055956584,paolo-laptop,crate-mio-container-master
power_consumption,1705289794019000000,13.03598307900004,paolo-laptop,crate-mio-container-master
power_consumption,1705289795021000000,13.015387745038156,paolo-laptop,crate-mio-container-master
power_consumption,1705289796023000000,12.943884894520988,paolo-laptop,crate-mio-container-master
power_consumption,1705289797026000000,12.850460055573066,paolo-laptop,crate-mio-container-master
power_consumption,1705289798028000000,12.578496612696203,paolo-laptop,crate-mio-container-master
power_consumption,1705289799031000000,12.889358376137322,paolo-laptop,crate-mio-container-master
power_consumption,1705289800033000000,12.673910906419811,paolo-laptop,crate-mio-container-master
power_consumption,1705289801035000000,12.716271403089062,paolo-laptop,crate-mio-container-master
power_consumption,1705289802038000000,13.140097105324038,paolo-laptop,crate-mio-container-master
power_consumption,1705289803040000000,12.515061801938998,paolo-laptop,crate-mio-container-master
power_consumption,1705289804042000000,12.19368058997139,paolo-laptop,crate-mio-container-master
power_consumption,1705289805044000000,12.278442802542473,paolo-laptop,crate-mio-container-master
power_consumption,1705289806046000000,12.5482018510489,paolo-laptop,crate-mio-container-master
power_consumption,1705289807048000000,12.650481623890498,paolo-laptop,crate-mio-container-master
power_consumption,1705289808051000000,12.398841360429715,paolo-laptop,crate-mio-container-master
power_consumption,1705289809053000000,12.94020541137305,paolo-laptop,crate-mio-container-master
power_consumption,1705289810055000000,12.846252366951859,paolo-laptop,crate-mio-container-master
power_consumption,1705289811058000000,12.682582086999664,paolo-laptop,crate-mio-container-master
power_consumption,1705289814075000000,12.11469606972564,paolo-laptop,crate-mio-container-master
power_consumption,1705289818094000000,12.809239379906396,paolo-laptop,crate-mio-container-master
power_consumption,1705289819096000000,12.765609380639765,paolo-laptop,crate-mio-container-master
power_consumption,1705289822103000000,12.805843273951707,paolo-laptop,crate-mio-container-master
power_consumption,1705289823106000000,13.040621293404568,paolo-laptop,crate-mio-container-master
power_consumption,1705289826115000000,12.258642172607184,paolo-laptop,crate-mio-container-master
power_consumption,1705289827117000000,11.962729971393657,paolo-laptop,crate-mio-container-master
power_consumption,1705289828119000000,12.818777371652702,paolo-laptop,crate-mio-container-master
power_consumption,1705289829122000000,12.890865853671361,paolo-laptop,crate-mio-container-master
power_consumption,1705289830125000000,13.022335427998518,paolo-laptop,crate-mio-container-master
power_consumption,1705289831127000000,12.926478903586633,paolo-laptop,crate-mio-container-master
power_consumption,1705289832129000000,12.706904125039834,paolo-laptop,crate-mio-container-master
power_consumption,1705289833131000000,12.91558464972579,paolo-laptop,crate-mio-container-master
power_consumption,1705289834132000000,13.08459267713606,paolo-laptop,crate-mio-container-master
power_consumption,1705289835134000000,13.315000257490395,paolo-laptop,crate-mio-container-master
power_consumption,1705289836137000000,12.314088156399363,paolo-laptop,crate-mio-container-master
power_consumption,1705289837142000000,12.887555238486414,paolo-laptop,crate-mio-container-master
power_consumption,1705289844162000000,13.154899419824256,paolo-laptop,crate-mio-container-master
power_consumption,1705289846166000000,13.155678574060396,paolo-laptop,crate-mio-container-master
power_consumption,1705289847168000000,13.3403286690876,paolo-laptop,crate-mio-container-master
power_consumption,1705289850179000000,12.966540875751344,paolo-laptop,crate-mio-container-master
power_consumption,1705289851181000000,13.1521264019295,paolo-laptop,crate-mio-container-master
power_consumption,1705289855191000000,13.107287696737226,paolo-laptop,crate-mio-container-master
power_consumption,1705289856192000000,13.070644748033919,paolo-laptop,crate-mio-container-master
power_consumption,1705289857195000000,13.020003190308989,paolo-laptop,crate-mio-container-master
power_consumption,1705289858197000000,13.0822370829715,paolo-laptop,crate-mio-container-master
power_consumption,1705289859199000000,13.253046629663704,paolo-laptop,crate-mio-container-master
power_consumption,1705289860201000000,12.993571319478304,paolo-laptop,crate-mio-container-master
power_consumption,1705289861203000000,12.947373017599467,paolo-laptop,crate-mio-container-master
power_consumption,1705289862206000000,13.030936333066151,paolo-laptop,crate-mio-container-master
power_consumption,1705289863209000000,13.188098326946205,paolo-laptop,crate-mio-container-master
power_consumption,1705289864211000000,12.997864885393414,paolo-laptop,crate-mio-container-master
power_consumption,1705289865218000000,13.001649473425704,paolo-laptop,crate-mio-container-master
power_consumption,1705289866221000000,13.11518699184239,paolo-laptop,crate-mio-container-master
power_consumption,1705289867224000000,12.953221998743949,paolo-laptop,crate-mio-container-master
power_consumption,1705289868226000000,13.132268377113684,paolo-laptop,crate-mio-container-master
power_consumption,1705289869229000000,13.027404403599572,paolo-laptop,crate-mio-container-master
power_consumption,1705289870231000000,12.903848939109112,paolo-laptop,crate-mio-container-master
power_consumption,1705289871234000000,13.151483526378128,paolo-laptop,crate-mio-container-master
power_consumption,1705289872236000000,12.77203978741259,paolo-laptop,crate-mio-container-master
power_consumption,1705289873239000000,13.16387863045744,paolo-laptop,crate-mio-container-master
power_consumption,1705289874241000000,12.792428861638273,paolo-laptop,crate-mio-container-master
power_consumption,1705289875244000000,13.158151700226545,paolo-laptop,crate-mio-container-master
power_consumption,1705289876246000000,12.951896919631846,paolo-laptop,crate-mio-container-master
power_consumption,1705289877248000000,13.150067610073169,paolo-laptop,crate-mio-container-master
power_consumption,1705289878250000000,12.931237936485324,paolo-laptop,crate-mio-container-master
power_consumption,1705289879257000000,13.054715846503901,paolo-laptop,crate-mio-container-master
power_consumption,1705289880261000000,13.119125253630777,paolo-laptop,crate-mio-container-master
power_consumption,1705289881266000000,12.794025915165438,paolo-laptop,crate-mio-container-master
power_consumption,1705289882268000000,12.638503728081465,paolo-laptop,crate-mio-container-master
power_consumption,1705289883270000000,12.969135252811721,paolo-laptop,crate-mio-container-master
power_consumption,1705289884272000000,12.766931890036123,paolo-laptop,crate-mio-container-master
power_consumption,1705289885282000000,12.692125594362235,paolo-laptop,crate-mio-container-master
power_consumption,1705289886284000000,12.917783611600482,paolo-laptop,crate-mio-container-master
power_consumption,1705289887286000000,13.156272321828999,paolo-laptop,crate-mio-container-master
power_consumption,1705289888290000000,12.582136408773486,paolo-laptop,crate-mio-container-master
power_consumption,1705289889293000000,13.090130987539645,paolo-laptop,crate-mio-container-master
power_consumption,1705289890295000000,13.190108569443344,paolo-laptop,crate-mio-container-master
power_consumption,1705289891297000000,12.639752864743038,paolo-laptop,crate-mio-container-master
power_consumption,1705289892300000000,12.754891515415752,paolo-laptop,crate-mio-container-master
power_consumption,1705289893304000000,12.385234397538968,paolo-laptop,crate-mio-container-master
power_consumption,1705289896312000000,12.595642220176162,paolo-laptop,crate-mio-container-master
power_consumption,1705289901326000000,12.85352661035291,paolo-laptop,crate-mio-container-master
power_consumption,1705289902327000000,12.977941847837466,paolo-laptop,crate-mio-container-master
power_consumption,1705289903330000000,13.096693489627246,paolo-laptop,crate-mio-container-master
power_consumption,1705289904332000000,13.244166437029378,paolo-laptop,crate-mio-container-master
power_consumption,1705289905335000000,12.8553184418885,paolo-laptop,crate-mio-container-master
power_consumption,1705289906337000000,13.18214402790655,paolo-laptop,crate-mio-container-master
power_consumption,1705289907340000000,13.119539094093284,paolo-laptop,crate-mio-container-master
power_consumption,1705289908342000000,13.159309370482486,paolo-laptop,crate-mio-container-master
power_consumption,1705289909344000000,12.991557192725315,paolo-laptop,crate-mio-container-master
power_consumption,1705289910346000000,12.838215968334861,paolo-laptop,crate-mio-container-master
power_consumption,1705289911347000000,13.04546379819545,paolo-laptop,crate-mio-container-master
power_consumption,1705289912349000000,12.995824214379452,paolo-laptop,crate-mio-container-master
power_consumption,1705289913351000000,12.846789260014498,paolo-laptop,crate-mio-container-master
power_consumption,1705289914353000000,13.070370501941275,paolo-laptop,crate-mio-container-master
power_consumption,1705289915355000000,12.930518016505744,paolo-laptop,crate-mio-container-master
power_consumption,1705289916357000000,13.091712944207647,paolo-laptop,crate-mio-container-master
power_consumption,1705289917359000000,12.841818688367217,paolo-laptop,crate-mio-container-master
power_consumption,1705289918361000000,13.007624690435236,paolo-laptop,crate-mio-container-master
power_consumption,1705289926382000000,7.7137722434509515,paolo-laptop,crate-mio-container-master
power_consumption,1705289931400000000,13.050097720100315,paolo-laptop,crate-mio-container-master
power_consumption,1705289936415000000,4.69285318294789,paolo-laptop,crate-mio-container-master
power_consumption,1705289941425000000,6.2253498419027595,paolo-laptop,crate-mio-container-master
power_consumption,1705289947437000000,4.066046267782,paolo-laptop,crate-mio-container-master
power_consumption,1705289952445000000,4.1687081731217255,paolo-laptop,crate-mio-container-master
power_consumption,1705289957465000000,2.4876472771292075,paolo-laptop,crate-mio-container-master
power_consumption,1705289964489000000,12.487676405774115,paolo-laptop,crate-mio-container-master
power_consumption,1705289965491000000,12.50991625917293,paolo-laptop,crate-mio-container-master
power_consumption,1705289967495000000,12.982131795705618,paolo-laptop,crate-mio-container-master
power_consumption,1705289968497000000,12.043381501821827,paolo-laptop,crate-mio-container-master
power_consumption,1705289970500000000,11.700598120437448,paolo-laptop,crate-mio-container-master
power_consumption,1705289971503000000,12.631202946196348,paolo-laptop,crate-mio-container-master
power_consumption,1705289972506000000,11.529841749581012,paolo-laptop,crate-mio-container-master
power_consumption,1705289973507000000,10.346296314736389,paolo-laptop,crate-mio-container-master
power_consumption,1705289974509000000,11.564437507267655,paolo-laptop,crate-mio-container-master
power_consumption,1705289975512000000,11.772840862550442,paolo-laptop,crate-mio-container-master
power_consumption,1705289976514000000,11.178009334736128,paolo-laptop,crate-mio-container-master
power_consumption,1705289977516000000,11.886718106402332,paolo-laptop,crate-mio-container-master
power_consumption,1705289978518000000,11.690578426578565,paolo-laptop,crate-mio-container-master
power_consumption,1705289979520000000,12.675828426810444,paolo-laptop,crate-mio-container-master
power_consumption,1705289980522000000,12.097364584637265,paolo-laptop,crate-mio-container-master
power_consumption,1705289981523000000,2.5100421079687845,paolo-laptop,crate-mio-container-master
power_consumption,1705289982528000000,5.794149868326424,paolo-laptop,crate-mio-container-master
power_consumption,1705289983530000000,12.797656711629413,paolo-laptop,crate-mio-container-master
power_consumption,1705289984535000000,13.085015490948622,paolo-laptop,crate-mio-container-master
power_consumption,1705289985537000000,13.178923661322324,paolo-laptop,crate-mio-container-master
power_consumption,1705289986540000000,13.244758406575267,paolo-laptop,crate-mio-container-master
power_consumption,1705289991554000000,14.329720889426339,paolo-laptop,crate-mio-container-master
power_consumption,1705289992556000000,13.48553338420764,paolo-laptop,crate-mio-container-master
power_consumption,1705289993558000000,13.74095040418652,paolo-laptop,crate-mio-container-master
power_consumption,1705289994561000000,13.502831768305338,paolo-laptop,crate-mio-container-master
power_consumption,1705289995563000000,13.823037221145212,paolo-laptop,crate-mio-container-master
power_consumption,1705289996567000000,7.594350730347364,paolo-laptop,crate-mio-container-master
power_consumption,1705289998573000000,3.709617281312565,paolo-laptop,crate-mio-container-master
power_consumption,1705289999575000000,12.549415229559507,paolo-laptop,crate-mio-container-master
power_consumption,1705290000578000000,13.096332995339406,paolo-laptop,crate-mio-container-master
power_consumption,1705290001579000000,12.59783101616807,paolo-laptop,crate-mio-container-master
power_consumption,1705290002581000000,3.6900109646884633,paolo-laptop,crate-mio-container-master
power_consumption,1705290003586000000,2.5142979521775928,paolo-laptop,crate-mio-container-master
power_consumption,1705290005593000000,7.516966615810715,paolo-laptop,crate-mio-container-master
power_consumption,1705290006595000000,6.652419814718735,paolo-laptop,crate-mio-container-master
power_consumption,1705290007598000000,11.824446315044339,paolo-laptop,crate-mio-container-master
power_consumption,1705290008600000000,11.971471540657404,paolo-laptop,crate-mio-container-master
power_consumption,1705290009604000000,2.686885026493112,paolo-laptop,crate-mio-container-master
power_consumption,1705290010608000000,3.661105993903538,paolo-laptop,crate-mio-container-master
power_consumption,1705290011610000000,3.5079067050322257,paolo-laptop,crate-mio-container-master
power_consumption,1705290012612000000,12.268168708893176,paolo-laptop,crate-mio-container-master
power_consumption,1705290013614000000,13.024787888649731,paolo-laptop,crate-mio-container-master
power_consumption,1705290014615000000,0.7328351166599139,paolo-laptop,crate-mio-container-master
power_consumption,1705290015617000000,1.6152673369919701,paolo-laptop,crate-mio-container-master
power_consumption,1705290016621000000,7.454778834643765,paolo-laptop,crate-mio-container-master
power_consumption,1705290017623000000,10.193067482162895,paolo-laptop,crate-mio-container-master
power_consumption,1705290018626000000,13.13177245901921,paolo-laptop,crate-mio-container-master
power_consumption,1705290019628000000,10.86868853797809,paolo-laptop,crate-mio-container-master
power_consumption,1705290021636000000,13.271724601686053,paolo-laptop,crate-mio-container-master
power_consumption,1705290022639000000,10.125751758986398,paolo-laptop,crate-mio-container-master
power_consumption,1705290023642000000,10.573038098285194,paolo-laptop,crate-mio-container-master
power_consumption,1705290024645000000,4.112564657255845,paolo-laptop,crate-mio-container-master
power_consumption,1705290025647000000,10.71431513208061,paolo-laptop,crate-mio-container-master
power_consumption,1705290027652000000,13.06675686644404,paolo-laptop,crate-mio-container-master
power_consumption,1705290028654000000,12.072764615407038,paolo-laptop,crate-mio-container-master
power_consumption,1705290029656000000,1.3719714616716365,paolo-laptop,crate-mio-container-master
power_consumption,1705290030661000000,9.12490266494122,paolo-laptop,crate-mio-container-master
power_consumption,1705290031666000000,6.151022661341538,paolo-laptop,crate-mio-container-master
power_consumption,1705290032668000000,13.09010732212112,paolo-laptop,crate-mio-container-master
power_consumption,1705290033672000000,5.414395276511042,paolo-laptop,crate-mio-container-master
power_consumption,1705290034676000000,4.2420396272362,paolo-laptop,crate-mio-container-master
power_consumption,1705290035678000000,9.769440376759738,paolo-laptop,crate-mio-container-master
power_consumption,1705290036684000000,9.1842029052493,paolo-laptop,crate-mio-container-master
power_consumption,1705290038694000000,13.14462619070204,paolo-laptop,crate-mio-container-master
power_consumption,1705290039697000000,12.904893290310817,paolo-laptop,crate-mio-container-master
power_consumption,1705290040701000000,4.44371306658153,paolo-laptop,crate-mio-container-master
power_consumption,1705290041703000000,8.380875476343494,paolo-laptop,crate-mio-container-master
power_consumption,1705290042705000000,13.537714941410867,paolo-laptop,crate-mio-container-master
power_consumption,1705290043707000000,10.618276855369858,paolo-laptop,crate-mio-container-master
power_consumption,1705290044711000000,2.9497845394109934,paolo-laptop,crate-mio-container-master
power_consumption,1705290045713000000,10.48742464554293,paolo-laptop,crate-mio-container-master
power_consumption,1705290046715000000,10.14996837910812,paolo-laptop,crate-mio-container-master
power_consumption,1705290047719000000,1.7867866545550652,paolo-laptop,crate-mio-container-master
power_consumption,1705290049725000000,9.906724752090192,paolo-laptop,crate-mio-container-master
power_consumption,1705290050726000000,15.60843850291385,paolo-laptop,crate-mio-container-master
power_consumption,1705290051728000000,12.445163736772205,paolo-laptop,crate-mio-container-master
power_consumption,1705290052732000000,3.3378107932484413,paolo-laptop,crate-mio-container-master
power_consumption,1705290053736000000,2.250687816065531,paolo-laptop,crate-mio-container-master
power_consumption,1705290054737000000,7.737002796889078,paolo-laptop,crate-mio-container-master
power_consumption,1705290056743000000,9.278311155211759,paolo-laptop,crate-mio-container-master
power_consumption,1705290058749000000,11.486618177685331,paolo-laptop,crate-mio-container-master
power_consumption,1705290059751000000,12.459011090091991,paolo-laptop,crate-mio-container-master
power_consumption,1705290060755000000,12.270839880472991,paolo-laptop,crate-mio-container-master
power_consumption,1705290061757000000,10.683581580184462,paolo-laptop,crate-mio-container-master
power_consumption,1705290062759000000,13.21367448217229,paolo-laptop,crate-mio-container-master
power_consumption,1705290063761000000,12.402215695324877,paolo-laptop,crate-mio-container-master
power_consumption,1705290064764000000,13.084838310677522,paolo-laptop,crate-mio-container-master
power_consumption,1705290065766000000,12.69992904365536,paolo-laptop,crate-mio-container-master
power_consumption,1705290066768000000,13.570997894943694,paolo-laptop,crate-mio-container-master
power_consumption,1705290067771000000,12.933813202723375,paolo-laptop,crate-mio-container-master
power_consumption,1705290068774000000,12.509727496363185,paolo-laptop,crate-mio-container-master
power_consumption,1705290069776000000,12.827226933457162,paolo-laptop,crate-mio-container-master
power_consumption,1705290070778000000,12.838090643838882,paolo-laptop,crate-mio-container-master
power_consumption,1705290071781000000,12.444260456446926,paolo-laptop,crate-mio-container-master
power_consumption,1705290072783000000,13.130263544683372,paolo-laptop,crate-mio-container-master
power_consumption,1705290073785000000,12.831365575734521,paolo-laptop,crate-mio-container-master
power_consumption,1705290074788000000,13.087692748197728,paolo-laptop,crate-mio-container-master
power_consumption,1705290075790000000,12.697456719048176,paolo-laptop,crate-mio-container-master
power_consumption,1705290076795000000,4.418887073124824,paolo-laptop,crate-mio-container-master
power_consumption,1705290077797000000,11.0509771403742,paolo-laptop,crate-mio-container-master
power_consumption,1705290078799000000,13.250726505611926,paolo-laptop,crate-mio-container-master
power_consumption,1705290079804000000,5.2507245217491025,paolo-laptop,crate-mio-container-master
power_consumption,1705290080807000000,5.140660244383855,paolo-laptop,crate-mio-container-master
power_consumption,1705290081810000000,4.361221878622725,paolo-laptop,crate-mio-container-master
power_consumption,1705290082812000000,12.64913868361599,paolo-laptop,crate-mio-container-master
power_consumption,1705290083814000000,12.171714543826196,paolo-laptop,crate-mio-container-master
power_consumption,1705290084816000000,12.745768349283207,paolo-laptop,crate-mio-container-master
power_consumption,1705290085819000000,12.717977369216392,paolo-laptop,crate-mio-container-master
power_consumption,1705290086821000000,13.072075661931137,paolo-laptop,crate-mio-container-master
power_consumption,1705290087824000000,9.611473939708128,paolo-laptop,crate-mio-container-master
power_consumption,1705290088827000000,12.987962735476229,paolo-laptop,crate-mio-container-master
power_consumption,1705290089829000000,5.684455821165904,paolo-laptop,crate-mio-container-master
power_consumption,1705290090831000000,7.229241607804523,paolo-laptop,crate-mio-container-master
power_consumption,1705290091832000000,2.2901527192516093,paolo-laptop,crate-mio-container-master
power_consumption,1705290092834000000,12.929567084964724,paolo-laptop,crate-mio-container-master
power_consumption,1705290093835000000,3.9963450931136477,paolo-laptop,crate-mio-container-master
power_consumption,1705290096840000000,2.8924235069144504,paolo-laptop,crate-mio-container-master
power_consumption,1705290097841000000,7.420773368877286,paolo-laptop,crate-mio-container-master
power_consumption,1705290099845000000,11.913042223617174,paolo-laptop,crate-mio-container-master
power_consumption,1705290100849000000,13.587005494970537,paolo-laptop,crate-mio-container-master
power_consumption,1705290101850000000,13.101216086290318,paolo-laptop,crate-mio-container-master
power_consumption,1705290102853000000,6.9673737165144605,paolo-laptop,crate-mio-container-master
power_consumption,1705290103857000000,4.040980848837253,paolo-laptop,crate-mio-container-master
power_consumption,1705290104859000000,13.862051500521398,paolo-laptop,crate-mio-container-master
power_consumption,1705290105866000000,13.036016670096386,paolo-laptop,crate-mio-container-master
power_consumption,1705290106869000000,13.262231527973245,paolo-laptop,crate-mio-container-master
power_consumption,1705290107872000000,12.845412972244521,paolo-laptop,crate-mio-container-master
power_consumption,1705290108875000000,3.6870352965587876,paolo-laptop,crate-mio-container-master
power_consumption,1705290109879000000,19.530400431614183,paolo-laptop,crate-mio-container-master
power_consumption,1705290110883000000,4.740833085685983,paolo-laptop,crate-mio-container-master
power_consumption,1705290111890000000,9.215450388532988,paolo-laptop,crate-mio-container-master
power_consumption,1705290112892000000,6.6077233555823796,paolo-laptop,crate-mio-container-master
power_consumption,1705290113894000000,13.05585412188988,paolo-laptop,crate-mio-container-master
power_consumption,1705290114896000000,12.674933559427117,paolo-laptop,crate-mio-container-master
power_consumption,1705290115900000000,11.03892064525849,paolo-laptop,crate-mio-container-master
power_consumption,1705290116904000000,3.78531709326432,paolo-laptop,crate-mio-container-master
power_consumption,1705290119912000000,1.6401814332367781,paolo-laptop,crate-mio-container-master
power_consumption,1705290120914000000,11.568936336519862,paolo-laptop,crate-mio-container-master
power_consumption,1705290122919000000,1.0809639227555599,paolo-laptop,crate-mio-container-master
power_consumption,1705290123923000000,3.801345141547445,paolo-laptop,crate-mio-container-master
power_consumption,1705290124926000000,5.200623065087963,paolo-laptop,crate-mio-container-master
power_consumption,1705290125929000000,4.929994286219488,paolo-laptop,crate-mio-container-master
power_consumption,1705290126930000000,12.551514823089576,paolo-laptop,crate-mio-container-master
power_consumption,1705290127934000000,5.270796687725755,paolo-laptop,crate-mio-container-master
power_consumption,1705290128939000000,4.221347849519542,paolo-laptop,crate-mio-container-master
power_consumption,1705290129942000000,4.100366785942853,paolo-laptop,crate-mio-container-master
power_consumption,1705290130944000000,3.402615022904463,paolo-laptop,crate-mio-container-master
power_consumption,1705290132949000000,11.682365167041045,paolo-laptop,crate-mio-container-master
power_consumption,1705290134957000000,3.4516962435824516,paolo-laptop,crate-mio-container-master
power_consumption,1705290135960000000,4.490229872435866,paolo-laptop,crate-mio-container-master
power_consumption,1705290136962000000,3.0800464105959655,paolo-laptop,crate-mio-container-master
power_consumption,1705290137964000000,0.8414729663229775,paolo-laptop,crate-mio-container-master
power_consumption,1705290138968000000,5.077284419484137,paolo-laptop,crate-mio-container-master
power_consumption,1705290139969000000,5.6737781497882,paolo-laptop,crate-mio-container-master
power_consumption,1705290140971000000,5.011879680432205,paolo-laptop,crate-mio-container-master
power_consumption,1705290142978000000,3.1298392678886193,paolo-laptop,crate-mio-container-master
power_consumption,1705290143982000000,6.639005178878447,paolo-laptop,crate-mio-container-master
power_consumption,1705290144984000000,3.555333365820305,paolo-laptop,crate-mio-container-master
power_consumption,1705290146993000000,11.627074140306782,paolo-laptop,crate-mio-container-master
power_consumption,1705290147996000000,2.236044685741767,paolo-laptop,crate-mio-container-master
power_consumption,1705290150000000000,7.6316170204036595,paolo-laptop,crate-mio-container-master
power_consumption,1705290151002000000,11.481806150348351,paolo-laptop,crate-mio-container-master
power_consumption,1705290152004000000,13.563331692884255,paolo-laptop,crate-mio-container-master
power_consumption,1705290153008000000,12.410513274492523,paolo-laptop,crate-mio-container-master
power_consumption,1705290154010000000,13.170963383120524,paolo-laptop,crate-mio-container-master
power_consumption,1705290155012000000,4.203836145301066,paolo-laptop,crate-mio-container-master
power_consumption,1705290156013000000,2.422220599465649,paolo-laptop,crate-mio-container-master
power_consumption,1705290157015000000,7.285824450470163,paolo-laptop,crate-mio-container-master
power_consumption,1705290158017000000,12.972112309207343,paolo-laptop,crate-mio-container-master
power_consumption,1705290159019000000,11.024789475684885,paolo-laptop,crate-mio-container-master
power_consumption,1705290160021000000,9.517722097447493,paolo-laptop,crate-mio-container-master
power_consumption,1705290161022000000,11.452486807597094,paolo-laptop,crate-mio-container-master
power_consumption,1705290162025000000,12.001830110598355,paolo-laptop,crate-mio-container-master
power_consumption,1705290163027000000,11.73948304228611,paolo-laptop,crate-mio-container-master
power_consumption,1705290164032000000,10.362667760486284,paolo-laptop,crate-mio-container-master
power_consumption,1705290165034000000,1.03868474740093,paolo-laptop,crate-mio-container-master
power_consumption,1705290166038000000,4.370796450277768,paolo-laptop,crate-mio-container-master
power_consumption,1705290167040000000,11.797592850376006,paolo-laptop,crate-mio-container-master
power_consumption,1705290168042000000,12.695491596060855,paolo-laptop,crate-mio-container-master
power_consumption,1705290169046000000,3.765623071303864,paolo-laptop,crate-mio-container-master
power_consumption,1705290170048000000,3.720224693685268,paolo-laptop,crate-mio-container-master
power_consumption,1705290171049000000,4.752786125837381,paolo-laptop,crate-mio-container-master
power_consumption,1705290172051000000,1.1294684746445673,paolo-laptop,crate-mio-container-master
power_consumption,1705290173052000000,0.5392187495492701,paolo-laptop,crate-mio-container-master
power_consumption,1705290174054000000,11.886223980357059,paolo-laptop,crate-mio-container-master
power_consumption,1705290175057000000,12.151633551903373,paolo-laptop,crate-mio-container-master
power_consumption,1705290176059000000,11.558887225692398,paolo-laptop,crate-mio-container-master
power_consumption,1705290177061000000,11.202298486786257,paolo-laptop,crate-mio-container-master
power_consumption,1705290178063000000,11.415223726616334,paolo-laptop,crate-mio-container-master
power_consumption,1705290179065000000,12.476690667088512,paolo-laptop,crate-mio-container-master
power_consumption,1705290180067000000,11.327832886390368,paolo-laptop,crate-mio-container-master
power_consumption,1705290181068000000,12.396772683687313,paolo-laptop,crate-mio-container-master
power_consumption,1705290182072000000,10.334528958140366,paolo-laptop,crate-mio-container-master
power_consumption,1705290183073000000,4.651837271287575,paolo-laptop,crate-mio-container-master
power_consumption,1705290184075000000,11.691389308534145,paolo-laptop,crate-mio-container-master
power_consumption,1705290185078000000,11.54533034861902,paolo-laptop,crate-mio-container-master
power_consumption,1705290186081000000,9.311927648593816,paolo-laptop,crate-mio-container-master
power_consumption,1705290187083000000,3.4985877625853745,paolo-laptop,crate-mio-container-master
power_consumption,1705290188085000000,8.23524616442982,paolo-laptop,crate-mio-container-master
power_consumption,1705290189087000000,8.581283512371273,paolo-laptop,crate-mio-container-master
power_consumption,1705290190089000000,9.032286273293884,paolo-laptop,crate-mio-container-master
power_consumption,1705290192096000000,2.3165743626179105,paolo-laptop,crate-mio-container-master
power_consumption,1705290193098000000,10.323352776907047,paolo-laptop,crate-mio-container-master
power_consumption,1705290194102000000,5.525868906117117,paolo-laptop,crate-mio-container-master
power_consumption,1705290195106000000,4.455491141457611,paolo-laptop,crate-mio-container-master
power_consumption,1705290197112000000,5.310965219427483,paolo-laptop,crate-mio-container-master
power_consumption,1705290198114000000,4.565831302242303,paolo-laptop,crate-mio-container-master
power_consumption,1705290199115000000,7.031223386146385,paolo-laptop,crate-mio-container-master
power_consumption,1705290200117000000,8.222923469235557,paolo-laptop,crate-mio-container-master
power_consumption,1705290201119000000,10.025913032945347,paolo-laptop,crate-mio-container-master
power_consumption,1705290202121000000,10.621290495433318,paolo-laptop,crate-mio-container-master
power_consumption,1705290205128000000,2.27885995584356,paolo-laptop,crate-mio-container-master
power_consumption,1705290206132000000,2.3339040668595796,paolo-laptop,crate-mio-container-master
power_consumption,1705290208141000000,1.6439735475189128,paolo-laptop,crate-mio-container-master
power_consumption,1705290212154000000,1.0281663803947503,paolo-laptop,crate-mio-container-master
power_consumption,1705290213160000000,1.5590426741642534,paolo-laptop,crate-mio-container-master
power_consumption,1705290214161000000,2.5048945783248255,paolo-laptop,crate-mio-container-master
power_consumption,1705290215165000000,9.299951171006214,paolo-laptop,crate-mio-container-master
power_consumption,1705290216167000000,2.575230842548305,paolo-laptop,crate-mio-container-master
power_consumption,1705290217171000000,2.7760051444116223,paolo-laptop,crate-mio-container-master
power_consumption,1705290219175000000,1.3445989514551886,paolo-laptop,crate-mio-container-master
power_consumption,1705290220177000000,2.6171244312553146,paolo-laptop,crate-mio-container-master
power_consumption,1705290221178000000,3.4813696039083175,paolo-laptop,crate-mio-container-master
power_consumption,1705290222180000000,11.282582322164547,paolo-laptop,crate-mio-container-master
power_consumption,1705290223182000000,1.9720736693998342,paolo-laptop,crate-mio-container-master
power_consumption,1705290224183000000,2.6864283518410144,paolo-laptop,crate-mio-container-master
power_consumption,1705290225185000000,8.654755740935933,paolo-laptop,crate-mio-container-master
power_consumption,1705290226187000000,11.492878370958978,paolo-laptop,crate-mio-container-master
power_consumption,1705290227189000000,1.6521297337267593,paolo-laptop,crate-mio-container-master
power_consumption,1705290228190000000,0.8832183996428066,paolo-laptop,crate-mio-container-master
power_consumption,1705290229191000000,0.6830501314998101,paolo-laptop,crate-mio-container-master
power_consumption,1705290230192000000,2.4745557243901013,paolo-laptop,crate-mio-container-master
power_consumption,1705290231194000000,2.4560432839380657,paolo-laptop,crate-mio-container-master
power_consumption,1705290232195000000,2.5627992246184705,paolo-laptop,crate-mio-container-master
power_consumption,1705290233197000000,3.307936532593458,paolo-laptop,crate-mio-container-master
power_consumption,1705290234199000000,12.971945149440614,paolo-laptop,crate-mio-container-master
power_consumption,1705290235201000000,13.414843812774757,paolo-laptop,crate-mio-container-master
power_consumption,1705290236205000000,1.6151824432864244,paolo-laptop,crate-mio-container-master
power_consumption,1705290237209000000,2.930134838799856,paolo-laptop,crate-mio-container-master
power_consumption,1705290238211000000,8.400941450342348,paolo-laptop,crate-mio-container-master
power_consumption,1705290239213000000,12.260703016980248,paolo-laptop,crate-mio-container-master
power_consumption,1705290240215000000,11.997910497938918,paolo-laptop,crate-mio-container-master
power_consumption,1705290241218000000,5.49350381787367,paolo-laptop,crate-mio-container-master
power_consumption,1705290242221000000,4.919153376187371,paolo-laptop,crate-mio-container-master
power_consumption,1705290243225000000,5.305466723609243,paolo-laptop,crate-mio-container-master
power_consumption,1705290244228000000,2.5157771688865544,paolo-laptop,crate-mio-container-master
power_consumption,1705290245230000000,0.8046914555009359,paolo-laptop,crate-mio-container-master
power_consumption,1705290246233000000,2.616927179625496,paolo-laptop,crate-mio-container-master
power_consumption,1705290247236000000,9.82954377273003,paolo-laptop,crate-mio-container-master
power_consumption,1705290248239000000,5.074772831310115,paolo-laptop,crate-mio-container-master
power_consumption,1705290249242000000,4.827063451257604,paolo-laptop,crate-mio-container-master
power_consumption,1705290250245000000,6.057646874883686,paolo-laptop,crate-mio-container-master
power_consumption,1705290252251000000,3.994809740934403,paolo-laptop,crate-mio-container-master
power_consumption,1705290254254000000,4.6214777040846045,paolo-laptop,crate-mio-container-master
power_consumption,1705290255259000000,3.8228688427031217,paolo-laptop,crate-mio-container-master
power_consumption,1705290256263000000,3.4222314971685526,paolo-laptop,crate-mio-container-master
power_consumption,1705290257265000000,9.561736413465098,paolo-laptop,crate-mio-container-master
power_consumption,1705290258269000000,8.785655686939826,paolo-laptop,crate-mio-container-master
power_consumption,1705290259272000000,6.733942499992508,paolo-laptop,crate-mio-container-master
power_consumption,1705290260273000000,12.67348993390825,paolo-laptop,crate-mio-container-master
power_consumption,1705290261274000000,12.60482024726359,paolo-laptop,crate-mio-container-master
power_consumption,1705290262278000000,11.029020717516264,paolo-laptop,crate-mio-container-master
power_consumption,1705290264284000000,4.336490368664787,paolo-laptop,crate-mio-container-master
power_consumption,1705290265286000000,7.737160637507515,paolo-laptop,crate-mio-container-master
power_consumption,1705290266289000000,7.301460893174551,paolo-laptop,crate-mio-container-master
power_consumption,1705290267291000000,4.981018503100405,paolo-laptop,crate-mio-container-master
power_consumption,1705290268293000000,5.7857021953458965,paolo-laptop,crate-mio-container-master
power_consumption,1705290269294000000,9.374455580953015,paolo-laptop,crate-mio-container-master
power_consumption,1705290270296000000,11.673687792150067,paolo-laptop,crate-mio-container-master
power_consumption,1705290271299000000,6.522686438193859,paolo-laptop,crate-mio-container-master
power_consumption,1705290272301000000,1.837165176439544,paolo-laptop,crate-mio-container-master
power_consumption,1705290273303000000,11.091595186064648,paolo-laptop,crate-mio-container-master
power_consumption,1705290274305000000,11.501258316787165,paolo-laptop,crate-mio-container-master
power_consumption,1705290275307000000,11.821308532704503,paolo-laptop,crate-mio-container-master
power_consumption,1705290276309000000,9.119457897127916,paolo-laptop,crate-mio-container-master
power_consumption,1705290277311000000,5.372227140002238,paolo-laptop,crate-mio-container-master
power_consumption,1705290278313000000,11.215016389778413,paolo-laptop,crate-mio-container-master
power_consumption,1705290279314000000,9.984158274994964,paolo-laptop,crate-mio-container-master
power_consumption,1705290280316000000,10.873543909150936,paolo-laptop,crate-mio-container-master
power_consumption,1705290281319000000,9.771029582274624,paolo-laptop,crate-mio-container-master
power_consumption,1705290282321000000,9.785909384776584,paolo-laptop,crate-mio-container-master
power_consumption,1705290283322000000,10.185099492637413,paolo-laptop,crate-mio-container-master
power_consumption,1705290284325000000,9.61000776992698,paolo-laptop,crate-mio-container-master
power_consumption,1705290285327000000,12.126396183764104,paolo-laptop,crate-mio-container-master
power_consumption,1705290286329000000,11.083395574485827,paolo-laptop,crate-mio-container-master
power_consumption,1705290287331000000,10.04053047113366,paolo-laptop,crate-mio-container-master
power_consumption,1705290288332000000,9.896279446545694,paolo-laptop,crate-mio-container-master
power_consumption,1705290289336000000,1.714500475316013,paolo-laptop,crate-mio-container-master
power_consumption,1705290291342000000,7.330077661558043,paolo-laptop,crate-mio-container-master
power_consumption,1705290292344000000,13.760733981595004,paolo-laptop,crate-mio-container-master
power_consumption,1705290293345000000,2.8863288797673725,paolo-laptop,crate-mio-container-master
power_consumption,1705290294348000000,1.85399975056936,paolo-laptop,crate-mio-container-master
power_consumption,1705290295350000000,6.893012815841247,paolo-laptop,crate-mio-container-master
power_consumption,1705290296352000000,7.27632503725014,paolo-laptop,crate-mio-container-master
power_consumption,1705290297354000000,8.140407459452543,paolo-laptop,crate-mio-container-master
power_consumption,1705290298355000000,7.994756867089591,paolo-laptop,crate-mio-container-master
power_consumption,1705290300359000000,0.9257401710567293,paolo-laptop,crate-mio-container-master
power_consumption,1705290301361000000,9.52913255710924,paolo-laptop,crate-mio-container-master
power_consumption,1705290302363000000,8.309388240262995,paolo-laptop,crate-mio-container-master
power_consumption,1705290303364000000,7.90234269569779,paolo-laptop,crate-mio-container-master
power_consumption,1705290304366000000,6.653872466354147,paolo-laptop,crate-mio-container-master
power_consumption,1705290305369000000,8.959849494554755,paolo-laptop,crate-mio-container-master
power_consumption,1705290306371000000,11.550256356362278,paolo-laptop,crate-mio-container-master
power_consumption,1705290307376000000,10.959528260788671,paolo-laptop,crate-mio-container-master
power_consumption,1705290308379000000,1.2817125158921443,paolo-laptop,crate-mio-container-master
power_consumption,1705290309381000000,10.775524401713998,paolo-laptop,crate-mio-container-master
power_consumption,1705290310382000000,12.072946880168686,paolo-laptop,crate-mio-container-master
power_consumption,1705290311385000000,7.397811401446145,paolo-laptop,crate-mio-container-master
power_consumption,1705290313390000000,3.3759455012436357,paolo-laptop,crate-mio-container-master
power_consumption,1705290314392000000,9.930874990212498,paolo-laptop,crate-mio-container-master
power_consumption,1705290315396000000,6.146011337765474,paolo-laptop,crate-mio-container-master
power_consumption,1705290318413000000,9.970587649237412,paolo-laptop,crate-mio-container-master
power_consumption,1705290319420000000,8.183365136220713,paolo-laptop,crate-mio-container-master
power_consumption,1705290320421000000,4.659184933752126,paolo-laptop,crate-mio-container-master
power_consumption,1705290321425000000,0.41696062359858366,paolo-laptop,crate-mio-container-master
power_consumption,1705290323433000000,8.803315446540893,paolo-laptop,crate-mio-container-master
power_consumption,1705290325439000000,0.5848995280478757,paolo-laptop,crate-mio-container-master
power_consumption,1705290326441000000,11.116983322723488,paolo-laptop,crate-mio-container-master
power_consumption,1705290327443000000,12.395235231026525,paolo-laptop,crate-mio-container-master
power_consumption,1705290328445000000,12.546350903781565,paolo-laptop,crate-mio-container-master
power_consumption,1705290329447000000,11.595817038882291,paolo-laptop,crate-mio-container-master
power_consumption,1705290330449000000,11.115215114592885,paolo-laptop,crate-mio-container-master
power_consumption,1705290331451000000,11.977398423351028,paolo-laptop,crate-mio-container-master
power_consumption,1705290332453000000,11.31146149354215,paolo-laptop,crate-mio-container-master
power_consumption,1705290333457000000,8.452322116320016,paolo-laptop,crate-mio-container-master
power_consumption,1705290335462000000,1.9392031977550381,paolo-laptop,crate-mio-container-master
power_consumption,1705290336466000000,4.469957771716756,paolo-laptop,crate-mio-container-master
power_consumption,1705290337470000000,5.068257919899219,paolo-laptop,crate-mio-container-master
power_consumption,1705290338473000000,3.546102300154733,paolo-laptop,crate-mio-container-master
power_consumption,1705290339475000000,2.1982691842286606,paolo-laptop,crate-mio-container-master
power_consumption,1705290340479000000,0.8943469310399154,paolo-laptop,crate-mio-container-master
power_consumption,1705290341483000000,6.333882860747757,paolo-laptop,crate-mio-container-master
power_consumption,1705290342487000000,5.381214402902122,paolo-laptop,crate-mio-container-master
power_consumption,1705290343489000000,2.361317032548175,paolo-laptop,crate-mio-container-master
power_consumption,1705290344493000000,8.60809856705719,paolo-laptop,crate-mio-container-master
power_consumption,1705290345495000000,3.294074071825147,paolo-laptop,crate-mio-container-master
power_consumption,1705290347501000000,13.899543245689753,paolo-laptop,crate-mio-container-master
power_consumption,1705290348504000000,10.503181356149904,paolo-laptop,crate-mio-container-master
power_consumption,1705290350510000000,3.7434992853433116,paolo-laptop,crate-mio-container-master
power_consumption,1705290351514000000,1.6935090687346368,paolo-laptop,crate-mio-container-master
power_consumption,1705290352516000000,3.2760735758356003,paolo-laptop,crate-mio-container-master
power_consumption,1705290353520000000,3.180458070525542,paolo-laptop,crate-mio-container-master
power_consumption,1705290354522000000,2.5203970847182964,paolo-laptop,crate-mio-container-master
power_consumption,1705290355523000000,12.378926571259871,paolo-laptop,crate-mio-container-master
power_consumption,1705290356527000000,7.777171486430231,paolo-laptop,crate-mio-container-master
power_consumption,1705290357529000000,2.8086634262539327,paolo-laptop,crate-mio-container-master
power_consumption,1705290359535000000,5.845863150737439,paolo-laptop,crate-mio-container-master
power_consumption,1705290360540000000,3.516134918317113,paolo-laptop,crate-mio-container-master
power_consumption,1705290361542000000,5.613665947748602,paolo-laptop,crate-mio-container-master
power_consumption,1705290362544000000,12.415339854843868,paolo-laptop,crate-mio-container-master
power_consumption,1705290363545000000,2.99762693073596,paolo-laptop,crate-mio-container-master
power_consumption,1705290364547000000,1.7230565685601273,paolo-laptop,crate-mio-container-master
power_consumption,1705290365549000000,5.010394420818626,paolo-laptop,crate-mio-container-master
power_consumption,1705290366551000000,2.7969089930006543,paolo-laptop,crate-mio-container-master
power_consumption,1705290367552000000,2.205426829748231,paolo-laptop,crate-mio-container-master
power_consumption,1705290368555000000,3.9273951161703233,paolo-laptop,crate-mio-container-master
power_consumption,1705290369557000000,8.514646632346986,paolo-laptop,crate-mio-container-master
power_consumption,1705290370559000000,5.956384507120048,paolo-laptop,crate-mio-container-master
power_consumption,1705290371570000000,14.082012092476557,paolo-laptop,crate-mio-container-master
power_consumption,1705290372572000000,14.081895077918517,paolo-laptop,crate-mio-container-master
power_consumption,1705290373578000000,12.855535926767487,paolo-laptop,crate-mio-container-master
power_consumption,1705290374580000000,3.0880141016323157,paolo-laptop,crate-mio-container-master
power_consumption,1705290375584000000,8.542975457504527,paolo-laptop,crate-mio-container-master
power_consumption,1705290376586000000,9.722621113817826,paolo-laptop,crate-mio-container-master
power_consumption,1705290377587000000,16.57681774335296,paolo-laptop,crate-mio-container-master
power_consumption,1705290378592000000,7.263317563781262,paolo-laptop,crate-mio-container-master
power_consumption,1705290379595000000,6.250218738966479,paolo-laptop,crate-mio-container-master
power_consumption,1705290380601000000,6.685163860971965,paolo-laptop,crate-mio-container-master
power_consumption,1705290381606000000,2.711395961623059,paolo-laptop,crate-mio-container-master
power_consumption,1705290382609000000,2.701895666770171,paolo-laptop,crate-mio-container-master
power_consumption,1705290383614000000,1.4851438356653206,paolo-laptop,crate-mio-container-master
power_consumption,1705290384616000000,7.1493546721999675,paolo-laptop,crate-mio-container-master
power_consumption,1705290385619000000,12.28205448537988,paolo-laptop,crate-mio-container-master
power_consumption,1705290386622000000,0.8782852307645374,paolo-laptop,crate-mio-container-master
power_consumption,1705290387626000000,5.406717334020559,paolo-laptop,crate-mio-container-master
power_consumption,1705290388632000000,5.140249941498277,paolo-laptop,crate-mio-container-master
power_consumption,1705290389634000000,7.586208904359357,paolo-laptop,crate-mio-container-master
power_consumption,1705290390637000000,11.197305228692853,paolo-laptop,crate-mio-container-master
power_consumption,1705290393650000000,0.699194105088385,paolo-laptop,crate-mio-container-master
power_consumption,1705290395656000000,14.005173312171657,paolo-laptop,crate-mio-container-master
power_consumption,1705290396659000000,14.91537402783152,paolo-laptop,crate-mio-container-master
power_consumption,1705290397663000000,12.151322270350716,paolo-laptop,crate-mio-container-master
power_consumption,1705290402681000000,9.74988591284001,paolo-laptop,crate-mio-container-master
power_consumption,1705290404687000000,9.548857305240976,paolo-laptop,crate-mio-container-master
power_consumption,1705290405692000000,9.758723287753917,paolo-laptop,crate-mio-container-master
power_consumption,1705290406695000000,10.365152656531638,paolo-laptop,crate-mio-container-master
power_consumption,1705290407698000000,7.55936286087808,paolo-laptop,crate-mio-container-master
power_consumption,1705290408700000000,3.6151119607911317,paolo-laptop,crate-mio-container-master
power_consumption,1705290409702000000,4.257733206480024,paolo-laptop,crate-mio-container-master
power_consumption,1705290410704000000,6.540935309041094,paolo-laptop,crate-mio-container-master
power_consumption,1705290411708000000,0.8449770207112695,paolo-laptop,crate-mio-container-master
power_consumption,1705290412712000000,10.18996667503218,paolo-laptop,crate-mio-container-master
power_consumption,1705290413717000000,3.1028778297890796,paolo-laptop,crate-mio-container-master
power_consumption,1705290414719000000,2.282564023865163,paolo-laptop,crate-mio-container-master
power_consumption,1705290415721000000,10.740189162205453,paolo-laptop,crate-mio-container-master
power_consumption,1705290416723000000,10.431811409509292,paolo-laptop,crate-mio-container-master
power_consumption,1705290417724000000,9.944294931462165,paolo-laptop,crate-mio-container-master
power_consumption,1705290418731000000,9.910276938520498,paolo-laptop,crate-mio-container-master
power_consumption,1705290419734000000,4.900598200168911,paolo-laptop,crate-mio-container-master
power_consumption,1705290420736000000,11.79913801369285,paolo-laptop,crate-mio-container-master
power_consumption,1705290421740000000,9.04344618316253,paolo-laptop,crate-mio-container-master
power_consumption,1705290422741000000,2.967853782785253,paolo-laptop,crate-mio-container-master
power_consumption,1705290423743000000,9.729972768383744,paolo-laptop,crate-mio-container-master
power_consumption,1705290424745000000,12.131222623008432,paolo-laptop,crate-mio-container-master
power_consumption,1705290425746000000,10.207293220859611,paolo-laptop,crate-mio-container-master
power_consumption,1705290426750000000,2.554518698622964,paolo-laptop,crate-mio-container-master
power_consumption,1705290427754000000,1.7819891357760835,paolo-laptop,crate-mio-container-master
power_consumption,1705290428756000000,5.47918285648872,paolo-laptop,crate-mio-container-master
power_consumption,1705290429757000000,10.574299110914923,paolo-laptop,crate-mio-container-master
power_consumption,1705290430759000000,0.5748494135101743,paolo-laptop,crate-mio-container-master
power_consumption,1705290431760000000,8.743490606586553,paolo-laptop,crate-mio-container-master
power_consumption,1705290432763000000,10.034791816725129,paolo-laptop,crate-mio-container-master
power_consumption,1705290433764000000,12.292955249233058,paolo-laptop,crate-mio-container-master
power_consumption,1705290434766000000,11.594289582476982,paolo-laptop,crate-mio-container-master
power_consumption,1705290435768000000,10.955302207577388,paolo-laptop,crate-mio-container-master
power_consumption,1705290436770000000,11.099983454824592,paolo-laptop,crate-mio-container-master
power_consumption,1705290437772000000,12.156617619490948,paolo-laptop,crate-mio-container-master
power_consumption,1705290438774000000,11.535490697738535,paolo-laptop,crate-mio-container-master
power_consumption,1705290439776000000,10.75342377423114,paolo-laptop,crate-mio-container-master
power_consumption,1705290440779000000,11.948727431695861,paolo-laptop,crate-mio-container-master
power_consumption,1705290441781000000,11.586259074641298,paolo-laptop,crate-mio-container-master
power_consumption,1705290442783000000,10.590498315581756,paolo-laptop,crate-mio-container-master
power_consumption,1705290443786000000,11.53012498367372,paolo-laptop,crate-mio-container-master
power_consumption,1705290444788000000,13.387717573085343,paolo-laptop,crate-mio-container-master
power_consumption,1705290445790000000,11.025572782902309,paolo-laptop,crate-mio-container-master
power_consumption,1705290446794000000,11.80566625366027,paolo-laptop,crate-mio-container-master
power_consumption,1705290447797000000,12.301213060887111,paolo-laptop,crate-mio-container-master
power_consumption,1705290448801000000,9.453879964114963,paolo-laptop,crate-mio-container-master
power_consumption,1705290449803000000,3.1180279843418166,paolo-laptop,crate-mio-container-master
power_consumption,1705290450805000000,3.2930151114890807,paolo-laptop,crate-mio-container-master
power_consumption,1705290451807000000,13.66389175569049,paolo-laptop,crate-mio-container-master
power_consumption,1705290452809000000,13.86287956087893,paolo-laptop,crate-mio-container-master
power_consumption,1705290453811000000,13.785279394172342,paolo-laptop,crate-mio-container-master
power_consumption,1705290454813000000,13.614125863949855,paolo-laptop,crate-mio-container-master
power_consumption,1705290455815000000,14.128412031549425,paolo-laptop,crate-mio-container-master
power_consumption,1705290456822000000,13.590398718202977,paolo-laptop,crate-mio-container-master
power_consumption,1705290457825000000,13.793435863693912,paolo-laptop,crate-mio-container-master
power_consumption,1705290458829000000,12.380721521786029,paolo-laptop,crate-mio-container-master
power_consumption,1705290459831000000,2.067632108882205,paolo-laptop,crate-mio-container-master
power_consumption,1705290460832000000,5.888883792203347,paolo-laptop,crate-mio-container-master
power_consumption,1705290461836000000,1.5930717502401077,paolo-laptop,crate-mio-container-master
power_consumption,1705290462840000000,4.234526331655197,paolo-laptop,crate-mio-container-master
power_consumption,1705290463844000000,4.489908348155662,paolo-laptop,crate-mio-container-master
power_consumption,1705290465848000000,5.09843246400973,paolo-laptop,crate-mio-container-master
power_consumption,1705290466849000000,3.856625809466791,paolo-laptop,crate-mio-container-master
power_consumption,1705290467851000000,3.197625065914086,paolo-laptop,crate-mio-container-master
power_consumption,1705290468852000000,2.588764305813903,paolo-laptop,crate-mio-container-master
power_consumption,1705290469857000000,2.162460236585024,paolo-laptop,crate-mio-container-master
power_consumption,1705290470861000000,2.7693676385114383,paolo-laptop,crate-mio-container-master
power_consumption,1705290471862000000,5.1296402486895,paolo-laptop,crate-mio-container-master
power_consumption,1705290472864000000,11.878367168735835,paolo-laptop,crate-mio-container-master
power_consumption,1705290473866000000,11.197533257565153,paolo-laptop,crate-mio-container-master
power_consumption,1705290474868000000,11.370128549385079,paolo-laptop,crate-mio-container-master
power_consumption,1705290475872000000,6.687875178227098,paolo-laptop,crate-mio-container-master
power_consumption,1705290476876000000,2.506668509610105,paolo-laptop,crate-mio-container-master
power_consumption,1705290477878000000,2.887886928523633,paolo-laptop,crate-mio-container-master
power_consumption,1705290478880000000,10.60130117434123,paolo-laptop,crate-mio-container-master
power_consumption,1705290479881000000,10.93665782254731,paolo-laptop,crate-mio-container-master
power_consumption,1705290480885000000,2.9561239336737932,paolo-laptop,crate-mio-container-master
power_consumption,1705290481890000000,3.8625486751018427,paolo-laptop,crate-mio-container-master
power_consumption,1705290482891000000,3.557158555116074,paolo-laptop,crate-mio-container-master
power_consumption,1705290483895000000,2.074232925126143,paolo-laptop,crate-mio-container-master
power_consumption,1705290484898000000,2.552228651983389,paolo-laptop,crate-mio-container-master
power_consumption,1705290485900000000,5.637620300913014,paolo-laptop,crate-mio-container-master
power_consumption,1705290486903000000,4.442978356744066,paolo-laptop,crate-mio-container-master
power_consumption,1705290487905000000,10.213350384291628,paolo-laptop,crate-mio-container-master
power_consumption,1705290488911000000,3.423613872107168,paolo-laptop,crate-mio-container-master
power_consumption,1705290489913000000,7.087292407086502,paolo-laptop,crate-mio-container-master
power_consumption,1705290490917000000,4.3344409854622254,paolo-laptop,crate-mio-container-master
power_consumption,1705290491919000000,9.482343264646632,paolo-laptop,crate-mio-container-master
power_consumption,1705290492923000000,2.824551153464899,paolo-laptop,crate-mio-container-master
power_consumption,1705290493927000000,1.9653616460637409,paolo-laptop,crate-mio-container-master
power_consumption,1705290494929000000,10.106647294401778,paolo-laptop,crate-mio-container-master
power_consumption,1705290495931000000,4.583836173910169,paolo-laptop,crate-mio-container-master
power_consumption,1705290496933000000,5.888745616402257,paolo-laptop,crate-mio-container-master
power_consumption,1705290497935000000,5.586386677888433,paolo-laptop,crate-mio-container-master
power_consumption,1705290498936000000,2.7242600084919064,paolo-laptop,crate-mio-container-master
power_consumption,1705290499938000000,4.5038606567022645,paolo-laptop,crate-mio-container-master
power_consumption,1705290500939000000,10.252811042295901,paolo-laptop,crate-mio-container-master
power_consumption,1705290501941000000,4.496792613963873,paolo-laptop,crate-mio-container-master
power_consumption,1705290502944000000,5.113975022911071,paolo-laptop,crate-mio-container-master
power_consumption,1705290503946000000,1.8681358293370087,paolo-laptop,crate-mio-container-master
power_consumption,1705290504949000000,8.963118876222829,paolo-laptop,crate-mio-container-master
power_consumption,1705290505951000000,6.080113059560058,paolo-laptop,crate-mio-container-master
power_consumption,1705290506953000000,2.5640869576453467,paolo-laptop,crate-mio-container-master
power_consumption,1705290507954000000,1.0219472837095556,paolo-laptop,crate-mio-container-master
power_consumption,1705290508958000000,4.979106806595242,paolo-laptop,crate-mio-container-master
power_consumption,1705290509962000000,6.037705507837119,paolo-laptop,crate-mio-container-master
power_consumption,1705290510966000000,1.5201489525707128,paolo-laptop,crate-mio-container-master
power_consumption,1705290511968000000,1.938831691211933,paolo-laptop,crate-mio-container-master
power_consumption,1705290512971000000,4.471949522081971,paolo-laptop,crate-mio-container-master
power_consumption,1705290513972000000,4.8680236542468265,paolo-laptop,crate-mio-container-master
power_consumption,1705290514974000000,0.9588119831570002,paolo-laptop,crate-mio-container-master
power_consumption,1705290515978000000,11.274695051463059,paolo-laptop,crate-mio-container-master
power_consumption,1705290516982000000,2.720232088948363,paolo-laptop,crate-mio-container-master
power_consumption,1705290517987000000,1.8387698811357396,paolo-laptop,crate-mio-container-master
power_consumption,1705290518993000000,5.982926058806688,paolo-laptop,crate-mio-container-master
power_consumption,1705290520000000000,4.637443252089341,paolo-laptop,crate-mio-container-master
power_consumption,1705290521002000000,4.24772216359742,paolo-laptop,crate-mio-container-master
power_consumption,1705290522006000000,4.752401259233957,paolo-laptop,crate-mio-container-master
power_consumption,1705290523009000000,3.8665045525068,paolo-laptop,crate-mio-container-master
power_consumption,1705290524011000000,6.034054628015887,paolo-laptop,crate-mio-container-master
power_consumption,1705290525013000000,13.727136769603291,paolo-laptop,crate-mio-container-master
power_consumption,1705290526017000000,6.807276643024152,paolo-laptop,crate-mio-container-master
power_consumption,1705290527019000000,2.947471420646436,paolo-laptop,crate-mio-container-master
power_consumption,1705290528021000000,1.1954000575199744,paolo-laptop,crate-mio-container-master
power_consumption,1705290529023000000,11.377162462289302,paolo-laptop,crate-mio-container-master
power_consumption,1705290530027000000,3.6569080273279777,paolo-laptop,crate-mio-container-master
power_consumption,1705290531031000000,4.398269500792382,paolo-laptop,crate-mio-container-master
power_consumption,1705290532033000000,3.4044327030967168,paolo-laptop,crate-mio-container-master
power_consumption,1705290533036000000,1.8248786996519908,paolo-laptop,crate-mio-container-master
power_consumption,1705290534040000000,9.186226336384923,paolo-laptop,crate-mio-container-master
power_consumption,1705290535044000000,2.788178944641275,paolo-laptop,crate-mio-container-master
power_consumption,1705290537048000000,13.278798264664964,paolo-laptop,crate-mio-container-master
power_consumption,1705290538051000000,3.1769261165531915,paolo-laptop,crate-mio-container-master
power_consumption,1705290539055000000,5.357310364957608,paolo-laptop,crate-mio-container-master
power_consumption,1705290541064000000,4.054575096608298,paolo-laptop,crate-mio-container-master
power_consumption,1705290542067000000,1.530868448850412,paolo-laptop,crate-mio-container-master
power_consumption,1705290543069000000,4.77274550714238,paolo-laptop,crate-mio-container-master
power_consumption,1705290545074000000,2.389632756145184,paolo-laptop,crate-mio-container-master
power_consumption,1705290546076000000,8.337162308315653,paolo-laptop,crate-mio-container-master
power_consumption,1705290547078000000,13.823986788363328,paolo-laptop,crate-mio-container-master
power_consumption,1705290548080000000,12.513968098330118,paolo-laptop,crate-mio-container-master
power_consumption,1705290549082000000,10.172910778519839,paolo-laptop,crate-mio-container-master
power_consumption,1705290550084000000,8.429104312350708,paolo-laptop,crate-mio-container-master
power_consumption,1705290551086000000,8.916210828764891,paolo-laptop,crate-mio-container-master
power_consumption,1705290553092000000,8.408708713396786,paolo-laptop,crate-mio-container-master
power_consumption,1705290554094000000,5.885825956667026,paolo-laptop,crate-mio-container-master
power_consumption,1705290555095000000,15.267757207263056,paolo-laptop,crate-mio-container-master
power_consumption,1705290556099000000,2.2555866290167033,paolo-laptop,crate-mio-container-master
power_consumption,1705290557103000000,1.414725106144544,paolo-laptop,crate-mio-container-master
power_consumption,1705290558107000000,4.056771645039372,paolo-laptop,crate-mio-container-master
power_consumption,1705290559109000000,8.289996381728255,paolo-laptop,crate-mio-container-master
power_consumption,1705290560110000000,8.156593930148082,paolo-laptop,crate-mio-container-master
power_consumption,1705290561114000000,3.0858735351106987,paolo-laptop,crate-mio-container-master
power_consumption,1705290562116000000,6.177855725108188,paolo-laptop,crate-mio-container-master
power_consumption,1705290563118000000,13.968669885197924,paolo-laptop,crate-mio-container-master
power_consumption,1705290564120000000,8.468652988585333,paolo-laptop,crate-mio-container-master
power_consumption,1705290565121000000,11.874609295355503,paolo-laptop,crate-mio-container-master
power_consumption,1705290567123000000,0.5187488616544021,paolo-laptop,crate-mio-container-master
power_consumption,1705290568125000000,0.5557355515045266,paolo-laptop,crate-mio-container-master
power_consumption,1705290569128000000,5.661495415543264,paolo-laptop,crate-mio-container-master
power_consumption,1705290570130000000,10.021736905682348,paolo-laptop,crate-mio-container-master
power_consumption,1705290571132000000,3.612442618426886,paolo-laptop,crate-mio-container-master
power_consumption,1705290572134000000,8.502761683738207,paolo-laptop,crate-mio-container-master
power_consumption,1705290573138000000,6.617027278781111,paolo-laptop,crate-mio-container-master
power_consumption,1705290574144000000,5.974499373497228,paolo-laptop,crate-mio-container-master
power_consumption,1705290575146000000,0.4204430391926411,paolo-laptop,crate-mio-container-master
power_consumption,1705290576149000000,0.43819363254515414,paolo-laptop,crate-mio-container-master
power_consumption,1705290577153000000,0.2489315889569818,paolo-laptop,crate-mio-container-master
power_consumption,1705290578155000000,0.18331693338870103,paolo-laptop,crate-mio-container-master
power_consumption,1705290579159000000,0.8981094232611764,paolo-laptop,crate-mio-container-master
power_consumption,1705290580161000000,0.30966316385795045,paolo-laptop,crate-mio-container-master
power_consumption,1705290583171000000,0.3223390982564091,paolo-laptop,crate-mio-container-master
power_consumption,1705290584173000000,2.0296466564999722,paolo-laptop,crate-mio-container-master
power_consumption,1705290585174000000,10.399733305386404,paolo-laptop,crate-mio-container-master
power_consumption,1705290586176000000,7.644424419356987,paolo-laptop,crate-mio-container-master
power_consumption,1705290587178000000,10.979940903451947,paolo-laptop,crate-mio-container-master
power_consumption,1705290588180000000,10.446383992005533,paolo-laptop,crate-mio-container-master
power_consumption,1705290589181000000,9.518497686932857,paolo-laptop,crate-mio-container-master
power_consumption,1705290590183000000,12.27489883774673,paolo-laptop,crate-mio-container-master
power_consumption,1705290591184000000,6.853479429895263,paolo-laptop,crate-mio-container-master
power_consumption,1705290592188000000,6.052211406079442,paolo-laptop,crate-mio-container-master
power_consumption,1705290593192000000,6.355955616411926,paolo-laptop,crate-mio-container-master
power_consumption,1705290594194000000,6.014271494840939,paolo-laptop,crate-mio-container-master
power_consumption,1705290595196000000,7.225181311954329,paolo-laptop,crate-mio-container-master
power_consumption,1705290596200000000,1.1240627223183495,paolo-laptop,crate-mio-container-master
power_consumption,1705290597204000000,0.06272245731118896,paolo-laptop,crate-mio-container-master
power_consumption,1705290598208000000,2.526965465931467,paolo-laptop,crate-mio-container-master
power_consumption,1705290599212000000,7.024725194764811,paolo-laptop,crate-mio-container-master
power_consumption,1705290600217000000,5.275565550831159,paolo-laptop,crate-mio-container-master
power_consumption,1705290601222000000,4.308493023345951,paolo-laptop,crate-mio-container-master
power_consumption,1705290603229000000,4.530578725944135,paolo-laptop,crate-mio-container-master
power_consumption,1705290604231000000,8.403942475343891,paolo-laptop,crate-mio-container-master
power_consumption,1705290605233000000,9.532465221048884,paolo-laptop,crate-mio-container-master
power_consumption,1705290606235000000,5.866899331542567,paolo-laptop,crate-mio-container-master
power_consumption,1705290607236000000,9.364038907766982,paolo-laptop,crate-mio-container-master
power_consumption,1705290608240000000,8.891321603966,paolo-laptop,crate-mio-container-master
power_consumption,1705290609244000000,3.722333577866515,paolo-laptop,crate-mio-container-master
power_consumption,1705290610247000000,4.535162443378619,paolo-laptop,crate-mio-container-master
power_consumption,1705290611248000000,11.965027057272703,paolo-laptop,crate-mio-container-master
power_consumption,1705290612250000000,12.38841739320781,paolo-laptop,crate-mio-container-master
power_consumption,1705290613252000000,12.356998006622105,paolo-laptop,crate-mio-container-master
power_consumption,1705290614254000000,12.096367644477123,paolo-laptop,crate-mio-container-master
power_consumption,1705290615256000000,12.38035015910162,paolo-laptop,crate-mio-container-master
power_consumption,1705290616258000000,13.519083697065588,paolo-laptop,crate-mio-container-master
power_consumption,1705290617262000000,5.619334207491162,paolo-laptop,crate-mio-container-master
power_consumption,1705290619272000000,2.867232106313589,paolo-laptop,crate-mio-container-master
power_consumption,1705290620276000000,4.987262928807827,paolo-laptop,crate-mio-container-master
power_consumption,1705290621278000000,4.663916692488495,paolo-laptop,crate-mio-container-master
power_consumption,1705290622280000000,1.7191980906530755,paolo-laptop,crate-mio-container-master
power_consumption,1705290623284000000,5.560542461922758,paolo-laptop,crate-mio-container-master
power_consumption,1705290624288000000,0.6454036541892022,paolo-laptop,crate-mio-container-master
power_consumption,1705290625292000000,0.5326841941741048,paolo-laptop,crate-mio-container-master
power_consumption,1705290627296000000,1.5014322891952525,paolo-laptop,crate-mio-container-master
power_consumption,1705290628298000000,11.887936721781893,paolo-laptop,crate-mio-container-master
power_consumption,1705290630300000000,7.507056927648982,paolo-laptop,crate-mio-container-master
power_consumption,1705290631302000000,0.2751272927664121,paolo-laptop,crate-mio-container-master
power_consumption,1705290632303000000,0.2544509186580254,paolo-laptop,crate-mio-container-master
power_consumption,1705290633304000000,0.21693572495354987,paolo-laptop,crate-mio-container-master
power_consumption,1705290634305000000,0.26617257084825446,paolo-laptop,crate-mio-container-master
power_consumption,1705290635307000000,0.1992653746765452,paolo-laptop,crate-mio-container-master
power_consumption,1705290636309000000,0.25154580175770536,paolo-laptop,crate-mio-container-master
power_consumption,1705290637312000000,0.168848696523574,paolo-laptop,crate-mio-container-master
power_consumption,1705290638314000000,1.606215933210744,paolo-laptop,crate-mio-container-master
power_consumption,1705290639318000000,0.4596275743669634,paolo-laptop,crate-mio-container-master
power_consumption,1705290640321000000,2.409750062324698,paolo-laptop,crate-mio-container-master
power_consumption,1705290641326000000,3.3252093563495806,paolo-laptop,crate-mio-container-master
power_consumption,1705290643330000000,1.0405269992848776,paolo-laptop,crate-mio-container-master
power_consumption,1705290644334000000,1.172392329061533,paolo-laptop,crate-mio-container-master
power_consumption,1705290645338000000,0.6044454395558219,paolo-laptop,crate-mio-container-master
power_consumption,1705290646343000000,2.6961026528887326,paolo-laptop,crate-mio-container-master
power_consumption,1705290648351000000,0.20796854158372916,paolo-laptop,crate-mio-container-master
power_consumption,1705290649354000000,0.3609009891623774,paolo-laptop,crate-mio-container-master
power_consumption,1705290650358000000,0.6691099880582769,paolo-laptop,crate-mio-container-master
power_consumption,1705290651361000000,1.092361535134424,paolo-laptop,crate-mio-container-master
power_consumption,1705290652363000000,7.2586785674885235,paolo-laptop,crate-mio-container-master
power_consumption,1705290653367000000,3.012133802929714,paolo-laptop,crate-mio-container-master
power_consumption,1705290654371000000,4.154553450209263,paolo-laptop,crate-mio-container-master
power_consumption,1705290655375000000,7.665670467856401,paolo-laptop,crate-mio-container-master
power_consumption,1705290656378000000,7.029899773814144,paolo-laptop,crate-mio-container-master
power_consumption,1705290657379000000,7.7363954712676986,paolo-laptop,crate-mio-container-master
power_consumption,1705290658381000000,11.167943063600639,paolo-laptop,crate-mio-container-master
power_consumption,1705290659385000000,2.6011984628246956,paolo-laptop,crate-mio-container-master
power_consumption,1705290661391000000,7.122527576316828,paolo-laptop,crate-mio-container-master
power_consumption,1705290662397000000,7.673218109259518,paolo-laptop,crate-mio-container-master
power_consumption,1705290663399000000,7.788932984384276,paolo-laptop,crate-mio-container-master
power_consumption,1705290664400000000,10.760689657964267,paolo-laptop,crate-mio-container-master
power_consumption,1705290665402000000,10.623059736682784,paolo-laptop,crate-mio-container-master
power_consumption,1705290666406000000,6.644661797483819,paolo-laptop,crate-mio-container-master
power_consumption,1705290668412000000,5.324921602938441,paolo-laptop,crate-mio-container-master
power_consumption,1705290669417000000,5.652497133191371,paolo-laptop,crate-mio-container-master
power_consumption,1705290670419000000,8.202774685876307,paolo-laptop,crate-mio-container-master
power_consumption,1705290671421000000,13.001766246662907,paolo-laptop,crate-mio-container-master
power_consumption,1705290672427000000,8.229929325226012,paolo-laptop,crate-mio-container-master
power_consumption,1705290673433000000,5.396446047565472,paolo-laptop,crate-mio-container-master
power_consumption,1705290674438000000,5.9491519712013226,paolo-laptop,crate-mio-container-master
power_consumption,1705290675439000000,9.470782972594074,paolo-laptop,crate-mio-container-master
power_consumption,1705290676445000000,5.79560634100626,paolo-laptop,crate-mio-container-master
power_consumption,1705290677449000000,6.702265731038377,paolo-laptop,crate-mio-container-master
power_consumption,1705290678451000000,7.830447685041158,paolo-laptop,crate-mio-container-master
power_consumption,1705290679456000000,5.502896715999796,paolo-laptop,crate-mio-container-master
power_consumption,1705290680459000000,7.010260849806017,paolo-laptop,crate-mio-container-master
power_consumption,1705290681461000000,8.308499978041885,paolo-laptop,crate-mio-container-master
power_consumption,1705290682464000000,8.618730583204785,paolo-laptop,crate-mio-container-master
power_consumption,1705290683466000000,9.371459021728562,paolo-laptop,crate-mio-container-master
power_consumption,1705290684474000000,3.401080821725201,paolo-laptop,crate-mio-container-master
power_consumption,1705290685479000000,2.2839557435037605,paolo-laptop,crate-mio-container-master
power_consumption,1705290686483000000,4.571699953214953,paolo-laptop,crate-mio-container-master
power_consumption,1705290687485000000,6.738734176961856,paolo-laptop,crate-mio-container-master
power_consumption,1705290688487000000,2.590876950038696,paolo-laptop,crate-mio-container-master
power_consumption,1705290689488000000,2.5290662788601823,paolo-laptop,crate-mio-container-master
power_consumption,1705290690491000000,11.347700115914137,paolo-laptop,crate-mio-container-master
power_consumption,1705290691492000000,4.569517352877295,paolo-laptop,crate-mio-container-master
power_consumption,1705290692497000000,10.66157916524832,paolo-laptop,crate-mio-container-master
power_consumption,1705290693498000000,0.349403404876796,paolo-laptop,crate-mio-container-master
power_consumption,1705290694500000000,5.054021867647041,paolo-laptop,crate-mio-container-master
power_consumption,1705290695501000000,10.927199780354147,paolo-laptop,crate-mio-container-master
power_consumption,1705290696503000000,8.663814362033314,paolo-laptop,crate-mio-container-master
power_consumption,1705290697505000000,10.944985382220374,paolo-laptop,crate-mio-container-master
power_consumption,1705290698508000000,7.3094762786448895,paolo-laptop,crate-mio-container-master
power_consumption,1705290699510000000,6.109704804279069,paolo-laptop,crate-mio-container-master
power_consumption,1705290700512000000,9.385054538516027,paolo-laptop,crate-mio-container-master
power_consumption,1705290701514000000,2.8922119613066677,paolo-laptop,crate-mio-container-master
power_consumption,1705290702515000000,9.446256693428511,paolo-laptop,crate-mio-container-master
power_consumption,1705290703517000000,9.486525703593921,paolo-laptop,crate-mio-container-master
power_consumption,1705290704520000000,12.734671981503183,paolo-laptop,crate-mio-container-master
power_consumption,1705290705525000000,7.7305490844265305,paolo-laptop,crate-mio-container-master
power_consumption,1705290706527000000,12.43792200246996,paolo-laptop,crate-mio-container-master
power_consumption,1705290707529000000,12.876220815801052,paolo-laptop,crate-mio-container-master
power_consumption,1705290708531000000,9.84496787885685,paolo-laptop,crate-mio-container-master
power_consumption,1705290709534000000,14.425243728565341,paolo-laptop,crate-mio-container-master
power_consumption,1705290710536000000,6.108404147159326,paolo-laptop,crate-mio-container-master
power_consumption,1705290711537000000,6.406198138700472,paolo-laptop,crate-mio-container-master
