name,time,power,sensor,target
power_consumption,1705278222463000000,0.003691673288809042,paolo-laptop,influx_dest
power_consumption,1705278223465000000,0.003909482167035131,paolo-laptop,influx_dest
power_consumption,1705278224471000000,0.004968034633433669,paolo-laptop,influx_dest
power_consumption,1705278229497000000,0.007984416743025753,paolo-laptop,influx_dest
power_consumption,1705278230499000000,0.011858153247892,paolo-laptop,influx_dest
power_consumption,1705278231501000000,0.004348559129842632,paolo-laptop,influx_dest
power_consumption,1705278232504000000,0.004031741235809335,paolo-laptop,influx_dest
power_consumption,1705278233506000000,0.004429474543376627,paolo-laptop,influx_dest
power_consumption,1705278234508000000,0.005009510762605209,paolo-laptop,influx_dest
power_consumption,1705278235509000000,0.004186516304275929,paolo-laptop,influx_dest
power_consumption,1705278236511000000,0.005122062200150553,paolo-laptop,influx_dest
power_consumption,1705278237513000000,0.004089616532932113,paolo-laptop,influx_dest
power_consumption,1705278238517000000,0.004751464082281892,paolo-laptop,influx_dest
power_consumption,1705278239519000000,0.005767485294423065,paolo-laptop,influx_dest
power_consumption,1705278240522000000,0.012780868494130642,paolo-laptop,influx_dest
power_consumption,1705278241525000000,0.004075976691261429,paolo-laptop,influx_dest
power_consumption,1705278244535000000,0.004496002914363458,paolo-laptop,influx_dest
power_consumption,1705278245539000000,0.005296724231069581,paolo-laptop,influx_dest
power_consumption,1705278246544000000,0.006124123214991857,paolo-laptop,influx_dest
power_consumption,1705278255557000000,0.004985623488712968,paolo-laptop,influx_dest
power_consumption,1705278256559000000,0.004841599925012246,paolo-laptop,influx_dest
power_consumption,1705278257561000000,0.005050934460967656,paolo-laptop,influx_dest
power_consumption,1705278258563000000,0.004679907040430711,paolo-laptop,influx_dest
power_consumption,1705278259566000000,0.00458676950137143,paolo-laptop,influx_dest
power_consumption,1705278260568000000,0.011776542540806631,paolo-laptop,influx_dest
power_consumption,1705278261570000000,0.0051122914293092155,paolo-laptop,influx_dest
power_consumption,1705278262572000000,0.003855432624801839,paolo-laptop,influx_dest
power_consumption,1705278263574000000,0.00494206318083531,paolo-laptop,influx_dest
power_consumption,1705278264576000000,0.004140941619692517,paolo-laptop,influx_dest
power_consumption,1705278265578000000,0.004852068455378047,paolo-laptop,influx_dest
power_consumption,1705278266584000000,0.005751999699610597,paolo-laptop,influx_dest
power_consumption,1705278268589000000,0.0046975669045383585,paolo-laptop,influx_dest
power_consumption,1705278269591000000,0.005410753998052943,paolo-laptop,influx_dest
power_consumption,1705278270593000000,0.011677716162249665,paolo-laptop,influx_dest
power_consumption,1705278271596000000,0.004802447115589713,paolo-laptop,influx_dest
power_consumption,1705278272598000000,0.0045166578571765965,paolo-laptop,influx_dest
power_consumption,1705278273601000000,0.005228704670743251,paolo-laptop,influx_dest
power_consumption,1705278274603000000,0.004378814510861294,paolo-laptop,influx_dest
power_consumption,1705278275606000000,0.005581966573391928,paolo-laptop,influx_dest
power_consumption,1705278276609000000,0.0054012325514165484,paolo-laptop,influx_dest
power_consumption,1705278277611000000,0.004586737681085549,paolo-laptop,influx_dest
power_consumption,1705278278613000000,0.005402322193251433,paolo-laptop,influx_dest
power_consumption,1705278279615000000,0.004754088734786223,paolo-laptop,influx_dest
power_consumption,1705278280617000000,0.010618951348895579,paolo-laptop,influx_dest
power_consumption,1705278281619000000,0.005567051872234361,paolo-laptop,influx_dest
power_consumption,1705278282626000000,0.005195486761260391,paolo-laptop,influx_dest
power_consumption,1705278283629000000,0.005159889069297947,paolo-laptop,influx_dest
power_consumption,1705278284631000000,0.005721092576296983,paolo-laptop,influx_dest
power_consumption,1705278285633000000,0.004715011360985597,paolo-laptop,influx_dest
power_consumption,1705278286635000000,0.004764142470882322,paolo-laptop,influx_dest
power_consumption,1705278289643000000,0.006449493907212744,paolo-laptop,influx_dest
power_consumption,1705278290646000000,0.012371617132748923,paolo-laptop,influx_dest
power_consumption,1705278293654000000,0.004966642935361786,paolo-laptop,influx_dest
power_consumption,1705278298666000000,0.004166803395564022,paolo-laptop,influx_dest
power_consumption,1705278301671000000,0.004462497719143597,paolo-laptop,influx_dest
power_consumption,1705278302673000000,0.004297539192516474,paolo-laptop,influx_dest
power_consumption,1705278303675000000,0.005090966573671959,paolo-laptop,influx_dest
power_consumption,1705278304676000000,0.004843273710473349,paolo-laptop,influx_dest
power_consumption,1705278305678000000,0.005018764545489989,paolo-laptop,influx_dest
power_consumption,1705278306681000000,0.005136297866891134,paolo-laptop,influx_dest
power_consumption,1705278307683000000,0.004859266394302126,paolo-laptop,influx_dest
power_consumption,1705278308686000000,0.004679304860768415,paolo-laptop,influx_dest
power_consumption,1705278309689000000,0.00627878962917923,paolo-laptop,influx_dest
power_consumption,1705278310690000000,0.012600396290607252,paolo-laptop,influx_dest
power_consumption,1705278311693000000,0.003862155058845258,paolo-laptop,influx_dest
power_consumption,1705278312694000000,0.005036644176104169,paolo-laptop,influx_dest
power_consumption,1705278313697000000,0.05224598697778286,paolo-laptop,influx_dest
power_consumption,1705278314699000000,0.004714430250806301,paolo-laptop,influx_dest
power_consumption,1705278315701000000,0.005135803072283775,paolo-laptop,influx_dest
power_consumption,1705278316704000000,0.0051939016434269965,paolo-laptop,influx_dest
power_consumption,1705278317706000000,0.004866748733532862,paolo-laptop,influx_dest
power_consumption,1705278318708000000,0.005233843731927159,paolo-laptop,influx_dest
power_consumption,1705278319710000000,0.006450820751709703,paolo-laptop,influx_dest
power_consumption,1705278320713000000,0.010843546088127803,paolo-laptop,influx_dest
power_consumption,1705278321716000000,0.004391543548079644,paolo-laptop,influx_dest
power_consumption,1705278328729000000,0.004154723152167398,paolo-laptop,influx_dest
power_consumption,1705278331735000000,0.004642946985855039,paolo-laptop,influx_dest
power_consumption,1705278333740000000,0.004299899118235577,paolo-laptop,influx_dest
power_consumption,1705278334743000000,0.004242253343798589,paolo-laptop,influx_dest
power_consumption,1705278339754000000,0.005654537315215664,paolo-laptop,influx_dest
power_consumption,1705278340756000000,0.013321204105958677,paolo-laptop,influx_dest
power_consumption,1705278341758000000,0.0051459330399588445,paolo-laptop,influx_dest
power_consumption,1705278342760000000,0.004783147181139194,paolo-laptop,influx_dest
power_consumption,1705278343763000000,0.004594452160269461,paolo-laptop,influx_dest
power_consumption,1705278344766000000,0.004847732220164748,paolo-laptop,influx_dest
power_consumption,1705278345768000000,0.0045956107108160345,paolo-laptop,influx_dest
power_consumption,1705278346770000000,0.004587327785200974,paolo-laptop,influx_dest
power_consumption,1705278347773000000,0.005351553742163522,paolo-laptop,influx_dest
power_consumption,1705278348775000000,0.004296084811761448,paolo-laptop,influx_dest
power_consumption,1705278353791000000,0.0029741839017435397,paolo-laptop,influx_dest
power_consumption,1705278354793000000,0.00507731048471249,paolo-laptop,influx_dest
power_consumption,1705278355794000000,0.0052625576217238046,paolo-laptop,influx_dest
power_consumption,1705278358801000000,0.0047003423396268845,paolo-laptop,influx_dest
power_consumption,1705278361808000000,0.0029121029265537246,paolo-laptop,influx_dest
power_consumption,1705278363814000000,0.004075950435517126,paolo-laptop,influx_dest
power_consumption,1705278366820000000,0.0046406683425031636,paolo-laptop,influx_dest
power_consumption,1705278367823000000,0.004115552795741842,paolo-laptop,influx_dest
power_consumption,1705278368825000000,0.005106252962488826,paolo-laptop,influx_dest
power_consumption,1705278369827000000,0.005966762895385227,paolo-laptop,influx_dest
power_consumption,1705278370829000000,0.010491967147982943,paolo-laptop,influx_dest
power_consumption,1705278371832000000,0.005556888962398113,paolo-laptop,influx_dest
power_consumption,1705278372834000000,0.005308301471428736,paolo-laptop,influx_dest
power_consumption,1705278373837000000,0.004525608673452541,paolo-laptop,influx_dest
power_consumption,1705278374839000000,0.004202940906930409,paolo-laptop,influx_dest
power_consumption,1705278375841000000,0.05392737696635349,paolo-laptop,influx_dest
power_consumption,1705278376844000000,0.005386884748810927,paolo-laptop,influx_dest
power_consumption,1705278377846000000,0.004576873477562835,paolo-laptop,influx_dest
power_consumption,1705278378852000000,0.005778210868671919,paolo-laptop,influx_dest
power_consumption,1705278379854000000,0.006180821838022853,paolo-laptop,influx_dest
power_consumption,1705278380856000000,0.01110497597332953,paolo-laptop,influx_dest
power_consumption,1705278381863000000,0.06603013848255074,paolo-laptop,influx_dest
power_consumption,1705278382865000000,0.005173118314846039,paolo-laptop,influx_dest
power_consumption,1705278383867000000,0.0042239641891549115,paolo-laptop,influx_dest
power_consumption,1705278384869000000,0.0048890874851129805,paolo-laptop,influx_dest
power_consumption,1705278385871000000,0.00505551342711816,paolo-laptop,influx_dest
power_consumption,1705278386873000000,0.005057180856103455,paolo-laptop,influx_dest
power_consumption,1705278387874000000,0.004845533408238635,paolo-laptop,influx_dest
power_consumption,1705278388876000000,0.005260929415965862,paolo-laptop,influx_dest
power_consumption,1705278389878000000,0.005838437218543487,paolo-laptop,influx_dest
power_consumption,1705278390880000000,0.012355437727131066,paolo-laptop,influx_dest
power_consumption,1705278391882000000,0.00455166584533634,paolo-laptop,influx_dest
power_consumption,1705278392885000000,0.004473128220507883,paolo-laptop,influx_dest
power_consumption,1705278393887000000,0.004929689041864162,paolo-laptop,influx_dest
power_consumption,1705278394889000000,0.005043202050572992,paolo-laptop,influx_dest
power_consumption,1705278395891000000,0.004455723832567659,paolo-laptop,influx_dest
power_consumption,1705278396893000000,0.004360467110185925,paolo-laptop,influx_dest
power_consumption,1705278397895000000,0.005108643262173507,paolo-laptop,influx_dest
power_consumption,1705278398898000000,0.005241917698741844,paolo-laptop,influx_dest
power_consumption,1705278399900000000,0.006089438208695651,paolo-laptop,influx_dest
power_consumption,1705278400905000000,0.012386706873158073,paolo-laptop,influx_dest
power_consumption,1705278401908000000,0.00509503637375982,paolo-laptop,influx_dest
power_consumption,1705278402910000000,0.005722035209771489,paolo-laptop,influx_dest
power_consumption,1705278413947000000,0.004888570570811518,paolo-laptop,influx_dest
power_consumption,1705278414950000000,0.003971045074058192,paolo-laptop,influx_dest
power_consumption,1705278416954000000,0.005069780529411676,paolo-laptop,influx_dest
power_consumption,1705278417956000000,0.004145379080025614,paolo-laptop,influx_dest
power_consumption,1705278418958000000,0.005286561504462704,paolo-laptop,influx_dest
power_consumption,1705278421962000000,0.005165023594487989,paolo-laptop,influx_dest
power_consumption,1705278422964000000,0.004327719807652226,paolo-laptop,influx_dest
power_consumption,1705278423967000000,0.005115802207062824,paolo-laptop,influx_dest
power_consumption,1705278424969000000,0.004706800464800001,paolo-laptop,influx_dest
power_consumption,1705278425971000000,0.004888448913562084,paolo-laptop,influx_dest
power_consumption,1705278426973000000,0.00537598375277709,paolo-laptop,influx_dest
power_consumption,1705278427975000000,0.004566013324854229,paolo-laptop,influx_dest
power_consumption,1705278428977000000,0.00495017249923785,paolo-laptop,influx_dest
power_consumption,1705278429979000000,0.005292369368286691,paolo-laptop,influx_dest
power_consumption,1705278430982000000,0.012375252738485852,paolo-laptop,influx_dest
power_consumption,1705278431984000000,0.004404647000186205,paolo-laptop,influx_dest
power_consumption,1705278432986000000,0.004836154392824996,paolo-laptop,influx_dest
power_consumption,1705278433989000000,0.005796575853006344,paolo-laptop,influx_dest
power_consumption,1705278434991000000,0.005666913132069218,paolo-laptop,influx_dest
power_consumption,1705278435993000000,0.005111697714728892,paolo-laptop,influx_dest
power_consumption,1705278436995000000,0.00438841734971855,paolo-laptop,influx_dest
power_consumption,1705278437998000000,0.06900713285549617,paolo-laptop,influx_dest
power_consumption,1705278439002000000,0.005232101149226339,paolo-laptop,influx_dest
power_consumption,1705278440004000000,0.006961888870516419,paolo-laptop,influx_dest
power_consumption,1705278441008000000,0.014412743129398291,paolo-laptop,influx_dest
power_consumption,1705278443011000000,0.006288369140129818,paolo-laptop,influx_dest
power_consumption,1705278448022000000,0.0073523347296673945,paolo-laptop,influx_dest
power_consumption,1705278452033000000,0.006097923290377452,paolo-laptop,influx_dest
power_consumption,1705278454037000000,0.004528266082426739,paolo-laptop,influx_dest
power_consumption,1705278468070000000,0.003798027354697908,paolo-laptop,influx_dest
power_consumption,1705278471076000000,0.004316142271920113,paolo-laptop,influx_dest
power_consumption,1705278473079000000,0.005981555227744445,paolo-laptop,influx_dest
power_consumption,1705278474081000000,0.0056509335406301296,paolo-laptop,influx_dest
power_consumption,1705278476085000000,0.005199281330465068,paolo-laptop,influx_dest
power_consumption,1705278477089000000,0.0052983116432419,paolo-laptop,influx_dest
power_consumption,1705278478092000000,0.004226766928890673,paolo-laptop,influx_dest
power_consumption,1705278479097000000,0.008513256361739276,paolo-laptop,influx_dest
power_consumption,1705278480107000000,0.01839719952919391,paolo-laptop,influx_dest
power_consumption,1705278482114000000,0.0058520314283628996,paolo-laptop,influx_dest
power_consumption,1705278484121000000,0.004646779230022522,paolo-laptop,influx_dest
power_consumption,1705278485124000000,0.005215281098390319,paolo-laptop,influx_dest
power_consumption,1705278486126000000,0.006221936653190041,paolo-laptop,influx_dest
power_consumption,1705278487131000000,0.0057883218497269216,paolo-laptop,influx_dest
power_consumption,1705278488134000000,0.005990065393667047,paolo-laptop,influx_dest
power_consumption,1705278489136000000,0.006529129338989113,paolo-laptop,influx_dest
power_consumption,1705278491139000000,0.006548445538410121,paolo-laptop,influx_dest
power_consumption,1705278492141000000,0.005865017253285266,paolo-laptop,influx_dest
power_consumption,1705278493142000000,0.004790170964793411,paolo-laptop,influx_dest
power_consumption,1705278494146000000,0.005600258066934371,paolo-laptop,influx_dest
power_consumption,1705278495148000000,0.005386786075978062,paolo-laptop,influx_dest
power_consumption,1705278496152000000,0.005631649320436634,paolo-laptop,influx_dest
power_consumption,1705278497157000000,0.005684064271371413,paolo-laptop,influx_dest
power_consumption,1705278498162000000,0.005844365036534726,paolo-laptop,influx_dest
power_consumption,1705278499165000000,0.005505036930603597,paolo-laptop,influx_dest
power_consumption,1705278500170000000,0.12489908963144247,paolo-laptop,influx_dest
power_consumption,1705278501172000000,0.006156570334679534,paolo-laptop,influx_dest
power_consumption,1705278502174000000,0.0064595707262776695,paolo-laptop,influx_dest
power_consumption,1705278503179000000,0.005724856481733975,paolo-laptop,influx_dest
power_consumption,1705278504181000000,0.005176042285513176,paolo-laptop,influx_dest
power_consumption,1705278505183000000,0.0065999763941731095,paolo-laptop,influx_dest
power_consumption,1705278506185000000,0.005506010552277946,paolo-laptop,influx_dest
power_consumption,1705278507188000000,0.006377864183080033,paolo-laptop,influx_dest
power_consumption,1705278508190000000,0.006466138679664576,paolo-laptop,influx_dest
power_consumption,1705278510197000000,0.015515479928630926,paolo-laptop,influx_dest
power_consumption,1705278514206000000,0.0029218800255369133,paolo-laptop,influx_dest
power_consumption,1705278515208000000,0.0062437127994362795,paolo-laptop,influx_dest
power_consumption,1705278516209000000,0.003910320592977591,paolo-laptop,influx_dest
power_consumption,1705278517212000000,0.005435568888088885,paolo-laptop,influx_dest
power_consumption,1705278519220000000,0.0029878766447912486,paolo-laptop,influx_dest
power_consumption,1705278520223000000,0.013375974876104629,paolo-laptop,influx_dest
power_consumption,1705278521225000000,0.005460020997644716,paolo-laptop,influx_dest
power_consumption,1705278522227000000,0.005433129328663055,paolo-laptop,influx_dest
power_consumption,1705278523230000000,0.004092770683961293,paolo-laptop,influx_dest
power_consumption,1705278524234000000,0.008287390508776336,paolo-laptop,influx_dest
power_consumption,1705278526238000000,0.006012975838356144,paolo-laptop,influx_dest
power_consumption,1705278527242000000,0.009406761348984265,paolo-laptop,influx_dest
power_consumption,1705278529245000000,0.005550816970269644,paolo-laptop,influx_dest
power_consumption,1705278531248000000,0.005925045565490593,paolo-laptop,influx_dest
power_consumption,1705278532250000000,0.006220504451800286,paolo-laptop,influx_dest
power_consumption,1705278533252000000,0.00556604207034911,paolo-laptop,influx_dest
power_consumption,1705278534254000000,0.00663013620388975,paolo-laptop,influx_dest
power_consumption,1705278535255000000,0.0027498247035533923,paolo-laptop,influx_dest
power_consumption,1705278536257000000,0.005335665293242767,paolo-laptop,influx_dest
power_consumption,1705278537258000000,0.006504293367720824,paolo-laptop,influx_dest
power_consumption,1705278539262000000,0.0052424126095633496,paolo-laptop,influx_dest
power_consumption,1705278540264000000,0.011303467842000559,paolo-laptop,influx_dest
power_consumption,1705278542272000000,0.0067599904586630784,paolo-laptop,influx_dest
power_consumption,1705278544276000000,0.006057709643942144,paolo-laptop,influx_dest
power_consumption,1705278545279000000,0.007065247171624709,paolo-laptop,influx_dest
power_consumption,1705278546284000000,0.0027118453583631673,paolo-laptop,influx_dest
power_consumption,1705278547289000000,0.00563259658608686,paolo-laptop,influx_dest
power_consumption,1705278548292000000,0.004690154197988464,paolo-laptop,influx_dest
power_consumption,1705278549293000000,0.008279205510395016,paolo-laptop,influx_dest
power_consumption,1705278550296000000,0.00950055121610189,paolo-laptop,influx_dest
power_consumption,1705278551297000000,0.0045973096495741115,paolo-laptop,influx_dest
power_consumption,1705278552299000000,0.005055002845379642,paolo-laptop,influx_dest
power_consumption,1705278553304000000,0.007272800747509104,paolo-laptop,influx_dest
power_consumption,1705278554310000000,0.0025278461208650483,paolo-laptop,influx_dest
power_consumption,1705278555312000000,0.006632914167276557,paolo-laptop,influx_dest
power_consumption,1705278556314000000,0.004549840364348067,paolo-laptop,influx_dest
power_consumption,1705278557317000000,0.008546308131953811,paolo-laptop,influx_dest
power_consumption,1705278558322000000,0.006525968009085748,paolo-laptop,influx_dest
power_consumption,1705278559324000000,0.006632682654704311,paolo-laptop,influx_dest
power_consumption,1705278560329000000,0.010002145220766943,paolo-laptop,influx_dest
power_consumption,1705278561331000000,0.0028172170217043453,paolo-laptop,influx_dest
power_consumption,1705278562335000000,0.007711098014206249,paolo-laptop,influx_dest
power_consumption,1705278565341000000,0.054757923507895545,paolo-laptop,influx_dest
power_consumption,1705278566343000000,0.006666387400511236,paolo-laptop,influx_dest
power_consumption,1705278567345000000,0.005864512545293993,paolo-laptop,influx_dest
power_consumption,1705278568347000000,0.005748277021432517,paolo-laptop,influx_dest
power_consumption,1705278569350000000,0.003383693008294938,paolo-laptop,influx_dest
power_consumption,1705278571359000000,0.007051204917246478,paolo-laptop,influx_dest
power_consumption,1705278573362000000,0.005439756697658172,paolo-laptop,influx_dest
power_consumption,1705278574366000000,0.005326348545592134,paolo-laptop,influx_dest
power_consumption,1705278575368000000,0.004520888137273195,paolo-laptop,influx_dest
power_consumption,1705278576370000000,0.00602590943122679,paolo-laptop,influx_dest
power_consumption,1705278577372000000,0.005772734665049696,paolo-laptop,influx_dest
power_consumption,1705278578374000000,0.006319750940005416,paolo-laptop,influx_dest
power_consumption,1705278579376000000,0.006221692229491475,paolo-laptop,influx_dest
power_consumption,1705278580379000000,0.01296796654086443,paolo-laptop,influx_dest
power_consumption,1705278581383000000,0.006403248606483515,paolo-laptop,influx_dest
power_consumption,1705278582385000000,0.006740053586644105,paolo-laptop,influx_dest
power_consumption,1705278583390000000,0.005954258032961573,paolo-laptop,influx_dest
power_consumption,1705278584392000000,0.00670538890600271,paolo-laptop,influx_dest
power_consumption,1705278585396000000,0.006907209308398922,paolo-laptop,influx_dest
power_consumption,1705278586401000000,0.006137548113530254,paolo-laptop,influx_dest
power_consumption,1705278587403000000,0.007408922088027469,paolo-laptop,influx_dest
power_consumption,1705278588409000000,0.008090770732599714,paolo-laptop,influx_dest
power_consumption,1705278589411000000,0.008857095903207036,paolo-laptop,influx_dest
power_consumption,1705278590413000000,0.014752264806857714,paolo-laptop,influx_dest
power_consumption,1705278591415000000,0.005739177365003397,paolo-laptop,influx_dest
power_consumption,1705278592418000000,0.005810058944534729,paolo-laptop,influx_dest
power_consumption,1705278593421000000,0.006103001449728904,paolo-laptop,influx_dest
power_consumption,1705278594424000000,0.00508378444187671,paolo-laptop,influx_dest
power_consumption,1705278595426000000,0.0055209622853721625,paolo-laptop,influx_dest
power_consumption,1705278596431000000,0.004220642500974429,paolo-laptop,influx_dest
power_consumption,1705278597433000000,0.005853297794648143,paolo-laptop,influx_dest
power_consumption,1705278598435000000,0.0055396862143650425,paolo-laptop,influx_dest
power_consumption,1705278599438000000,0.006721267462613763,paolo-laptop,influx_dest
power_consumption,1705278600439000000,0.013966716005676276,paolo-laptop,influx_dest
power_consumption,1705278602443000000,0.006473013565726236,paolo-laptop,influx_dest
power_consumption,1705278603444000000,0.005695417542001972,paolo-laptop,influx_dest
power_consumption,1705278604446000000,0.006405799272907912,paolo-laptop,influx_dest
power_consumption,1705278605448000000,0.0066287427164598706,paolo-laptop,influx_dest
power_consumption,1705278607453000000,0.006863783943199433,paolo-laptop,influx_dest
power_consumption,1705278608455000000,0.004881189296851345,paolo-laptop,influx_dest
power_consumption,1705278609457000000,0.006979744043845025,paolo-laptop,influx_dest
power_consumption,1705278610458000000,0.011267230450328855,paolo-laptop,influx_dest
power_consumption,1705278611460000000,0.006096992952884276,paolo-laptop,influx_dest
power_consumption,1705278612462000000,0.005702269454321847,paolo-laptop,influx_dest
power_consumption,1705278613463000000,0.0028583913402723685,paolo-laptop,influx_dest
power_consumption,1705278614465000000,0.006781951590007097,paolo-laptop,influx_dest
power_consumption,1705278615467000000,0.005198942713286039,paolo-laptop,influx_dest
power_consumption,1705278616469000000,0.0068803511792979504,paolo-laptop,influx_dest
power_consumption,1705278617471000000,0.005893769155658181,paolo-laptop,influx_dest
power_consumption,1705278619474000000,0.006943182285591579,paolo-laptop,influx_dest
power_consumption,1705278620481000000,0.013023453783633013,paolo-laptop,influx_dest
power_consumption,1705278621483000000,0.005187831438249014,paolo-laptop,influx_dest
power_consumption,1705278622484000000,0.003294108837464207,paolo-laptop,influx_dest
power_consumption,1705278623487000000,0.004275605415826391,paolo-laptop,influx_dest
power_consumption,1705278624489000000,0.003558788109241721,paolo-laptop,influx_dest
power_consumption,1705278625492000000,0.00627445551284742,paolo-laptop,influx_dest
power_consumption,1705278626494000000,0.005542509798556181,paolo-laptop,influx_dest
power_consumption,1705278627496000000,0.005821256273251566,paolo-laptop,influx_dest
power_consumption,1705278628499000000,0.005240449012091495,paolo-laptop,influx_dest
power_consumption,1705278629501000000,0.05024978658406025,paolo-laptop,influx_dest
power_consumption,1705278630507000000,0.012762696796622477,paolo-laptop,influx_dest
power_consumption,1705278633526000000,0.004350418210511952,paolo-laptop,influx_dest
power_consumption,1705278636545000000,0.006343395408157368,paolo-laptop,influx_dest
power_consumption,1705278639552000000,0.007700319195763794,paolo-laptop,influx_dest
power_consumption,1705278640554000000,0.01661122286378116,paolo-laptop,influx_dest
power_consumption,1705278641559000000,0.006350043873360138,paolo-laptop,influx_dest
power_consumption,1705278642563000000,0.006819185911157229,paolo-laptop,influx_dest
power_consumption,1705278645574000000,0.004530565563613628,paolo-laptop,influx_dest
power_consumption,1705278646578000000,0.00439412718896066,paolo-laptop,influx_dest
power_consumption,1705278649588000000,0.007018578315224293,paolo-laptop,influx_dest
power_consumption,1705278650589000000,0.011939427375277225,paolo-laptop,influx_dest
power_consumption,1705278651590000000,0.008849293309738559,paolo-laptop,influx_dest
power_consumption,1705278652594000000,0.007287491502449436,paolo-laptop,influx_dest
power_consumption,1705278653598000000,0.0027061688755874243,paolo-laptop,influx_dest
power_consumption,1705278654600000000,0.0035967641772532135,paolo-laptop,influx_dest
power_consumption,1705278655604000000,0.004755821104029427,paolo-laptop,influx_dest
power_consumption,1705278659617000000,0.005066259814220797,paolo-laptop,influx_dest
power_consumption,1705278662624000000,0.0063685407278154015,paolo-laptop,influx_dest
power_consumption,1705278663628000000,0.004657424524368102,paolo-laptop,influx_dest
power_consumption,1705278664631000000,0.0069755666307324705,paolo-laptop,influx_dest
power_consumption,1705278666640000000,0.0033810049464426607,paolo-laptop,influx_dest
power_consumption,1705278668645000000,0.0041392529949513404,paolo-laptop,influx_dest
power_consumption,1705278669647000000,0.007838091896125186,paolo-laptop,influx_dest
power_consumption,1705278670649000000,0.014669187103473778,paolo-laptop,influx_dest
power_consumption,1705278671650000000,0.007185540932287844,paolo-laptop,influx_dest
power_consumption,1705278672652000000,0.0060873596605486874,paolo-laptop,influx_dest
power_consumption,1705278674659000000,0.0025859610050422725,paolo-laptop,influx_dest
power_consumption,1705278675663000000,0.007780530235250007,paolo-laptop,influx_dest
power_consumption,1705278676665000000,0.005234564656057601,paolo-laptop,influx_dest
power_consumption,1705278677667000000,0.005705545984925837,paolo-laptop,influx_dest
power_consumption,1705278678669000000,0.006177478384081626,paolo-laptop,influx_dest
power_consumption,1705278679671000000,0.007154581852863679,paolo-laptop,influx_dest
power_consumption,1705278680673000000,0.012762221608253806,paolo-laptop,influx_dest
power_consumption,1705278681675000000,0.005615377441445791,paolo-laptop,influx_dest
power_consumption,1705278682677000000,0.004634904713838544,paolo-laptop,influx_dest
power_consumption,1705278683679000000,0.006064032918197262,paolo-laptop,influx_dest
power_consumption,1705278684681000000,0.004440775973733692,paolo-laptop,influx_dest
power_consumption,1705278685684000000,0.005836477312417952,paolo-laptop,influx_dest
power_consumption,1705278686686000000,0.005307220773920297,paolo-laptop,influx_dest
power_consumption,1705278687689000000,0.006782336265860167,paolo-laptop,influx_dest
power_consumption,1705278688690000000,0.008463370396017545,paolo-laptop,influx_dest
power_consumption,1705278689692000000,0.007309621844337513,paolo-laptop,influx_dest
power_consumption,1705278690694000000,0.009583526836735384,paolo-laptop,influx_dest
power_consumption,1705278691696000000,0.07716507789880314,paolo-laptop,influx_dest
power_consumption,1705278692698000000,0.004549008250172706,paolo-laptop,influx_dest
power_consumption,1705278693701000000,0.006790332542303067,paolo-laptop,influx_dest
power_consumption,1705278694705000000,0.005637977670724577,paolo-laptop,influx_dest
power_consumption,1705278695709000000,0.008489496012222332,paolo-laptop,influx_dest
power_consumption,1705278696711000000,0.007332191398328679,paolo-laptop,influx_dest
power_consumption,1705278697713000000,0.0038780054316445156,paolo-laptop,influx_dest
power_consumption,1705278698715000000,0.006532460342733991,paolo-laptop,influx_dest
power_consumption,1705278699719000000,0.0042259385989392665,paolo-laptop,influx_dest
power_consumption,1705278700721000000,0.014822256945308927,paolo-laptop,influx_dest
power_consumption,1705278701722000000,0.005246946159939436,paolo-laptop,influx_dest
power_consumption,1705278702725000000,0.007106337150738872,paolo-laptop,influx_dest
power_consumption,1705278703730000000,0.00641945652795954,paolo-laptop,influx_dest
power_consumption,1705278704736000000,0.007495583323777131,paolo-laptop,influx_dest
power_consumption,1705278705738000000,0.005515644049534524,paolo-laptop,influx_dest
power_consumption,1705278706742000000,0.006523164185532485,paolo-laptop,influx_dest
power_consumption,1705278707746000000,0.009514969477562016,paolo-laptop,influx_dest
power_consumption,1705278708748000000,0.004665531900611452,paolo-laptop,influx_dest
power_consumption,1705278709750000000,0.008483711985479583,paolo-laptop,influx_dest
power_consumption,1705278710752000000,0.013277451031508524,paolo-laptop,influx_dest
power_consumption,1705278711757000000,0.005733557015756866,paolo-laptop,influx_dest
power_consumption,1705278712761000000,0.004210310189482348,paolo-laptop,influx_dest
power_consumption,1705278713762000000,0.003735336582784019,paolo-laptop,influx_dest
power_consumption,1705278714764000000,0.004926792083341074,paolo-laptop,influx_dest
power_consumption,1705278715766000000,0.004471512560731309,paolo-laptop,influx_dest
power_consumption,1705278716767000000,0.004593268778470318,paolo-laptop,influx_dest
power_consumption,1705278717771000000,0.00506957416544516,paolo-laptop,influx_dest
power_consumption,1705278718775000000,0.006345252293840481,paolo-laptop,influx_dest
power_consumption,1705278719778000000,0.006902024813414296,paolo-laptop,influx_dest
power_consumption,1705278721784000000,0.00660982917433707,paolo-laptop,influx_dest
power_consumption,1705278723787000000,0.00769610372641146,paolo-laptop,influx_dest
power_consumption,1705278724789000000,0.0041255999530036966,paolo-laptop,influx_dest
power_consumption,1705278725793000000,0.009213993298741372,paolo-laptop,influx_dest
power_consumption,1705278727797000000,0.0025055509720535063,paolo-laptop,influx_dest
power_consumption,1705278729802000000,0.010410326462764567,paolo-laptop,influx_dest
power_consumption,1705278730806000000,0.019801386283843626,paolo-laptop,influx_dest
power_consumption,1705278731811000000,0.00853085589756766,paolo-laptop,influx_dest
power_consumption,1705278732815000000,0.014513724977965665,paolo-laptop,influx_dest
power_consumption,1705278735827000000,0.011823969657101589,paolo-laptop,influx_dest
power_consumption,1705278736830000000,0.008014057658106564,paolo-laptop,influx_dest
power_consumption,1705278737832000000,0.005848370709117258,paolo-laptop,influx_dest
power_consumption,1705278738833000000,0.007028646875985872,paolo-laptop,influx_dest
power_consumption,1705278739836000000,0.01013565546431389,paolo-laptop,influx_dest
power_consumption,1705278740840000000,0.014090339721552273,paolo-laptop,influx_dest
power_consumption,1705278741844000000,0.007609278260186523,paolo-laptop,influx_dest
power_consumption,1705278744855000000,0.0056951477138850164,paolo-laptop,influx_dest
power_consumption,1705278745857000000,0.0034084152084186328,paolo-laptop,influx_dest
power_consumption,1705278746858000000,0.0058162794518755775,paolo-laptop,influx_dest
power_consumption,1705278747860000000,0.0048515384132030185,paolo-laptop,influx_dest
power_consumption,1705278748861000000,0.006470860134852163,paolo-laptop,influx_dest
power_consumption,1705278749863000000,0.005982606741664154,paolo-laptop,influx_dest
power_consumption,1705278750865000000,0.014593903312861268,paolo-laptop,influx_dest
power_consumption,1705278751868000000,0.007109989806060964,paolo-laptop,influx_dest
power_consumption,1705278752870000000,0.005863244507035211,paolo-laptop,influx_dest
power_consumption,1705278753872000000,0.008673732342247765,paolo-laptop,influx_dest
power_consumption,1705278754873000000,0.013106281600581967,paolo-laptop,influx_dest
power_consumption,1705278755875000000,0.005170908506355882,paolo-laptop,influx_dest
power_consumption,1705278756878000000,0.01564161940726748,paolo-laptop,influx_dest
power_consumption,1705278757884000000,0.003286278321541864,paolo-laptop,influx_dest
power_consumption,1705278758890000000,0.005525950090216172,paolo-laptop,influx_dest
power_consumption,1705278759895000000,0.009316756067206946,paolo-laptop,influx_dest
power_consumption,1705278760897000000,0.08085287311457844,paolo-laptop,influx_dest
power_consumption,1705278761899000000,0.005565588844639456,paolo-laptop,influx_dest
power_consumption,1705278762902000000,0.003200926117671113,paolo-laptop,influx_dest
power_consumption,1705278763905000000,0.005318948634013313,paolo-laptop,influx_dest
power_consumption,1705278764907000000,0.005445678742255298,paolo-laptop,influx_dest
power_consumption,1705278765908000000,0.006183952615772257,paolo-laptop,influx_dest
power_consumption,1705278766914000000,0.0033906328938439834,paolo-laptop,influx_dest
power_consumption,1705278768922000000,0.0037198283566506245,paolo-laptop,influx_dest
power_consumption,1705278770928000000,0.009057281090113209,paolo-laptop,influx_dest
power_consumption,1705278772934000000,0.003085859045254315,paolo-laptop,influx_dest
power_consumption,1705278773938000000,0.008888822204766767,paolo-laptop,influx_dest
power_consumption,1705278774942000000,0.0057536888581773546,paolo-laptop,influx_dest
power_consumption,1705278775943000000,0.016203411005378785,paolo-laptop,influx_dest
power_consumption,1705278776947000000,0.011583779898226091,paolo-laptop,influx_dest
power_consumption,1705278777951000000,0.009782909745469425,paolo-laptop,influx_dest
power_consumption,1705278778953000000,0.0064717438032741575,paolo-laptop,influx_dest
power_consumption,1705278779957000000,0.0034559786804087304,paolo-laptop,influx_dest
power_consumption,1705278780963000000,0.02772764243202678,paolo-laptop,influx_dest
power_consumption,1705278781965000000,0.0032118608447217673,paolo-laptop,influx_dest
power_consumption,1705278782969000000,0.0057844907026295845,paolo-laptop,influx_dest
power_consumption,1705278783973000000,0.005607449075332659,paolo-laptop,influx_dest
power_consumption,1705278784975000000,0.008480942513888843,paolo-laptop,influx_dest
power_consumption,1705278786986000000,0.005405161275626218,paolo-laptop,influx_dest
power_consumption,1705278787988000000,0.006442584836908861,paolo-laptop,influx_dest
power_consumption,1705278788990000000,0.006422882993264144,paolo-laptop,influx_dest
power_consumption,1705278790997000000,0.01074361362857158,paolo-laptop,influx_dest
power_consumption,1705278791999000000,0.0065554745592533,paolo-laptop,influx_dest
power_consumption,1705278793005000000,0.00691196323292137,paolo-laptop,influx_dest
power_consumption,1705278794008000000,0.006321513482775265,paolo-laptop,influx_dest
power_consumption,1705278795009000000,0.007378169007264089,paolo-laptop,influx_dest
power_consumption,1705278796013000000,0.002808938917749537,paolo-laptop,influx_dest
power_consumption,1705278797015000000,0.002656416173611792,paolo-laptop,influx_dest
power_consumption,1705278798018000000,0.007086867312028034,paolo-laptop,influx_dest
power_consumption,1705278799020000000,0.002965975673921476,paolo-laptop,influx_dest
power_consumption,1705278800022000000,0.012769044098313531,paolo-laptop,influx_dest
power_consumption,1705278801025000000,0.0073157503649459435,paolo-laptop,influx_dest
power_consumption,1705278802027000000,0.007328391750326485,paolo-laptop,influx_dest
power_consumption,1705278803029000000,0.0063404685728200485,paolo-laptop,influx_dest
power_consumption,1705278804032000000,0.005542165796222959,paolo-laptop,influx_dest
power_consumption,1705278805034000000,0.006257163016467561,paolo-laptop,influx_dest
power_consumption,1705278806036000000,0.0066609202435692905,paolo-laptop,influx_dest
power_consumption,1705278807038000000,0.008106275826526997,paolo-laptop,influx_dest
power_consumption,1705278808039000000,0.0037854514984342912,paolo-laptop,influx_dest
power_consumption,1705278809042000000,0.0071737900595631515,paolo-laptop,influx_dest
power_consumption,1705278810043000000,0.017739418958701098,paolo-laptop,influx_dest
power_consumption,1705278811045000000,0.0070993179152617596,paolo-laptop,influx_dest
power_consumption,1705278812046000000,0.007278894599584117,paolo-laptop,influx_dest
power_consumption,1705278813048000000,0.006735469443942165,paolo-laptop,influx_dest
power_consumption,1705278814050000000,0.007295562159629159,paolo-laptop,influx_dest
power_consumption,1705278815052000000,0.0072384768915359395,paolo-laptop,influx_dest
power_consumption,1705278816054000000,0.005518924449617787,paolo-laptop,influx_dest
power_consumption,1705278817057000000,0.005320516276167184,paolo-laptop,influx_dest
power_consumption,1705278818059000000,0.00910721968879856,paolo-laptop,influx_dest
power_consumption,1705278819061000000,0.0038557580436712415,paolo-laptop,influx_dest
power_consumption,1705278820062000000,0.020555723017241255,paolo-laptop,influx_dest
power_consumption,1705278821064000000,0.004230854382714463,paolo-laptop,influx_dest
power_consumption,1705278822066000000,0.005581104799819032,paolo-laptop,influx_dest
power_consumption,1705278823071000000,0.008312587095473726,paolo-laptop,influx_dest
power_consumption,1705278824073000000,0.00713825365429431,paolo-laptop,influx_dest
power_consumption,1705278825074000000,0.006780066680210652,paolo-laptop,influx_dest
power_consumption,1705278826076000000,0.005520251994412649,paolo-laptop,influx_dest
power_consumption,1705278827078000000,0.008511478513415546,paolo-laptop,influx_dest
power_consumption,1705278828081000000,0.009062542705877334,paolo-laptop,influx_dest
power_consumption,1705278829083000000,0.007579940249354729,paolo-laptop,influx_dest
power_consumption,1705278830085000000,0.10746906262739234,paolo-laptop,influx_dest
power_consumption,1705278831089000000,0.005922281241648173,paolo-laptop,influx_dest
power_consumption,1705278832092000000,0.0045913167981847455,paolo-laptop,influx_dest
power_consumption,1705278833093000000,0.0065028276845378995,paolo-laptop,influx_dest
power_consumption,1705278834099000000,0.004531232116096291,paolo-laptop,influx_dest
power_consumption,1705278835103000000,0.006202869961728096,paolo-laptop,influx_dest
power_consumption,1705278836105000000,0.007277559026945057,paolo-laptop,influx_dest
power_consumption,1705278837107000000,0.007886389008101877,paolo-laptop,influx_dest
power_consumption,1705278838109000000,0.010209282363891707,paolo-laptop,influx_dest
power_consumption,1705278839111000000,0.004962787789433851,paolo-laptop,influx_dest
power_consumption,1705278840114000000,0.015378353928003874,paolo-laptop,influx_dest
power_consumption,1705278841119000000,0.0067605755302961555,paolo-laptop,influx_dest
power_consumption,1705278842122000000,0.007944616199661678,paolo-laptop,influx_dest
power_consumption,1705278843124000000,0.005346344895649812,paolo-laptop,influx_dest
power_consumption,1705278844133000000,0.004910908862281304,paolo-laptop,influx_dest
power_consumption,1705278845141000000,0.012584750501314326,paolo-laptop,influx_dest
power_consumption,1705278846146000000,0.00502914585092099,paolo-laptop,influx_dest
power_consumption,1705278847147000000,0.007510728228070012,paolo-laptop,influx_dest
power_consumption,1705278848149000000,0.006358195758423104,paolo-laptop,influx_dest
power_consumption,1705278849150000000,0.007273680607312002,paolo-laptop,influx_dest
power_consumption,1705278850153000000,0.010567372595987959,paolo-laptop,influx_dest
power_consumption,1705278851157000000,0.015729857986798088,paolo-laptop,influx_dest
power_consumption,1705278852158000000,0.006451425425979498,paolo-laptop,influx_dest
power_consumption,1705278853160000000,0.006103153075862089,paolo-laptop,influx_dest
power_consumption,1705278854162000000,0.005696727815769907,paolo-laptop,influx_dest
power_consumption,1705278855166000000,0.004815287168439203,paolo-laptop,influx_dest
power_consumption,1705278857174000000,0.0055750688249166895,paolo-laptop,influx_dest
power_consumption,1705278858176000000,0.004117292350301759,paolo-laptop,influx_dest
power_consumption,1705278859178000000,0.006781015796140156,paolo-laptop,influx_dest
power_consumption,1705278860179000000,0.01491970701289234,paolo-laptop,influx_dest
power_consumption,1705278861180000000,0.005263476589314036,paolo-laptop,influx_dest
power_consumption,1705278862184000000,0.0037010493295128485,paolo-laptop,influx_dest
power_consumption,1705278864189000000,0.005812868506007985,paolo-laptop,influx_dest
power_consumption,1705278865193000000,0.008382831182541819,paolo-laptop,influx_dest
power_consumption,1705278866198000000,0.007875812230300535,paolo-laptop,influx_dest
power_consumption,1705278867200000000,0.010055961330039916,paolo-laptop,influx_dest
power_consumption,1705278868202000000,0.009072289996061975,paolo-laptop,influx_dest
power_consumption,1705278869204000000,0.007490560418438442,paolo-laptop,influx_dest
power_consumption,1705278870206000000,0.017756749391932364,paolo-laptop,influx_dest
power_consumption,1705278871208000000,0.00702250207411235,paolo-laptop,influx_dest
power_consumption,1705278872209000000,0.007272033168255854,paolo-laptop,influx_dest
power_consumption,1705278873211000000,0.008151491289367613,paolo-laptop,influx_dest
power_consumption,1705278874216000000,0.003115223959606188,paolo-laptop,influx_dest
power_consumption,1705278875219000000,0.005848311957115611,paolo-laptop,influx_dest
power_consumption,1705278876224000000,0.003370282199558008,paolo-laptop,influx_dest
power_consumption,1705278878230000000,0.0033528483029032566,paolo-laptop,influx_dest
power_consumption,1705278879232000000,0.003398291445967652,paolo-laptop,influx_dest
power_consumption,1705278880237000000,0.01125535661460605,paolo-laptop,influx_dest
power_consumption,1705278881240000000,0.003304885130432019,paolo-laptop,influx_dest
power_consumption,1705278882242000000,0.008472153223710505,paolo-laptop,influx_dest
power_consumption,1705278883244000000,0.006981555225652993,paolo-laptop,influx_dest
power_consumption,1705278884249000000,0.0042314756340825314,paolo-laptop,influx_dest
power_consumption,1705278885251000000,0.006274002076032543,paolo-laptop,influx_dest
power_consumption,1705278886253000000,0.07115687188285873,paolo-laptop,influx_dest
power_consumption,1705278887255000000,0.003294633010601745,paolo-laptop,influx_dest
power_consumption,1705278888256000000,0.005649018409621642,paolo-laptop,influx_dest
power_consumption,1705278889258000000,0.010176037273847353,paolo-laptop,influx_dest
power_consumption,1705278890262000000,0.011205519047541673,paolo-laptop,influx_dest
power_consumption,1705278891266000000,0.003286719660476771,paolo-laptop,influx_dest
power_consumption,1705278892268000000,0.007611562353408754,paolo-laptop,influx_dest
power_consumption,1705278893271000000,0.006908228595102549,paolo-laptop,influx_dest
power_consumption,1705278894273000000,0.003319090887886705,paolo-laptop,influx_dest
power_consumption,1705278895274000000,0.008311106753063572,paolo-laptop,influx_dest
power_consumption,1705278896276000000,0.00467694999500874,paolo-laptop,influx_dest
power_consumption,1705278897278000000,0.009207983132894861,paolo-laptop,influx_dest
power_consumption,1705278898279000000,0.0026316851578791316,paolo-laptop,influx_dest
power_consumption,1705278899281000000,0.006847617784903414,paolo-laptop,influx_dest
power_consumption,1705278900282000000,0.009631189593719523,paolo-laptop,influx_dest
power_consumption,1705278901284000000,0.006034175575475249,paolo-laptop,influx_dest
power_consumption,1705278902286000000,0.00304459606393258,paolo-laptop,influx_dest
power_consumption,1705278903288000000,0.0054157873130901545,paolo-laptop,influx_dest
power_consumption,1705278904289000000,0.0068905563778736065,paolo-laptop,influx_dest
power_consumption,1705278905291000000,0.006364389235656819,paolo-laptop,influx_dest
power_consumption,1705278906295000000,0.003479797258088977,paolo-laptop,influx_dest
power_consumption,1705278907299000000,0.006097910993807033,paolo-laptop,influx_dest
power_consumption,1705278908301000000,0.007605053084633447,paolo-laptop,influx_dest
power_consumption,1705278909307000000,0.004325277381755296,paolo-laptop,influx_dest
power_consumption,1705278910310000000,0.01639310109308033,paolo-laptop,influx_dest
power_consumption,1705278911312000000,0.0035396179703455657,paolo-laptop,influx_dest
power_consumption,1705278912317000000,0.00873207374687313,paolo-laptop,influx_dest
power_consumption,1705278913319000000,0.005827835721729103,paolo-laptop,influx_dest
power_consumption,1705278914323000000,0.0036057228718491922,paolo-laptop,influx_dest
power_consumption,1705278915327000000,0.00823543069787972,paolo-laptop,influx_dest
power_consumption,1705278916329000000,0.008549781407890686,paolo-laptop,influx_dest
power_consumption,1705278917331000000,0.005269440387598036,paolo-laptop,influx_dest
power_consumption,1705278918335000000,0.003946215211418026,paolo-laptop,influx_dest
power_consumption,1705278919336000000,0.004121808236881058,paolo-laptop,influx_dest
power_consumption,1705278920338000000,0.012917942658377715,paolo-laptop,influx_dest
power_consumption,1705278921342000000,0.0026251967194630154,paolo-laptop,influx_dest
power_consumption,1705278922344000000,0.008010966555062973,paolo-laptop,influx_dest
power_consumption,1705278923346000000,0.005710788849626031,paolo-laptop,influx_dest
power_consumption,1705278924348000000,0.0058688597288206815,paolo-laptop,influx_dest
power_consumption,1705278925351000000,0.007989387596325961,paolo-laptop,influx_dest
power_consumption,1705278926353000000,0.007083959039775663,paolo-laptop,influx_dest
power_consumption,1705278927357000000,0.0054101000233065695,paolo-laptop,influx_dest
power_consumption,1705278928358000000,0.0069060511543914856,paolo-laptop,influx_dest
power_consumption,1705278929362000000,0.003388051823013352,paolo-laptop,influx_dest
power_consumption,1705278930366000000,0.015978403678126214,paolo-laptop,influx_dest
power_consumption,1705278931368000000,0.0063267071705576305,paolo-laptop,influx_dest
power_consumption,1705278932371000000,0.006094269994972552,paolo-laptop,influx_dest
power_consumption,1705278933375000000,0.003942409892723757,paolo-laptop,influx_dest
power_consumption,1705278934377000000,0.0035666997429636225,paolo-laptop,influx_dest
power_consumption,1705278935381000000,0.002815139087890965,paolo-laptop,influx_dest
power_consumption,1705278936385000000,0.005648696521465971,paolo-laptop,influx_dest
power_consumption,1705278938393000000,0.009639642791642318,paolo-laptop,influx_dest
power_consumption,1705278939395000000,0.003977791492112237,paolo-laptop,influx_dest
power_consumption,1705278940399000000,0.012410717232773413,paolo-laptop,influx_dest
power_consumption,1705278943409000000,0.006258944621825111,paolo-laptop,influx_dest
power_consumption,1705278944414000000,0.010682484815929703,paolo-laptop,influx_dest
power_consumption,1705278946426000000,0.006729703498790177,paolo-laptop,influx_dest
power_consumption,1705278947430000000,0.0048053525177359,paolo-laptop,influx_dest
power_consumption,1705278948434000000,0.005656303358197312,paolo-laptop,influx_dest
power_consumption,1705278949437000000,0.007485388347187493,paolo-laptop,influx_dest
power_consumption,1705278950438000000,0.015043777864703945,paolo-laptop,influx_dest
power_consumption,1705278951440000000,0.005555334061294473,paolo-laptop,influx_dest
power_consumption,1705278952442000000,0.005492524315815544,paolo-laptop,influx_dest
power_consumption,1705278953444000000,0.06633741352433443,paolo-laptop,influx_dest
power_consumption,1705278954446000000,0.002633669404503238,paolo-laptop,influx_dest
power_consumption,1705278955448000000,0.0028355364705608065,paolo-laptop,influx_dest
power_consumption,1705278956450000000,0.007375743613569386,paolo-laptop,influx_dest
power_consumption,1705278957452000000,0.005956835394519085,paolo-laptop,influx_dest
power_consumption,1705278958454000000,0.00478160943717921,paolo-laptop,influx_dest
power_consumption,1705278959456000000,0.004271086329146997,paolo-laptop,influx_dest
power_consumption,1705278960458000000,0.010641698833822679,paolo-laptop,influx_dest
power_consumption,1705278961460000000,0.009592023413459284,paolo-laptop,influx_dest
power_consumption,1705278962464000000,0.007162776105958526,paolo-laptop,influx_dest
power_consumption,1705278963467000000,0.006630423890031699,paolo-laptop,influx_dest
power_consumption,1705278964469000000,0.013880461034351598,paolo-laptop,influx_dest
power_consumption,1705278965471000000,0.005737803638830039,paolo-laptop,influx_dest
power_consumption,1705278966473000000,0.005100254504467312,paolo-laptop,influx_dest
power_consumption,1705278967479000000,0.008317617214209561,paolo-laptop,influx_dest
power_consumption,1705278968482000000,0.004262871836273896,paolo-laptop,influx_dest
power_consumption,1705278969488000000,0.006882376960345707,paolo-laptop,influx_dest
power_consumption,1705278970491000000,0.027498108023635736,paolo-laptop,influx_dest
power_consumption,1705278971493000000,0.006139153143246683,paolo-laptop,influx_dest
power_consumption,1705278972495000000,0.00675462066296611,paolo-laptop,influx_dest
power_consumption,1705278973497000000,0.005660290956682567,paolo-laptop,influx_dest
power_consumption,1705278974499000000,0.006058818857647147,paolo-laptop,influx_dest
power_consumption,1705278975502000000,0.006345330496489032,paolo-laptop,influx_dest
power_consumption,1705278976504000000,0.006799399932486815,paolo-laptop,influx_dest
power_consumption,1705278977506000000,0.006995838756650896,paolo-laptop,influx_dest
power_consumption,1705278978509000000,0.006123890302035686,paolo-laptop,influx_dest
power_consumption,1705278979512000000,0.006065809864016406,paolo-laptop,influx_dest
power_consumption,1705278980514000000,0.014723340072810202,paolo-laptop,influx_dest
power_consumption,1705278981518000000,0.006747446220483548,paolo-laptop,influx_dest
power_consumption,1705278982520000000,0.006381437888127613,paolo-laptop,influx_dest
power_consumption,1705278983522000000,0.006911701236217196,paolo-laptop,influx_dest
power_consumption,1705278984525000000,0.007450537609460893,paolo-laptop,influx_dest
power_consumption,1705278985526000000,0.007435247115743178,paolo-laptop,influx_dest
power_consumption,1705278986530000000,0.0024125532244033375,paolo-laptop,influx_dest
power_consumption,1705278987532000000,0.01047889262059263,paolo-laptop,influx_dest
power_consumption,1705278988534000000,0.0071030867547830666,paolo-laptop,influx_dest
power_consumption,1705278989537000000,0.006722924974920221,paolo-laptop,influx_dest
power_consumption,1705278990541000000,0.01434307645076546,paolo-laptop,influx_dest
power_consumption,1705278991542000000,0.013360728194142213,paolo-laptop,influx_dest
power_consumption,1705278992544000000,0.00981609676560574,paolo-laptop,influx_dest
power_consumption,1705278993547000000,0.003073996791854472,paolo-laptop,influx_dest
power_consumption,1705278994549000000,0.013337337363792506,paolo-laptop,influx_dest
power_consumption,1705278995553000000,0.0158258935097786,paolo-laptop,influx_dest
power_consumption,1705278996558000000,0.004493285646228471,paolo-laptop,influx_dest
power_consumption,1705278997562000000,0.008778338912744635,paolo-laptop,influx_dest
power_consumption,1705278998566000000,0.00972367008053293,paolo-laptop,influx_dest
power_consumption,1705278999568000000,0.00594737024397257,paolo-laptop,influx_dest
power_consumption,1705279000572000000,0.016205555928610078,paolo-laptop,influx_dest
power_consumption,1705279001576000000,0.003408731517018877,paolo-laptop,influx_dest
power_consumption,1705279002578000000,0.004755001821741695,paolo-laptop,influx_dest
power_consumption,1705279003579000000,0.005497597046027302,paolo-laptop,influx_dest
power_consumption,1705279004581000000,0.006592457942737764,paolo-laptop,influx_dest
power_consumption,1705279005585000000,0.014880751828168413,paolo-laptop,influx_dest
power_consumption,1705279006589000000,0.013995703661928212,paolo-laptop,influx_dest
power_consumption,1705279007591000000,0.0028342608834453094,paolo-laptop,influx_dest
power_consumption,1705279008592000000,0.007080846719365407,paolo-laptop,influx_dest
power_consumption,1705279009596000000,0.006383228924860104,paolo-laptop,influx_dest
power_consumption,1705279010600000000,0.017723699176062552,paolo-laptop,influx_dest
power_consumption,1705279011603000000,0.01040596435453428,paolo-laptop,influx_dest
power_consumption,1705279012607000000,0.010292329848563977,paolo-laptop,influx_dest
power_consumption,1705279013611000000,0.0032881687672178476,paolo-laptop,influx_dest
power_consumption,1705279014613000000,0.00630905720854052,paolo-laptop,influx_dest
power_consumption,1705279015615000000,0.0058935038284587534,paolo-laptop,influx_dest
power_consumption,1705279016618000000,0.0032828138107466854,paolo-laptop,influx_dest
power_consumption,1705279017622000000,0.006254312917888893,paolo-laptop,influx_dest
power_consumption,1705279018626000000,0.00782708553266609,paolo-laptop,influx_dest
power_consumption,1705279019628000000,0.00714619263139714,paolo-laptop,influx_dest
power_consumption,1705279020632000000,0.01222687555149367,paolo-laptop,influx_dest
power_consumption,1705279021636000000,0.005646888036636502,paolo-laptop,influx_dest
power_consumption,1705279022638000000,0.007857509683005214,paolo-laptop,influx_dest
power_consumption,1705279023640000000,0.009778215863359925,paolo-laptop,influx_dest
power_consumption,1705279024642000000,0.09364093982527417,paolo-laptop,influx_dest
power_consumption,1705279025644000000,0.007615278915271149,paolo-laptop,influx_dest
power_consumption,1705279026648000000,0.015547402462650899,paolo-laptop,influx_dest
power_consumption,1705279027653000000,0.007087181179197207,paolo-laptop,influx_dest
power_consumption,1705279028655000000,0.006663651483985441,paolo-laptop,influx_dest
power_consumption,1705279029657000000,0.008928570477824808,paolo-laptop,influx_dest
power_consumption,1705279030659000000,0.01564800822074447,paolo-laptop,influx_dest
power_consumption,1705279031661000000,0.0074263474730468185,paolo-laptop,influx_dest
power_consumption,1705279032662000000,0.008427249539802287,paolo-laptop,influx_dest
power_consumption,1705279033664000000,0.005292480010538168,paolo-laptop,influx_dest
power_consumption,1705279034665000000,0.007239194368545913,paolo-laptop,influx_dest
power_consumption,1705279035667000000,0.004612054686367566,paolo-laptop,influx_dest
power_consumption,1705279036668000000,0.007335730925735761,paolo-laptop,influx_dest
power_consumption,1705279037670000000,0.008604179025231841,paolo-laptop,influx_dest
power_consumption,1705279038672000000,0.003976301732074112,paolo-laptop,influx_dest
power_consumption,1705279039675000000,0.004186649265662224,paolo-laptop,influx_dest
power_consumption,1705279040676000000,0.016264428746672065,paolo-laptop,influx_dest
power_consumption,1705279041682000000,0.008004400985639957,paolo-laptop,influx_dest
power_consumption,1705279042688000000,0.0030264757105727966,paolo-laptop,influx_dest
power_consumption,1705279043691000000,0.0039409198755192,paolo-laptop,influx_dest
power_consumption,1705279044693000000,0.0071266890587649906,paolo-laptop,influx_dest
power_consumption,1705279045695000000,0.006492858086657014,paolo-laptop,influx_dest
power_consumption,1705279046699000000,0.00757903055684109,paolo-laptop,influx_dest
power_consumption,1705279047701000000,0.002850912367748459,paolo-laptop,influx_dest
power_consumption,1705279048703000000,0.0035620524475752716,paolo-laptop,influx_dest
power_consumption,1705279049707000000,0.007097946478261699,paolo-laptop,influx_dest
power_consumption,1705279050709000000,0.011904258217995482,paolo-laptop,influx_dest
power_consumption,1705279051713000000,0.0063936282500541095,paolo-laptop,influx_dest
power_consumption,1705279052715000000,0.012108653177699264,paolo-laptop,influx_dest
power_consumption,1705279053719000000,0.007403064280870725,paolo-laptop,influx_dest
power_consumption,1705279054721000000,0.006006954474240975,paolo-laptop,influx_dest
power_consumption,1705279055725000000,0.0032881940006007655,paolo-laptop,influx_dest
power_consumption,1705279056727000000,0.004766154589780795,paolo-laptop,influx_dest
power_consumption,1705279057731000000,0.0040425549598517374,paolo-laptop,influx_dest
power_consumption,1705279058734000000,0.006818505943164631,paolo-laptop,influx_dest
power_consumption,1705279059737000000,0.009088020547609613,paolo-laptop,influx_dest
power_consumption,1705279060739000000,0.0189796537669194,paolo-laptop,influx_dest
power_consumption,1705279061741000000,0.006883331515323673,paolo-laptop,influx_dest
power_consumption,1705279062747000000,0.00564211445163548,paolo-laptop,influx_dest
power_consumption,1705279063752000000,0.01502033613285692,paolo-laptop,influx_dest
power_consumption,1705279064754000000,0.002963156958233352,paolo-laptop,influx_dest
power_consumption,1705279065757000000,0.004952953596665216,paolo-laptop,influx_dest
power_consumption,1705279066759000000,0.00354256723380284,paolo-laptop,influx_dest
power_consumption,1705279067762000000,0.006354417762318274,paolo-laptop,influx_dest
power_consumption,1705279068764000000,0.008648449271253189,paolo-laptop,influx_dest
power_consumption,1705279069765000000,0.0049789514524018795,paolo-laptop,influx_dest
power_consumption,1705279070769000000,0.014821172734565614,paolo-laptop,influx_dest
power_consumption,1705279071773000000,0.005559758376839146,paolo-laptop,influx_dest
power_consumption,1705279072777000000,0.018370247385797324,paolo-laptop,influx_dest
power_consumption,1705279073779000000,0.006346579824596281,paolo-laptop,influx_dest
power_consumption,1705279074781000000,0.007387751121898667,paolo-laptop,influx_dest
power_consumption,1705279075783000000,0.006397506944979267,paolo-laptop,influx_dest
power_consumption,1705279076786000000,0.0055116792652430205,paolo-laptop,influx_dest
power_consumption,1705279078792000000,0.00570883903580956,paolo-laptop,influx_dest
power_consumption,1705279079796000000,0.004052281945543053,paolo-laptop,influx_dest
power_consumption,1705279080800000000,0.015251637081490644,paolo-laptop,influx_dest
power_consumption,1705279081802000000,0.007298781302961152,paolo-laptop,influx_dest
power_consumption,1705279082803000000,0.006150625677118573,paolo-laptop,influx_dest
power_consumption,1705279083807000000,0.003586979621537699,paolo-laptop,influx_dest
power_consumption,1705279084810000000,0.014925061287286155,paolo-laptop,influx_dest
power_consumption,1705279085812000000,0.003966169473248765,paolo-laptop,influx_dest
power_consumption,1705279086813000000,0.003890145699400158,paolo-laptop,influx_dest
power_consumption,1705279087815000000,0.006774477153254503,paolo-laptop,influx_dest
power_consumption,1705279088816000000,0.012357282008439816,paolo-laptop,influx_dest
power_consumption,1705279089818000000,0.0076547621532422234,paolo-laptop,influx_dest
power_consumption,1705279090820000000,0.015442961261301064,paolo-laptop,influx_dest
power_consumption,1705279091822000000,0.004829164548506016,paolo-laptop,influx_dest
power_consumption,1705279092823000000,0.005352255798659399,paolo-laptop,influx_dest
power_consumption,1705279093826000000,0.006486976816633522,paolo-laptop,influx_dest
power_consumption,1705279094830000000,0.012635802622653677,paolo-laptop,influx_dest
power_consumption,1705279095834000000,0.009430139585479442,paolo-laptop,influx_dest
power_consumption,1705279096836000000,0.0037198298979356334,paolo-laptop,influx_dest
power_consumption,1705279097840000000,0.09593653560982848,paolo-laptop,influx_dest
power_consumption,1705279098842000000,0.0033635026496981945,paolo-laptop,influx_dest
power_consumption,1705279099844000000,0.0077086962015286845,paolo-laptop,influx_dest
power_consumption,1705279100846000000,0.010936074946115242,paolo-laptop,influx_dest
power_consumption,1705279101850000000,0.007417815789354378,paolo-laptop,influx_dest
power_consumption,1705279102853000000,0.02643123486476614,paolo-laptop,influx_dest
power_consumption,1705279103859000000,0.006735303886621717,paolo-laptop,influx_dest
power_consumption,1705279104864000000,0.00932419945381956,paolo-laptop,influx_dest
power_consumption,1705279105868000000,0.006886509795461552,paolo-laptop,influx_dest
power_consumption,1705279106872000000,0.009955376617702454,paolo-laptop,influx_dest
power_consumption,1705279107877000000,0.009901706474193557,paolo-laptop,influx_dest
power_consumption,1705279108881000000,0.007794652665937624,paolo-laptop,influx_dest
power_consumption,1705279109885000000,0.0336986352066857,paolo-laptop,influx_dest
power_consumption,1705279110889000000,0.05423235132880272,paolo-laptop,influx_dest
power_consumption,1705279111891000000,0.009011637680265848,paolo-laptop,influx_dest
power_consumption,1705279112897000000,0.006583803493505413,paolo-laptop,influx_dest
power_consumption,1705279113902000000,0.007190188263406627,paolo-laptop,influx_dest
power_consumption,1705279114906000000,0.0064271277194143765,paolo-laptop,influx_dest
power_consumption,1705279115909000000,0.006676270394040663,paolo-laptop,influx_dest
power_consumption,1705279116911000000,0.00324449884936959,paolo-laptop,influx_dest
power_consumption,1705279117913000000,0.006121592442440374,paolo-laptop,influx_dest
power_consumption,1705279118917000000,0.0028061737595182095,paolo-laptop,influx_dest
power_consumption,1705279119921000000,0.0070762650615809174,paolo-laptop,influx_dest
power_consumption,1705279120926000000,0.02751113164755662,paolo-laptop,influx_dest
power_consumption,1705279121930000000,0.005796415255791504,paolo-laptop,influx_dest
power_consumption,1705279122932000000,0.002996636125316767,paolo-laptop,influx_dest
power_consumption,1705279123936000000,0.006631841580712446,paolo-laptop,influx_dest
power_consumption,1705279124941000000,0.025299187887769976,paolo-laptop,influx_dest
power_consumption,1705279125942000000,0.006341122680413256,paolo-laptop,influx_dest
power_consumption,1705279126946000000,0.006573300429985639,paolo-laptop,influx_dest
power_consumption,1705279127950000000,0.01518322601391623,paolo-laptop,influx_dest
power_consumption,1705279128953000000,0.009933481574117829,paolo-laptop,influx_dest
power_consumption,1705279129957000000,0.008252921489051077,paolo-laptop,influx_dest
power_consumption,1705279130960000000,0.018649626541783076,paolo-laptop,influx_dest
power_consumption,1705279131962000000,0.007820165646716701,paolo-laptop,influx_dest
power_consumption,1705279132966000000,0.00789854699589947,paolo-laptop,influx_dest
power_consumption,1705279133969000000,0.005574834493272753,paolo-laptop,influx_dest
power_consumption,1705279134972000000,0.009269494617253403,paolo-laptop,influx_dest
power_consumption,1705279135977000000,0.003216548301256846,paolo-laptop,influx_dest
power_consumption,1705279136979000000,0.00736415428535255,paolo-laptop,influx_dest
power_consumption,1705279137981000000,0.006908905293426415,paolo-laptop,influx_dest
power_consumption,1705279138984000000,0.010489400592669871,paolo-laptop,influx_dest
power_consumption,1705279139989000000,0.01598449474971077,paolo-laptop,influx_dest
power_consumption,1705279140991000000,0.02421993382397176,paolo-laptop,influx_dest
power_consumption,1705279141993000000,0.0064966384083873525,paolo-laptop,influx_dest
power_consumption,1705279142995000000,0.00550170753138881,paolo-laptop,influx_dest
power_consumption,1705279143997000000,0.006779973235838444,paolo-laptop,influx_dest
power_consumption,1705279144999000000,0.006675760948457256,paolo-laptop,influx_dest
power_consumption,1705279146001000000,0.006621862428661841,paolo-laptop,influx_dest
power_consumption,1705279147004000000,0.014645322169851833,paolo-laptop,influx_dest
power_consumption,1705279148005000000,0.016494035164055065,paolo-laptop,influx_dest
power_consumption,1705279149007000000,0.008424742981031645,paolo-laptop,influx_dest
power_consumption,1705279150009000000,0.021366761393796677,paolo-laptop,influx_dest
power_consumption,1705279151010000000,0.017449441867041362,paolo-laptop,influx_dest
power_consumption,1705279152011000000,0.010867221279229745,paolo-laptop,influx_dest
power_consumption,1705279153012000000,0.007910566911772852,paolo-laptop,influx_dest
power_consumption,1705279154014000000,0.005932305910368842,paolo-laptop,influx_dest
power_consumption,1705279155016000000,0.006058694723357041,paolo-laptop,influx_dest
power_consumption,1705279156018000000,0.004636895565855724,paolo-laptop,influx_dest
power_consumption,1705279157023000000,0.004184555851981095,paolo-laptop,influx_dest
power_consumption,1705279158027000000,0.006579263501768986,paolo-laptop,influx_dest
power_consumption,1705279159029000000,0.01095445815832277,paolo-laptop,influx_dest
power_consumption,1705279161033000000,0.003777001123584693,paolo-laptop,influx_dest
power_consumption,1705279162034000000,0.010885952879075577,paolo-laptop,influx_dest
power_consumption,1705279163039000000,0.00762908915414308,paolo-laptop,influx_dest
power_consumption,1705279164046000000,0.006751718957459379,paolo-laptop,influx_dest
power_consumption,1705279166058000000,0.07044310931059924,paolo-laptop,influx_dest
power_consumption,1705279167062000000,0.014800880700145017,paolo-laptop,influx_dest
power_consumption,1705279168064000000,0.006937626103955554,paolo-laptop,influx_dest
power_consumption,1705279169068000000,0.003196635855475207,paolo-laptop,influx_dest
power_consumption,1705279170072000000,0.019114175933743035,paolo-laptop,influx_dest
power_consumption,1705279171076000000,0.0029643729220249974,paolo-laptop,influx_dest
power_consumption,1705279172080000000,0.005752013600012131,paolo-laptop,influx_dest
power_consumption,1705279173084000000,0.010186541815779,paolo-laptop,influx_dest
power_consumption,1705279174086000000,0.0027625205596910327,paolo-laptop,influx_dest
power_consumption,1705279175088000000,0.006046908707541427,paolo-laptop,influx_dest
power_consumption,1705279176090000000,0.00653932126384065,paolo-laptop,influx_dest
power_consumption,1705279177094000000,0.008155865331240688,paolo-laptop,influx_dest
power_consumption,1705279178096000000,0.003706892751340416,paolo-laptop,influx_dest
power_consumption,1705279179098000000,0.007762639283795534,paolo-laptop,influx_dest
power_consumption,1705279180100000000,0.01605568022274623,paolo-laptop,influx_dest
power_consumption,1705279181102000000,0.00395497347027993,paolo-laptop,influx_dest
power_consumption,1705279182106000000,0.007126256228528768,paolo-laptop,influx_dest
power_consumption,1705279183110000000,0.021507349557059234,paolo-laptop,influx_dest
power_consumption,1705279184112000000,0.008044164547625,paolo-laptop,influx_dest
power_consumption,1705279185116000000,0.005051969516846752,paolo-laptop,influx_dest
power_consumption,1705279186117000000,0.014093354663842976,paolo-laptop,influx_dest
power_consumption,1705279187119000000,0.004938464164205932,paolo-laptop,influx_dest
power_consumption,1705279188124000000,0.007144976258201107,paolo-laptop,influx_dest
power_consumption,1705279189127000000,0.004066116387280702,paolo-laptop,influx_dest
power_consumption,1705279190131000000,0.035699036847833744,paolo-laptop,influx_dest
power_consumption,1705279191132000000,0.008792633181659964,paolo-laptop,influx_dest
power_consumption,1705279192134000000,0.005892316805945709,paolo-laptop,influx_dest
power_consumption,1705279193136000000,0.0046107260982573605,paolo-laptop,influx_dest
power_consumption,1705279194142000000,0.012146995176785878,paolo-laptop,influx_dest
power_consumption,1705279195147000000,0.00393988373904691,paolo-laptop,influx_dest
power_consumption,1705279197155000000,0.005619652643671665,paolo-laptop,influx_dest
power_consumption,1705279198162000000,0.008271877022746493,paolo-laptop,influx_dest
power_consumption,1705279199167000000,0.007728611505182248,paolo-laptop,influx_dest
power_consumption,1705279200170000000,0.012508561750350453,paolo-laptop,influx_dest
power_consumption,1705279201171000000,0.00301176104323115,paolo-laptop,influx_dest
power_consumption,1705279202173000000,0.005755021324509842,paolo-laptop,influx_dest
power_consumption,1705279203177000000,0.0036242017901141174,paolo-laptop,influx_dest
power_consumption,1705279204180000000,0.0030944671984851476,paolo-laptop,influx_dest
power_consumption,1705279205183000000,0.00603021942859182,paolo-laptop,influx_dest
power_consumption,1705279206185000000,0.00706826591822394,paolo-laptop,influx_dest
power_consumption,1705279207187000000,0.006073378725001549,paolo-laptop,influx_dest
power_consumption,1705279208188000000,0.005260054650588048,paolo-laptop,influx_dest
power_consumption,1705279209189000000,0.006144215484688254,paolo-laptop,influx_dest
power_consumption,1705279210193000000,0.019200350123755885,paolo-laptop,influx_dest
power_consumption,1705279211195000000,0.01395709928338357,paolo-laptop,influx_dest
power_consumption,1705279212196000000,0.0068209707262980885,paolo-laptop,influx_dest
power_consumption,1705279213198000000,0.012610145469042778,paolo-laptop,influx_dest
power_consumption,1705279214199000000,0.0035799109664208894,paolo-laptop,influx_dest
power_consumption,1705279215200000000,0.008289489152153866,paolo-laptop,influx_dest
power_consumption,1705279216202000000,0.006880573415790429,paolo-laptop,influx_dest
power_consumption,1705279217204000000,0.007870462176787937,paolo-laptop,influx_dest
power_consumption,1705279218206000000,0.007606399492586361,paolo-laptop,influx_dest
power_consumption,1705279219207000000,0.00951648019751571,paolo-laptop,influx_dest
power_consumption,1705279220209000000,0.010837735703080439,paolo-laptop,influx_dest
power_consumption,1705279221210000000,0.0031620185273658723,paolo-laptop,influx_dest
power_consumption,1705279222213000000,0.0082938975082591,paolo-laptop,influx_dest
power_consumption,1705279223214000000,0.009731289011533962,paolo-laptop,influx_dest
power_consumption,1705279224217000000,0.0030297991253253804,paolo-laptop,influx_dest
power_consumption,1705279225219000000,0.013246795176790402,paolo-laptop,influx_dest
power_consumption,1705279226223000000,0.005526516177692684,paolo-laptop,influx_dest
power_consumption,1705279227225000000,0.006509096321662617,paolo-laptop,influx_dest
power_consumption,1705279228228000000,0.007534682612641221,paolo-laptop,influx_dest
power_consumption,1705279229231000000,0.002888703841619473,paolo-laptop,influx_dest
power_consumption,1705279230232000000,0.015717197120007086,paolo-laptop,influx_dest
power_consumption,1705279231235000000,0.003268469124205354,paolo-laptop,influx_dest
power_consumption,1705279232237000000,0.01180237533415602,paolo-laptop,influx_dest
power_consumption,1705279233240000000,0.01687310161982324,paolo-laptop,influx_dest
power_consumption,1705279234245000000,0.0033818861387304297,paolo-laptop,influx_dest
power_consumption,1705279235248000000,0.006590588767087153,paolo-laptop,influx_dest
