name,time,power,sensor,target
power_consumption,1705269172527000000,0.005867744762174312,paolo-laptop,influx_dest
power_consumption,1705269173530000000,0.0053911716624499215,paolo-laptop,influx_dest
power_consumption,1705269177544000000,0.004909435210315486,paolo-laptop,influx_dest
power_consumption,1705269179550000000,0.008055411437076856,paolo-laptop,influx_dest
power_consumption,1705269180552000000,0.01474897325738627,paolo-laptop,influx_dest
power_consumption,1705269181553000000,0.0053716247716186225,paolo-laptop,influx_dest
power_consumption,1705269182555000000,0.006523523274252925,paolo-laptop,influx_dest
power_consumption,1705269183557000000,0.004824157310012841,paolo-laptop,influx_dest
power_consumption,1705269184560000000,0.006498026106209452,paolo-laptop,influx_dest
power_consumption,1705269185564000000,0.005349339059014312,paolo-laptop,influx_dest
power_consumption,1705269186570000000,0.005404383733500843,paolo-laptop,influx_dest
power_consumption,1705269187572000000,0.006806449763563888,paolo-laptop,influx_dest
power_consumption,1705269188574000000,0.006945848445396719,paolo-laptop,influx_dest
power_consumption,1705269189575000000,0.006520380678631477,paolo-laptop,influx_dest
power_consumption,1705269190578000000,0.06207321925685123,paolo-laptop,influx_dest
power_consumption,1705269191579000000,0.0061334524428667,paolo-laptop,influx_dest
power_consumption,1705269192582000000,0.00732901206735682,paolo-laptop,influx_dest
power_consumption,1705269193585000000,0.00602433816661906,paolo-laptop,influx_dest
power_consumption,1705269194587000000,0.006366884929911429,paolo-laptop,influx_dest
power_consumption,1705269195589000000,0.00619548197573033,paolo-laptop,influx_dest
power_consumption,1705269196591000000,0.006014426913852271,paolo-laptop,influx_dest
power_consumption,1705269199605000000,0.005472387655748113,paolo-laptop,influx_dest
power_consumption,1705269200607000000,0.013811148198786125,paolo-laptop,influx_dest
power_consumption,1705269201609000000,0.006520636516407581,paolo-laptop,influx_dest
power_consumption,1705269204616000000,0.006003132364904181,paolo-laptop,influx_dest
power_consumption,1705269210635000000,0.013873107511103015,paolo-laptop,influx_dest
power_consumption,1705269211637000000,0.006556759525505575,paolo-laptop,influx_dest
power_consumption,1705269212639000000,0.0051096127637490565,paolo-laptop,influx_dest
power_consumption,1705269213647000000,0.005242929098972036,paolo-laptop,influx_dest
power_consumption,1705269214649000000,0.005151611768989612,paolo-laptop,influx_dest
power_consumption,1705269215651000000,0.005555011284333958,paolo-laptop,influx_dest
power_consumption,1705269216653000000,0.00490908513207897,paolo-laptop,influx_dest
power_consumption,1705269217655000000,0.005393082322412438,paolo-laptop,influx_dest
power_consumption,1705269218661000000,0.006578128199779022,paolo-laptop,influx_dest
power_consumption,1705269219665000000,0.005327397252656593,paolo-laptop,influx_dest
power_consumption,1705269220667000000,0.013740915132469963,paolo-laptop,influx_dest
power_consumption,1705269221669000000,0.005610031272347154,paolo-laptop,influx_dest
power_consumption,1705269222671000000,0.005180469745580721,paolo-laptop,influx_dest
power_consumption,1705269223673000000,0.0057463048654468,paolo-laptop,influx_dest
power_consumption,1705269224675000000,0.006800374384152256,paolo-laptop,influx_dest
power_consumption,1705269225677000000,0.005136174256014997,paolo-laptop,influx_dest
power_consumption,1705269226678000000,0.005727643191619778,paolo-laptop,influx_dest
power_consumption,1705269227680000000,0.006529440651426671,paolo-laptop,influx_dest
power_consumption,1705269228682000000,0.006840459936373911,paolo-laptop,influx_dest
power_consumption,1705269229684000000,0.005816263008738928,paolo-laptop,influx_dest
power_consumption,1705269231688000000,0.00511247159771923,paolo-laptop,influx_dest
power_consumption,1705269232690000000,0.006188589774911888,paolo-laptop,influx_dest
power_consumption,1705269233692000000,0.005962213749362823,paolo-laptop,influx_dest
power_consumption,1705269234694000000,0.005070626352210696,paolo-laptop,influx_dest
power_consumption,1705269235697000000,0.004711464301603322,paolo-laptop,influx_dest
power_consumption,1705269236698000000,0.005699984586702421,paolo-laptop,influx_dest
power_consumption,1705269237701000000,0.005285821631058735,paolo-laptop,influx_dest
power_consumption,1705269238703000000,0.006246062882249024,paolo-laptop,influx_dest
power_consumption,1705269240707000000,0.01076338876663054,paolo-laptop,influx_dest
power_consumption,1705269241709000000,0.006172257414331762,paolo-laptop,influx_dest
power_consumption,1705269242711000000,0.005910527274841654,paolo-laptop,influx_dest
power_consumption,1705269243712000000,0.00471726733289355,paolo-laptop,influx_dest
power_consumption,1705269244714000000,0.006113824614137636,paolo-laptop,influx_dest
power_consumption,1705269245715000000,0.0055891255189697495,paolo-laptop,influx_dest
power_consumption,1705269246717000000,0.005337294590598697,paolo-laptop,influx_dest
power_consumption,1705269247718000000,0.005233830542744128,paolo-laptop,influx_dest
power_consumption,1705269248720000000,0.0062234289955891585,paolo-laptop,influx_dest
power_consumption,1705269249722000000,0.005224353667928146,paolo-laptop,influx_dest
power_consumption,1705269253734000000,0.004981004519121465,paolo-laptop,influx_dest
power_consumption,1705269257744000000,0.004341251380242331,paolo-laptop,influx_dest
power_consumption,1705269262760000000,0.0045752228777213785,paolo-laptop,influx_dest
power_consumption,1705269263763000000,0.0042912156736113136,paolo-laptop,influx_dest
power_consumption,1705269265771000000,0.004445697513336156,paolo-laptop,influx_dest
power_consumption,1705269266780000000,0.0048518291571941164,paolo-laptop,influx_dest
power_consumption,1705269267786000000,0.004017576985638106,paolo-laptop,influx_dest
power_consumption,1705269268788000000,0.005175460919976416,paolo-laptop,influx_dest
power_consumption,1705269269793000000,0.12042687652485329,paolo-laptop,influx_dest
power_consumption,1705269270796000000,0.010608697460373729,paolo-laptop,influx_dest
power_consumption,1705269271798000000,0.005479654448452044,paolo-laptop,influx_dest
power_consumption,1705269272801000000,0.005161567555029417,paolo-laptop,influx_dest
power_consumption,1705269273807000000,0.004524067954450865,paolo-laptop,influx_dest
power_consumption,1705269274810000000,0.005603466759481375,paolo-laptop,influx_dest
power_consumption,1705269275812000000,0.004375791410072868,paolo-laptop,influx_dest
power_consumption,1705269276814000000,0.005635597990556658,paolo-laptop,influx_dest
power_consumption,1705269277816000000,0.0051256290579024515,paolo-laptop,influx_dest
power_consumption,1705269278818000000,0.005177746893453263,paolo-laptop,influx_dest
power_consumption,1705269279821000000,0.005450179043167482,paolo-laptop,influx_dest
power_consumption,1705269280825000000,0.012379826614873175,paolo-laptop,influx_dest
power_consumption,1705269281827000000,0.005376871170906994,paolo-laptop,influx_dest
power_consumption,1705269282830000000,0.004255868556157269,paolo-laptop,influx_dest
power_consumption,1705269283832000000,0.005323936891762708,paolo-laptop,influx_dest
power_consumption,1705269284834000000,0.004081679249637255,paolo-laptop,influx_dest
power_consumption,1705269285837000000,0.00481586878863609,paolo-laptop,influx_dest
power_consumption,1705269286839000000,0.005809962514760356,paolo-laptop,influx_dest
power_consumption,1705269292857000000,0.004940005193678506,paolo-laptop,influx_dest
power_consumption,1705269296872000000,0.005077885720269501,paolo-laptop,influx_dest
power_consumption,1705269300886000000,0.013018816945433349,paolo-laptop,influx_dest
power_consumption,1705269301887000000,0.0052828418881492875,paolo-laptop,influx_dest
power_consumption,1705269302889000000,0.005537185296160825,paolo-laptop,influx_dest
power_consumption,1705269306902000000,0.004217371450120913,paolo-laptop,influx_dest
power_consumption,1705269307904000000,0.0057561506926671795,paolo-laptop,influx_dest
power_consumption,1705269308909000000,0.006171977057934519,paolo-laptop,influx_dest
power_consumption,1705269309911000000,0.0054240713903264326,paolo-laptop,influx_dest
power_consumption,1705269310914000000,0.012805335128857728,paolo-laptop,influx_dest
power_consumption,1705269311916000000,0.005666571860114001,paolo-laptop,influx_dest
power_consumption,1705269314920000000,0.004579267685446052,paolo-laptop,influx_dest
power_consumption,1705269315922000000,0.005335479928907496,paolo-laptop,influx_dest
power_consumption,1705269316927000000,0.004507211800259533,paolo-laptop,influx_dest
power_consumption,1705269317929000000,0.004687342305063711,paolo-laptop,influx_dest
power_consumption,1705269318931000000,0.005896676259313922,paolo-laptop,influx_dest
power_consumption,1705269322943000000,0.005009528768185617,paolo-laptop,influx_dest
power_consumption,1705269326953000000,0.004158909898248539,paolo-laptop,influx_dest
power_consumption,1705269327955000000,0.005599081932466088,paolo-laptop,influx_dest
power_consumption,1705269328958000000,0.004741712321987108,paolo-laptop,influx_dest
power_consumption,1705269329960000000,0.00460685180607276,paolo-laptop,influx_dest
power_consumption,1705269330968000000,0.0111734820348014,paolo-laptop,influx_dest
power_consumption,1705269331970000000,0.006961066869277873,paolo-laptop,influx_dest
power_consumption,1705269332974000000,0.004841015222784684,paolo-laptop,influx_dest
power_consumption,1705269333977000000,0.006039032005243862,paolo-laptop,influx_dest
power_consumption,1705269334985000000,0.005599890810442638,paolo-laptop,influx_dest
power_consumption,1705269335986000000,0.0062434402248721255,paolo-laptop,influx_dest
power_consumption,1705269336988000000,0.005488648947285478,paolo-laptop,influx_dest
power_consumption,1705269337991000000,0.0059860187591224846,paolo-laptop,influx_dest
power_consumption,1705269338993000000,0.006309455520613255,paolo-laptop,influx_dest
power_consumption,1705269340003000000,0.011035650810462094,paolo-laptop,influx_dest
power_consumption,1705269341005000000,0.005994693988639579,paolo-laptop,influx_dest
power_consumption,1705269342008000000,0.0049530012954797364,paolo-laptop,influx_dest
power_consumption,1705269343011000000,0.005580649059451146,paolo-laptop,influx_dest
power_consumption,1705269344013000000,0.004440779114659612,paolo-laptop,influx_dest
power_consumption,1705269345015000000,0.004875534417119943,paolo-laptop,influx_dest
power_consumption,1705269346023000000,0.005361167554723856,paolo-laptop,influx_dest
power_consumption,1705269348035000000,0.005531368138922138,paolo-laptop,influx_dest
power_consumption,1705269349038000000,0.004784040807395512,paolo-laptop,influx_dest
power_consumption,1705269350041000000,0.011817159293493237,paolo-laptop,influx_dest
power_consumption,1705269351043000000,0.003995106037676818,paolo-laptop,influx_dest
power_consumption,1705269352046000000,0.004424931838140883,paolo-laptop,influx_dest
power_consumption,1705269353048000000,0.005553639306072026,paolo-laptop,influx_dest
power_consumption,1705269354050000000,0.004533350835844455,paolo-laptop,influx_dest
power_consumption,1705269355052000000,0.005127803069069189,paolo-laptop,influx_dest
power_consumption,1705269356054000000,0.004731521554629429,paolo-laptop,influx_dest
power_consumption,1705269357057000000,0.005781555783808518,paolo-laptop,influx_dest
power_consumption,1705269358060000000,0.005309202430794338,paolo-laptop,influx_dest
power_consumption,1705269359062000000,0.0065330120294503306,paolo-laptop,influx_dest
power_consumption,1705269360064000000,0.013477670435099624,paolo-laptop,influx_dest
power_consumption,1705269361067000000,0.005731601525619485,paolo-laptop,influx_dest
power_consumption,1705269362069000000,0.004406469110998193,paolo-laptop,influx_dest
power_consumption,1705269363071000000,0.005015058156925825,paolo-laptop,influx_dest
power_consumption,1705269364077000000,0.006373182046775,paolo-laptop,influx_dest
power_consumption,1705269365085000000,0.005369817898290472,paolo-laptop,influx_dest
power_consumption,1705269366092000000,0.0045953348010764564,paolo-laptop,influx_dest
power_consumption,1705269367094000000,0.005421015805086699,paolo-laptop,influx_dest
power_consumption,1705269368096000000,0.005179928379240578,paolo-laptop,influx_dest
power_consumption,1705269369098000000,0.005035672318440995,paolo-laptop,influx_dest
power_consumption,1705269372103000000,0.006318021676378145,paolo-laptop,influx_dest
power_consumption,1705269373105000000,0.002625021563435712,paolo-laptop,influx_dest
power_consumption,1705269391179000000,0.0027153918685778535,paolo-laptop,influx_dest
power_consumption,1705269393183000000,0.005085369974012381,paolo-laptop,influx_dest
power_consumption,1705269403210000000,0.0022763319225118043,paolo-laptop,influx_dest
power_consumption,1705269415241000000,0.003339656136605852,paolo-laptop,influx_dest
power_consumption,1705269417247000000,0.0036340612394598123,paolo-laptop,influx_dest
power_consumption,1705269421257000000,0.0031435589847572686,paolo-laptop,influx_dest
power_consumption,1705269422259000000,0.00421013364575162,paolo-laptop,influx_dest
power_consumption,1705269426270000000,0.00520984153430596,paolo-laptop,influx_dest
power_consumption,1705269428274000000,0.0066475992253179905,paolo-laptop,influx_dest
power_consumption,1705269429276000000,0.00578579022460606,paolo-laptop,influx_dest
power_consumption,1705269430278000000,0.012502401914023274,paolo-laptop,influx_dest
power_consumption,1705269431289000000,0.005363723102523855,paolo-laptop,influx_dest
power_consumption,1705269434303000000,0.0037856428848313545,paolo-laptop,influx_dest
power_consumption,1705269436309000000,0.0038156488224605776,paolo-laptop,influx_dest
power_consumption,1705269437311000000,0.003986020131705954,paolo-laptop,influx_dest
power_consumption,1705269439319000000,0.005908982430376299,paolo-laptop,influx_dest
power_consumption,1705269442326000000,0.0031745661805052273,paolo-laptop,influx_dest
power_consumption,1705269443331000000,0.008016856499194855,paolo-laptop,influx_dest
power_consumption,1705269446343000000,0.0039451759081153585,paolo-laptop,influx_dest
power_consumption,1705269448350000000,0.0052379217732525,paolo-laptop,influx_dest
power_consumption,1705269449353000000,0.08121217464461568,paolo-laptop,influx_dest
power_consumption,1705269452363000000,0.003505787844151475,paolo-laptop,influx_dest
power_consumption,1705269453366000000,0.004890941118170882,paolo-laptop,influx_dest
power_consumption,1705269454368000000,0.003982772853840202,paolo-laptop,influx_dest
power_consumption,1705269455373000000,0.005755940661869874,paolo-laptop,influx_dest
power_consumption,1705269457378000000,0.007566573618829733,paolo-laptop,influx_dest
power_consumption,1705269459386000000,0.003947044907935356,paolo-laptop,influx_dest
power_consumption,1705269460389000000,0.01849333317831592,paolo-laptop,influx_dest
power_consumption,1705269461391000000,0.003869706540988313,paolo-laptop,influx_dest
power_consumption,1705269462396000000,0.005008710659910031,paolo-laptop,influx_dest
power_consumption,1705269463400000000,0.0036009155668627743,paolo-laptop,influx_dest
power_consumption,1705269465404000000,0.005135909983220249,paolo-laptop,influx_dest
power_consumption,1705269466406000000,0.005170814480906351,paolo-laptop,influx_dest
power_consumption,1705269467407000000,0.003021998494635394,paolo-laptop,influx_dest
power_consumption,1705269468409000000,0.007412225279037786,paolo-laptop,influx_dest
power_consumption,1705269470413000000,0.013397189708427635,paolo-laptop,influx_dest
power_consumption,1705269471415000000,0.006401270964405099,paolo-laptop,influx_dest
power_consumption,1705269472417000000,0.003978398303039559,paolo-laptop,influx_dest
power_consumption,1705269474422000000,0.006564173113095721,paolo-laptop,influx_dest
power_consumption,1705269475425000000,0.007197195090791026,paolo-laptop,influx_dest
power_consumption,1705269476427000000,0.007217135025661177,paolo-laptop,influx_dest
power_consumption,1705269477430000000,0.007549784933280153,paolo-laptop,influx_dest
power_consumption,1705269478432000000,0.008385286755418766,paolo-laptop,influx_dest
power_consumption,1705269479434000000,0.006558129190460478,paolo-laptop,influx_dest
power_consumption,1705269480436000000,0.019361826896085742,paolo-laptop,influx_dest
power_consumption,1705269481438000000,0.007736328977978442,paolo-laptop,influx_dest
power_consumption,1705269482440000000,0.004402765437406518,paolo-laptop,influx_dest
power_consumption,1705269483442000000,0.003207754688012755,paolo-laptop,influx_dest
power_consumption,1705269484445000000,0.004180222933708392,paolo-laptop,influx_dest
power_consumption,1705269485447000000,0.0032624919934413454,paolo-laptop,influx_dest
power_consumption,1705269486449000000,0.006075466698127172,paolo-laptop,influx_dest
power_consumption,1705269487452000000,0.0037404908327209113,paolo-laptop,influx_dest
power_consumption,1705269488454000000,0.01221561787697803,paolo-laptop,influx_dest
power_consumption,1705269489457000000,0.010795819740778843,paolo-laptop,influx_dest
power_consumption,1705269490458000000,0.012637522670519137,paolo-laptop,influx_dest
power_consumption,1705269491462000000,0.00776212564177286,paolo-laptop,influx_dest
power_consumption,1705269492464000000,0.004217806749691273,paolo-laptop,influx_dest
power_consumption,1705269493466000000,0.0045070378664938335,paolo-laptop,influx_dest
power_consumption,1705269494469000000,0.005079997616492121,paolo-laptop,influx_dest
power_consumption,1705269495471000000,0.005050168543807937,paolo-laptop,influx_dest
power_consumption,1705269496473000000,0.0054109308562955635,paolo-laptop,influx_dest
power_consumption,1705269497475000000,0.004961603295362771,paolo-laptop,influx_dest
power_consumption,1705269498479000000,0.00363098991893626,paolo-laptop,influx_dest
power_consumption,1705269499480000000,0.0033537292023706035,paolo-laptop,influx_dest
power_consumption,1705269500482000000,0.014546324438943034,paolo-laptop,influx_dest
power_consumption,1705269501486000000,0.0031089398963116276,paolo-laptop,influx_dest
power_consumption,1705269503493000000,0.098981103656822,paolo-laptop,influx_dest
power_consumption,1705269504495000000,0.007626902557046563,paolo-laptop,influx_dest
power_consumption,1705269505496000000,0.005642816457975297,paolo-laptop,influx_dest
power_consumption,1705269506499000000,0.003096259555747374,paolo-laptop,influx_dest
power_consumption,1705269508503000000,0.009024271395007312,paolo-laptop,influx_dest
power_consumption,1705269509507000000,0.003740276599336318,paolo-laptop,influx_dest
power_consumption,1705269510509000000,0.010498654336649592,paolo-laptop,influx_dest
power_consumption,1705269511511000000,0.004796998829825051,paolo-laptop,influx_dest
power_consumption,1705269512513000000,0.005616704775822981,paolo-laptop,influx_dest
power_consumption,1705269513515000000,0.007555798123511658,paolo-laptop,influx_dest
power_consumption,1705269514516000000,0.0059926680669779965,paolo-laptop,influx_dest
power_consumption,1705269515518000000,0.004132773609864257,paolo-laptop,influx_dest
power_consumption,1705269516520000000,0.005389032137407549,paolo-laptop,influx_dest
power_consumption,1705269517524000000,0.006400262226179939,paolo-laptop,influx_dest
power_consumption,1705269519530000000,0.007532020025247109,paolo-laptop,influx_dest
power_consumption,1705269520534000000,0.012373526748627081,paolo-laptop,influx_dest
power_consumption,1705269521537000000,0.005907386193977452,paolo-laptop,influx_dest
power_consumption,1705269523544000000,0.005926377728054947,paolo-laptop,influx_dest
power_consumption,1705269524545000000,0.0045376057781796346,paolo-laptop,influx_dest
power_consumption,1705269525549000000,0.004662832864522998,paolo-laptop,influx_dest
power_consumption,1705269526551000000,0.003842733274923295,paolo-laptop,influx_dest
power_consumption,1705269527552000000,0.006773383943800538,paolo-laptop,influx_dest
power_consumption,1705269529558000000,0.0034630630510149407,paolo-laptop,influx_dest
power_consumption,1705269530560000000,0.011760910011528757,paolo-laptop,influx_dest
power_consumption,1705269531564000000,0.004419268714179813,paolo-laptop,influx_dest
power_consumption,1705269532569000000,0.005063484163436414,paolo-laptop,influx_dest
power_consumption,1705269533572000000,0.004142787023016964,paolo-laptop,influx_dest
power_consumption,1705269534573000000,0.00468358021347574,paolo-laptop,influx_dest
power_consumption,1705269535576000000,0.005480411787435359,paolo-laptop,influx_dest
power_consumption,1705269536578000000,0.005906369836698007,paolo-laptop,influx_dest
power_consumption,1705269537580000000,0.005918819162243993,paolo-laptop,influx_dest
power_consumption,1705269538585000000,0.010281799223595978,paolo-laptop,influx_dest
power_consumption,1705269539589000000,0.005518233571375784,paolo-laptop,influx_dest
power_consumption,1705269540591000000,0.013862728942292455,paolo-laptop,influx_dest
power_consumption,1705269541593000000,0.006412010140707369,paolo-laptop,influx_dest
power_consumption,1705269542595000000,0.007611274262569249,paolo-laptop,influx_dest
power_consumption,1705269543596000000,0.005444159336816535,paolo-laptop,influx_dest
power_consumption,1705269544599000000,0.0033687237301874783,paolo-laptop,influx_dest
power_consumption,1705269546603000000,0.005321482086822395,paolo-laptop,influx_dest
power_consumption,1705269547605000000,0.006889029768094951,paolo-laptop,influx_dest
power_consumption,1705269548607000000,0.008815733792512714,paolo-laptop,influx_dest
power_consumption,1705269549609000000,0.007346314198423491,paolo-laptop,influx_dest
power_consumption,1705269550611000000,0.012796691657666184,paolo-laptop,influx_dest
power_consumption,1705269552615000000,0.003039885753476366,paolo-laptop,influx_dest
power_consumption,1705269553617000000,0.006041067071133343,paolo-laptop,influx_dest
power_consumption,1705269554619000000,0.004069234988647839,paolo-laptop,influx_dest
power_consumption,1705269555620000000,0.00407844045902009,paolo-laptop,influx_dest
power_consumption,1705269556622000000,0.004309967870884716,paolo-laptop,influx_dest
power_consumption,1705269558629000000,0.0031884530611443643,paolo-laptop,influx_dest
power_consumption,1705269559634000000,0.003967315748912911,paolo-laptop,influx_dest
power_consumption,1705269560636000000,0.010573358409534364,paolo-laptop,influx_dest
power_consumption,1705269561638000000,0.006207460947611146,paolo-laptop,influx_dest
power_consumption,1705269562640000000,0.005257006234689441,paolo-laptop,influx_dest
power_consumption,1705269563641000000,0.005589238279192842,paolo-laptop,influx_dest
power_consumption,1705269564644000000,0.005050240402211764,paolo-laptop,influx_dest
power_consumption,1705269565646000000,0.004999900063055623,paolo-laptop,influx_dest
power_consumption,1705269566648000000,0.005310301695361001,paolo-laptop,influx_dest
power_consumption,1705269567652000000,0.0032988011396413632,paolo-laptop,influx_dest
power_consumption,1705269568654000000,0.006809605255944705,paolo-laptop,influx_dest
power_consumption,1705269569656000000,0.004581485050948039,paolo-laptop,influx_dest
power_consumption,1705269570658000000,0.05775731497489887,paolo-laptop,influx_dest
power_consumption,1705269571660000000,0.005296177914111193,paolo-laptop,influx_dest
power_consumption,1705269572662000000,0.005796980811951892,paolo-laptop,influx_dest
power_consumption,1705269573666000000,0.0068862355275831726,paolo-laptop,influx_dest
power_consumption,1705269574669000000,0.0041423760378131915,paolo-laptop,influx_dest
power_consumption,1705269575672000000,0.0052185403446722515,paolo-laptop,influx_dest
power_consumption,1705269576673000000,0.005928524309749924,paolo-laptop,influx_dest
power_consumption,1705269577675000000,0.00601714017985812,paolo-laptop,influx_dest
power_consumption,1705269578677000000,0.0071210970942796265,paolo-laptop,influx_dest
power_consumption,1705269579679000000,0.005675074571242651,paolo-laptop,influx_dest
power_consumption,1705269580681000000,0.015468303972315774,paolo-laptop,influx_dest
power_consumption,1705269581682000000,0.005810891628214846,paolo-laptop,influx_dest
power_consumption,1705269582685000000,0.005908347963656309,paolo-laptop,influx_dest
power_consumption,1705269583687000000,0.005330886799157492,paolo-laptop,influx_dest
power_consumption,1705269584689000000,0.0059353465364095845,paolo-laptop,influx_dest
power_consumption,1705269585692000000,0.005975995335536652,paolo-laptop,influx_dest
power_consumption,1705269586696000000,0.003226827908113262,paolo-laptop,influx_dest
power_consumption,1705269587698000000,0.00537117174569223,paolo-laptop,influx_dest
power_consumption,1705269589701000000,0.005787339472127691,paolo-laptop,influx_dest
power_consumption,1705269590704000000,0.012405012287458904,paolo-laptop,influx_dest
power_consumption,1705269591707000000,0.004521333470593198,paolo-laptop,influx_dest
power_consumption,1705269593712000000,0.003948882000848425,paolo-laptop,influx_dest
power_consumption,1705269594717000000,0.0032714484406000622,paolo-laptop,influx_dest
power_consumption,1705269595719000000,0.004104157905530673,paolo-laptop,influx_dest
power_consumption,1705269597724000000,0.0048060945265636194,paolo-laptop,influx_dest
power_consumption,1705269598728000000,0.007890765840976725,paolo-laptop,influx_dest
power_consumption,1705269599730000000,0.00386372080805509,paolo-laptop,influx_dest
power_consumption,1705269600732000000,0.012393722765117573,paolo-laptop,influx_dest
power_consumption,1705269601734000000,0.00705633144328423,paolo-laptop,influx_dest
power_consumption,1705269602736000000,0.006123271541220333,paolo-laptop,influx_dest
power_consumption,1705269603738000000,0.007517446012643762,paolo-laptop,influx_dest
power_consumption,1705269604741000000,0.005342676888257302,paolo-laptop,influx_dest
power_consumption,1705269605744000000,0.004803374044256422,paolo-laptop,influx_dest
power_consumption,1705269606746000000,0.004152307678402113,paolo-laptop,influx_dest
power_consumption,1705269607750000000,0.0046475236128983525,paolo-laptop,influx_dest
power_consumption,1705269608752000000,0.00651813309749185,paolo-laptop,influx_dest
power_consumption,1705269609760000000,0.007786504948643145,paolo-laptop,influx_dest
power_consumption,1705269612767000000,0.006511098135939487,paolo-laptop,influx_dest
power_consumption,1705269613769000000,0.00606748033019761,paolo-laptop,influx_dest
power_consumption,1705269614771000000,0.004137513776112371,paolo-laptop,influx_dest
power_consumption,1705269615773000000,0.005541857068932555,paolo-laptop,influx_dest
power_consumption,1705269616775000000,0.004331903837701025,paolo-laptop,influx_dest
power_consumption,1705269617776000000,0.0037346451120236785,paolo-laptop,influx_dest
power_consumption,1705269618779000000,0.006740782392579644,paolo-laptop,influx_dest
power_consumption,1705269619781000000,0.003537903785062417,paolo-laptop,influx_dest
power_consumption,1705269620782000000,0.012271424544787503,paolo-laptop,influx_dest
power_consumption,1705269621784000000,0.004246258300613617,paolo-laptop,influx_dest
power_consumption,1705269622786000000,0.005959021534643553,paolo-laptop,influx_dest
power_consumption,1705269623789000000,0.005206619736293473,paolo-laptop,influx_dest
power_consumption,1705269624791000000,0.0038298764935621615,paolo-laptop,influx_dest
power_consumption,1705269625793000000,0.004167284202067275,paolo-laptop,influx_dest
power_consumption,1705269626795000000,0.00561033797050497,paolo-laptop,influx_dest
power_consumption,1705269627797000000,0.005861992683508793,paolo-laptop,influx_dest
power_consumption,1705269628799000000,0.006820408905802545,paolo-laptop,influx_dest
power_consumption,1705269629801000000,0.005419054409081792,paolo-laptop,influx_dest
power_consumption,1705269630803000000,0.012736574410056009,paolo-laptop,influx_dest
power_consumption,1705269631809000000,0.005823821405052235,paolo-laptop,influx_dest
power_consumption,1705269632814000000,0.004095323458168082,paolo-laptop,influx_dest
power_consumption,1705269633816000000,0.005471227678832269,paolo-laptop,influx_dest
power_consumption,1705269634819000000,0.006600710370096909,paolo-laptop,influx_dest
power_consumption,1705269635821000000,0.007318221396728728,paolo-laptop,influx_dest
power_consumption,1705269636825000000,0.008191802685140115,paolo-laptop,influx_dest
power_consumption,1705269637830000000,0.007535550385242674,paolo-laptop,influx_dest
power_consumption,1705269638836000000,0.00628853538191456,paolo-laptop,influx_dest
power_consumption,1705269639842000000,0.004591713465757661,paolo-laptop,influx_dest
power_consumption,1705269640848000000,0.01899242939804982,paolo-laptop,influx_dest
power_consumption,1705269641851000000,0.005287021068178943,paolo-laptop,influx_dest
power_consumption,1705269642856000000,0.08090539792486962,paolo-laptop,influx_dest
power_consumption,1705269643860000000,0.006324483985432426,paolo-laptop,influx_dest
power_consumption,1705269645865000000,0.011593908047914478,paolo-laptop,influx_dest
power_consumption,1705269646869000000,0.005122947105539724,paolo-laptop,influx_dest
power_consumption,1705269647871000000,0.009453070191667993,paolo-laptop,influx_dest
power_consumption,1705269648875000000,0.00701005372069783,paolo-laptop,influx_dest
power_consumption,1705269649880000000,0.003054874327017399,paolo-laptop,influx_dest
power_consumption,1705269650881000000,0.02099639905242133,paolo-laptop,influx_dest
power_consumption,1705269651886000000,0.005685899693882048,paolo-laptop,influx_dest
power_consumption,1705269652890000000,0.008020275061277268,paolo-laptop,influx_dest
power_consumption,1705269653892000000,0.0040960616222397534,paolo-laptop,influx_dest
power_consumption,1705269654894000000,0.005661882136871828,paolo-laptop,influx_dest
power_consumption,1705269655895000000,0.008223592873674822,paolo-laptop,influx_dest
power_consumption,1705269656897000000,0.00859630846908319,paolo-laptop,influx_dest
power_consumption,1705269657902000000,0.006680528658045204,paolo-laptop,influx_dest
power_consumption,1705269658905000000,0.008456597456916293,paolo-laptop,influx_dest
power_consumption,1705269659907000000,0.006494068362026845,paolo-laptop,influx_dest
power_consumption,1705269660908000000,0.012453988596081364,paolo-laptop,influx_dest
power_consumption,1705269661910000000,0.005851076663802125,paolo-laptop,influx_dest
power_consumption,1705269662912000000,0.006132121221108276,paolo-laptop,influx_dest
power_consumption,1705269663914000000,0.005699826875855548,paolo-laptop,influx_dest
power_consumption,1705269664916000000,0.006447362390875726,paolo-laptop,influx_dest
power_consumption,1705269665918000000,0.006801051107569152,paolo-laptop,influx_dest
power_consumption,1705269666920000000,0.00686061806702376,paolo-laptop,influx_dest
power_consumption,1705269667921000000,0.0058823586173805,paolo-laptop,influx_dest
power_consumption,1705269668923000000,0.005852059880276773,paolo-laptop,influx_dest
power_consumption,1705269669925000000,0.0066132492817235315,paolo-laptop,influx_dest
power_consumption,1705269670927000000,0.013232503558008844,paolo-laptop,influx_dest
power_consumption,1705269671930000000,0.007684079040145061,paolo-laptop,influx_dest
power_consumption,1705269673935000000,0.005257797909768567,paolo-laptop,influx_dest
power_consumption,1705269674937000000,0.006490671724088931,paolo-laptop,influx_dest
power_consumption,1705269676946000000,0.007646446301498775,paolo-laptop,influx_dest
power_consumption,1705269677951000000,0.004653171654500822,paolo-laptop,influx_dest
power_consumption,1705269678955000000,0.004642180528674795,paolo-laptop,influx_dest
power_consumption,1705269679957000000,0.005801239646990127,paolo-laptop,influx_dest
power_consumption,1705269680959000000,0.015814743349425685,paolo-laptop,influx_dest
power_consumption,1705269681961000000,0.0070138865206255865,paolo-laptop,influx_dest
power_consumption,1705269682963000000,0.006169161858883353,paolo-laptop,influx_dest
power_consumption,1705269683964000000,0.007373625845320047,paolo-laptop,influx_dest
power_consumption,1705269684966000000,0.008049777472173864,paolo-laptop,influx_dest
power_consumption,1705269685967000000,0.005504421130989067,paolo-laptop,influx_dest
power_consumption,1705269686969000000,0.004564604169973901,paolo-laptop,influx_dest
power_consumption,1705269687971000000,0.006558070748081815,paolo-laptop,influx_dest
power_consumption,1705269688974000000,0.007559171533022007,paolo-laptop,influx_dest
power_consumption,1705269689979000000,0.0051519054658180985,paolo-laptop,influx_dest
power_consumption,1705269690980000000,0.014154458593688166,paolo-laptop,influx_dest
power_consumption,1705269691982000000,0.007997841674330035,paolo-laptop,influx_dest
power_consumption,1705269692985000000,0.007612735911835272,paolo-laptop,influx_dest
power_consumption,1705269693987000000,0.005248246952651733,paolo-laptop,influx_dest
power_consumption,1705269694988000000,0.0031996482554111313,paolo-laptop,influx_dest
power_consumption,1705269695990000000,0.005657968680844479,paolo-laptop,influx_dest
power_consumption,1705269696992000000,0.004706524084162384,paolo-laptop,influx_dest
power_consumption,1705269697993000000,0.004010347855563167,paolo-laptop,influx_dest
power_consumption,1705269698995000000,0.00355691392035796,paolo-laptop,influx_dest
power_consumption,1705269699996000000,0.008410662483295374,paolo-laptop,influx_dest
power_consumption,1705269700999000000,0.017128835012234632,paolo-laptop,influx_dest
power_consumption,1705269702001000000,0.007221027250675148,paolo-laptop,influx_dest
power_consumption,1705269703006000000,0.008925117663775007,paolo-laptop,influx_dest
power_consumption,1705269704013000000,0.004078937566690296,paolo-laptop,influx_dest
power_consumption,1705269705019000000,0.0038332455442017044,paolo-laptop,influx_dest
power_consumption,1705269706023000000,0.004139788286303421,paolo-laptop,influx_dest
power_consumption,1705269708031000000,0.004746004075757631,paolo-laptop,influx_dest
power_consumption,1705269709040000000,0.004989829310052025,paolo-laptop,influx_dest
power_consumption,1705269714061000000,0.003483394389286347,paolo-laptop,influx_dest
power_consumption,1705269715065000000,0.004328505240639646,paolo-laptop,influx_dest
power_consumption,1705269716067000000,0.003200429214319217,paolo-laptop,influx_dest
power_consumption,1705269717069000000,0.005931966138600345,paolo-laptop,influx_dest
power_consumption,1705269718073000000,0.005623961720633616,paolo-laptop,influx_dest
power_consumption,1705269719076000000,0.004927983601143535,paolo-laptop,influx_dest
power_consumption,1705269721085000000,0.012706461117511721,paolo-laptop,influx_dest
power_consumption,1705269722088000000,0.004022230298476741,paolo-laptop,influx_dest
power_consumption,1705269723093000000,0.0041649043080465974,paolo-laptop,influx_dest
power_consumption,1705269724095000000,0.003946535428723086,paolo-laptop,influx_dest
power_consumption,1705269725097000000,0.005735320699689952,paolo-laptop,influx_dest
power_consumption,1705269727102000000,0.004505148994657239,paolo-laptop,influx_dest
power_consumption,1705269728104000000,0.004186656018133718,paolo-laptop,influx_dest
power_consumption,1705269729108000000,0.01590857088801288,paolo-laptop,influx_dest
power_consumption,1705269730111000000,0.012925774937466609,paolo-laptop,influx_dest
power_consumption,1705269731112000000,0.006445495333806136,paolo-laptop,influx_dest
power_consumption,1705269732114000000,0.005756940631855386,paolo-laptop,influx_dest
power_consumption,1705269733119000000,0.0035680202151306137,paolo-laptop,influx_dest
power_consumption,1705269736131000000,0.005093100868746768,paolo-laptop,influx_dest
power_consumption,1705269737133000000,0.005071953676400471,paolo-laptop,influx_dest
power_consumption,1705269738135000000,0.004869647292914233,paolo-laptop,influx_dest
power_consumption,1705269739140000000,0.006557064372925894,paolo-laptop,influx_dest
power_consumption,1705269740142000000,0.013927592665464509,paolo-laptop,influx_dest
power_consumption,1705269741144000000,0.006025948714883541,paolo-laptop,influx_dest
power_consumption,1705269742148000000,0.007910411091883193,paolo-laptop,influx_dest
power_consumption,1705269743151000000,0.00507167445171635,paolo-laptop,influx_dest
power_consumption,1705269744153000000,0.004648274211155526,paolo-laptop,influx_dest
power_consumption,1705269745155000000,0.005513215581898155,paolo-laptop,influx_dest
power_consumption,1705269746158000000,0.00643429453973131,paolo-laptop,influx_dest
power_consumption,1705269747161000000,0.008123620986530048,paolo-laptop,influx_dest
power_consumption,1705269748163000000,0.007825331423410282,paolo-laptop,influx_dest
power_consumption,1705269749164000000,0.008423200562404838,paolo-laptop,influx_dest
power_consumption,1705269750165000000,0.01865374433986706,paolo-laptop,influx_dest
power_consumption,1705269751167000000,0.005784112899068685,paolo-laptop,influx_dest
power_consumption,1705269752168000000,0.004163819332061529,paolo-laptop,influx_dest
power_consumption,1705269753171000000,0.005777516330605642,paolo-laptop,influx_dest
power_consumption,1705269754173000000,0.0039077936164226565,paolo-laptop,influx_dest
power_consumption,1705269755175000000,0.004949742540314206,paolo-laptop,influx_dest
power_consumption,1705269756179000000,0.005516257434280206,paolo-laptop,influx_dest
power_consumption,1705269757180000000,0.004058871373859055,paolo-laptop,influx_dest
power_consumption,1705269758182000000,0.004271144517810963,paolo-laptop,influx_dest
power_consumption,1705269759185000000,0.008562083258310179,paolo-laptop,influx_dest
power_consumption,1705269760187000000,0.016863625626053275,paolo-laptop,influx_dest
power_consumption,1705269761189000000,0.004158362468957295,paolo-laptop,influx_dest
power_consumption,1705269762190000000,0.006129818086485828,paolo-laptop,influx_dest
power_consumption,1705269763193000000,0.005144696739827928,paolo-laptop,influx_dest
power_consumption,1705269764195000000,0.006201140805750384,paolo-laptop,influx_dest
power_consumption,1705269765197000000,0.0058250119878829835,paolo-laptop,influx_dest
power_consumption,1705269766198000000,0.003922895194801669,paolo-laptop,influx_dest
power_consumption,1705269767200000000,0.007050106598288684,paolo-laptop,influx_dest
power_consumption,1705269768204000000,0.008444184517566374,paolo-laptop,influx_dest
power_consumption,1705269769206000000,0.0061363879496178384,paolo-laptop,influx_dest
power_consumption,1705269770208000000,0.01074078580999082,paolo-laptop,influx_dest
power_consumption,1705269771210000000,0.05262746409921397,paolo-laptop,influx_dest
power_consumption,1705269772216000000,0.007813241936908657,paolo-laptop,influx_dest
power_consumption,1705269773218000000,0.005358989364615912,paolo-laptop,influx_dest
power_consumption,1705269774221000000,0.006765782195809542,paolo-laptop,influx_dest
power_consumption,1705269775223000000,0.006476060849690419,paolo-laptop,influx_dest
power_consumption,1705269776225000000,0.0061332745963219235,paolo-laptop,influx_dest
power_consumption,1705269777231000000,0.006522942254605743,paolo-laptop,influx_dest
power_consumption,1705269778232000000,0.007078318240303705,paolo-laptop,influx_dest
power_consumption,1705269779234000000,0.009253123440484151,paolo-laptop,influx_dest
power_consumption,1705269780236000000,0.015069584506417847,paolo-laptop,influx_dest
power_consumption,1705269781238000000,0.00746283164386531,paolo-laptop,influx_dest
power_consumption,1705269782242000000,0.006901480756376314,paolo-laptop,influx_dest
power_consumption,1705269783247000000,0.006138821111011312,paolo-laptop,influx_dest
power_consumption,1705269784249000000,0.006654225639193261,paolo-laptop,influx_dest
power_consumption,1705269785253000000,0.006875605084004317,paolo-laptop,influx_dest
power_consumption,1705269786255000000,0.006151162278058094,paolo-laptop,influx_dest
power_consumption,1705269787257000000,0.005919988295807492,paolo-laptop,influx_dest
power_consumption,1705269788259000000,0.006313824823685765,paolo-laptop,influx_dest
power_consumption,1705269789261000000,0.0055544206677923535,paolo-laptop,influx_dest
power_consumption,1705269790264000000,0.013664438660163706,paolo-laptop,influx_dest
power_consumption,1705269791266000000,0.00445163694215403,paolo-laptop,influx_dest
power_consumption,1705269792268000000,0.0067832511561825935,paolo-laptop,influx_dest
power_consumption,1705269793272000000,0.007452062887184278,paolo-laptop,influx_dest
power_consumption,1705269794276000000,0.004555496435233252,paolo-laptop,influx_dest
power_consumption,1705269795278000000,0.0030777086544806387,paolo-laptop,influx_dest
power_consumption,1705269796280000000,0.009451621464712522,paolo-laptop,influx_dest
power_consumption,1705269797282000000,0.003217439784547796,paolo-laptop,influx_dest
power_consumption,1705269798284000000,0.0043149778586048584,paolo-laptop,influx_dest
power_consumption,1705269799288000000,0.008108962889996504,paolo-laptop,influx_dest
power_consumption,1705269800290000000,0.013353490322510445,paolo-laptop,influx_dest
power_consumption,1705269801292000000,0.006638829288271459,paolo-laptop,influx_dest
power_consumption,1705269802294000000,0.003139839496529443,paolo-laptop,influx_dest
power_consumption,1705269803295000000,0.006351376334227582,paolo-laptop,influx_dest
power_consumption,1705269804297000000,0.0072105660572262,paolo-laptop,influx_dest
power_consumption,1705269806303000000,0.0043287469929941804,paolo-laptop,influx_dest
power_consumption,1705269807304000000,0.006801427168952937,paolo-laptop,influx_dest
power_consumption,1705269808306000000,0.007461254289616475,paolo-laptop,influx_dest
power_consumption,1705269809308000000,0.0066449013115413656,paolo-laptop,influx_dest
power_consumption,1705269810309000000,0.014259502890846437,paolo-laptop,influx_dest
power_consumption,1705269811311000000,0.0059944733165877276,paolo-laptop,influx_dest
power_consumption,1705269812315000000,0.003974501032073889,paolo-laptop,influx_dest
power_consumption,1705269813319000000,0.014907012548042598,paolo-laptop,influx_dest
power_consumption,1705269814321000000,0.00491633295901151,paolo-laptop,influx_dest
power_consumption,1705269815323000000,0.006754196555822414,paolo-laptop,influx_dest
power_consumption,1705269816325000000,0.006757939983149434,paolo-laptop,influx_dest
power_consumption,1705269817331000000,0.005566771288793048,paolo-laptop,influx_dest
power_consumption,1705269818334000000,0.0073696632447385595,paolo-laptop,influx_dest
power_consumption,1705269819338000000,0.0042209302057133495,paolo-laptop,influx_dest
power_consumption,1705269820340000000,0.010644659133301919,paolo-laptop,influx_dest
power_consumption,1705269821342000000,0.006817840625769891,paolo-laptop,influx_dest
power_consumption,1705269822344000000,0.007341370218308601,paolo-laptop,influx_dest
power_consumption,1705269823345000000,0.005629331276149999,paolo-laptop,influx_dest
power_consumption,1705269824349000000,0.014089280533417856,paolo-laptop,influx_dest
power_consumption,1705269825353000000,0.013814248725414919,paolo-laptop,influx_dest
power_consumption,1705269826357000000,0.004077658285545128,paolo-laptop,influx_dest
power_consumption,1705269827360000000,0.004393483661019958,paolo-laptop,influx_dest
power_consumption,1705269828362000000,0.005480239971273296,paolo-laptop,influx_dest
power_consumption,1705269829364000000,0.007006738551513721,paolo-laptop,influx_dest
power_consumption,1705269830366000000,0.016995816487467216,paolo-laptop,influx_dest
power_consumption,1705269831367000000,0.007048080621663956,paolo-laptop,influx_dest
power_consumption,1705269832369000000,0.0074914285016892635,paolo-laptop,influx_dest
power_consumption,1705269833371000000,0.05925736537492402,paolo-laptop,influx_dest
power_consumption,1705269834374000000,0.006858275673018142,paolo-laptop,influx_dest
power_consumption,1705269835376000000,0.006548488760343669,paolo-laptop,influx_dest
power_consumption,1705269836378000000,0.00588109040945444,paolo-laptop,influx_dest
power_consumption,1705269837379000000,0.005618208802897963,paolo-laptop,influx_dest
power_consumption,1705269838381000000,0.006278339457647834,paolo-laptop,influx_dest
power_consumption,1705269839383000000,0.008080939902773306,paolo-laptop,influx_dest
power_consumption,1705269840385000000,0.012279717782830348,paolo-laptop,influx_dest
power_consumption,1705269841387000000,0.00828657041763146,paolo-laptop,influx_dest
power_consumption,1705269842389000000,0.004503504768311067,paolo-laptop,influx_dest
power_consumption,1705269843391000000,0.004194030781038148,paolo-laptop,influx_dest
power_consumption,1705269844393000000,0.0037775487161116035,paolo-laptop,influx_dest
power_consumption,1705269845395000000,0.005100944770645478,paolo-laptop,influx_dest
power_consumption,1705269846397000000,0.005507311495559972,paolo-laptop,influx_dest
power_consumption,1705269847399000000,0.006290288511295183,paolo-laptop,influx_dest
power_consumption,1705269848401000000,0.007942158962084448,paolo-laptop,influx_dest
power_consumption,1705269849402000000,0.007162850302671917,paolo-laptop,influx_dest
power_consumption,1705269850404000000,0.014157860411453714,paolo-laptop,influx_dest
power_consumption,1705269851406000000,0.003373404754353644,paolo-laptop,influx_dest
power_consumption,1705269852408000000,0.007478070033507386,paolo-laptop,influx_dest
power_consumption,1705269853409000000,0.003787093176105713,paolo-laptop,influx_dest
power_consumption,1705269854412000000,0.0050790944894702076,paolo-laptop,influx_dest
power_consumption,1705269855418000000,0.005930082521164195,paolo-laptop,influx_dest
power_consumption,1705269856420000000,0.003905153582338168,paolo-laptop,influx_dest
power_consumption,1705269857422000000,0.003934272797497041,paolo-laptop,influx_dest
power_consumption,1705269858426000000,0.009365021932598052,paolo-laptop,influx_dest
power_consumption,1705269859430000000,0.004670121848598527,paolo-laptop,influx_dest
power_consumption,1705269860432000000,0.017304498351680922,paolo-laptop,influx_dest
power_consumption,1705269861434000000,0.00405829021977613,paolo-laptop,influx_dest
power_consumption,1705269862436000000,0.003987396323420901,paolo-laptop,influx_dest
power_consumption,1705269863438000000,0.00672528361887962,paolo-laptop,influx_dest
power_consumption,1705269864444000000,0.00892578851213378,paolo-laptop,influx_dest
power_consumption,1705269865448000000,0.004586631356304945,paolo-laptop,influx_dest
power_consumption,1705269866455000000,0.005889785405459357,paolo-laptop,influx_dest
power_consumption,1705269867461000000,0.010422514774268971,paolo-laptop,influx_dest
power_consumption,1705269868465000000,0.004327297139961477,paolo-laptop,influx_dest
power_consumption,1705269869469000000,0.005223153948083498,paolo-laptop,influx_dest
power_consumption,1705269871476000000,0.004869942347760095,paolo-laptop,influx_dest
power_consumption,1705269872478000000,0.005924903465656115,paolo-laptop,influx_dest
power_consumption,1705269873482000000,0.0067941619135419296,paolo-laptop,influx_dest
power_consumption,1705269874483000000,0.003709901323228049,paolo-laptop,influx_dest
power_consumption,1705269875485000000,0.006487394629790858,paolo-laptop,influx_dest
power_consumption,1705269876489000000,0.0032036164475340886,paolo-laptop,influx_dest
power_consumption,1705269877490000000,0.00410594028576874,paolo-laptop,influx_dest
power_consumption,1705269878495000000,0.00356614961307478,paolo-laptop,influx_dest
power_consumption,1705269879500000000,0.004059462344093489,paolo-laptop,influx_dest
power_consumption,1705269880501000000,0.014206122236130941,paolo-laptop,influx_dest
power_consumption,1705269881502000000,0.0071239007485784074,paolo-laptop,influx_dest
power_consumption,1705269882507000000,0.009209534923177908,paolo-laptop,influx_dest
power_consumption,1705269883509000000,0.006853809304697156,paolo-laptop,influx_dest
power_consumption,1705269884513000000,0.005394239604212654,paolo-laptop,influx_dest
power_consumption,1705269885518000000,0.00450565021525227,paolo-laptop,influx_dest
power_consumption,1705269886520000000,0.003312437202429167,paolo-laptop,influx_dest
power_consumption,1705269887521000000,0.005786219645596033,paolo-laptop,influx_dest
power_consumption,1705269888523000000,0.006915978766569131,paolo-laptop,influx_dest
power_consumption,1705269889525000000,0.00590438896985602,paolo-laptop,influx_dest
power_consumption,1705269890527000000,0.013257314207609573,paolo-laptop,influx_dest
power_consumption,1705269891530000000,0.004557841071171081,paolo-laptop,influx_dest
power_consumption,1705269892533000000,0.0032988822731862696,paolo-laptop,influx_dest
power_consumption,1705269893537000000,0.005433228562192189,paolo-laptop,influx_dest
power_consumption,1705269894539000000,0.005288353205347507,paolo-laptop,influx_dest
power_consumption,1705269895546000000,0.003990902158269516,paolo-laptop,influx_dest
power_consumption,1705269896549000000,0.0037515860807589394,paolo-laptop,influx_dest
power_consumption,1705269897552000000,0.0060122479337529015,paolo-laptop,influx_dest
power_consumption,1705269898555000000,0.007989203169845662,paolo-laptop,influx_dest
power_consumption,1705269899559000000,0.00829146030901132,paolo-laptop,influx_dest
power_consumption,1705269900563000000,0.014253696116246845,paolo-laptop,influx_dest
power_consumption,1705269901564000000,0.005427460658753089,paolo-laptop,influx_dest
power_consumption,1705269902566000000,0.005735184013768279,paolo-laptop,influx_dest
power_consumption,1705269903568000000,0.006214174326173445,paolo-laptop,influx_dest
power_consumption,1705269904570000000,0.006166447962326455,paolo-laptop,influx_dest
power_consumption,1705269905572000000,0.0572911409057652,paolo-laptop,influx_dest
power_consumption,1705269906574000000,0.006004648791939127,paolo-laptop,influx_dest
power_consumption,1705269907576000000,0.005026112349855861,paolo-laptop,influx_dest
power_consumption,1705269908578000000,0.006385593130404875,paolo-laptop,influx_dest
power_consumption,1705269909580000000,0.005879201055755786,paolo-laptop,influx_dest
power_consumption,1705269910582000000,0.012698389531907571,paolo-laptop,influx_dest
power_consumption,1705269911584000000,0.005140081003458948,paolo-laptop,influx_dest
power_consumption,1705269912586000000,0.005931493408799178,paolo-laptop,influx_dest
power_consumption,1705269913588000000,0.005979594750381389,paolo-laptop,influx_dest
power_consumption,1705269914590000000,0.005840693668761038,paolo-laptop,influx_dest
power_consumption,1705269915592000000,0.006078807680973594,paolo-laptop,influx_dest
power_consumption,1705269916595000000,0.0058179928054227096,paolo-laptop,influx_dest
power_consumption,1705269917597000000,0.006096655101448811,paolo-laptop,influx_dest
power_consumption,1705269918599000000,0.006321254222437422,paolo-laptop,influx_dest
power_consumption,1705269919602000000,0.006241138914804233,paolo-laptop,influx_dest
power_consumption,1705269920603000000,0.01400925274143592,paolo-laptop,influx_dest
power_consumption,1705269921607000000,0.005580230857089854,paolo-laptop,influx_dest
power_consumption,1705269922609000000,0.00673486204786828,paolo-laptop,influx_dest
power_consumption,1705269923612000000,0.005030016112364533,paolo-laptop,influx_dest
power_consumption,1705269924614000000,0.0065422249803115855,paolo-laptop,influx_dest
power_consumption,1705269925618000000,0.0052346253429457566,paolo-laptop,influx_dest
power_consumption,1705269926620000000,0.005894692752750448,paolo-laptop,influx_dest
power_consumption,1705269927622000000,0.00755388264031337,paolo-laptop,influx_dest
power_consumption,1705269928625000000,0.006868018930502973,paolo-laptop,influx_dest
power_consumption,1705269929627000000,0.0056383010957597145,paolo-laptop,influx_dest
power_consumption,1705269930630000000,0.014009756462848924,paolo-laptop,influx_dest
power_consumption,1705269931633000000,0.007781693436258164,paolo-laptop,influx_dest
power_consumption,1705269932638000000,0.006368281004300693,paolo-laptop,influx_dest
power_consumption,1705269933649000000,0.008462323356560405,paolo-laptop,influx_dest
power_consumption,1705269934654000000,0.0057424827771853214,paolo-laptop,influx_dest
power_consumption,1705269935655000000,0.007730806654308574,paolo-laptop,influx_dest
power_consumption,1705269936657000000,0.004299305433240293,paolo-laptop,influx_dest
power_consumption,1705269937660000000,0.004086044479796214,paolo-laptop,influx_dest
power_consumption,1705269938663000000,0.0090338325286278,paolo-laptop,influx_dest
power_consumption,1705269939669000000,0.007759662842795982,paolo-laptop,influx_dest
power_consumption,1705269940670000000,0.03319606593087869,paolo-laptop,influx_dest
power_consumption,1705269941675000000,0.006828764595164681,paolo-laptop,influx_dest
power_consumption,1705269942677000000,0.0054966060795027544,paolo-laptop,influx_dest
power_consumption,1705269943681000000,0.0034917559565533175,paolo-laptop,influx_dest
power_consumption,1705269944685000000,0.007671721587482257,paolo-laptop,influx_dest
power_consumption,1705269945688000000,0.005038519598644308,paolo-laptop,influx_dest
power_consumption,1705269946690000000,0.006238551981750645,paolo-laptop,influx_dest
power_consumption,1705269947692000000,0.006196815249624708,paolo-laptop,influx_dest
power_consumption,1705269948696000000,0.0038532018420825084,paolo-laptop,influx_dest
power_consumption,1705269949700000000,0.0075101854430990175,paolo-laptop,influx_dest
power_consumption,1705269950703000000,0.0165020788319475,paolo-laptop,influx_dest
power_consumption,1705269951705000000,0.006374751170056674,paolo-laptop,influx_dest
power_consumption,1705269952707000000,0.006985969318748109,paolo-laptop,influx_dest
power_consumption,1705269953709000000,0.003318762492543463,paolo-laptop,influx_dest
power_consumption,1705269954713000000,0.005583852911173277,paolo-laptop,influx_dest
power_consumption,1705269955717000000,0.005425222255657802,paolo-laptop,influx_dest
power_consumption,1705269956719000000,0.005048868514003747,paolo-laptop,influx_dest
power_consumption,1705269957721000000,0.005063846361531324,paolo-laptop,influx_dest
power_consumption,1705269958724000000,0.006494698276422726,paolo-laptop,influx_dest
power_consumption,1705269959728000000,0.007144584982465969,paolo-laptop,influx_dest
power_consumption,1705269961735000000,0.008742636257558865,paolo-laptop,influx_dest
power_consumption,1705269962738000000,0.005252289286222022,paolo-laptop,influx_dest
power_consumption,1705269963740000000,0.005484288263665292,paolo-laptop,influx_dest
power_consumption,1705269964745000000,0.0033906157270475338,paolo-laptop,influx_dest
power_consumption,1705269965747000000,0.006700619317978582,paolo-laptop,influx_dest
power_consumption,1705269966751000000,0.008394578436848965,paolo-laptop,influx_dest
power_consumption,1705269967755000000,0.0037113568557861063,paolo-laptop,influx_dest
power_consumption,1705269968756000000,0.005800148570691895,paolo-laptop,influx_dest
power_consumption,1705269969761000000,0.005897293535826408,paolo-laptop,influx_dest
power_consumption,1705269970763000000,0.016756134974638636,paolo-laptop,influx_dest
power_consumption,1705269971770000000,0.007081284880749662,paolo-laptop,influx_dest
power_consumption,1705269972772000000,0.004836462304747859,paolo-laptop,influx_dest
power_consumption,1705269973777000000,0.005879112320611991,paolo-laptop,influx_dest
power_consumption,1705269974778000000,0.007118592579863959,paolo-laptop,influx_dest
power_consumption,1705269975780000000,0.005942542198995981,paolo-laptop,influx_dest
power_consumption,1705269976782000000,0.00371503695867848,paolo-laptop,influx_dest
power_consumption,1705269977785000000,0.10867481424551267,paolo-laptop,influx_dest
power_consumption,1705269978789000000,0.0067983640263771326,paolo-laptop,influx_dest
power_consumption,1705269979792000000,0.006545035604150671,paolo-laptop,influx_dest
power_consumption,1705269980794000000,0.01591465805174394,paolo-laptop,influx_dest
power_consumption,1705269981796000000,0.005137863639459662,paolo-laptop,influx_dest
power_consumption,1705269982798000000,0.004237329002080243,paolo-laptop,influx_dest
power_consumption,1705269983799000000,0.00791208064243265,paolo-laptop,influx_dest
power_consumption,1705269984801000000,0.005886729242918515,paolo-laptop,influx_dest
power_consumption,1705269985803000000,0.006630286252105169,paolo-laptop,influx_dest
power_consumption,1705269986805000000,0.00586677473719052,paolo-laptop,influx_dest
power_consumption,1705269987807000000,0.005839097602139198,paolo-laptop,influx_dest
power_consumption,1705269988809000000,0.006659761117172373,paolo-laptop,influx_dest
power_consumption,1705269989811000000,0.0051575735427452675,paolo-laptop,influx_dest
power_consumption,1705269990813000000,0.013597805834982067,paolo-laptop,influx_dest
power_consumption,1705269991814000000,0.007831835825520458,paolo-laptop,influx_dest
power_consumption,1705269992820000000,0.005431808015934472,paolo-laptop,influx_dest
power_consumption,1705269993822000000,0.008508611407102438,paolo-laptop,influx_dest
power_consumption,1705269994823000000,0.006293185268160487,paolo-laptop,influx_dest
power_consumption,1705269995825000000,0.005145196237178711,paolo-laptop,influx_dest
power_consumption,1705269996827000000,0.0050267811156268155,paolo-laptop,influx_dest
power_consumption,1705269997829000000,0.003577939644668678,paolo-laptop,influx_dest
power_consumption,1705269998834000000,0.006426279892175668,paolo-laptop,influx_dest
power_consumption,1705269999839000000,0.005556625278472864,paolo-laptop,influx_dest
power_consumption,1705270000842000000,0.01459626360117173,paolo-laptop,influx_dest
power_consumption,1705270001846000000,0.0030449302486992595,paolo-laptop,influx_dest
power_consumption,1705270002852000000,0.005004371542721356,paolo-laptop,influx_dest
power_consumption,1705270003855000000,0.008188160137021339,paolo-laptop,influx_dest
power_consumption,1705270004857000000,0.006177226008917836,paolo-laptop,influx_dest
power_consumption,1705270005861000000,0.007179445563583645,paolo-laptop,influx_dest
power_consumption,1705270006863000000,0.004919440676969965,paolo-laptop,influx_dest
power_consumption,1705270007866000000,0.008682648148523582,paolo-laptop,influx_dest
power_consumption,1705270008869000000,0.005600037876916682,paolo-laptop,influx_dest
power_consumption,1705270009872000000,0.008660027791652238,paolo-laptop,influx_dest
power_consumption,1705270010874000000,0.01456073748906354,paolo-laptop,influx_dest
power_consumption,1705270011876000000,0.005325802366221701,paolo-laptop,influx_dest
power_consumption,1705270012878000000,0.005925729479671035,paolo-laptop,influx_dest
power_consumption,1705270013879000000,0.0056445884049259815,paolo-laptop,influx_dest
power_consumption,1705270014881000000,0.005114875869499626,paolo-laptop,influx_dest
power_consumption,1705270016884000000,0.005822749492254196,paolo-laptop,influx_dest
power_consumption,1705270017888000000,0.003262739230529101,paolo-laptop,influx_dest
power_consumption,1705270018892000000,0.009921162190095536,paolo-laptop,influx_dest
power_consumption,1705270019894000000,0.006507789142830553,paolo-laptop,influx_dest
power_consumption,1705270020896000000,0.012769774168267276,paolo-laptop,influx_dest
power_consumption,1705270021900000000,0.007118740667691302,paolo-laptop,influx_dest
power_consumption,1705270022904000000,0.00693957990080705,paolo-laptop,influx_dest
power_consumption,1705270023907000000,0.005534834455683427,paolo-laptop,influx_dest
power_consumption,1705270024909000000,0.005318421222592257,paolo-laptop,influx_dest
power_consumption,1705270025911000000,0.006522525830859117,paolo-laptop,influx_dest
power_consumption,1705270026915000000,0.004087097379435439,paolo-laptop,influx_dest
power_consumption,1705270027917000000,0.007905204284139952,paolo-laptop,influx_dest
power_consumption,1705270028919000000,0.007235105472258006,paolo-laptop,influx_dest
power_consumption,1705270029923000000,0.00827481920966855,paolo-laptop,influx_dest
power_consumption,1705270030924000000,0.01280513628457771,paolo-laptop,influx_dest
power_consumption,1705270031928000000,0.004608937983472615,paolo-laptop,influx_dest
power_consumption,1705270033935000000,0.00482939521543558,paolo-laptop,influx_dest
power_consumption,1705270034938000000,0.005922950427552842,paolo-laptop,influx_dest
power_consumption,1705270035940000000,0.006751127245179553,paolo-laptop,influx_dest
power_consumption,1705270036943000000,0.003309011833304809,paolo-laptop,influx_dest
power_consumption,1705270037944000000,0.005667038215389157,paolo-laptop,influx_dest
power_consumption,1705270038949000000,0.0057995078138576035,paolo-laptop,influx_dest
power_consumption,1705270039951000000,0.004868520587303949,paolo-laptop,influx_dest
power_consumption,1705270040952000000,0.009694744715408397,paolo-laptop,influx_dest
power_consumption,1705270041956000000,0.00783212876093798,paolo-laptop,influx_dest
power_consumption,1705270042959000000,0.009544629662354115,paolo-laptop,influx_dest
power_consumption,1705270043964000000,0.0072477095391861165,paolo-laptop,influx_dest
power_consumption,1705270044968000000,0.07744283365625199,paolo-laptop,influx_dest
power_consumption,1705270045970000000,0.007027897874025254,paolo-laptop,influx_dest
power_consumption,1705270046973000000,0.004988613561581107,paolo-laptop,influx_dest
power_consumption,1705270047974000000,0.005134571861291693,paolo-laptop,influx_dest
power_consumption,1705270049977000000,0.008015341546899802,paolo-laptop,influx_dest
power_consumption,1705270050979000000,0.020074705847170835,paolo-laptop,influx_dest
power_consumption,1705270051980000000,0.005210797880932637,paolo-laptop,influx_dest
power_consumption,1705270053987000000,0.0039034993582703083,paolo-laptop,influx_dest
power_consumption,1705270054990000000,0.008196257586311062,paolo-laptop,influx_dest
power_consumption,1705270055992000000,0.005957599955753432,paolo-laptop,influx_dest
power_consumption,1705270056994000000,0.006665037570490371,paolo-laptop,influx_dest
power_consumption,1705270057996000000,0.005956316951224112,paolo-laptop,influx_dest
power_consumption,1705270058998000000,0.00860498745188518,paolo-laptop,influx_dest
power_consumption,1705270059999000000,0.006094384791376785,paolo-laptop,influx_dest
power_consumption,1705270061001000000,0.019620239053065505,paolo-laptop,influx_dest
power_consumption,1705270062004000000,0.0042883496520165956,paolo-laptop,influx_dest
power_consumption,1705270063006000000,0.0054345324904441356,paolo-laptop,influx_dest
power_consumption,1705270064010000000,0.006509708862392405,paolo-laptop,influx_dest
power_consumption,1705270065012000000,0.005706792073652798,paolo-laptop,influx_dest
power_consumption,1705270066015000000,0.007800765302760411,paolo-laptop,influx_dest
power_consumption,1705270067017000000,0.007657924113167416,paolo-laptop,influx_dest
power_consumption,1705270068019000000,0.006603975883939062,paolo-laptop,influx_dest
power_consumption,1705270069020000000,0.008455643838643043,paolo-laptop,influx_dest
power_consumption,1705270070022000000,0.015185062010863054,paolo-laptop,influx_dest
power_consumption,1705270071025000000,0.0067521618471496556,paolo-laptop,influx_dest
power_consumption,1705270072027000000,0.0038758110333019847,paolo-laptop,influx_dest
power_consumption,1705270073032000000,0.005802749967143116,paolo-laptop,influx_dest
power_consumption,1705270074036000000,0.005035675675289797,paolo-laptop,influx_dest
power_consumption,1705270075040000000,0.007909787798076601,paolo-laptop,influx_dest
power_consumption,1705270076042000000,0.004797675308818194,paolo-laptop,influx_dest
power_consumption,1705270077044000000,0.006427376025214766,paolo-laptop,influx_dest
power_consumption,1705270078046000000,0.005730618494004842,paolo-laptop,influx_dest
power_consumption,1705270079048000000,0.006762742643548229,paolo-laptop,influx_dest
power_consumption,1705270080050000000,0.01299667569300669,paolo-laptop,influx_dest
power_consumption,1705270081051000000,0.006164817901201674,paolo-laptop,influx_dest
power_consumption,1705270082053000000,0.006605198558684928,paolo-laptop,influx_dest
power_consumption,1705270083057000000,0.006387917910393796,paolo-laptop,influx_dest
power_consumption,1705270085065000000,0.006299145967627467,paolo-laptop,influx_dest
power_consumption,1705270086066000000,0.005388055179686215,paolo-laptop,influx_dest
power_consumption,1705270087068000000,0.0055291538755670435,paolo-laptop,influx_dest
power_consumption,1705270088070000000,0.0063983506855472255,paolo-laptop,influx_dest
power_consumption,1705270089074000000,0.0156115187072322,paolo-laptop,influx_dest
power_consumption,1705270090076000000,0.0178214756117792,paolo-laptop,influx_dest
power_consumption,1705270091080000000,0.007444729067380938,paolo-laptop,influx_dest
power_consumption,1705270092083000000,0.013173019876157661,paolo-laptop,influx_dest
power_consumption,1705270093088000000,0.005863278592930655,paolo-laptop,influx_dest
power_consumption,1705270094089000000,0.008184686790189227,paolo-laptop,influx_dest
power_consumption,1705270095093000000,0.0070113634841561055,paolo-laptop,influx_dest
power_consumption,1705270096096000000,0.008848228024711725,paolo-laptop,influx_dest
power_consumption,1705270097099000000,0.013501132622488218,paolo-laptop,influx_dest
power_consumption,1705270098103000000,0.0053022004667971035,paolo-laptop,influx_dest
power_consumption,1705270100114000000,0.02707995878707867,paolo-laptop,influx_dest
power_consumption,1705270101119000000,0.015759671563034996,paolo-laptop,influx_dest
power_consumption,1705270102123000000,0.008550843781490578,paolo-laptop,influx_dest
power_consumption,1705270104130000000,0.008375671690299133,paolo-laptop,influx_dest
power_consumption,1705270105132000000,0.007844541682010623,paolo-laptop,influx_dest
power_consumption,1705270106134000000,0.0050666312262070325,paolo-laptop,influx_dest
power_consumption,1705270107136000000,0.014465621549880087,paolo-laptop,influx_dest
power_consumption,1705270108137000000,0.004410700869511736,paolo-laptop,influx_dest
power_consumption,1705270111143000000,0.01514461855689207,paolo-laptop,influx_dest
power_consumption,1705270113147000000,0.014789493379229855,paolo-laptop,influx_dest
power_consumption,1705270114150000000,0.006222247909112908,paolo-laptop,influx_dest
power_consumption,1705270115152000000,0.006560874547554238,paolo-laptop,influx_dest
power_consumption,1705270116154000000,0.007753039203484793,paolo-laptop,influx_dest
power_consumption,1705270117155000000,0.006535029979368419,paolo-laptop,influx_dest
power_consumption,1705270118158000000,0.056484830732428076,paolo-laptop,influx_dest
power_consumption,1705270119160000000,0.00857171275639217,paolo-laptop,influx_dest
power_consumption,1705270120165000000,0.014048944115194556,paolo-laptop,influx_dest
power_consumption,1705270121166000000,0.006077936222630726,paolo-laptop,influx_dest
power_consumption,1705270122169000000,0.006485288974707957,paolo-laptop,influx_dest
power_consumption,1705270123171000000,0.0074908201828168324,paolo-laptop,influx_dest
power_consumption,1705270124173000000,0.006577034786960513,paolo-laptop,influx_dest
power_consumption,1705270125176000000,0.0050599245084211805,paolo-laptop,influx_dest
power_consumption,1705270126180000000,0.005322282138336995,paolo-laptop,influx_dest
power_consumption,1705270127183000000,0.0066507045406990345,paolo-laptop,influx_dest
power_consumption,1705270128184000000,0.005390734036462734,paolo-laptop,influx_dest
power_consumption,1705270129190000000,0.008206938185107947,paolo-laptop,influx_dest
power_consumption,1705270130210000000,0.014198527405112637,paolo-laptop,influx_dest
power_consumption,1705270131212000000,0.003299658304700058,paolo-laptop,influx_dest
power_consumption,1705270132214000000,0.006299396676150636,paolo-laptop,influx_dest
power_consumption,1705270133215000000,0.00449005855446054,paolo-laptop,influx_dest
power_consumption,1705270134217000000,0.005209298460417769,paolo-laptop,influx_dest
power_consumption,1705270135219000000,0.006187172465312066,paolo-laptop,influx_dest
power_consumption,1705270136220000000,0.00508713680402784,paolo-laptop,influx_dest
power_consumption,1705270137222000000,0.005827533251239074,paolo-laptop,influx_dest
power_consumption,1705270138227000000,0.006978442954801101,paolo-laptop,influx_dest
power_consumption,1705270139229000000,0.007728686318070468,paolo-laptop,influx_dest
power_consumption,1705270140239000000,0.010942313406889299,paolo-laptop,influx_dest
power_consumption,1705270141244000000,0.0055054428419872735,paolo-laptop,influx_dest
power_consumption,1705270142247000000,0.00661415279466253,paolo-laptop,influx_dest
power_consumption,1705270143252000000,0.00868843796608793,paolo-laptop,influx_dest
power_consumption,1705270144255000000,0.008858405243691862,paolo-laptop,influx_dest
power_consumption,1705270145260000000,0.006195115965444158,paolo-laptop,influx_dest
power_consumption,1705270146264000000,0.012549053145689215,paolo-laptop,influx_dest
power_consumption,1705270147266000000,0.003240051583919086,paolo-laptop,influx_dest
power_consumption,1705270148268000000,0.006452042158645987,paolo-laptop,influx_dest
power_consumption,1705270149270000000,0.006448724007800486,paolo-laptop,influx_dest
power_consumption,1705270150272000000,0.013151125335651527,paolo-laptop,influx_dest
power_consumption,1705270151277000000,0.006155181081444075,paolo-laptop,influx_dest
power_consumption,1705270152282000000,0.00424920692101349,paolo-laptop,influx_dest
power_consumption,1705270153287000000,0.005023322120202322,paolo-laptop,influx_dest
power_consumption,1705270154291000000,0.005566202982810326,paolo-laptop,influx_dest
power_consumption,1705270155293000000,0.0054227997646976315,paolo-laptop,influx_dest
power_consumption,1705270157297000000,0.006565353764571284,paolo-laptop,influx_dest
power_consumption,1705270158299000000,0.007915729014888441,paolo-laptop,influx_dest
power_consumption,1705270159301000000,0.005188655953363937,paolo-laptop,influx_dest
power_consumption,1705270160302000000,0.013839349229296152,paolo-laptop,influx_dest
power_consumption,1705270161304000000,0.007150219947549872,paolo-laptop,influx_dest
power_consumption,1705270162306000000,0.005297135702740976,paolo-laptop,influx_dest
power_consumption,1705270163310000000,0.015381610128829295,paolo-laptop,influx_dest
power_consumption,1705270164311000000,0.006156470869024374,paolo-laptop,influx_dest
power_consumption,1705270165313000000,0.0031888408232943854,paolo-laptop,influx_dest
power_consumption,1705270166314000000,0.005531759170318012,paolo-laptop,influx_dest
power_consumption,1705270167316000000,0.0035221921050950433,paolo-laptop,influx_dest
power_consumption,1705270168321000000,0.00573236214296439,paolo-laptop,influx_dest
power_consumption,1705270169326000000,0.009610713693057833,paolo-laptop,influx_dest
power_consumption,1705270170328000000,0.0107864953154368,paolo-laptop,influx_dest
power_consumption,1705270171332000000,0.007447705109792792,paolo-laptop,influx_dest
power_consumption,1705270172336000000,0.007946228120866547,paolo-laptop,influx_dest
power_consumption,1705270173338000000,0.005022654320029029,paolo-laptop,influx_dest
power_consumption,1705270174340000000,0.006194818383220899,paolo-laptop,influx_dest
power_consumption,1705270175342000000,0.007338976087045838,paolo-laptop,influx_dest
power_consumption,1705270176344000000,0.01621672516958476,paolo-laptop,influx_dest
power_consumption,1705270177345000000,0.005643013226827486,paolo-laptop,influx_dest
power_consumption,1705270178346000000,0.007096029086247114,paolo-laptop,influx_dest
power_consumption,1705270179348000000,0.007447460954453167,paolo-laptop,influx_dest
power_consumption,1705270180350000000,0.017968273243489062,paolo-laptop,influx_dest
