name,time,power,sensor,target
power_consumption,1704874185612000000,12.65706952005384,paolo-laptop,crate-container-cd
power_consumption,1704874186614000000,13.823967200709436,paolo-laptop,crate-container-cd
power_consumption,1704874187616000000,12.50197176785414,paolo-laptop,crate-container-cd
power_consumption,1704874188617000000,11.377151815900863,paolo-laptop,crate-container-cd
power_consumption,1704874189618000000,11.82323142913308,paolo-laptop,crate-container-cd
power_consumption,1704874190620000000,12.953650708488285,paolo-laptop,crate-container-cd
power_consumption,1704874191622000000,11.500546714735366,paolo-laptop,crate-container-cd
power_consumption,1704874192623000000,12.673783654735669,paolo-laptop,crate-container-cd
power_consumption,1704874194627000000,10.371522665436078,paolo-laptop,crate-container-cd
power_consumption,1704874195628000000,10.648776829167709,paolo-laptop,crate-container-cd
power_consumption,1704874196630000000,12.671560845113781,paolo-laptop,crate-container-cd
power_consumption,1704874197632000000,15.247271165880449,paolo-laptop,crate-container-cd
power_consumption,1704874198634000000,14.12073863162346,paolo-laptop,crate-container-cd
power_consumption,1704874199636000000,12.910479224522437,paolo-laptop,crate-container-cd
power_consumption,1704874200638000000,11.665820305704987,paolo-laptop,crate-container-cd
power_consumption,1704874201640000000,10.139647747576252,paolo-laptop,crate-container-cd
power_consumption,1704874202641000000,10.90981979552923,paolo-laptop,crate-container-cd
power_consumption,1704874203642000000,14.745365600833733,paolo-laptop,crate-container-cd
power_consumption,1704874204644000000,11.861928175831668,paolo-laptop,crate-container-cd
power_consumption,1704874207648000000,11.381113012577316,paolo-laptop,crate-container-cd
power_consumption,1704874208650000000,12.913669750801132,paolo-laptop,crate-container-cd
power_consumption,1704874210652000000,10.404665943150768,paolo-laptop,crate-container-cd
power_consumption,1704874213657000000,12.0269304819586,paolo-laptop,crate-container-cd
power_consumption,1704874214658000000,10.477386418059293,paolo-laptop,crate-container-cd
power_consumption,1704874215659000000,11.623743968093507,paolo-laptop,crate-container-cd
power_consumption,1704874216661000000,11.110271492481612,paolo-laptop,crate-container-cd
power_consumption,1704874217662000000,11.37160819272848,paolo-laptop,crate-container-cd
power_consumption,1704874219664000000,11.823417040764914,paolo-laptop,crate-container-cd
power_consumption,1704874225677000000,11.999495988210834,paolo-laptop,crate-container-cd
power_consumption,1704874226679000000,13.719019442947419,paolo-laptop,crate-container-cd
power_consumption,1704874227680000000,14.224231222854375,paolo-laptop,crate-container-cd
power_consumption,1704874228682000000,13.254533439105746,paolo-laptop,crate-container-cd
power_consumption,1704874229683000000,16.68477257027676,paolo-laptop,crate-container-cd
power_consumption,1704874230688000000,9.121459103669569,paolo-laptop,crate-container-cd
power_consumption,1704874231689000000,8.398959060649101,paolo-laptop,crate-container-cd
power_consumption,1704874232690000000,9.178005663501315,paolo-laptop,crate-container-cd
power_consumption,1704874233691000000,10.87141322743189,paolo-laptop,crate-container-cd
power_consumption,1704874234693000000,9.213504789387827,paolo-laptop,crate-container-cd
power_consumption,1704874235696000000,12.481663433946938,paolo-laptop,crate-container-cd
power_consumption,1704874236697000000,9.484839122832938,paolo-laptop,crate-container-cd
power_consumption,1704874237699000000,12.750562134663465,paolo-laptop,crate-container-cd
power_consumption,1704874238700000000,9.892040081525371,paolo-laptop,crate-container-cd
power_consumption,1704874239702000000,11.891064992364832,paolo-laptop,crate-container-cd
power_consumption,1704874240703000000,10.42260849141206,paolo-laptop,crate-container-cd
power_consumption,1704874241705000000,10.828045956793776,paolo-laptop,crate-container-cd
power_consumption,1704874243708000000,12.55683228786373,paolo-laptop,crate-container-cd
power_consumption,1704874244712000000,12.293432495190848,paolo-laptop,crate-container-cd
power_consumption,1704874250726000000,13.066610940541416,paolo-laptop,crate-container-cd
power_consumption,1704874251736000000,14.925485699500157,paolo-laptop,crate-container-cd
power_consumption,1704874252738000000,14.970457563077623,paolo-laptop,crate-container-cd
power_consumption,1704874253741000000,14.697864817720014,paolo-laptop,crate-container-cd
power_consumption,1704874254742000000,14.883324958164064,paolo-laptop,crate-container-cd
power_consumption,1704874255744000000,12.63493066323157,paolo-laptop,crate-container-cd
power_consumption,1704874256751000000,11.79616350652077,paolo-laptop,crate-container-cd
power_consumption,1704874257758000000,14.769672231766744,paolo-laptop,crate-container-cd
power_consumption,1704874258770000000,15.233416668669042,paolo-laptop,crate-container-cd
power_consumption,1704874259781000000,14.504394273830886,paolo-laptop,crate-container-cd
power_consumption,1704874260783000000,14.503963670618297,paolo-laptop,crate-container-cd
power_consumption,1704874261785000000,14.016117942107924,paolo-laptop,crate-container-cd
power_consumption,1704874262787000000,14.71952957358409,paolo-laptop,crate-container-cd
power_consumption,1704874263788000000,15.570495182446377,paolo-laptop,crate-container-cd
power_consumption,1704874264791000000,13.988261393101892,paolo-laptop,crate-container-cd
power_consumption,1704874265793000000,14.135157470611146,paolo-laptop,crate-container-cd
power_consumption,1704874266795000000,14.288994636469099,paolo-laptop,crate-container-cd
power_consumption,1704874267797000000,13.698653936647872,paolo-laptop,crate-container-cd
power_consumption,1704874268798000000,13.92873860673273,paolo-laptop,crate-container-cd
power_consumption,1704874269800000000,13.445556515908759,paolo-laptop,crate-container-cd
power_consumption,1704874270802000000,13.654023931114793,paolo-laptop,crate-container-cd
power_consumption,1704874271804000000,12.07892415087614,paolo-laptop,crate-container-cd
power_consumption,1704874272807000000,13.785904516236167,paolo-laptop,crate-container-cd
power_consumption,1704874273815000000,13.28608563775889,paolo-laptop,crate-container-cd
power_consumption,1704874274817000000,13.51958188567609,paolo-laptop,crate-container-cd
power_consumption,1704874275819000000,13.058103008724531,paolo-laptop,crate-container-cd
power_consumption,1704874276821000000,13.586746997457265,paolo-laptop,crate-container-cd
power_consumption,1704874277823000000,13.250227728403523,paolo-laptop,crate-container-cd
power_consumption,1704874278825000000,16.042356989596996,paolo-laptop,crate-container-cd
power_consumption,1704874279827000000,14.244247900739326,paolo-laptop,crate-container-cd
power_consumption,1704874280829000000,12.4954985272357,paolo-laptop,crate-container-cd
power_consumption,1704874281832000000,13.053336806760884,paolo-laptop,crate-container-cd
power_consumption,1704874282835000000,11.165369083483318,paolo-laptop,crate-container-cd
power_consumption,1704874283837000000,9.596983711840434,paolo-laptop,crate-container-cd
power_consumption,1704874284839000000,14.770170367789962,paolo-laptop,crate-container-cd
power_consumption,1704874285841000000,13.9029086985851,paolo-laptop,crate-container-cd
power_consumption,1704874286846000000,14.907835476666225,paolo-laptop,crate-container-cd
power_consumption,1704874287848000000,14.405772787387491,paolo-laptop,crate-container-cd
power_consumption,1704874288851000000,15.509655937029759,paolo-laptop,crate-container-cd
power_consumption,1704874289853000000,14.678631543253967,paolo-laptop,crate-container-cd
power_consumption,1704874290854000000,16.698182419519902,paolo-laptop,crate-container-cd
power_consumption,1704874291856000000,13.943926528612703,paolo-laptop,crate-container-cd
power_consumption,1704874292858000000,13.036290576567843,paolo-laptop,crate-container-cd
power_consumption,1704874293860000000,13.455184348090071,paolo-laptop,crate-container-cd
power_consumption,1704874294862000000,13.827571343005161,paolo-laptop,crate-container-cd
power_consumption,1704874295864000000,13.86224291415005,paolo-laptop,crate-container-cd
power_consumption,1704874296866000000,16.166845705736584,paolo-laptop,crate-container-cd
power_consumption,1704874297870000000,13.787531809857391,paolo-laptop,crate-container-cd
power_consumption,1704874298873000000,13.491373912482848,paolo-laptop,crate-container-cd
power_consumption,1704874299875000000,13.302628644454577,paolo-laptop,crate-container-cd
power_consumption,1704874300877000000,14.28899501700511,paolo-laptop,crate-container-cd
power_consumption,1704874301878000000,14.735477272898798,paolo-laptop,crate-container-cd
power_consumption,1704874302880000000,14.308792942446775,paolo-laptop,crate-container-cd
power_consumption,1704874303896000000,13.815913619820677,paolo-laptop,crate-container-cd
power_consumption,1704874304902000000,13.700682662315765,paolo-laptop,crate-container-cd
power_consumption,1704874305904000000,13.37550277389717,paolo-laptop,crate-container-cd
power_consumption,1704874306907000000,14.123769794190043,paolo-laptop,crate-container-cd
power_consumption,1704874307909000000,15.309446057877757,paolo-laptop,crate-container-cd
power_consumption,1704874308911000000,13.642529258798993,paolo-laptop,crate-container-cd
power_consumption,1704874309913000000,13.35490180589358,paolo-laptop,crate-container-cd
power_consumption,1704874310915000000,13.585182319612993,paolo-laptop,crate-container-cd
power_consumption,1704874311917000000,13.596365721712832,paolo-laptop,crate-container-cd
power_consumption,1704874312919000000,14.224445543451118,paolo-laptop,crate-container-cd
power_consumption,1704874313921000000,12.300964818361052,paolo-laptop,crate-container-cd
power_consumption,1704874314927000000,12.782942920569031,paolo-laptop,crate-container-cd
power_consumption,1704874315929000000,13.164167507578718,paolo-laptop,crate-container-cd
power_consumption,1704874316931000000,12.977548362037826,paolo-laptop,crate-container-cd
power_consumption,1704874317933000000,11.11295844112717,paolo-laptop,crate-container-cd
power_consumption,1704874318935000000,11.720735962557772,paolo-laptop,crate-container-cd
power_consumption,1704874319938000000,12.780649654908473,paolo-laptop,crate-container-cd
power_consumption,1704874320940000000,11.213689082359481,paolo-laptop,crate-container-cd
power_consumption,1704874321941000000,11.753249318652758,paolo-laptop,crate-container-cd
power_consumption,1704874322944000000,11.218536782886423,paolo-laptop,crate-container-cd
power_consumption,1704874323946000000,10.364288037381545,paolo-laptop,crate-container-cd
power_consumption,1704874324948000000,11.634827176619183,paolo-laptop,crate-container-cd
power_consumption,1704874325950000000,10.992507640705046,paolo-laptop,crate-container-cd
power_consumption,1704874326952000000,10.439174158927079,paolo-laptop,crate-container-cd
power_consumption,1704874327954000000,11.219375749393105,paolo-laptop,crate-container-cd
power_consumption,1704874328956000000,11.466310928694114,paolo-laptop,crate-container-cd
power_consumption,1704874329959000000,12.62358849201686,paolo-laptop,crate-container-cd
power_consumption,1704874330961000000,18.102285055634493,paolo-laptop,crate-container-cd
power_consumption,1704874331963000000,13.670707550530974,paolo-laptop,crate-container-cd
power_consumption,1704874332965000000,14.176515691291616,paolo-laptop,crate-container-cd
power_consumption,1704874333967000000,12.949611703648893,paolo-laptop,crate-container-cd
power_consumption,1704874334969000000,13.43748394448699,paolo-laptop,crate-container-cd
power_consumption,1704874335972000000,13.49391632756746,paolo-laptop,crate-container-cd
power_consumption,1704874336974000000,13.91440201565221,paolo-laptop,crate-container-cd
power_consumption,1704874337976000000,14.049495262685877,paolo-laptop,crate-container-cd
power_consumption,1704874338979000000,13.871971277662421,paolo-laptop,crate-container-cd
power_consumption,1704874339981000000,13.290950823683936,paolo-laptop,crate-container-cd
power_consumption,1704874340985000000,12.225831347561938,paolo-laptop,crate-container-cd
power_consumption,1704874341987000000,12.437822868121636,paolo-laptop,crate-container-cd
power_consumption,1704874342988000000,13.404590028706021,paolo-laptop,crate-container-cd
power_consumption,1704874343995000000,13.266238231597171,paolo-laptop,crate-container-cd
power_consumption,1704874346000000000,12.08901875274907,paolo-laptop,crate-container-cd
power_consumption,1704874350026000000,14.1816546771161,paolo-laptop,crate-container-cd
power_consumption,1704874351028000000,13.62964735938162,paolo-laptop,crate-container-cd
power_consumption,1704874352030000000,13.70413724172332,paolo-laptop,crate-container-cd
power_consumption,1704874353032000000,13.93974189775198,paolo-laptop,crate-container-cd
power_consumption,1704874354034000000,14.749137826584391,paolo-laptop,crate-container-cd
power_consumption,1704874355036000000,13.463786786010093,paolo-laptop,crate-container-cd
power_consumption,1704874356039000000,11.715137075949187,paolo-laptop,crate-container-cd
power_consumption,1704874357041000000,13.884580676968596,paolo-laptop,crate-container-cd
power_consumption,1704874358043000000,14.185994454484426,paolo-laptop,crate-container-cd
power_consumption,1704874359045000000,13.42793660087241,paolo-laptop,crate-container-cd
power_consumption,1704874360047000000,14.072887079705582,paolo-laptop,crate-container-cd
power_consumption,1704874361049000000,13.821464271254314,paolo-laptop,crate-container-cd
power_consumption,1704874362051000000,14.303636524474229,paolo-laptop,crate-container-cd
power_consumption,1704874363054000000,13.644619917481604,paolo-laptop,crate-container-cd
power_consumption,1704874364056000000,14.157487542906354,paolo-laptop,crate-container-cd
power_consumption,1704874365058000000,13.84356625955246,paolo-laptop,crate-container-cd
power_consumption,1704874369068000000,12.942230560731588,paolo-laptop,crate-container-cd
power_consumption,1704874370069000000,14.12266513484684,paolo-laptop,crate-container-cd
power_consumption,1704874378096000000,14.160243449476317,paolo-laptop,crate-container-cd
power_consumption,1704874379098000000,14.286903238840928,paolo-laptop,crate-container-cd
power_consumption,1704874380101000000,14.83025042707458,paolo-laptop,crate-container-cd
power_consumption,1704874381103000000,13.681843508608363,paolo-laptop,crate-container-cd
power_consumption,1704874382106000000,13.879745212366798,paolo-laptop,crate-container-cd
power_consumption,1704874383108000000,12.371003267745957,paolo-laptop,crate-container-cd
power_consumption,1704874384110000000,13.518180400197023,paolo-laptop,crate-container-cd
power_consumption,1704874385113000000,13.143978717313088,paolo-laptop,crate-container-cd
power_consumption,1704874386116000000,14.112128345844777,paolo-laptop,crate-container-cd
power_consumption,1704874387120000000,13.894191091690221,paolo-laptop,crate-container-cd
power_consumption,1704874388126000000,14.137634708041805,paolo-laptop,crate-container-cd
power_consumption,1704874389131000000,13.490901226871383,paolo-laptop,crate-container-cd
power_consumption,1704874390133000000,13.828041429615253,paolo-laptop,crate-container-cd
power_consumption,1704874391135000000,13.53591317827782,paolo-laptop,crate-container-cd
power_consumption,1704874392137000000,14.220456047623628,paolo-laptop,crate-container-cd
power_consumption,1704874394141000000,14.790741603433258,paolo-laptop,crate-container-cd
power_consumption,1704874395143000000,13.730713201293248,paolo-laptop,crate-container-cd
power_consumption,1704874396145000000,14.32479499066522,paolo-laptop,crate-container-cd
power_consumption,1704874398150000000,14.37891751740551,paolo-laptop,crate-container-cd
power_consumption,1704874399152000000,13.492279090575195,paolo-laptop,crate-container-cd
power_consumption,1704874400155000000,13.768833541967425,paolo-laptop,crate-container-cd
power_consumption,1704874401157000000,14.021218453450428,paolo-laptop,crate-container-cd
power_consumption,1704874402160000000,13.622783033465268,paolo-laptop,crate-container-cd
power_consumption,1704874406168000000,14.599914765908428,paolo-laptop,crate-container-cd
power_consumption,1704874407170000000,14.206313334605131,paolo-laptop,crate-container-cd
power_consumption,1704874411186000000,11.471717617833741,paolo-laptop,crate-container-cd
power_consumption,1704874418208000000,10.568044077633031,paolo-laptop,crate-container-cd
power_consumption,1704874419210000000,12.862669672538752,paolo-laptop,crate-container-cd
power_consumption,1704874420212000000,13.054336060800237,paolo-laptop,crate-container-cd
power_consumption,1704874421213000000,13.08491529154623,paolo-laptop,crate-container-cd
power_consumption,1704874422216000000,12.917560596639664,paolo-laptop,crate-container-cd
power_consumption,1704874423222000000,12.936199654135335,paolo-laptop,crate-container-cd
power_consumption,1704874424229000000,12.96131214954473,paolo-laptop,crate-container-cd
power_consumption,1704874425230000000,12.873207520060808,paolo-laptop,crate-container-cd
power_consumption,1704874426234000000,13.211915078532556,paolo-laptop,crate-container-cd
power_consumption,1704874427236000000,12.972774760167438,paolo-laptop,crate-container-cd
power_consumption,1704874428238000000,12.922851481339709,paolo-laptop,crate-container-cd
power_consumption,1704874429240000000,12.932918654890788,paolo-laptop,crate-container-cd
power_consumption,1704874430241000000,12.649208692476977,paolo-laptop,crate-container-cd
power_consumption,1704874431243000000,12.86957898139961,paolo-laptop,crate-container-cd
power_consumption,1704874432246000000,13.33159602531265,paolo-laptop,crate-container-cd
power_consumption,1704874434252000000,12.141239048604515,paolo-laptop,crate-container-cd
power_consumption,1704874436256000000,12.854982897906723,paolo-laptop,crate-container-cd
power_consumption,1704874441283000000,13.044629500647199,paolo-laptop,crate-container-cd
power_consumption,1704874442285000000,13.049434114391886,paolo-laptop,crate-container-cd
power_consumption,1704874443288000000,13.17371094509026,paolo-laptop,crate-container-cd
power_consumption,1704874444290000000,13.058166351301557,paolo-laptop,crate-container-cd
power_consumption,1704874445292000000,13.207748872228679,paolo-laptop,crate-container-cd
power_consumption,1704874448300000000,12.987352594083704,paolo-laptop,crate-container-cd
power_consumption,1704874449303000000,12.58637461606226,paolo-laptop,crate-container-cd
power_consumption,1704874451306000000,12.993936033877523,paolo-laptop,crate-container-cd
power_consumption,1704874452309000000,12.948486344567142,paolo-laptop,crate-container-cd
power_consumption,1704874453315000000,13.169228064806008,paolo-laptop,crate-container-cd
power_consumption,1704874454317000000,12.980765901631017,paolo-laptop,crate-container-cd
power_consumption,1704874455320000000,13.136821970628755,paolo-laptop,crate-container-cd
power_consumption,1704874456322000000,12.987315037430479,paolo-laptop,crate-container-cd
power_consumption,1704874457324000000,13.075030364963704,paolo-laptop,crate-container-cd
power_consumption,1704874466352000000,11.98180838358515,paolo-laptop,crate-container-cd
power_consumption,1704874468355000000,12.862476052086967,paolo-laptop,crate-container-cd
power_consumption,1704874472362000000,13.777115811467606,paolo-laptop,crate-container-cd
power_consumption,1704874473364000000,13.016907913615265,paolo-laptop,crate-container-cd
power_consumption,1704874474366000000,12.224190441035683,paolo-laptop,crate-container-cd
power_consumption,1704874475368000000,13.29332992552268,paolo-laptop,crate-container-cd
power_consumption,1704874476370000000,12.67283319820681,paolo-laptop,crate-container-cd
power_consumption,1704874477373000000,13.325176331997712,paolo-laptop,crate-container-cd
power_consumption,1704874478375000000,13.026002486074024,paolo-laptop,crate-container-cd
power_consumption,1704874479378000000,12.823276814477808,paolo-laptop,crate-container-cd
power_consumption,1704874480381000000,12.080119918689817,paolo-laptop,crate-container-cd
power_consumption,1704874481385000000,13.135679657175217,paolo-laptop,crate-container-cd
power_consumption,1704874482387000000,13.252655942597773,paolo-laptop,crate-container-cd
power_consumption,1704874483390000000,12.907963385510866,paolo-laptop,crate-container-cd
power_consumption,1704874484393000000,13.01143389035894,paolo-laptop,crate-container-cd
power_consumption,1704874485395000000,13.352303634000041,paolo-laptop,crate-container-cd
power_consumption,1704874486397000000,13.048896203529672,paolo-laptop,crate-container-cd
power_consumption,1704874487399000000,13.5714081742708,paolo-laptop,crate-container-cd
power_consumption,1704874488402000000,13.04839959392546,paolo-laptop,crate-container-cd
power_consumption,1704874489404000000,13.401608491830407,paolo-laptop,crate-container-cd
power_consumption,1704874490406000000,12.857369599323803,paolo-laptop,crate-container-cd
power_consumption,1704874491408000000,13.424817445098686,paolo-laptop,crate-container-cd
power_consumption,1704874492410000000,12.863354492234485,paolo-laptop,crate-container-cd
power_consumption,1704874493412000000,13.341026689133697,paolo-laptop,crate-container-cd
power_consumption,1704874494415000000,12.757312765120481,paolo-laptop,crate-container-cd
power_consumption,1704874495417000000,13.173805757846534,paolo-laptop,crate-container-cd
power_consumption,1704874496419000000,13.140946143348398,paolo-laptop,crate-container-cd
power_consumption,1704874497424000000,13.185853994174858,paolo-laptop,crate-container-cd
power_consumption,1704874498429000000,13.187966250528554,paolo-laptop,crate-container-cd
power_consumption,1704874499431000000,13.192279603720195,paolo-laptop,crate-container-cd
power_consumption,1704874500434000000,12.472133988096118,paolo-laptop,crate-container-cd
power_consumption,1704874501436000000,12.872726568013922,paolo-laptop,crate-container-cd
power_consumption,1704874502438000000,13.314627985524835,paolo-laptop,crate-container-cd
power_consumption,1704874503441000000,12.86393327196553,paolo-laptop,crate-container-cd
power_consumption,1704874504443000000,13.25190885030257,paolo-laptop,crate-container-cd
power_consumption,1704874505445000000,13.018664895988024,paolo-laptop,crate-container-cd
power_consumption,1704874506447000000,13.240807103471191,paolo-laptop,crate-container-cd
power_consumption,1704874507449000000,12.884474372924672,paolo-laptop,crate-container-cd
power_consumption,1704874508451000000,13.217177451947848,paolo-laptop,crate-container-cd
power_consumption,1704874509453000000,12.704910322876863,paolo-laptop,crate-container-cd
power_consumption,1704874510455000000,12.790913599070223,paolo-laptop,crate-container-cd
power_consumption,1704874511457000000,12.68320643264137,paolo-laptop,crate-container-cd
power_consumption,1704874512458000000,10.367270890127859,paolo-laptop,crate-container-cd
power_consumption,1704874513460000000,12.41390460326252,paolo-laptop,crate-container-cd
power_consumption,1704874516464000000,12.081840181050147,paolo-laptop,crate-container-cd
power_consumption,1704874517465000000,11.761755579118322,paolo-laptop,crate-container-cd
power_consumption,1704874520473000000,12.030542436231196,paolo-laptop,crate-container-cd
power_consumption,1704874521475000000,12.219487522277436,paolo-laptop,crate-container-cd
power_consumption,1704874522477000000,12.662610177019939,paolo-laptop,crate-container-cd
power_consumption,1704874523479000000,12.737988210060257,paolo-laptop,crate-container-cd
power_consumption,1704874524481000000,13.2444983812139,paolo-laptop,crate-container-cd
power_consumption,1704874525483000000,12.83615088898997,paolo-laptop,crate-container-cd
power_consumption,1704874526485000000,13.061836489768606,paolo-laptop,crate-container-cd
power_consumption,1704874527487000000,12.586947219021312,paolo-laptop,crate-container-cd
power_consumption,1704874528489000000,13.028693265968919,paolo-laptop,crate-container-cd
power_consumption,1704874529491000000,12.656510491293075,paolo-laptop,crate-container-cd
power_consumption,1704874530493000000,12.574104788740435,paolo-laptop,crate-container-cd
power_consumption,1704874531496000000,12.896692344237662,paolo-laptop,crate-container-cd
power_consumption,1704874532498000000,13.206889833450845,paolo-laptop,crate-container-cd
power_consumption,1704874533500000000,12.564294210720448,paolo-laptop,crate-container-cd
power_consumption,1704874534502000000,13.200702889583102,paolo-laptop,crate-container-cd
power_consumption,1704874535504000000,12.687768138879832,paolo-laptop,crate-container-cd
power_consumption,1704874536506000000,13.157110662518779,paolo-laptop,crate-container-cd
power_consumption,1704874537509000000,12.543679965827723,paolo-laptop,crate-container-cd
power_consumption,1704874538512000000,13.34164354043828,paolo-laptop,crate-container-cd
power_consumption,1704874539516000000,11.142063444294898,paolo-laptop,crate-container-cd
power_consumption,1704874542521000000,6.72056097275797,paolo-laptop,crate-container-cd
power_consumption,1704874546532000000,6.837221940311748,paolo-laptop,crate-container-cd
power_consumption,1704874554546000000,7.694654119186815,paolo-laptop,crate-container-cd
power_consumption,1704874559558000000,11.66206474786168,paolo-laptop,crate-container-cd
power_consumption,1704874562567000000,9.641138736353307,paolo-laptop,crate-container-cd
power_consumption,1704874566590000000,4.751759192553339,paolo-laptop,crate-container-cd
power_consumption,1704874567593000000,9.474937763388926,paolo-laptop,crate-container-cd
power_consumption,1704874569599000000,5.2560271759943795,paolo-laptop,crate-container-cd
power_consumption,1704874576625000000,7.066860340095673,paolo-laptop,crate-container-cd
power_consumption,1704874581644000000,11.20827252887177,paolo-laptop,crate-container-cd
power_consumption,1704874583648000000,11.525887915111083,paolo-laptop,crate-container-cd
power_consumption,1704874584649000000,11.086197677104396,paolo-laptop,crate-container-cd
power_consumption,1704874585651000000,12.59726311467586,paolo-laptop,crate-container-cd
power_consumption,1704874586653000000,12.169278851280254,paolo-laptop,crate-container-cd
power_consumption,1704874587655000000,11.538196671497289,paolo-laptop,crate-container-cd
power_consumption,1704874588657000000,11.457451646183912,paolo-laptop,crate-container-cd
power_consumption,1704874589659000000,10.321831560123993,paolo-laptop,crate-container-cd
power_consumption,1704874590661000000,10.587460354413558,paolo-laptop,crate-container-cd
power_consumption,1704874591663000000,11.010520720896071,paolo-laptop,crate-container-cd
power_consumption,1704874592665000000,8.81059972868157,paolo-laptop,crate-container-cd
power_consumption,1704874593666000000,11.474710857708269,paolo-laptop,crate-container-cd
power_consumption,1704874594667000000,9.921582459555726,paolo-laptop,crate-container-cd
power_consumption,1704874595669000000,10.471366938578623,paolo-laptop,crate-container-cd
power_consumption,1704874596670000000,10.601292953524432,paolo-laptop,crate-container-cd
power_consumption,1704874597672000000,11.470238159991958,paolo-laptop,crate-container-cd
power_consumption,1704874598674000000,12.29023160201033,paolo-laptop,crate-container-cd
power_consumption,1704874600680000000,10.402603371981705,paolo-laptop,crate-container-cd
power_consumption,1704874601684000000,13.027823025199595,paolo-laptop,crate-container-cd
power_consumption,1704874602690000000,12.814101617694565,paolo-laptop,crate-container-cd
power_consumption,1704874604698000000,5.968379421990572,paolo-laptop,crate-container-cd
power_consumption,1704874606702000000,13.443373528449236,paolo-laptop,crate-container-cd
power_consumption,1704874608706000000,11.254660323715651,paolo-laptop,crate-container-cd
power_consumption,1704874610711000000,13.595316745850647,paolo-laptop,crate-container-cd
power_consumption,1704874611716000000,14.119594193583328,paolo-laptop,crate-container-cd
power_consumption,1704874612718000000,13.853219368157806,paolo-laptop,crate-container-cd
power_consumption,1704874613720000000,14.337562790463455,paolo-laptop,crate-container-cd
power_consumption,1704874614722000000,12.058890716186102,paolo-laptop,crate-container-cd
power_consumption,1704874617727000000,11.921994372234849,paolo-laptop,crate-container-cd
power_consumption,1704874618729000000,12.704146665993878,paolo-laptop,crate-container-cd
power_consumption,1704874619734000000,8.425782220884317,paolo-laptop,crate-container-cd
power_consumption,1704874620735000000,2.8886352414919165,paolo-laptop,crate-container-cd
power_consumption,1704874623740000000,12.589845662475422,paolo-laptop,crate-container-cd
power_consumption,1704874624742000000,12.44620321267417,paolo-laptop,crate-container-cd
power_consumption,1704874628753000000,3.307901964559563,paolo-laptop,crate-container-cd
power_consumption,1704874629756000000,10.823828232486532,paolo-laptop,crate-container-cd
power_consumption,1704874630758000000,5.873560209610718,paolo-laptop,crate-container-cd
power_consumption,1704874631759000000,4.879919804769619,paolo-laptop,crate-container-cd
power_consumption,1704874632763000000,1.438185248692272,paolo-laptop,crate-container-cd
power_consumption,1704874633765000000,12.783743267784075,paolo-laptop,crate-container-cd
power_consumption,1704874634770000000,10.205857266937793,paolo-laptop,crate-container-cd
power_consumption,1704874636778000000,3.1830639273956147,paolo-laptop,crate-container-cd
power_consumption,1704874637781000000,12.480780277875226,paolo-laptop,crate-container-cd
power_consumption,1704874639785000000,12.105074882203663,paolo-laptop,crate-container-cd
power_consumption,1704874640789000000,6.491814718560221,paolo-laptop,crate-container-cd
power_consumption,1704874642794000000,3.8254115528899737,paolo-laptop,crate-container-cd
power_consumption,1704874643796000000,10.948422790990449,paolo-laptop,crate-container-cd
power_consumption,1704874644797000000,5.91279447486177,paolo-laptop,crate-container-cd
power_consumption,1704874645799000000,12.440921875596608,paolo-laptop,crate-container-cd
power_consumption,1704874646801000000,12.669368535819904,paolo-laptop,crate-container-cd
power_consumption,1704874647806000000,4.979557547716083,paolo-laptop,crate-container-cd
power_consumption,1704874648811000000,9.250202118178182,paolo-laptop,crate-container-cd
power_consumption,1704874651818000000,5.631088722078968,paolo-laptop,crate-container-cd
power_consumption,1704874652820000000,4.590805938824084,paolo-laptop,crate-container-cd
power_consumption,1704874653821000000,5.267406380845797,paolo-laptop,crate-container-cd
power_consumption,1704874654823000000,12.294295991273353,paolo-laptop,crate-container-cd
power_consumption,1704874655826000000,12.180562827307227,paolo-laptop,crate-container-cd
power_consumption,1704874656828000000,9.224092678899558,paolo-laptop,crate-container-cd
power_consumption,1704874657830000000,11.322089515555199,paolo-laptop,crate-container-cd
power_consumption,1704874658834000000,2.6100204051917846,paolo-laptop,crate-container-cd
power_consumption,1704874659836000000,9.033336577378563,paolo-laptop,crate-container-cd
power_consumption,1704874660839000000,10.445015054001555,paolo-laptop,crate-container-cd
power_consumption,1704874661843000000,7.828066765266184,paolo-laptop,crate-container-cd
power_consumption,1704874663846000000,12.652658035644084,paolo-laptop,crate-container-cd
power_consumption,1704874664847000000,13.541971166008189,paolo-laptop,crate-container-cd
power_consumption,1704874665852000000,10.06012715146036,paolo-laptop,crate-container-cd
power_consumption,1704874666853000000,2.8685304652602146,paolo-laptop,crate-container-cd
power_consumption,1704874667855000000,11.646175772266902,paolo-laptop,crate-container-cd
power_consumption,1704874668857000000,13.28524193161854,paolo-laptop,crate-container-cd
power_consumption,1704874669860000000,9.076671381833146,paolo-laptop,crate-container-cd
power_consumption,1704874670864000000,8.047597185595597,paolo-laptop,crate-container-cd
power_consumption,1704874672871000000,3.0703169454484485,paolo-laptop,crate-container-cd
power_consumption,1704874673873000000,11.775651915096855,paolo-laptop,crate-container-cd
power_consumption,1704874674874000000,12.136278168892886,paolo-laptop,crate-container-cd
power_consumption,1704874675876000000,11.966256220629045,paolo-laptop,crate-container-cd
power_consumption,1704874676879000000,10.35892953557596,paolo-laptop,crate-container-cd
power_consumption,1704874678883000000,2.0174563210552194,paolo-laptop,crate-container-cd
power_consumption,1704874679886000000,4.751476927999383,paolo-laptop,crate-container-cd
power_consumption,1704874680888000000,9.3169269618429,paolo-laptop,crate-container-cd
power_consumption,1704874681890000000,3.1113110325047457,paolo-laptop,crate-container-cd
power_consumption,1704874682891000000,7.078718353932096,paolo-laptop,crate-container-cd
power_consumption,1704874683893000000,11.883374151513568,paolo-laptop,crate-container-cd
power_consumption,1704874684895000000,12.69699438623112,paolo-laptop,crate-container-cd
power_consumption,1704874685897000000,12.04153532990722,paolo-laptop,crate-container-cd
power_consumption,1704874686899000000,12.050000989271712,paolo-laptop,crate-container-cd
power_consumption,1704874687901000000,12.836914371715995,paolo-laptop,crate-container-cd
power_consumption,1704874688903000000,11.901195403561683,paolo-laptop,crate-container-cd
power_consumption,1704874689905000000,8.293385727111504,paolo-laptop,crate-container-cd
power_consumption,1704874690906000000,12.306783064998424,paolo-laptop,crate-container-cd
power_consumption,1704874691908000000,12.4070687016611,paolo-laptop,crate-container-cd
power_consumption,1704874692910000000,12.526443005565842,paolo-laptop,crate-container-cd
power_consumption,1704874693912000000,11.9865775093851,paolo-laptop,crate-container-cd
power_consumption,1704874694914000000,12.68130572451556,paolo-laptop,crate-container-cd
power_consumption,1704874695917000000,12.765296501549656,paolo-laptop,crate-container-cd
power_consumption,1704874696919000000,13.404697467391365,paolo-laptop,crate-container-cd
power_consumption,1704874697922000000,12.04748414648514,paolo-laptop,crate-container-cd
power_consumption,1704874698925000000,11.562249118189563,paolo-laptop,crate-container-cd
power_consumption,1704874700931000000,10.684352338161887,paolo-laptop,crate-container-cd
power_consumption,1704874701933000000,3.357214812651331,paolo-laptop,crate-container-cd
power_consumption,1704874702936000000,0.9957333470907359,paolo-laptop,crate-container-cd
power_consumption,1704874703940000000,10.439302126151526,paolo-laptop,crate-container-cd
power_consumption,1704874704943000000,12.280638106904572,paolo-laptop,crate-container-cd
power_consumption,1704874705945000000,11.497196978026247,paolo-laptop,crate-container-cd
power_consumption,1704874706947000000,12.134237718615733,paolo-laptop,crate-container-cd
power_consumption,1704874707949000000,12.77759156037889,paolo-laptop,crate-container-cd
power_consumption,1704874708952000000,8.435241594806437,paolo-laptop,crate-container-cd
power_consumption,1704874709954000000,6.460890031453834,paolo-laptop,crate-container-cd
power_consumption,1704874710956000000,11.453276186045773,paolo-laptop,crate-container-cd
power_consumption,1704874711958000000,11.460912766290562,paolo-laptop,crate-container-cd
power_consumption,1704874712959000000,12.788160295447843,paolo-laptop,crate-container-cd
power_consumption,1704874713962000000,12.666322539500655,paolo-laptop,crate-container-cd
power_consumption,1704874714965000000,11.39294166038609,paolo-laptop,crate-container-cd
power_consumption,1704874715967000000,12.576937574931456,paolo-laptop,crate-container-cd
power_consumption,1704874716970000000,3.0173109809800236,paolo-laptop,crate-container-cd
power_consumption,1704874717974000000,10.199494737089378,paolo-laptop,crate-container-cd
power_consumption,1704874718977000000,7.124725851105512,paolo-laptop,crate-container-cd
power_consumption,1704874719979000000,6.611416280976891,paolo-laptop,crate-container-cd
power_consumption,1704874720981000000,11.543834834429331,paolo-laptop,crate-container-cd
power_consumption,1704874721983000000,12.955157349341972,paolo-laptop,crate-container-cd
power_consumption,1704874722984000000,13.904543991102962,paolo-laptop,crate-container-cd
power_consumption,1704874723986000000,13.245527333300302,paolo-laptop,crate-container-cd
power_consumption,1704874724988000000,12.301814077964705,paolo-laptop,crate-container-cd
power_consumption,1704874725989000000,8.642706083317272,paolo-laptop,crate-container-cd
power_consumption,1704874726991000000,9.531057794569026,paolo-laptop,crate-container-cd
power_consumption,1704874727993000000,6.148457380253713,paolo-laptop,crate-container-cd
power_consumption,1704874728998000000,12.894937495697086,paolo-laptop,crate-container-cd
power_consumption,1704874730005000000,12.25077092131368,paolo-laptop,crate-container-cd
power_consumption,1704874731009000000,5.996246822644734,paolo-laptop,crate-container-cd
power_consumption,1704874732011000000,11.31781737930636,paolo-laptop,crate-container-cd
power_consumption,1704874733013000000,23.231937827144144,paolo-laptop,crate-container-cd
power_consumption,1704874734015000000,15.14157533495562,paolo-laptop,crate-container-cd
power_consumption,1704874736018000000,4.337161206002085,paolo-laptop,crate-container-cd
power_consumption,1704874737020000000,12.68521272285706,paolo-laptop,crate-container-cd
power_consumption,1704874738024000000,7.737003937222445,paolo-laptop,crate-container-cd
power_consumption,1704874739026000000,6.628483454680508,paolo-laptop,crate-container-cd
power_consumption,1704874740029000000,8.397996641977558,paolo-laptop,crate-container-cd
power_consumption,1704874741031000000,9.574754383055712,paolo-laptop,crate-container-cd
power_consumption,1704874742035000000,3.76412178033356,paolo-laptop,crate-container-cd
power_consumption,1704874743038000000,9.204603860636034,paolo-laptop,crate-container-cd
power_consumption,1704874744040000000,11.515526669217552,paolo-laptop,crate-container-cd
power_consumption,1704874746044000000,12.75442580314854,paolo-laptop,crate-container-cd
power_consumption,1704874747046000000,12.672751928641139,paolo-laptop,crate-container-cd
power_consumption,1704874748049000000,13.15949657547285,paolo-laptop,crate-container-cd
power_consumption,1704874749054000000,10.259351322476887,paolo-laptop,crate-container-cd
power_consumption,1704874750058000000,2.4964003953857303,paolo-laptop,crate-container-cd
power_consumption,1704874751063000000,9.205702533845033,paolo-laptop,crate-container-cd
power_consumption,1704874753066000000,11.932369703856786,paolo-laptop,crate-container-cd
power_consumption,1704874754068000000,1.0869302237914291,paolo-laptop,crate-container-cd
power_consumption,1704874755069000000,11.398508089596241,paolo-laptop,crate-container-cd
power_consumption,1704874756071000000,11.778914302414481,paolo-laptop,crate-container-cd
power_consumption,1704874757073000000,7.223496258450685,paolo-laptop,crate-container-cd
power_consumption,1704874760078000000,7.741245909509241,paolo-laptop,crate-container-cd
power_consumption,1704874761080000000,12.505300080837369,paolo-laptop,crate-container-cd
power_consumption,1704874762081000000,1.9944133186621134,paolo-laptop,crate-container-cd
power_consumption,1704874763083000000,6.923771582443728,paolo-laptop,crate-container-cd
power_consumption,1704874764084000000,7.089055020080271,paolo-laptop,crate-container-cd
power_consumption,1704874765086000000,13.085817053656644,paolo-laptop,crate-container-cd
power_consumption,1704874766089000000,13.592327178425329,paolo-laptop,crate-container-cd
power_consumption,1704874767091000000,12.948837664083179,paolo-laptop,crate-container-cd
power_consumption,1704874768093000000,13.438285133734432,paolo-laptop,crate-container-cd
power_consumption,1704874769095000000,13.35609791595608,paolo-laptop,crate-container-cd
power_consumption,1704874770097000000,12.922622878277508,paolo-laptop,crate-container-cd
power_consumption,1704874771099000000,12.509635028858693,paolo-laptop,crate-container-cd
power_consumption,1704874772101000000,13.389261085166243,paolo-laptop,crate-container-cd
power_consumption,1704874773103000000,12.673274758050002,paolo-laptop,crate-container-cd
power_consumption,1704874774106000000,13.327022357172874,paolo-laptop,crate-container-cd
power_consumption,1704874775111000000,12.464922771785032,paolo-laptop,crate-container-cd
power_consumption,1704874777115000000,6.174250646961658,paolo-laptop,crate-container-cd
power_consumption,1704874778118000000,0.21154787060295052,paolo-laptop,crate-container-cd
power_consumption,1704874779120000000,11.602351136756443,paolo-laptop,crate-container-cd
power_consumption,1704874780122000000,11.47943115388047,paolo-laptop,crate-container-cd
power_consumption,1704874781124000000,11.10766574123731,paolo-laptop,crate-container-cd
power_consumption,1704874782126000000,12.089654150314551,paolo-laptop,crate-container-cd
power_consumption,1704874783128000000,11.959228158559107,paolo-laptop,crate-container-cd
power_consumption,1704874784130000000,12.070157823009549,paolo-laptop,crate-container-cd
power_consumption,1704874785131000000,12.425565017304065,paolo-laptop,crate-container-cd
power_consumption,1704874786136000000,1.3165298405347863,paolo-laptop,crate-container-cd
power_consumption,1704874788142000000,10.613935703637685,paolo-laptop,crate-container-cd
power_consumption,1704874789144000000,12.552619966534522,paolo-laptop,crate-container-cd
power_consumption,1704874790147000000,2.4442495595523663,paolo-laptop,crate-container-cd
power_consumption,1704874792155000000,2.124560605764427,paolo-laptop,crate-container-cd
power_consumption,1704874793158000000,3.0921066762656584,paolo-laptop,crate-container-cd
power_consumption,1704874795162000000,12.295733716178866,paolo-laptop,crate-container-cd
power_consumption,1704874796164000000,12.363705398545369,paolo-laptop,crate-container-cd
power_consumption,1704874797166000000,12.841753418707352,paolo-laptop,crate-container-cd
power_consumption,1704874798168000000,12.645199778317693,paolo-laptop,crate-container-cd
power_consumption,1704874799171000000,12.684544197684712,paolo-laptop,crate-container-cd
power_consumption,1704874800175000000,12.612458346470966,paolo-laptop,crate-container-cd
power_consumption,1704874801178000000,13.468266050131653,paolo-laptop,crate-container-cd
power_consumption,1704874802180000000,12.493279415310328,paolo-laptop,crate-container-cd
power_consumption,1704874803182000000,13.357623234819204,paolo-laptop,crate-container-cd
power_consumption,1704874804188000000,12.317147540809502,paolo-laptop,crate-container-cd
power_consumption,1704874805194000000,12.904471878517652,paolo-laptop,crate-container-cd
power_consumption,1704874806198000000,2.2330118667181322,paolo-laptop,crate-container-cd
power_consumption,1704874808204000000,8.909908134969031,paolo-laptop,crate-container-cd
power_consumption,1704874809206000000,12.961388896730899,paolo-laptop,crate-container-cd
power_consumption,1704874810207000000,12.164732867737078,paolo-laptop,crate-container-cd
power_consumption,1704874811211000000,2.945163742024247,paolo-laptop,crate-container-cd
power_consumption,1704874812215000000,3.2115633180408705,paolo-laptop,crate-container-cd
power_consumption,1704874813218000000,4.365198052666694,paolo-laptop,crate-container-cd
power_consumption,1704874814219000000,11.592666017689979,paolo-laptop,crate-container-cd
power_consumption,1704874815221000000,12.244701851610355,paolo-laptop,crate-container-cd
power_consumption,1704874816223000000,10.618986878952452,paolo-laptop,crate-container-cd
power_consumption,1704874817226000000,0.4788464253372089,paolo-laptop,crate-container-cd
power_consumption,1704874818230000000,3.99202727082048,paolo-laptop,crate-container-cd
power_consumption,1704874819232000000,10.169371830047492,paolo-laptop,crate-container-cd
power_consumption,1704874820236000000,9.970838487443718,paolo-laptop,crate-container-cd
power_consumption,1704874821240000000,2.942554069052147,paolo-laptop,crate-container-cd
power_consumption,1704874822244000000,4.4964930366730735,paolo-laptop,crate-container-cd
power_consumption,1704874824247000000,5.629761380977023,paolo-laptop,crate-container-cd
power_consumption,1704874825249000000,11.987748985459252,paolo-laptop,crate-container-cd
power_consumption,1704874826251000000,11.64086085152306,paolo-laptop,crate-container-cd
power_consumption,1704874827253000000,11.78356286002003,paolo-laptop,crate-container-cd
power_consumption,1704874828254000000,2.909860891271397,paolo-laptop,crate-container-cd
power_consumption,1704874829256000000,1.4909654823850778,paolo-laptop,crate-container-cd
power_consumption,1704874830257000000,2.9061367198678543,paolo-laptop,crate-container-cd
power_consumption,1704874831259000000,1.351255105940317,paolo-laptop,crate-container-cd
power_consumption,1704874832261000000,1.379224968401846,paolo-laptop,crate-container-cd
power_consumption,1704874833263000000,0.2567039848919859,paolo-laptop,crate-container-cd
power_consumption,1704874834265000000,0.2665794771013793,paolo-laptop,crate-container-cd
power_consumption,1704874836268000000,3.782232722410287,paolo-laptop,crate-container-cd
power_consumption,1704874837270000000,6.011000783672468,paolo-laptop,crate-container-cd
power_consumption,1704874838272000000,10.452968847244549,paolo-laptop,crate-container-cd
power_consumption,1704874839274000000,9.838974190755543,paolo-laptop,crate-container-cd
power_consumption,1704874840278000000,3.0797980979460986,paolo-laptop,crate-container-cd
power_consumption,1704874842285000000,0.1141688865864688,paolo-laptop,crate-container-cd
power_consumption,1704874843289000000,1.7418701259218226,paolo-laptop,crate-container-cd
power_consumption,1704874844291000000,10.145813136951075,paolo-laptop,crate-container-cd
power_consumption,1704874845295000000,3.0114754497165666,paolo-laptop,crate-container-cd
power_consumption,1704874846297000000,8.425090908991072,paolo-laptop,crate-container-cd
power_consumption,1704874847299000000,4.236975998374542,paolo-laptop,crate-container-cd
power_consumption,1704874848301000000,6.6942380819567875,paolo-laptop,crate-container-cd
power_consumption,1704874849306000000,11.055073724054838,paolo-laptop,crate-container-cd
power_consumption,1704874850309000000,1.3416467539435342,paolo-laptop,crate-container-cd
power_consumption,1704874851314000000,0.2671482681266997,paolo-laptop,crate-container-cd
power_consumption,1704874852316000000,0.3956574214265168,paolo-laptop,crate-container-cd
power_consumption,1704874853320000000,1.4576750238250513,paolo-laptop,crate-container-cd
power_consumption,1704874854324000000,3.466745303150052,paolo-laptop,crate-container-cd
power_consumption,1704874855325000000,5.398545593890945,paolo-laptop,crate-container-cd
power_consumption,1704874856328000000,4.053268658900389,paolo-laptop,crate-container-cd
power_consumption,1704874857330000000,3.4830532815708266,paolo-laptop,crate-container-cd
power_consumption,1704874858333000000,13.904372565512546,paolo-laptop,crate-container-cd
power_consumption,1704874859335000000,12.923577439033425,paolo-laptop,crate-container-cd
power_consumption,1704874860340000000,12.547558666719723,paolo-laptop,crate-container-cd
power_consumption,1704874862345000000,1.0799783963669314,paolo-laptop,crate-container-cd
power_consumption,1704874863347000000,12.59571474364177,paolo-laptop,crate-container-cd
power_consumption,1704874864351000000,9.770697733445255,paolo-laptop,crate-container-cd
power_consumption,1704874865352000000,4.13018154850287,paolo-laptop,crate-container-cd
power_consumption,1704874866354000000,5.237494019406218,paolo-laptop,crate-container-cd
power_consumption,1704874867358000000,4.302626918876443,paolo-laptop,crate-container-cd
power_consumption,1704874868360000000,3.4795786658348806,paolo-laptop,crate-container-cd
power_consumption,1704874869362000000,12.544159595171209,paolo-laptop,crate-container-cd
power_consumption,1704874870365000000,2.968411580903392,paolo-laptop,crate-container-cd
power_consumption,1704874871369000000,3.0002349963038406,paolo-laptop,crate-container-cd
power_consumption,1704874872371000000,5.6230337681123395,paolo-laptop,crate-container-cd
power_consumption,1704874873375000000,3.9174833430364124,paolo-laptop,crate-container-cd
power_consumption,1704874874377000000,6.853507826831683,paolo-laptop,crate-container-cd
power_consumption,1704874875378000000,5.945926529886727,paolo-laptop,crate-container-cd
power_consumption,1704874876382000000,9.621046713308584,paolo-laptop,crate-container-cd
power_consumption,1704874877385000000,3.419394832177025,paolo-laptop,crate-container-cd
power_consumption,1704874878387000000,4.087547071756154,paolo-laptop,crate-container-cd
power_consumption,1704874879391000000,6.328445781294718,paolo-laptop,crate-container-cd
power_consumption,1704874880396000000,2.5761539675136573,paolo-laptop,crate-container-cd
power_consumption,1704874881399000000,8.119842501960536,paolo-laptop,crate-container-cd
power_consumption,1704874882402000000,9.461660399010213,paolo-laptop,crate-container-cd
power_consumption,1704874883404000000,6.107872808582533,paolo-laptop,crate-container-cd
power_consumption,1704874884405000000,2.4193609781183594,paolo-laptop,crate-container-cd
power_consumption,1704874885406000000,10.013071475690998,paolo-laptop,crate-container-cd
power_consumption,1704874887410000000,11.848323318654378,paolo-laptop,crate-container-cd
power_consumption,1704874888411000000,12.849249208346578,paolo-laptop,crate-container-cd
power_consumption,1704874889413000000,12.8223453890409,paolo-laptop,crate-container-cd
power_consumption,1704874890414000000,11.950374854171729,paolo-laptop,crate-container-cd
power_consumption,1704874891416000000,2.6203132616613085,paolo-laptop,crate-container-cd
power_consumption,1704874892418000000,11.014831630251235,paolo-laptop,crate-container-cd
power_consumption,1704874893420000000,11.658824944385719,paolo-laptop,crate-container-cd
power_consumption,1704874894423000000,12.455814466403709,paolo-laptop,crate-container-cd
power_consumption,1704874895425000000,10.809415019359472,paolo-laptop,crate-container-cd
power_consumption,1704874896427000000,11.90631354824964,paolo-laptop,crate-container-cd
power_consumption,1704874897429000000,13.201799741148406,paolo-laptop,crate-container-cd
power_consumption,1704874898435000000,11.059439028017568,paolo-laptop,crate-container-cd
power_consumption,1704874899436000000,9.393362406153486,paolo-laptop,crate-container-cd
power_consumption,1704874900438000000,10.723779000008612,paolo-laptop,crate-container-cd
power_consumption,1704874901440000000,12.568660332313982,paolo-laptop,crate-container-cd
power_consumption,1704874902442000000,12.463737705723588,paolo-laptop,crate-container-cd
power_consumption,1704874903445000000,10.14663994790243,paolo-laptop,crate-container-cd
power_consumption,1704874904447000000,10.77065757293622,paolo-laptop,crate-container-cd
power_consumption,1704874905449000000,10.44350484829002,paolo-laptop,crate-container-cd
power_consumption,1704874906451000000,10.696100778116316,paolo-laptop,crate-container-cd
power_consumption,1704874907452000000,10.40357300415535,paolo-laptop,crate-container-cd
power_consumption,1704874908454000000,10.07000074134213,paolo-laptop,crate-container-cd
power_consumption,1704874909455000000,10.205550524344645,paolo-laptop,crate-container-cd
power_consumption,1704874910457000000,10.115885993292636,paolo-laptop,crate-container-cd
power_consumption,1704874911458000000,9.614128876084068,paolo-laptop,crate-container-cd
power_consumption,1704874912459000000,10.713592607201624,paolo-laptop,crate-container-cd
power_consumption,1704874913462000000,10.741299545635552,paolo-laptop,crate-container-cd
power_consumption,1704874914463000000,7.858253625729268,paolo-laptop,crate-container-cd
power_consumption,1704874915469000000,6.669400774025761,paolo-laptop,crate-container-cd
power_consumption,1704874916473000000,3.3408809569084426,paolo-laptop,crate-container-cd
power_consumption,1704874917475000000,12.353085241979304,paolo-laptop,crate-container-cd
power_consumption,1704874918479000000,9.170687857282285,paolo-laptop,crate-container-cd
power_consumption,1704874919481000000,4.319073404317111,paolo-laptop,crate-container-cd
power_consumption,1704874920483000000,10.403425817071888,paolo-laptop,crate-container-cd
power_consumption,1704874921484000000,10.575879105757176,paolo-laptop,crate-container-cd
power_consumption,1704874922486000000,11.214388095660718,paolo-laptop,crate-container-cd
power_consumption,1704874923488000000,12.27415722177946,paolo-laptop,crate-container-cd
power_consumption,1704874924491000000,10.772963899809547,paolo-laptop,crate-container-cd
power_consumption,1704874926497000000,0.23489517875914181,paolo-laptop,crate-container-cd
power_consumption,1704874927499000000,9.872124572324644,paolo-laptop,crate-container-cd
power_consumption,1704874928500000000,9.344432457203727,paolo-laptop,crate-container-cd
power_consumption,1704874929504000000,9.687017892913182,paolo-laptop,crate-container-cd
power_consumption,1704874931509000000,1.1638150197255202,paolo-laptop,crate-container-cd
power_consumption,1704874932510000000,9.700298971250259,paolo-laptop,crate-container-cd
power_consumption,1704874933512000000,9.63727625970159,paolo-laptop,crate-container-cd
power_consumption,1704874934514000000,12.13772426039826,paolo-laptop,crate-container-cd
power_consumption,1704874935519000000,9.533630078601384,paolo-laptop,crate-container-cd
power_consumption,1704874936522000000,7.871059791647026,paolo-laptop,crate-container-cd
power_consumption,1704874937524000000,11.368404462030819,paolo-laptop,crate-container-cd
power_consumption,1704874938525000000,9.909700474557548,paolo-laptop,crate-container-cd
power_consumption,1704874939526000000,10.215484034596631,paolo-laptop,crate-container-cd
power_consumption,1704874940530000000,1.5228990170332457,paolo-laptop,crate-container-cd
power_consumption,1704874942535000000,5.068780504533176,paolo-laptop,crate-container-cd
power_consumption,1704874943536000000,9.38236268905752,paolo-laptop,crate-container-cd
power_consumption,1704874944540000000,4.016077339504846,paolo-laptop,crate-container-cd
power_consumption,1704874946546000000,3.331285351708531,paolo-laptop,crate-container-cd
power_consumption,1704874947550000000,6.286400232684953,paolo-laptop,crate-container-cd
power_consumption,1704874950569000000,10.272420909138562,paolo-laptop,crate-container-cd
power_consumption,1704874951571000000,9.874912225126662,paolo-laptop,crate-container-cd
power_consumption,1704874952573000000,8.803227274917079,paolo-laptop,crate-container-cd
power_consumption,1704874953575000000,8.716835693543135,paolo-laptop,crate-container-cd
power_consumption,1704874954580000000,7.555398435790879,paolo-laptop,crate-container-cd
power_consumption,1704874956589000000,7.679864923775055,paolo-laptop,crate-container-cd
power_consumption,1704874957594000000,8.926676044706513,paolo-laptop,crate-container-cd
power_consumption,1704874958596000000,7.205939492114127,paolo-laptop,crate-container-cd
power_consumption,1704874959597000000,7.446118952931652,paolo-laptop,crate-container-cd
power_consumption,1704874960599000000,10.947501684119803,paolo-laptop,crate-container-cd
power_consumption,1704874961600000000,8.695219150786304,paolo-laptop,crate-container-cd
power_consumption,1704874962602000000,6.801241179186422,paolo-laptop,crate-container-cd
power_consumption,1704874963604000000,7.292114616228546,paolo-laptop,crate-container-cd
power_consumption,1704874964606000000,7.70985414366229,paolo-laptop,crate-container-cd
power_consumption,1704874965607000000,8.179569857151026,paolo-laptop,crate-container-cd
power_consumption,1704874966609000000,8.14920995359589,paolo-laptop,crate-container-cd
power_consumption,1704874967611000000,8.6394411434776,paolo-laptop,crate-container-cd
power_consumption,1704874968613000000,8.789282233453735,paolo-laptop,crate-container-cd
power_consumption,1704874969614000000,7.437819545282891,paolo-laptop,crate-container-cd
power_consumption,1704874970616000000,7.487553230016886,paolo-laptop,crate-container-cd
power_consumption,1704874971618000000,9.58571489216037,paolo-laptop,crate-container-cd
power_consumption,1704874975626000000,4.12856455793262,paolo-laptop,crate-container-cd
power_consumption,1704874979647000000,6.142256024271583,paolo-laptop,crate-container-cd
power_consumption,1704874985674000000,7.130127988966825,paolo-laptop,crate-container-cd
power_consumption,1704874987682000000,1.7181142715184843,paolo-laptop,crate-container-cd
power_consumption,1704874988685000000,3.1244943319275333,paolo-laptop,crate-container-cd
power_consumption,1704874989687000000,7.914688100960569,paolo-laptop,crate-container-cd
power_consumption,1704874990689000000,11.508610726252789,paolo-laptop,crate-container-cd
power_consumption,1704874991691000000,14.553028440171506,paolo-laptop,crate-container-cd
power_consumption,1704874992695000000,4.729563760487028,paolo-laptop,crate-container-cd
power_consumption,1704874993698000000,2.323805769564156,paolo-laptop,crate-container-cd
power_consumption,1704874994701000000,11.627251791057008,paolo-laptop,crate-container-cd
power_consumption,1704874995705000000,10.07752398660476,paolo-laptop,crate-container-cd
power_consumption,1704874996709000000,3.2310705641932485,paolo-laptop,crate-container-cd
power_consumption,1704874998715000000,3.0135680898692225,paolo-laptop,crate-container-cd
power_consumption,1704874999719000000,4.00030484586672,paolo-laptop,crate-container-cd
power_consumption,1704875000723000000,3.4111655893446313,paolo-laptop,crate-container-cd
power_consumption,1704875001729000000,5.768158725328972,paolo-laptop,crate-container-cd
power_consumption,1704875003736000000,2.330959667396189,paolo-laptop,crate-container-cd
power_consumption,1704875004740000000,4.277210753055807,paolo-laptop,crate-container-cd
power_consumption,1704875005741000000,6.482564001344908,paolo-laptop,crate-container-cd
power_consumption,1704875006742000000,3.4390265095635,paolo-laptop,crate-container-cd
power_consumption,1704875008750000000,7.480499079497914,paolo-laptop,crate-container-cd
power_consumption,1704875009753000000,3.742752501018642,paolo-laptop,crate-container-cd
power_consumption,1704875010756000000,0.7868743290215383,paolo-laptop,crate-container-cd
power_consumption,1704875011758000000,1.7148588520767656,paolo-laptop,crate-container-cd
power_consumption,1704875012761000000,2.7379535454886277,paolo-laptop,crate-container-cd
power_consumption,1704875013762000000,3.1296080937783204,paolo-laptop,crate-container-cd
power_consumption,1704875014764000000,6.560188154829569,paolo-laptop,crate-container-cd
power_consumption,1704875015766000000,2.1691214206652836,paolo-laptop,crate-container-cd
power_consumption,1704875016767000000,3.2176915263158805,paolo-laptop,crate-container-cd
power_consumption,1704875017769000000,2.3858308052174517,paolo-laptop,crate-container-cd
power_consumption,1704875018770000000,5.213519378359454,paolo-laptop,crate-container-cd
power_consumption,1704875019771000000,6.078204901717738,paolo-laptop,crate-container-cd
power_consumption,1704875020774000000,6.742144196876993,paolo-laptop,crate-container-cd
power_consumption,1704875021776000000,1.6861805589205643,paolo-laptop,crate-container-cd
power_consumption,1704875022780000000,0.5958301661071511,paolo-laptop,crate-container-cd
power_consumption,1704875023781000000,6.042357617237998,paolo-laptop,crate-container-cd
power_consumption,1704875024786000000,10.922984167147966,paolo-laptop,crate-container-cd
power_consumption,1704875025788000000,1.3606949839149136,paolo-laptop,crate-container-cd
power_consumption,1704875026792000000,12.921466192280178,paolo-laptop,crate-container-cd
power_consumption,1704875027794000000,13.616146515742031,paolo-laptop,crate-container-cd
power_consumption,1704875028797000000,8.903378688239034,paolo-laptop,crate-container-cd
power_consumption,1704875029800000000,3.691952764448325,paolo-laptop,crate-container-cd
power_consumption,1704875030802000000,3.26001968875744,paolo-laptop,crate-container-cd
power_consumption,1704875031804000000,3.5966669915083544,paolo-laptop,crate-container-cd
power_consumption,1704875032806000000,9.743413163113456,paolo-laptop,crate-container-cd
power_consumption,1704875033808000000,13.227108677795899,paolo-laptop,crate-container-cd
power_consumption,1704875034810000000,12.840389083918094,paolo-laptop,crate-container-cd
power_consumption,1704875035819000000,9.686411467224826,paolo-laptop,crate-container-cd
power_consumption,1704875036823000000,4.309115117627531,paolo-laptop,crate-container-cd
power_consumption,1704875037826000000,1.5068819987708348,paolo-laptop,crate-container-cd
power_consumption,1704875038830000000,3.2237992255361947,paolo-laptop,crate-container-cd
power_consumption,1704875040838000000,3.3735094700897497,paolo-laptop,crate-container-cd
power_consumption,1704875041840000000,8.013408440742198,paolo-laptop,crate-container-cd
power_consumption,1704875042843000000,9.56610397328358,paolo-laptop,crate-container-cd
power_consumption,1704875043845000000,4.890298955591697,paolo-laptop,crate-container-cd
power_consumption,1704875044848000000,2.9033234268025847,paolo-laptop,crate-container-cd
power_consumption,1704875045852000000,9.743126323054124,paolo-laptop,crate-container-cd
power_consumption,1704875051872000000,9.917122835550638,paolo-laptop,crate-container-cd
power_consumption,1704875052874000000,13.912781414530816,paolo-laptop,crate-container-cd
power_consumption,1704875053875000000,13.64031917909599,paolo-laptop,crate-container-cd
power_consumption,1704875054879000000,4.622668756308301,paolo-laptop,crate-container-cd
power_consumption,1704875057890000000,1.8598040793811996,paolo-laptop,crate-container-cd
power_consumption,1704875059896000000,4.937623200749321,paolo-laptop,crate-container-cd
power_consumption,1704875060900000000,9.936301619052996,paolo-laptop,crate-container-cd
power_consumption,1704875061901000000,3.491828667076671,paolo-laptop,crate-container-cd
power_consumption,1704875062903000000,5.586109847457904,paolo-laptop,crate-container-cd
power_consumption,1704875063905000000,12.008061996403729,paolo-laptop,crate-container-cd
power_consumption,1704875064909000000,11.438385137149782,paolo-laptop,crate-container-cd
power_consumption,1704875065911000000,1.20044947416804,paolo-laptop,crate-container-cd
power_consumption,1704875066913000000,7.050284847872907,paolo-laptop,crate-container-cd
power_consumption,1704875067916000000,6.260185611068868,paolo-laptop,crate-container-cd
power_consumption,1704875068920000000,8.23795296849498,paolo-laptop,crate-container-cd
power_consumption,1704875069923000000,6.308485558569703,paolo-laptop,crate-container-cd
power_consumption,1704875070926000000,5.339910415132063,paolo-laptop,crate-container-cd
power_consumption,1704875071930000000,5.267668182233923,paolo-laptop,crate-container-cd
power_consumption,1704875072932000000,6.568477241488364,paolo-laptop,crate-container-cd
power_consumption,1704875073933000000,1.5879321121004093,paolo-laptop,crate-container-cd
power_consumption,1704875074936000000,8.877663821888373,paolo-laptop,crate-container-cd
power_consumption,1704875075938000000,12.538138245581314,paolo-laptop,crate-container-cd
power_consumption,1704875076940000000,12.054558520063578,paolo-laptop,crate-container-cd
power_consumption,1704875077942000000,13.096703017740552,paolo-laptop,crate-container-cd
power_consumption,1704875078944000000,12.284155441553565,paolo-laptop,crate-container-cd
power_consumption,1704875079946000000,11.570834580448336,paolo-laptop,crate-container-cd
power_consumption,1704875080948000000,8.975978084767801,paolo-laptop,crate-container-cd
power_consumption,1704875081950000000,4.275288552724885,paolo-laptop,crate-container-cd
power_consumption,1704875082952000000,12.21924278363159,paolo-laptop,crate-container-cd
power_consumption,1704875083953000000,3.8429691546785323,paolo-laptop,crate-container-cd
power_consumption,1704875084955000000,2.9843768202330887,paolo-laptop,crate-container-cd
power_consumption,1704875085957000000,5.062199121339525,paolo-laptop,crate-container-cd
power_consumption,1704875086959000000,11.447936372457322,paolo-laptop,crate-container-cd
power_consumption,1704875087961000000,11.09206740011554,paolo-laptop,crate-container-cd
power_consumption,1704875088963000000,12.360035076038029,paolo-laptop,crate-container-cd
power_consumption,1704875089969000000,11.53581277973439,paolo-laptop,crate-container-cd
power_consumption,1704875090970000000,11.40078709670694,paolo-laptop,crate-container-cd
power_consumption,1704875091972000000,11.869974896532426,paolo-laptop,crate-container-cd
power_consumption,1704875092975000000,11.61924871444925,paolo-laptop,crate-container-cd
power_consumption,1704875093976000000,11.985101454774743,paolo-laptop,crate-container-cd
power_consumption,1704875094977000000,11.836050140271379,paolo-laptop,crate-container-cd
power_consumption,1704875095979000000,11.602867299850292,paolo-laptop,crate-container-cd
power_consumption,1704875096981000000,12.119803222772099,paolo-laptop,crate-container-cd
power_consumption,1704875097983000000,10.918687614662382,paolo-laptop,crate-container-cd
power_consumption,1704875098985000000,11.260963837635186,paolo-laptop,crate-container-cd
power_consumption,1704875099987000000,10.400515382951887,paolo-laptop,crate-container-cd
power_consumption,1704875100990000000,12.422947226877767,paolo-laptop,crate-container-cd
power_consumption,1704875101992000000,11.233131974297844,paolo-laptop,crate-container-cd
power_consumption,1704875102993000000,11.035690201579706,paolo-laptop,crate-container-cd
power_consumption,1704875103994000000,11.272380055613702,paolo-laptop,crate-container-cd
power_consumption,1704875104996000000,11.436550720885183,paolo-laptop,crate-container-cd
power_consumption,1704875105998000000,11.68647946175895,paolo-laptop,crate-container-cd
power_consumption,1704875106999000000,12.003758197253365,paolo-laptop,crate-container-cd
power_consumption,1704875108001000000,10.933865676251262,paolo-laptop,crate-container-cd
power_consumption,1704875109002000000,11.02447384340012,paolo-laptop,crate-container-cd
power_consumption,1704875110005000000,10.883926567549036,paolo-laptop,crate-container-cd
power_consumption,1704875111006000000,11.838060671909393,paolo-laptop,crate-container-cd
power_consumption,1704875113010000000,11.23847559471653,paolo-laptop,crate-container-cd
power_consumption,1704875114013000000,12.146139567274115,paolo-laptop,crate-container-cd
power_consumption,1704875115015000000,13.199434074093936,paolo-laptop,crate-container-cd
power_consumption,1704875116017000000,11.145608986252974,paolo-laptop,crate-container-cd
power_consumption,1704875117020000000,4.082293940747532,paolo-laptop,crate-container-cd
power_consumption,1704875118023000000,5.674095900873578,paolo-laptop,crate-container-cd
power_consumption,1704875119027000000,1.991046655184431,paolo-laptop,crate-container-cd
power_consumption,1704875120031000000,3.7991188947850514,paolo-laptop,crate-container-cd
power_consumption,1704875121032000000,1.966812056701545,paolo-laptop,crate-container-cd
power_consumption,1704875122034000000,5.9776890016272,paolo-laptop,crate-container-cd
power_consumption,1704875123037000000,11.26063198121825,paolo-laptop,crate-container-cd
power_consumption,1704875124041000000,3.0885647087958663,paolo-laptop,crate-container-cd
power_consumption,1704875125045000000,4.454526561555934,paolo-laptop,crate-container-cd
power_consumption,1704875127052000000,3.225226129456889,paolo-laptop,crate-container-cd
power_consumption,1704875128054000000,8.520309121174744,paolo-laptop,crate-container-cd
power_consumption,1704875129058000000,10.90335244133772,paolo-laptop,crate-container-cd
power_consumption,1704875130061000000,3.464191131912677,paolo-laptop,crate-container-cd
power_consumption,1704875131063000000,1.87112491594991,paolo-laptop,crate-container-cd
power_consumption,1704875132067000000,8.959058913813482,paolo-laptop,crate-container-cd
power_consumption,1704875133070000000,11.767868648161347,paolo-laptop,crate-container-cd
power_consumption,1704875134079000000,4.876898522097362,paolo-laptop,crate-container-cd
power_consumption,1704875135082000000,3.758348090434996,paolo-laptop,crate-container-cd
power_consumption,1704875136084000000,7.3427280234051375,paolo-laptop,crate-container-cd
power_consumption,1704875137086000000,10.976896400119607,paolo-laptop,crate-container-cd
power_consumption,1704875138088000000,11.657756941114501,paolo-laptop,crate-container-cd
power_consumption,1704875139092000000,5.799011584971584,paolo-laptop,crate-container-cd
power_consumption,1704875140094000000,4.57314665817646,paolo-laptop,crate-container-cd
power_consumption,1704875141097000000,1.5949618410518065,paolo-laptop,crate-container-cd
power_consumption,1704875142100000000,2.7747398156128567,paolo-laptop,crate-container-cd
power_consumption,1704875143104000000,3.387397722071334,paolo-laptop,crate-container-cd
power_consumption,1704875144105000000,4.220094142846897,paolo-laptop,crate-container-cd
power_consumption,1704875145107000000,7.470368229197711,paolo-laptop,crate-container-cd
power_consumption,1704875146109000000,7.362943801709155,paolo-laptop,crate-container-cd
power_consumption,1704875147111000000,7.408399435891363,paolo-laptop,crate-container-cd
power_consumption,1704875148113000000,2.610732619295135,paolo-laptop,crate-container-cd
power_consumption,1704875149114000000,2.081536830901854,paolo-laptop,crate-container-cd
power_consumption,1704875150116000000,8.073716650977888,paolo-laptop,crate-container-cd
power_consumption,1704875151118000000,6.346260926179824,paolo-laptop,crate-container-cd
power_consumption,1704875152119000000,3.3864895336052223,paolo-laptop,crate-container-cd
power_consumption,1704875153121000000,5.741391152411632,paolo-laptop,crate-container-cd
power_consumption,1704875154126000000,1.8079258830206022,paolo-laptop,crate-container-cd
power_consumption,1704875155130000000,4.424307094195296,paolo-laptop,crate-container-cd
power_consumption,1704875156133000000,6.123796417308768,paolo-laptop,crate-container-cd
power_consumption,1704875157135000000,9.996460542470583,paolo-laptop,crate-container-cd
power_consumption,1704875158138000000,6.436206669194625,paolo-laptop,crate-container-cd
power_consumption,1704875159139000000,2.0684404664813094,paolo-laptop,crate-container-cd
power_consumption,1704875160142000000,4.314760619612454,paolo-laptop,crate-container-cd
power_consumption,1704875161144000000,10.94940191648631,paolo-laptop,crate-container-cd
power_consumption,1704875162146000000,5.749615317541258,paolo-laptop,crate-container-cd
power_consumption,1704875163150000000,5.9239716218411935,paolo-laptop,crate-container-cd
power_consumption,1704875164158000000,8.285428309768584,paolo-laptop,crate-container-cd
power_consumption,1704875165162000000,5.229286530549204,paolo-laptop,crate-container-cd
power_consumption,1704875166165000000,5.478145020603004,paolo-laptop,crate-container-cd
power_consumption,1704875167170000000,4.667309059348032,paolo-laptop,crate-container-cd
power_consumption,1704875168182000000,7.4556802140509575,paolo-laptop,crate-container-cd
power_consumption,1704875169187000000,3.701148133454903,paolo-laptop,crate-container-cd
power_consumption,1704875171196000000,9.288799175004051,paolo-laptop,crate-container-cd
power_consumption,1704875172199000000,6.1841078824113715,paolo-laptop,crate-container-cd
power_consumption,1704875173204000000,7.295959276625727,paolo-laptop,crate-container-cd
power_consumption,1704875174208000000,4.434447431393069,paolo-laptop,crate-container-cd
power_consumption,1704875175211000000,4.5642287801208585,paolo-laptop,crate-container-cd
power_consumption,1704875176213000000,6.21574563354814,paolo-laptop,crate-container-cd
power_consumption,1704875177217000000,0.5037955102563327,paolo-laptop,crate-container-cd
power_consumption,1704875178220000000,1.8151088085992346,paolo-laptop,crate-container-cd
power_consumption,1704875179224000000,8.653685213215041,paolo-laptop,crate-container-cd
power_consumption,1704875180228000000,1.5881567029892305,paolo-laptop,crate-container-cd
power_consumption,1704875181232000000,3.9626055431597917,paolo-laptop,crate-container-cd
power_consumption,1704875182234000000,1.9339006834956547,paolo-laptop,crate-container-cd
power_consumption,1704875183236000000,3.256426131994441,paolo-laptop,crate-container-cd
power_consumption,1704875184239000000,12.144927274195215,paolo-laptop,crate-container-cd
power_consumption,1704875185242000000,2.7050920933117033,paolo-laptop,crate-container-cd
power_consumption,1704875186246000000,3.2393097552237533,paolo-laptop,crate-container-cd
power_consumption,1704875187250000000,5.847989104473807,paolo-laptop,crate-container-cd
power_consumption,1704875188251000000,2.993471815933391,paolo-laptop,crate-container-cd
power_consumption,1704875189256000000,1.4565636540261426,paolo-laptop,crate-container-cd
power_consumption,1704875190260000000,8.005090919703264,paolo-laptop,crate-container-cd
power_consumption,1704875191264000000,3.2979844642555407,paolo-laptop,crate-container-cd
power_consumption,1704875192266000000,5.136142190170746,paolo-laptop,crate-container-cd
power_consumption,1704875193269000000,3.2660699067770205,paolo-laptop,crate-container-cd
power_consumption,1704875194273000000,4.081383066081739,paolo-laptop,crate-container-cd
power_consumption,1704875195275000000,7.269381088333512,paolo-laptop,crate-container-cd
power_consumption,1704875196277000000,11.723125938121782,paolo-laptop,crate-container-cd
power_consumption,1704875197278000000,11.353356808258336,paolo-laptop,crate-container-cd
power_consumption,1704875198280000000,10.625125890869846,paolo-laptop,crate-container-cd
power_consumption,1704875199282000000,10.343346406561764,paolo-laptop,crate-container-cd
power_consumption,1704875200284000000,11.282379988511787,paolo-laptop,crate-container-cd
power_consumption,1704875201285000000,11.504426437947032,paolo-laptop,crate-container-cd
power_consumption,1704875202287000000,1.1719689688826567,paolo-laptop,crate-container-cd
power_consumption,1704875203291000000,1.764336872782471,paolo-laptop,crate-container-cd
power_consumption,1704875204292000000,11.16800124762059,paolo-laptop,crate-container-cd
power_consumption,1704875205297000000,6.753260943385046,paolo-laptop,crate-container-cd
power_consumption,1704875206299000000,6.347769939331617,paolo-laptop,crate-container-cd
power_consumption,1704875207303000000,10.936909192067144,paolo-laptop,crate-container-cd
power_consumption,1704875208307000000,5.758060840463245,paolo-laptop,crate-container-cd
power_consumption,1704875209311000000,0.4400243439095656,paolo-laptop,crate-container-cd
power_consumption,1704875210312000000,7.553213048395844,paolo-laptop,crate-container-cd
power_consumption,1704875211314000000,15.333545143753838,paolo-laptop,crate-container-cd
power_consumption,1704875212316000000,3.986283736762127,paolo-laptop,crate-container-cd
power_consumption,1704875213317000000,8.12188532215989,paolo-laptop,crate-container-cd
power_consumption,1704875214318000000,0.3395384791244753,paolo-laptop,crate-container-cd
power_consumption,1704875215320000000,1.149301803597949,paolo-laptop,crate-container-cd
power_consumption,1704875216321000000,1.034801721328807,paolo-laptop,crate-container-cd
power_consumption,1704875217323000000,9.64391061223506,paolo-laptop,crate-container-cd
power_consumption,1704875218326000000,9.655032412868781,paolo-laptop,crate-container-cd
power_consumption,1704875219328000000,3.4532220005697,paolo-laptop,crate-container-cd
power_consumption,1704875220329000000,0.530784415666674,paolo-laptop,crate-container-cd
power_consumption,1704875221331000000,0.1285082814991831,paolo-laptop,crate-container-cd
power_consumption,1704875222333000000,0.14148393747672977,paolo-laptop,crate-container-cd
power_consumption,1704875223336000000,0.36554404331040147,paolo-laptop,crate-container-cd
power_consumption,1704875224339000000,1.2427561292651477,paolo-laptop,crate-container-cd
power_consumption,1704875225341000000,0.2060363876348062,paolo-laptop,crate-container-cd
power_consumption,1704875226345000000,0.2501369760812124,paolo-laptop,crate-container-cd
power_consumption,1704875227347000000,0.16553943669695453,paolo-laptop,crate-container-cd
power_consumption,1704875228350000000,0.31592932261171053,paolo-laptop,crate-container-cd
power_consumption,1704875229352000000,5.675509845236183,paolo-laptop,crate-container-cd
power_consumption,1704875230360000000,8.25177284670015,paolo-laptop,crate-container-cd
power_consumption,1704875231363000000,9.083832978761116,paolo-laptop,crate-container-cd
power_consumption,1704875232365000000,6.392132830818848,paolo-laptop,crate-container-cd
power_consumption,1704875233366000000,5.975440423047704,paolo-laptop,crate-container-cd
power_consumption,1704875234368000000,11.346055656116746,paolo-laptop,crate-container-cd
power_consumption,1704875235370000000,6.0216392398760865,paolo-laptop,crate-container-cd
power_consumption,1704875236372000000,4.6919246409188595,paolo-laptop,crate-container-cd
power_consumption,1704875237374000000,10.868425247124485,paolo-laptop,crate-container-cd
power_consumption,1704875238375000000,8.719656104212623,paolo-laptop,crate-container-cd
power_consumption,1704875239379000000,5.107992983510216,paolo-laptop,crate-container-cd
power_consumption,1704875240384000000,8.97335219013389,paolo-laptop,crate-container-cd
power_consumption,1704875241388000000,4.021937977690313,paolo-laptop,crate-container-cd
power_consumption,1704875242390000000,4.430465182879903,paolo-laptop,crate-container-cd
power_consumption,1704875243392000000,11.597512389166138,paolo-laptop,crate-container-cd
power_consumption,1704875244396000000,2.9916034201284813,paolo-laptop,crate-container-cd
power_consumption,1704875245400000000,0.030449085614254436,paolo-laptop,crate-container-cd
power_consumption,1704875246403000000,0.6621944955876826,paolo-laptop,crate-container-cd
power_consumption,1704875247407000000,2.20592218204649,paolo-laptop,crate-container-cd
power_consumption,1704875248408000000,3.589826334276652,paolo-laptop,crate-container-cd
power_consumption,1704875249412000000,6.778757799838629,paolo-laptop,crate-container-cd
power_consumption,1704875250417000000,4.074732778805775,paolo-laptop,crate-container-cd
power_consumption,1704875251421000000,3.51366669410022,paolo-laptop,crate-container-cd
power_consumption,1704875252427000000,2.8789105817070757,paolo-laptop,crate-container-cd
power_consumption,1704875253432000000,2.994450920366213,paolo-laptop,crate-container-cd
power_consumption,1704875254435000000,2.115121134749841,paolo-laptop,crate-container-cd
power_consumption,1704875255440000000,2.1320136325926407,paolo-laptop,crate-container-cd
power_consumption,1704875259465000000,3.3381237686064087,paolo-laptop,crate-container-cd
power_consumption,1704875260469000000,0.94702744190202,paolo-laptop,crate-container-cd
power_consumption,1704875261471000000,5.104432917810441,paolo-laptop,crate-container-cd
power_consumption,1704875262472000000,3.791499730442776,paolo-laptop,crate-container-cd
power_consumption,1704875263474000000,3.901301310160054,paolo-laptop,crate-container-cd
power_consumption,1704875264477000000,3.037291229023639,paolo-laptop,crate-container-cd
power_consumption,1704875266482000000,1.218724098153526,paolo-laptop,crate-container-cd
power_consumption,1704875267483000000,6.037571993299943,paolo-laptop,crate-container-cd
power_consumption,1704875268486000000,2.7775246031199776,paolo-laptop,crate-container-cd
power_consumption,1704875269487000000,2.0077392789760413,paolo-laptop,crate-container-cd
power_consumption,1704875270489000000,1.6005068516563314,paolo-laptop,crate-container-cd
power_consumption,1704875271490000000,1.6886932501037242,paolo-laptop,crate-container-cd
power_consumption,1704875273496000000,2.349817681938516,paolo-laptop,crate-container-cd
power_consumption,1704875274499000000,2.325077253900477,paolo-laptop,crate-container-cd
power_consumption,1704875275505000000,1.4275957459612805,paolo-laptop,crate-container-cd
power_consumption,1704875276506000000,5.068715708318177,paolo-laptop,crate-container-cd
power_consumption,1704875277508000000,4.663879359612029,paolo-laptop,crate-container-cd
power_consumption,1704875278512000000,12.647337376136011,paolo-laptop,crate-container-cd
power_consumption,1704875279517000000,13.455886808998205,paolo-laptop,crate-container-cd
power_consumption,1704875280519000000,12.789409064796764,paolo-laptop,crate-container-cd
power_consumption,1704875281524000000,2.368033278328987,paolo-laptop,crate-container-cd
power_consumption,1704875282530000000,4.528970177148073,paolo-laptop,crate-container-cd
power_consumption,1704875283542000000,8.078155293579801,paolo-laptop,crate-container-cd
power_consumption,1704875284544000000,13.010330566463747,paolo-laptop,crate-container-cd
power_consumption,1704875285547000000,13.089794626725269,paolo-laptop,crate-container-cd
power_consumption,1704875286548000000,12.674957119247896,paolo-laptop,crate-container-cd
power_consumption,1704875287551000000,11.844981775517393,paolo-laptop,crate-container-cd
power_consumption,1704875288553000000,13.530972041138227,paolo-laptop,crate-container-cd
power_consumption,1704875289560000000,8.732257640235437,paolo-laptop,crate-container-cd
power_consumption,1704875290565000000,2.590807768178439,paolo-laptop,crate-container-cd
power_consumption,1704875291568000000,5.1124289383543084,paolo-laptop,crate-container-cd
power_consumption,1704875292570000000,10.714643742343503,paolo-laptop,crate-container-cd
power_consumption,1704875293574000000,1.8858769047518642,paolo-laptop,crate-container-cd
power_consumption,1704875294576000000,7.646495433378092,paolo-laptop,crate-container-cd
power_consumption,1704875295579000000,1.6021968488877796,paolo-laptop,crate-container-cd
power_consumption,1704875296583000000,0.1742319569237938,paolo-laptop,crate-container-cd
power_consumption,1704875297587000000,0.09762622654567413,paolo-laptop,crate-container-cd
power_consumption,1704875298589000000,0.2523469679833433,paolo-laptop,crate-container-cd
power_consumption,1704875299590000000,12.711162849195336,paolo-laptop,crate-container-cd
power_consumption,1704875300592000000,2.008340751426714,paolo-laptop,crate-container-cd
power_consumption,1704875301596000000,1.6536057882157655,paolo-laptop,crate-container-cd
power_consumption,1704875302599000000,1.461712193622276,paolo-laptop,crate-container-cd
power_consumption,1704875303604000000,1.3600288354593824,paolo-laptop,crate-container-cd
power_consumption,1704875304605000000,4.690171796054592,paolo-laptop,crate-container-cd
power_consumption,1704875305609000000,0.481788737873575,paolo-laptop,crate-container-cd
power_consumption,1704875306614000000,0.31158238851615966,paolo-laptop,crate-container-cd
power_consumption,1704875307616000000,8.657797600950037,paolo-laptop,crate-container-cd
power_consumption,1704875308619000000,2.874369174358838,paolo-laptop,crate-container-cd
power_consumption,1704875309621000000,7.346957788062022,paolo-laptop,crate-container-cd
power_consumption,1704875310624000000,6.785642483053241,paolo-laptop,crate-container-cd
power_consumption,1704875311628000000,2.1126503301815434,paolo-laptop,crate-container-cd
power_consumption,1704875312632000000,0.212770980219359,paolo-laptop,crate-container-cd
power_consumption,1704875313635000000,0.5002080459569556,paolo-laptop,crate-container-cd
power_consumption,1704875314642000000,0.9587212707200907,paolo-laptop,crate-container-cd
power_consumption,1704875315645000000,1.3625815935869754,paolo-laptop,crate-container-cd
power_consumption,1704875316647000000,0.3980342574556339,paolo-laptop,crate-container-cd
power_consumption,1704875317652000000,10.598247574876478,paolo-laptop,crate-container-cd
power_consumption,1704875318654000000,1.0949796192964365,paolo-laptop,crate-container-cd
power_consumption,1704875319655000000,4.335324525062986,paolo-laptop,crate-container-cd
power_consumption,1704875320658000000,1.5734216021820988,paolo-laptop,crate-container-cd
power_consumption,1704875321660000000,10.796877517989904,paolo-laptop,crate-container-cd
power_consumption,1704875322662000000,2.1318790371030962,paolo-laptop,crate-container-cd
power_consumption,1704875323663000000,10.397824408049138,paolo-laptop,crate-container-cd
power_consumption,1704875324665000000,12.044496726842599,paolo-laptop,crate-container-cd
power_consumption,1704875325667000000,0.6503891264503221,paolo-laptop,crate-container-cd
power_consumption,1704875326668000000,9.83719409688856,paolo-laptop,crate-container-cd
power_consumption,1704875327670000000,9.429306282356027,paolo-laptop,crate-container-cd
power_consumption,1704875328672000000,3.4186010142693024,paolo-laptop,crate-container-cd
power_consumption,1704875329673000000,0.9880413885340922,paolo-laptop,crate-container-cd
power_consumption,1704875330675000000,0.9948580448659836,paolo-laptop,crate-container-cd
power_consumption,1704875331677000000,6.419772638078543,paolo-laptop,crate-container-cd
power_consumption,1704875332683000000,4.912542296597118,paolo-laptop,crate-container-cd
power_consumption,1704875333688000000,5.090949309370052,paolo-laptop,crate-container-cd
power_consumption,1704875334689000000,7.769613682739275,paolo-laptop,crate-container-cd
power_consumption,1704875335691000000,8.969557641229015,paolo-laptop,crate-container-cd
power_consumption,1704875336693000000,5.642297903034712,paolo-laptop,crate-container-cd
power_consumption,1704875337695000000,9.711667389095693,paolo-laptop,crate-container-cd
power_consumption,1704875338698000000,8.793300162866268,paolo-laptop,crate-container-cd
power_consumption,1704875339701000000,1.7445743732166035,paolo-laptop,crate-container-cd
power_consumption,1704875340702000000,6.472534757653827,paolo-laptop,crate-container-cd
power_consumption,1704875341703000000,9.899425002641863,paolo-laptop,crate-container-cd
power_consumption,1704875342706000000,5.643944512191312,paolo-laptop,crate-container-cd
power_consumption,1704875343707000000,5.759910146210656,paolo-laptop,crate-container-cd
power_consumption,1704875344709000000,7.94236156986188,paolo-laptop,crate-container-cd
power_consumption,1704875345711000000,5.886191899492832,paolo-laptop,crate-container-cd
power_consumption,1704875346713000000,4.432184437585178,paolo-laptop,crate-container-cd
power_consumption,1704875347715000000,8.089714249209457,paolo-laptop,crate-container-cd
power_consumption,1704875348717000000,7.070707014869818,paolo-laptop,crate-container-cd
power_consumption,1704875349722000000,6.7578809090722896,paolo-laptop,crate-container-cd
power_consumption,1704875350726000000,7.595600915237686,paolo-laptop,crate-container-cd
power_consumption,1704875351735000000,7.341336541141914,paolo-laptop,crate-container-cd
power_consumption,1704875352754000000,3.151232857113809,paolo-laptop,crate-container-cd
power_consumption,1704875353756000000,6.0094815129637045,paolo-laptop,crate-container-cd
power_consumption,1704875354757000000,5.4405668655101245,paolo-laptop,crate-container-cd
power_consumption,1704875355759000000,9.37304986856325,paolo-laptop,crate-container-cd
power_consumption,1704875356761000000,11.587029354465416,paolo-laptop,crate-container-cd
power_consumption,1704875357765000000,9.291147726007527,paolo-laptop,crate-container-cd
power_consumption,1704875358770000000,8.576819019800283,paolo-laptop,crate-container-cd
power_consumption,1704875359773000000,8.636679136463549,paolo-laptop,crate-container-cd
power_consumption,1704875360774000000,10.641052651799022,paolo-laptop,crate-container-cd
power_consumption,1704875361776000000,12.901101743316003,paolo-laptop,crate-container-cd
power_consumption,1704875362783000000,7.00303039544818,paolo-laptop,crate-container-cd
power_consumption,1704875363787000000,1.996479684921332,paolo-laptop,crate-container-cd
power_consumption,1704875364791000000,5.516376736105791,paolo-laptop,crate-container-cd
power_consumption,1704875365793000000,5.939253218187936,paolo-laptop,crate-container-cd
power_consumption,1704875366796000000,6.682765999193677,paolo-laptop,crate-container-cd
power_consumption,1704875367800000000,3.323322892872289,paolo-laptop,crate-container-cd
power_consumption,1704875368803000000,8.038315500456061,paolo-laptop,crate-container-cd
power_consumption,1704875369806000000,5.887954581465411,paolo-laptop,crate-container-cd
power_consumption,1704875370808000000,7.180280279596486,paolo-laptop,crate-container-cd
power_consumption,1704875371809000000,10.161914337795874,paolo-laptop,crate-container-cd
power_consumption,1704875372811000000,10.983081155385262,paolo-laptop,crate-container-cd
power_consumption,1704875373816000000,8.159726539567954,paolo-laptop,crate-container-cd
power_consumption,1704875374818000000,7.201106805064548,paolo-laptop,crate-container-cd
power_consumption,1704875375820000000,10.665507197274259,paolo-laptop,crate-container-cd
power_consumption,1704875376825000000,6.336605224286891,paolo-laptop,crate-container-cd
power_consumption,1704875377830000000,3.2666315018724617,paolo-laptop,crate-container-cd
power_consumption,1704875378832000000,3.2898024333111118,paolo-laptop,crate-container-cd
power_consumption,1704875379834000000,7.1500346952897225,paolo-laptop,crate-container-cd
power_consumption,1704875380835000000,11.298255517174942,paolo-laptop,crate-container-cd
power_consumption,1704875381837000000,7.94267107806267,paolo-laptop,crate-container-cd
power_consumption,1704875382840000000,3.9341257492940276,paolo-laptop,crate-container-cd
power_consumption,1704875383844000000,3.4376357786573584,paolo-laptop,crate-container-cd
power_consumption,1704875384848000000,2.812636242505596,paolo-laptop,crate-container-cd
power_consumption,1704875385850000000,8.797122903278582,paolo-laptop,crate-container-cd
power_consumption,1704875386851000000,10.744916058049315,paolo-laptop,crate-container-cd
power_consumption,1704875387853000000,2.4772459804687355,paolo-laptop,crate-container-cd
power_consumption,1704875388855000000,6.5573285251479945,paolo-laptop,crate-container-cd
power_consumption,1704875389856000000,11.627274199770945,paolo-laptop,crate-container-cd
