name,time,power,sensor,target
power_consumption,1704881465684000000,0.010778645637149394,paolo-laptop,hwpc-sensor-container
power_consumption,1704881466686000000,0.00911197254991103,paolo-laptop,hwpc-sensor-container
power_consumption,1704881467688000000,0.01157199276955287,paolo-laptop,hwpc-sensor-container
power_consumption,1704881468690000000,0.01138382769320156,paolo-laptop,hwpc-sensor-container
power_consumption,1704881470692000000,0.010565159268786328,paolo-laptop,hwpc-sensor-container
power_consumption,1704881471694000000,0.009391254576652708,paolo-laptop,hwpc-sensor-container
power_consumption,1704881472696000000,0.00923455547774518,paolo-laptop,hwpc-sensor-container
power_consumption,1704881473697000000,0.009932321364795778,paolo-laptop,hwpc-sensor-container
power_consumption,1704881474700000000,0.009306539099439279,paolo-laptop,hwpc-sensor-container
power_consumption,1704881475702000000,0.009747757884007138,paolo-laptop,hwpc-sensor-container
power_consumption,1704881476703000000,0.009426971600983505,paolo-laptop,hwpc-sensor-container
power_consumption,1704881477705000000,0.009295413789073078,paolo-laptop,hwpc-sensor-container
power_consumption,1704881479707000000,0.00912912987355115,paolo-laptop,hwpc-sensor-container
power_consumption,1704881480709000000,0.008597026306112306,paolo-laptop,hwpc-sensor-container
power_consumption,1704881481710000000,0.009805042944079908,paolo-laptop,hwpc-sensor-container
power_consumption,1704881482711000000,0.008608201297907198,paolo-laptop,hwpc-sensor-container
power_consumption,1704881483712000000,0.009263315220521245,paolo-laptop,hwpc-sensor-container
power_consumption,1704881485715000000,0.008834576453882477,paolo-laptop,hwpc-sensor-container
power_consumption,1704881486716000000,0.01033022789043958,paolo-laptop,hwpc-sensor-container
power_consumption,1704881487718000000,0.009253927283875687,paolo-laptop,hwpc-sensor-container
power_consumption,1704881490726000000,0.00957467838109478,paolo-laptop,hwpc-sensor-container
power_consumption,1704881491729000000,0.009548386790306902,paolo-laptop,hwpc-sensor-container
power_consumption,1704881494733000000,0.009345072785536607,paolo-laptop,hwpc-sensor-container
power_consumption,1704881495735000000,0.009284416618948051,paolo-laptop,hwpc-sensor-container
power_consumption,1704881498741000000,0.009463012520233138,paolo-laptop,hwpc-sensor-container
power_consumption,1704881499742000000,0.009513753089413681,paolo-laptop,hwpc-sensor-container
power_consumption,1704881500744000000,0.009651654000409016,paolo-laptop,hwpc-sensor-container
power_consumption,1704881501746000000,0.009564152821142846,paolo-laptop,hwpc-sensor-container
power_consumption,1704881502750000000,0.009764164796284867,paolo-laptop,hwpc-sensor-container
power_consumption,1704881506758000000,0.009518165997723498,paolo-laptop,hwpc-sensor-container
power_consumption,1704881507759000000,0.008004782871097526,paolo-laptop,hwpc-sensor-container
power_consumption,1704881508761000000,0.008430155993214344,paolo-laptop,hwpc-sensor-container
power_consumption,1704881509762000000,0.008716441082980586,paolo-laptop,hwpc-sensor-container
power_consumption,1704881510764000000,0.008514478310214419,paolo-laptop,hwpc-sensor-container
power_consumption,1704881511765000000,0.008303498565535234,paolo-laptop,hwpc-sensor-container
power_consumption,1704881512767000000,0.009550264385411863,paolo-laptop,hwpc-sensor-container
power_consumption,1704881513768000000,0.008482360560006069,paolo-laptop,hwpc-sensor-container
power_consumption,1704881514770000000,0.009043733663305005,paolo-laptop,hwpc-sensor-container
power_consumption,1704881515771000000,0.011134771622980034,paolo-laptop,hwpc-sensor-container
power_consumption,1704881516776000000,0.009454421873197213,paolo-laptop,hwpc-sensor-container
power_consumption,1704881517779000000,0.009284831466403728,paolo-laptop,hwpc-sensor-container
power_consumption,1704881518781000000,0.010127986308978562,paolo-laptop,hwpc-sensor-container
power_consumption,1704881519782000000,0.0099668900271707,paolo-laptop,hwpc-sensor-container
power_consumption,1704881520784000000,0.010943943566438305,paolo-laptop,hwpc-sensor-container
power_consumption,1704881521788000000,0.009394626699252614,paolo-laptop,hwpc-sensor-container
power_consumption,1704881522791000000,0.009980244937481873,paolo-laptop,hwpc-sensor-container
power_consumption,1704881523793000000,0.010160497904448224,paolo-laptop,hwpc-sensor-container
power_consumption,1704881524795000000,0.009460786488841627,paolo-laptop,hwpc-sensor-container
power_consumption,1704881525797000000,0.00944402936980842,paolo-laptop,hwpc-sensor-container
power_consumption,1704881526798000000,0.009240219543459712,paolo-laptop,hwpc-sensor-container
power_consumption,1704881527800000000,0.009725185050194056,paolo-laptop,hwpc-sensor-container
power_consumption,1704881528802000000,0.009944988759852513,paolo-laptop,hwpc-sensor-container
power_consumption,1704881529805000000,0.009824981505059836,paolo-laptop,hwpc-sensor-container
power_consumption,1704881530807000000,0.011059823578853769,paolo-laptop,hwpc-sensor-container
power_consumption,1704881531810000000,0.011410308002444846,paolo-laptop,hwpc-sensor-container
power_consumption,1704881532811000000,0.01041860374302398,paolo-laptop,hwpc-sensor-container
power_consumption,1704881533813000000,0.011091188026628585,paolo-laptop,hwpc-sensor-container
power_consumption,1704881534815000000,0.011024756638822181,paolo-laptop,hwpc-sensor-container
power_consumption,1704881535817000000,0.010686014491064488,paolo-laptop,hwpc-sensor-container
power_consumption,1704881536820000000,0.009705986946742236,paolo-laptop,hwpc-sensor-container
power_consumption,1704881537821000000,0.009707591898440532,paolo-laptop,hwpc-sensor-container
power_consumption,1704881538823000000,0.01257674575697315,paolo-laptop,hwpc-sensor-container
power_consumption,1704881539835000000,0.012553365033482004,paolo-laptop,hwpc-sensor-container
power_consumption,1704881540841000000,0.01064688552445682,paolo-laptop,hwpc-sensor-container
power_consumption,1704881541845000000,0.01082576120591347,paolo-laptop,hwpc-sensor-container
power_consumption,1704881542848000000,0.011555929073245489,paolo-laptop,hwpc-sensor-container
power_consumption,1704881543850000000,0.010990493469648348,paolo-laptop,hwpc-sensor-container
power_consumption,1704881544853000000,0.010822857146781797,paolo-laptop,hwpc-sensor-container
power_consumption,1704881545856000000,0.010989194012556637,paolo-laptop,hwpc-sensor-container
power_consumption,1704881546858000000,0.011305459803788062,paolo-laptop,hwpc-sensor-container
power_consumption,1704881547860000000,0.010739458847449125,paolo-laptop,hwpc-sensor-container
power_consumption,1704881548862000000,0.010228562021050122,paolo-laptop,hwpc-sensor-container
power_consumption,1704881549863000000,0.010018607621008502,paolo-laptop,hwpc-sensor-container
power_consumption,1704881550865000000,0.010999123245810172,paolo-laptop,hwpc-sensor-container
power_consumption,1704881551867000000,0.010829217394540175,paolo-laptop,hwpc-sensor-container
power_consumption,1704881552873000000,0.01372623820668487,paolo-laptop,hwpc-sensor-container
power_consumption,1704881553878000000,0.010560250073688675,paolo-laptop,hwpc-sensor-container
power_consumption,1704881554881000000,0.011591316106089114,paolo-laptop,hwpc-sensor-container
power_consumption,1704881555887000000,0.010873711222704856,paolo-laptop,hwpc-sensor-container
power_consumption,1704881556889000000,0.010195129855128434,paolo-laptop,hwpc-sensor-container
power_consumption,1704881557891000000,0.011085255670026897,paolo-laptop,hwpc-sensor-container
power_consumption,1704881558893000000,0.010185566418448736,paolo-laptop,hwpc-sensor-container
power_consumption,1704881559895000000,0.010105227075670109,paolo-laptop,hwpc-sensor-container
power_consumption,1704881560898000000,0.01168122666731588,paolo-laptop,hwpc-sensor-container
power_consumption,1704881561901000000,0.011746533991870575,paolo-laptop,hwpc-sensor-container
power_consumption,1704881562904000000,0.010584395284347157,paolo-laptop,hwpc-sensor-container
power_consumption,1704881563907000000,0.010356330671325539,paolo-laptop,hwpc-sensor-container
power_consumption,1704881564910000000,0.01073547015050121,paolo-laptop,hwpc-sensor-container
power_consumption,1704881565912000000,0.011609512010732553,paolo-laptop,hwpc-sensor-container
power_consumption,1704881566923000000,0.009762754524010767,paolo-laptop,hwpc-sensor-container
power_consumption,1704881567925000000,0.011318761509616592,paolo-laptop,hwpc-sensor-container
power_consumption,1704881568927000000,0.011892351783852085,paolo-laptop,hwpc-sensor-container
power_consumption,1704881569929000000,0.010885940247455046,paolo-laptop,hwpc-sensor-container
power_consumption,1704881570932000000,0.012029221246050478,paolo-laptop,hwpc-sensor-container
power_consumption,1704881571935000000,0.0120391616028953,paolo-laptop,hwpc-sensor-container
power_consumption,1704881572937000000,0.01019694260038534,paolo-laptop,hwpc-sensor-container
power_consumption,1704881573939000000,0.010323826535900372,paolo-laptop,hwpc-sensor-container
power_consumption,1704881574941000000,0.008068716564139327,paolo-laptop,hwpc-sensor-container
power_consumption,1704881575943000000,0.011778574307803873,paolo-laptop,hwpc-sensor-container
power_consumption,1704881576946000000,0.012095267026601315,paolo-laptop,hwpc-sensor-container
power_consumption,1704881577949000000,0.011113364301502468,paolo-laptop,hwpc-sensor-container
power_consumption,1704881578951000000,0.012019613965436696,paolo-laptop,hwpc-sensor-container
power_consumption,1704881579954000000,0.012330262927192144,paolo-laptop,hwpc-sensor-container
power_consumption,1704881580956000000,0.011095374774103585,paolo-laptop,hwpc-sensor-container
power_consumption,1704881581958000000,0.011159799052266819,paolo-laptop,hwpc-sensor-container
power_consumption,1704881582960000000,0.01063055592429419,paolo-laptop,hwpc-sensor-container
power_consumption,1704881583963000000,0.011440974660289763,paolo-laptop,hwpc-sensor-container
power_consumption,1704881584965000000,0.01188450276386586,paolo-laptop,hwpc-sensor-container
power_consumption,1704881585968000000,0.011466390996527262,paolo-laptop,hwpc-sensor-container
power_consumption,1704881586970000000,0.009570142948876884,paolo-laptop,hwpc-sensor-container
power_consumption,1704881587972000000,0.01146338163374346,paolo-laptop,hwpc-sensor-container
power_consumption,1704881588974000000,0.011751316027571491,paolo-laptop,hwpc-sensor-container
power_consumption,1704881589976000000,0.014095097926257565,paolo-laptop,hwpc-sensor-container
power_consumption,1704881590978000000,0.009178853628668144,paolo-laptop,hwpc-sensor-container
power_consumption,1704881591980000000,0.012971231722474108,paolo-laptop,hwpc-sensor-container
power_consumption,1704881592982000000,0.012581497900386148,paolo-laptop,hwpc-sensor-container
power_consumption,1704881593984000000,0.013147589864624935,paolo-laptop,hwpc-sensor-container
power_consumption,1704881594986000000,0.017289093858193327,paolo-laptop,hwpc-sensor-container
power_consumption,1704881595988000000,0.013951692821401308,paolo-laptop,hwpc-sensor-container
power_consumption,1704881596989000000,0.013183553653467853,paolo-laptop,hwpc-sensor-container
power_consumption,1704881597992000000,0.010246379308144612,paolo-laptop,hwpc-sensor-container
power_consumption,1704881598993000000,0.010725730514720873,paolo-laptop,hwpc-sensor-container
power_consumption,1704881599995000000,0.01101826487020248,paolo-laptop,hwpc-sensor-container
power_consumption,1704881600997000000,0.012234526083607946,paolo-laptop,hwpc-sensor-container
power_consumption,1704881602001000000,0.012635344621047106,paolo-laptop,hwpc-sensor-container
power_consumption,1704881603012000000,0.014831779340608033,paolo-laptop,hwpc-sensor-container
power_consumption,1704881604014000000,0.011203225525404759,paolo-laptop,hwpc-sensor-container
power_consumption,1704881605016000000,0.012694250047650903,paolo-laptop,hwpc-sensor-container
power_consumption,1704881606018000000,0.011280713162633512,paolo-laptop,hwpc-sensor-container
power_consumption,1704881607020000000,0.011752091323717007,paolo-laptop,hwpc-sensor-container
power_consumption,1704881608022000000,0.011037387125261984,paolo-laptop,hwpc-sensor-container
power_consumption,1704881609025000000,0.01206469600762146,paolo-laptop,hwpc-sensor-container
power_consumption,1704881610027000000,0.011040961667181555,paolo-laptop,hwpc-sensor-container
power_consumption,1704881611029000000,0.012605606082305416,paolo-laptop,hwpc-sensor-container
power_consumption,1704881612032000000,0.01067616962686441,paolo-laptop,hwpc-sensor-container
power_consumption,1704881613034000000,0.012014764827934826,paolo-laptop,hwpc-sensor-container
power_consumption,1704881614036000000,0.01123832894135612,paolo-laptop,hwpc-sensor-container
power_consumption,1704881615039000000,0.012254019518578189,paolo-laptop,hwpc-sensor-container
power_consumption,1704881616042000000,0.0126401525363469,paolo-laptop,hwpc-sensor-container
power_consumption,1704881617056000000,0.017874900283778795,paolo-laptop,hwpc-sensor-container
power_consumption,1704881619062000000,0.01901113979912054,paolo-laptop,hwpc-sensor-container
power_consumption,1704881621065000000,0.015075088898663937,paolo-laptop,hwpc-sensor-container
power_consumption,1704881622070000000,0.011403661811920637,paolo-laptop,hwpc-sensor-container
power_consumption,1704881623073000000,0.011828320164290343,paolo-laptop,hwpc-sensor-container
power_consumption,1704881624075000000,0.010969216069543188,paolo-laptop,hwpc-sensor-container
power_consumption,1704881625077000000,0.011218908851571847,paolo-laptop,hwpc-sensor-container
power_consumption,1704881626079000000,0.01104591440717527,paolo-laptop,hwpc-sensor-container
power_consumption,1704881627082000000,0.01236803982101397,paolo-laptop,hwpc-sensor-container
power_consumption,1704881629087000000,0.01159356550207103,paolo-laptop,hwpc-sensor-container
power_consumption,1704881630090000000,0.013035617438758376,paolo-laptop,hwpc-sensor-container
power_consumption,1704881631094000000,0.010728934167443742,paolo-laptop,hwpc-sensor-container
power_consumption,1704881632097000000,0.01238638846310357,paolo-laptop,hwpc-sensor-container
power_consumption,1704881633100000000,0.010711577780796785,paolo-laptop,hwpc-sensor-container
power_consumption,1704881634103000000,0.010946266692912675,paolo-laptop,hwpc-sensor-container
power_consumption,1704881635105000000,0.012295120817981961,paolo-laptop,hwpc-sensor-container
power_consumption,1704881636107000000,0.012450584838343463,paolo-laptop,hwpc-sensor-container
power_consumption,1704881637113000000,0.011521995061785596,paolo-laptop,hwpc-sensor-container
power_consumption,1704881638115000000,0.010451275298145657,paolo-laptop,hwpc-sensor-container
power_consumption,1704881639118000000,0.011549246583288462,paolo-laptop,hwpc-sensor-container
power_consumption,1704881640120000000,0.011478520741653304,paolo-laptop,hwpc-sensor-container
power_consumption,1704881641123000000,0.01176950756499989,paolo-laptop,hwpc-sensor-container
power_consumption,1704881642125000000,0.011321592407173172,paolo-laptop,hwpc-sensor-container
power_consumption,1704881643128000000,0.011722872357142554,paolo-laptop,hwpc-sensor-container
power_consumption,1704881644130000000,0.011886105633497263,paolo-laptop,hwpc-sensor-container
power_consumption,1704881647136000000,0.012266640947469118,paolo-laptop,hwpc-sensor-container
power_consumption,1704881648138000000,0.011405228631146402,paolo-laptop,hwpc-sensor-container
power_consumption,1704881649140000000,0.011201352119226364,paolo-laptop,hwpc-sensor-container
power_consumption,1704881650143000000,0.011102955815662218,paolo-laptop,hwpc-sensor-container
power_consumption,1704881651145000000,0.011693330060118582,paolo-laptop,hwpc-sensor-container
power_consumption,1704881660175000000,0.010208837065428463,paolo-laptop,hwpc-sensor-container
power_consumption,1704881661177000000,0.011316168751632216,paolo-laptop,hwpc-sensor-container
power_consumption,1704881662179000000,0.01068184145175484,paolo-laptop,hwpc-sensor-container
power_consumption,1704881663180000000,0.011062434713843147,paolo-laptop,hwpc-sensor-container
power_consumption,1704881664182000000,0.010923046210821477,paolo-laptop,hwpc-sensor-container
power_consumption,1704881665184000000,0.012043824692806635,paolo-laptop,hwpc-sensor-container
power_consumption,1704881666186000000,0.01097516464222857,paolo-laptop,hwpc-sensor-container
power_consumption,1704881667188000000,0.011088186559656828,paolo-laptop,hwpc-sensor-container
power_consumption,1704881668190000000,0.011058385358014212,paolo-laptop,hwpc-sensor-container
power_consumption,1704881669192000000,0.010836779961385889,paolo-laptop,hwpc-sensor-container
power_consumption,1704881670194000000,0.010349708647443862,paolo-laptop,hwpc-sensor-container
power_consumption,1704881671197000000,0.01111242847016086,paolo-laptop,hwpc-sensor-container
power_consumption,1704881673202000000,0.011150923025242482,paolo-laptop,hwpc-sensor-container
power_consumption,1704881674204000000,0.0116349120529993,paolo-laptop,hwpc-sensor-container
power_consumption,1704881675210000000,0.011396344893810278,paolo-laptop,hwpc-sensor-container
power_consumption,1704881676212000000,0.012821419990293268,paolo-laptop,hwpc-sensor-container
power_consumption,1704881677215000000,0.011862220711749905,paolo-laptop,hwpc-sensor-container
power_consumption,1704881678218000000,0.01162866395238793,paolo-laptop,hwpc-sensor-container
power_consumption,1704881679220000000,0.011818405600128229,paolo-laptop,hwpc-sensor-container
power_consumption,1704881680223000000,0.011889575620524897,paolo-laptop,hwpc-sensor-container
power_consumption,1704881681230000000,0.011575896753639278,paolo-laptop,hwpc-sensor-container
power_consumption,1704881682233000000,0.012028885697086857,paolo-laptop,hwpc-sensor-container
power_consumption,1704881683236000000,0.012017117254985919,paolo-laptop,hwpc-sensor-container
power_consumption,1704881684238000000,0.011627546780380485,paolo-laptop,hwpc-sensor-container
power_consumption,1704881685242000000,0.01280615171421141,paolo-laptop,hwpc-sensor-container
power_consumption,1704881688249000000,0.011290607890242416,paolo-laptop,hwpc-sensor-container
power_consumption,1704881690261000000,0.01261972169238671,paolo-laptop,hwpc-sensor-container
power_consumption,1704881691279000000,0.0102195135228259,paolo-laptop,hwpc-sensor-container
power_consumption,1704881692281000000,0.011393481325538142,paolo-laptop,hwpc-sensor-container
power_consumption,1704881693283000000,0.011229638529505325,paolo-laptop,hwpc-sensor-container
power_consumption,1704881694285000000,0.010932544761995943,paolo-laptop,hwpc-sensor-container
power_consumption,1704881697295000000,0.011978038665554497,paolo-laptop,hwpc-sensor-container
power_consumption,1704881698297000000,0.011332981021526864,paolo-laptop,hwpc-sensor-container
power_consumption,1704881699299000000,0.011252082612736788,paolo-laptop,hwpc-sensor-container
power_consumption,1704881702306000000,0.010855909750693045,paolo-laptop,hwpc-sensor-container
power_consumption,1704881704313000000,0.01515478626490786,paolo-laptop,hwpc-sensor-container
power_consumption,1704881706316000000,0.011686187840680425,paolo-laptop,hwpc-sensor-container
power_consumption,1704881707319000000,0.012726203248179451,paolo-laptop,hwpc-sensor-container
power_consumption,1704881709323000000,0.010584686708504258,paolo-laptop,hwpc-sensor-container
power_consumption,1704881710325000000,0.01166408474652049,paolo-laptop,hwpc-sensor-container
power_consumption,1704881711327000000,0.01165016903659698,paolo-laptop,hwpc-sensor-container
power_consumption,1704881712329000000,0.011537113509218086,paolo-laptop,hwpc-sensor-container
power_consumption,1704881713331000000,0.011504470838422192,paolo-laptop,hwpc-sensor-container
power_consumption,1704881714333000000,0.011671950289012398,paolo-laptop,hwpc-sensor-container
power_consumption,1704881715335000000,0.011396923600642555,paolo-laptop,hwpc-sensor-container
power_consumption,1704881716337000000,0.011187466068452178,paolo-laptop,hwpc-sensor-container
power_consumption,1704881717339000000,0.011135154254935067,paolo-laptop,hwpc-sensor-container
power_consumption,1704881718342000000,0.012001780715572584,paolo-laptop,hwpc-sensor-container
power_consumption,1704881719344000000,0.01167592867952992,paolo-laptop,hwpc-sensor-container
power_consumption,1704881720346000000,0.011995560654711666,paolo-laptop,hwpc-sensor-container
power_consumption,1704881721348000000,0.01158916241611135,paolo-laptop,hwpc-sensor-container
power_consumption,1704881722350000000,0.012946334866733467,paolo-laptop,hwpc-sensor-container
power_consumption,1704881723354000000,0.011218391938381308,paolo-laptop,hwpc-sensor-container
power_consumption,1704881724356000000,0.01227524730451349,paolo-laptop,hwpc-sensor-container
power_consumption,1704881725358000000,0.010766594876268153,paolo-laptop,hwpc-sensor-container
power_consumption,1704881726360000000,0.011428283397647274,paolo-laptop,hwpc-sensor-container
power_consumption,1704881727361000000,0.010480642997188995,paolo-laptop,hwpc-sensor-container
power_consumption,1704881728363000000,0.011726678367150006,paolo-laptop,hwpc-sensor-container
power_consumption,1704881729365000000,0.01142485920623093,paolo-laptop,hwpc-sensor-container
power_consumption,1704881730367000000,0.012605512064844,paolo-laptop,hwpc-sensor-container
power_consumption,1704881731369000000,0.012076057539590516,paolo-laptop,hwpc-sensor-container
power_consumption,1704881732371000000,0.01325194174493493,paolo-laptop,hwpc-sensor-container
power_consumption,1704881735384000000,0.01296565560634788,paolo-laptop,hwpc-sensor-container
power_consumption,1704881739398000000,0.011614956576858744,paolo-laptop,hwpc-sensor-container
power_consumption,1704881743409000000,0.01186063897288709,paolo-laptop,hwpc-sensor-container
power_consumption,1704881747415000000,0.010808206018741901,paolo-laptop,hwpc-sensor-container
power_consumption,1704881748417000000,0.01164493867933531,paolo-laptop,hwpc-sensor-container
power_consumption,1704881751423000000,0.01222458445703413,paolo-laptop,hwpc-sensor-container
power_consumption,1704881752425000000,0.012772685772917562,paolo-laptop,hwpc-sensor-container
power_consumption,1704881753427000000,0.011843697266481497,paolo-laptop,hwpc-sensor-container
power_consumption,1704881759441000000,0.011505987277787002,paolo-laptop,hwpc-sensor-container
power_consumption,1704881760445000000,0.010890723517982637,paolo-laptop,hwpc-sensor-container
power_consumption,1704881765470000000,0.012964657795098651,paolo-laptop,hwpc-sensor-container
power_consumption,1704881766472000000,0.011301029634390777,paolo-laptop,hwpc-sensor-container
power_consumption,1704881767474000000,0.011525025835148946,paolo-laptop,hwpc-sensor-container
power_consumption,1704881768479000000,0.011470742550172237,paolo-laptop,hwpc-sensor-container
power_consumption,1704881769482000000,0.012636579764825144,paolo-laptop,hwpc-sensor-container
power_consumption,1704881770485000000,0.0114192158605474,paolo-laptop,hwpc-sensor-container
power_consumption,1704881771488000000,0.011363148479980725,paolo-laptop,hwpc-sensor-container
power_consumption,1704881772491000000,0.011683691885829232,paolo-laptop,hwpc-sensor-container
power_consumption,1704881773493000000,0.01184867269697291,paolo-laptop,hwpc-sensor-container
power_consumption,1704881774495000000,0.0111619806775283,paolo-laptop,hwpc-sensor-container
power_consumption,1704881775498000000,0.011529162364035204,paolo-laptop,hwpc-sensor-container
power_consumption,1704881776500000000,0.010976785832699246,paolo-laptop,hwpc-sensor-container
power_consumption,1704881777502000000,0.011006250765245635,paolo-laptop,hwpc-sensor-container
power_consumption,1704881778504000000,0.011437686552115047,paolo-laptop,hwpc-sensor-container
power_consumption,1704881779506000000,0.011618289651850768,paolo-laptop,hwpc-sensor-container
power_consumption,1704881780511000000,0.011982812239991467,paolo-laptop,hwpc-sensor-container
power_consumption,1704881781512000000,0.010917771639546277,paolo-laptop,hwpc-sensor-container
power_consumption,1704881782514000000,0.010926568991326708,paolo-laptop,hwpc-sensor-container
power_consumption,1704881783516000000,0.011036961948494971,paolo-laptop,hwpc-sensor-container
power_consumption,1704881784518000000,0.011310804838059695,paolo-laptop,hwpc-sensor-container
power_consumption,1704881785521000000,0.011985265897185543,paolo-laptop,hwpc-sensor-container
power_consumption,1704881796557000000,0.013228923401583844,paolo-laptop,hwpc-sensor-container
power_consumption,1704881797559000000,0.011556725705209141,paolo-laptop,hwpc-sensor-container
power_consumption,1704881798562000000,0.011456935353207857,paolo-laptop,hwpc-sensor-container
power_consumption,1704881801572000000,0.013611803018604244,paolo-laptop,hwpc-sensor-container
power_consumption,1704881802574000000,0.011031846698470129,paolo-laptop,hwpc-sensor-container
power_consumption,1704881803576000000,0.01198087602612788,paolo-laptop,hwpc-sensor-container
power_consumption,1704881804577000000,0.012405009827729093,paolo-laptop,hwpc-sensor-container
power_consumption,1704881805579000000,0.010322469449484787,paolo-laptop,hwpc-sensor-container
power_consumption,1704881806581000000,0.013321274694834013,paolo-laptop,hwpc-sensor-container
power_consumption,1704881807583000000,0.011870388555915264,paolo-laptop,hwpc-sensor-container
power_consumption,1704881808585000000,0.012062727324747533,paolo-laptop,hwpc-sensor-container
power_consumption,1704881810595000000,0.011297439608819224,paolo-laptop,hwpc-sensor-container
power_consumption,1704881811597000000,0.014370412817608725,paolo-laptop,hwpc-sensor-container
power_consumption,1704881812599000000,0.01370428387153232,paolo-laptop,hwpc-sensor-container
power_consumption,1704881813610000000,0.012820175339108585,paolo-laptop,hwpc-sensor-container
power_consumption,1704881814612000000,0.012169572602714505,paolo-laptop,hwpc-sensor-container
power_consumption,1704881815614000000,0.011431455113497777,paolo-laptop,hwpc-sensor-container
power_consumption,1704881816617000000,0.011687852436534706,paolo-laptop,hwpc-sensor-container
power_consumption,1704881818620000000,0.011087514491995173,paolo-laptop,hwpc-sensor-container
power_consumption,1704881820624000000,0.011079722623634292,paolo-laptop,hwpc-sensor-container
power_consumption,1704881828638000000,0.011388188584439442,paolo-laptop,hwpc-sensor-container
power_consumption,1704881834661000000,0.011960502844826358,paolo-laptop,hwpc-sensor-container
power_consumption,1704881836667000000,0.00933707449006277,paolo-laptop,hwpc-sensor-container
power_consumption,1704881840675000000,0.011517401873174817,paolo-laptop,hwpc-sensor-container
power_consumption,1704881841680000000,0.010931463514267525,paolo-laptop,hwpc-sensor-container
power_consumption,1704881844691000000,0.010741179860782433,paolo-laptop,hwpc-sensor-container
power_consumption,1704881852722000000,0.010056566566776278,paolo-laptop,hwpc-sensor-container
power_consumption,1704881854727000000,0.00963513790262252,paolo-laptop,hwpc-sensor-container
power_consumption,1704881855731000000,0.01208869901416925,paolo-laptop,hwpc-sensor-container
power_consumption,1704881858740000000,0.012743105714084622,paolo-laptop,hwpc-sensor-container
power_consumption,1704881859742000000,0.01299247981812048,paolo-laptop,hwpc-sensor-container
power_consumption,1704881860744000000,0.012843177984186913,paolo-laptop,hwpc-sensor-container
power_consumption,1704881861746000000,0.012029980391036126,paolo-laptop,hwpc-sensor-container
power_consumption,1704881862750000000,0.013457160800744536,paolo-laptop,hwpc-sensor-container
power_consumption,1704881863753000000,0.011661680774861308,paolo-laptop,hwpc-sensor-container
power_consumption,1704881864755000000,0.013660958938318911,paolo-laptop,hwpc-sensor-container
power_consumption,1704881865756000000,0.01161138970738726,paolo-laptop,hwpc-sensor-container
power_consumption,1704881866758000000,0.012105745828119338,paolo-laptop,hwpc-sensor-container
power_consumption,1704881867759000000,0.013561424227604785,paolo-laptop,hwpc-sensor-container
power_consumption,1704881868761000000,0.014617248498005764,paolo-laptop,hwpc-sensor-container
power_consumption,1704881869762000000,0.012737917414716658,paolo-laptop,hwpc-sensor-container
power_consumption,1704881870764000000,0.010377835208749466,paolo-laptop,hwpc-sensor-container
power_consumption,1704881871765000000,0.01361949259944462,paolo-laptop,hwpc-sensor-container
power_consumption,1704881872767000000,0.013969757907449752,paolo-laptop,hwpc-sensor-container
power_consumption,1704881873769000000,0.013594490989880349,paolo-laptop,hwpc-sensor-container
power_consumption,1704881874774000000,0.014723288362560372,paolo-laptop,hwpc-sensor-container
power_consumption,1704881876778000000,0.012072403704121534,paolo-laptop,hwpc-sensor-container
power_consumption,1704881877782000000,0.010992625597310818,paolo-laptop,hwpc-sensor-container
power_consumption,1704881879786000000,0.010562765135844317,paolo-laptop,hwpc-sensor-container
power_consumption,1704881880788000000,0.011095489220217088,paolo-laptop,hwpc-sensor-container
power_consumption,1704881881790000000,0.01028009498827511,paolo-laptop,hwpc-sensor-container
power_consumption,1704881882793000000,0.01098669528796357,paolo-laptop,hwpc-sensor-container
power_consumption,1704881883795000000,0.018067099422611383,paolo-laptop,hwpc-sensor-container
power_consumption,1704881884797000000,0.013056131609741384,paolo-laptop,hwpc-sensor-container
power_consumption,1704881885798000000,0.010010613136146346,paolo-laptop,hwpc-sensor-container
power_consumption,1704881887802000000,0.010644910491827366,paolo-laptop,hwpc-sensor-container
power_consumption,1704881888804000000,0.011342552702936954,paolo-laptop,hwpc-sensor-container
power_consumption,1704881889806000000,0.011140318970039255,paolo-laptop,hwpc-sensor-container
power_consumption,1704881890808000000,0.01066290768945247,paolo-laptop,hwpc-sensor-container
power_consumption,1704881891818000000,0.011190516795879804,paolo-laptop,hwpc-sensor-container
power_consumption,1704881893824000000,0.010833506988041794,paolo-laptop,hwpc-sensor-container
power_consumption,1704881894826000000,0.01226519119962636,paolo-laptop,hwpc-sensor-container
power_consumption,1704881895832000000,0.010086838959540042,paolo-laptop,hwpc-sensor-container
power_consumption,1704881896834000000,0.01233777059423556,paolo-laptop,hwpc-sensor-container
power_consumption,1704881897836000000,0.0134510743300294,paolo-laptop,hwpc-sensor-container
power_consumption,1704881899840000000,0.013481802905428693,paolo-laptop,hwpc-sensor-container
power_consumption,1704881900842000000,0.011587862072152653,paolo-laptop,hwpc-sensor-container
power_consumption,1704881901845000000,0.01225134461475923,paolo-laptop,hwpc-sensor-container
power_consumption,1704881902850000000,0.010460135807673904,paolo-laptop,hwpc-sensor-container
power_consumption,1704881903853000000,0.011810212071363797,paolo-laptop,hwpc-sensor-container
power_consumption,1704881904855000000,0.012816281419846476,paolo-laptop,hwpc-sensor-container
power_consumption,1704881905859000000,0.008870483702131168,paolo-laptop,hwpc-sensor-container
power_consumption,1704881906865000000,0.024945447598239925,paolo-laptop,hwpc-sensor-container
power_consumption,1704881907867000000,0.01125368995396643,paolo-laptop,hwpc-sensor-container
power_consumption,1704881908873000000,0.012266136338595541,paolo-laptop,hwpc-sensor-container
power_consumption,1704881909875000000,0.011892518063193351,paolo-laptop,hwpc-sensor-container
power_consumption,1704881910879000000,0.01113474527649324,paolo-laptop,hwpc-sensor-container
power_consumption,1704881912885000000,0.011904271214457755,paolo-laptop,hwpc-sensor-container
power_consumption,1704881913889000000,0.013249436522265344,paolo-laptop,hwpc-sensor-container
power_consumption,1704881914892000000,0.013134830189749746,paolo-laptop,hwpc-sensor-container
power_consumption,1704881916896000000,0.011784941692985048,paolo-laptop,hwpc-sensor-container
power_consumption,1704881917898000000,0.011485371666658967,paolo-laptop,hwpc-sensor-container
power_consumption,1704881918900000000,0.01135685170870011,paolo-laptop,hwpc-sensor-container
power_consumption,1704881919902000000,0.011379965624640572,paolo-laptop,hwpc-sensor-container
power_consumption,1704881920904000000,0.010968876762164494,paolo-laptop,hwpc-sensor-container
power_consumption,1704881921906000000,0.012241458949059852,paolo-laptop,hwpc-sensor-container
power_consumption,1704881922908000000,0.011397194980185845,paolo-laptop,hwpc-sensor-container
power_consumption,1704881923911000000,0.012075772457591238,paolo-laptop,hwpc-sensor-container
power_consumption,1704881925918000000,0.011463414581613913,paolo-laptop,hwpc-sensor-container
power_consumption,1704881926920000000,0.012218577639119295,paolo-laptop,hwpc-sensor-container
power_consumption,1704881927923000000,0.013169854287824577,paolo-laptop,hwpc-sensor-container
power_consumption,1704881928925000000,0.011536139965693642,paolo-laptop,hwpc-sensor-container
power_consumption,1704881930932000000,0.01287546727335117,paolo-laptop,hwpc-sensor-container
power_consumption,1704881931934000000,0.01118526952264951,paolo-laptop,hwpc-sensor-container
power_consumption,1704881932936000000,0.011122506180293402,paolo-laptop,hwpc-sensor-container
power_consumption,1704881933940000000,0.010330038244983372,paolo-laptop,hwpc-sensor-container
power_consumption,1704881936947000000,0.011156954693118584,paolo-laptop,hwpc-sensor-container
power_consumption,1704881937949000000,0.011293491302180728,paolo-laptop,hwpc-sensor-container
power_consumption,1704881938951000000,0.012913947468889696,paolo-laptop,hwpc-sensor-container
power_consumption,1704881939955000000,0.01097837904995933,paolo-laptop,hwpc-sensor-container
power_consumption,1704881940957000000,0.011999646820273635,paolo-laptop,hwpc-sensor-container
power_consumption,1704881941962000000,0.01095340725030437,paolo-laptop,hwpc-sensor-container
power_consumption,1704881942964000000,0.01619754349182535,paolo-laptop,hwpc-sensor-container
power_consumption,1704881943965000000,0.013292436739133344,paolo-laptop,hwpc-sensor-container
power_consumption,1704881944968000000,0.011533144325604433,paolo-laptop,hwpc-sensor-container
power_consumption,1704881945970000000,0.011541699907515067,paolo-laptop,hwpc-sensor-container
power_consumption,1704881946972000000,0.011408399132577454,paolo-laptop,hwpc-sensor-container
power_consumption,1704881947974000000,0.012006676116079426,paolo-laptop,hwpc-sensor-container
power_consumption,1704881948976000000,0.011427255611644666,paolo-laptop,hwpc-sensor-container
power_consumption,1704881949978000000,0.01154784553024426,paolo-laptop,hwpc-sensor-container
power_consumption,1704881950980000000,0.011410633032888933,paolo-laptop,hwpc-sensor-container
power_consumption,1704881951982000000,0.011622645974013211,paolo-laptop,hwpc-sensor-container
power_consumption,1704881952984000000,0.011721254593775645,paolo-laptop,hwpc-sensor-container
power_consumption,1704881953986000000,0.011062071454687593,paolo-laptop,hwpc-sensor-container
power_consumption,1704881954988000000,0.012591584342691729,paolo-laptop,hwpc-sensor-container
power_consumption,1704881955989000000,0.011275918152543966,paolo-laptop,hwpc-sensor-container
power_consumption,1704881956991000000,0.013207644719146358,paolo-laptop,hwpc-sensor-container
power_consumption,1704881957993000000,0.012229548385510016,paolo-laptop,hwpc-sensor-container
power_consumption,1704881958995000000,0.011079949708288479,paolo-laptop,hwpc-sensor-container
power_consumption,1704881959997000000,0.014950923165033932,paolo-laptop,hwpc-sensor-container
power_consumption,1704881960999000000,0.012262268330820579,paolo-laptop,hwpc-sensor-container
power_consumption,1704881962001000000,0.011153625288374887,paolo-laptop,hwpc-sensor-container
power_consumption,1704881963003000000,0.011418426959524268,paolo-laptop,hwpc-sensor-container
power_consumption,1704881964005000000,0.011300992443117462,paolo-laptop,hwpc-sensor-container
power_consumption,1704881965007000000,0.011793289492937602,paolo-laptop,hwpc-sensor-container
power_consumption,1704881966009000000,0.012818832956607951,paolo-laptop,hwpc-sensor-container
power_consumption,1704881967013000000,0.010253690902485254,paolo-laptop,hwpc-sensor-container
power_consumption,1704881968015000000,0.011776190590882132,paolo-laptop,hwpc-sensor-container
power_consumption,1704881969017000000,0.012774535436712704,paolo-laptop,hwpc-sensor-container
power_consumption,1704881970018000000,0.009629223085324344,paolo-laptop,hwpc-sensor-container
power_consumption,1704881971022000000,0.012264197563381481,paolo-laptop,hwpc-sensor-container
power_consumption,1704881973029000000,0.017849932162305508,paolo-laptop,hwpc-sensor-container
power_consumption,1704881974033000000,0.009886494378686831,paolo-laptop,hwpc-sensor-container
power_consumption,1704881975034000000,0.011640319361595304,paolo-laptop,hwpc-sensor-container
power_consumption,1704881976036000000,0.01114572134755399,paolo-laptop,hwpc-sensor-container
power_consumption,1704881977038000000,0.011187297437952319,paolo-laptop,hwpc-sensor-container
power_consumption,1704881978041000000,0.012690734585216502,paolo-laptop,hwpc-sensor-container
power_consumption,1704881979043000000,0.01221860306436037,paolo-laptop,hwpc-sensor-container
power_consumption,1704881980046000000,0.012620175995291985,paolo-laptop,hwpc-sensor-container
power_consumption,1704881981049000000,0.011307318130527766,paolo-laptop,hwpc-sensor-container
power_consumption,1704881983054000000,0.011615995494419057,paolo-laptop,hwpc-sensor-container
power_consumption,1704881984056000000,0.011563281591226516,paolo-laptop,hwpc-sensor-container
power_consumption,1704881985058000000,0.012210900947909688,paolo-laptop,hwpc-sensor-container
power_consumption,1704881986059000000,0.01143767533097919,paolo-laptop,hwpc-sensor-container
power_consumption,1704881987061000000,0.011718731351906795,paolo-laptop,hwpc-sensor-container
power_consumption,1704881988063000000,0.01080484779135497,paolo-laptop,hwpc-sensor-container
power_consumption,1704881989065000000,0.011547872191802465,paolo-laptop,hwpc-sensor-container
power_consumption,1704881990069000000,0.013718789778564593,paolo-laptop,hwpc-sensor-container
power_consumption,1704881994082000000,0.011362319261245273,paolo-laptop,hwpc-sensor-container
power_consumption,1704881995086000000,0.009789381862598805,paolo-laptop,hwpc-sensor-container
power_consumption,1704881996087000000,0.012476138695380695,paolo-laptop,hwpc-sensor-container
power_consumption,1704881997089000000,0.010430243659771694,paolo-laptop,hwpc-sensor-container
power_consumption,1704881998091000000,0.011304865296023791,paolo-laptop,hwpc-sensor-container
power_consumption,1704881999093000000,0.01144831942758613,paolo-laptop,hwpc-sensor-container
power_consumption,1704882000094000000,0.011703713608789327,paolo-laptop,hwpc-sensor-container
power_consumption,1704882001098000000,0.010273517082786749,paolo-laptop,hwpc-sensor-container
power_consumption,1704882002100000000,0.012044946837202534,paolo-laptop,hwpc-sensor-container
power_consumption,1704882003102000000,0.011110186102661004,paolo-laptop,hwpc-sensor-container
power_consumption,1704882004104000000,0.011067984237763926,paolo-laptop,hwpc-sensor-container
power_consumption,1704882005106000000,0.01102258034652362,paolo-laptop,hwpc-sensor-container
power_consumption,1704882006110000000,0.0112649284377761,paolo-laptop,hwpc-sensor-container
power_consumption,1704882008114000000,0.011840334108637145,paolo-laptop,hwpc-sensor-container
power_consumption,1704882009117000000,0.010533763953902094,paolo-laptop,hwpc-sensor-container
power_consumption,1704882010119000000,0.011753399433605795,paolo-laptop,hwpc-sensor-container
power_consumption,1704882011121000000,0.01313511596682971,paolo-laptop,hwpc-sensor-container
power_consumption,1704882012123000000,0.011684630951503622,paolo-laptop,hwpc-sensor-container
power_consumption,1704882013125000000,0.011722936103841642,paolo-laptop,hwpc-sensor-container
power_consumption,1704882014127000000,0.01171541075838526,paolo-laptop,hwpc-sensor-container
power_consumption,1704882015131000000,0.010905074591948059,paolo-laptop,hwpc-sensor-container
power_consumption,1704882016133000000,0.011462248580495469,paolo-laptop,hwpc-sensor-container
power_consumption,1704882017135000000,0.011262649088248831,paolo-laptop,hwpc-sensor-container
power_consumption,1704882018137000000,0.011302602551449102,paolo-laptop,hwpc-sensor-container
power_consumption,1704882019139000000,0.012739456675091012,paolo-laptop,hwpc-sensor-container
power_consumption,1704882020141000000,0.01059894474913227,paolo-laptop,hwpc-sensor-container
power_consumption,1704882022147000000,0.011818443210847242,paolo-laptop,hwpc-sensor-container
power_consumption,1704882023149000000,0.010963929367453313,paolo-laptop,hwpc-sensor-container
power_consumption,1704882024150000000,0.010657105174879127,paolo-laptop,hwpc-sensor-container
power_consumption,1704882026153000000,0.01382340190437474,paolo-laptop,hwpc-sensor-container
power_consumption,1704882027155000000,0.011428862469186068,paolo-laptop,hwpc-sensor-container
power_consumption,1704882028157000000,0.011054432549860395,paolo-laptop,hwpc-sensor-container
power_consumption,1704882029158000000,0.012915635344240391,paolo-laptop,hwpc-sensor-container
power_consumption,1704882030160000000,0.011805643961256688,paolo-laptop,hwpc-sensor-container
power_consumption,1704882031162000000,0.011873785934448069,paolo-laptop,hwpc-sensor-container
power_consumption,1704882032164000000,0.011595013633633685,paolo-laptop,hwpc-sensor-container
power_consumption,1704882033166000000,0.013010072522334836,paolo-laptop,hwpc-sensor-container
power_consumption,1704882035169000000,0.010756107485857723,paolo-laptop,hwpc-sensor-container
power_consumption,1704882036172000000,0.01159934141473528,paolo-laptop,hwpc-sensor-container
power_consumption,1704882037174000000,0.013008236411196864,paolo-laptop,hwpc-sensor-container
power_consumption,1704882038179000000,0.011241227008862445,paolo-laptop,hwpc-sensor-container
power_consumption,1704882039183000000,0.01142381485110487,paolo-laptop,hwpc-sensor-container
power_consumption,1704882040184000000,0.012022121189980053,paolo-laptop,hwpc-sensor-container
power_consumption,1704882042195000000,0.011535023689935923,paolo-laptop,hwpc-sensor-container
power_consumption,1704882043197000000,0.011048623077832708,paolo-laptop,hwpc-sensor-container
power_consumption,1704882044201000000,0.015031961948996088,paolo-laptop,hwpc-sensor-container
power_consumption,1704882045206000000,0.011654028735562295,paolo-laptop,hwpc-sensor-container
power_consumption,1704882047214000000,0.012247241251200653,paolo-laptop,hwpc-sensor-container
power_consumption,1704882048216000000,0.011600880723480802,paolo-laptop,hwpc-sensor-container
power_consumption,1704882049220000000,0.010960547003100089,paolo-laptop,hwpc-sensor-container
power_consumption,1704882050224000000,0.013282180606513216,paolo-laptop,hwpc-sensor-container
power_consumption,1704882051228000000,0.011377077206035278,paolo-laptop,hwpc-sensor-container
power_consumption,1704882052232000000,0.011168017362943929,paolo-laptop,hwpc-sensor-container
power_consumption,1704882054240000000,0.01131913108065815,paolo-laptop,hwpc-sensor-container
power_consumption,1704882055241000000,0.013361101140105455,paolo-laptop,hwpc-sensor-container
power_consumption,1704882056243000000,0.012421424186177636,paolo-laptop,hwpc-sensor-container
power_consumption,1704882057245000000,0.011327984422472358,paolo-laptop,hwpc-sensor-container
power_consumption,1704882058248000000,0.011389189167473545,paolo-laptop,hwpc-sensor-container
power_consumption,1704882059250000000,0.010447834879630694,paolo-laptop,hwpc-sensor-container
power_consumption,1704882061259000000,0.011376452233091609,paolo-laptop,hwpc-sensor-container
power_consumption,1704882062261000000,0.011177451045136311,paolo-laptop,hwpc-sensor-container
power_consumption,1704882063263000000,0.013438019352638834,paolo-laptop,hwpc-sensor-container
power_consumption,1704882064264000000,0.014738467628141318,paolo-laptop,hwpc-sensor-container
power_consumption,1704882065266000000,0.013630201109506294,paolo-laptop,hwpc-sensor-container
power_consumption,1704882066268000000,0.015419834759577275,paolo-laptop,hwpc-sensor-container
power_consumption,1704882067270000000,0.014374641223402653,paolo-laptop,hwpc-sensor-container
power_consumption,1704882068271000000,0.013873305564038216,paolo-laptop,hwpc-sensor-container
power_consumption,1704882069272000000,0.013727341478954627,paolo-laptop,hwpc-sensor-container
power_consumption,1704882070275000000,0.012815794427523605,paolo-laptop,hwpc-sensor-container
power_consumption,1704882071277000000,0.013747256997513883,paolo-laptop,hwpc-sensor-container
power_consumption,1704882072279000000,0.011838948938093289,paolo-laptop,hwpc-sensor-container
power_consumption,1704882073283000000,0.014270201155290464,paolo-laptop,hwpc-sensor-container
power_consumption,1704882074286000000,0.0122927338174118,paolo-laptop,hwpc-sensor-container
power_consumption,1704882075288000000,0.0119898917409716,paolo-laptop,hwpc-sensor-container
power_consumption,1704882077296000000,0.014997142556238248,paolo-laptop,hwpc-sensor-container
power_consumption,1704882078298000000,0.010324923498301015,paolo-laptop,hwpc-sensor-container
power_consumption,1704882079300000000,0.012716460215569075,paolo-laptop,hwpc-sensor-container
power_consumption,1704882080302000000,0.011383443078415802,paolo-laptop,hwpc-sensor-container
power_consumption,1704882081304000000,0.012715539946499516,paolo-laptop,hwpc-sensor-container
power_consumption,1704882082306000000,0.01251262232538539,paolo-laptop,hwpc-sensor-container
power_consumption,1704882083310000000,0.01145829851113514,paolo-laptop,hwpc-sensor-container
power_consumption,1704882084313000000,0.011265374615088104,paolo-laptop,hwpc-sensor-container
power_consumption,1704882085315000000,0.009302656343645816,paolo-laptop,hwpc-sensor-container
power_consumption,1704882086316000000,0.01361504116220303,paolo-laptop,hwpc-sensor-container
power_consumption,1704882087318000000,0.014040800078322853,paolo-laptop,hwpc-sensor-container
power_consumption,1704882088320000000,0.012928085017862141,paolo-laptop,hwpc-sensor-container
power_consumption,1704882089323000000,0.012945540490882422,paolo-laptop,hwpc-sensor-container
power_consumption,1704882090325000000,0.01359280577584384,paolo-laptop,hwpc-sensor-container
power_consumption,1704882091327000000,0.01271718779995552,paolo-laptop,hwpc-sensor-container
power_consumption,1704882092330000000,0.011878821315397097,paolo-laptop,hwpc-sensor-container
power_consumption,1704882093332000000,0.01154439645845342,paolo-laptop,hwpc-sensor-container
power_consumption,1704882094334000000,0.013418170115231762,paolo-laptop,hwpc-sensor-container
power_consumption,1704882095335000000,0.01413254383063275,paolo-laptop,hwpc-sensor-container
power_consumption,1704882096337000000,0.011609377270960796,paolo-laptop,hwpc-sensor-container
power_consumption,1704882097338000000,0.015215344601977765,paolo-laptop,hwpc-sensor-container
power_consumption,1704882098340000000,0.016145322555667557,paolo-laptop,hwpc-sensor-container
power_consumption,1704882099342000000,0.014544221363347163,paolo-laptop,hwpc-sensor-container
power_consumption,1704882101347000000,0.012132136382894641,paolo-laptop,hwpc-sensor-container
power_consumption,1704882102349000000,0.011951965527678758,paolo-laptop,hwpc-sensor-container
power_consumption,1704882103350000000,0.010576758442475645,paolo-laptop,hwpc-sensor-container
power_consumption,1704882104355000000,0.014949462263035996,paolo-laptop,hwpc-sensor-container
power_consumption,1704882105357000000,0.01437092910117041,paolo-laptop,hwpc-sensor-container
power_consumption,1704882106359000000,0.01662610713349102,paolo-laptop,hwpc-sensor-container
power_consumption,1704882107362000000,0.014876756654934412,paolo-laptop,hwpc-sensor-container
power_consumption,1704882108364000000,0.01771464988401422,paolo-laptop,hwpc-sensor-container
power_consumption,1704882109367000000,0.01100832878386022,paolo-laptop,hwpc-sensor-container
power_consumption,1704882117389000000,0.012823821426395394,paolo-laptop,hwpc-sensor-container
power_consumption,1704882118394000000,0.012882719740502714,paolo-laptop,hwpc-sensor-container
power_consumption,1704882119396000000,0.011920303184103472,paolo-laptop,hwpc-sensor-container
power_consumption,1704882120398000000,0.010657515689081243,paolo-laptop,hwpc-sensor-container
power_consumption,1704882121402000000,0.012387988581010097,paolo-laptop,hwpc-sensor-container
power_consumption,1704882122405000000,0.011249659458167008,paolo-laptop,hwpc-sensor-container
power_consumption,1704882123409000000,0.013202367126053865,paolo-laptop,hwpc-sensor-container
power_consumption,1704882125416000000,0.01316024354015577,paolo-laptop,hwpc-sensor-container
power_consumption,1704882126418000000,0.013301320007256477,paolo-laptop,hwpc-sensor-container
power_consumption,1704882127422000000,0.01257947317857124,paolo-laptop,hwpc-sensor-container
power_consumption,1704882129426000000,0.017425981708197754,paolo-laptop,hwpc-sensor-container
power_consumption,1704882130428000000,0.014869192570433114,paolo-laptop,hwpc-sensor-container
power_consumption,1704882131433000000,0.01037276516469079,paolo-laptop,hwpc-sensor-container
power_consumption,1704882132435000000,0.012224377838519469,paolo-laptop,hwpc-sensor-container
power_consumption,1704882133437000000,0.012895899362363773,paolo-laptop,hwpc-sensor-container
power_consumption,1704882134441000000,0.010796774708451347,paolo-laptop,hwpc-sensor-container
power_consumption,1704882137451000000,0.012899992999250497,paolo-laptop,hwpc-sensor-container
power_consumption,1704882138456000000,0.015360681547064934,paolo-laptop,hwpc-sensor-container
power_consumption,1704882139460000000,0.012370670981573254,paolo-laptop,hwpc-sensor-container
power_consumption,1704882140462000000,0.012282570460316476,paolo-laptop,hwpc-sensor-container
power_consumption,1704882141465000000,0.013214105906311821,paolo-laptop,hwpc-sensor-container
power_consumption,1704882142467000000,0.012423589123602542,paolo-laptop,hwpc-sensor-container
power_consumption,1704882143469000000,0.011069013546580051,paolo-laptop,hwpc-sensor-container
power_consumption,1704882144471000000,0.011025136273589291,paolo-laptop,hwpc-sensor-container
power_consumption,1704882146479000000,0.010613775911193215,paolo-laptop,hwpc-sensor-container
power_consumption,1704882147480000000,0.010888256693416266,paolo-laptop,hwpc-sensor-container
power_consumption,1704882148485000000,0.014459622770390092,paolo-laptop,hwpc-sensor-container
power_consumption,1704882149488000000,0.014665505484201827,paolo-laptop,hwpc-sensor-container
power_consumption,1704882150491000000,0.01218415842462884,paolo-laptop,hwpc-sensor-container
power_consumption,1704882151492000000,0.017842473744846873,paolo-laptop,hwpc-sensor-container
power_consumption,1704882152496000000,0.011483788101228777,paolo-laptop,hwpc-sensor-container
power_consumption,1704882153500000000,0.013030417992577027,paolo-laptop,hwpc-sensor-container
power_consumption,1704882154503000000,0.011728619338136138,paolo-laptop,hwpc-sensor-container
power_consumption,1704882155505000000,0.011633934097804496,paolo-laptop,hwpc-sensor-container
power_consumption,1704882156507000000,0.013100953761715137,paolo-laptop,hwpc-sensor-container
power_consumption,1704882157510000000,0.012075299375024613,paolo-laptop,hwpc-sensor-container
power_consumption,1704882158511000000,0.01078011782711295,paolo-laptop,hwpc-sensor-container
power_consumption,1704882159513000000,0.01188619437214762,paolo-laptop,hwpc-sensor-container
power_consumption,1704882161516000000,0.01106651392366284,paolo-laptop,hwpc-sensor-container
power_consumption,1704882162518000000,0.011987668341583602,paolo-laptop,hwpc-sensor-container
power_consumption,1704882163522000000,0.009902268963778063,paolo-laptop,hwpc-sensor-container
power_consumption,1704882164524000000,0.011139579195076611,paolo-laptop,hwpc-sensor-container
power_consumption,1704882165525000000,0.012082887996879286,paolo-laptop,hwpc-sensor-container
power_consumption,1704882166526000000,0.01123405947802394,paolo-laptop,hwpc-sensor-container
power_consumption,1704882167528000000,0.01256024927784059,paolo-laptop,hwpc-sensor-container
power_consumption,1704882168531000000,0.01031595859459269,paolo-laptop,hwpc-sensor-container
power_consumption,1704882169533000000,0.01216170735793933,paolo-laptop,hwpc-sensor-container
power_consumption,1704882170537000000,0.01051154971125234,paolo-laptop,hwpc-sensor-container
power_consumption,1704882171539000000,0.012096295957718845,paolo-laptop,hwpc-sensor-container
power_consumption,1704882172543000000,0.013827233913433951,paolo-laptop,hwpc-sensor-container
power_consumption,1704882173547000000,0.011534349014900334,paolo-laptop,hwpc-sensor-container
power_consumption,1704882174549000000,0.012007488660250748,paolo-laptop,hwpc-sensor-container
power_consumption,1704882175550000000,0.011496096539101906,paolo-laptop,hwpc-sensor-container
power_consumption,1704882176552000000,0.012248121318844873,paolo-laptop,hwpc-sensor-container
power_consumption,1704882177554000000,0.011810236897728954,paolo-laptop,hwpc-sensor-container
power_consumption,1704882178555000000,0.011961353192315373,paolo-laptop,hwpc-sensor-container
power_consumption,1704882179558000000,0.012301941058130914,paolo-laptop,hwpc-sensor-container
power_consumption,1704882180561000000,0.011234507222451628,paolo-laptop,hwpc-sensor-container
power_consumption,1704882181566000000,0.011575094016972978,paolo-laptop,hwpc-sensor-container
power_consumption,1704882182567000000,0.011947093563971823,paolo-laptop,hwpc-sensor-container
power_consumption,1704882183569000000,0.012984154631184675,paolo-laptop,hwpc-sensor-container
power_consumption,1704882184571000000,0.012443078072177358,paolo-laptop,hwpc-sensor-container
power_consumption,1704882185574000000,0.012157567449625564,paolo-laptop,hwpc-sensor-container
power_consumption,1704882186575000000,0.013690297813860417,paolo-laptop,hwpc-sensor-container
power_consumption,1704882187577000000,0.010376083151730206,paolo-laptop,hwpc-sensor-container
power_consumption,1704882188579000000,0.012031060632247268,paolo-laptop,hwpc-sensor-container
power_consumption,1704882189580000000,0.012152229401987163,paolo-laptop,hwpc-sensor-container
power_consumption,1704882190582000000,0.013887853922123198,paolo-laptop,hwpc-sensor-container
power_consumption,1704882191583000000,0.012350611654107464,paolo-laptop,hwpc-sensor-container
power_consumption,1704882192585000000,0.01287901369204264,paolo-laptop,hwpc-sensor-container
power_consumption,1704882193587000000,0.013352302072558485,paolo-laptop,hwpc-sensor-container
power_consumption,1704882194589000000,0.014307110848179217,paolo-laptop,hwpc-sensor-container
power_consumption,1704882195591000000,0.013497663907834245,paolo-laptop,hwpc-sensor-container
power_consumption,1704882196592000000,0.013259818391994459,paolo-laptop,hwpc-sensor-container
power_consumption,1704882197594000000,0.01109780121629946,paolo-laptop,hwpc-sensor-container
power_consumption,1704882198596000000,0.013559753041188472,paolo-laptop,hwpc-sensor-container
power_consumption,1704882199597000000,0.016772017410208746,paolo-laptop,hwpc-sensor-container
power_consumption,1704882200601000000,0.012353615739693027,paolo-laptop,hwpc-sensor-container
power_consumption,1704882201603000000,0.01392137878235731,paolo-laptop,hwpc-sensor-container
power_consumption,1704882202604000000,0.017197363934399357,paolo-laptop,hwpc-sensor-container
power_consumption,1704882203608000000,0.015349298587968505,paolo-laptop,hwpc-sensor-container
power_consumption,1704882204609000000,0.010289786353577638,paolo-laptop,hwpc-sensor-container
power_consumption,1704882205611000000,0.01621055268627973,paolo-laptop,hwpc-sensor-container
power_consumption,1704882208620000000,0.011906082640215431,paolo-laptop,hwpc-sensor-container
power_consumption,1704882209622000000,0.01694557770077661,paolo-laptop,hwpc-sensor-container
power_consumption,1704882210626000000,0.011170259593943766,paolo-laptop,hwpc-sensor-container
power_consumption,1704882212632000000,0.011881345301017575,paolo-laptop,hwpc-sensor-container
power_consumption,1704882213633000000,0.01470602113840689,paolo-laptop,hwpc-sensor-container
power_consumption,1704882214637000000,0.01106970361674722,paolo-laptop,hwpc-sensor-container
power_consumption,1704882216642000000,0.01246138641794844,paolo-laptop,hwpc-sensor-container
power_consumption,1704882217644000000,0.018117682150565907,paolo-laptop,hwpc-sensor-container
power_consumption,1704882218646000000,0.01241468043344441,paolo-laptop,hwpc-sensor-container
power_consumption,1704882219649000000,0.011905970724197053,paolo-laptop,hwpc-sensor-container
power_consumption,1704882220651000000,0.015715512482472486,paolo-laptop,hwpc-sensor-container
power_consumption,1704882221655000000,0.011451520885251705,paolo-laptop,hwpc-sensor-container
power_consumption,1704882222658000000,0.028632390436519224,paolo-laptop,hwpc-sensor-container
power_consumption,1704882223660000000,0.01162551745357015,paolo-laptop,hwpc-sensor-container
power_consumption,1704882224664000000,0.011852182597140395,paolo-laptop,hwpc-sensor-container
power_consumption,1704882225668000000,0.011174467609508553,paolo-laptop,hwpc-sensor-container
power_consumption,1704882226670000000,0.018104444058000616,paolo-laptop,hwpc-sensor-container
power_consumption,1704882227672000000,0.012045862958281445,paolo-laptop,hwpc-sensor-container
power_consumption,1704882228674000000,0.011221363796995024,paolo-laptop,hwpc-sensor-container
power_consumption,1704882229675000000,0.011915319089457994,paolo-laptop,hwpc-sensor-container
power_consumption,1704882230677000000,0.013694880197017832,paolo-laptop,hwpc-sensor-container
power_consumption,1704882231679000000,0.011770889635101252,paolo-laptop,hwpc-sensor-container
power_consumption,1704882232681000000,0.01185133150258434,paolo-laptop,hwpc-sensor-container
power_consumption,1704882233682000000,0.011987541285913391,paolo-laptop,hwpc-sensor-container
power_consumption,1704882234684000000,0.0119633112445421,paolo-laptop,hwpc-sensor-container
power_consumption,1704882235686000000,0.01121897748436845,paolo-laptop,hwpc-sensor-container
power_consumption,1704882236688000000,0.012333039465445266,paolo-laptop,hwpc-sensor-container
power_consumption,1704882237691000000,0.011623218215548382,paolo-laptop,hwpc-sensor-container
power_consumption,1704882238693000000,0.010880414375924663,paolo-laptop,hwpc-sensor-container
power_consumption,1704882239695000000,0.011795871749148703,paolo-laptop,hwpc-sensor-container
power_consumption,1704882240697000000,0.011544677385313763,paolo-laptop,hwpc-sensor-container
power_consumption,1704882241699000000,0.011380627024576952,paolo-laptop,hwpc-sensor-container
power_consumption,1704882243702000000,0.012022105923581675,paolo-laptop,hwpc-sensor-container
power_consumption,1704882244704000000,0.018761197154669722,paolo-laptop,hwpc-sensor-container
power_consumption,1704882245706000000,0.016505588511669778,paolo-laptop,hwpc-sensor-container
power_consumption,1704882246707000000,0.014641147428797928,paolo-laptop,hwpc-sensor-container
power_consumption,1704882247708000000,0.01741544094674242,paolo-laptop,hwpc-sensor-container
power_consumption,1704882248710000000,0.014904855638782608,paolo-laptop,hwpc-sensor-container
power_consumption,1704882249714000000,0.01202088495514263,paolo-laptop,hwpc-sensor-container
power_consumption,1704882250716000000,0.015006507603611843,paolo-laptop,hwpc-sensor-container
power_consumption,1704882251718000000,0.01426371061091214,paolo-laptop,hwpc-sensor-container
power_consumption,1704882252720000000,0.013114700473579727,paolo-laptop,hwpc-sensor-container
power_consumption,1704882253723000000,0.012548863131185663,paolo-laptop,hwpc-sensor-container
power_consumption,1704882254725000000,0.00955733507142388,paolo-laptop,hwpc-sensor-container
power_consumption,1704882255726000000,0.016701911048802226,paolo-laptop,hwpc-sensor-container
power_consumption,1704882256731000000,0.014976878898158892,paolo-laptop,hwpc-sensor-container
power_consumption,1704882257739000000,0.011900525430000437,paolo-laptop,hwpc-sensor-container
power_consumption,1704882258742000000,0.011470304080966756,paolo-laptop,hwpc-sensor-container
power_consumption,1704882259744000000,0.01063395153851079,paolo-laptop,hwpc-sensor-container
power_consumption,1704882260748000000,0.011182767089288476,paolo-laptop,hwpc-sensor-container
power_consumption,1704882261751000000,0.011799806402831459,paolo-laptop,hwpc-sensor-container
power_consumption,1704882262753000000,0.018128758935972236,paolo-laptop,hwpc-sensor-container
power_consumption,1704882263756000000,0.010513976715952285,paolo-laptop,hwpc-sensor-container
power_consumption,1704882264761000000,0.011596114478498794,paolo-laptop,hwpc-sensor-container
power_consumption,1704882265762000000,0.011291686503473605,paolo-laptop,hwpc-sensor-container
power_consumption,1704882266764000000,0.014874314788969101,paolo-laptop,hwpc-sensor-container
power_consumption,1704882267768000000,0.012072211382757,paolo-laptop,hwpc-sensor-container
power_consumption,1704882268770000000,0.011541651501538906,paolo-laptop,hwpc-sensor-container
power_consumption,1704882269772000000,0.012269173402487826,paolo-laptop,hwpc-sensor-container
power_consumption,1704882270775000000,0.011492613640453215,paolo-laptop,hwpc-sensor-container
power_consumption,1704882271777000000,0.013326215491561036,paolo-laptop,hwpc-sensor-container
power_consumption,1704882272781000000,0.014433698701660697,paolo-laptop,hwpc-sensor-container
power_consumption,1704882273784000000,0.011750534096913479,paolo-laptop,hwpc-sensor-container
power_consumption,1704882274786000000,0.01164729584191637,paolo-laptop,hwpc-sensor-container
power_consumption,1704882275788000000,0.01179638873617352,paolo-laptop,hwpc-sensor-container
power_consumption,1704882276792000000,0.011873680765060145,paolo-laptop,hwpc-sensor-container
power_consumption,1704882277794000000,0.018462699409967618,paolo-laptop,hwpc-sensor-container
power_consumption,1704882279800000000,0.010761395008557571,paolo-laptop,hwpc-sensor-container
power_consumption,1704882280802000000,0.011634723251950864,paolo-laptop,hwpc-sensor-container
power_consumption,1704882281806000000,0.01144738840783369,paolo-laptop,hwpc-sensor-container
power_consumption,1704882282810000000,0.016636372631111198,paolo-laptop,hwpc-sensor-container
power_consumption,1704882283812000000,0.014656192755943051,paolo-laptop,hwpc-sensor-container
power_consumption,1704882284814000000,0.011516109677133984,paolo-laptop,hwpc-sensor-container
power_consumption,1704882285817000000,0.011456404968611188,paolo-laptop,hwpc-sensor-container
power_consumption,1704882286819000000,0.011202574942054441,paolo-laptop,hwpc-sensor-container
power_consumption,1704882287821000000,0.012648025266772162,paolo-laptop,hwpc-sensor-container
power_consumption,1704882288823000000,0.01124561801204113,paolo-laptop,hwpc-sensor-container
power_consumption,1704882289826000000,0.012741379916660028,paolo-laptop,hwpc-sensor-container
power_consumption,1704882290828000000,0.011684382079630755,paolo-laptop,hwpc-sensor-container
power_consumption,1704882291830000000,0.01074160423583146,paolo-laptop,hwpc-sensor-container
power_consumption,1704882292833000000,0.01465466544412122,paolo-laptop,hwpc-sensor-container
power_consumption,1704882293835000000,0.01206921293628467,paolo-laptop,hwpc-sensor-container
power_consumption,1704882294837000000,0.008758911822195342,paolo-laptop,hwpc-sensor-container
power_consumption,1704882295839000000,0.013456851307792046,paolo-laptop,hwpc-sensor-container
power_consumption,1704882296841000000,0.012166909343694016,paolo-laptop,hwpc-sensor-container
power_consumption,1704882297843000000,0.018205699147679985,paolo-laptop,hwpc-sensor-container
power_consumption,1704882298845000000,0.012485920174117742,paolo-laptop,hwpc-sensor-container
power_consumption,1704882299847000000,0.011763860540713997,paolo-laptop,hwpc-sensor-container
power_consumption,1704882300849000000,0.014565911246159174,paolo-laptop,hwpc-sensor-container
power_consumption,1704882302853000000,0.01135419244237933,paolo-laptop,hwpc-sensor-container
power_consumption,1704882303854000000,0.01237186226622539,paolo-laptop,hwpc-sensor-container
power_consumption,1704882304856000000,0.0121837961762384,paolo-laptop,hwpc-sensor-container
power_consumption,1704882305858000000,0.011330656348180725,paolo-laptop,hwpc-sensor-container
power_consumption,1704882306860000000,0.0119567518871773,paolo-laptop,hwpc-sensor-container
power_consumption,1704882307863000000,0.010458062385718767,paolo-laptop,hwpc-sensor-container
power_consumption,1704882308867000000,0.0136232981246078,paolo-laptop,hwpc-sensor-container
power_consumption,1704882309869000000,0.011250265185382613,paolo-laptop,hwpc-sensor-container
power_consumption,1704882310871000000,0.011687951598287364,paolo-laptop,hwpc-sensor-container
power_consumption,1704882311872000000,0.013417729112007207,paolo-laptop,hwpc-sensor-container
power_consumption,1704882312874000000,0.013980641804337137,paolo-laptop,hwpc-sensor-container
power_consumption,1704882313875000000,0.012793327000084433,paolo-laptop,hwpc-sensor-container
power_consumption,1704882314877000000,0.014912950013808044,paolo-laptop,hwpc-sensor-container
power_consumption,1704882315879000000,0.01160184831042328,paolo-laptop,hwpc-sensor-container
power_consumption,1704882316881000000,0.01504400944730517,paolo-laptop,hwpc-sensor-container
power_consumption,1704882317884000000,0.012558336488635878,paolo-laptop,hwpc-sensor-container
power_consumption,1704882318886000000,0.015934314348672277,paolo-laptop,hwpc-sensor-container
power_consumption,1704882319888000000,0.013781050660766583,paolo-laptop,hwpc-sensor-container
power_consumption,1704882320891000000,0.011161172577212532,paolo-laptop,hwpc-sensor-container
power_consumption,1704882321893000000,0.012293073346550469,paolo-laptop,hwpc-sensor-container
power_consumption,1704882322895000000,0.012523195877821011,paolo-laptop,hwpc-sensor-container
power_consumption,1704882323897000000,0.009907694367004706,paolo-laptop,hwpc-sensor-container
power_consumption,1704882324901000000,0.011704578279673528,paolo-laptop,hwpc-sensor-container
power_consumption,1704882325903000000,0.011647829086547266,paolo-laptop,hwpc-sensor-container
power_consumption,1704882326904000000,0.013009447208130038,paolo-laptop,hwpc-sensor-container
power_consumption,1704882327906000000,0.011794684990115316,paolo-laptop,hwpc-sensor-container
power_consumption,1704882328908000000,0.012339857137616067,paolo-laptop,hwpc-sensor-container
power_consumption,1704882329910000000,0.012472115970196165,paolo-laptop,hwpc-sensor-container
power_consumption,1704882330912000000,0.010602934039658184,paolo-laptop,hwpc-sensor-container
power_consumption,1704882331914000000,0.02158842241319307,paolo-laptop,hwpc-sensor-container
power_consumption,1704882332917000000,0.02529853727029077,paolo-laptop,hwpc-sensor-container
power_consumption,1704882333919000000,0.01175471214243251,paolo-laptop,hwpc-sensor-container
power_consumption,1704882334920000000,0.013745561924336111,paolo-laptop,hwpc-sensor-container
power_consumption,1704882335924000000,0.01253272909626353,paolo-laptop,hwpc-sensor-container
power_consumption,1704882336927000000,0.010304265107963948,paolo-laptop,hwpc-sensor-container
power_consumption,1704882337930000000,0.01275096547405582,paolo-laptop,hwpc-sensor-container
power_consumption,1704882338931000000,0.011675142459913574,paolo-laptop,hwpc-sensor-container
power_consumption,1704882339933000000,0.012235932847639769,paolo-laptop,hwpc-sensor-container
power_consumption,1704882340935000000,0.011433536644180871,paolo-laptop,hwpc-sensor-container
power_consumption,1704882341937000000,0.01073746413287251,paolo-laptop,hwpc-sensor-container
power_consumption,1704882342939000000,0.011563512795112741,paolo-laptop,hwpc-sensor-container
power_consumption,1704882343942000000,0.01254121415260894,paolo-laptop,hwpc-sensor-container
power_consumption,1704882344944000000,0.01265307876160662,paolo-laptop,hwpc-sensor-container
power_consumption,1704882345945000000,0.010956018853378113,paolo-laptop,hwpc-sensor-container
power_consumption,1704882346947000000,0.012026467153259912,paolo-laptop,hwpc-sensor-container
power_consumption,1704882347949000000,0.013292639624606627,paolo-laptop,hwpc-sensor-container
power_consumption,1704882348951000000,0.012259346250684193,paolo-laptop,hwpc-sensor-container
power_consumption,1704882349952000000,0.009154500095805145,paolo-laptop,hwpc-sensor-container
power_consumption,1704882350954000000,0.013816142604072046,paolo-laptop,hwpc-sensor-container
power_consumption,1704882351956000000,0.012364244125728122,paolo-laptop,hwpc-sensor-container
power_consumption,1704882352958000000,0.01208786332168459,paolo-laptop,hwpc-sensor-container
power_consumption,1704882353960000000,0.01113002209741299,paolo-laptop,hwpc-sensor-container
power_consumption,1704882354962000000,0.010781177010516278,paolo-laptop,hwpc-sensor-container
power_consumption,1704882355964000000,0.012013926840199852,paolo-laptop,hwpc-sensor-container
power_consumption,1704882356966000000,0.014016624951446191,paolo-laptop,hwpc-sensor-container
power_consumption,1704882357968000000,0.010702556272546784,paolo-laptop,hwpc-sensor-container
power_consumption,1704882358971000000,0.012344228556621015,paolo-laptop,hwpc-sensor-container
power_consumption,1704882359974000000,0.01979696487607858,paolo-laptop,hwpc-sensor-container
power_consumption,1704882360976000000,0.012158894359243546,paolo-laptop,hwpc-sensor-container
power_consumption,1704882361978000000,0.011898892456395102,paolo-laptop,hwpc-sensor-container
power_consumption,1704882362981000000,0.011340821396671532,paolo-laptop,hwpc-sensor-container
power_consumption,1704882363983000000,0.011303117779544597,paolo-laptop,hwpc-sensor-container
power_consumption,1704882364985000000,0.011398341850170367,paolo-laptop,hwpc-sensor-container
power_consumption,1704882365987000000,0.010767719558433374,paolo-laptop,hwpc-sensor-container
power_consumption,1704882366989000000,0.011538906544968072,paolo-laptop,hwpc-sensor-container
power_consumption,1704882367991000000,0.012530430348056086,paolo-laptop,hwpc-sensor-container
power_consumption,1704882368992000000,0.01074742656883442,paolo-laptop,hwpc-sensor-container
power_consumption,1704882370996000000,0.02411401797298028,paolo-laptop,hwpc-sensor-container
power_consumption,1704882371997000000,0.010109728758380608,paolo-laptop,hwpc-sensor-container
power_consumption,1704882372998000000,0.010141223618548063,paolo-laptop,hwpc-sensor-container
power_consumption,1704882374000000000,0.015321752974545817,paolo-laptop,hwpc-sensor-container
power_consumption,1704882375009000000,0.028080800102344212,paolo-laptop,hwpc-sensor-container
power_consumption,1704882376011000000,0.013207580083289174,paolo-laptop,hwpc-sensor-container
power_consumption,1704882377012000000,0.017209198554533248,paolo-laptop,hwpc-sensor-container
power_consumption,1704882378014000000,0.011080413964245044,paolo-laptop,hwpc-sensor-container
power_consumption,1704882379016000000,0.012155243157014842,paolo-laptop,hwpc-sensor-container
power_consumption,1704882380019000000,0.01087995760078011,paolo-laptop,hwpc-sensor-container
power_consumption,1704882381023000000,0.012349230235230758,paolo-laptop,hwpc-sensor-container
power_consumption,1704882382026000000,0.020850634219758895,paolo-laptop,hwpc-sensor-container
power_consumption,1704882383027000000,0.012487625661639296,paolo-laptop,hwpc-sensor-container
power_consumption,1704882384029000000,0.012627886647875668,paolo-laptop,hwpc-sensor-container
power_consumption,1704882385031000000,0.01292477802712804,paolo-laptop,hwpc-sensor-container
power_consumption,1704882386035000000,0.011582502705611007,paolo-laptop,hwpc-sensor-container
power_consumption,1704882387041000000,0.017189066699720635,paolo-laptop,hwpc-sensor-container
power_consumption,1704882388046000000,0.029551566873277996,paolo-laptop,hwpc-sensor-container
power_consumption,1704882389047000000,0.025370984801875197,paolo-laptop,hwpc-sensor-container
power_consumption,1704882390051000000,0.011706429819562996,paolo-laptop,hwpc-sensor-container
power_consumption,1704882391054000000,0.014331375898118769,paolo-laptop,hwpc-sensor-container
power_consumption,1704882392056000000,0.011376325046469106,paolo-laptop,hwpc-sensor-container
power_consumption,1704882393058000000,0.010833946346970769,paolo-laptop,hwpc-sensor-container
power_consumption,1704882394059000000,0.011240474923751612,paolo-laptop,hwpc-sensor-container
power_consumption,1704882395061000000,0.011764922518182275,paolo-laptop,hwpc-sensor-container
power_consumption,1704882396064000000,0.015302754885082911,paolo-laptop,hwpc-sensor-container
power_consumption,1704882397067000000,0.011618352192191414,paolo-laptop,hwpc-sensor-container
power_consumption,1704882398071000000,0.01899601471785859,paolo-laptop,hwpc-sensor-container
power_consumption,1704882399075000000,0.009644500797382747,paolo-laptop,hwpc-sensor-container
power_consumption,1704882400078000000,0.014703501940576163,paolo-laptop,hwpc-sensor-container
power_consumption,1704882401080000000,0.016455141817526768,paolo-laptop,hwpc-sensor-container
power_consumption,1704882402082000000,0.011665113639758263,paolo-laptop,hwpc-sensor-container
power_consumption,1704882403085000000,0.014042794799857282,paolo-laptop,hwpc-sensor-container
power_consumption,1704882404087000000,0.011264329875566087,paolo-laptop,hwpc-sensor-container
power_consumption,1704882405090000000,0.01868767232181815,paolo-laptop,hwpc-sensor-container
power_consumption,1704882406094000000,0.011117201479700163,paolo-laptop,hwpc-sensor-container
power_consumption,1704882407095000000,0.021645926289605995,paolo-laptop,hwpc-sensor-container
power_consumption,1704882408099000000,0.021545232083839662,paolo-laptop,hwpc-sensor-container
power_consumption,1704882409103000000,0.011113533071107176,paolo-laptop,hwpc-sensor-container
power_consumption,1704882411108000000,0.011872072991721027,paolo-laptop,hwpc-sensor-container
power_consumption,1704882412116000000,0.015151534877858655,paolo-laptop,hwpc-sensor-container
power_consumption,1704882413120000000,0.013582501390505455,paolo-laptop,hwpc-sensor-container
power_consumption,1704882414122000000,0.016929420078184897,paolo-laptop,hwpc-sensor-container
power_consumption,1704882415126000000,0.01632939847218632,paolo-laptop,hwpc-sensor-container
power_consumption,1704882416130000000,0.015257893347480471,paolo-laptop,hwpc-sensor-container
power_consumption,1704882417134000000,0.010568351035529082,paolo-laptop,hwpc-sensor-container
power_consumption,1704882418138000000,0.01771241860599741,paolo-laptop,hwpc-sensor-container
power_consumption,1704882419140000000,0.020162389739325028,paolo-laptop,hwpc-sensor-container
power_consumption,1704882420142000000,0.011647011572076904,paolo-laptop,hwpc-sensor-container
power_consumption,1704882421146000000,0.012165909655504209,paolo-laptop,hwpc-sensor-container
power_consumption,1704882422150000000,0.016984540169842976,paolo-laptop,hwpc-sensor-container
power_consumption,1704882423153000000,0.010411750289256762,paolo-laptop,hwpc-sensor-container
power_consumption,1704882424154000000,0.01218418392809924,paolo-laptop,hwpc-sensor-container
power_consumption,1704882425155000000,0.013966704925970979,paolo-laptop,hwpc-sensor-container
power_consumption,1704882426157000000,0.017756765355149813,paolo-laptop,hwpc-sensor-container
power_consumption,1704882427159000000,0.010367068309699072,paolo-laptop,hwpc-sensor-container
power_consumption,1704882428160000000,0.011040693889596092,paolo-laptop,hwpc-sensor-container
power_consumption,1704882429161000000,0.012373389149406597,paolo-laptop,hwpc-sensor-container
power_consumption,1704882430162000000,0.013004570799411606,paolo-laptop,hwpc-sensor-container
power_consumption,1704882431163000000,0.012942360404302602,paolo-laptop,hwpc-sensor-container
power_consumption,1704882432165000000,0.012572940926864316,paolo-laptop,hwpc-sensor-container
power_consumption,1704882433167000000,0.011713083676608112,paolo-laptop,hwpc-sensor-container
power_consumption,1704882434169000000,0.011146313376096678,paolo-laptop,hwpc-sensor-container
power_consumption,1704882435170000000,0.016748377617692677,paolo-laptop,hwpc-sensor-container
power_consumption,1704882436173000000,0.018564118547873525,paolo-laptop,hwpc-sensor-container
power_consumption,1704882437175000000,0.010447006331302078,paolo-laptop,hwpc-sensor-container
power_consumption,1704882438181000000,0.015835303005873953,paolo-laptop,hwpc-sensor-container
power_consumption,1704882439186000000,0.01384312817564019,paolo-laptop,hwpc-sensor-container
power_consumption,1704882440190000000,0.030596559758302836,paolo-laptop,hwpc-sensor-container
power_consumption,1704882441194000000,0.013037785971289415,paolo-laptop,hwpc-sensor-container
power_consumption,1704882442196000000,0.012145015769940516,paolo-laptop,hwpc-sensor-container
power_consumption,1704882443197000000,0.012600592412802548,paolo-laptop,hwpc-sensor-container
power_consumption,1704882444199000000,0.015754377257692874,paolo-laptop,hwpc-sensor-container
power_consumption,1704882445201000000,0.019074820245700654,paolo-laptop,hwpc-sensor-container
power_consumption,1704882446203000000,0.01526449099871162,paolo-laptop,hwpc-sensor-container
power_consumption,1704882447204000000,0.017085686858839405,paolo-laptop,hwpc-sensor-container
power_consumption,1704882448208000000,0.015734662842787118,paolo-laptop,hwpc-sensor-container
power_consumption,1704882449211000000,0.02745920896970533,paolo-laptop,hwpc-sensor-container
power_consumption,1704882450213000000,0.011347029957479465,paolo-laptop,hwpc-sensor-container
power_consumption,1704882451214000000,0.009526272094010274,paolo-laptop,hwpc-sensor-container
power_consumption,1704882453223000000,0.012800361237564905,paolo-laptop,hwpc-sensor-container
power_consumption,1704882454225000000,0.010998028894439377,paolo-laptop,hwpc-sensor-container
power_consumption,1704882455228000000,0.01202563454939562,paolo-laptop,hwpc-sensor-container
power_consumption,1704882456230000000,0.01181762191220576,paolo-laptop,hwpc-sensor-container
power_consumption,1704882457232000000,0.010939110391917264,paolo-laptop,hwpc-sensor-container
power_consumption,1704882458235000000,0.011461875848844887,paolo-laptop,hwpc-sensor-container
power_consumption,1704882459237000000,0.014309937588727796,paolo-laptop,hwpc-sensor-container
power_consumption,1704882460240000000,0.010781818371217841,paolo-laptop,hwpc-sensor-container
power_consumption,1704882461243000000,0.018532294945817904,paolo-laptop,hwpc-sensor-container
power_consumption,1704882462247000000,0.02652028459767656,paolo-laptop,hwpc-sensor-container
power_consumption,1704882463248000000,0.013724892113169872,paolo-laptop,hwpc-sensor-container
power_consumption,1704882464252000000,0.00999436986129516,paolo-laptop,hwpc-sensor-container
power_consumption,1704882465254000000,0.014723151798840116,paolo-laptop,hwpc-sensor-container
power_consumption,1704882466256000000,0.01082507837683605,paolo-laptop,hwpc-sensor-container
power_consumption,1704882467259000000,0.011923582805313788,paolo-laptop,hwpc-sensor-container
power_consumption,1704882471276000000,0.03163254670915754,paolo-laptop,hwpc-sensor-container
power_consumption,1704882472280000000,0.07744617146894073,paolo-laptop,hwpc-sensor-container
power_consumption,1704882473284000000,0.026646683529339403,paolo-laptop,hwpc-sensor-container
power_consumption,1704882474288000000,0.028561682287434734,paolo-laptop,hwpc-sensor-container
power_consumption,1704882475292000000,0.01736765935459075,paolo-laptop,hwpc-sensor-container
power_consumption,1704882476297000000,0.03019212196853973,paolo-laptop,hwpc-sensor-container
power_consumption,1704882477302000000,0.028901150769713082,paolo-laptop,hwpc-sensor-container
power_consumption,1704882478304000000,0.013068839329614678,paolo-laptop,hwpc-sensor-container
power_consumption,1704882479306000000,0.01226089268553688,paolo-laptop,hwpc-sensor-container
power_consumption,1704882480310000000,0.012857784314353362,paolo-laptop,hwpc-sensor-container
power_consumption,1704882481312000000,0.019178759149890916,paolo-laptop,hwpc-sensor-container
power_consumption,1704882482314000000,0.011311103411670255,paolo-laptop,hwpc-sensor-container
power_consumption,1704882483316000000,0.01196314871635587,paolo-laptop,hwpc-sensor-container
power_consumption,1704882484317000000,0.013374832410865364,paolo-laptop,hwpc-sensor-container
power_consumption,1704882485319000000,0.013790121973108934,paolo-laptop,hwpc-sensor-container
power_consumption,1704882486323000000,0.014491686824765227,paolo-laptop,hwpc-sensor-container
power_consumption,1704882487325000000,0.012038287843703234,paolo-laptop,hwpc-sensor-container
power_consumption,1704882488326000000,0.012527582530854913,paolo-laptop,hwpc-sensor-container
power_consumption,1704882489328000000,0.011248567249289737,paolo-laptop,hwpc-sensor-container
power_consumption,1704882490329000000,0.014583890919254713,paolo-laptop,hwpc-sensor-container
power_consumption,1704882491331000000,0.01185721049385403,paolo-laptop,hwpc-sensor-container
power_consumption,1704882492332000000,0.014747560773584072,paolo-laptop,hwpc-sensor-container
power_consumption,1704882493334000000,0.012541516427737591,paolo-laptop,hwpc-sensor-container
power_consumption,1704882494335000000,0.011781040018593732,paolo-laptop,hwpc-sensor-container
power_consumption,1704882495337000000,0.014877325382805643,paolo-laptop,hwpc-sensor-container
power_consumption,1704882496338000000,0.01711774041839533,paolo-laptop,hwpc-sensor-container
power_consumption,1704882497340000000,0.015678973127842957,paolo-laptop,hwpc-sensor-container
power_consumption,1704882498344000000,0.03037006284225937,paolo-laptop,hwpc-sensor-container
power_consumption,1704882499347000000,0.016150572338922142,paolo-laptop,hwpc-sensor-container
power_consumption,1704882500349000000,0.014575723962665724,paolo-laptop,hwpc-sensor-container
power_consumption,1704882501351000000,0.015496552315444488,paolo-laptop,hwpc-sensor-container
power_consumption,1704882502353000000,0.011827291071926777,paolo-laptop,hwpc-sensor-container
power_consumption,1704882503358000000,0.015608498355871945,paolo-laptop,hwpc-sensor-container
power_consumption,1704882504362000000,0.020847832198968064,paolo-laptop,hwpc-sensor-container
power_consumption,1704882505363000000,0.010888506165312818,paolo-laptop,hwpc-sensor-container
power_consumption,1704882506365000000,0.014736234541058093,paolo-laptop,hwpc-sensor-container
power_consumption,1704882507374000000,0.013854653123454286,paolo-laptop,hwpc-sensor-container
power_consumption,1704882508376000000,0.01360900650127277,paolo-laptop,hwpc-sensor-container
power_consumption,1704882509378000000,0.012267753289026257,paolo-laptop,hwpc-sensor-container
power_consumption,1704882510380000000,0.013451761151366735,paolo-laptop,hwpc-sensor-container
power_consumption,1704882511390000000,0.01950543562324676,paolo-laptop,hwpc-sensor-container
power_consumption,1704882512396000000,0.01240574119912077,paolo-laptop,hwpc-sensor-container
power_consumption,1704882513400000000,0.018219365520459347,paolo-laptop,hwpc-sensor-container
power_consumption,1704882514402000000,0.012849757183187444,paolo-laptop,hwpc-sensor-container
power_consumption,1704882515406000000,0.017724204308925864,paolo-laptop,hwpc-sensor-container
power_consumption,1704882516410000000,0.01260962701189361,paolo-laptop,hwpc-sensor-container
power_consumption,1704882517414000000,0.013493437525423656,paolo-laptop,hwpc-sensor-container
power_consumption,1704882518416000000,0.011286377370605524,paolo-laptop,hwpc-sensor-container
power_consumption,1704882519419000000,0.027876459289391545,paolo-laptop,hwpc-sensor-container
power_consumption,1704882521425000000,0.016851773355904015,paolo-laptop,hwpc-sensor-container
power_consumption,1704882523430000000,0.019253268982271855,paolo-laptop,hwpc-sensor-container
power_consumption,1704882524434000000,0.012998077391176192,paolo-laptop,hwpc-sensor-container
power_consumption,1704882525436000000,0.017599368044319733,paolo-laptop,hwpc-sensor-container
power_consumption,1704882526440000000,0.020876221979767302,paolo-laptop,hwpc-sensor-container
power_consumption,1704882527444000000,0.028140615651341624,paolo-laptop,hwpc-sensor-container
power_consumption,1704882528448000000,0.012484298162208245,paolo-laptop,hwpc-sensor-container
power_consumption,1704882529451000000,0.021455207153784493,paolo-laptop,hwpc-sensor-container
power_consumption,1704882530455000000,0.02911967662058358,paolo-laptop,hwpc-sensor-container
power_consumption,1704882531458000000,0.029070864089040686,paolo-laptop,hwpc-sensor-container
power_consumption,1704882532463000000,0.08439256157369875,paolo-laptop,hwpc-sensor-container
power_consumption,1704882533467000000,0.02962365495506135,paolo-laptop,hwpc-sensor-container
power_consumption,1704882534470000000,0.014907978469542369,paolo-laptop,hwpc-sensor-container
power_consumption,1704882535472000000,0.01698442223667669,paolo-laptop,hwpc-sensor-container
power_consumption,1704882536476000000,0.01993873815373894,paolo-laptop,hwpc-sensor-container
power_consumption,1704882537479000000,0.014835222922323981,paolo-laptop,hwpc-sensor-container
power_consumption,1704882538484000000,0.0308432227808057,paolo-laptop,hwpc-sensor-container
power_consumption,1704882539486000000,0.050658556506810414,paolo-laptop,hwpc-sensor-container
power_consumption,1704882540489000000,0.017638305128468923,paolo-laptop,hwpc-sensor-container
power_consumption,1704882541492000000,0.023071706369332104,paolo-laptop,hwpc-sensor-container
power_consumption,1704882543500000000,0.06737446621837809,paolo-laptop,hwpc-sensor-container
power_consumption,1704882544504000000,0.025632274364135017,paolo-laptop,hwpc-sensor-container
power_consumption,1704882545505000000,0.018063253525819726,paolo-laptop,hwpc-sensor-container
power_consumption,1704882546507000000,0.016384614355671182,paolo-laptop,hwpc-sensor-container
power_consumption,1704882547509000000,0.01476431995038642,paolo-laptop,hwpc-sensor-container
power_consumption,1704882548510000000,0.014260599474120988,paolo-laptop,hwpc-sensor-container
power_consumption,1704882549511000000,0.015777994362080657,paolo-laptop,hwpc-sensor-container
power_consumption,1704882550513000000,0.022667786194146878,paolo-laptop,hwpc-sensor-container
power_consumption,1704882551514000000,0.0169075314731796,paolo-laptop,hwpc-sensor-container
power_consumption,1704882552515000000,0.012391167538894906,paolo-laptop,hwpc-sensor-container
power_consumption,1704882553517000000,0.012449156046398825,paolo-laptop,hwpc-sensor-container
power_consumption,1704882554519000000,0.012473986515848898,paolo-laptop,hwpc-sensor-container
power_consumption,1704882555521000000,0.013646414945768775,paolo-laptop,hwpc-sensor-container
power_consumption,1704882556525000000,0.011297077354302878,paolo-laptop,hwpc-sensor-container
power_consumption,1704882557527000000,0.015732126957961317,paolo-laptop,hwpc-sensor-container
power_consumption,1704882558529000000,0.012260085596504865,paolo-laptop,hwpc-sensor-container
power_consumption,1704882559531000000,0.014665240028164724,paolo-laptop,hwpc-sensor-container
power_consumption,1704882560533000000,0.014028608968489462,paolo-laptop,hwpc-sensor-container
power_consumption,1704882561536000000,0.011471735877485411,paolo-laptop,hwpc-sensor-container
power_consumption,1704882562539000000,0.017392537308246837,paolo-laptop,hwpc-sensor-container
power_consumption,1704882563544000000,0.013065009949927733,paolo-laptop,hwpc-sensor-container
power_consumption,1704882564547000000,0.014565717361855399,paolo-laptop,hwpc-sensor-container
power_consumption,1704882565549000000,0.013825496075657522,paolo-laptop,hwpc-sensor-container
power_consumption,1704882566551000000,0.012940773404841767,paolo-laptop,hwpc-sensor-container
power_consumption,1704882567557000000,0.013862471540588207,paolo-laptop,hwpc-sensor-container
power_consumption,1704882568560000000,0.02502712953622984,paolo-laptop,hwpc-sensor-container
power_consumption,1704882569562000000,0.01131458013476706,paolo-laptop,hwpc-sensor-container
power_consumption,1704882570566000000,0.010750132075113869,paolo-laptop,hwpc-sensor-container
power_consumption,1704882571568000000,0.017876474325844646,paolo-laptop,hwpc-sensor-container
power_consumption,1704882572572000000,0.022151306950090086,paolo-laptop,hwpc-sensor-container
power_consumption,1704882573578000000,0.023360448772826597,paolo-laptop,hwpc-sensor-container
power_consumption,1704882574580000000,0.011737119154771575,paolo-laptop,hwpc-sensor-container
power_consumption,1704882575583000000,0.020296973922726676,paolo-laptop,hwpc-sensor-container
power_consumption,1704882576587000000,0.028876304502996337,paolo-laptop,hwpc-sensor-container
power_consumption,1704882577590000000,0.012430033477131536,paolo-laptop,hwpc-sensor-container
power_consumption,1704882578594000000,0.015675565508281142,paolo-laptop,hwpc-sensor-container
power_consumption,1704882579596000000,0.020373108402101818,paolo-laptop,hwpc-sensor-container
power_consumption,1704882580599000000,0.012014099550802168,paolo-laptop,hwpc-sensor-container
power_consumption,1704882581602000000,0.0220523064193397,paolo-laptop,hwpc-sensor-container
power_consumption,1704882582606000000,0.018617949862552836,paolo-laptop,hwpc-sensor-container
power_consumption,1704882583608000000,0.015360523021061837,paolo-laptop,hwpc-sensor-container
power_consumption,1704882584610000000,0.015961401681144138,paolo-laptop,hwpc-sensor-container
power_consumption,1704882585611000000,0.013089437777041017,paolo-laptop,hwpc-sensor-container
power_consumption,1704882586615000000,0.016050001125324082,paolo-laptop,hwpc-sensor-container
power_consumption,1704882587618000000,0.023361691756958323,paolo-laptop,hwpc-sensor-container
power_consumption,1704882588620000000,0.011189696463597415,paolo-laptop,hwpc-sensor-container
power_consumption,1704882589625000000,0.019129669332349938,paolo-laptop,hwpc-sensor-container
power_consumption,1704882590627000000,0.012496653460722044,paolo-laptop,hwpc-sensor-container
power_consumption,1704882591631000000,0.014728948982377825,paolo-laptop,hwpc-sensor-container
power_consumption,1704882592635000000,0.014442574450329761,paolo-laptop,hwpc-sensor-container
power_consumption,1704882593637000000,0.013268210609598298,paolo-laptop,hwpc-sensor-container
power_consumption,1704882594638000000,0.011695421335084902,paolo-laptop,hwpc-sensor-container
power_consumption,1704882595640000000,0.012118777141566117,paolo-laptop,hwpc-sensor-container
power_consumption,1704882596641000000,0.012200941976978096,paolo-laptop,hwpc-sensor-container
power_consumption,1704882597644000000,0.012535449345013166,paolo-laptop,hwpc-sensor-container
power_consumption,1704882598646000000,0.02033328990786765,paolo-laptop,hwpc-sensor-container
power_consumption,1704882599648000000,0.01137551901124023,paolo-laptop,hwpc-sensor-container
power_consumption,1704882600650000000,0.011866440082332928,paolo-laptop,hwpc-sensor-container
power_consumption,1704882601651000000,0.012215651834078061,paolo-laptop,hwpc-sensor-container
power_consumption,1704882602657000000,0.013771825341181354,paolo-laptop,hwpc-sensor-container
power_consumption,1704882603659000000,0.01086276305696067,paolo-laptop,hwpc-sensor-container
power_consumption,1704882604660000000,0.011300212421817515,paolo-laptop,hwpc-sensor-container
power_consumption,1704882605662000000,0.012189949441869144,paolo-laptop,hwpc-sensor-container
power_consumption,1704882606664000000,0.015442767427284744,paolo-laptop,hwpc-sensor-container
power_consumption,1704882607666000000,0.010114302642086799,paolo-laptop,hwpc-sensor-container
power_consumption,1704882608669000000,0.01287994758912906,paolo-laptop,hwpc-sensor-container
power_consumption,1704882609671000000,0.020982717671806046,paolo-laptop,hwpc-sensor-container
power_consumption,1704882610674000000,0.01569854095399245,paolo-laptop,hwpc-sensor-container
power_consumption,1704882611676000000,0.01784089746937849,paolo-laptop,hwpc-sensor-container
power_consumption,1704882612678000000,0.019354142941797905,paolo-laptop,hwpc-sensor-container
power_consumption,1704882613683000000,0.013724594277978844,paolo-laptop,hwpc-sensor-container
