name,time,power,sensor,target
power_consumption,1705263959332000000,0.012444011184963973,paolo-laptop,hwpc-sensor-container
power_consumption,1705263960334000000,0.01073969269620272,paolo-laptop,hwpc-sensor-container
power_consumption,1705263961336000000,0.014282710918949415,paolo-laptop,hwpc-sensor-container
power_consumption,1705263968358000000,0.012542493809292399,paolo-laptop,hwpc-sensor-container
power_consumption,1705263969360000000,0.011654452727922277,paolo-laptop,hwpc-sensor-container
power_consumption,1705263970362000000,0.013386278523671174,paolo-laptop,hwpc-sensor-container
power_consumption,1705263971365000000,0.01025846479213007,paolo-laptop,hwpc-sensor-container
power_consumption,1705263972367000000,0.011161709365637982,paolo-laptop,hwpc-sensor-container
power_consumption,1705263973369000000,0.01105391876359368,paolo-laptop,hwpc-sensor-container
power_consumption,1705263974371000000,0.010209923767539418,paolo-laptop,hwpc-sensor-container
power_consumption,1705263975373000000,0.011052536344406904,paolo-laptop,hwpc-sensor-container
power_consumption,1705263976374000000,0.011261853915058842,paolo-laptop,hwpc-sensor-container
power_consumption,1705263977376000000,0.011218760314294626,paolo-laptop,hwpc-sensor-container
power_consumption,1705263978378000000,0.012418611592564152,paolo-laptop,hwpc-sensor-container
power_consumption,1705263979386000000,0.010930982107895379,paolo-laptop,hwpc-sensor-container
power_consumption,1705263980389000000,0.010828687873949359,paolo-laptop,hwpc-sensor-container
power_consumption,1705263981390000000,0.01072113081160573,paolo-laptop,hwpc-sensor-container
power_consumption,1705263982392000000,0.011349518367504838,paolo-laptop,hwpc-sensor-container
power_consumption,1705263983395000000,0.010463700642554207,paolo-laptop,hwpc-sensor-container
power_consumption,1705263984397000000,0.012094821736720393,paolo-laptop,hwpc-sensor-container
power_consumption,1705263988403000000,0.011933727019103089,paolo-laptop,hwpc-sensor-container
power_consumption,1705263989405000000,0.011183862395461566,paolo-laptop,hwpc-sensor-container
power_consumption,1705263999437000000,0.011856936109261007,paolo-laptop,hwpc-sensor-container
power_consumption,1705264000439000000,0.011332535980554262,paolo-laptop,hwpc-sensor-container
power_consumption,1705264001441000000,0.011391145707680888,paolo-laptop,hwpc-sensor-container
power_consumption,1705264002446000000,0.011992403016596265,paolo-laptop,hwpc-sensor-container
power_consumption,1705264003453000000,0.011893350306756124,paolo-laptop,hwpc-sensor-container
power_consumption,1705264004455000000,0.012093978480621752,paolo-laptop,hwpc-sensor-container
power_consumption,1705264005457000000,0.012018972698516053,paolo-laptop,hwpc-sensor-container
power_consumption,1705264006459000000,0.012459309671696651,paolo-laptop,hwpc-sensor-container
power_consumption,1705264007463000000,0.013268871708451174,paolo-laptop,hwpc-sensor-container
power_consumption,1705264009474000000,0.008892447168309165,paolo-laptop,hwpc-sensor-container
power_consumption,1705264010477000000,0.011080705453034885,paolo-laptop,hwpc-sensor-container
power_consumption,1705264011478000000,0.011140490488640966,paolo-laptop,hwpc-sensor-container
power_consumption,1705264012480000000,0.013968418662473624,paolo-laptop,hwpc-sensor-container
power_consumption,1705264013481000000,0.011347255947927811,paolo-laptop,hwpc-sensor-container
power_consumption,1705264014483000000,0.0116068998758813,paolo-laptop,hwpc-sensor-container
power_consumption,1705264015485000000,0.01138484691248115,paolo-laptop,hwpc-sensor-container
power_consumption,1705264016487000000,0.011974217122116059,paolo-laptop,hwpc-sensor-container
power_consumption,1705264017489000000,0.011999786968515117,paolo-laptop,hwpc-sensor-container
power_consumption,1705264018490000000,0.011781515937347876,paolo-laptop,hwpc-sensor-container
power_consumption,1705264019493000000,0.012452095061868144,paolo-laptop,hwpc-sensor-container
power_consumption,1705264020497000000,0.01005006845492637,paolo-laptop,hwpc-sensor-container
power_consumption,1705264021499000000,0.011481166534706388,paolo-laptop,hwpc-sensor-container
power_consumption,1705264022501000000,0.011623071415288098,paolo-laptop,hwpc-sensor-container
power_consumption,1705264023503000000,0.010750513920319123,paolo-laptop,hwpc-sensor-container
power_consumption,1705264024505000000,0.011294567247526772,paolo-laptop,hwpc-sensor-container
power_consumption,1705264025507000000,0.012357235610318776,paolo-laptop,hwpc-sensor-container
power_consumption,1705264026510000000,0.0113657505549218,paolo-laptop,hwpc-sensor-container
power_consumption,1705264027512000000,0.010843830598668745,paolo-laptop,hwpc-sensor-container
power_consumption,1705264028514000000,0.011006011828945908,paolo-laptop,hwpc-sensor-container
power_consumption,1705264029516000000,0.011537151478896064,paolo-laptop,hwpc-sensor-container
power_consumption,1705264030519000000,0.011159493421628676,paolo-laptop,hwpc-sensor-container
power_consumption,1705264031521000000,0.010151541591085441,paolo-laptop,hwpc-sensor-container
power_consumption,1705264032523000000,0.009642883975755311,paolo-laptop,hwpc-sensor-container
power_consumption,1705264033525000000,0.011764737070944758,paolo-laptop,hwpc-sensor-container
power_consumption,1705264034527000000,0.011264189070288283,paolo-laptop,hwpc-sensor-container
power_consumption,1705264035528000000,0.010924134676195348,paolo-laptop,hwpc-sensor-container
power_consumption,1705264036530000000,0.012245422456594112,paolo-laptop,hwpc-sensor-container
power_consumption,1705264037533000000,0.010553317675528863,paolo-laptop,hwpc-sensor-container
power_consumption,1705264038536000000,0.011916084662137498,paolo-laptop,hwpc-sensor-container
power_consumption,1705264039539000000,0.011643112147677187,paolo-laptop,hwpc-sensor-container
power_consumption,1705264041543000000,0.011779667790179,paolo-laptop,hwpc-sensor-container
power_consumption,1705264042546000000,0.011401799004939563,paolo-laptop,hwpc-sensor-container
power_consumption,1705264043548000000,0.011901548508885655,paolo-laptop,hwpc-sensor-container
power_consumption,1705264044549000000,0.010541293309612707,paolo-laptop,hwpc-sensor-container
power_consumption,1705264045551000000,0.012248465157183273,paolo-laptop,hwpc-sensor-container
power_consumption,1705264046554000000,0.012527383527929942,paolo-laptop,hwpc-sensor-container
power_consumption,1705264047556000000,0.010148443105697992,paolo-laptop,hwpc-sensor-container
power_consumption,1705264048558000000,0.009754242659382103,paolo-laptop,hwpc-sensor-container
power_consumption,1705264049561000000,0.010678707851029541,paolo-laptop,hwpc-sensor-container
power_consumption,1705264050564000000,0.010064687368313481,paolo-laptop,hwpc-sensor-container
power_consumption,1705264051566000000,0.01016524291893891,paolo-laptop,hwpc-sensor-container
power_consumption,1705264052568000000,0.01186331362188695,paolo-laptop,hwpc-sensor-container
power_consumption,1705264053577000000,0.010094987117195729,paolo-laptop,hwpc-sensor-container
power_consumption,1705264054583000000,0.010283812983476148,paolo-laptop,hwpc-sensor-container
power_consumption,1705264055588000000,0.01014678666001607,paolo-laptop,hwpc-sensor-container
power_consumption,1705264056593000000,0.00795306106846177,paolo-laptop,hwpc-sensor-container
power_consumption,1705264057596000000,0.010621180893610959,paolo-laptop,hwpc-sensor-container
power_consumption,1705264060601000000,0.011626444113465329,paolo-laptop,hwpc-sensor-container
power_consumption,1705264061613000000,0.010035146110192013,paolo-laptop,hwpc-sensor-container
power_consumption,1705264065621000000,0.012027939558980717,paolo-laptop,hwpc-sensor-container
power_consumption,1705264070635000000,0.012313610545061401,paolo-laptop,hwpc-sensor-container
power_consumption,1705264072639000000,0.011176115515550557,paolo-laptop,hwpc-sensor-container
power_consumption,1705264073641000000,0.01131322770302264,paolo-laptop,hwpc-sensor-container
power_consumption,1705264074643000000,0.011481183315265212,paolo-laptop,hwpc-sensor-container
power_consumption,1705264075645000000,0.01090278974970837,paolo-laptop,hwpc-sensor-container
power_consumption,1705264076647000000,0.011279837093682953,paolo-laptop,hwpc-sensor-container
power_consumption,1705264077651000000,0.011443674894840493,paolo-laptop,hwpc-sensor-container
power_consumption,1705264078655000000,0.010618853615894383,paolo-laptop,hwpc-sensor-container
power_consumption,1705264079658000000,0.011418912329788727,paolo-laptop,hwpc-sensor-container
power_consumption,1705264080660000000,0.011123048613924583,paolo-laptop,hwpc-sensor-container
power_consumption,1705264081663000000,0.011909531421842614,paolo-laptop,hwpc-sensor-container
power_consumption,1705264082665000000,0.01144269802759529,paolo-laptop,hwpc-sensor-container
power_consumption,1705264083668000000,0.011199966965720521,paolo-laptop,hwpc-sensor-container
power_consumption,1705264084669000000,0.012270842229131383,paolo-laptop,hwpc-sensor-container
power_consumption,1705264091690000000,0.010781604022383609,paolo-laptop,hwpc-sensor-container
power_consumption,1705264092694000000,0.011454154461014164,paolo-laptop,hwpc-sensor-container
power_consumption,1705264094698000000,0.01131610692691927,paolo-laptop,hwpc-sensor-container
power_consumption,1705264095700000000,0.013438020676597493,paolo-laptop,hwpc-sensor-container
power_consumption,1705264096702000000,0.011221515508292595,paolo-laptop,hwpc-sensor-container
power_consumption,1705264098708000000,0.011481382916766172,paolo-laptop,hwpc-sensor-container
power_consumption,1705264100713000000,0.011321059716582557,paolo-laptop,hwpc-sensor-container
power_consumption,1705264101715000000,0.010588730955324815,paolo-laptop,hwpc-sensor-container
power_consumption,1705264102717000000,0.01114448642426532,paolo-laptop,hwpc-sensor-container
power_consumption,1705264103719000000,0.010850182823728073,paolo-laptop,hwpc-sensor-container
power_consumption,1705264104721000000,0.011067760104206311,paolo-laptop,hwpc-sensor-container
power_consumption,1705264109739000000,0.011094237978994477,paolo-laptop,hwpc-sensor-container
power_consumption,1705264110742000000,0.011247829548559704,paolo-laptop,hwpc-sensor-container
power_consumption,1705264111743000000,0.009425995144449638,paolo-laptop,hwpc-sensor-container
power_consumption,1705264112747000000,0.011345186927306955,paolo-laptop,hwpc-sensor-container
power_consumption,1705264114751000000,0.010048148738838823,paolo-laptop,hwpc-sensor-container
power_consumption,1705264115755000000,0.009850268626905512,paolo-laptop,hwpc-sensor-container
power_consumption,1705264118764000000,0.01152723671655197,paolo-laptop,hwpc-sensor-container
power_consumption,1705264121770000000,0.010718075067809873,paolo-laptop,hwpc-sensor-container
power_consumption,1705264122772000000,0.010442082610360769,paolo-laptop,hwpc-sensor-container
power_consumption,1705264123774000000,0.01055671183178239,paolo-laptop,hwpc-sensor-container
power_consumption,1705264124777000000,0.010855808038511472,paolo-laptop,hwpc-sensor-container
power_consumption,1705264125779000000,0.010213064325368563,paolo-laptop,hwpc-sensor-container
power_consumption,1705264126782000000,0.012526872514987795,paolo-laptop,hwpc-sensor-container
power_consumption,1705264127784000000,0.010642469246073805,paolo-laptop,hwpc-sensor-container
power_consumption,1705264128787000000,0.010859228218766009,paolo-laptop,hwpc-sensor-container
power_consumption,1705264129789000000,0.010964425075109698,paolo-laptop,hwpc-sensor-container
power_consumption,1705264130792000000,0.010685132559033342,paolo-laptop,hwpc-sensor-container
power_consumption,1705264131795000000,0.010881472084771278,paolo-laptop,hwpc-sensor-container
power_consumption,1705264132797000000,0.011619527526071689,paolo-laptop,hwpc-sensor-container
power_consumption,1705264133800000000,0.010258012480112004,paolo-laptop,hwpc-sensor-container
power_consumption,1705264134803000000,0.010788577768800175,paolo-laptop,hwpc-sensor-container
power_consumption,1705264135805000000,0.010794199710456651,paolo-laptop,hwpc-sensor-container
power_consumption,1705264136807000000,0.010941258187645828,paolo-laptop,hwpc-sensor-container
power_consumption,1705264137810000000,0.010384056430943677,paolo-laptop,hwpc-sensor-container
power_consumption,1705264138812000000,0.011138580887244552,paolo-laptop,hwpc-sensor-container
power_consumption,1705264139814000000,0.010215603643066973,paolo-laptop,hwpc-sensor-container
power_consumption,1705264140817000000,0.011252927145264597,paolo-laptop,hwpc-sensor-container
power_consumption,1705264141819000000,0.01103115009548536,paolo-laptop,hwpc-sensor-container
power_consumption,1705264142822000000,0.010603691194245805,paolo-laptop,hwpc-sensor-container
power_consumption,1705264143825000000,0.010444776679526589,paolo-laptop,hwpc-sensor-container
power_consumption,1705264144827000000,0.010618851171803112,paolo-laptop,hwpc-sensor-container
power_consumption,1705264145830000000,0.01079854015476534,paolo-laptop,hwpc-sensor-container
power_consumption,1705264146832000000,0.011313475297380806,paolo-laptop,hwpc-sensor-container
power_consumption,1705264147835000000,0.011213704350879896,paolo-laptop,hwpc-sensor-container
power_consumption,1705264148837000000,0.010811403841639538,paolo-laptop,hwpc-sensor-container
power_consumption,1705264149840000000,0.01084941414404516,paolo-laptop,hwpc-sensor-container
power_consumption,1705264150843000000,0.010954128879663513,paolo-laptop,hwpc-sensor-container
power_consumption,1705264151846000000,0.009967069403258337,paolo-laptop,hwpc-sensor-container
power_consumption,1705264152849000000,0.011273452286542387,paolo-laptop,hwpc-sensor-container
power_consumption,1705264153852000000,0.011177477381988642,paolo-laptop,hwpc-sensor-container
power_consumption,1705264154854000000,0.010151209806695767,paolo-laptop,hwpc-sensor-container
power_consumption,1705264155857000000,0.011129722368400662,paolo-laptop,hwpc-sensor-container
power_consumption,1705264156859000000,0.010716089162996156,paolo-laptop,hwpc-sensor-container
power_consumption,1705264157862000000,0.01068157499052986,paolo-laptop,hwpc-sensor-container
power_consumption,1705264158864000000,0.010861010673748039,paolo-laptop,hwpc-sensor-container
power_consumption,1705264159866000000,0.010182812504938535,paolo-laptop,hwpc-sensor-container
power_consumption,1705264160868000000,0.012500213769442976,paolo-laptop,hwpc-sensor-container
power_consumption,1705264161871000000,0.011283582548799626,paolo-laptop,hwpc-sensor-container
power_consumption,1705264163878000000,0.01343739895361615,paolo-laptop,hwpc-sensor-container
power_consumption,1705264164880000000,0.013332787355729053,paolo-laptop,hwpc-sensor-container
power_consumption,1705264165885000000,0.012524063366858584,paolo-laptop,hwpc-sensor-container
power_consumption,1705264167891000000,0.012273412024694251,paolo-laptop,hwpc-sensor-container
power_consumption,1705264168893000000,0.01198879229209061,paolo-laptop,hwpc-sensor-container
power_consumption,1705264169895000000,0.013235737155279592,paolo-laptop,hwpc-sensor-container
power_consumption,1705264170901000000,0.010396242432039113,paolo-laptop,hwpc-sensor-container
power_consumption,1705264171905000000,0.01100787971870804,paolo-laptop,hwpc-sensor-container
power_consumption,1705264172907000000,0.011934224562569245,paolo-laptop,hwpc-sensor-container
power_consumption,1705264173909000000,0.010560541224116,paolo-laptop,hwpc-sensor-container
power_consumption,1705264174911000000,0.01116558479368404,paolo-laptop,hwpc-sensor-container
power_consumption,1705264175913000000,0.01201144723669198,paolo-laptop,hwpc-sensor-container
power_consumption,1705264176915000000,0.012173275390088712,paolo-laptop,hwpc-sensor-container
power_consumption,1705264177918000000,0.012562764857549556,paolo-laptop,hwpc-sensor-container
power_consumption,1705264178919000000,0.012115393363889752,paolo-laptop,hwpc-sensor-container
power_consumption,1705264179923000000,0.011222236273288385,paolo-laptop,hwpc-sensor-container
power_consumption,1705264198001000000,0.014398042784087014,paolo-laptop,hwpc-sensor-container
power_consumption,1705264207017000000,0.01118290846406966,paolo-laptop,hwpc-sensor-container
power_consumption,1705264210031000000,0.013257267688240712,paolo-laptop,hwpc-sensor-container
power_consumption,1705264215044000000,0.012400737362160925,paolo-laptop,hwpc-sensor-container
power_consumption,1705264218055000000,0.011205142739696215,paolo-laptop,hwpc-sensor-container
power_consumption,1705264219060000000,0.011542978696121175,paolo-laptop,hwpc-sensor-container
power_consumption,1705264221067000000,0.011142805887192417,paolo-laptop,hwpc-sensor-container
power_consumption,1705264223073000000,0.016217177076737442,paolo-laptop,hwpc-sensor-container
power_consumption,1705264225078000000,0.011935923107902199,paolo-laptop,hwpc-sensor-container
power_consumption,1705264226080000000,0.012890859916827934,paolo-laptop,hwpc-sensor-container
power_consumption,1705264227082000000,0.01355739382006876,paolo-laptop,hwpc-sensor-container
power_consumption,1705264228085000000,0.012939233249816304,paolo-laptop,hwpc-sensor-container
power_consumption,1705264229087000000,0.015675166079055503,paolo-laptop,hwpc-sensor-container
power_consumption,1705264230089000000,0.013601194966645903,paolo-laptop,hwpc-sensor-container
power_consumption,1705264233097000000,0.015338127173959605,paolo-laptop,hwpc-sensor-container
power_consumption,1705264234099000000,0.014584679026738316,paolo-laptop,hwpc-sensor-container
power_consumption,1705264235100000000,0.012244569353667538,paolo-laptop,hwpc-sensor-container
power_consumption,1705264236102000000,0.015434874264976296,paolo-laptop,hwpc-sensor-container
power_consumption,1705264237104000000,0.01751155830637069,paolo-laptop,hwpc-sensor-container
power_consumption,1705264238106000000,0.017094892292583763,paolo-laptop,hwpc-sensor-container
power_consumption,1705264239110000000,0.013894412577631209,paolo-laptop,hwpc-sensor-container
power_consumption,1705264241118000000,0.011172044089254273,paolo-laptop,hwpc-sensor-container
power_consumption,1705264243122000000,0.012457927605951567,paolo-laptop,hwpc-sensor-container
power_consumption,1705264244125000000,0.012301979909792173,paolo-laptop,hwpc-sensor-container
power_consumption,1705264245129000000,0.011303840618088158,paolo-laptop,hwpc-sensor-container
power_consumption,1705264247134000000,0.014177297070026766,paolo-laptop,hwpc-sensor-container
power_consumption,1705264251146000000,0.011247011958319359,paolo-laptop,hwpc-sensor-container
power_consumption,1705264252148000000,0.012750636932107354,paolo-laptop,hwpc-sensor-container
power_consumption,1705264253150000000,0.011474477005170014,paolo-laptop,hwpc-sensor-container
power_consumption,1705264254152000000,0.01161426590727415,paolo-laptop,hwpc-sensor-container
power_consumption,1705264256158000000,0.011343775331074868,paolo-laptop,hwpc-sensor-container
power_consumption,1705264257159000000,0.01634411334422236,paolo-laptop,hwpc-sensor-container
power_consumption,1705264258167000000,0.010602345219292042,paolo-laptop,hwpc-sensor-container
power_consumption,1705264261179000000,0.011337980163096577,paolo-laptop,hwpc-sensor-container
power_consumption,1705264262183000000,0.010277298751515389,paolo-laptop,hwpc-sensor-container
power_consumption,1705264263185000000,0.012319345806729937,paolo-laptop,hwpc-sensor-container
power_consumption,1705264264187000000,0.01050569286411467,paolo-laptop,hwpc-sensor-container
power_consumption,1705264266191000000,0.011018662245753926,paolo-laptop,hwpc-sensor-container
power_consumption,1705264267193000000,0.01364484917435306,paolo-laptop,hwpc-sensor-container
power_consumption,1705264268194000000,0.012242737052017926,paolo-laptop,hwpc-sensor-container
power_consumption,1705264285251000000,0.014175347025452447,paolo-laptop,hwpc-sensor-container
power_consumption,1705264286255000000,0.01092993693923413,paolo-laptop,hwpc-sensor-container
power_consumption,1705264288263000000,0.011278530586379709,paolo-laptop,hwpc-sensor-container
power_consumption,1705264292277000000,0.008841587901034807,paolo-laptop,hwpc-sensor-container
power_consumption,1705264298299000000,0.013564381515363074,paolo-laptop,hwpc-sensor-container
power_consumption,1705264300307000000,0.012762594688102853,paolo-laptop,hwpc-sensor-container
power_consumption,1705264302315000000,0.014698135244866087,paolo-laptop,hwpc-sensor-container
power_consumption,1705264305325000000,0.011533546213013349,paolo-laptop,hwpc-sensor-container
power_consumption,1705264306329000000,0.019630828906378357,paolo-laptop,hwpc-sensor-container
power_consumption,1705264307331000000,0.011613992286089237,paolo-laptop,hwpc-sensor-container
power_consumption,1705264308333000000,0.012913505186605218,paolo-laptop,hwpc-sensor-container
power_consumption,1705264309335000000,0.012888488997972188,paolo-laptop,hwpc-sensor-container
power_consumption,1705264312342000000,0.01139520687129004,paolo-laptop,hwpc-sensor-container
power_consumption,1705264313344000000,0.020233663642898088,paolo-laptop,hwpc-sensor-container
power_consumption,1705264314345000000,0.01016518566951089,paolo-laptop,hwpc-sensor-container
power_consumption,1705264315347000000,0.015461595079617344,paolo-laptop,hwpc-sensor-container
power_consumption,1705264316350000000,0.012421415173330725,paolo-laptop,hwpc-sensor-container
power_consumption,1705264317352000000,0.012505871779997284,paolo-laptop,hwpc-sensor-container
power_consumption,1705264318354000000,0.013600337093618834,paolo-laptop,hwpc-sensor-container
power_consumption,1705264319356000000,0.01721611121469744,paolo-laptop,hwpc-sensor-container
power_consumption,1705264320360000000,0.010955094625521168,paolo-laptop,hwpc-sensor-container
power_consumption,1705264321362000000,0.014922677191652698,paolo-laptop,hwpc-sensor-container
power_consumption,1705264323365000000,0.01364596472601247,paolo-laptop,hwpc-sensor-container
power_consumption,1705264325369000000,0.01075355783233616,paolo-laptop,hwpc-sensor-container
power_consumption,1705264326371000000,0.01416833527510406,paolo-laptop,hwpc-sensor-container
power_consumption,1705264327373000000,0.012593036498873916,paolo-laptop,hwpc-sensor-container
power_consumption,1705264328375000000,0.013008975214471741,paolo-laptop,hwpc-sensor-container
power_consumption,1705264329377000000,0.011105786312937458,paolo-laptop,hwpc-sensor-container
power_consumption,1705264330379000000,0.012862372556972973,paolo-laptop,hwpc-sensor-container
power_consumption,1705264331381000000,0.011474395515644373,paolo-laptop,hwpc-sensor-container
power_consumption,1705264332383000000,0.012475523356340239,paolo-laptop,hwpc-sensor-container
power_consumption,1705264333384000000,0.012483683587632344,paolo-laptop,hwpc-sensor-container
power_consumption,1705264334385000000,0.007380646465911615,paolo-laptop,hwpc-sensor-container
power_consumption,1705264335387000000,0.016993418450923607,paolo-laptop,hwpc-sensor-container
power_consumption,1705264336389000000,0.012837341842514267,paolo-laptop,hwpc-sensor-container
power_consumption,1705264337391000000,0.010299809888915892,paolo-laptop,hwpc-sensor-container
power_consumption,1705264338396000000,0.015456210445648048,paolo-laptop,hwpc-sensor-container
power_consumption,1705264339398000000,0.011923264183250829,paolo-laptop,hwpc-sensor-container
power_consumption,1705264340401000000,0.014200877192739055,paolo-laptop,hwpc-sensor-container
power_consumption,1705264341403000000,0.013101720812337667,paolo-laptop,hwpc-sensor-container
power_consumption,1705264342408000000,0.00984904542998569,paolo-laptop,hwpc-sensor-container
power_consumption,1705264343413000000,0.016106330064141135,paolo-laptop,hwpc-sensor-container
power_consumption,1705264344417000000,0.014817292622251935,paolo-laptop,hwpc-sensor-container
power_consumption,1705264345422000000,0.013172479788843295,paolo-laptop,hwpc-sensor-container
power_consumption,1705264346425000000,0.011979190773965392,paolo-laptop,hwpc-sensor-container
power_consumption,1705264347430000000,0.011172012171316963,paolo-laptop,hwpc-sensor-container
power_consumption,1705264348436000000,0.012148172722764914,paolo-laptop,hwpc-sensor-container
power_consumption,1705264349439000000,0.015069823913928608,paolo-laptop,hwpc-sensor-container
power_consumption,1705264350441000000,0.012835768422472225,paolo-laptop,hwpc-sensor-container
power_consumption,1705264351443000000,0.01363990084966197,paolo-laptop,hwpc-sensor-container
power_consumption,1705264352445000000,0.014259381209590452,paolo-laptop,hwpc-sensor-container
power_consumption,1705264353447000000,0.012013885435079183,paolo-laptop,hwpc-sensor-container
power_consumption,1705264354449000000,0.015174232413249082,paolo-laptop,hwpc-sensor-container
power_consumption,1705264355455000000,0.011660097654404858,paolo-laptop,hwpc-sensor-container
power_consumption,1705264356458000000,0.011012025655544645,paolo-laptop,hwpc-sensor-container
power_consumption,1705264357460000000,0.01610112874872726,paolo-laptop,hwpc-sensor-container
power_consumption,1705264358465000000,0.008541277697904888,paolo-laptop,hwpc-sensor-container
power_consumption,1705264359468000000,0.01202310978996447,paolo-laptop,hwpc-sensor-container
power_consumption,1705264360470000000,0.014135628810272182,paolo-laptop,hwpc-sensor-container
power_consumption,1705264361472000000,0.013639400096039736,paolo-laptop,hwpc-sensor-container
power_consumption,1705264362476000000,0.014270643459078632,paolo-laptop,hwpc-sensor-container
power_consumption,1705264363479000000,0.011428958429265078,paolo-laptop,hwpc-sensor-container
power_consumption,1705264364481000000,0.014858797790387533,paolo-laptop,hwpc-sensor-container
power_consumption,1705264365483000000,0.012868512592663889,paolo-laptop,hwpc-sensor-container
power_consumption,1705264366487000000,0.012617397343412454,paolo-laptop,hwpc-sensor-container
power_consumption,1705264367489000000,0.014966668435959696,paolo-laptop,hwpc-sensor-container
power_consumption,1705264368494000000,0.01898711070305261,paolo-laptop,hwpc-sensor-container
power_consumption,1705264369496000000,0.016339990034214172,paolo-laptop,hwpc-sensor-container
power_consumption,1705264370498000000,0.013881893379770657,paolo-laptop,hwpc-sensor-container
power_consumption,1705264371500000000,0.015409418946554619,paolo-laptop,hwpc-sensor-container
power_consumption,1705264372502000000,0.014469484606701642,paolo-laptop,hwpc-sensor-container
power_consumption,1705264373504000000,0.013720689281550815,paolo-laptop,hwpc-sensor-container
power_consumption,1705264374506000000,0.012690098974584783,paolo-laptop,hwpc-sensor-container
power_consumption,1705264375507000000,0.012803468513937627,paolo-laptop,hwpc-sensor-container
power_consumption,1705264376511000000,0.01175093602735377,paolo-laptop,hwpc-sensor-container
power_consumption,1705264377514000000,0.008250854490968011,paolo-laptop,hwpc-sensor-container
power_consumption,1705264378517000000,0.01816659756296616,paolo-laptop,hwpc-sensor-container
power_consumption,1705264379518000000,0.014211639366505834,paolo-laptop,hwpc-sensor-container
power_consumption,1705264380520000000,0.014177821286838905,paolo-laptop,hwpc-sensor-container
power_consumption,1705264381524000000,0.015978428541468567,paolo-laptop,hwpc-sensor-container
power_consumption,1705264382525000000,0.009794529989173264,paolo-laptop,hwpc-sensor-container
power_consumption,1705264383529000000,0.010093332646453717,paolo-laptop,hwpc-sensor-container
power_consumption,1705264384531000000,0.011653537774680117,paolo-laptop,hwpc-sensor-container
power_consumption,1705264385532000000,0.010677377450473828,paolo-laptop,hwpc-sensor-container
power_consumption,1705264386535000000,0.012319462363150227,paolo-laptop,hwpc-sensor-container
power_consumption,1705264387537000000,0.008916670949949223,paolo-laptop,hwpc-sensor-container
power_consumption,1705264388539000000,0.014762327258531445,paolo-laptop,hwpc-sensor-container
power_consumption,1705264389545000000,0.01134242569074716,paolo-laptop,hwpc-sensor-container
power_consumption,1705264390548000000,0.01391167862406211,paolo-laptop,hwpc-sensor-container
power_consumption,1705264391551000000,0.014708128889151344,paolo-laptop,hwpc-sensor-container
power_consumption,1705264392558000000,0.01327602961388571,paolo-laptop,hwpc-sensor-container
power_consumption,1705264393563000000,0.010430404067002663,paolo-laptop,hwpc-sensor-container
power_consumption,1705264394565000000,0.013069089351242437,paolo-laptop,hwpc-sensor-container
power_consumption,1705264395567000000,0.015279108081137647,paolo-laptop,hwpc-sensor-container
power_consumption,1705264396575000000,0.00856386642284478,paolo-laptop,hwpc-sensor-container
power_consumption,1705264397577000000,0.015509192519776182,paolo-laptop,hwpc-sensor-container
power_consumption,1705264398579000000,0.013628362147113705,paolo-laptop,hwpc-sensor-container
power_consumption,1705264399580000000,0.013926216883457864,paolo-laptop,hwpc-sensor-container
power_consumption,1705264400583000000,0.011905612398463456,paolo-laptop,hwpc-sensor-container
power_consumption,1705264401585000000,0.011153394340286336,paolo-laptop,hwpc-sensor-container
power_consumption,1705264402586000000,0.011356178110075487,paolo-laptop,hwpc-sensor-container
power_consumption,1705264403588000000,0.011255526514192676,paolo-laptop,hwpc-sensor-container
power_consumption,1705264404590000000,0.013698600910931308,paolo-laptop,hwpc-sensor-container
power_consumption,1705264405592000000,0.01253305921258804,paolo-laptop,hwpc-sensor-container
power_consumption,1705264406594000000,0.00939150010640547,paolo-laptop,hwpc-sensor-container
power_consumption,1705264407596000000,0.011295377737195604,paolo-laptop,hwpc-sensor-container
power_consumption,1705264408598000000,0.011180557800024117,paolo-laptop,hwpc-sensor-container
power_consumption,1705264409599000000,0.008802755241065571,paolo-laptop,hwpc-sensor-container
power_consumption,1705264410601000000,0.010899662692380914,paolo-laptop,hwpc-sensor-container
power_consumption,1705264411603000000,0.012354630669980354,paolo-laptop,hwpc-sensor-container
power_consumption,1705264412605000000,0.011371035959135488,paolo-laptop,hwpc-sensor-container
power_consumption,1705264413611000000,0.011442098603953997,paolo-laptop,hwpc-sensor-container
power_consumption,1705264414614000000,0.011215864961955972,paolo-laptop,hwpc-sensor-container
power_consumption,1705264415616000000,0.016019486778728432,paolo-laptop,hwpc-sensor-container
power_consumption,1705264416620000000,0.011081194933615358,paolo-laptop,hwpc-sensor-container
power_consumption,1705264417622000000,0.009572491588830567,paolo-laptop,hwpc-sensor-container
power_consumption,1705264418626000000,0.013341305215541777,paolo-laptop,hwpc-sensor-container
power_consumption,1705264419627000000,0.01691364991445474,paolo-laptop,hwpc-sensor-container
power_consumption,1705264420633000000,0.028661379907962928,paolo-laptop,hwpc-sensor-container
power_consumption,1705264421636000000,0.011768964129025141,paolo-laptop,hwpc-sensor-container
power_consumption,1705264422640000000,0.013086935383817848,paolo-laptop,hwpc-sensor-container
power_consumption,1705264423643000000,0.011517371660261257,paolo-laptop,hwpc-sensor-container
power_consumption,1705264424645000000,0.01315151010021374,paolo-laptop,hwpc-sensor-container
power_consumption,1705264425650000000,0.015045154258425508,paolo-laptop,hwpc-sensor-container
power_consumption,1705264426654000000,0.0119942373526791,paolo-laptop,hwpc-sensor-container
power_consumption,1705264427658000000,0.011188435177676311,paolo-laptop,hwpc-sensor-container
power_consumption,1705264428660000000,0.015220695179705254,paolo-laptop,hwpc-sensor-container
power_consumption,1705264429664000000,0.02040313700619879,paolo-laptop,hwpc-sensor-container
power_consumption,1705264430668000000,0.009912608515300065,paolo-laptop,hwpc-sensor-container
power_consumption,1705264431672000000,0.013387128235149044,paolo-laptop,hwpc-sensor-container
power_consumption,1705264432674000000,0.01112335244425728,paolo-laptop,hwpc-sensor-container
power_consumption,1705264433676000000,0.012655419491700483,paolo-laptop,hwpc-sensor-container
power_consumption,1705264434679000000,0.011295460931931114,paolo-laptop,hwpc-sensor-container
power_consumption,1705264435681000000,0.013210197828879548,paolo-laptop,hwpc-sensor-container
power_consumption,1705264436684000000,0.01330036017591437,paolo-laptop,hwpc-sensor-container
power_consumption,1705264437686000000,0.012224927994702362,paolo-laptop,hwpc-sensor-container
power_consumption,1705264438688000000,0.01170432181766504,paolo-laptop,hwpc-sensor-container
power_consumption,1705264439690000000,0.01385201477298375,paolo-laptop,hwpc-sensor-container
power_consumption,1705264440696000000,0.012872943166371349,paolo-laptop,hwpc-sensor-container
power_consumption,1705264441700000000,0.010743049825216306,paolo-laptop,hwpc-sensor-container
power_consumption,1705264442702000000,0.013213295302301946,paolo-laptop,hwpc-sensor-container
power_consumption,1705264443704000000,0.012761388194825578,paolo-laptop,hwpc-sensor-container
power_consumption,1705264444706000000,0.016407076004930757,paolo-laptop,hwpc-sensor-container
power_consumption,1705264445708000000,0.012503309697074928,paolo-laptop,hwpc-sensor-container
power_consumption,1705264446710000000,0.013655102422292524,paolo-laptop,hwpc-sensor-container
power_consumption,1705264447711000000,0.01284584755198664,paolo-laptop,hwpc-sensor-container
power_consumption,1705264448714000000,0.016730350443416357,paolo-laptop,hwpc-sensor-container
power_consumption,1705264449717000000,0.015871431005533232,paolo-laptop,hwpc-sensor-container
power_consumption,1705264450719000000,0.017579728841630553,paolo-laptop,hwpc-sensor-container
power_consumption,1705264451721000000,0.012705828042199423,paolo-laptop,hwpc-sensor-container
power_consumption,1705264452725000000,0.011451007833507162,paolo-laptop,hwpc-sensor-container
power_consumption,1705264453730000000,0.012448056309895077,paolo-laptop,hwpc-sensor-container
power_consumption,1705264454734000000,0.0124065395372551,paolo-laptop,hwpc-sensor-container
power_consumption,1705264455739000000,0.009570116710350655,paolo-laptop,hwpc-sensor-container
power_consumption,1705264456741000000,0.017122252824229273,paolo-laptop,hwpc-sensor-container
power_consumption,1705264457743000000,0.014064620265920438,paolo-laptop,hwpc-sensor-container
power_consumption,1705264458745000000,0.01258027366515033,paolo-laptop,hwpc-sensor-container
power_consumption,1705264459748000000,0.012810680025292242,paolo-laptop,hwpc-sensor-container
power_consumption,1705264460750000000,0.013059714487620933,paolo-laptop,hwpc-sensor-container
power_consumption,1705264461753000000,0.013466991578348294,paolo-laptop,hwpc-sensor-container
power_consumption,1705264462759000000,0.011633858708575128,paolo-laptop,hwpc-sensor-container
power_consumption,1705264463761000000,0.01380399401569352,paolo-laptop,hwpc-sensor-container
power_consumption,1705264464764000000,0.01189827402435398,paolo-laptop,hwpc-sensor-container
power_consumption,1705264465766000000,0.01134014659280921,paolo-laptop,hwpc-sensor-container
power_consumption,1705264466769000000,0.013278485714778175,paolo-laptop,hwpc-sensor-container
power_consumption,1705264467772000000,0.011927043144897499,paolo-laptop,hwpc-sensor-container
power_consumption,1705264468775000000,0.011796447357334284,paolo-laptop,hwpc-sensor-container
power_consumption,1705264469777000000,0.010670572002884814,paolo-laptop,hwpc-sensor-container
power_consumption,1705264470778000000,0.013986846141722263,paolo-laptop,hwpc-sensor-container
power_consumption,1705264471780000000,0.013734573111786443,paolo-laptop,hwpc-sensor-container
power_consumption,1705264472782000000,0.010600646822925905,paolo-laptop,hwpc-sensor-container
power_consumption,1705264473785000000,0.0124936441731603,paolo-laptop,hwpc-sensor-container
power_consumption,1705264474786000000,0.01287182908456393,paolo-laptop,hwpc-sensor-container
power_consumption,1705264475788000000,0.012093144130041235,paolo-laptop,hwpc-sensor-container
power_consumption,1705264476789000000,0.01110155981464693,paolo-laptop,hwpc-sensor-container
power_consumption,1705264477791000000,0.010988754207285427,paolo-laptop,hwpc-sensor-container
power_consumption,1705264478793000000,0.01410045294031685,paolo-laptop,hwpc-sensor-container
power_consumption,1705264479796000000,0.011548820109400549,paolo-laptop,hwpc-sensor-container
power_consumption,1705264480797000000,0.014031450863910895,paolo-laptop,hwpc-sensor-container
power_consumption,1705264481798000000,0.009272773559623523,paolo-laptop,hwpc-sensor-container
power_consumption,1705264482800000000,0.01088500471647706,paolo-laptop,hwpc-sensor-container
power_consumption,1705264483801000000,0.013614565824159718,paolo-laptop,hwpc-sensor-container
power_consumption,1705264484807000000,0.00950011975365901,paolo-laptop,hwpc-sensor-container
power_consumption,1705264485811000000,0.011204178255958087,paolo-laptop,hwpc-sensor-container
power_consumption,1705264486814000000,0.019684222553293378,paolo-laptop,hwpc-sensor-container
power_consumption,1705264487815000000,0.012816391669831208,paolo-laptop,hwpc-sensor-container
power_consumption,1705264488817000000,0.011998531448778034,paolo-laptop,hwpc-sensor-container
power_consumption,1705264489819000000,0.015780564688010104,paolo-laptop,hwpc-sensor-container
power_consumption,1705264490824000000,0.019509268124661257,paolo-laptop,hwpc-sensor-container
power_consumption,1705264491825000000,0.014186980269571619,paolo-laptop,hwpc-sensor-container
power_consumption,1705264492827000000,0.013270707159825364,paolo-laptop,hwpc-sensor-container
power_consumption,1705264493831000000,0.019468049956615992,paolo-laptop,hwpc-sensor-container
power_consumption,1705264494834000000,0.01622398043830505,paolo-laptop,hwpc-sensor-container
power_consumption,1705264495840000000,0.013361911839058108,paolo-laptop,hwpc-sensor-container
power_consumption,1705264497850000000,0.021878328436721904,paolo-laptop,hwpc-sensor-container
power_consumption,1705264498853000000,0.012121666152326556,paolo-laptop,hwpc-sensor-container
power_consumption,1705264499855000000,0.010286015823083116,paolo-laptop,hwpc-sensor-container
power_consumption,1705264500857000000,0.012436810595645408,paolo-laptop,hwpc-sensor-container
power_consumption,1705264501862000000,0.010721051462791002,paolo-laptop,hwpc-sensor-container
power_consumption,1705264502866000000,0.019076066011627105,paolo-laptop,hwpc-sensor-container
power_consumption,1705264503870000000,0.014738748627712999,paolo-laptop,hwpc-sensor-container
power_consumption,1705264504873000000,0.010876205242626974,paolo-laptop,hwpc-sensor-container
power_consumption,1705264505877000000,0.012770038473804028,paolo-laptop,hwpc-sensor-container
power_consumption,1705264506882000000,0.011644103782388717,paolo-laptop,hwpc-sensor-container
power_consumption,1705264507884000000,0.019211332033249224,paolo-laptop,hwpc-sensor-container
power_consumption,1705264508888000000,0.010276451320574394,paolo-laptop,hwpc-sensor-container
power_consumption,1705264509892000000,0.013294993115607527,paolo-laptop,hwpc-sensor-container
power_consumption,1705264510894000000,0.022963578027661587,paolo-laptop,hwpc-sensor-container
power_consumption,1705264511898000000,0.010410366709400522,paolo-laptop,hwpc-sensor-container
power_consumption,1705264512902000000,0.02557991722227521,paolo-laptop,hwpc-sensor-container
power_consumption,1705264513904000000,0.01071627320890455,paolo-laptop,hwpc-sensor-container
power_consumption,1705264514905000000,0.013182691318874043,paolo-laptop,hwpc-sensor-container
power_consumption,1705264515907000000,0.013857593409489548,paolo-laptop,hwpc-sensor-container
power_consumption,1705264516909000000,0.012882292365352094,paolo-laptop,hwpc-sensor-container
power_consumption,1705264518919000000,0.014905024145114649,paolo-laptop,hwpc-sensor-container
power_consumption,1705264519923000000,0.02105685960688304,paolo-laptop,hwpc-sensor-container
power_consumption,1705264520927000000,0.013255835130112215,paolo-laptop,hwpc-sensor-container
power_consumption,1705264521931000000,0.019963148297268408,paolo-laptop,hwpc-sensor-container
power_consumption,1705264522933000000,0.014508111538610253,paolo-laptop,hwpc-sensor-container
power_consumption,1705264523937000000,0.015399411735533278,paolo-laptop,hwpc-sensor-container
power_consumption,1705264524939000000,0.011441947310038607,paolo-laptop,hwpc-sensor-container
power_consumption,1705264525940000000,0.012927739096786729,paolo-laptop,hwpc-sensor-container
power_consumption,1705264526944000000,0.014477923602746528,paolo-laptop,hwpc-sensor-container
power_consumption,1705264527947000000,0.010436571078952586,paolo-laptop,hwpc-sensor-container
power_consumption,1705264528949000000,0.011608824146300822,paolo-laptop,hwpc-sensor-container
power_consumption,1705264529951000000,0.012832410005605617,paolo-laptop,hwpc-sensor-container
power_consumption,1705264530953000000,0.01286731017054573,paolo-laptop,hwpc-sensor-container
power_consumption,1705264531955000000,0.013663391089738157,paolo-laptop,hwpc-sensor-container
power_consumption,1705264532958000000,0.011782055917221344,paolo-laptop,hwpc-sensor-container
power_consumption,1705264533962000000,0.017673278729426277,paolo-laptop,hwpc-sensor-container
power_consumption,1705264534967000000,0.01652438637100833,paolo-laptop,hwpc-sensor-container
power_consumption,1705264535971000000,0.010443941702454116,paolo-laptop,hwpc-sensor-container
power_consumption,1705264536972000000,0.013895723802940076,paolo-laptop,hwpc-sensor-container
power_consumption,1705264537974000000,0.014513294543133501,paolo-laptop,hwpc-sensor-container
power_consumption,1705264539977000000,0.012707733000064529,paolo-laptop,hwpc-sensor-container
power_consumption,1705264541981000000,0.013121382794127967,paolo-laptop,hwpc-sensor-container
power_consumption,1705264542986000000,0.03056917386847922,paolo-laptop,hwpc-sensor-container
power_consumption,1705264543994000000,0.012218828593018875,paolo-laptop,hwpc-sensor-container
power_consumption,1705264544996000000,0.01135821423366494,paolo-laptop,hwpc-sensor-container
power_consumption,1705264545997000000,0.011435728849979235,paolo-laptop,hwpc-sensor-container
power_consumption,1705264547001000000,0.013645565545858083,paolo-laptop,hwpc-sensor-container
power_consumption,1705264548006000000,0.02600172555065708,paolo-laptop,hwpc-sensor-container
power_consumption,1705264549008000000,0.026506543432864016,paolo-laptop,hwpc-sensor-container
power_consumption,1705264550010000000,0.01008133750061459,paolo-laptop,hwpc-sensor-container
power_consumption,1705264551014000000,0.011983999722004566,paolo-laptop,hwpc-sensor-container
power_consumption,1705264552017000000,0.015056681559187136,paolo-laptop,hwpc-sensor-container
power_consumption,1705264553021000000,0.011201543629007236,paolo-laptop,hwpc-sensor-container
power_consumption,1705264554028000000,0.012657950640033042,paolo-laptop,hwpc-sensor-container
power_consumption,1705264555031000000,0.013540801928564888,paolo-laptop,hwpc-sensor-container
power_consumption,1705264556033000000,0.014356401516797065,paolo-laptop,hwpc-sensor-container
power_consumption,1705264557038000000,0.021073631194523233,paolo-laptop,hwpc-sensor-container
power_consumption,1705264558040000000,0.012274617749880219,paolo-laptop,hwpc-sensor-container
power_consumption,1705264559044000000,0.0116693323075517,paolo-laptop,hwpc-sensor-container
power_consumption,1705264560046000000,0.013402129775419769,paolo-laptop,hwpc-sensor-container
power_consumption,1705264561048000000,0.01416859799853349,paolo-laptop,hwpc-sensor-container
power_consumption,1705264562052000000,0.016147410918779706,paolo-laptop,hwpc-sensor-container
power_consumption,1705264563055000000,0.010178254762372104,paolo-laptop,hwpc-sensor-container
power_consumption,1705264564059000000,0.015287493161689286,paolo-laptop,hwpc-sensor-container
power_consumption,1705264565060000000,0.012121413671850855,paolo-laptop,hwpc-sensor-container
power_consumption,1705264566062000000,0.013704057893032919,paolo-laptop,hwpc-sensor-container
power_consumption,1705264567063000000,0.011205909694014611,paolo-laptop,hwpc-sensor-container
power_consumption,1705264568065000000,0.014666574895773773,paolo-laptop,hwpc-sensor-container
power_consumption,1705264569069000000,0.011525629304497818,paolo-laptop,hwpc-sensor-container
power_consumption,1705264570071000000,0.011366763908626112,paolo-laptop,hwpc-sensor-container
power_consumption,1705264571073000000,0.012574452680103734,paolo-laptop,hwpc-sensor-container
power_consumption,1705264572078000000,0.01367340101017555,paolo-laptop,hwpc-sensor-container
power_consumption,1705264573080000000,0.011388833174694763,paolo-laptop,hwpc-sensor-container
power_consumption,1705264574082000000,0.011559225338441614,paolo-laptop,hwpc-sensor-container
power_consumption,1705264575084000000,0.014134157068668739,paolo-laptop,hwpc-sensor-container
power_consumption,1705264576086000000,0.016150510961153386,paolo-laptop,hwpc-sensor-container
power_consumption,1705264577092000000,0.010361404738364619,paolo-laptop,hwpc-sensor-container
power_consumption,1705264578095000000,0.013190234234740566,paolo-laptop,hwpc-sensor-container
power_consumption,1705264579097000000,0.014254288664619908,paolo-laptop,hwpc-sensor-container
power_consumption,1705264580099000000,0.0136878965704612,paolo-laptop,hwpc-sensor-container
power_consumption,1705264581101000000,0.010104509700906941,paolo-laptop,hwpc-sensor-container
power_consumption,1705264582103000000,0.012894762465812786,paolo-laptop,hwpc-sensor-container
power_consumption,1705264583106000000,0.013871195912828468,paolo-laptop,hwpc-sensor-container
power_consumption,1705264584108000000,0.013264932639037965,paolo-laptop,hwpc-sensor-container
power_consumption,1705264585110000000,0.014148946301917148,paolo-laptop,hwpc-sensor-container
power_consumption,1705264586112000000,0.014044288031993424,paolo-laptop,hwpc-sensor-container
power_consumption,1705264587114000000,0.013004812362207758,paolo-laptop,hwpc-sensor-container
power_consumption,1705264588117000000,0.014728924549282594,paolo-laptop,hwpc-sensor-container
power_consumption,1705264589120000000,0.013596771996081277,paolo-laptop,hwpc-sensor-container
power_consumption,1705264590122000000,0.0118694252953662,paolo-laptop,hwpc-sensor-container
power_consumption,1705264591125000000,0.01403518530869332,paolo-laptop,hwpc-sensor-container
power_consumption,1705264592129000000,0.01110030238708352,paolo-laptop,hwpc-sensor-container
power_consumption,1705264593131000000,0.008078469686837404,paolo-laptop,hwpc-sensor-container
power_consumption,1705264594133000000,0.013559001756249175,paolo-laptop,hwpc-sensor-container
power_consumption,1705264595135000000,0.01245259756726819,paolo-laptop,hwpc-sensor-container
power_consumption,1705264596137000000,0.012469720686755958,paolo-laptop,hwpc-sensor-container
power_consumption,1705264597143000000,0.015775881043068332,paolo-laptop,hwpc-sensor-container
power_consumption,1705264598148000000,0.01230368287475196,paolo-laptop,hwpc-sensor-container
power_consumption,1705264599150000000,0.01190871648959481,paolo-laptop,hwpc-sensor-container
power_consumption,1705264600152000000,0.01532685363944462,paolo-laptop,hwpc-sensor-container
power_consumption,1705264601153000000,0.012692916567165664,paolo-laptop,hwpc-sensor-container
power_consumption,1705264602157000000,0.009493589714376829,paolo-laptop,hwpc-sensor-container
power_consumption,1705264603161000000,0.014586383783768458,paolo-laptop,hwpc-sensor-container
power_consumption,1705264604163000000,0.012264311123396949,paolo-laptop,hwpc-sensor-container
power_consumption,1705264605165000000,0.013637371698486122,paolo-laptop,hwpc-sensor-container
power_consumption,1705264606166000000,0.01265040612806093,paolo-laptop,hwpc-sensor-container
power_consumption,1705264607170000000,0.015730304888074368,paolo-laptop,hwpc-sensor-container
power_consumption,1705264609173000000,0.012214381448850018,paolo-laptop,hwpc-sensor-container
power_consumption,1705264610175000000,0.012455586679100296,paolo-laptop,hwpc-sensor-container
power_consumption,1705264611178000000,0.013314937151297522,paolo-laptop,hwpc-sensor-container
power_consumption,1705264612180000000,0.013218278835230092,paolo-laptop,hwpc-sensor-container
power_consumption,1705264613182000000,0.012016472896907299,paolo-laptop,hwpc-sensor-container
power_consumption,1705264614183000000,0.010379024636440323,paolo-laptop,hwpc-sensor-container
power_consumption,1705264615185000000,0.011571163831556904,paolo-laptop,hwpc-sensor-container
power_consumption,1705264616187000000,0.013669419595843058,paolo-laptop,hwpc-sensor-container
power_consumption,1705264617189000000,0.011378911750561368,paolo-laptop,hwpc-sensor-container
power_consumption,1705264618191000000,0.023237017260848092,paolo-laptop,hwpc-sensor-container
power_consumption,1705264619192000000,0.010351423088540883,paolo-laptop,hwpc-sensor-container
power_consumption,1705264620194000000,0.010397848164455764,paolo-laptop,hwpc-sensor-container
power_consumption,1705264621196000000,0.015541386282221244,paolo-laptop,hwpc-sensor-container
power_consumption,1705264622197000000,0.012361601456947953,paolo-laptop,hwpc-sensor-container
power_consumption,1705264623200000000,0.015163383447933955,paolo-laptop,hwpc-sensor-container
power_consumption,1705264624205000000,0.009936297636824156,paolo-laptop,hwpc-sensor-container
power_consumption,1705264625208000000,0.01222318393106464,paolo-laptop,hwpc-sensor-container
power_consumption,1705264626210000000,0.015481623929795008,paolo-laptop,hwpc-sensor-container
power_consumption,1705264627217000000,0.02476790143248523,paolo-laptop,hwpc-sensor-container
power_consumption,1705264628221000000,0.015983947166465538,paolo-laptop,hwpc-sensor-container
power_consumption,1705264629223000000,0.013344581199969056,paolo-laptop,hwpc-sensor-container
power_consumption,1705264630225000000,0.014400669753443784,paolo-laptop,hwpc-sensor-container
power_consumption,1705264631229000000,0.01329806254116381,paolo-laptop,hwpc-sensor-container
power_consumption,1705264632231000000,0.014253946700538705,paolo-laptop,hwpc-sensor-container
power_consumption,1705264633233000000,0.013780506590425524,paolo-laptop,hwpc-sensor-container
power_consumption,1705264634235000000,0.011441708691803224,paolo-laptop,hwpc-sensor-container
power_consumption,1705264635237000000,0.014141401517455816,paolo-laptop,hwpc-sensor-container
power_consumption,1705264636239000000,0.014529541634052314,paolo-laptop,hwpc-sensor-container
power_consumption,1705264637241000000,0.015232139563711453,paolo-laptop,hwpc-sensor-container
power_consumption,1705264638245000000,0.011753310165259998,paolo-laptop,hwpc-sensor-container
power_consumption,1705264639247000000,0.012167212907014332,paolo-laptop,hwpc-sensor-container
power_consumption,1705264640249000000,0.014522019876614339,paolo-laptop,hwpc-sensor-container
power_consumption,1705264641251000000,0.011254667625564912,paolo-laptop,hwpc-sensor-container
power_consumption,1705264642252000000,0.012703267472752735,paolo-laptop,hwpc-sensor-container
power_consumption,1705264643254000000,0.01173907129422391,paolo-laptop,hwpc-sensor-container
power_consumption,1705264644256000000,0.011143294565031232,paolo-laptop,hwpc-sensor-container
power_consumption,1705264645258000000,0.011831756042473125,paolo-laptop,hwpc-sensor-container
power_consumption,1705264646261000000,0.012596437446679987,paolo-laptop,hwpc-sensor-container
power_consumption,1705264647265000000,0.01299167252737295,paolo-laptop,hwpc-sensor-container
power_consumption,1705264648268000000,0.011223801292742691,paolo-laptop,hwpc-sensor-container
power_consumption,1705264649269000000,0.009701585325238134,paolo-laptop,hwpc-sensor-container
power_consumption,1705264651277000000,0.026738505843017953,paolo-laptop,hwpc-sensor-container
power_consumption,1705264652279000000,0.014808094848853523,paolo-laptop,hwpc-sensor-container
power_consumption,1705264653284000000,0.029426758035446803,paolo-laptop,hwpc-sensor-container
power_consumption,1705264654290000000,0.011572089841646474,paolo-laptop,hwpc-sensor-container
power_consumption,1705264655292000000,0.012183268791399218,paolo-laptop,hwpc-sensor-container
power_consumption,1705264656295000000,0.011887879309439416,paolo-laptop,hwpc-sensor-container
power_consumption,1705264657299000000,0.01337681320872735,paolo-laptop,hwpc-sensor-container
power_consumption,1705264658301000000,0.010396737630567547,paolo-laptop,hwpc-sensor-container
power_consumption,1705264659303000000,0.013401119117989552,paolo-laptop,hwpc-sensor-container
power_consumption,1705264660307000000,0.016456942099022903,paolo-laptop,hwpc-sensor-container
power_consumption,1705264661309000000,0.01203385285805613,paolo-laptop,hwpc-sensor-container
power_consumption,1705264662313000000,0.021678836782158796,paolo-laptop,hwpc-sensor-container
power_consumption,1705264663315000000,0.011579098014280689,paolo-laptop,hwpc-sensor-container
power_consumption,1705264664317000000,0.012228490889301644,paolo-laptop,hwpc-sensor-container
power_consumption,1705264665319000000,0.010839623918023338,paolo-laptop,hwpc-sensor-container
power_consumption,1705264666320000000,0.011068054540507586,paolo-laptop,hwpc-sensor-container
power_consumption,1705264667322000000,0.009078209795096354,paolo-laptop,hwpc-sensor-container
power_consumption,1705264668324000000,0.01269418995973793,paolo-laptop,hwpc-sensor-container
power_consumption,1705264669327000000,0.011663126264282227,paolo-laptop,hwpc-sensor-container
power_consumption,1705264670331000000,0.011313407755141414,paolo-laptop,hwpc-sensor-container
power_consumption,1705264671336000000,0.030083904426721784,paolo-laptop,hwpc-sensor-container
power_consumption,1705264672340000000,0.020261150200735295,paolo-laptop,hwpc-sensor-container
power_consumption,1705264673344000000,0.011178179239483745,paolo-laptop,hwpc-sensor-container
power_consumption,1705264675354000000,0.009301987149785357,paolo-laptop,hwpc-sensor-container
power_consumption,1705264676359000000,0.010770763826366237,paolo-laptop,hwpc-sensor-container
power_consumption,1705264678366000000,0.017317176171586235,paolo-laptop,hwpc-sensor-container
power_consumption,1705264680371000000,0.010823192246924662,paolo-laptop,hwpc-sensor-container
power_consumption,1705264683374000000,0.010852709482518656,paolo-laptop,hwpc-sensor-container
power_consumption,1705264684376000000,0.012772821300640681,paolo-laptop,hwpc-sensor-container
power_consumption,1705264685377000000,0.010829068217868698,paolo-laptop,hwpc-sensor-container
power_consumption,1705264686381000000,0.016436406264950038,paolo-laptop,hwpc-sensor-container
power_consumption,1705264688391000000,0.018011483285449145,paolo-laptop,hwpc-sensor-container
power_consumption,1705264689393000000,0.011076821466094617,paolo-laptop,hwpc-sensor-container
power_consumption,1705264690399000000,0.012509134962990331,paolo-laptop,hwpc-sensor-container
power_consumption,1705264691404000000,0.024590548744596243,paolo-laptop,hwpc-sensor-container
power_consumption,1705264692410000000,0.016735962888293533,paolo-laptop,hwpc-sensor-container
power_consumption,1705264693412000000,0.01167652244054711,paolo-laptop,hwpc-sensor-container
power_consumption,1705264694415000000,0.012626920689735133,paolo-laptop,hwpc-sensor-container
power_consumption,1705264695419000000,0.015017809216285554,paolo-laptop,hwpc-sensor-container
power_consumption,1705264696421000000,0.012755601271886585,paolo-laptop,hwpc-sensor-container
power_consumption,1705264697423000000,0.014333210390474006,paolo-laptop,hwpc-sensor-container
power_consumption,1705264698425000000,0.012524813292028744,paolo-laptop,hwpc-sensor-container
power_consumption,1705264699429000000,0.010340838134912926,paolo-laptop,hwpc-sensor-container
power_consumption,1705264700431000000,0.01812828916183062,paolo-laptop,hwpc-sensor-container
power_consumption,1705264701433000000,0.011410907911294847,paolo-laptop,hwpc-sensor-container
power_consumption,1705264702437000000,0.021209087847450566,paolo-laptop,hwpc-sensor-container
power_consumption,1705264703441000000,0.010981853341635305,paolo-laptop,hwpc-sensor-container
power_consumption,1705264704445000000,0.012125725940427294,paolo-laptop,hwpc-sensor-container
power_consumption,1705264705447000000,0.012081459257655658,paolo-laptop,hwpc-sensor-container
power_consumption,1705264706449000000,0.011326897127135718,paolo-laptop,hwpc-sensor-container
power_consumption,1705264707451000000,0.013047077204872425,paolo-laptop,hwpc-sensor-container
power_consumption,1705264708453000000,0.013633267247635607,paolo-laptop,hwpc-sensor-container
power_consumption,1705264709455000000,0.012881668762686118,paolo-laptop,hwpc-sensor-container
power_consumption,1705264710459000000,0.012824191185749154,paolo-laptop,hwpc-sensor-container
power_consumption,1705264711463000000,0.010632837030735223,paolo-laptop,hwpc-sensor-container
power_consumption,1705264712465000000,0.012396915845247394,paolo-laptop,hwpc-sensor-container
power_consumption,1705264713467000000,0.014546982323040778,paolo-laptop,hwpc-sensor-container
power_consumption,1705264714471000000,0.010311303547188186,paolo-laptop,hwpc-sensor-container
power_consumption,1705264715475000000,0.016742123435995175,paolo-laptop,hwpc-sensor-container
power_consumption,1705264716477000000,0.011390112237146737,paolo-laptop,hwpc-sensor-container
power_consumption,1705264717478000000,0.012267953898123374,paolo-laptop,hwpc-sensor-container
power_consumption,1705264718482000000,0.013425510958790533,paolo-laptop,hwpc-sensor-container
power_consumption,1705264719484000000,0.01978897793711653,paolo-laptop,hwpc-sensor-container
power_consumption,1705264720486000000,0.013834294799238464,paolo-laptop,hwpc-sensor-container
power_consumption,1705264721488000000,0.010879620971005439,paolo-laptop,hwpc-sensor-container
power_consumption,1705264722489000000,0.012625645069739613,paolo-laptop,hwpc-sensor-container
power_consumption,1705264723491000000,0.013720024582760015,paolo-laptop,hwpc-sensor-container
power_consumption,1705264724493000000,0.015498541260711846,paolo-laptop,hwpc-sensor-container
power_consumption,1705264725495000000,0.012210430882767541,paolo-laptop,hwpc-sensor-container
power_consumption,1705264726497000000,0.013113436382632598,paolo-laptop,hwpc-sensor-container
power_consumption,1705264727499000000,0.012861756358039097,paolo-laptop,hwpc-sensor-container
power_consumption,1705264728501000000,0.012211431789620024,paolo-laptop,hwpc-sensor-container
power_consumption,1705264729503000000,0.012159218871577126,paolo-laptop,hwpc-sensor-container
power_consumption,1705264730504000000,0.015038637700009449,paolo-laptop,hwpc-sensor-container
power_consumption,1705264731506000000,0.010998665043365503,paolo-laptop,hwpc-sensor-container
power_consumption,1705264732508000000,0.01430057094363395,paolo-laptop,hwpc-sensor-container
power_consumption,1705264733511000000,0.013611473025661527,paolo-laptop,hwpc-sensor-container
power_consumption,1705264734514000000,0.011932833882063017,paolo-laptop,hwpc-sensor-container
power_consumption,1705264735516000000,0.01340783887466216,paolo-laptop,hwpc-sensor-container
power_consumption,1705264736518000000,0.014584827398253317,paolo-laptop,hwpc-sensor-container
power_consumption,1705264737520000000,0.014408354171807006,paolo-laptop,hwpc-sensor-container
power_consumption,1705264738522000000,0.01516685516394779,paolo-laptop,hwpc-sensor-container
power_consumption,1705264739527000000,0.022813087536387378,paolo-laptop,hwpc-sensor-container
power_consumption,1705264740531000000,0.01840205936387985,paolo-laptop,hwpc-sensor-container
power_consumption,1705264741533000000,0.011615555479568461,paolo-laptop,hwpc-sensor-container
power_consumption,1705264742534000000,0.012229931123515878,paolo-laptop,hwpc-sensor-container
power_consumption,1705264743536000000,0.012878187267072495,paolo-laptop,hwpc-sensor-container
power_consumption,1705264744540000000,0.013271137610192002,paolo-laptop,hwpc-sensor-container
power_consumption,1705264745542000000,0.011515856502842243,paolo-laptop,hwpc-sensor-container
power_consumption,1705264746543000000,0.011405888435521837,paolo-laptop,hwpc-sensor-container
power_consumption,1705264747546000000,0.013401181384541522,paolo-laptop,hwpc-sensor-container
power_consumption,1705264748548000000,0.013011488931285165,paolo-laptop,hwpc-sensor-container
power_consumption,1705264750551000000,0.01408323309047568,paolo-laptop,hwpc-sensor-container
power_consumption,1705264751554000000,0.016338595144763175,paolo-laptop,hwpc-sensor-container
power_consumption,1705264752556000000,0.010162562466881103,paolo-laptop,hwpc-sensor-container
power_consumption,1705264753558000000,0.01544576894271086,paolo-laptop,hwpc-sensor-container
power_consumption,1705264754562000000,0.015729146581051533,paolo-laptop,hwpc-sensor-container
power_consumption,1705264755564000000,0.01339380990918642,paolo-laptop,hwpc-sensor-container
power_consumption,1705264756568000000,0.011258062392247022,paolo-laptop,hwpc-sensor-container
power_consumption,1705264757571000000,0.011251989537586453,paolo-laptop,hwpc-sensor-container
power_consumption,1705264758572000000,0.01049593105464838,paolo-laptop,hwpc-sensor-container
power_consumption,1705264759574000000,0.010898210301954482,paolo-laptop,hwpc-sensor-container
power_consumption,1705264760578000000,0.012320902377331914,paolo-laptop,hwpc-sensor-container
power_consumption,1705264761580000000,0.015845429931985483,paolo-laptop,hwpc-sensor-container
power_consumption,1705264762581000000,0.012471088219042966,paolo-laptop,hwpc-sensor-container
power_consumption,1705264763583000000,0.013309114976611369,paolo-laptop,hwpc-sensor-container
power_consumption,1705264764585000000,0.013900691152640235,paolo-laptop,hwpc-sensor-container
power_consumption,1705264765587000000,0.011022596567018077,paolo-laptop,hwpc-sensor-container
power_consumption,1705264766589000000,0.013240902376506249,paolo-laptop,hwpc-sensor-container
power_consumption,1705264767593000000,0.011048722999454223,paolo-laptop,hwpc-sensor-container
power_consumption,1705264769600000000,0.011817552685659906,paolo-laptop,hwpc-sensor-container
power_consumption,1705264770602000000,0.012206984780062526,paolo-laptop,hwpc-sensor-container
power_consumption,1705264771604000000,0.010748771831227374,paolo-laptop,hwpc-sensor-container
power_consumption,1705264772608000000,0.011911463407808895,paolo-laptop,hwpc-sensor-container
power_consumption,1705264773609000000,0.011096391170934444,paolo-laptop,hwpc-sensor-container
power_consumption,1705264774611000000,0.011620457006361981,paolo-laptop,hwpc-sensor-container
power_consumption,1705264775612000000,0.015334994732465562,paolo-laptop,hwpc-sensor-container
power_consumption,1705264776616000000,0.014827800421701707,paolo-laptop,hwpc-sensor-container
power_consumption,1705264777618000000,0.013002943064315983,paolo-laptop,hwpc-sensor-container
power_consumption,1705264778622000000,0.017031274066423772,paolo-laptop,hwpc-sensor-container
power_consumption,1705264779625000000,0.012792818829699773,paolo-laptop,hwpc-sensor-container
power_consumption,1705264780629000000,0.011070217659046857,paolo-laptop,hwpc-sensor-container
power_consumption,1705264781631000000,0.015094464615810554,paolo-laptop,hwpc-sensor-container
power_consumption,1705264782636000000,0.010917241928019355,paolo-laptop,hwpc-sensor-container
power_consumption,1705264783639000000,0.019005491948509826,paolo-laptop,hwpc-sensor-container
power_consumption,1705264784641000000,0.011608895310121518,paolo-laptop,hwpc-sensor-container
power_consumption,1705264785647000000,0.01412826685491654,paolo-laptop,hwpc-sensor-container
power_consumption,1705264786651000000,0.012357918621593116,paolo-laptop,hwpc-sensor-container
power_consumption,1705264787655000000,0.012884781785064824,paolo-laptop,hwpc-sensor-container
power_consumption,1705264788659000000,0.023527796051915167,paolo-laptop,hwpc-sensor-container
power_consumption,1705264789663000000,0.013448162301957705,paolo-laptop,hwpc-sensor-container
power_consumption,1705264790665000000,0.01352360861316727,paolo-laptop,hwpc-sensor-container
power_consumption,1705264791669000000,0.011125430151695936,paolo-laptop,hwpc-sensor-container
power_consumption,1705264792671000000,0.013667497907372483,paolo-laptop,hwpc-sensor-container
power_consumption,1705264793675000000,0.012204893545655212,paolo-laptop,hwpc-sensor-container
power_consumption,1705264794678000000,0.009712770868417746,paolo-laptop,hwpc-sensor-container
power_consumption,1705264795680000000,0.012681246828201414,paolo-laptop,hwpc-sensor-container
power_consumption,1705264796686000000,0.012229062269274869,paolo-laptop,hwpc-sensor-container
power_consumption,1705264797688000000,0.017059124680905022,paolo-laptop,hwpc-sensor-container
power_consumption,1705264798690000000,0.013574764689788877,paolo-laptop,hwpc-sensor-container
power_consumption,1705264799694000000,0.013746847575501717,paolo-laptop,hwpc-sensor-container
power_consumption,1705264800697000000,0.011682364468964467,paolo-laptop,hwpc-sensor-container
power_consumption,1705264801699000000,0.012055613521076258,paolo-laptop,hwpc-sensor-container
power_consumption,1705264802702000000,0.01290075507747109,paolo-laptop,hwpc-sensor-container
power_consumption,1705264803704000000,0.010463997880206164,paolo-laptop,hwpc-sensor-container
power_consumption,1705264804706000000,0.013864609366022745,paolo-laptop,hwpc-sensor-container
power_consumption,1705264805708000000,0.011384361454342653,paolo-laptop,hwpc-sensor-container
power_consumption,1705264806711000000,0.011007973382284732,paolo-laptop,hwpc-sensor-container
power_consumption,1705264807713000000,0.01526755463979278,paolo-laptop,hwpc-sensor-container
power_consumption,1705264808715000000,0.01160047720993838,paolo-laptop,hwpc-sensor-container
power_consumption,1705264809717000000,0.015075106206530272,paolo-laptop,hwpc-sensor-container
power_consumption,1705264810719000000,0.013966695686412307,paolo-laptop,hwpc-sensor-container
power_consumption,1705264811721000000,0.010262569139764711,paolo-laptop,hwpc-sensor-container
power_consumption,1705264812723000000,0.01192972379962751,paolo-laptop,hwpc-sensor-container
power_consumption,1705264813724000000,0.01120191858130187,paolo-laptop,hwpc-sensor-container
power_consumption,1705264814726000000,0.011414390858547086,paolo-laptop,hwpc-sensor-container
power_consumption,1705264815727000000,0.012589610805850953,paolo-laptop,hwpc-sensor-container
power_consumption,1705264816729000000,0.012770064614334359,paolo-laptop,hwpc-sensor-container
power_consumption,1705264817733000000,0.011592728683015346,paolo-laptop,hwpc-sensor-container
power_consumption,1705264818737000000,0.011247670959008114,paolo-laptop,hwpc-sensor-container
power_consumption,1705264819740000000,0.015261101140170076,paolo-laptop,hwpc-sensor-container
power_consumption,1705264820743000000,0.013656777337115296,paolo-laptop,hwpc-sensor-container
power_consumption,1705264821745000000,0.011855211815090659,paolo-laptop,hwpc-sensor-container
power_consumption,1705264822746000000,0.012245836868486645,paolo-laptop,hwpc-sensor-container
power_consumption,1705264823748000000,0.014560323132730483,paolo-laptop,hwpc-sensor-container
power_consumption,1705264824751000000,0.012834408381910948,paolo-laptop,hwpc-sensor-container
power_consumption,1705264825752000000,0.013618868868482275,paolo-laptop,hwpc-sensor-container
power_consumption,1705264826754000000,0.013385239162998944,paolo-laptop,hwpc-sensor-container
power_consumption,1705264827756000000,0.01352073847589877,paolo-laptop,hwpc-sensor-container
power_consumption,1705264828758000000,0.01356507399767023,paolo-laptop,hwpc-sensor-container
power_consumption,1705264829760000000,0.013868238639102859,paolo-laptop,hwpc-sensor-container
power_consumption,1705264830762000000,0.011911380629461149,paolo-laptop,hwpc-sensor-container
power_consumption,1705264831766000000,0.01258353752480659,paolo-laptop,hwpc-sensor-container
power_consumption,1705264832768000000,0.012053697355873121,paolo-laptop,hwpc-sensor-container
power_consumption,1705264833772000000,0.013539047614475608,paolo-laptop,hwpc-sensor-container
power_consumption,1705264834774000000,0.012781156227871949,paolo-laptop,hwpc-sensor-container
power_consumption,1705264835776000000,0.011561865370839306,paolo-laptop,hwpc-sensor-container
power_consumption,1705264836779000000,0.011282117576843305,paolo-laptop,hwpc-sensor-container
power_consumption,1705264837783000000,0.016420725878874352,paolo-laptop,hwpc-sensor-container
power_consumption,1705264838785000000,0.010788820566567027,paolo-laptop,hwpc-sensor-container
power_consumption,1705264839787000000,0.01550417935332654,paolo-laptop,hwpc-sensor-container
power_consumption,1705264840791000000,0.010168759468931289,paolo-laptop,hwpc-sensor-container
power_consumption,1705264841792000000,0.012099130614494105,paolo-laptop,hwpc-sensor-container
power_consumption,1705264842796000000,0.013656175109661576,paolo-laptop,hwpc-sensor-container
power_consumption,1705264844805000000,0.01635228377163877,paolo-laptop,hwpc-sensor-container
power_consumption,1705264845809000000,0.01075564031010695,paolo-laptop,hwpc-sensor-container
power_consumption,1705264846810000000,0.012833946170886245,paolo-laptop,hwpc-sensor-container
power_consumption,1705264847814000000,0.010235014756332497,paolo-laptop,hwpc-sensor-container
power_consumption,1705264848817000000,0.0136045958665758,paolo-laptop,hwpc-sensor-container
power_consumption,1705264849818000000,0.013431152600864757,paolo-laptop,hwpc-sensor-container
power_consumption,1705264850822000000,0.012271659424005165,paolo-laptop,hwpc-sensor-container
power_consumption,1705264851826000000,0.013806854596019793,paolo-laptop,hwpc-sensor-container
power_consumption,1705264853834000000,0.01476508705055699,paolo-laptop,hwpc-sensor-container
power_consumption,1705264854837000000,0.025079159540781798,paolo-laptop,hwpc-sensor-container
power_consumption,1705264855842000000,0.015961153319420752,paolo-laptop,hwpc-sensor-container
power_consumption,1705264856846000000,0.016509600572190773,paolo-laptop,hwpc-sensor-container
power_consumption,1705264857851000000,0.016452525370685086,paolo-laptop,hwpc-sensor-container
power_consumption,1705264858857000000,0.01731754567825937,paolo-laptop,hwpc-sensor-container
power_consumption,1705264859862000000,0.020975016413317726,paolo-laptop,hwpc-sensor-container
power_consumption,1705264860864000000,0.010849325490859069,paolo-laptop,hwpc-sensor-container
power_consumption,1705264861868000000,0.012718979513294235,paolo-laptop,hwpc-sensor-container
power_consumption,1705264862870000000,0.012358890022955878,paolo-laptop,hwpc-sensor-container
power_consumption,1705264863871000000,0.01538983391267776,paolo-laptop,hwpc-sensor-container
power_consumption,1705264864873000000,0.010875780570131686,paolo-laptop,hwpc-sensor-container
power_consumption,1705264865874000000,0.014351134815826531,paolo-laptop,hwpc-sensor-container
power_consumption,1705264866876000000,0.01073197342866902,paolo-laptop,hwpc-sensor-container
power_consumption,1705264867877000000,0.010594736491126695,paolo-laptop,hwpc-sensor-container
power_consumption,1705264868878000000,0.010719564893420621,paolo-laptop,hwpc-sensor-container
power_consumption,1705264870881000000,0.0088538846796413,paolo-laptop,hwpc-sensor-container
power_consumption,1705264871882000000,0.011610261321331219,paolo-laptop,hwpc-sensor-container
power_consumption,1705264872884000000,0.0161438099621938,paolo-laptop,hwpc-sensor-container
power_consumption,1705264873885000000,0.010976228031816759,paolo-laptop,hwpc-sensor-container
power_consumption,1705264874886000000,0.012702915318269812,paolo-laptop,hwpc-sensor-container
power_consumption,1705264875887000000,0.010814399173201903,paolo-laptop,hwpc-sensor-container
power_consumption,1705264876889000000,0.010137540669939674,paolo-laptop,hwpc-sensor-container
power_consumption,1705264877891000000,0.010864825254034493,paolo-laptop,hwpc-sensor-container
power_consumption,1705264878893000000,0.015502254605349715,paolo-laptop,hwpc-sensor-container
power_consumption,1705264879895000000,0.013168430064629501,paolo-laptop,hwpc-sensor-container
power_consumption,1705264880896000000,0.013134491368371633,paolo-laptop,hwpc-sensor-container
power_consumption,1705264881900000000,0.009116952871680318,paolo-laptop,hwpc-sensor-container
power_consumption,1705264882902000000,0.011683714059642733,paolo-laptop,hwpc-sensor-container
power_consumption,1705264883904000000,0.012432401030242866,paolo-laptop,hwpc-sensor-container
power_consumption,1705264884906000000,0.011828935370690102,paolo-laptop,hwpc-sensor-container
power_consumption,1705264885908000000,0.009800645751923985,paolo-laptop,hwpc-sensor-container
power_consumption,1705264886911000000,0.011552942308321516,paolo-laptop,hwpc-sensor-container
power_consumption,1705264887913000000,0.014545452213515749,paolo-laptop,hwpc-sensor-container
power_consumption,1705264888915000000,0.011036076149546914,paolo-laptop,hwpc-sensor-container
power_consumption,1705264889917000000,0.013807907426575842,paolo-laptop,hwpc-sensor-container
power_consumption,1705264890918000000,0.012729960199156093,paolo-laptop,hwpc-sensor-container
power_consumption,1705264891922000000,0.012732689721387871,paolo-laptop,hwpc-sensor-container
power_consumption,1705264892926000000,0.013768672180789105,paolo-laptop,hwpc-sensor-container
power_consumption,1705264893928000000,0.010982382030928231,paolo-laptop,hwpc-sensor-container
power_consumption,1705264894930000000,0.011600538034893264,paolo-laptop,hwpc-sensor-container
power_consumption,1705264895932000000,0.013077865802012529,paolo-laptop,hwpc-sensor-container
power_consumption,1705264896935000000,0.021529493882701915,paolo-laptop,hwpc-sensor-container
power_consumption,1705264897939000000,0.024111530429754873,paolo-laptop,hwpc-sensor-container
power_consumption,1705264898942000000,0.018234660992673443,paolo-laptop,hwpc-sensor-container
power_consumption,1705264900951000000,0.012584731412453578,paolo-laptop,hwpc-sensor-container
power_consumption,1705264902958000000,0.011228632662073346,paolo-laptop,hwpc-sensor-container
power_consumption,1705264903963000000,0.012102762792499562,paolo-laptop,hwpc-sensor-container
power_consumption,1705264904964000000,0.020738876438008664,paolo-laptop,hwpc-sensor-container
power_consumption,1705264905968000000,0.010617178758845143,paolo-laptop,hwpc-sensor-container
power_consumption,1705264906972000000,0.02303018205279404,paolo-laptop,hwpc-sensor-container
power_consumption,1705264907976000000,0.01316741366969847,paolo-laptop,hwpc-sensor-container
power_consumption,1705264908980000000,0.01169353823039584,paolo-laptop,hwpc-sensor-container
power_consumption,1705264909984000000,0.027866635356947507,paolo-laptop,hwpc-sensor-container
power_consumption,1705264911992000000,0.022971968619042157,paolo-laptop,hwpc-sensor-container
power_consumption,1705264912996000000,0.0158763049720448,paolo-laptop,hwpc-sensor-container
power_consumption,1705264913997000000,0.011581216082289361,paolo-laptop,hwpc-sensor-container
power_consumption,1705264915001000000,0.01343462579773633,paolo-laptop,hwpc-sensor-container
power_consumption,1705264916003000000,0.01258333836925096,paolo-laptop,hwpc-sensor-container
power_consumption,1705264917007000000,0.010956780708305136,paolo-laptop,hwpc-sensor-container
power_consumption,1705264919016000000,0.023961853197097482,paolo-laptop,hwpc-sensor-container
power_consumption,1705264920020000000,0.012561815225615846,paolo-laptop,hwpc-sensor-container
power_consumption,1705264922033000000,0.023699883071695953,paolo-laptop,hwpc-sensor-container
power_consumption,1705264923037000000,0.012400769344853756,paolo-laptop,hwpc-sensor-container
power_consumption,1705264924041000000,0.024705510524141813,paolo-laptop,hwpc-sensor-container
power_consumption,1705264925045000000,0.01701490671516496,paolo-laptop,hwpc-sensor-container
power_consumption,1705264926047000000,0.013695937655174644,paolo-laptop,hwpc-sensor-container
power_consumption,1705264927049000000,0.014573219399163687,paolo-laptop,hwpc-sensor-container
power_consumption,1705264928053000000,0.012121225732916581,paolo-laptop,hwpc-sensor-container
power_consumption,1705264929055000000,0.014322471828568155,paolo-laptop,hwpc-sensor-container
power_consumption,1705264930056000000,0.007925814808734201,paolo-laptop,hwpc-sensor-container
power_consumption,1705264931058000000,0.011617720673806566,paolo-laptop,hwpc-sensor-container
power_consumption,1705264932060000000,0.01216546780505839,paolo-laptop,hwpc-sensor-container
power_consumption,1705264933062000000,0.012507796340976644,paolo-laptop,hwpc-sensor-container
power_consumption,1705264934064000000,0.010643159915771725,paolo-laptop,hwpc-sensor-container
power_consumption,1705264935065000000,0.010541630884074919,paolo-laptop,hwpc-sensor-container
power_consumption,1705264936068000000,0.013482182184896569,paolo-laptop,hwpc-sensor-container
power_consumption,1705264937070000000,0.011139236766319225,paolo-laptop,hwpc-sensor-container
power_consumption,1705264938071000000,0.013416939001668753,paolo-laptop,hwpc-sensor-container
power_consumption,1705264939073000000,0.011047874725658555,paolo-laptop,hwpc-sensor-container
power_consumption,1705264940076000000,0.015806709248701704,paolo-laptop,hwpc-sensor-container
power_consumption,1705264941078000000,0.010902560377797478,paolo-laptop,hwpc-sensor-container
power_consumption,1705264942081000000,0.013176921583083378,paolo-laptop,hwpc-sensor-container
power_consumption,1705264943083000000,0.012273547182226518,paolo-laptop,hwpc-sensor-container
power_consumption,1705264944085000000,0.013438761628283022,paolo-laptop,hwpc-sensor-container
power_consumption,1705264945087000000,0.012399767212662314,paolo-laptop,hwpc-sensor-container
power_consumption,1705264946089000000,0.011978242424090013,paolo-laptop,hwpc-sensor-container
power_consumption,1705264947093000000,0.011703869905904999,paolo-laptop,hwpc-sensor-container
power_consumption,1705264949102000000,0.015521929618977038,paolo-laptop,hwpc-sensor-container
power_consumption,1705264950104000000,0.010777362697797797,paolo-laptop,hwpc-sensor-container
power_consumption,1705264951106000000,0.012486841279034976,paolo-laptop,hwpc-sensor-container
power_consumption,1705264952109000000,0.020815342292965514,paolo-laptop,hwpc-sensor-container
power_consumption,1705264953115000000,0.011355943282734959,paolo-laptop,hwpc-sensor-container
power_consumption,1705264954121000000,0.013762775628756722,paolo-laptop,hwpc-sensor-container
power_consumption,1705264955124000000,0.021082033693223173,paolo-laptop,hwpc-sensor-container
power_consumption,1705264956126000000,0.011851306886814027,paolo-laptop,hwpc-sensor-container
power_consumption,1705264957130000000,0.011226518678081233,paolo-laptop,hwpc-sensor-container
power_consumption,1705264958132000000,0.012479504299679704,paolo-laptop,hwpc-sensor-container
power_consumption,1705264959133000000,0.010681888533461147,paolo-laptop,hwpc-sensor-container
power_consumption,1705264960135000000,0.013743933306508515,paolo-laptop,hwpc-sensor-container
power_consumption,1705264961140000000,0.013912451525491141,paolo-laptop,hwpc-sensor-container
power_consumption,1705264962146000000,0.013404483060010308,paolo-laptop,hwpc-sensor-container
power_consumption,1705264963149000000,0.010053555877854137,paolo-laptop,hwpc-sensor-container
power_consumption,1705264964152000000,0.011776338833171245,paolo-laptop,hwpc-sensor-container
power_consumption,1705264965154000000,0.010771563105133004,paolo-laptop,hwpc-sensor-container
power_consumption,1705264966155000000,0.011954629576872903,paolo-laptop,hwpc-sensor-container
power_consumption,1705264967159000000,0.010358038684558358,paolo-laptop,hwpc-sensor-container
power_consumption,1705264968163000000,0.013781234928211032,paolo-laptop,hwpc-sensor-container
power_consumption,1705264969165000000,0.012550834425303171,paolo-laptop,hwpc-sensor-container
power_consumption,1705264970171000000,0.012300925443386417,paolo-laptop,hwpc-sensor-container
power_consumption,1705264971175000000,0.011550528038448842,paolo-laptop,hwpc-sensor-container
power_consumption,1705264972177000000,0.0139011854137625,paolo-laptop,hwpc-sensor-container
power_consumption,1705264973181000000,0.009921899508731001,paolo-laptop,hwpc-sensor-container
power_consumption,1705264974185000000,0.013536501791153531,paolo-laptop,hwpc-sensor-container
power_consumption,1705264975186000000,0.013096886240142859,paolo-laptop,hwpc-sensor-container
power_consumption,1705264976187000000,0.010780127053731398,paolo-laptop,hwpc-sensor-container
power_consumption,1705264977190000000,0.013780356584562531,paolo-laptop,hwpc-sensor-container
power_consumption,1705264978192000000,0.012970713535320089,paolo-laptop,hwpc-sensor-container
power_consumption,1705264979195000000,0.015773450124565984,paolo-laptop,hwpc-sensor-container
power_consumption,1705264980199000000,0.022511914546087967,paolo-laptop,hwpc-sensor-container
power_consumption,1705264981202000000,0.01075015668962485,paolo-laptop,hwpc-sensor-container
power_consumption,1705264983207000000,0.013604670153742263,paolo-laptop,hwpc-sensor-container
power_consumption,1705264984210000000,0.013401201473132677,paolo-laptop,hwpc-sensor-container
power_consumption,1705264985211000000,0.011656898507989493,paolo-laptop,hwpc-sensor-container
power_consumption,1705264986215000000,0.010763385258811996,paolo-laptop,hwpc-sensor-container
power_consumption,1705264987217000000,0.01242714811273827,paolo-laptop,hwpc-sensor-container
power_consumption,1705264988219000000,0.012768440793235632,paolo-laptop,hwpc-sensor-container
power_consumption,1705264989223000000,0.010729649756889472,paolo-laptop,hwpc-sensor-container
power_consumption,1705264990227000000,0.01348634534113621,paolo-laptop,hwpc-sensor-container
power_consumption,1705264991229000000,0.012275629440994525,paolo-laptop,hwpc-sensor-container
