name,time,power,sensor,target
power_consumption,1704484902216000000,0.011569472836014841,paolo-laptop,hwpc-sensor-container
power_consumption,1704484903218000000,0.011804166730171768,paolo-laptop,hwpc-sensor-container
power_consumption,1704484904220000000,0.010159677747413878,paolo-laptop,hwpc-sensor-container
power_consumption,1704484905221000000,0.012259823188860833,paolo-laptop,hwpc-sensor-container
power_consumption,1704484908227000000,0.009315377938782555,paolo-laptop,hwpc-sensor-container
power_consumption,1704484910231000000,0.011011970897297496,paolo-laptop,hwpc-sensor-container
power_consumption,1704484911232000000,0.009369307415076997,paolo-laptop,hwpc-sensor-container
power_consumption,1704484912233000000,0.011822661475710249,paolo-laptop,hwpc-sensor-container
power_consumption,1704484913235000000,0.010320755498442993,paolo-laptop,hwpc-sensor-container
power_consumption,1704484914236000000,0.010034702632801205,paolo-laptop,hwpc-sensor-container
power_consumption,1704484915238000000,0.011861526318890538,paolo-laptop,hwpc-sensor-container
power_consumption,1704484916239000000,0.010081230120442899,paolo-laptop,hwpc-sensor-container
power_consumption,1704484917241000000,0.01184555082390166,paolo-laptop,hwpc-sensor-container
power_consumption,1704484918243000000,0.012010809244284059,paolo-laptop,hwpc-sensor-container
power_consumption,1704484919244000000,0.00986013363303337,paolo-laptop,hwpc-sensor-container
power_consumption,1704484920246000000,0.010001119925397508,paolo-laptop,hwpc-sensor-container
power_consumption,1704484921247000000,0.009697105087163116,paolo-laptop,hwpc-sensor-container
power_consumption,1704484922249000000,0.010985320573252487,paolo-laptop,hwpc-sensor-container
power_consumption,1704484926256000000,0.01009484964650744,paolo-laptop,hwpc-sensor-container
power_consumption,1704484928258000000,0.009702022467851647,paolo-laptop,hwpc-sensor-container
power_consumption,1704484929260000000,0.010345199388879225,paolo-laptop,hwpc-sensor-container
power_consumption,1704484930261000000,0.008514579269338482,paolo-laptop,hwpc-sensor-container
power_consumption,1704484932264000000,0.009875267468335261,paolo-laptop,hwpc-sensor-container
power_consumption,1704484933265000000,0.009923008749900711,paolo-laptop,hwpc-sensor-container
power_consumption,1704484934266000000,0.00879021509276396,paolo-laptop,hwpc-sensor-container
power_consumption,1704484938271000000,0.009511326674741024,paolo-laptop,hwpc-sensor-container
power_consumption,1704484939272000000,0.00926835740140981,paolo-laptop,hwpc-sensor-container
power_consumption,1704484940274000000,0.010125714608653809,paolo-laptop,hwpc-sensor-container
power_consumption,1704484941276000000,0.009944815033278494,paolo-laptop,hwpc-sensor-container
power_consumption,1704484942278000000,0.010291015402538992,paolo-laptop,hwpc-sensor-container
power_consumption,1704484943280000000,0.012243554965462856,paolo-laptop,hwpc-sensor-container
power_consumption,1704484944281000000,0.009660240789724729,paolo-laptop,hwpc-sensor-container
power_consumption,1704484945283000000,0.014220054736895957,paolo-laptop,hwpc-sensor-container
power_consumption,1704484946285000000,0.01321269118455498,paolo-laptop,hwpc-sensor-container
power_consumption,1704484947287000000,0.01381458114882313,paolo-laptop,hwpc-sensor-container
power_consumption,1704484948288000000,0.013000758245053111,paolo-laptop,hwpc-sensor-container
power_consumption,1704484949290000000,0.013560811650774402,paolo-laptop,hwpc-sensor-container
power_consumption,1704484950292000000,0.014887118347570668,paolo-laptop,hwpc-sensor-container
power_consumption,1704484951294000000,0.01429118828016915,paolo-laptop,hwpc-sensor-container
power_consumption,1704484952296000000,0.009408025022901279,paolo-laptop,hwpc-sensor-container
power_consumption,1704484953297000000,0.009817071438623905,paolo-laptop,hwpc-sensor-container
power_consumption,1704484954298000000,0.0098420987314891,paolo-laptop,hwpc-sensor-container
power_consumption,1704484955300000000,0.010156656601449824,paolo-laptop,hwpc-sensor-container
power_consumption,1704484956306000000,0.010046660325945072,paolo-laptop,hwpc-sensor-container
power_consumption,1704484957307000000,0.009347730216461124,paolo-laptop,hwpc-sensor-container
power_consumption,1704484958309000000,0.010440309846662102,paolo-laptop,hwpc-sensor-container
power_consumption,1704484959311000000,0.009776779030722015,paolo-laptop,hwpc-sensor-container
power_consumption,1704484960313000000,0.010076693899919376,paolo-laptop,hwpc-sensor-container
power_consumption,1704484962323000000,0.009292900896318533,paolo-laptop,hwpc-sensor-container
power_consumption,1704484963325000000,0.00948904788617198,paolo-laptop,hwpc-sensor-container
power_consumption,1704484964327000000,0.00987065115251981,paolo-laptop,hwpc-sensor-container
power_consumption,1704484965329000000,0.010408865493950351,paolo-laptop,hwpc-sensor-container
power_consumption,1704484966334000000,0.009619637157026097,paolo-laptop,hwpc-sensor-container
power_consumption,1704484967336000000,0.009908534177367279,paolo-laptop,hwpc-sensor-container
power_consumption,1704484968338000000,0.009742936202225938,paolo-laptop,hwpc-sensor-container
power_consumption,1704484971344000000,0.011444972584369028,paolo-laptop,hwpc-sensor-container
power_consumption,1704484972346000000,0.011131851804302307,paolo-laptop,hwpc-sensor-container
power_consumption,1704484973348000000,0.010863134252298793,paolo-laptop,hwpc-sensor-container
power_consumption,1704484974350000000,0.01087031398703045,paolo-laptop,hwpc-sensor-container
power_consumption,1704484975352000000,0.01045636181471924,paolo-laptop,hwpc-sensor-container
power_consumption,1704484976354000000,0.009687706682352096,paolo-laptop,hwpc-sensor-container
power_consumption,1704484977356000000,0.010747558657235881,paolo-laptop,hwpc-sensor-container
power_consumption,1704484978358000000,0.013453670649819782,paolo-laptop,hwpc-sensor-container
power_consumption,1704484979365000000,0.010811422841153173,paolo-laptop,hwpc-sensor-container
power_consumption,1704484980367000000,0.010844892862175468,paolo-laptop,hwpc-sensor-container
power_consumption,1704484981369000000,0.011368879475832165,paolo-laptop,hwpc-sensor-container
power_consumption,1704484982371000000,0.010913969718152535,paolo-laptop,hwpc-sensor-container
power_consumption,1704484983373000000,0.00967228734622545,paolo-laptop,hwpc-sensor-container
power_consumption,1704484984376000000,0.010637900217931155,paolo-laptop,hwpc-sensor-container
power_consumption,1704484985378000000,0.012018088828293734,paolo-laptop,hwpc-sensor-container
power_consumption,1704484986384000000,0.010707861743486717,paolo-laptop,hwpc-sensor-container
power_consumption,1704484987387000000,0.011310545064520105,paolo-laptop,hwpc-sensor-container
power_consumption,1704484988389000000,0.011283374071041378,paolo-laptop,hwpc-sensor-container
power_consumption,1704484989392000000,0.011492334821570789,paolo-laptop,hwpc-sensor-container
power_consumption,1704484990394000000,0.010501150080065177,paolo-laptop,hwpc-sensor-container
power_consumption,1704484991396000000,0.01213206297058575,paolo-laptop,hwpc-sensor-container
power_consumption,1704484992399000000,0.012157776357642435,paolo-laptop,hwpc-sensor-container
power_consumption,1704484993401000000,0.0116762139619047,paolo-laptop,hwpc-sensor-container
power_consumption,1704484994404000000,0.011507943967838271,paolo-laptop,hwpc-sensor-container
power_consumption,1704484995406000000,0.010422546665037821,paolo-laptop,hwpc-sensor-container
power_consumption,1704484996409000000,0.011874457142932225,paolo-laptop,hwpc-sensor-container
power_consumption,1704484997412000000,0.010707645292672027,paolo-laptop,hwpc-sensor-container
power_consumption,1704484998414000000,0.01146803012659893,paolo-laptop,hwpc-sensor-container
power_consumption,1704484999416000000,0.009953975833941,paolo-laptop,hwpc-sensor-container
power_consumption,1704485000418000000,0.010626724533413602,paolo-laptop,hwpc-sensor-container
power_consumption,1704485001421000000,0.010319214209975136,paolo-laptop,hwpc-sensor-container
power_consumption,1704485002423000000,0.011657975400442992,paolo-laptop,hwpc-sensor-container
power_consumption,1704485003426000000,0.010324120992883845,paolo-laptop,hwpc-sensor-container
power_consumption,1704485004428000000,0.010511071255848234,paolo-laptop,hwpc-sensor-container
power_consumption,1704485005430000000,0.009990528149023322,paolo-laptop,hwpc-sensor-container
power_consumption,1704485006432000000,0.010739328305938798,paolo-laptop,hwpc-sensor-container
power_consumption,1704485007434000000,0.012503058526631557,paolo-laptop,hwpc-sensor-container
power_consumption,1704485008436000000,0.012219892821662862,paolo-laptop,hwpc-sensor-container
power_consumption,1704485009440000000,0.011528185070496843,paolo-laptop,hwpc-sensor-container
power_consumption,1704485010442000000,0.012047866095113992,paolo-laptop,hwpc-sensor-container
power_consumption,1704485011444000000,0.0102237129069634,paolo-laptop,hwpc-sensor-container
power_consumption,1704485012446000000,0.014605958980547543,paolo-laptop,hwpc-sensor-container
power_consumption,1704485013448000000,0.01098857948237168,paolo-laptop,hwpc-sensor-container
power_consumption,1704485014450000000,0.012912007036261153,paolo-laptop,hwpc-sensor-container
power_consumption,1704485015453000000,0.01081919860113957,paolo-laptop,hwpc-sensor-container
power_consumption,1704485016454000000,0.010134558948649196,paolo-laptop,hwpc-sensor-container
power_consumption,1704485017457000000,0.012220328635040334,paolo-laptop,hwpc-sensor-container
power_consumption,1704485018459000000,0.011762074640464873,paolo-laptop,hwpc-sensor-container
power_consumption,1704485019462000000,0.011456071284053038,paolo-laptop,hwpc-sensor-container
power_consumption,1704485020464000000,0.01115164653167004,paolo-laptop,hwpc-sensor-container
power_consumption,1704485021466000000,0.011494037176480214,paolo-laptop,hwpc-sensor-container
power_consumption,1704485022468000000,0.011282545066939072,paolo-laptop,hwpc-sensor-container
power_consumption,1704485023470000000,0.014142989127242007,paolo-laptop,hwpc-sensor-container
power_consumption,1704485024472000000,0.011691847963642282,paolo-laptop,hwpc-sensor-container
power_consumption,1704485025474000000,0.01137678027684116,paolo-laptop,hwpc-sensor-container
power_consumption,1704485026476000000,0.012216955198447947,paolo-laptop,hwpc-sensor-container
power_consumption,1704485027478000000,0.01519656002619766,paolo-laptop,hwpc-sensor-container
power_consumption,1704485028484000000,0.012365238344182027,paolo-laptop,hwpc-sensor-container
power_consumption,1704485029486000000,0.011978814307233535,paolo-laptop,hwpc-sensor-container
power_consumption,1704485030489000000,0.015266190360079639,paolo-laptop,hwpc-sensor-container
power_consumption,1704485031492000000,0.014443362951198354,paolo-laptop,hwpc-sensor-container
power_consumption,1704485032494000000,0.015258049351309512,paolo-laptop,hwpc-sensor-container
power_consumption,1704485033499000000,0.016416160537644782,paolo-laptop,hwpc-sensor-container
power_consumption,1704485034504000000,0.014534976376934551,paolo-laptop,hwpc-sensor-container
power_consumption,1704485035506000000,0.01189171097926765,paolo-laptop,hwpc-sensor-container
power_consumption,1704485036507000000,0.014520637973557963,paolo-laptop,hwpc-sensor-container
power_consumption,1704485037509000000,0.013971714429257218,paolo-laptop,hwpc-sensor-container
power_consumption,1704485038511000000,0.01480119350593609,paolo-laptop,hwpc-sensor-container
power_consumption,1704485039522000000,0.011686858318701192,paolo-laptop,hwpc-sensor-container
power_consumption,1704485040526000000,0.011187057776890694,paolo-laptop,hwpc-sensor-container
power_consumption,1704485041528000000,0.011734234384766179,paolo-laptop,hwpc-sensor-container
power_consumption,1704485043533000000,0.012397360591237479,paolo-laptop,hwpc-sensor-container
power_consumption,1704485044535000000,0.011274303688852856,paolo-laptop,hwpc-sensor-container
power_consumption,1704485045537000000,0.012113763820732076,paolo-laptop,hwpc-sensor-container
power_consumption,1704485046539000000,0.009628717510824648,paolo-laptop,hwpc-sensor-container
power_consumption,1704485047541000000,0.011406689990859732,paolo-laptop,hwpc-sensor-container
power_consumption,1704485048543000000,0.012695602431246747,paolo-laptop,hwpc-sensor-container
power_consumption,1704485049547000000,0.011386603472091465,paolo-laptop,hwpc-sensor-container
power_consumption,1704485050549000000,0.010010070456841932,paolo-laptop,hwpc-sensor-container
power_consumption,1704485051551000000,0.013008421671501305,paolo-laptop,hwpc-sensor-container
power_consumption,1704485052554000000,0.011600868063530974,paolo-laptop,hwpc-sensor-container
power_consumption,1704485053556000000,0.012068882066882117,paolo-laptop,hwpc-sensor-container
power_consumption,1704485054559000000,0.012156771709075916,paolo-laptop,hwpc-sensor-container
power_consumption,1704485058572000000,0.012670665585552274,paolo-laptop,hwpc-sensor-container
power_consumption,1704485059578000000,0.01346473442361968,paolo-laptop,hwpc-sensor-container
power_consumption,1704485060584000000,0.01138250440348372,paolo-laptop,hwpc-sensor-container
power_consumption,1704485061585000000,0.012705264844768237,paolo-laptop,hwpc-sensor-container
power_consumption,1704485062587000000,0.012075779325469483,paolo-laptop,hwpc-sensor-container
power_consumption,1704485063590000000,0.012606207868252207,paolo-laptop,hwpc-sensor-container
power_consumption,1704485064592000000,0.012447896897290653,paolo-laptop,hwpc-sensor-container
power_consumption,1704485065594000000,0.012332035962474057,paolo-laptop,hwpc-sensor-container
power_consumption,1704485067599000000,0.012458245489980663,paolo-laptop,hwpc-sensor-container
power_consumption,1704485068601000000,0.012858015726153266,paolo-laptop,hwpc-sensor-container
power_consumption,1704485069604000000,0.012521442413523733,paolo-laptop,hwpc-sensor-container
power_consumption,1704485070606000000,0.012855557946787156,paolo-laptop,hwpc-sensor-container
power_consumption,1704485071608000000,0.012556701750440588,paolo-laptop,hwpc-sensor-container
power_consumption,1704485072610000000,0.012265035569453334,paolo-laptop,hwpc-sensor-container
power_consumption,1704485073612000000,0.012890566895882888,paolo-laptop,hwpc-sensor-container
power_consumption,1704485074619000000,0.012415851405394807,paolo-laptop,hwpc-sensor-container
power_consumption,1704485075621000000,0.011735156215747172,paolo-laptop,hwpc-sensor-container
power_consumption,1704485076624000000,0.012370643337130581,paolo-laptop,hwpc-sensor-container
power_consumption,1704485077626000000,0.012405076027854426,paolo-laptop,hwpc-sensor-container
power_consumption,1704485078629000000,0.018171870689556866,paolo-laptop,hwpc-sensor-container
power_consumption,1704485080634000000,0.012430546389276605,paolo-laptop,hwpc-sensor-container
power_consumption,1704485081637000000,0.011582320362810629,paolo-laptop,hwpc-sensor-container
power_consumption,1704485082639000000,0.012754285069954583,paolo-laptop,hwpc-sensor-container
power_consumption,1704485091667000000,0.012212339965458108,paolo-laptop,hwpc-sensor-container
power_consumption,1704485092668000000,0.011048557095603796,paolo-laptop,hwpc-sensor-container
power_consumption,1704485093670000000,0.010818129104218994,paolo-laptop,hwpc-sensor-container
power_consumption,1704485094672000000,0.013087673404235986,paolo-laptop,hwpc-sensor-container
power_consumption,1704485095674000000,0.012634301386932504,paolo-laptop,hwpc-sensor-container
power_consumption,1704485096676000000,0.011392586703187503,paolo-laptop,hwpc-sensor-container
power_consumption,1704485097679000000,0.011093270955478622,paolo-laptop,hwpc-sensor-container
power_consumption,1704485098681000000,0.011607826691027386,paolo-laptop,hwpc-sensor-container
power_consumption,1704485099683000000,0.011069604803839632,paolo-laptop,hwpc-sensor-container
power_consumption,1704485100685000000,0.011574749404645646,paolo-laptop,hwpc-sensor-container
power_consumption,1704485101687000000,0.011543503324063505,paolo-laptop,hwpc-sensor-container
power_consumption,1704485102690000000,0.011065913587586355,paolo-laptop,hwpc-sensor-container
power_consumption,1704485103693000000,0.010881317321050424,paolo-laptop,hwpc-sensor-container
power_consumption,1704485104695000000,0.010673804775250845,paolo-laptop,hwpc-sensor-container
power_consumption,1704485105698000000,0.010774406202750785,paolo-laptop,hwpc-sensor-container
power_consumption,1704485106700000000,0.01046806680148028,paolo-laptop,hwpc-sensor-container
power_consumption,1704485107702000000,0.010591165759042091,paolo-laptop,hwpc-sensor-container
power_consumption,1704485108704000000,0.01136385820599205,paolo-laptop,hwpc-sensor-container
power_consumption,1704485109705000000,0.010625099920097058,paolo-laptop,hwpc-sensor-container
power_consumption,1704485110707000000,0.011274242892732385,paolo-laptop,hwpc-sensor-container
power_consumption,1704485111710000000,0.01123892976974273,paolo-laptop,hwpc-sensor-container
power_consumption,1704485112712000000,0.011175417230354359,paolo-laptop,hwpc-sensor-container
power_consumption,1704485113714000000,0.010935632881850885,paolo-laptop,hwpc-sensor-container
power_consumption,1704485114716000000,0.01164943195116246,paolo-laptop,hwpc-sensor-container
power_consumption,1704485116723000000,0.012283072726383053,paolo-laptop,hwpc-sensor-container
power_consumption,1704485117728000000,0.01026587796858499,paolo-laptop,hwpc-sensor-container
power_consumption,1704485118731000000,0.010302371821900986,paolo-laptop,hwpc-sensor-container
power_consumption,1704485119733000000,0.011182416411634068,paolo-laptop,hwpc-sensor-container
power_consumption,1704485120737000000,0.010966289975139345,paolo-laptop,hwpc-sensor-container
power_consumption,1704485121739000000,0.010252341636035504,paolo-laptop,hwpc-sensor-container
power_consumption,1704485122741000000,0.010400105181467445,paolo-laptop,hwpc-sensor-container
power_consumption,1704485123746000000,0.010460789109656615,paolo-laptop,hwpc-sensor-container
power_consumption,1704485124749000000,0.010260308677015948,paolo-laptop,hwpc-sensor-container
power_consumption,1704485125751000000,0.01046509657840505,paolo-laptop,hwpc-sensor-container
power_consumption,1704485126753000000,0.011308233438022898,paolo-laptop,hwpc-sensor-container
power_consumption,1704485127756000000,0.011340296405209189,paolo-laptop,hwpc-sensor-container
power_consumption,1704485128758000000,0.01089707874211814,paolo-laptop,hwpc-sensor-container
power_consumption,1704485129760000000,0.010703994127813376,paolo-laptop,hwpc-sensor-container
power_consumption,1704485130764000000,0.013089912510591616,paolo-laptop,hwpc-sensor-container
power_consumption,1704485132768000000,0.012222708263251184,paolo-laptop,hwpc-sensor-container
power_consumption,1704485134773000000,0.01109298906934175,paolo-laptop,hwpc-sensor-container
power_consumption,1704485138786000000,0.012722905818100205,paolo-laptop,hwpc-sensor-container
power_consumption,1704485140790000000,0.01167078912817279,paolo-laptop,hwpc-sensor-container
power_consumption,1704485144800000000,0.010966929204635333,paolo-laptop,hwpc-sensor-container
power_consumption,1704485145802000000,0.012411419222764133,paolo-laptop,hwpc-sensor-container
power_consumption,1704485146804000000,0.011670835741247845,paolo-laptop,hwpc-sensor-container
power_consumption,1704485147806000000,0.011490419006539975,paolo-laptop,hwpc-sensor-container
power_consumption,1704485148808000000,0.010953712896730547,paolo-laptop,hwpc-sensor-container
power_consumption,1704485149810000000,0.011628943767123208,paolo-laptop,hwpc-sensor-container
power_consumption,1704485150812000000,0.011337121575181592,paolo-laptop,hwpc-sensor-container
power_consumption,1704485151815000000,0.011383683546349319,paolo-laptop,hwpc-sensor-container
power_consumption,1704485152817000000,0.01178136509021883,paolo-laptop,hwpc-sensor-container
power_consumption,1704485153819000000,0.011965591188577885,paolo-laptop,hwpc-sensor-container
power_consumption,1704485154821000000,0.010727815216412747,paolo-laptop,hwpc-sensor-container
power_consumption,1704485155823000000,0.010662138390554571,paolo-laptop,hwpc-sensor-container
power_consumption,1704485158831000000,0.010733995077257445,paolo-laptop,hwpc-sensor-container
power_consumption,1704485165852000000,0.011510981708652168,paolo-laptop,hwpc-sensor-container
power_consumption,1704485166856000000,0.010521490049441404,paolo-laptop,hwpc-sensor-container
power_consumption,1704485169862000000,0.011733414934312757,paolo-laptop,hwpc-sensor-container
power_consumption,1704485170864000000,0.010980621628584469,paolo-laptop,hwpc-sensor-container
power_consumption,1704485171866000000,0.011047686967646193,paolo-laptop,hwpc-sensor-container
power_consumption,1704485175874000000,0.011281924296679832,paolo-laptop,hwpc-sensor-container
power_consumption,1704485176876000000,0.010515047578792784,paolo-laptop,hwpc-sensor-container
power_consumption,1704485177878000000,0.011497826437554391,paolo-laptop,hwpc-sensor-container
power_consumption,1704485178880000000,0.011247423496584483,paolo-laptop,hwpc-sensor-container
power_consumption,1704485179883000000,0.011085876597842595,paolo-laptop,hwpc-sensor-container
power_consumption,1704485180887000000,0.011917260770688198,paolo-laptop,hwpc-sensor-container
power_consumption,1704485181890000000,0.01049247995266187,paolo-laptop,hwpc-sensor-container
power_consumption,1704485182893000000,0.010931069595870199,paolo-laptop,hwpc-sensor-container
power_consumption,1704485183896000000,0.01092581403992318,paolo-laptop,hwpc-sensor-container
power_consumption,1704485184904000000,0.012126500359140927,paolo-laptop,hwpc-sensor-container
power_consumption,1704485185906000000,0.010367970577959119,paolo-laptop,hwpc-sensor-container
power_consumption,1704485194938000000,0.011884011506138617,paolo-laptop,hwpc-sensor-container
power_consumption,1704485199953000000,0.011944446396410336,paolo-laptop,hwpc-sensor-container
power_consumption,1704485200957000000,0.013113163889847929,paolo-laptop,hwpc-sensor-container
power_consumption,1704485201959000000,0.011139989255998219,paolo-laptop,hwpc-sensor-container
power_consumption,1704485202962000000,0.011188814161031816,paolo-laptop,hwpc-sensor-container
power_consumption,1704485203964000000,0.011265390297486255,paolo-laptop,hwpc-sensor-container
power_consumption,1704485204967000000,0.01115588608966504,paolo-laptop,hwpc-sensor-container
power_consumption,1704485205969000000,0.011217301628247243,paolo-laptop,hwpc-sensor-container
power_consumption,1704485206971000000,0.011223563310945985,paolo-laptop,hwpc-sensor-container
power_consumption,1704485207974000000,0.010771969166179887,paolo-laptop,hwpc-sensor-container
power_consumption,1704485208976000000,0.011826905611477007,paolo-laptop,hwpc-sensor-container
power_consumption,1704485209978000000,0.011019052555139719,paolo-laptop,hwpc-sensor-container
power_consumption,1704485210980000000,0.010866946424693717,paolo-laptop,hwpc-sensor-container
power_consumption,1704485211982000000,0.0107475823090036,paolo-laptop,hwpc-sensor-container
power_consumption,1704485212985000000,0.011106040600306155,paolo-laptop,hwpc-sensor-container
power_consumption,1704485213989000000,0.010993549294528235,paolo-laptop,hwpc-sensor-container
power_consumption,1704485214991000000,0.011099843785823928,paolo-laptop,hwpc-sensor-container
power_consumption,1704485215994000000,0.010857430661370463,paolo-laptop,hwpc-sensor-container
power_consumption,1704485216996000000,0.011414924044565495,paolo-laptop,hwpc-sensor-container
power_consumption,1704485217998000000,0.011423160051842011,paolo-laptop,hwpc-sensor-container
power_consumption,1704485219000000000,0.011193806608949263,paolo-laptop,hwpc-sensor-container
power_consumption,1704485220003000000,0.011160316279773638,paolo-laptop,hwpc-sensor-container
power_consumption,1704485221005000000,0.011345925975040225,paolo-laptop,hwpc-sensor-container
power_consumption,1704485222007000000,0.012431328357760205,paolo-laptop,hwpc-sensor-container
power_consumption,1704485223009000000,0.011421049679681671,paolo-laptop,hwpc-sensor-container
power_consumption,1704485224011000000,0.01149530192271044,paolo-laptop,hwpc-sensor-container
power_consumption,1704485225013000000,0.01119329762862842,paolo-laptop,hwpc-sensor-container
power_consumption,1704485226016000000,0.011040285027432062,paolo-laptop,hwpc-sensor-container
power_consumption,1704485227018000000,0.011109394968412553,paolo-laptop,hwpc-sensor-container
power_consumption,1704485228020000000,0.010833380442294153,paolo-laptop,hwpc-sensor-container
power_consumption,1704485230025000000,0.011136612772379217,paolo-laptop,hwpc-sensor-container
power_consumption,1704485231028000000,0.01154864979794534,paolo-laptop,hwpc-sensor-container
power_consumption,1704485235039000000,0.01377358523936023,paolo-laptop,hwpc-sensor-container
power_consumption,1704485236041000000,0.011617074396035262,paolo-laptop,hwpc-sensor-container
power_consumption,1704485238045000000,0.012035360210372693,paolo-laptop,hwpc-sensor-container
power_consumption,1704485239047000000,0.011706076963120458,paolo-laptop,hwpc-sensor-container
power_consumption,1704485240049000000,0.012138476580391157,paolo-laptop,hwpc-sensor-container
power_consumption,1704485241052000000,0.011473887877753757,paolo-laptop,hwpc-sensor-container
power_consumption,1704485242054000000,0.011689463323327154,paolo-laptop,hwpc-sensor-container
power_consumption,1704485243056000000,0.01299616070735211,paolo-laptop,hwpc-sensor-container
power_consumption,1704485244058000000,0.00998147180133062,paolo-laptop,hwpc-sensor-container
power_consumption,1704485245060000000,0.011887117240239357,paolo-laptop,hwpc-sensor-container
power_consumption,1704485246062000000,0.013287763002599946,paolo-laptop,hwpc-sensor-container
power_consumption,1704485247065000000,0.011647481843593087,paolo-laptop,hwpc-sensor-container
power_consumption,1704485253079000000,0.012584983517741434,paolo-laptop,hwpc-sensor-container
power_consumption,1704485255083000000,0.01175890783787007,paolo-laptop,hwpc-sensor-container
power_consumption,1704485258089000000,0.011319345294355835,paolo-laptop,hwpc-sensor-container
power_consumption,1704485266111000000,0.012754755741723328,paolo-laptop,hwpc-sensor-container
power_consumption,1704485274142000000,0.012185996578849154,paolo-laptop,hwpc-sensor-container
power_consumption,1704485275144000000,0.010458633781200845,paolo-laptop,hwpc-sensor-container
power_consumption,1704485277150000000,0.013317542927223218,paolo-laptop,hwpc-sensor-container
power_consumption,1704485279157000000,0.013594589690877665,paolo-laptop,hwpc-sensor-container
power_consumption,1704485285181000000,0.011043973418187922,paolo-laptop,hwpc-sensor-container
power_consumption,1704485287193000000,0.012289689547068851,paolo-laptop,hwpc-sensor-container
power_consumption,1704485288195000000,0.011578955123777416,paolo-laptop,hwpc-sensor-container
power_consumption,1704485289199000000,0.01066287237292873,paolo-laptop,hwpc-sensor-container
power_consumption,1704485291205000000,0.011018035556426591,paolo-laptop,hwpc-sensor-container
power_consumption,1704485292209000000,0.013158393628849085,paolo-laptop,hwpc-sensor-container
power_consumption,1704485293211000000,0.00887379420632136,paolo-laptop,hwpc-sensor-container
power_consumption,1704485294214000000,0.012098337244476039,paolo-laptop,hwpc-sensor-container
power_consumption,1704485296218000000,0.012840081169795112,paolo-laptop,hwpc-sensor-container
power_consumption,1704485297220000000,0.01247596805761238,paolo-laptop,hwpc-sensor-container
power_consumption,1704485298222000000,0.009939516744140404,paolo-laptop,hwpc-sensor-container
power_consumption,1704485299224000000,0.012952558797350513,paolo-laptop,hwpc-sensor-container
power_consumption,1704485300226000000,0.011285651264083325,paolo-laptop,hwpc-sensor-container
power_consumption,1704485301227000000,0.011363343153794782,paolo-laptop,hwpc-sensor-container
power_consumption,1704485302229000000,0.010600926868552248,paolo-laptop,hwpc-sensor-container
power_consumption,1704485303231000000,0.01469230007812815,paolo-laptop,hwpc-sensor-container
power_consumption,1704485304233000000,0.013867124346573376,paolo-laptop,hwpc-sensor-container
power_consumption,1704485305235000000,0.017104728037336286,paolo-laptop,hwpc-sensor-container
power_consumption,1704485306237000000,0.013147189225744472,paolo-laptop,hwpc-sensor-container
power_consumption,1704485307239000000,0.017420079879056832,paolo-laptop,hwpc-sensor-container
power_consumption,1704485308242000000,0.012571894257428646,paolo-laptop,hwpc-sensor-container
power_consumption,1704485309247000000,0.011446816346270122,paolo-laptop,hwpc-sensor-container
power_consumption,1704485310249000000,0.01125641814926881,paolo-laptop,hwpc-sensor-container
power_consumption,1704485311251000000,0.011097519158284004,paolo-laptop,hwpc-sensor-container
power_consumption,1704485313260000000,0.013865571501882836,paolo-laptop,hwpc-sensor-container
power_consumption,1704485315266000000,0.011173354003870963,paolo-laptop,hwpc-sensor-container
power_consumption,1704485316268000000,0.011378850986308274,paolo-laptop,hwpc-sensor-container
power_consumption,1704485317272000000,0.010406695755368997,paolo-laptop,hwpc-sensor-container
power_consumption,1704485318276000000,0.012676921089187932,paolo-laptop,hwpc-sensor-container
power_consumption,1704485320282000000,0.012179982656319444,paolo-laptop,hwpc-sensor-container
power_consumption,1704485323287000000,0.010357972995573814,paolo-laptop,hwpc-sensor-container
power_consumption,1704485324290000000,0.011457093798964755,paolo-laptop,hwpc-sensor-container
power_consumption,1704485325292000000,0.010863389082618791,paolo-laptop,hwpc-sensor-container
power_consumption,1704485326294000000,0.010973888933217454,paolo-laptop,hwpc-sensor-container
power_consumption,1704485327296000000,0.010047176844869587,paolo-laptop,hwpc-sensor-container
power_consumption,1704485329299000000,0.011825729489765893,paolo-laptop,hwpc-sensor-container
power_consumption,1704485330301000000,0.01140172136733705,paolo-laptop,hwpc-sensor-container
power_consumption,1704485331303000000,0.010249165941832835,paolo-laptop,hwpc-sensor-container
power_consumption,1704485332306000000,0.012178829829044297,paolo-laptop,hwpc-sensor-container
power_consumption,1704485335314000000,0.011891282156527225,paolo-laptop,hwpc-sensor-container
power_consumption,1704485336316000000,0.009544415240047583,paolo-laptop,hwpc-sensor-container
power_consumption,1704485337318000000,0.011785704396232943,paolo-laptop,hwpc-sensor-container
power_consumption,1704485338324000000,0.01058553107210508,paolo-laptop,hwpc-sensor-container
power_consumption,1704485339328000000,0.010879692779801031,paolo-laptop,hwpc-sensor-container
power_consumption,1704485340333000000,0.012932783209578112,paolo-laptop,hwpc-sensor-container
power_consumption,1704485342338000000,0.013040538520804914,paolo-laptop,hwpc-sensor-container
power_consumption,1704485343340000000,0.013961084862207585,paolo-laptop,hwpc-sensor-container
power_consumption,1704485344342000000,0.010575464524882427,paolo-laptop,hwpc-sensor-container
power_consumption,1704485345347000000,0.011610377204969706,paolo-laptop,hwpc-sensor-container
power_consumption,1704485346350000000,0.012101308657314671,paolo-laptop,hwpc-sensor-container
power_consumption,1704485347352000000,0.01163269781745022,paolo-laptop,hwpc-sensor-container
power_consumption,1704485348355000000,0.009981212847293048,paolo-laptop,hwpc-sensor-container
power_consumption,1704485349359000000,0.012579823243737515,paolo-laptop,hwpc-sensor-container
power_consumption,1704485351365000000,0.012847318616219983,paolo-laptop,hwpc-sensor-container
power_consumption,1704485352367000000,0.010898732041932379,paolo-laptop,hwpc-sensor-container
power_consumption,1704485353368000000,0.011582737174216075,paolo-laptop,hwpc-sensor-container
power_consumption,1704485354370000000,0.01241296566663604,paolo-laptop,hwpc-sensor-container
power_consumption,1704485355372000000,0.011404850503611197,paolo-laptop,hwpc-sensor-container
power_consumption,1704485356374000000,0.011500116128319915,paolo-laptop,hwpc-sensor-container
power_consumption,1704485357378000000,0.011898199035949597,paolo-laptop,hwpc-sensor-container
power_consumption,1704485358380000000,0.010558966558373982,paolo-laptop,hwpc-sensor-container
power_consumption,1704485359382000000,0.011423438109007806,paolo-laptop,hwpc-sensor-container
power_consumption,1704485361390000000,0.011799981390455332,paolo-laptop,hwpc-sensor-container
power_consumption,1704485362392000000,0.01126202521754791,paolo-laptop,hwpc-sensor-container
power_consumption,1704485365404000000,0.012023808202944518,paolo-laptop,hwpc-sensor-container
power_consumption,1704485366409000000,0.01244905736560104,paolo-laptop,hwpc-sensor-container
power_consumption,1704485367412000000,0.009406086484295462,paolo-laptop,hwpc-sensor-container
power_consumption,1704485368414000000,0.009588756394009081,paolo-laptop,hwpc-sensor-container
power_consumption,1704485369416000000,0.012287521229771229,paolo-laptop,hwpc-sensor-container
power_consumption,1704485370418000000,0.01316453906222646,paolo-laptop,hwpc-sensor-container
power_consumption,1704485371420000000,0.012615006007557526,paolo-laptop,hwpc-sensor-container
power_consumption,1704485372424000000,0.011623219472114673,paolo-laptop,hwpc-sensor-container
power_consumption,1704485373426000000,0.012241806654650671,paolo-laptop,hwpc-sensor-container
power_consumption,1704485374429000000,0.01194861863535804,paolo-laptop,hwpc-sensor-container
power_consumption,1704485375435000000,0.009828884193022032,paolo-laptop,hwpc-sensor-container
power_consumption,1704485376439000000,0.013788487735967778,paolo-laptop,hwpc-sensor-container
power_consumption,1704485377441000000,0.013024845694214896,paolo-laptop,hwpc-sensor-container
power_consumption,1704485378443000000,0.01103800792269798,paolo-laptop,hwpc-sensor-container
power_consumption,1704485379445000000,0.012298768987557784,paolo-laptop,hwpc-sensor-container
power_consumption,1704485380449000000,0.014690984766824835,paolo-laptop,hwpc-sensor-container
power_consumption,1704485381451000000,0.009304287337297249,paolo-laptop,hwpc-sensor-container
power_consumption,1704485382454000000,0.012525154345875455,paolo-laptop,hwpc-sensor-container
power_consumption,1704485383456000000,0.008625565458674272,paolo-laptop,hwpc-sensor-container
power_consumption,1704485384458000000,0.011879888952042656,paolo-laptop,hwpc-sensor-container
power_consumption,1704485385460000000,0.011746307400495095,paolo-laptop,hwpc-sensor-container
power_consumption,1704485386462000000,0.012580402621568712,paolo-laptop,hwpc-sensor-container
power_consumption,1704485387464000000,0.01178958200517268,paolo-laptop,hwpc-sensor-container
power_consumption,1704485388469000000,0.011231836634016718,paolo-laptop,hwpc-sensor-container
power_consumption,1704485389471000000,0.011311445216650928,paolo-laptop,hwpc-sensor-container
power_consumption,1704485390473000000,0.012430942415882704,paolo-laptop,hwpc-sensor-container
power_consumption,1704485391475000000,0.011585417533867142,paolo-laptop,hwpc-sensor-container
power_consumption,1704485392479000000,0.011572920976498308,paolo-laptop,hwpc-sensor-container
power_consumption,1704485393481000000,0.011820520662654224,paolo-laptop,hwpc-sensor-container
power_consumption,1704485394483000000,0.012105641595504212,paolo-laptop,hwpc-sensor-container
power_consumption,1704485395485000000,0.012684765318393814,paolo-laptop,hwpc-sensor-container
power_consumption,1704485396487000000,0.011924876046418792,paolo-laptop,hwpc-sensor-container
power_consumption,1704485397490000000,0.012346612833485537,paolo-laptop,hwpc-sensor-container
power_consumption,1704485398492000000,0.012833116251438816,paolo-laptop,hwpc-sensor-container
power_consumption,1704485399495000000,0.013210217239223042,paolo-laptop,hwpc-sensor-container
power_consumption,1704485400497000000,0.00993692510201802,paolo-laptop,hwpc-sensor-container
power_consumption,1704485401499000000,0.012424877798221323,paolo-laptop,hwpc-sensor-container
power_consumption,1704485402501000000,0.012762528688569044,paolo-laptop,hwpc-sensor-container
power_consumption,1704485403503000000,0.01382791336708955,paolo-laptop,hwpc-sensor-container
power_consumption,1704485404505000000,0.012058124923758028,paolo-laptop,hwpc-sensor-container
power_consumption,1704485405507000000,0.011914048744003102,paolo-laptop,hwpc-sensor-container
power_consumption,1704485406510000000,0.010478113229082705,paolo-laptop,hwpc-sensor-container
power_consumption,1704485407514000000,0.013216448037659673,paolo-laptop,hwpc-sensor-container
power_consumption,1704485408518000000,0.012391232970665916,paolo-laptop,hwpc-sensor-container
power_consumption,1704485410523000000,0.012478626418145927,paolo-laptop,hwpc-sensor-container
power_consumption,1704485411525000000,0.011782505292058437,paolo-laptop,hwpc-sensor-container
power_consumption,1704485412526000000,0.013361249275060189,paolo-laptop,hwpc-sensor-container
power_consumption,1704485413528000000,0.013872812335996016,paolo-laptop,hwpc-sensor-container
power_consumption,1704485415535000000,0.011412296948630756,paolo-laptop,hwpc-sensor-container
power_consumption,1704485416539000000,0.014539829895037186,paolo-laptop,hwpc-sensor-container
power_consumption,1704485419548000000,0.012318549406439897,paolo-laptop,hwpc-sensor-container
power_consumption,1704485420553000000,0.013306500387637941,paolo-laptop,hwpc-sensor-container
power_consumption,1704485421555000000,0.010846867223091982,paolo-laptop,hwpc-sensor-container
power_consumption,1704485422558000000,0.011663747238462183,paolo-laptop,hwpc-sensor-container
power_consumption,1704485423561000000,0.008806195546841766,paolo-laptop,hwpc-sensor-container
power_consumption,1704485424564000000,0.011408845751762375,paolo-laptop,hwpc-sensor-container
power_consumption,1704485425568000000,0.010359112544155315,paolo-laptop,hwpc-sensor-container
power_consumption,1704485426570000000,0.014015860137383342,paolo-laptop,hwpc-sensor-container
power_consumption,1704485427572000000,0.011007170814064025,paolo-laptop,hwpc-sensor-container
power_consumption,1704485428574000000,0.009375862337001674,paolo-laptop,hwpc-sensor-container
power_consumption,1704485430579000000,0.010477704735896263,paolo-laptop,hwpc-sensor-container
power_consumption,1704485431580000000,0.009314997812113543,paolo-laptop,hwpc-sensor-container
power_consumption,1704485432582000000,0.012953528931680931,paolo-laptop,hwpc-sensor-container
power_consumption,1704485433586000000,0.010204131969142344,paolo-laptop,hwpc-sensor-container
power_consumption,1704485434588000000,0.0123168235356383,paolo-laptop,hwpc-sensor-container
power_consumption,1704485435594000000,0.012265445595480822,paolo-laptop,hwpc-sensor-container
power_consumption,1704485436596000000,0.010729929365120086,paolo-laptop,hwpc-sensor-container
power_consumption,1704485437598000000,0.013199452975446418,paolo-laptop,hwpc-sensor-container
power_consumption,1704485438601000000,0.009372880217113652,paolo-laptop,hwpc-sensor-container
power_consumption,1704485440607000000,0.012326989612133386,paolo-laptop,hwpc-sensor-container
power_consumption,1704485441609000000,0.009553879271274995,paolo-laptop,hwpc-sensor-container
power_consumption,1704485442611000000,0.010955002225847964,paolo-laptop,hwpc-sensor-container
power_consumption,1704485443614000000,0.011022205210599087,paolo-laptop,hwpc-sensor-container
power_consumption,1704485445627000000,0.014467111235318724,paolo-laptop,hwpc-sensor-container
power_consumption,1704485446629000000,0.010957421754193689,paolo-laptop,hwpc-sensor-container
power_consumption,1704485447632000000,0.011489357053096172,paolo-laptop,hwpc-sensor-container
power_consumption,1704485448637000000,0.012659026305326612,paolo-laptop,hwpc-sensor-container
power_consumption,1704485449642000000,0.0117627911718582,paolo-laptop,hwpc-sensor-container
power_consumption,1704485450644000000,0.012919714751908963,paolo-laptop,hwpc-sensor-container
power_consumption,1704485451648000000,0.011820377275590674,paolo-laptop,hwpc-sensor-container
power_consumption,1704485452650000000,0.010959390482644507,paolo-laptop,hwpc-sensor-container
power_consumption,1704485453654000000,0.010226621795580064,paolo-laptop,hwpc-sensor-container
power_consumption,1704485455658000000,0.011924799690143014,paolo-laptop,hwpc-sensor-container
power_consumption,1704485456660000000,0.012015817724095922,paolo-laptop,hwpc-sensor-container
power_consumption,1704485457661000000,0.009828875548189214,paolo-laptop,hwpc-sensor-container
power_consumption,1704485458663000000,0.011021219039781231,paolo-laptop,hwpc-sensor-container
power_consumption,1704485459666000000,0.010420218754673789,paolo-laptop,hwpc-sensor-container
power_consumption,1704485460667000000,0.009640327677773598,paolo-laptop,hwpc-sensor-container
power_consumption,1704485461669000000,0.013112263261591074,paolo-laptop,hwpc-sensor-container
power_consumption,1704485463672000000,0.009536702936910547,paolo-laptop,hwpc-sensor-container
power_consumption,1704485464674000000,0.009740633377555489,paolo-laptop,hwpc-sensor-container
power_consumption,1704485465676000000,0.00913148795236314,paolo-laptop,hwpc-sensor-container
power_consumption,1704485466677000000,0.010042116775691999,paolo-laptop,hwpc-sensor-container
power_consumption,1704485467679000000,0.012255286428346057,paolo-laptop,hwpc-sensor-container
power_consumption,1704485468682000000,0.010164971153302563,paolo-laptop,hwpc-sensor-container
power_consumption,1704485469686000000,0.01446186892034345,paolo-laptop,hwpc-sensor-container
power_consumption,1704485470689000000,0.014156785811505281,paolo-laptop,hwpc-sensor-container
power_consumption,1704485471690000000,0.01080781893529276,paolo-laptop,hwpc-sensor-container
power_consumption,1704485472692000000,0.010156255641548324,paolo-laptop,hwpc-sensor-container
power_consumption,1704485474696000000,0.012801369444177525,paolo-laptop,hwpc-sensor-container
power_consumption,1704485475697000000,0.012731881104607967,paolo-laptop,hwpc-sensor-container
power_consumption,1704485476701000000,0.014055363392120237,paolo-laptop,hwpc-sensor-container
power_consumption,1704485477704000000,0.014397630142722426,paolo-laptop,hwpc-sensor-container
power_consumption,1704485478706000000,0.011928310147775002,paolo-laptop,hwpc-sensor-container
power_consumption,1704485479709000000,0.012252413104307563,paolo-laptop,hwpc-sensor-container
power_consumption,1704485481715000000,0.013040388106317139,paolo-laptop,hwpc-sensor-container
power_consumption,1704485482717000000,0.010338029919221092,paolo-laptop,hwpc-sensor-container
power_consumption,1704485483719000000,0.011777931768181905,paolo-laptop,hwpc-sensor-container
power_consumption,1704485484721000000,0.01106179550753292,paolo-laptop,hwpc-sensor-container
power_consumption,1704485485723000000,0.012249864492546999,paolo-laptop,hwpc-sensor-container
power_consumption,1704485486724000000,0.011740370742041296,paolo-laptop,hwpc-sensor-container
power_consumption,1704485487726000000,0.01117197061873142,paolo-laptop,hwpc-sensor-container
power_consumption,1704485488728000000,0.01139445350969825,paolo-laptop,hwpc-sensor-container
power_consumption,1704485489730000000,0.01289115905442355,paolo-laptop,hwpc-sensor-container
power_consumption,1704485490732000000,0.01055151159255941,paolo-laptop,hwpc-sensor-container
power_consumption,1704485491734000000,0.010706986857407034,paolo-laptop,hwpc-sensor-container
power_consumption,1704485492735000000,0.011141168340795617,paolo-laptop,hwpc-sensor-container
power_consumption,1704485493739000000,0.01195496634357331,paolo-laptop,hwpc-sensor-container
power_consumption,1704485494741000000,0.011322310547945297,paolo-laptop,hwpc-sensor-container
power_consumption,1704485495744000000,0.012257775405970183,paolo-laptop,hwpc-sensor-container
power_consumption,1704485496747000000,0.011702817297592932,paolo-laptop,hwpc-sensor-container
power_consumption,1704485497750000000,0.0120839600693655,paolo-laptop,hwpc-sensor-container
power_consumption,1704485499754000000,0.012714503603225052,paolo-laptop,hwpc-sensor-container
power_consumption,1704485500759000000,0.011972303694110703,paolo-laptop,hwpc-sensor-container
power_consumption,1704485502768000000,0.011518069280351555,paolo-laptop,hwpc-sensor-container
power_consumption,1704485503771000000,0.011962111515192147,paolo-laptop,hwpc-sensor-container
power_consumption,1704485504773000000,0.011630382457212828,paolo-laptop,hwpc-sensor-container
power_consumption,1704485505775000000,0.011496008042544123,paolo-laptop,hwpc-sensor-container
power_consumption,1704485506777000000,0.011965018556457058,paolo-laptop,hwpc-sensor-container
power_consumption,1704485507779000000,0.011161737026483149,paolo-laptop,hwpc-sensor-container
power_consumption,1704485508782000000,0.011009062412880053,paolo-laptop,hwpc-sensor-container
power_consumption,1704485509785000000,0.011578674616919634,paolo-laptop,hwpc-sensor-container
power_consumption,1704485510786000000,0.011616628040081317,paolo-laptop,hwpc-sensor-container
power_consumption,1704485512792000000,0.013226271085855541,paolo-laptop,hwpc-sensor-container
power_consumption,1704485513794000000,0.013321244480641753,paolo-laptop,hwpc-sensor-container
power_consumption,1704485514796000000,0.010749241143551816,paolo-laptop,hwpc-sensor-container
power_consumption,1704485515798000000,0.013856476132306058,paolo-laptop,hwpc-sensor-container
power_consumption,1704485516799000000,0.012049650426662308,paolo-laptop,hwpc-sensor-container
power_consumption,1704485517803000000,0.012696948997197626,paolo-laptop,hwpc-sensor-container
power_consumption,1704485518805000000,0.009639156755657241,paolo-laptop,hwpc-sensor-container
power_consumption,1704485519807000000,0.01627757687405662,paolo-laptop,hwpc-sensor-container
power_consumption,1704485520808000000,0.01542031694166454,paolo-laptop,hwpc-sensor-container
power_consumption,1704485521810000000,0.014473883808924698,paolo-laptop,hwpc-sensor-container
power_consumption,1704485522813000000,0.011063482583644188,paolo-laptop,hwpc-sensor-container
power_consumption,1704485523815000000,0.013673162654594506,paolo-laptop,hwpc-sensor-container
power_consumption,1704485524818000000,0.010012355497269318,paolo-laptop,hwpc-sensor-container
power_consumption,1704485525822000000,0.010950345823933163,paolo-laptop,hwpc-sensor-container
power_consumption,1704485526823000000,0.011324346839627323,paolo-laptop,hwpc-sensor-container
power_consumption,1704485527825000000,0.0165412093776392,paolo-laptop,hwpc-sensor-container
power_consumption,1704485528827000000,0.012618909983718816,paolo-laptop,hwpc-sensor-container
power_consumption,1704485529829000000,0.014849642037130996,paolo-laptop,hwpc-sensor-container
power_consumption,1704485530831000000,0.011659472075974474,paolo-laptop,hwpc-sensor-container
power_consumption,1704485531832000000,0.01230200500736183,paolo-laptop,hwpc-sensor-container
power_consumption,1704485532834000000,0.013217982834231184,paolo-laptop,hwpc-sensor-container
power_consumption,1704485534837000000,0.012624574456599083,paolo-laptop,hwpc-sensor-container
power_consumption,1704485535839000000,0.011890754274134106,paolo-laptop,hwpc-sensor-container
power_consumption,1704485540849000000,0.012737870716208813,paolo-laptop,hwpc-sensor-container
power_consumption,1704485541851000000,0.013397341040846472,paolo-laptop,hwpc-sensor-container
power_consumption,1704485542853000000,0.011382749109832885,paolo-laptop,hwpc-sensor-container
power_consumption,1704485543857000000,0.013774244425270405,paolo-laptop,hwpc-sensor-container
power_consumption,1704485545866000000,0.010467580474579697,paolo-laptop,hwpc-sensor-container
power_consumption,1704485548885000000,0.013991284290203326,paolo-laptop,hwpc-sensor-container
power_consumption,1704485550888000000,0.011595136513048727,paolo-laptop,hwpc-sensor-container
power_consumption,1704485551890000000,0.014085960537120624,paolo-laptop,hwpc-sensor-container
power_consumption,1704485552892000000,0.013000068187445129,paolo-laptop,hwpc-sensor-container
power_consumption,1704485553896000000,0.012809975209314647,paolo-laptop,hwpc-sensor-container
power_consumption,1704485555900000000,0.013021469747481277,paolo-laptop,hwpc-sensor-container
power_consumption,1704485556904000000,0.011019628980017425,paolo-laptop,hwpc-sensor-container
power_consumption,1704485559914000000,0.01261119132000565,paolo-laptop,hwpc-sensor-container
power_consumption,1704485561920000000,0.011458688641218868,paolo-laptop,hwpc-sensor-container
power_consumption,1704485562922000000,0.011479344440827126,paolo-laptop,hwpc-sensor-container
power_consumption,1704485563925000000,0.011983256529857215,paolo-laptop,hwpc-sensor-container
power_consumption,1704485566935000000,0.010730807266526742,paolo-laptop,hwpc-sensor-container
power_consumption,1704485567936000000,0.010321651001056644,paolo-laptop,hwpc-sensor-container
power_consumption,1704485569941000000,0.013066481732443447,paolo-laptop,hwpc-sensor-container
power_consumption,1704485570944000000,0.01229569030211995,paolo-laptop,hwpc-sensor-container
power_consumption,1704485571948000000,0.012321339749965122,paolo-laptop,hwpc-sensor-container
power_consumption,1704485573953000000,0.01173583932394701,paolo-laptop,hwpc-sensor-container
power_consumption,1704485574957000000,0.01109405585146311,paolo-laptop,hwpc-sensor-container
power_consumption,1704485575961000000,0.010794139436094106,paolo-laptop,hwpc-sensor-container
power_consumption,1704485576965000000,0.012682909327208175,paolo-laptop,hwpc-sensor-container
power_consumption,1704485577971000000,0.010874509905647792,paolo-laptop,hwpc-sensor-container
power_consumption,1704485578975000000,0.014323157220166954,paolo-laptop,hwpc-sensor-container
power_consumption,1704485579976000000,0.01113574411415014,paolo-laptop,hwpc-sensor-container
power_consumption,1704485580978000000,0.011361579817729024,paolo-laptop,hwpc-sensor-container
power_consumption,1704485581982000000,0.010921243514568626,paolo-laptop,hwpc-sensor-container
power_consumption,1704485582983000000,0.010300235194282279,paolo-laptop,hwpc-sensor-container
power_consumption,1704485583985000000,0.014394530758870247,paolo-laptop,hwpc-sensor-container
power_consumption,1704485584987000000,0.010250999652213471,paolo-laptop,hwpc-sensor-container
power_consumption,1704485585991000000,0.012131342146923466,paolo-laptop,hwpc-sensor-container
power_consumption,1704485586993000000,0.010880290317842118,paolo-laptop,hwpc-sensor-container
power_consumption,1704485587995000000,0.012504745629885319,paolo-laptop,hwpc-sensor-container
power_consumption,1704485588997000000,0.011896001488362817,paolo-laptop,hwpc-sensor-container
power_consumption,1704485590000000000,0.012175561946208713,paolo-laptop,hwpc-sensor-container
power_consumption,1704485591002000000,0.01163863691186666,paolo-laptop,hwpc-sensor-container
power_consumption,1704485592004000000,0.01184451759595008,paolo-laptop,hwpc-sensor-container
power_consumption,1704485593006000000,0.014140874972217972,paolo-laptop,hwpc-sensor-container
power_consumption,1704485594008000000,0.009497888645214397,paolo-laptop,hwpc-sensor-container
power_consumption,1704485595010000000,0.01267137011782337,paolo-laptop,hwpc-sensor-container
power_consumption,1704485596011000000,0.009858256188223273,paolo-laptop,hwpc-sensor-container
power_consumption,1704485597013000000,0.01229670939610982,paolo-laptop,hwpc-sensor-container
power_consumption,1704485598015000000,0.011671276588354467,paolo-laptop,hwpc-sensor-container
power_consumption,1704485599017000000,0.011762166784971441,paolo-laptop,hwpc-sensor-container
power_consumption,1704485600019000000,0.013839297880718214,paolo-laptop,hwpc-sensor-container
power_consumption,1704485601026000000,0.011001678798127652,paolo-laptop,hwpc-sensor-container
power_consumption,1704485602028000000,0.012755082067295701,paolo-laptop,hwpc-sensor-container
power_consumption,1704485603034000000,0.011953052373231656,paolo-laptop,hwpc-sensor-container
power_consumption,1704485604045000000,0.009688855677903238,paolo-laptop,hwpc-sensor-container
power_consumption,1704485605047000000,0.012904159720662538,paolo-laptop,hwpc-sensor-container
power_consumption,1704485606049000000,0.011991992523262822,paolo-laptop,hwpc-sensor-container
power_consumption,1704485607051000000,0.01167382795701576,paolo-laptop,hwpc-sensor-container
power_consumption,1704485608053000000,0.01151670886344081,paolo-laptop,hwpc-sensor-container
power_consumption,1704485609055000000,0.012639642904835557,paolo-laptop,hwpc-sensor-container
power_consumption,1704485610057000000,0.010776846625384874,paolo-laptop,hwpc-sensor-container
power_consumption,1704485611060000000,0.011584767973521416,paolo-laptop,hwpc-sensor-container
power_consumption,1704485612063000000,0.010560459679198608,paolo-laptop,hwpc-sensor-container
power_consumption,1704485613064000000,0.011962566264526353,paolo-laptop,hwpc-sensor-container
power_consumption,1704485614065000000,0.015707345308169134,paolo-laptop,hwpc-sensor-container
power_consumption,1704485615069000000,0.013159068301502798,paolo-laptop,hwpc-sensor-container
power_consumption,1704485616070000000,0.012575683940713681,paolo-laptop,hwpc-sensor-container
power_consumption,1704485617073000000,0.012342468561590896,paolo-laptop,hwpc-sensor-container
power_consumption,1704485618078000000,0.01401431755504512,paolo-laptop,hwpc-sensor-container
power_consumption,1704485619081000000,0.013076077143190553,paolo-laptop,hwpc-sensor-container
power_consumption,1704485620085000000,0.01355479148644826,paolo-laptop,hwpc-sensor-container
power_consumption,1704485621087000000,0.012729965822357544,paolo-laptop,hwpc-sensor-container
power_consumption,1704485622092000000,0.012007344536260478,paolo-laptop,hwpc-sensor-container
power_consumption,1704485623097000000,0.01263673290673133,paolo-laptop,hwpc-sensor-container
power_consumption,1704485625103000000,0.01099612245320514,paolo-laptop,hwpc-sensor-container
power_consumption,1704485626107000000,0.012572567252218333,paolo-laptop,hwpc-sensor-container
power_consumption,1704485627111000000,0.012587412663265072,paolo-laptop,hwpc-sensor-container
power_consumption,1704485628113000000,0.01305515736287708,paolo-laptop,hwpc-sensor-container
power_consumption,1704485629116000000,0.01159248884944572,paolo-laptop,hwpc-sensor-container
power_consumption,1704485630118000000,0.010972394042416915,paolo-laptop,hwpc-sensor-container
power_consumption,1704485631122000000,0.012776590217264225,paolo-laptop,hwpc-sensor-container
power_consumption,1704485633128000000,0.01056297917506428,paolo-laptop,hwpc-sensor-container
power_consumption,1704485634132000000,0.011791717675365783,paolo-laptop,hwpc-sensor-container
power_consumption,1704485637139000000,0.012880782773863382,paolo-laptop,hwpc-sensor-container
power_consumption,1704485638141000000,0.014021456093078555,paolo-laptop,hwpc-sensor-container
power_consumption,1704485639145000000,0.010987490402438934,paolo-laptop,hwpc-sensor-container
power_consumption,1704485641151000000,0.012034611404670941,paolo-laptop,hwpc-sensor-container
power_consumption,1704485642153000000,0.011435772286939016,paolo-laptop,hwpc-sensor-container
power_consumption,1704485643155000000,0.011790423217527081,paolo-laptop,hwpc-sensor-container
power_consumption,1704485644157000000,0.016832340023265818,paolo-laptop,hwpc-sensor-container
power_consumption,1704485645161000000,0.013039177577491881,paolo-laptop,hwpc-sensor-container
power_consumption,1704485647168000000,0.010572946846877023,paolo-laptop,hwpc-sensor-container
power_consumption,1704485648170000000,0.013580011966225719,paolo-laptop,hwpc-sensor-container
power_consumption,1704485649172000000,0.013967675887468499,paolo-laptop,hwpc-sensor-container
power_consumption,1704485650176000000,0.01094024267698707,paolo-laptop,hwpc-sensor-container
power_consumption,1704485651178000000,0.011655415068098227,paolo-laptop,hwpc-sensor-container
power_consumption,1704485652180000000,0.014340952346392329,paolo-laptop,hwpc-sensor-container
power_consumption,1704485653183000000,0.010832057628649274,paolo-laptop,hwpc-sensor-container
power_consumption,1704485655189000000,0.011421990910051198,paolo-laptop,hwpc-sensor-container
power_consumption,1704485656191000000,0.012318731862681068,paolo-laptop,hwpc-sensor-container
power_consumption,1704485657193000000,0.017417532180029713,paolo-laptop,hwpc-sensor-container
power_consumption,1704485658195000000,0.01325480311127089,paolo-laptop,hwpc-sensor-container
power_consumption,1704485659197000000,0.013582619590964469,paolo-laptop,hwpc-sensor-container
power_consumption,1704485660199000000,0.014384266131233203,paolo-laptop,hwpc-sensor-container
power_consumption,1704485661200000000,0.017323028167034578,paolo-laptop,hwpc-sensor-container
power_consumption,1704485662202000000,0.01612270970720675,paolo-laptop,hwpc-sensor-container
power_consumption,1704485663206000000,0.012711637495015634,paolo-laptop,hwpc-sensor-container
power_consumption,1704485664209000000,0.009382730662734888,paolo-laptop,hwpc-sensor-container
power_consumption,1704485665212000000,0.012109857575059297,paolo-laptop,hwpc-sensor-container
power_consumption,1704485667216000000,0.0117102993497371,paolo-laptop,hwpc-sensor-container
power_consumption,1704485668218000000,0.011714118300802712,paolo-laptop,hwpc-sensor-container
power_consumption,1704485669220000000,0.011419118712587426,paolo-laptop,hwpc-sensor-container
power_consumption,1704485671224000000,0.010292928018596444,paolo-laptop,hwpc-sensor-container
power_consumption,1704485672226000000,0.012970833777934749,paolo-laptop,hwpc-sensor-container
power_consumption,1704485673228000000,0.01268950183038042,paolo-laptop,hwpc-sensor-container
power_consumption,1704485674229000000,0.011780175253357002,paolo-laptop,hwpc-sensor-container
power_consumption,1704485675231000000,0.010307517611696721,paolo-laptop,hwpc-sensor-container
power_consumption,1704485676232000000,0.011024943571102255,paolo-laptop,hwpc-sensor-container
power_consumption,1704485677236000000,0.011184645764613262,paolo-laptop,hwpc-sensor-container
power_consumption,1704485678238000000,0.013109537803668428,paolo-laptop,hwpc-sensor-container
power_consumption,1704485679241000000,0.010092093155070364,paolo-laptop,hwpc-sensor-container
power_consumption,1704485680244000000,0.010187462764325512,paolo-laptop,hwpc-sensor-container
power_consumption,1704485681247000000,0.011959380429123024,paolo-laptop,hwpc-sensor-container
power_consumption,1704485682249000000,0.012827208394237113,paolo-laptop,hwpc-sensor-container
power_consumption,1704485683252000000,0.010358898440893414,paolo-laptop,hwpc-sensor-container
power_consumption,1704485684254000000,0.013126833002293767,paolo-laptop,hwpc-sensor-container
power_consumption,1704485685256000000,0.011092388484140169,paolo-laptop,hwpc-sensor-container
power_consumption,1704485686260000000,0.014127505544964492,paolo-laptop,hwpc-sensor-container
power_consumption,1704485687264000000,0.01244525568241988,paolo-laptop,hwpc-sensor-container
power_consumption,1704485688267000000,0.01277315110305109,paolo-laptop,hwpc-sensor-container
power_consumption,1704485689269000000,0.010401798049408538,paolo-laptop,hwpc-sensor-container
power_consumption,1704485690273000000,0.013893291251716795,paolo-laptop,hwpc-sensor-container
power_consumption,1704485691277000000,0.012704901380843896,paolo-laptop,hwpc-sensor-container
power_consumption,1704485692281000000,0.010569409405215398,paolo-laptop,hwpc-sensor-container
power_consumption,1704485693284000000,0.011508927157180484,paolo-laptop,hwpc-sensor-container
power_consumption,1704485694288000000,0.013317037369667417,paolo-laptop,hwpc-sensor-container
power_consumption,1704485695290000000,0.010082115465285112,paolo-laptop,hwpc-sensor-container
power_consumption,1704485696295000000,0.012822357871115828,paolo-laptop,hwpc-sensor-container
power_consumption,1704485697299000000,0.01055335427831795,paolo-laptop,hwpc-sensor-container
power_consumption,1704485698301000000,0.012008638118178403,paolo-laptop,hwpc-sensor-container
power_consumption,1704485699305000000,0.013592555530292042,paolo-laptop,hwpc-sensor-container
power_consumption,1704485700307000000,0.010368456662021137,paolo-laptop,hwpc-sensor-container
power_consumption,1704485701313000000,0.013598198730785835,paolo-laptop,hwpc-sensor-container
power_consumption,1704485702316000000,0.011907391518848561,paolo-laptop,hwpc-sensor-container
power_consumption,1704485703318000000,0.012105043947555174,paolo-laptop,hwpc-sensor-container
power_consumption,1704485704321000000,0.012172349033849991,paolo-laptop,hwpc-sensor-container
power_consumption,1704485706326000000,0.014410447694997228,paolo-laptop,hwpc-sensor-container
power_consumption,1704485707330000000,0.012171987864323462,paolo-laptop,hwpc-sensor-container
power_consumption,1704485709336000000,0.013341290428990842,paolo-laptop,hwpc-sensor-container
power_consumption,1704485710340000000,0.011360664764535063,paolo-laptop,hwpc-sensor-container
power_consumption,1704485712346000000,0.013918214801920892,paolo-laptop,hwpc-sensor-container
power_consumption,1704485713348000000,0.010313548760040637,paolo-laptop,hwpc-sensor-container
power_consumption,1704485714352000000,0.011059540757514256,paolo-laptop,hwpc-sensor-container
power_consumption,1704485715354000000,0.01085907132013967,paolo-laptop,hwpc-sensor-container
power_consumption,1704485716356000000,0.011432052319071346,paolo-laptop,hwpc-sensor-container
power_consumption,1704485717361000000,0.012627055399509984,paolo-laptop,hwpc-sensor-container
power_consumption,1704485721376000000,0.011908754554735626,paolo-laptop,hwpc-sensor-container
power_consumption,1704485722380000000,0.011145919142626023,paolo-laptop,hwpc-sensor-container
power_consumption,1704485723385000000,0.012818872680754908,paolo-laptop,hwpc-sensor-container
power_consumption,1704485724387000000,0.010162189871182633,paolo-laptop,hwpc-sensor-container
power_consumption,1704485725388000000,0.01496838902606823,paolo-laptop,hwpc-sensor-container
power_consumption,1704485726390000000,0.011934538786854739,paolo-laptop,hwpc-sensor-container
power_consumption,1704485727392000000,0.012940863889162388,paolo-laptop,hwpc-sensor-container
power_consumption,1704485728393000000,0.01107675706164512,paolo-laptop,hwpc-sensor-container
power_consumption,1704485729395000000,0.012330070912462594,paolo-laptop,hwpc-sensor-container
power_consumption,1704485732398000000,0.008701080585346863,paolo-laptop,hwpc-sensor-container
power_consumption,1704485733400000000,0.013153199927747461,paolo-laptop,hwpc-sensor-container
power_consumption,1704485734402000000,0.011413843430229725,paolo-laptop,hwpc-sensor-container
power_consumption,1704485735406000000,0.009657239955630089,paolo-laptop,hwpc-sensor-container
power_consumption,1704485736407000000,0.010680565152864967,paolo-laptop,hwpc-sensor-container
power_consumption,1704485737411000000,0.011145614129574799,paolo-laptop,hwpc-sensor-container
power_consumption,1704485738412000000,0.013106192764024053,paolo-laptop,hwpc-sensor-container
power_consumption,1704485739416000000,0.016039498192679212,paolo-laptop,hwpc-sensor-container
power_consumption,1704485740419000000,0.013758615884188446,paolo-laptop,hwpc-sensor-container
power_consumption,1704485741422000000,0.012192750564479025,paolo-laptop,hwpc-sensor-container
power_consumption,1704485742424000000,0.011822971422339526,paolo-laptop,hwpc-sensor-container
power_consumption,1704485743426000000,0.011094212542346547,paolo-laptop,hwpc-sensor-container
power_consumption,1704485744428000000,0.010891439701520981,paolo-laptop,hwpc-sensor-container
power_consumption,1704485745429000000,0.011764664264175407,paolo-laptop,hwpc-sensor-container
power_consumption,1704485746431000000,0.012986907170249539,paolo-laptop,hwpc-sensor-container
power_consumption,1704485747436000000,0.012859975655187102,paolo-laptop,hwpc-sensor-container
power_consumption,1704485748438000000,0.011276024722947618,paolo-laptop,hwpc-sensor-container
power_consumption,1704485749439000000,0.010539721710542169,paolo-laptop,hwpc-sensor-container
power_consumption,1704485750441000000,0.012463777968145814,paolo-laptop,hwpc-sensor-container
power_consumption,1704485751442000000,0.010998265832648598,paolo-laptop,hwpc-sensor-container
power_consumption,1704485752444000000,0.012812536867410634,paolo-laptop,hwpc-sensor-container
power_consumption,1704485753447000000,0.012845561029049164,paolo-laptop,hwpc-sensor-container
power_consumption,1704485754449000000,0.010309504671424722,paolo-laptop,hwpc-sensor-container
power_consumption,1704485755451000000,0.012824146264944759,paolo-laptop,hwpc-sensor-container
power_consumption,1704485756453000000,0.01460584074895997,paolo-laptop,hwpc-sensor-container
power_consumption,1704485757456000000,0.01227452219419865,paolo-laptop,hwpc-sensor-container
power_consumption,1704485758458000000,0.01165026675240521,paolo-laptop,hwpc-sensor-container
power_consumption,1704485759460000000,0.013223927134219035,paolo-laptop,hwpc-sensor-container
power_consumption,1704485760462000000,0.012272018628117023,paolo-laptop,hwpc-sensor-container
power_consumption,1704485761464000000,0.010431993160111805,paolo-laptop,hwpc-sensor-container
power_consumption,1704485762466000000,0.011775441660275901,paolo-laptop,hwpc-sensor-container
power_consumption,1704485763468000000,0.01141466846058466,paolo-laptop,hwpc-sensor-container
power_consumption,1704485764470000000,0.012133162532019601,paolo-laptop,hwpc-sensor-container
power_consumption,1704485765472000000,0.010610204504564718,paolo-laptop,hwpc-sensor-container
power_consumption,1704485766474000000,0.012281023965606732,paolo-laptop,hwpc-sensor-container
power_consumption,1704485767476000000,0.011742723072934575,paolo-laptop,hwpc-sensor-container
power_consumption,1704485768480000000,0.013134305258039087,paolo-laptop,hwpc-sensor-container
power_consumption,1704485769482000000,0.013885112665666895,paolo-laptop,hwpc-sensor-container
power_consumption,1704485771494000000,0.011762060317114638,paolo-laptop,hwpc-sensor-container
power_consumption,1704485772496000000,0.010921817290362812,paolo-laptop,hwpc-sensor-container
power_consumption,1704485773499000000,0.0143315634669323,paolo-laptop,hwpc-sensor-container
power_consumption,1704485774503000000,0.011632037556205179,paolo-laptop,hwpc-sensor-container
power_consumption,1704485775505000000,0.010948821684261447,paolo-laptop,hwpc-sensor-container
power_consumption,1704485776507000000,0.011628322082819689,paolo-laptop,hwpc-sensor-container
power_consumption,1704485777511000000,0.010926011680118588,paolo-laptop,hwpc-sensor-container
power_consumption,1704485778513000000,0.014242363465336265,paolo-laptop,hwpc-sensor-container
power_consumption,1704485779515000000,0.011589790956344626,paolo-laptop,hwpc-sensor-container
power_consumption,1704485781524000000,0.013899301944105602,paolo-laptop,hwpc-sensor-container
power_consumption,1704485782528000000,0.013427316913704072,paolo-laptop,hwpc-sensor-container
power_consumption,1704485783532000000,0.014775267926453698,paolo-laptop,hwpc-sensor-container
power_consumption,1704485784538000000,0.013167609192503201,paolo-laptop,hwpc-sensor-container
power_consumption,1704485786546000000,0.013725131814876189,paolo-laptop,hwpc-sensor-container
power_consumption,1704485788553000000,0.01276051370131945,paolo-laptop,hwpc-sensor-container
power_consumption,1704485789557000000,0.010994049813972302,paolo-laptop,hwpc-sensor-container
power_consumption,1704485790558000000,0.011931625811742074,paolo-laptop,hwpc-sensor-container
power_consumption,1704485791560000000,0.01042180215799354,paolo-laptop,hwpc-sensor-container
power_consumption,1704485792561000000,0.011922310857934527,paolo-laptop,hwpc-sensor-container
power_consumption,1704485793563000000,0.011549926529763544,paolo-laptop,hwpc-sensor-container
power_consumption,1704485794564000000,0.011313931591543772,paolo-laptop,hwpc-sensor-container
power_consumption,1704485795567000000,0.014670066653020309,paolo-laptop,hwpc-sensor-container
power_consumption,1704485796568000000,0.014283808059355082,paolo-laptop,hwpc-sensor-container
power_consumption,1704485798571000000,0.01016909003318144,paolo-laptop,hwpc-sensor-container
power_consumption,1704485800575000000,0.012821113068496592,paolo-laptop,hwpc-sensor-container
power_consumption,1704485802582000000,0.011273839755494062,paolo-laptop,hwpc-sensor-container
power_consumption,1704485804589000000,0.011451024127064903,paolo-laptop,hwpc-sensor-container
power_consumption,1704485805594000000,0.010636146810868174,paolo-laptop,hwpc-sensor-container
power_consumption,1704485806596000000,0.014277117732020261,paolo-laptop,hwpc-sensor-container
power_consumption,1704485807600000000,0.011799300942247262,paolo-laptop,hwpc-sensor-container
power_consumption,1704485808605000000,0.01489046757894048,paolo-laptop,hwpc-sensor-container
power_consumption,1704485809610000000,0.013386886695636287,paolo-laptop,hwpc-sensor-container
power_consumption,1704485810612000000,0.01420112291354237,paolo-laptop,hwpc-sensor-container
power_consumption,1704485811616000000,0.013850293799855345,paolo-laptop,hwpc-sensor-container
power_consumption,1704485812618000000,0.012314020730218759,paolo-laptop,hwpc-sensor-container
power_consumption,1704485813622000000,0.01305828899658846,paolo-laptop,hwpc-sensor-container
power_consumption,1704485814625000000,0.014349182384004948,paolo-laptop,hwpc-sensor-container
power_consumption,1704485815629000000,0.011619806746947932,paolo-laptop,hwpc-sensor-container
power_consumption,1704485816634000000,0.01345094624848529,paolo-laptop,hwpc-sensor-container
power_consumption,1704485817638000000,0.012736209432993854,paolo-laptop,hwpc-sensor-container
power_consumption,1704485818642000000,0.013993451744494416,paolo-laptop,hwpc-sensor-container
power_consumption,1704485819644000000,0.012192046469607335,paolo-laptop,hwpc-sensor-container
power_consumption,1704485820650000000,0.014311744820294143,paolo-laptop,hwpc-sensor-container
power_consumption,1704485821655000000,0.010457023977738731,paolo-laptop,hwpc-sensor-container
power_consumption,1704485822659000000,0.013241356681760087,paolo-laptop,hwpc-sensor-container
power_consumption,1704485823661000000,0.012670666198803119,paolo-laptop,hwpc-sensor-container
power_consumption,1704485824664000000,0.015308694571830869,paolo-laptop,hwpc-sensor-container
power_consumption,1704485825668000000,0.013187203232200757,paolo-laptop,hwpc-sensor-container
power_consumption,1704485826672000000,0.015335677750001343,paolo-laptop,hwpc-sensor-container
power_consumption,1704485827674000000,0.013212926177752035,paolo-laptop,hwpc-sensor-container
power_consumption,1704485828678000000,0.011861257651586072,paolo-laptop,hwpc-sensor-container
power_consumption,1704485829682000000,0.009768298331284616,paolo-laptop,hwpc-sensor-container
power_consumption,1704485830684000000,0.012819268579760013,paolo-laptop,hwpc-sensor-container
power_consumption,1704485831686000000,0.014272350357986397,paolo-laptop,hwpc-sensor-container
power_consumption,1704485832690000000,0.014221516185099975,paolo-laptop,hwpc-sensor-container
power_consumption,1704485833691000000,0.009602802060524857,paolo-laptop,hwpc-sensor-container
power_consumption,1704485834695000000,0.01232712952630002,paolo-laptop,hwpc-sensor-container
power_consumption,1704485835697000000,0.012180232447692707,paolo-laptop,hwpc-sensor-container
power_consumption,1704485836698000000,0.01316276728211738,paolo-laptop,hwpc-sensor-container
power_consumption,1704485837700000000,0.016526649045706304,paolo-laptop,hwpc-sensor-container
power_consumption,1704485838703000000,0.010826648535390188,paolo-laptop,hwpc-sensor-container
power_consumption,1704485839708000000,0.013237660073621694,paolo-laptop,hwpc-sensor-container
power_consumption,1704485840712000000,0.013655200206211908,paolo-laptop,hwpc-sensor-container
power_consumption,1704485841716000000,0.010436119432952603,paolo-laptop,hwpc-sensor-container
power_consumption,1704485842720000000,0.013111902535164909,paolo-laptop,hwpc-sensor-container
power_consumption,1704485843724000000,0.0116617637038779,paolo-laptop,hwpc-sensor-container
power_consumption,1704485844726000000,0.00947646518392042,paolo-laptop,hwpc-sensor-container
power_consumption,1704485845730000000,0.01484177729570739,paolo-laptop,hwpc-sensor-container
power_consumption,1704485846732000000,0.01008881714854479,paolo-laptop,hwpc-sensor-container
power_consumption,1704485847733000000,0.012893683604994748,paolo-laptop,hwpc-sensor-container
power_consumption,1704485848735000000,0.012557354049992989,paolo-laptop,hwpc-sensor-container
power_consumption,1704485849737000000,0.012021822675649142,paolo-laptop,hwpc-sensor-container
power_consumption,1704485850739000000,0.011012478722156348,paolo-laptop,hwpc-sensor-container
power_consumption,1704485851740000000,0.01199837672311351,paolo-laptop,hwpc-sensor-container
power_consumption,1704485852742000000,0.015080064008338763,paolo-laptop,hwpc-sensor-container
power_consumption,1704485853744000000,0.012999715471099417,paolo-laptop,hwpc-sensor-container
power_consumption,1704485854745000000,0.01174006583214144,paolo-laptop,hwpc-sensor-container
power_consumption,1704485855747000000,0.013554864110731998,paolo-laptop,hwpc-sensor-container
power_consumption,1704485856753000000,0.010725856657181156,paolo-laptop,hwpc-sensor-container
power_consumption,1704485857756000000,0.01186078504444686,paolo-laptop,hwpc-sensor-container
power_consumption,1704485858758000000,0.009960005156469916,paolo-laptop,hwpc-sensor-container
power_consumption,1704485859762000000,0.011695887939715873,paolo-laptop,hwpc-sensor-container
power_consumption,1704485860766000000,0.009401526439829867,paolo-laptop,hwpc-sensor-container
power_consumption,1704485861768000000,0.013254320024003742,paolo-laptop,hwpc-sensor-container
power_consumption,1704485862770000000,0.014580697850960882,paolo-laptop,hwpc-sensor-container
power_consumption,1704485863775000000,0.010716038156577155,paolo-laptop,hwpc-sensor-container
power_consumption,1704485864777000000,0.01226407424988806,paolo-laptop,hwpc-sensor-container
power_consumption,1704485865779000000,0.01212442035607994,paolo-laptop,hwpc-sensor-container
power_consumption,1704485866781000000,0.02201155259550943,paolo-laptop,hwpc-sensor-container
power_consumption,1704485867783000000,0.01674502846551931,paolo-laptop,hwpc-sensor-container
power_consumption,1704485868787000000,0.01751283909568976,paolo-laptop,hwpc-sensor-container
power_consumption,1704485869788000000,0.019500744099689674,paolo-laptop,hwpc-sensor-container
power_consumption,1704485870792000000,0.010698179490797544,paolo-laptop,hwpc-sensor-container
power_consumption,1704485871795000000,0.012025559260591036,paolo-laptop,hwpc-sensor-container
power_consumption,1704485872797000000,0.011682713605604371,paolo-laptop,hwpc-sensor-container
power_consumption,1704485873802000000,0.008911798092055546,paolo-laptop,hwpc-sensor-container
power_consumption,1704485874804000000,0.01446794858530476,paolo-laptop,hwpc-sensor-container
power_consumption,1704485875808000000,0.011876817825782295,paolo-laptop,hwpc-sensor-container
power_consumption,1704485876809000000,0.010411679837616403,paolo-laptop,hwpc-sensor-container
power_consumption,1704485877813000000,0.017413018800088303,paolo-laptop,hwpc-sensor-container
power_consumption,1704485878817000000,0.01033388793104929,paolo-laptop,hwpc-sensor-container
power_consumption,1704485879819000000,0.011697887722762711,paolo-laptop,hwpc-sensor-container
power_consumption,1704485880823000000,0.011932163670711132,paolo-laptop,hwpc-sensor-container
power_consumption,1704485881825000000,0.012105277788210373,paolo-laptop,hwpc-sensor-container
power_consumption,1704485882828000000,0.01247341883914213,paolo-laptop,hwpc-sensor-container
power_consumption,1704485883832000000,0.014606716691129236,paolo-laptop,hwpc-sensor-container
power_consumption,1704485884836000000,0.015112961848739422,paolo-laptop,hwpc-sensor-container
power_consumption,1704485885840000000,0.012232618143552927,paolo-laptop,hwpc-sensor-container
power_consumption,1704485886842000000,0.012008736727262142,paolo-laptop,hwpc-sensor-container
power_consumption,1704485887846000000,0.011019460395489363,paolo-laptop,hwpc-sensor-container
power_consumption,1704485888847000000,0.013406377591239683,paolo-laptop,hwpc-sensor-container
power_consumption,1704485889851000000,0.012172817809416835,paolo-laptop,hwpc-sensor-container
power_consumption,1704485890855000000,0.02728669567885804,paolo-laptop,hwpc-sensor-container
power_consumption,1704485891860000000,0.022447650030377117,paolo-laptop,hwpc-sensor-container
power_consumption,1704485892863000000,0.017338450966968916,paolo-laptop,hwpc-sensor-container
power_consumption,1704485893867000000,0.01306388842711929,paolo-laptop,hwpc-sensor-container
power_consumption,1704485894871000000,0.013907570645817567,paolo-laptop,hwpc-sensor-container
power_consumption,1704485895874000000,0.01946690150562296,paolo-laptop,hwpc-sensor-container
power_consumption,1704485896879000000,0.012383759400555453,paolo-laptop,hwpc-sensor-container
power_consumption,1704485897884000000,0.0329215877466819,paolo-laptop,hwpc-sensor-container
power_consumption,1704485898887000000,0.01045516845630293,paolo-laptop,hwpc-sensor-container
power_consumption,1704485899889000000,0.011991311091236086,paolo-laptop,hwpc-sensor-container
power_consumption,1704485900892000000,0.01088285101567605,paolo-laptop,hwpc-sensor-container
power_consumption,1704485901894000000,0.012676620094009251,paolo-laptop,hwpc-sensor-container
power_consumption,1704485902898000000,0.012396137109550133,paolo-laptop,hwpc-sensor-container
power_consumption,1704485903900000000,0.011348555944227607,paolo-laptop,hwpc-sensor-container
power_consumption,1704485904901000000,0.012946413964553856,paolo-laptop,hwpc-sensor-container
power_consumption,1704485905902000000,0.01200714111999753,paolo-laptop,hwpc-sensor-container
power_consumption,1704485906904000000,0.011465677248721443,paolo-laptop,hwpc-sensor-container
power_consumption,1704485907906000000,0.00871911846820414,paolo-laptop,hwpc-sensor-container
power_consumption,1704485908908000000,0.011673216064810733,paolo-laptop,hwpc-sensor-container
power_consumption,1704485909909000000,0.013869864215135993,paolo-laptop,hwpc-sensor-container
power_consumption,1704485910911000000,0.011738698950375675,paolo-laptop,hwpc-sensor-container
power_consumption,1704485911913000000,0.010650965315025622,paolo-laptop,hwpc-sensor-container
power_consumption,1704485912914000000,0.008557080680183727,paolo-laptop,hwpc-sensor-container
power_consumption,1704485913916000000,0.013950476060646953,paolo-laptop,hwpc-sensor-container
power_consumption,1704485914917000000,0.012364528532752064,paolo-laptop,hwpc-sensor-container
power_consumption,1704485915919000000,0.010353408326432164,paolo-laptop,hwpc-sensor-container
power_consumption,1704485916924000000,0.011688548091515554,paolo-laptop,hwpc-sensor-container
power_consumption,1704485917927000000,0.013616053662111235,paolo-laptop,hwpc-sensor-container
power_consumption,1704485918928000000,0.011092259211074436,paolo-laptop,hwpc-sensor-container
power_consumption,1704485919930000000,0.016626840868300775,paolo-laptop,hwpc-sensor-container
power_consumption,1704485920935000000,0.0119269816186962,paolo-laptop,hwpc-sensor-container
power_consumption,1704485921940000000,0.011130890718855738,paolo-laptop,hwpc-sensor-container
power_consumption,1704485922942000000,0.013059927070925851,paolo-laptop,hwpc-sensor-container
power_consumption,1704485923946000000,0.01045924196835819,paolo-laptop,hwpc-sensor-container
power_consumption,1704485924948000000,0.014712204024468878,paolo-laptop,hwpc-sensor-container
power_consumption,1704485925951000000,0.013955488424749314,paolo-laptop,hwpc-sensor-container
power_consumption,1704485926954000000,0.01336531799582793,paolo-laptop,hwpc-sensor-container
power_consumption,1704485927959000000,0.010730657716437619,paolo-laptop,hwpc-sensor-container
power_consumption,1704485928960000000,0.010224619585375235,paolo-laptop,hwpc-sensor-container
power_consumption,1704485929962000000,0.011154008673743498,paolo-laptop,hwpc-sensor-container
power_consumption,1704485930967000000,0.010633102228881433,paolo-laptop,hwpc-sensor-container
power_consumption,1704485931971000000,0.009703319925282294,paolo-laptop,hwpc-sensor-container
power_consumption,1704485932975000000,0.013125169838609625,paolo-laptop,hwpc-sensor-container
power_consumption,1704485933979000000,0.011591151224226165,paolo-laptop,hwpc-sensor-container
power_consumption,1704485934984000000,0.011172723175619721,paolo-laptop,hwpc-sensor-container
power_consumption,1704485935989000000,0.013593333719884023,paolo-laptop,hwpc-sensor-container
power_consumption,1704485936993000000,0.013794609198867372,paolo-laptop,hwpc-sensor-container
power_consumption,1704485937996000000,0.010952125235325329,paolo-laptop,hwpc-sensor-container
power_consumption,1704485938998000000,0.011939827425855651,paolo-laptop,hwpc-sensor-container
power_consumption,1704485940000000000,0.010609604471942159,paolo-laptop,hwpc-sensor-container
power_consumption,1704485941003000000,0.010563232683380983,paolo-laptop,hwpc-sensor-container
power_consumption,1704485942005000000,0.011538008994963407,paolo-laptop,hwpc-sensor-container
power_consumption,1704485943011000000,0.010858070189804007,paolo-laptop,hwpc-sensor-container
power_consumption,1704485944020000000,0.012143998521204036,paolo-laptop,hwpc-sensor-container
power_consumption,1704485945027000000,0.02377218120563828,paolo-laptop,hwpc-sensor-container
power_consumption,1704485946032000000,0.013394553016756572,paolo-laptop,hwpc-sensor-container
power_consumption,1704485947035000000,0.014414316520113008,paolo-laptop,hwpc-sensor-container
power_consumption,1704485948038000000,0.011261896559008503,paolo-laptop,hwpc-sensor-container
power_consumption,1704485949042000000,0.025218656118575287,paolo-laptop,hwpc-sensor-container
power_consumption,1704485950045000000,0.02160737512348416,paolo-laptop,hwpc-sensor-container
power_consumption,1704485951049000000,0.013582783761422036,paolo-laptop,hwpc-sensor-container
power_consumption,1704485952051000000,0.011500319695780895,paolo-laptop,hwpc-sensor-container
power_consumption,1704485953055000000,0.023702366512776914,paolo-laptop,hwpc-sensor-container
power_consumption,1704485954058000000,0.011057069967616025,paolo-laptop,hwpc-sensor-container
power_consumption,1704485955062000000,0.010598440816843253,paolo-laptop,hwpc-sensor-container
power_consumption,1704485957071000000,0.015106035219686774,paolo-laptop,hwpc-sensor-container
power_consumption,1704485958077000000,0.012856505807869416,paolo-laptop,hwpc-sensor-container
power_consumption,1704485959081000000,0.014094789905816385,paolo-laptop,hwpc-sensor-container
power_consumption,1704485960085000000,0.010574524351573423,paolo-laptop,hwpc-sensor-container
power_consumption,1704485961088000000,0.009591151578102586,paolo-laptop,hwpc-sensor-container
power_consumption,1704485963097000000,0.011709812197945639,paolo-laptop,hwpc-sensor-container
power_consumption,1704485964098000000,0.0124312770698168,paolo-laptop,hwpc-sensor-container
power_consumption,1704485965100000000,0.01351557950639735,paolo-laptop,hwpc-sensor-container
power_consumption,1704485966101000000,0.011205031814047764,paolo-laptop,hwpc-sensor-container
power_consumption,1704485967105000000,0.012488866178158572,paolo-laptop,hwpc-sensor-container
power_consumption,1704485968107000000,0.011708787289506044,paolo-laptop,hwpc-sensor-container
power_consumption,1704485969109000000,0.0103552589959368,paolo-laptop,hwpc-sensor-container
power_consumption,1704485970110000000,0.013106397043257511,paolo-laptop,hwpc-sensor-container
power_consumption,1704485971113000000,0.010568027323717557,paolo-laptop,hwpc-sensor-container
power_consumption,1704485972116000000,0.01242112881736684,paolo-laptop,hwpc-sensor-container
power_consumption,1704485973118000000,0.012991704974167777,paolo-laptop,hwpc-sensor-container
power_consumption,1704485974121000000,0.0106046059957634,paolo-laptop,hwpc-sensor-container
power_consumption,1704485975123000000,0.012194354139318655,paolo-laptop,hwpc-sensor-container
power_consumption,1704485976126000000,0.014254232369960452,paolo-laptop,hwpc-sensor-container
power_consumption,1704485977131000000,0.014093137404884859,paolo-laptop,hwpc-sensor-container
power_consumption,1704485978134000000,0.012315992561038571,paolo-laptop,hwpc-sensor-container
power_consumption,1704485979136000000,0.012087373835342651,paolo-laptop,hwpc-sensor-container
power_consumption,1704485980141000000,0.012696550532041233,paolo-laptop,hwpc-sensor-container
power_consumption,1704485981146000000,0.01273267701887973,paolo-laptop,hwpc-sensor-container
power_consumption,1704485982149000000,0.00990095600362929,paolo-laptop,hwpc-sensor-container
power_consumption,1704485983152000000,0.014613067725957508,paolo-laptop,hwpc-sensor-container
power_consumption,1704485984154000000,0.012443795167995857,paolo-laptop,hwpc-sensor-container
power_consumption,1704485985156000000,0.010967103452356061,paolo-laptop,hwpc-sensor-container
power_consumption,1704485986158000000,0.012232614645376328,paolo-laptop,hwpc-sensor-container
power_consumption,1704485987160000000,0.013162676121082179,paolo-laptop,hwpc-sensor-container
power_consumption,1704485988163000000,0.01311105641797391,paolo-laptop,hwpc-sensor-container
power_consumption,1704485989166000000,0.013395887995902725,paolo-laptop,hwpc-sensor-container
power_consumption,1704485990169000000,0.012948235231775134,paolo-laptop,hwpc-sensor-container
power_consumption,1704485991171000000,0.010620969087932674,paolo-laptop,hwpc-sensor-container
power_consumption,1704485992178000000,0.013251833756085445,paolo-laptop,hwpc-sensor-container
power_consumption,1704485993183000000,0.011765677665800275,paolo-laptop,hwpc-sensor-container
power_consumption,1704485994189000000,0.009903555582882823,paolo-laptop,hwpc-sensor-container
power_consumption,1704485995193000000,0.013143233243488246,paolo-laptop,hwpc-sensor-container
power_consumption,1704485996195000000,0.010557901586350636,paolo-laptop,hwpc-sensor-container
power_consumption,1704485997196000000,0.01107657339152773,paolo-laptop,hwpc-sensor-container
power_consumption,1704485998198000000,0.012510782729129734,paolo-laptop,hwpc-sensor-container
power_consumption,1704485999202000000,0.014605101760061608,paolo-laptop,hwpc-sensor-container
power_consumption,1704486000204000000,0.009956335326298697,paolo-laptop,hwpc-sensor-container
power_consumption,1704486001208000000,0.012273278689870786,paolo-laptop,hwpc-sensor-container
power_consumption,1704486002210000000,0.012280373039984369,paolo-laptop,hwpc-sensor-container
power_consumption,1704486003212000000,0.01213967233949844,paolo-laptop,hwpc-sensor-container
power_consumption,1704486004214000000,0.009727957703227012,paolo-laptop,hwpc-sensor-container
power_consumption,1704486005216000000,0.01686508820333199,paolo-laptop,hwpc-sensor-container
power_consumption,1704486006221000000,0.014250474209714873,paolo-laptop,hwpc-sensor-container
power_consumption,1704486007226000000,0.012023161223843117,paolo-laptop,hwpc-sensor-container
power_consumption,1704486008228000000,0.012321346481683492,paolo-laptop,hwpc-sensor-container
power_consumption,1704486009233000000,0.011982426682842152,paolo-laptop,hwpc-sensor-container
power_consumption,1704486010237000000,0.010950206201080741,paolo-laptop,hwpc-sensor-container
power_consumption,1704486011239000000,0.014268116962459394,paolo-laptop,hwpc-sensor-container
power_consumption,1704486012241000000,0.012479231648127372,paolo-laptop,hwpc-sensor-container
power_consumption,1704486013242000000,0.011124975212717124,paolo-laptop,hwpc-sensor-container
power_consumption,1704486014245000000,0.012333101293922268,paolo-laptop,hwpc-sensor-container
power_consumption,1704486015247000000,0.01124264459097164,paolo-laptop,hwpc-sensor-container
power_consumption,1704486016249000000,0.012003038344740879,paolo-laptop,hwpc-sensor-container
power_consumption,1704486017252000000,0.014480451523560825,paolo-laptop,hwpc-sensor-container
power_consumption,1704486018254000000,0.011833751782320856,paolo-laptop,hwpc-sensor-container
power_consumption,1704486019257000000,0.01348166973005944,paolo-laptop,hwpc-sensor-container
power_consumption,1704486020261000000,0.011075995277245902,paolo-laptop,hwpc-sensor-container
power_consumption,1704486021264000000,0.013052352045810952,paolo-laptop,hwpc-sensor-container
power_consumption,1704486022265000000,0.011017813299742961,paolo-laptop,hwpc-sensor-container
power_consumption,1704486023271000000,0.013071961954378675,paolo-laptop,hwpc-sensor-container
power_consumption,1704486024274000000,0.011880879464444355,paolo-laptop,hwpc-sensor-container
power_consumption,1704486025276000000,0.018289783060913667,paolo-laptop,hwpc-sensor-container
power_consumption,1704486026280000000,0.009859900874791262,paolo-laptop,hwpc-sensor-container
power_consumption,1704486027284000000,0.018045195650781855,paolo-laptop,hwpc-sensor-container
power_consumption,1704486028285000000,0.011619619682858554,paolo-laptop,hwpc-sensor-container
