name,time,power,sensor,target
power_consumption,1704511959637000000,0.010698222760162761,paolo-laptop,hwpc-sensor-container
power_consumption,1704511960638000000,0.010864342091174225,paolo-laptop,hwpc-sensor-container
power_consumption,1704511961640000000,0.01087771581008314,paolo-laptop,hwpc-sensor-container
power_consumption,1704511962642000000,0.011096686225429536,paolo-laptop,hwpc-sensor-container
power_consumption,1704511964645000000,0.009882678400506904,paolo-laptop,hwpc-sensor-container
power_consumption,1704511965646000000,0.009401070676704199,paolo-laptop,hwpc-sensor-container
power_consumption,1704511967649000000,0.009476362407734905,paolo-laptop,hwpc-sensor-container
power_consumption,1704511968651000000,0.010845762361925205,paolo-laptop,hwpc-sensor-container
power_consumption,1704511969653000000,0.011982031228244792,paolo-laptop,hwpc-sensor-container
power_consumption,1704511970656000000,0.011472098415020372,paolo-laptop,hwpc-sensor-container
power_consumption,1704511971658000000,0.011168698582436097,paolo-laptop,hwpc-sensor-container
power_consumption,1704511972660000000,0.010397847434819835,paolo-laptop,hwpc-sensor-container
power_consumption,1704511973662000000,0.01041901942452518,paolo-laptop,hwpc-sensor-container
power_consumption,1704511974664000000,0.010615129048999028,paolo-laptop,hwpc-sensor-container
power_consumption,1704511975666000000,0.01059219509767369,paolo-laptop,hwpc-sensor-container
power_consumption,1704511976667000000,0.00982438048583939,paolo-laptop,hwpc-sensor-container
power_consumption,1704511977668000000,0.009790495250742383,paolo-laptop,hwpc-sensor-container
power_consumption,1704511978669000000,0.007725898935447379,paolo-laptop,hwpc-sensor-container
power_consumption,1704511980672000000,0.010948576975374298,paolo-laptop,hwpc-sensor-container
power_consumption,1704511981674000000,0.009836263706361939,paolo-laptop,hwpc-sensor-container
power_consumption,1704511983677000000,0.010660742671912422,paolo-laptop,hwpc-sensor-container
power_consumption,1704511985680000000,0.009549284526217627,paolo-laptop,hwpc-sensor-container
power_consumption,1704511987683000000,0.009518166430477128,paolo-laptop,hwpc-sensor-container
power_consumption,1704511989687000000,0.009512991085708085,paolo-laptop,hwpc-sensor-container
power_consumption,1704511993692000000,0.010120551279487853,paolo-laptop,hwpc-sensor-container
power_consumption,1704511994694000000,0.009906293733831898,paolo-laptop,hwpc-sensor-container
power_consumption,1704511996697000000,0.01216984033795258,paolo-laptop,hwpc-sensor-container
power_consumption,1704511997700000000,0.009653414892803944,paolo-laptop,hwpc-sensor-container
power_consumption,1704511998702000000,0.01011399497367597,paolo-laptop,hwpc-sensor-container
power_consumption,1704511999704000000,0.010070412865724226,paolo-laptop,hwpc-sensor-container
power_consumption,1704512000706000000,0.009961437884601245,paolo-laptop,hwpc-sensor-container
power_consumption,1704512001707000000,0.010955407727958513,paolo-laptop,hwpc-sensor-container
power_consumption,1704512002709000000,0.00948544958590744,paolo-laptop,hwpc-sensor-container
power_consumption,1704512003710000000,0.011896928550344807,paolo-laptop,hwpc-sensor-container
power_consumption,1704512004716000000,0.009537176584257637,paolo-laptop,hwpc-sensor-container
power_consumption,1704512005717000000,0.011313613207585952,paolo-laptop,hwpc-sensor-container
power_consumption,1704512006718000000,0.008676328947800292,paolo-laptop,hwpc-sensor-container
power_consumption,1704512007719000000,0.010039632082568318,paolo-laptop,hwpc-sensor-container
power_consumption,1704512008721000000,0.009348648101948253,paolo-laptop,hwpc-sensor-container
power_consumption,1704512009723000000,0.009146662654181358,paolo-laptop,hwpc-sensor-container
power_consumption,1704512011727000000,0.00918965249092614,paolo-laptop,hwpc-sensor-container
power_consumption,1704512012729000000,0.009479241927571505,paolo-laptop,hwpc-sensor-container
power_consumption,1704512013731000000,0.009526365703355624,paolo-laptop,hwpc-sensor-container
power_consumption,1704512014734000000,0.009414419074635187,paolo-laptop,hwpc-sensor-container
power_consumption,1704512016738000000,0.009548048630356909,paolo-laptop,hwpc-sensor-container
power_consumption,1704512017740000000,0.009371051691164976,paolo-laptop,hwpc-sensor-container
power_consumption,1704512018742000000,0.009437917572998262,paolo-laptop,hwpc-sensor-container
power_consumption,1704512019744000000,0.009686046368830754,paolo-laptop,hwpc-sensor-container
power_consumption,1704512020746000000,0.009597244359388454,paolo-laptop,hwpc-sensor-container
power_consumption,1704512021747000000,0.009426419988324674,paolo-laptop,hwpc-sensor-container
power_consumption,1704512022749000000,0.009479875852611638,paolo-laptop,hwpc-sensor-container
power_consumption,1704512023751000000,0.009528690091731653,paolo-laptop,hwpc-sensor-container
power_consumption,1704512026758000000,0.01318593538224634,paolo-laptop,hwpc-sensor-container
power_consumption,1704512027763000000,0.008849919683539143,paolo-laptop,hwpc-sensor-container
power_consumption,1704512028765000000,0.013523381964146548,paolo-laptop,hwpc-sensor-container
power_consumption,1704512029770000000,0.007703718083617331,paolo-laptop,hwpc-sensor-container
power_consumption,1704512030772000000,0.013597919413936413,paolo-laptop,hwpc-sensor-container
power_consumption,1704512031778000000,0.008003308434361324,paolo-laptop,hwpc-sensor-container
power_consumption,1704512032780000000,0.011184222265343786,paolo-laptop,hwpc-sensor-container
power_consumption,1704512033782000000,0.010728358454872628,paolo-laptop,hwpc-sensor-container
power_consumption,1704512034784000000,0.009343248992989349,paolo-laptop,hwpc-sensor-container
power_consumption,1704512035786000000,0.011751454598455807,paolo-laptop,hwpc-sensor-container
power_consumption,1704512036788000000,0.009538213693845582,paolo-laptop,hwpc-sensor-container
power_consumption,1704512037790000000,0.011155106127755247,paolo-laptop,hwpc-sensor-container
power_consumption,1704512038793000000,0.011358400910244992,paolo-laptop,hwpc-sensor-container
power_consumption,1704512039797000000,0.010140201718612732,paolo-laptop,hwpc-sensor-container
power_consumption,1704512040799000000,0.009981739271213845,paolo-laptop,hwpc-sensor-container
power_consumption,1704512041801000000,0.014311918649217053,paolo-laptop,hwpc-sensor-container
power_consumption,1704512042807000000,0.008674757585247737,paolo-laptop,hwpc-sensor-container
power_consumption,1704512043809000000,0.010486105481598177,paolo-laptop,hwpc-sensor-container
power_consumption,1704512044811000000,0.010647861974635105,paolo-laptop,hwpc-sensor-container
power_consumption,1704512045813000000,0.01367815615151024,paolo-laptop,hwpc-sensor-container
power_consumption,1704512046820000000,0.00933660609552308,paolo-laptop,hwpc-sensor-container
power_consumption,1704512047823000000,0.01169593952934247,paolo-laptop,hwpc-sensor-container
power_consumption,1704512048825000000,0.011708179530199106,paolo-laptop,hwpc-sensor-container
power_consumption,1704512049827000000,0.009890158092802304,paolo-laptop,hwpc-sensor-container
power_consumption,1704512050829000000,0.009895133006047328,paolo-laptop,hwpc-sensor-container
power_consumption,1704512051831000000,0.011135464172351376,paolo-laptop,hwpc-sensor-container
power_consumption,1704512052833000000,0.011175395453739669,paolo-laptop,hwpc-sensor-container
power_consumption,1704512053836000000,0.010995886940068731,paolo-laptop,hwpc-sensor-container
power_consumption,1704512054838000000,0.011536326494770354,paolo-laptop,hwpc-sensor-container
power_consumption,1704512055840000000,0.011847237034625643,paolo-laptop,hwpc-sensor-container
power_consumption,1704512056843000000,0.011334509935509749,paolo-laptop,hwpc-sensor-container
power_consumption,1704512057846000000,0.01141585832410127,paolo-laptop,hwpc-sensor-container
power_consumption,1704512058852000000,0.011310137823571771,paolo-laptop,hwpc-sensor-container
power_consumption,1704512059858000000,0.008032668153176156,paolo-laptop,hwpc-sensor-container
power_consumption,1704512060859000000,0.010531953443272906,paolo-laptop,hwpc-sensor-container
power_consumption,1704512061861000000,0.011364685640057192,paolo-laptop,hwpc-sensor-container
power_consumption,1704512062864000000,0.011704193530366327,paolo-laptop,hwpc-sensor-container
power_consumption,1704512063866000000,0.011829881965318008,paolo-laptop,hwpc-sensor-container
power_consumption,1704512064868000000,0.011832278109876528,paolo-laptop,hwpc-sensor-container
power_consumption,1704512065870000000,0.012000423342272543,paolo-laptop,hwpc-sensor-container
power_consumption,1704512066872000000,0.010029889613565707,paolo-laptop,hwpc-sensor-container
power_consumption,1704512067873000000,0.009572175835030925,paolo-laptop,hwpc-sensor-container
power_consumption,1704512068876000000,0.011432986073822603,paolo-laptop,hwpc-sensor-container
power_consumption,1704512069877000000,0.012394491813128364,paolo-laptop,hwpc-sensor-container
power_consumption,1704512070879000000,0.011609092405196069,paolo-laptop,hwpc-sensor-container
power_consumption,1704512071881000000,0.011184546956685195,paolo-laptop,hwpc-sensor-container
power_consumption,1704512072883000000,0.011265749321578141,paolo-laptop,hwpc-sensor-container
power_consumption,1704512073886000000,0.010910002171346373,paolo-laptop,hwpc-sensor-container
power_consumption,1704512074888000000,0.011226080243645192,paolo-laptop,hwpc-sensor-container
power_consumption,1704512075889000000,0.011401856802142098,paolo-laptop,hwpc-sensor-container
power_consumption,1704512076891000000,0.01263897516428852,paolo-laptop,hwpc-sensor-container
power_consumption,1704512077894000000,0.011489558935642491,paolo-laptop,hwpc-sensor-container
power_consumption,1704512078896000000,0.011032560958317662,paolo-laptop,hwpc-sensor-container
power_consumption,1704512079898000000,0.0128627322430119,paolo-laptop,hwpc-sensor-container
power_consumption,1704512080900000000,0.012248080353938273,paolo-laptop,hwpc-sensor-container
power_consumption,1704512081902000000,0.011546984846814837,paolo-laptop,hwpc-sensor-container
power_consumption,1704512082905000000,0.015119553046312406,paolo-laptop,hwpc-sensor-container
power_consumption,1704512083909000000,0.013805231438767709,paolo-laptop,hwpc-sensor-container
power_consumption,1704512084911000000,0.013777295706659176,paolo-laptop,hwpc-sensor-container
power_consumption,1704512085913000000,0.015091015610325413,paolo-laptop,hwpc-sensor-container
power_consumption,1704512086916000000,0.013415236026067813,paolo-laptop,hwpc-sensor-container
power_consumption,1704512087918000000,0.016616352831185344,paolo-laptop,hwpc-sensor-container
power_consumption,1704512088920000000,0.013621404401825951,paolo-laptop,hwpc-sensor-container
power_consumption,1704512089921000000,0.01423573473279687,paolo-laptop,hwpc-sensor-container
power_consumption,1704512090924000000,0.014608398288993666,paolo-laptop,hwpc-sensor-container
power_consumption,1704512091926000000,0.0171620739084347,paolo-laptop,hwpc-sensor-container
power_consumption,1704512092929000000,0.011477181202828663,paolo-laptop,hwpc-sensor-container
power_consumption,1704512093930000000,0.016221443375858412,paolo-laptop,hwpc-sensor-container
power_consumption,1704512094932000000,0.012139671191851963,paolo-laptop,hwpc-sensor-container
power_consumption,1704512095934000000,0.011306118703588114,paolo-laptop,hwpc-sensor-container
power_consumption,1704512096936000000,0.010816224399085164,paolo-laptop,hwpc-sensor-container
power_consumption,1704512098940000000,0.011114635316586206,paolo-laptop,hwpc-sensor-container
power_consumption,1704512099942000000,0.01163794391440123,paolo-laptop,hwpc-sensor-container
power_consumption,1704512100945000000,0.011857223841345094,paolo-laptop,hwpc-sensor-container
power_consumption,1704512101948000000,0.010576240600461488,paolo-laptop,hwpc-sensor-container
power_consumption,1704512102950000000,0.011649521693024262,paolo-laptop,hwpc-sensor-container
power_consumption,1704512103953000000,0.012446298074946623,paolo-laptop,hwpc-sensor-container
power_consumption,1704512104955000000,0.010962850699826828,paolo-laptop,hwpc-sensor-container
power_consumption,1704512105957000000,0.01123916356689049,paolo-laptop,hwpc-sensor-container
power_consumption,1704512106959000000,0.011617887936282378,paolo-laptop,hwpc-sensor-container
power_consumption,1704512107962000000,0.01134045097297837,paolo-laptop,hwpc-sensor-container
power_consumption,1704512108964000000,0.010203539929391927,paolo-laptop,hwpc-sensor-container
power_consumption,1704512113979000000,0.010567724871424544,paolo-laptop,hwpc-sensor-container
power_consumption,1704512114980000000,0.01089234498466665,paolo-laptop,hwpc-sensor-container
power_consumption,1704512115982000000,0.012177431867227733,paolo-laptop,hwpc-sensor-container
power_consumption,1704512116984000000,0.011867050968109921,paolo-laptop,hwpc-sensor-container
power_consumption,1704512117986000000,0.011965725845092562,paolo-laptop,hwpc-sensor-container
power_consumption,1704512118988000000,0.012392718267422683,paolo-laptop,hwpc-sensor-container
power_consumption,1704512119990000000,0.012020708353454736,paolo-laptop,hwpc-sensor-container
power_consumption,1704512120993000000,0.014228221574650621,paolo-laptop,hwpc-sensor-container
power_consumption,1704512121998000000,0.010069168563480542,paolo-laptop,hwpc-sensor-container
power_consumption,1704512125007000000,0.012010759885515946,paolo-laptop,hwpc-sensor-container
power_consumption,1704512135036000000,0.012007479547425445,paolo-laptop,hwpc-sensor-container
power_consumption,1704512136038000000,0.012459330957931858,paolo-laptop,hwpc-sensor-container
power_consumption,1704512137040000000,0.01228463193857862,paolo-laptop,hwpc-sensor-container
power_consumption,1704512138043000000,0.01170735870079432,paolo-laptop,hwpc-sensor-container
power_consumption,1704512139053000000,0.011909840900353108,paolo-laptop,hwpc-sensor-container
power_consumption,1704512140056000000,0.013083071718568423,paolo-laptop,hwpc-sensor-container
power_consumption,1704512141058000000,0.011673548072585178,paolo-laptop,hwpc-sensor-container
power_consumption,1704512142061000000,0.011931560756993764,paolo-laptop,hwpc-sensor-container
power_consumption,1704512143064000000,0.011617114893501757,paolo-laptop,hwpc-sensor-container
power_consumption,1704512144067000000,0.012681634980320166,paolo-laptop,hwpc-sensor-container
power_consumption,1704512145073000000,0.011894017070886111,paolo-laptop,hwpc-sensor-container
power_consumption,1704512146076000000,0.011211885592933958,paolo-laptop,hwpc-sensor-container
power_consumption,1704512147079000000,0.011760024574430058,paolo-laptop,hwpc-sensor-container
power_consumption,1704512148081000000,0.01127913481413638,paolo-laptop,hwpc-sensor-container
power_consumption,1704512149083000000,0.011368303253133006,paolo-laptop,hwpc-sensor-container
power_consumption,1704512150086000000,0.012610415623749354,paolo-laptop,hwpc-sensor-container
power_consumption,1704512151089000000,0.011285321836994494,paolo-laptop,hwpc-sensor-container
power_consumption,1704512152091000000,0.012048346827627976,paolo-laptop,hwpc-sensor-container
power_consumption,1704512153093000000,0.012132269960444553,paolo-laptop,hwpc-sensor-container
power_consumption,1704512154095000000,0.012158750728920094,paolo-laptop,hwpc-sensor-container
power_consumption,1704512155098000000,0.011870168350382635,paolo-laptop,hwpc-sensor-container
power_consumption,1704512156100000000,0.011591185619496581,paolo-laptop,hwpc-sensor-container
power_consumption,1704512157102000000,0.012537132245976298,paolo-laptop,hwpc-sensor-container
power_consumption,1704512158105000000,0.012353824702872246,paolo-laptop,hwpc-sensor-container
power_consumption,1704512159107000000,0.011719224432924703,paolo-laptop,hwpc-sensor-container
power_consumption,1704512160110000000,0.01239956304015642,paolo-laptop,hwpc-sensor-container
power_consumption,1704512161114000000,0.011636831434024898,paolo-laptop,hwpc-sensor-container
power_consumption,1704512162117000000,0.011945811588239659,paolo-laptop,hwpc-sensor-container
power_consumption,1704512163119000000,0.011907865318098027,paolo-laptop,hwpc-sensor-container
power_consumption,1704512164121000000,0.012153101901817464,paolo-laptop,hwpc-sensor-container
power_consumption,1704512165123000000,0.012107013757078414,paolo-laptop,hwpc-sensor-container
power_consumption,1704512166125000000,0.01072028711951696,paolo-laptop,hwpc-sensor-container
power_consumption,1704512167127000000,0.011314134656570657,paolo-laptop,hwpc-sensor-container
power_consumption,1704512168129000000,0.011836277312942626,paolo-laptop,hwpc-sensor-container
power_consumption,1704512169132000000,0.011127530732342869,paolo-laptop,hwpc-sensor-container
power_consumption,1704512170135000000,0.011648973828969785,paolo-laptop,hwpc-sensor-container
power_consumption,1704512171137000000,0.012743680042658268,paolo-laptop,hwpc-sensor-container
power_consumption,1704512172140000000,0.012077618896779723,paolo-laptop,hwpc-sensor-container
power_consumption,1704512173142000000,0.011691314977177928,paolo-laptop,hwpc-sensor-container
power_consumption,1704512174145000000,0.011691241886597085,paolo-laptop,hwpc-sensor-container
power_consumption,1704512176151000000,0.012093631937504203,paolo-laptop,hwpc-sensor-container
power_consumption,1704512179158000000,0.011163257075699064,paolo-laptop,hwpc-sensor-container
power_consumption,1704512180160000000,0.011852188690185712,paolo-laptop,hwpc-sensor-container
power_consumption,1704512181163000000,0.012485318240427918,paolo-laptop,hwpc-sensor-container
power_consumption,1704512182166000000,0.011813664262229196,paolo-laptop,hwpc-sensor-container
power_consumption,1704512183169000000,0.01112943420627225,paolo-laptop,hwpc-sensor-container
power_consumption,1704512184170000000,0.009729610782547648,paolo-laptop,hwpc-sensor-container
power_consumption,1704512185172000000,0.012587729967261495,paolo-laptop,hwpc-sensor-container
power_consumption,1704512186174000000,0.010189727435424978,paolo-laptop,hwpc-sensor-container
power_consumption,1704512187176000000,0.013808829635542025,paolo-laptop,hwpc-sensor-container
power_consumption,1704512188180000000,0.01900581348039834,paolo-laptop,hwpc-sensor-container
power_consumption,1704512191187000000,0.012306557748333,paolo-laptop,hwpc-sensor-container
power_consumption,1704512195200000000,0.013234864276560097,paolo-laptop,hwpc-sensor-container
power_consumption,1704512200218000000,0.018665899449739683,paolo-laptop,hwpc-sensor-container
power_consumption,1704512202222000000,0.011184743064768663,paolo-laptop,hwpc-sensor-container
power_consumption,1704512203224000000,0.013677864798395901,paolo-laptop,hwpc-sensor-container
power_consumption,1704512204230000000,0.013143543799968618,paolo-laptop,hwpc-sensor-container
power_consumption,1704512205236000000,0.012764971966686134,paolo-laptop,hwpc-sensor-container
power_consumption,1704512206242000000,0.012500455484612531,paolo-laptop,hwpc-sensor-container
power_consumption,1704512207248000000,0.009429131662085682,paolo-laptop,hwpc-sensor-container
power_consumption,1704512208251000000,0.011302957102768813,paolo-laptop,hwpc-sensor-container
power_consumption,1704512209252000000,0.01019134572227356,paolo-laptop,hwpc-sensor-container
power_consumption,1704512210254000000,0.011380181287299191,paolo-laptop,hwpc-sensor-container
power_consumption,1704512211256000000,0.012672751202219208,paolo-laptop,hwpc-sensor-container
power_consumption,1704512212259000000,0.012363410998571758,paolo-laptop,hwpc-sensor-container
power_consumption,1704512213262000000,0.011485295011831468,paolo-laptop,hwpc-sensor-container
power_consumption,1704512214265000000,0.011983453709057217,paolo-laptop,hwpc-sensor-container
power_consumption,1704512215270000000,0.010961050431829173,paolo-laptop,hwpc-sensor-container
power_consumption,1704512216274000000,0.013026143639829409,paolo-laptop,hwpc-sensor-container
power_consumption,1704512217277000000,0.011844230025572215,paolo-laptop,hwpc-sensor-container
power_consumption,1704512220288000000,0.01140186053675646,paolo-laptop,hwpc-sensor-container
power_consumption,1704512221290000000,0.011785107113130059,paolo-laptop,hwpc-sensor-container
power_consumption,1704512222293000000,0.01599066454350595,paolo-laptop,hwpc-sensor-container
power_consumption,1704512225303000000,0.011263143568550928,paolo-laptop,hwpc-sensor-container
power_consumption,1704512226305000000,0.011544386502179413,paolo-laptop,hwpc-sensor-container
power_consumption,1704512230312000000,0.011566716913308878,paolo-laptop,hwpc-sensor-container
power_consumption,1704512231314000000,0.010128966194585585,paolo-laptop,hwpc-sensor-container
power_consumption,1704512232316000000,0.013359614359561412,paolo-laptop,hwpc-sensor-container
power_consumption,1704512233318000000,0.010974629145930396,paolo-laptop,hwpc-sensor-container
power_consumption,1704512234320000000,0.010727526517299283,paolo-laptop,hwpc-sensor-container
power_consumption,1704512235322000000,0.01154989305833076,paolo-laptop,hwpc-sensor-container
power_consumption,1704512236324000000,0.011320603527861225,paolo-laptop,hwpc-sensor-container
power_consumption,1704512237326000000,0.011743939054246028,paolo-laptop,hwpc-sensor-container
power_consumption,1704512238328000000,0.011694583899795743,paolo-laptop,hwpc-sensor-container
power_consumption,1704512239330000000,0.011160087012812368,paolo-laptop,hwpc-sensor-container
power_consumption,1704512240334000000,0.010547608523898935,paolo-laptop,hwpc-sensor-container
power_consumption,1704512241336000000,0.013124878755363249,paolo-laptop,hwpc-sensor-container
power_consumption,1704512242338000000,0.012081468392097826,paolo-laptop,hwpc-sensor-container
power_consumption,1704512243341000000,0.012392851726869509,paolo-laptop,hwpc-sensor-container
power_consumption,1704512244344000000,0.010497976502496285,paolo-laptop,hwpc-sensor-container
power_consumption,1704512245347000000,0.010766518436686951,paolo-laptop,hwpc-sensor-container
power_consumption,1704512246350000000,0.012423653568786488,paolo-laptop,hwpc-sensor-container
power_consumption,1704512248357000000,0.010633726480185322,paolo-laptop,hwpc-sensor-container
power_consumption,1704512249359000000,0.011416850199135638,paolo-laptop,hwpc-sensor-container
power_consumption,1704512252368000000,0.011833463288885513,paolo-laptop,hwpc-sensor-container
power_consumption,1704512253370000000,0.010902318100640764,paolo-laptop,hwpc-sensor-container
power_consumption,1704512255373000000,0.011474501030614481,paolo-laptop,hwpc-sensor-container
power_consumption,1704512257378000000,0.011365448572032174,paolo-laptop,hwpc-sensor-container
power_consumption,1704512259382000000,0.011491101333230051,paolo-laptop,hwpc-sensor-container
power_consumption,1704512263391000000,0.01200894222964557,paolo-laptop,hwpc-sensor-container
power_consumption,1704512264393000000,0.012182864987952855,paolo-laptop,hwpc-sensor-container
power_consumption,1704512265394000000,0.01090093970368131,paolo-laptop,hwpc-sensor-container
power_consumption,1704512266396000000,0.011855658317071234,paolo-laptop,hwpc-sensor-container
power_consumption,1704512267398000000,0.01259451663557222,paolo-laptop,hwpc-sensor-container
power_consumption,1704512268400000000,0.012082014443069493,paolo-laptop,hwpc-sensor-container
power_consumption,1704512269402000000,0.011146928306259882,paolo-laptop,hwpc-sensor-container
power_consumption,1704512270404000000,0.01145494825803655,paolo-laptop,hwpc-sensor-container
power_consumption,1704512271407000000,0.01109346469422707,paolo-laptop,hwpc-sensor-container
power_consumption,1704512272409000000,0.011757158708348437,paolo-laptop,hwpc-sensor-container
power_consumption,1704512273411000000,0.011648766034095055,paolo-laptop,hwpc-sensor-container
power_consumption,1704512274413000000,0.011972528562255566,paolo-laptop,hwpc-sensor-container
power_consumption,1704512275415000000,0.0124510827249348,paolo-laptop,hwpc-sensor-container
power_consumption,1704512276418000000,0.011857657133455216,paolo-laptop,hwpc-sensor-container
power_consumption,1704512277420000000,0.011838474003054433,paolo-laptop,hwpc-sensor-container
power_consumption,1704512278422000000,0.011887508691095774,paolo-laptop,hwpc-sensor-container
power_consumption,1704512279425000000,0.011924961827428162,paolo-laptop,hwpc-sensor-container
power_consumption,1704512280427000000,0.011408950615921856,paolo-laptop,hwpc-sensor-container
power_consumption,1704512281429000000,0.01183601111799014,paolo-laptop,hwpc-sensor-container
power_consumption,1704512282431000000,0.011533588491254642,paolo-laptop,hwpc-sensor-container
power_consumption,1704512283433000000,0.012589397440534668,paolo-laptop,hwpc-sensor-container
power_consumption,1704512284435000000,0.01237516719213128,paolo-laptop,hwpc-sensor-container
power_consumption,1704512285438000000,0.011976815352736278,paolo-laptop,hwpc-sensor-container
power_consumption,1704512286440000000,0.012447329459934018,paolo-laptop,hwpc-sensor-container
power_consumption,1704512287444000000,0.014038815257312015,paolo-laptop,hwpc-sensor-container
power_consumption,1704512288447000000,0.011155644930704037,paolo-laptop,hwpc-sensor-container
power_consumption,1704512297474000000,0.01109728804838124,paolo-laptop,hwpc-sensor-container
power_consumption,1704512298476000000,0.011797985374305327,paolo-laptop,hwpc-sensor-container
power_consumption,1704512299478000000,0.012572483571602969,paolo-laptop,hwpc-sensor-container
power_consumption,1704512301482000000,0.011112902118465847,paolo-laptop,hwpc-sensor-container
power_consumption,1704512302484000000,0.010092080511888746,paolo-laptop,hwpc-sensor-container
power_consumption,1704512303485000000,0.012442187471309193,paolo-laptop,hwpc-sensor-container
power_consumption,1704512306493000000,0.01127825327851887,paolo-laptop,hwpc-sensor-container
power_consumption,1704512307496000000,0.011611365117701727,paolo-laptop,hwpc-sensor-container
power_consumption,1704512308498000000,0.011208920999527914,paolo-laptop,hwpc-sensor-container
power_consumption,1704512311506000000,0.011117148669347337,paolo-laptop,hwpc-sensor-container
power_consumption,1704512312508000000,0.010872442115490821,paolo-laptop,hwpc-sensor-container
power_consumption,1704512313510000000,0.010438804652262242,paolo-laptop,hwpc-sensor-container
power_consumption,1704512314514000000,0.010871086479601753,paolo-laptop,hwpc-sensor-container
power_consumption,1704512315516000000,0.012016132439063298,paolo-laptop,hwpc-sensor-container
power_consumption,1704512316520000000,0.01379439593052756,paolo-laptop,hwpc-sensor-container
power_consumption,1704512317522000000,0.011423363314529355,paolo-laptop,hwpc-sensor-container
power_consumption,1704512318526000000,0.011591055706051064,paolo-laptop,hwpc-sensor-container
power_consumption,1704512319528000000,0.012032986245475372,paolo-laptop,hwpc-sensor-container
power_consumption,1704512320531000000,0.011396478833191278,paolo-laptop,hwpc-sensor-container
power_consumption,1704512321534000000,0.012523298982217622,paolo-laptop,hwpc-sensor-container
power_consumption,1704512322537000000,0.011348293310857427,paolo-laptop,hwpc-sensor-container
power_consumption,1704512323539000000,0.01159988937422875,paolo-laptop,hwpc-sensor-container
power_consumption,1704512324541000000,0.01234219256893211,paolo-laptop,hwpc-sensor-container
power_consumption,1704512325543000000,0.011942142757628987,paolo-laptop,hwpc-sensor-container
power_consumption,1704512326546000000,0.011655205777781747,paolo-laptop,hwpc-sensor-container
power_consumption,1704512327548000000,0.012386448990484971,paolo-laptop,hwpc-sensor-container
power_consumption,1704512328550000000,0.011861051915682399,paolo-laptop,hwpc-sensor-container
power_consumption,1704512329551000000,0.009451316604339443,paolo-laptop,hwpc-sensor-container
power_consumption,1704512330553000000,0.011790702108174905,paolo-laptop,hwpc-sensor-container
power_consumption,1704512331557000000,0.010586046049826934,paolo-laptop,hwpc-sensor-container
power_consumption,1704512335572000000,0.010907742069577881,paolo-laptop,hwpc-sensor-container
power_consumption,1704512336576000000,0.020533899790427964,paolo-laptop,hwpc-sensor-container
power_consumption,1704512346615000000,0.019210008729362207,paolo-laptop,hwpc-sensor-container
power_consumption,1704512354647000000,0.010614052456071284,paolo-laptop,hwpc-sensor-container
power_consumption,1704512360665000000,0.009567867324168224,paolo-laptop,hwpc-sensor-container
power_consumption,1704512366684000000,0.009840708981994701,paolo-laptop,hwpc-sensor-container
power_consumption,1704512368687000000,0.009787441022965448,paolo-laptop,hwpc-sensor-container
power_consumption,1704512375697000000,0.012051813547807665,paolo-laptop,hwpc-sensor-container
power_consumption,1704512376699000000,0.012472806551669803,paolo-laptop,hwpc-sensor-container
power_consumption,1704512377701000000,0.01306888459452096,paolo-laptop,hwpc-sensor-container
power_consumption,1704512378702000000,0.012579235698570147,paolo-laptop,hwpc-sensor-container
power_consumption,1704512379704000000,0.014417174456900397,paolo-laptop,hwpc-sensor-container
power_consumption,1704512380706000000,0.012616807485976435,paolo-laptop,hwpc-sensor-container
power_consumption,1704512381708000000,0.011997426235276838,paolo-laptop,hwpc-sensor-container
power_consumption,1704512382710000000,0.012858081825855787,paolo-laptop,hwpc-sensor-container
power_consumption,1704512383712000000,0.013004730860643809,paolo-laptop,hwpc-sensor-container
power_consumption,1704512384714000000,0.01521905225212468,paolo-laptop,hwpc-sensor-container
power_consumption,1704512385715000000,0.015744595740169662,paolo-laptop,hwpc-sensor-container
power_consumption,1704512386717000000,0.011350244062960514,paolo-laptop,hwpc-sensor-container
power_consumption,1704512387718000000,0.017950960707681488,paolo-laptop,hwpc-sensor-container
power_consumption,1704512388720000000,0.014503877213452436,paolo-laptop,hwpc-sensor-container
power_consumption,1704512389725000000,0.012074419692932093,paolo-laptop,hwpc-sensor-container
power_consumption,1704512391738000000,0.008564510931538885,paolo-laptop,hwpc-sensor-container
power_consumption,1704512392746000000,0.012101682981628222,paolo-laptop,hwpc-sensor-container
power_consumption,1704512393750000000,0.011328472421984988,paolo-laptop,hwpc-sensor-container
power_consumption,1704512395755000000,0.008858379092095086,paolo-laptop,hwpc-sensor-container
power_consumption,1704512396756000000,0.010377521311789093,paolo-laptop,hwpc-sensor-container
power_consumption,1704512397760000000,0.015290602222420064,paolo-laptop,hwpc-sensor-container
power_consumption,1704512399766000000,0.011543001942384471,paolo-laptop,hwpc-sensor-container
power_consumption,1704512400768000000,0.012695444517483256,paolo-laptop,hwpc-sensor-container
power_consumption,1704512401769000000,0.011259388008486939,paolo-laptop,hwpc-sensor-container
power_consumption,1704512402773000000,0.009980419037579963,paolo-laptop,hwpc-sensor-container
power_consumption,1704512405780000000,0.011930499217117616,paolo-laptop,hwpc-sensor-container
power_consumption,1704512406782000000,0.011646746727926224,paolo-laptop,hwpc-sensor-container
power_consumption,1704512407786000000,0.011003715269195177,paolo-laptop,hwpc-sensor-container
power_consumption,1704512409791000000,0.009826804747982771,paolo-laptop,hwpc-sensor-container
power_consumption,1704512411797000000,0.010787830915032538,paolo-laptop,hwpc-sensor-container
power_consumption,1704512412799000000,0.011120889318142459,paolo-laptop,hwpc-sensor-container
power_consumption,1704512413800000000,0.011376400172559907,paolo-laptop,hwpc-sensor-container
power_consumption,1704512414802000000,0.010166077034040514,paolo-laptop,hwpc-sensor-container
power_consumption,1704512417810000000,0.011546439517725162,paolo-laptop,hwpc-sensor-container
power_consumption,1704512418812000000,0.012830236039788789,paolo-laptop,hwpc-sensor-container
power_consumption,1704512419814000000,0.012030978285478122,paolo-laptop,hwpc-sensor-container
power_consumption,1704512420816000000,0.013715180252533153,paolo-laptop,hwpc-sensor-container
power_consumption,1704512421820000000,0.010960294077300129,paolo-laptop,hwpc-sensor-container
power_consumption,1704512422823000000,0.015218570275045992,paolo-laptop,hwpc-sensor-container
power_consumption,1704512423825000000,0.011167254155060924,paolo-laptop,hwpc-sensor-container
power_consumption,1704512424829000000,0.01171244339212167,paolo-laptop,hwpc-sensor-container
power_consumption,1704512425834000000,0.011641730317913379,paolo-laptop,hwpc-sensor-container
power_consumption,1704512426836000000,0.013193451977691357,paolo-laptop,hwpc-sensor-container
power_consumption,1704512427838000000,0.012244654725584296,paolo-laptop,hwpc-sensor-container
power_consumption,1704512428842000000,0.013870653750261978,paolo-laptop,hwpc-sensor-container
power_consumption,1704512429844000000,0.00873478140584769,paolo-laptop,hwpc-sensor-container
power_consumption,1704512430845000000,0.011295202656288635,paolo-laptop,hwpc-sensor-container
power_consumption,1704512432851000000,0.009007037517199414,paolo-laptop,hwpc-sensor-container
power_consumption,1704512433853000000,0.014449632171316742,paolo-laptop,hwpc-sensor-container
power_consumption,1704512434856000000,0.013123232926203305,paolo-laptop,hwpc-sensor-container
power_consumption,1704512436861000000,0.012577816002615719,paolo-laptop,hwpc-sensor-container
power_consumption,1704512437862000000,0.0117876487369716,paolo-laptop,hwpc-sensor-container
power_consumption,1704512439866000000,0.00994325984901388,paolo-laptop,hwpc-sensor-container
power_consumption,1704512441869000000,0.011971991951271358,paolo-laptop,hwpc-sensor-container
power_consumption,1704512442871000000,0.014347172758497721,paolo-laptop,hwpc-sensor-container
power_consumption,1704512443875000000,0.012659465534080858,paolo-laptop,hwpc-sensor-container
power_consumption,1704512444878000000,0.01188250869399142,paolo-laptop,hwpc-sensor-container
power_consumption,1704512445880000000,0.011489692441947318,paolo-laptop,hwpc-sensor-container
power_consumption,1704512447883000000,0.012499004236858739,paolo-laptop,hwpc-sensor-container
power_consumption,1704512449906000000,0.009391496028032159,paolo-laptop,hwpc-sensor-container
power_consumption,1704512450908000000,0.01354616035862526,paolo-laptop,hwpc-sensor-container
power_consumption,1704512451912000000,0.011112525596693595,paolo-laptop,hwpc-sensor-container
power_consumption,1704512452914000000,0.009783492256858093,paolo-laptop,hwpc-sensor-container
power_consumption,1704512453916000000,0.015325174276940131,paolo-laptop,hwpc-sensor-container
power_consumption,1704512454917000000,0.014809269222892985,paolo-laptop,hwpc-sensor-container
power_consumption,1704512455919000000,0.011166860792354294,paolo-laptop,hwpc-sensor-container
power_consumption,1704512456921000000,0.013040325176587805,paolo-laptop,hwpc-sensor-container
power_consumption,1704512457924000000,0.01251391566665059,paolo-laptop,hwpc-sensor-container
power_consumption,1704512458928000000,0.012175832307053902,paolo-laptop,hwpc-sensor-container
power_consumption,1704512459930000000,0.01246533065550005,paolo-laptop,hwpc-sensor-container
power_consumption,1704512460934000000,0.01449300409591981,paolo-laptop,hwpc-sensor-container
power_consumption,1704512461945000000,0.012122258217576756,paolo-laptop,hwpc-sensor-container
power_consumption,1704512462951000000,0.011401598465568676,paolo-laptop,hwpc-sensor-container
power_consumption,1704512463953000000,0.013544328747321154,paolo-laptop,hwpc-sensor-container
power_consumption,1704512464955000000,0.011966709818620233,paolo-laptop,hwpc-sensor-container
power_consumption,1704512465957000000,0.012347502997385625,paolo-laptop,hwpc-sensor-container
power_consumption,1704512466961000000,0.01037416759841561,paolo-laptop,hwpc-sensor-container
power_consumption,1704512469969000000,0.012413199793067233,paolo-laptop,hwpc-sensor-container
power_consumption,1704512470970000000,0.011902808039246773,paolo-laptop,hwpc-sensor-container
power_consumption,1704512471972000000,0.012823303091586177,paolo-laptop,hwpc-sensor-container
power_consumption,1704512472974000000,0.01306792372776916,paolo-laptop,hwpc-sensor-container
power_consumption,1704512473976000000,0.011421205357681201,paolo-laptop,hwpc-sensor-container
power_consumption,1704512474977000000,0.013537439915096261,paolo-laptop,hwpc-sensor-container
power_consumption,1704512475979000000,0.01120292942469197,paolo-laptop,hwpc-sensor-container
power_consumption,1704512476981000000,0.010559393438215426,paolo-laptop,hwpc-sensor-container
power_consumption,1704512477984000000,0.011063854754938242,paolo-laptop,hwpc-sensor-container
power_consumption,1704512478986000000,0.013589161978209603,paolo-laptop,hwpc-sensor-container
power_consumption,1704512479990000000,0.010694257788826132,paolo-laptop,hwpc-sensor-container
power_consumption,1704512480991000000,0.013495489711938211,paolo-laptop,hwpc-sensor-container
power_consumption,1704512481995000000,0.012601975134266839,paolo-laptop,hwpc-sensor-container
power_consumption,1704512482997000000,0.014649335362649299,paolo-laptop,hwpc-sensor-container
power_consumption,1704512483999000000,0.013457301245247704,paolo-laptop,hwpc-sensor-container
power_consumption,1704512485004000000,0.011114982146291374,paolo-laptop,hwpc-sensor-container
power_consumption,1704512486005000000,0.012029317204004252,paolo-laptop,hwpc-sensor-container
power_consumption,1704512487007000000,0.011100644004576905,paolo-laptop,hwpc-sensor-container
power_consumption,1704512488009000000,0.01233031303659991,paolo-laptop,hwpc-sensor-container
power_consumption,1704512489012000000,0.010620315345130537,paolo-laptop,hwpc-sensor-container
power_consumption,1704512490013000000,0.013451308868738132,paolo-laptop,hwpc-sensor-container
power_consumption,1704512492022000000,0.01709702198669355,paolo-laptop,hwpc-sensor-container
power_consumption,1704512494027000000,0.010434021400353606,paolo-laptop,hwpc-sensor-container
power_consumption,1704512495029000000,0.011011636579292595,paolo-laptop,hwpc-sensor-container
power_consumption,1704512496033000000,0.011285606044520169,paolo-laptop,hwpc-sensor-container
power_consumption,1704512497035000000,0.012210630820234283,paolo-laptop,hwpc-sensor-container
power_consumption,1704512498037000000,0.011235985121623339,paolo-laptop,hwpc-sensor-container
power_consumption,1704512499039000000,0.011175066396878677,paolo-laptop,hwpc-sensor-container
power_consumption,1704512500041000000,0.010277573924485922,paolo-laptop,hwpc-sensor-container
power_consumption,1704512502050000000,0.011334175282702634,paolo-laptop,hwpc-sensor-container
power_consumption,1704512503052000000,0.008598507330244939,paolo-laptop,hwpc-sensor-container
power_consumption,1704512504053000000,0.012222079127591025,paolo-laptop,hwpc-sensor-container
power_consumption,1704512505057000000,0.010162566239758909,paolo-laptop,hwpc-sensor-container
power_consumption,1704512506059000000,0.012055512750006681,paolo-laptop,hwpc-sensor-container
power_consumption,1704512507061000000,0.010384120360716433,paolo-laptop,hwpc-sensor-container
power_consumption,1704512508063000000,0.016932095027064747,paolo-laptop,hwpc-sensor-container
power_consumption,1704512509069000000,0.009493038947547407,paolo-laptop,hwpc-sensor-container
power_consumption,1704512510071000000,0.012919661424565798,paolo-laptop,hwpc-sensor-container
power_consumption,1704512511073000000,0.010654192588867281,paolo-laptop,hwpc-sensor-container
power_consumption,1704512512074000000,0.011043645936244854,paolo-laptop,hwpc-sensor-container
power_consumption,1704512513076000000,0.011352828465714693,paolo-laptop,hwpc-sensor-container
power_consumption,1704512515080000000,0.012914202660319635,paolo-laptop,hwpc-sensor-container
power_consumption,1704512517083000000,0.009724426490469451,paolo-laptop,hwpc-sensor-container
power_consumption,1704512518085000000,0.01142860447468459,paolo-laptop,hwpc-sensor-container
power_consumption,1704512519087000000,0.009845345312222607,paolo-laptop,hwpc-sensor-container
power_consumption,1704512520089000000,0.013802656927179805,paolo-laptop,hwpc-sensor-container
power_consumption,1704512521092000000,0.01363934233232461,paolo-laptop,hwpc-sensor-container
power_consumption,1704512522095000000,0.011748194353504462,paolo-laptop,hwpc-sensor-container
power_consumption,1704512523098000000,0.014201725236694634,paolo-laptop,hwpc-sensor-container
power_consumption,1704512524100000000,0.00908476619847978,paolo-laptop,hwpc-sensor-container
power_consumption,1704512525103000000,0.015563134674249114,paolo-laptop,hwpc-sensor-container
power_consumption,1704512526105000000,0.014263668641772786,paolo-laptop,hwpc-sensor-container
power_consumption,1704512527108000000,0.010570835338904865,paolo-laptop,hwpc-sensor-container
power_consumption,1704512528112000000,0.013434709957721148,paolo-laptop,hwpc-sensor-container
power_consumption,1704512530117000000,0.015885499499401774,paolo-laptop,hwpc-sensor-container
power_consumption,1704512531119000000,0.013037825547207643,paolo-laptop,hwpc-sensor-container
power_consumption,1704512532121000000,0.01286198522258224,paolo-laptop,hwpc-sensor-container
power_consumption,1704512533124000000,0.011530054611454212,paolo-laptop,hwpc-sensor-container
power_consumption,1704512534126000000,0.011382625587077606,paolo-laptop,hwpc-sensor-container
power_consumption,1704512535128000000,0.011776172970463976,paolo-laptop,hwpc-sensor-container
power_consumption,1704512536133000000,0.011510912866941447,paolo-laptop,hwpc-sensor-container
power_consumption,1704512537135000000,0.016930894184913843,paolo-laptop,hwpc-sensor-container
power_consumption,1704512538138000000,0.01305370542116157,paolo-laptop,hwpc-sensor-container
power_consumption,1704512539140000000,0.009072901333169568,paolo-laptop,hwpc-sensor-container
power_consumption,1704512540142000000,0.010980731658013002,paolo-laptop,hwpc-sensor-container
power_consumption,1704512541144000000,0.011764281718526195,paolo-laptop,hwpc-sensor-container
power_consumption,1704512542146000000,0.010618074546524102,paolo-laptop,hwpc-sensor-container
power_consumption,1704512543148000000,0.011396916765360244,paolo-laptop,hwpc-sensor-container
power_consumption,1704512544150000000,0.011547084638921516,paolo-laptop,hwpc-sensor-container
power_consumption,1704512545152000000,0.012057258851922012,paolo-laptop,hwpc-sensor-container
power_consumption,1704512546155000000,0.011621119510459153,paolo-laptop,hwpc-sensor-container
power_consumption,1704512547157000000,0.012273353841472871,paolo-laptop,hwpc-sensor-container
power_consumption,1704512548159000000,0.014784823012154433,paolo-laptop,hwpc-sensor-container
power_consumption,1704512549166000000,0.010095109326407867,paolo-laptop,hwpc-sensor-container
power_consumption,1704512550168000000,0.013798997368339581,paolo-laptop,hwpc-sensor-container
power_consumption,1704512551173000000,0.00883526704663602,paolo-laptop,hwpc-sensor-container
power_consumption,1704512552175000000,0.011214695692916662,paolo-laptop,hwpc-sensor-container
power_consumption,1704512553178000000,0.012710404222113735,paolo-laptop,hwpc-sensor-container
power_consumption,1704512554180000000,0.012270418233186215,paolo-laptop,hwpc-sensor-container
power_consumption,1704512555183000000,0.011893556690594602,paolo-laptop,hwpc-sensor-container
power_consumption,1704512556185000000,0.009951893850268918,paolo-laptop,hwpc-sensor-container
power_consumption,1704512557187000000,0.011598076042459675,paolo-laptop,hwpc-sensor-container
power_consumption,1704512558190000000,0.01202554459876339,paolo-laptop,hwpc-sensor-container
power_consumption,1704512559192000000,0.011481319841613217,paolo-laptop,hwpc-sensor-container
power_consumption,1704512560194000000,0.012103883909289691,paolo-laptop,hwpc-sensor-container
power_consumption,1704512561196000000,0.011869818521146488,paolo-laptop,hwpc-sensor-container
power_consumption,1704512562199000000,0.011265018498071898,paolo-laptop,hwpc-sensor-container
power_consumption,1704512563201000000,0.01212161296337505,paolo-laptop,hwpc-sensor-container
power_consumption,1704512564203000000,0.013252264360114317,paolo-laptop,hwpc-sensor-container
power_consumption,1704512565209000000,0.012698506716838271,paolo-laptop,hwpc-sensor-container
power_consumption,1704512566211000000,0.013589347864877407,paolo-laptop,hwpc-sensor-container
power_consumption,1704512567213000000,0.011973434067431826,paolo-laptop,hwpc-sensor-container
power_consumption,1704512568216000000,0.013185566683296806,paolo-laptop,hwpc-sensor-container
power_consumption,1704512569219000000,0.010385075737264073,paolo-laptop,hwpc-sensor-container
power_consumption,1704512570224000000,0.010699522384548507,paolo-laptop,hwpc-sensor-container
power_consumption,1704512572231000000,0.011875156693671523,paolo-laptop,hwpc-sensor-container
power_consumption,1704512573233000000,0.010668751217543515,paolo-laptop,hwpc-sensor-container
power_consumption,1704512574235000000,0.012344805970000209,paolo-laptop,hwpc-sensor-container
power_consumption,1704512575236000000,0.013103297737206653,paolo-laptop,hwpc-sensor-container
power_consumption,1704512576239000000,0.011786788460730667,paolo-laptop,hwpc-sensor-container
power_consumption,1704512577241000000,0.012636643814063774,paolo-laptop,hwpc-sensor-container
power_consumption,1704512578242000000,0.009745744881540001,paolo-laptop,hwpc-sensor-container
power_consumption,1704512579244000000,0.011577275651151107,paolo-laptop,hwpc-sensor-container
power_consumption,1704512580247000000,0.013370567287346573,paolo-laptop,hwpc-sensor-container
power_consumption,1704512581249000000,0.011088807194004749,paolo-laptop,hwpc-sensor-container
power_consumption,1704512582251000000,0.011834009576715054,paolo-laptop,hwpc-sensor-container
power_consumption,1704512583253000000,0.010401690627050365,paolo-laptop,hwpc-sensor-container
power_consumption,1704512584255000000,0.01038421113785315,paolo-laptop,hwpc-sensor-container
power_consumption,1704512586258000000,0.009464804797074167,paolo-laptop,hwpc-sensor-container
power_consumption,1704512587260000000,0.01203013179966025,paolo-laptop,hwpc-sensor-container
power_consumption,1704512588263000000,0.011089185088986486,paolo-laptop,hwpc-sensor-container
power_consumption,1704512589264000000,0.01351949761016094,paolo-laptop,hwpc-sensor-container
power_consumption,1704512590265000000,0.013103540637705583,paolo-laptop,hwpc-sensor-container
power_consumption,1704512591267000000,0.013348896166801417,paolo-laptop,hwpc-sensor-container
power_consumption,1704512592269000000,0.013308233818289102,paolo-laptop,hwpc-sensor-container
power_consumption,1704512593272000000,0.014161597187654612,paolo-laptop,hwpc-sensor-container
power_consumption,1704512594273000000,0.015197971405352586,paolo-laptop,hwpc-sensor-container
power_consumption,1704512595275000000,0.015593062261577006,paolo-laptop,hwpc-sensor-container
power_consumption,1704512597281000000,0.009224233499315304,paolo-laptop,hwpc-sensor-container
power_consumption,1704512598285000000,0.013546924578376883,paolo-laptop,hwpc-sensor-container
power_consumption,1704512599286000000,0.013827228863409705,paolo-laptop,hwpc-sensor-container
power_consumption,1704512600287000000,0.010334049944441447,paolo-laptop,hwpc-sensor-container
power_consumption,1704512601289000000,0.013718393180312633,paolo-laptop,hwpc-sensor-container
power_consumption,1704512602294000000,0.016425493484665953,paolo-laptop,hwpc-sensor-container
power_consumption,1704512603297000000,0.009935880974471612,paolo-laptop,hwpc-sensor-container
power_consumption,1704512604299000000,0.017616575849066528,paolo-laptop,hwpc-sensor-container
power_consumption,1704512605303000000,0.010743837218472677,paolo-laptop,hwpc-sensor-container
power_consumption,1704512607311000000,0.012465046291737569,paolo-laptop,hwpc-sensor-container
power_consumption,1704512609318000000,0.015846745611252808,paolo-laptop,hwpc-sensor-container
power_consumption,1704512613333000000,0.014085214836858925,paolo-laptop,hwpc-sensor-container
power_consumption,1704512614336000000,0.014678820621672667,paolo-laptop,hwpc-sensor-container
power_consumption,1704512615338000000,0.017277819849363975,paolo-laptop,hwpc-sensor-container
power_consumption,1704512616340000000,0.012215252035907752,paolo-laptop,hwpc-sensor-container
power_consumption,1704512617343000000,0.011004119035260313,paolo-laptop,hwpc-sensor-container
power_consumption,1704512618347000000,0.028132007290394324,paolo-laptop,hwpc-sensor-container
power_consumption,1704512621357000000,0.010193087676337042,paolo-laptop,hwpc-sensor-container
power_consumption,1704512622360000000,0.0225548303036148,paolo-laptop,hwpc-sensor-container
power_consumption,1704512623362000000,0.013308916128396915,paolo-laptop,hwpc-sensor-container
power_consumption,1704512624365000000,0.013894977151420324,paolo-laptop,hwpc-sensor-container
power_consumption,1704512627376000000,0.010805699211937156,paolo-laptop,hwpc-sensor-container
power_consumption,1704512630384000000,0.01231744257795013,paolo-laptop,hwpc-sensor-container
power_consumption,1704512631386000000,0.016860838324110543,paolo-laptop,hwpc-sensor-container
power_consumption,1704512632393000000,0.014542324216348332,paolo-laptop,hwpc-sensor-container
power_consumption,1704512634401000000,0.03456556477003089,paolo-laptop,hwpc-sensor-container
power_consumption,1704512635406000000,0.01352870890875813,paolo-laptop,hwpc-sensor-container
power_consumption,1704512636408000000,0.013212575903945293,paolo-laptop,hwpc-sensor-container
power_consumption,1704512637410000000,0.01406009158903628,paolo-laptop,hwpc-sensor-container
power_consumption,1704512638412000000,0.019331737468708098,paolo-laptop,hwpc-sensor-container
power_consumption,1704512639416000000,0.0115926024701588,paolo-laptop,hwpc-sensor-container
power_consumption,1704512640418000000,0.012195383021106503,paolo-laptop,hwpc-sensor-container
power_consumption,1704512641422000000,0.009408385897224147,paolo-laptop,hwpc-sensor-container
power_consumption,1704512642424000000,0.011223398804420918,paolo-laptop,hwpc-sensor-container
power_consumption,1704512643426000000,0.011367999248204313,paolo-laptop,hwpc-sensor-container
power_consumption,1704512644428000000,0.01021150748538587,paolo-laptop,hwpc-sensor-container
power_consumption,1704512645429000000,0.012397342584695725,paolo-laptop,hwpc-sensor-container
power_consumption,1704512646431000000,0.014773530218500355,paolo-laptop,hwpc-sensor-container
power_consumption,1704512647433000000,0.011184526815626969,paolo-laptop,hwpc-sensor-container
power_consumption,1704512648435000000,0.011564558341682765,paolo-laptop,hwpc-sensor-container
power_consumption,1704512649437000000,0.010476208739318944,paolo-laptop,hwpc-sensor-container
power_consumption,1704512650438000000,0.011201644109969062,paolo-laptop,hwpc-sensor-container
power_consumption,1704512651440000000,0.011615883179264923,paolo-laptop,hwpc-sensor-container
power_consumption,1704512652443000000,0.009208966690215405,paolo-laptop,hwpc-sensor-container
power_consumption,1704512653445000000,0.011826089943674987,paolo-laptop,hwpc-sensor-container
power_consumption,1704512654447000000,0.017185417928338675,paolo-laptop,hwpc-sensor-container
power_consumption,1704512655449000000,0.014110556533809864,paolo-laptop,hwpc-sensor-container
power_consumption,1704512656451000000,0.011437851261196716,paolo-laptop,hwpc-sensor-container
power_consumption,1704512657455000000,0.012142308359800643,paolo-laptop,hwpc-sensor-container
power_consumption,1704512658456000000,0.013142298617015925,paolo-laptop,hwpc-sensor-container
power_consumption,1704512659460000000,0.010185426744741512,paolo-laptop,hwpc-sensor-container
power_consumption,1704512660463000000,0.023723899133866216,paolo-laptop,hwpc-sensor-container
power_consumption,1704512661466000000,0.011533030435966759,paolo-laptop,hwpc-sensor-container
power_consumption,1704512662468000000,0.012615991228894952,paolo-laptop,hwpc-sensor-container
power_consumption,1704512663471000000,0.011938220768180682,paolo-laptop,hwpc-sensor-container
power_consumption,1704512664476000000,0.015763167434720855,paolo-laptop,hwpc-sensor-container
power_consumption,1704512665486000000,0.013255914938661163,paolo-laptop,hwpc-sensor-container
power_consumption,1704512666488000000,0.012474657214166482,paolo-laptop,hwpc-sensor-container
power_consumption,1704512667492000000,0.009857401257682618,paolo-laptop,hwpc-sensor-container
power_consumption,1704512668496000000,0.01144864271362257,paolo-laptop,hwpc-sensor-container
power_consumption,1704512669498000000,0.018288138373194054,paolo-laptop,hwpc-sensor-container
power_consumption,1704512670502000000,0.012468362105111333,paolo-laptop,hwpc-sensor-container
power_consumption,1704512671504000000,0.01327968855764442,paolo-laptop,hwpc-sensor-container
power_consumption,1704512672505000000,0.011420234785325953,paolo-laptop,hwpc-sensor-container
power_consumption,1704512673507000000,0.012851377423786843,paolo-laptop,hwpc-sensor-container
power_consumption,1704512674510000000,0.013754923425096394,paolo-laptop,hwpc-sensor-container
power_consumption,1704512675511000000,0.011720907592180023,paolo-laptop,hwpc-sensor-container
power_consumption,1704512676513000000,0.013219239836853452,paolo-laptop,hwpc-sensor-container
power_consumption,1704512677514000000,0.015308250319760798,paolo-laptop,hwpc-sensor-container
power_consumption,1704512678515000000,0.011430862921085139,paolo-laptop,hwpc-sensor-container
power_consumption,1704512679517000000,0.014386213926324503,paolo-laptop,hwpc-sensor-container
power_consumption,1704512680519000000,0.01409690650851983,paolo-laptop,hwpc-sensor-container
power_consumption,1704512681521000000,0.015658475920826018,paolo-laptop,hwpc-sensor-container
power_consumption,1704512682523000000,0.015741075986754553,paolo-laptop,hwpc-sensor-container
power_consumption,1704512683525000000,0.017079624024113775,paolo-laptop,hwpc-sensor-container
power_consumption,1704512684526000000,0.019254013977278613,paolo-laptop,hwpc-sensor-container
power_consumption,1704512685528000000,0.013008031907770124,paolo-laptop,hwpc-sensor-container
power_consumption,1704512686529000000,0.012270694173024645,paolo-laptop,hwpc-sensor-container
power_consumption,1704512687530000000,0.012948412136224012,paolo-laptop,hwpc-sensor-container
power_consumption,1704512688534000000,0.010853772888240909,paolo-laptop,hwpc-sensor-container
power_consumption,1704512689536000000,0.01807001147545428,paolo-laptop,hwpc-sensor-container
power_consumption,1704512690538000000,0.011886749653885956,paolo-laptop,hwpc-sensor-container
power_consumption,1704512691540000000,0.010480867223025636,paolo-laptop,hwpc-sensor-container
power_consumption,1704512692544000000,0.016461178106164848,paolo-laptop,hwpc-sensor-container
power_consumption,1704512693547000000,0.010825931548147302,paolo-laptop,hwpc-sensor-container
power_consumption,1704512694549000000,0.013209052429941508,paolo-laptop,hwpc-sensor-container
power_consumption,1704512695550000000,0.012853192502913911,paolo-laptop,hwpc-sensor-container
power_consumption,1704512696554000000,0.017500600385728905,paolo-laptop,hwpc-sensor-container
power_consumption,1704512698559000000,0.011992418661655497,paolo-laptop,hwpc-sensor-container
power_consumption,1704512699560000000,0.013526237760176049,paolo-laptop,hwpc-sensor-container
power_consumption,1704512700562000000,0.017522524169946083,paolo-laptop,hwpc-sensor-container
power_consumption,1704512701563000000,0.01429785412855648,paolo-laptop,hwpc-sensor-container
power_consumption,1704512702568000000,0.017148267329112704,paolo-laptop,hwpc-sensor-container
power_consumption,1704512704574000000,0.01130562779038901,paolo-laptop,hwpc-sensor-container
power_consumption,1704512705575000000,0.013323874827411028,paolo-laptop,hwpc-sensor-container
power_consumption,1704512706578000000,0.01808358126997745,paolo-laptop,hwpc-sensor-container
power_consumption,1704512707584000000,0.01941163041279057,paolo-laptop,hwpc-sensor-container
power_consumption,1704512709591000000,0.012238230238887107,paolo-laptop,hwpc-sensor-container
power_consumption,1704512710592000000,0.013888453835240976,paolo-laptop,hwpc-sensor-container
power_consumption,1704512711594000000,0.01972583946647434,paolo-laptop,hwpc-sensor-container
power_consumption,1704512712596000000,0.014743562581795351,paolo-laptop,hwpc-sensor-container
power_consumption,1704512713600000000,0.016908804489905067,paolo-laptop,hwpc-sensor-container
power_consumption,1704512715603000000,0.014405896893985227,paolo-laptop,hwpc-sensor-container
power_consumption,1704512716604000000,0.01551163208483761,paolo-laptop,hwpc-sensor-container
power_consumption,1704512717606000000,0.01992466522358044,paolo-laptop,hwpc-sensor-container
power_consumption,1704512718607000000,0.015130198847285482,paolo-laptop,hwpc-sensor-container
power_consumption,1704512719621000000,0.02083166676564135,paolo-laptop,hwpc-sensor-container
power_consumption,1704512720624000000,0.012156513709550617,paolo-laptop,hwpc-sensor-container
power_consumption,1704512721626000000,0.010792675120508778,paolo-laptop,hwpc-sensor-container
power_consumption,1704512722628000000,0.010117892467789316,paolo-laptop,hwpc-sensor-container
power_consumption,1704512723630000000,0.01121740872833848,paolo-laptop,hwpc-sensor-container
power_consumption,1704512724632000000,0.011795006858164668,paolo-laptop,hwpc-sensor-container
power_consumption,1704512725634000000,0.011992687645780351,paolo-laptop,hwpc-sensor-container
power_consumption,1704512726636000000,0.01250364059799153,paolo-laptop,hwpc-sensor-container
power_consumption,1704512727639000000,0.012911100519134383,paolo-laptop,hwpc-sensor-container
power_consumption,1704512728641000000,0.012650183793384395,paolo-laptop,hwpc-sensor-container
power_consumption,1704512729643000000,0.012198745800627965,paolo-laptop,hwpc-sensor-container
power_consumption,1704512730645000000,0.013105019139882934,paolo-laptop,hwpc-sensor-container
power_consumption,1704512731647000000,0.012959621197632328,paolo-laptop,hwpc-sensor-container
power_consumption,1704512732649000000,0.011550540506437057,paolo-laptop,hwpc-sensor-container
power_consumption,1704512733652000000,0.012770426096781414,paolo-laptop,hwpc-sensor-container
power_consumption,1704512734655000000,0.013602063076110334,paolo-laptop,hwpc-sensor-container
power_consumption,1704512735657000000,0.011027141147984237,paolo-laptop,hwpc-sensor-container
power_consumption,1704512736659000000,0.010469287433101352,paolo-laptop,hwpc-sensor-container
power_consumption,1704512737663000000,0.009603195482653919,paolo-laptop,hwpc-sensor-container
power_consumption,1704512738665000000,0.015433592229354736,paolo-laptop,hwpc-sensor-container
power_consumption,1704512739666000000,0.013309071270968652,paolo-laptop,hwpc-sensor-container
power_consumption,1704512740668000000,0.011305031954601233,paolo-laptop,hwpc-sensor-container
power_consumption,1704512741676000000,0.015558338786983658,paolo-laptop,hwpc-sensor-container
power_consumption,1704512742680000000,0.011707006089296531,paolo-laptop,hwpc-sensor-container
power_consumption,1704512743685000000,0.04000705642788469,paolo-laptop,hwpc-sensor-container
power_consumption,1704512744689000000,0.013901724908350855,paolo-laptop,hwpc-sensor-container
power_consumption,1704512745693000000,0.01141396236343585,paolo-laptop,hwpc-sensor-container
power_consumption,1704512746696000000,0.010171161269642398,paolo-laptop,hwpc-sensor-container
power_consumption,1704512747702000000,0.011318949399223895,paolo-laptop,hwpc-sensor-container
power_consumption,1704512748707000000,0.014531453754503655,paolo-laptop,hwpc-sensor-container
power_consumption,1704512749712000000,0.011516954608765928,paolo-laptop,hwpc-sensor-container
power_consumption,1704512750717000000,0.01638011891921281,paolo-laptop,hwpc-sensor-container
power_consumption,1704512751719000000,0.01340154859046603,paolo-laptop,hwpc-sensor-container
power_consumption,1704512753728000000,0.011505135184606977,paolo-laptop,hwpc-sensor-container
power_consumption,1704512754730000000,0.01303845625657002,paolo-laptop,hwpc-sensor-container
power_consumption,1704512755732000000,0.009695735251810403,paolo-laptop,hwpc-sensor-container
power_consumption,1704512756734000000,0.013813238451137229,paolo-laptop,hwpc-sensor-container
power_consumption,1704512757736000000,0.011381470039059562,paolo-laptop,hwpc-sensor-container
power_consumption,1704512758737000000,0.0110195152180231,paolo-laptop,hwpc-sensor-container
power_consumption,1704512759741000000,0.013387895344864285,paolo-laptop,hwpc-sensor-container
power_consumption,1704512760745000000,0.010781141834433669,paolo-laptop,hwpc-sensor-container
power_consumption,1704512761748000000,0.012827716603948857,paolo-laptop,hwpc-sensor-container
power_consumption,1704512763752000000,0.012281429884172579,paolo-laptop,hwpc-sensor-container
power_consumption,1704512764754000000,0.010421709601420465,paolo-laptop,hwpc-sensor-container
power_consumption,1704512765757000000,0.014510697139215632,paolo-laptop,hwpc-sensor-container
power_consumption,1704512766761000000,0.009335270539688545,paolo-laptop,hwpc-sensor-container
power_consumption,1704512767762000000,0.012225785922622252,paolo-laptop,hwpc-sensor-container
power_consumption,1704512768764000000,0.013685132148861953,paolo-laptop,hwpc-sensor-container
power_consumption,1704512769768000000,0.02413412155235703,paolo-laptop,hwpc-sensor-container
power_consumption,1704512770772000000,0.01372562745947974,paolo-laptop,hwpc-sensor-container
power_consumption,1704512771776000000,0.012843669411899619,paolo-laptop,hwpc-sensor-container
power_consumption,1704512772780000000,0.010746032580168874,paolo-laptop,hwpc-sensor-container
power_consumption,1704512773782000000,0.012440106890271238,paolo-laptop,hwpc-sensor-container
power_consumption,1704512774786000000,0.012312442854021131,paolo-laptop,hwpc-sensor-container
power_consumption,1704512775790000000,0.01731738138697167,paolo-laptop,hwpc-sensor-container
power_consumption,1704512776793000000,0.019088597997679674,paolo-laptop,hwpc-sensor-container
power_consumption,1704512777795000000,0.02072356391920381,paolo-laptop,hwpc-sensor-container
power_consumption,1704512778797000000,0.011851531126823571,paolo-laptop,hwpc-sensor-container
power_consumption,1704512779802000000,0.010610967919812204,paolo-laptop,hwpc-sensor-container
power_consumption,1704512780804000000,0.011430158997207533,paolo-laptop,hwpc-sensor-container
power_consumption,1704512781805000000,0.0129991134359821,paolo-laptop,hwpc-sensor-container
power_consumption,1704512782809000000,0.02802891452300615,paolo-laptop,hwpc-sensor-container
power_consumption,1704512783810000000,0.01093018221471954,paolo-laptop,hwpc-sensor-container
power_consumption,1704512784814000000,0.009801318496538505,paolo-laptop,hwpc-sensor-container
power_consumption,1704512785816000000,0.021779676606925424,paolo-laptop,hwpc-sensor-container
power_consumption,1704512786820000000,0.012603275331107514,paolo-laptop,hwpc-sensor-container
power_consumption,1704512787822000000,0.01206536562113358,paolo-laptop,hwpc-sensor-container
power_consumption,1704512788823000000,0.010910833806438178,paolo-laptop,hwpc-sensor-container
power_consumption,1704512789825000000,0.014771521061851643,paolo-laptop,hwpc-sensor-container
power_consumption,1704512790826000000,0.013212718135716122,paolo-laptop,hwpc-sensor-container
power_consumption,1704512791828000000,0.01112367705996679,paolo-laptop,hwpc-sensor-container
power_consumption,1704512792830000000,0.013375514250080116,paolo-laptop,hwpc-sensor-container
power_consumption,1704512793832000000,0.013416814184174085,paolo-laptop,hwpc-sensor-container
power_consumption,1704512794834000000,0.013194634747673562,paolo-laptop,hwpc-sensor-container
power_consumption,1704512795839000000,0.01138756993641513,paolo-laptop,hwpc-sensor-container
power_consumption,1704512796841000000,0.013961163775731929,paolo-laptop,hwpc-sensor-container
power_consumption,1704512797844000000,0.015954526036854204,paolo-laptop,hwpc-sensor-container
power_consumption,1704512799850000000,0.011821790585835094,paolo-laptop,hwpc-sensor-container
power_consumption,1704512800852000000,0.010974400345418757,paolo-laptop,hwpc-sensor-container
power_consumption,1704512801854000000,0.011677198581733855,paolo-laptop,hwpc-sensor-container
power_consumption,1704512802856000000,0.010952647701507837,paolo-laptop,hwpc-sensor-container
power_consumption,1704512803858000000,0.01213687145776736,paolo-laptop,hwpc-sensor-container
power_consumption,1704512804860000000,0.011864785532756309,paolo-laptop,hwpc-sensor-container
power_consumption,1704512805865000000,0.021232841615630098,paolo-laptop,hwpc-sensor-container
power_consumption,1704512807877000000,0.012884950946159174,paolo-laptop,hwpc-sensor-container
power_consumption,1704512808879000000,0.012845405229030485,paolo-laptop,hwpc-sensor-container
power_consumption,1704512810885000000,0.01316014684655014,paolo-laptop,hwpc-sensor-container
power_consumption,1704512811886000000,0.015157802919195346,paolo-laptop,hwpc-sensor-container
power_consumption,1704512812888000000,0.012658938247050156,paolo-laptop,hwpc-sensor-container
power_consumption,1704512813889000000,0.012436203147222123,paolo-laptop,hwpc-sensor-container
power_consumption,1704512814893000000,0.013174028130888117,paolo-laptop,hwpc-sensor-container
power_consumption,1704512815895000000,0.010809785589768646,paolo-laptop,hwpc-sensor-container
power_consumption,1704512816898000000,0.022419841082061038,paolo-laptop,hwpc-sensor-container
power_consumption,1704512817900000000,0.018950717347203216,paolo-laptop,hwpc-sensor-container
power_consumption,1704512818901000000,0.014043584092914417,paolo-laptop,hwpc-sensor-container
power_consumption,1704512819903000000,0.010850407887662677,paolo-laptop,hwpc-sensor-container
power_consumption,1704512820907000000,0.012730596351740975,paolo-laptop,hwpc-sensor-container
power_consumption,1704512821911000000,0.015407505998601443,paolo-laptop,hwpc-sensor-container
power_consumption,1704512822914000000,0.014707898453387857,paolo-laptop,hwpc-sensor-container
power_consumption,1704512824923000000,0.026854568808086926,paolo-laptop,hwpc-sensor-container
power_consumption,1704512826933000000,0.01323804131724788,paolo-laptop,hwpc-sensor-container
power_consumption,1704512828946000000,0.019560021816200895,paolo-laptop,hwpc-sensor-container
power_consumption,1704512829950000000,0.016785972355336947,paolo-laptop,hwpc-sensor-container
power_consumption,1704512830953000000,0.013321193566270128,paolo-laptop,hwpc-sensor-container
power_consumption,1704512831955000000,0.014821065903276406,paolo-laptop,hwpc-sensor-container
power_consumption,1704512832961000000,0.019405050693698394,paolo-laptop,hwpc-sensor-container
power_consumption,1704512835974000000,0.015091436547734708,paolo-laptop,hwpc-sensor-container
power_consumption,1704512836980000000,0.013594647943067336,paolo-laptop,hwpc-sensor-container
power_consumption,1704512838986000000,0.016557980571981747,paolo-laptop,hwpc-sensor-container
power_consumption,1704512839988000000,0.012227765074788528,paolo-laptop,hwpc-sensor-container
power_consumption,1704512840990000000,0.011832950464056882,paolo-laptop,hwpc-sensor-container
power_consumption,1704512841992000000,0.01198983360566144,paolo-laptop,hwpc-sensor-container
power_consumption,1704512842993000000,0.010779322043584182,paolo-laptop,hwpc-sensor-container
power_consumption,1704512843995000000,0.011281390251594489,paolo-laptop,hwpc-sensor-container
power_consumption,1704512844998000000,0.011675166516646976,paolo-laptop,hwpc-sensor-container
power_consumption,1704512846000000000,0.011895255872592582,paolo-laptop,hwpc-sensor-container
power_consumption,1704512847002000000,0.013070750040649799,paolo-laptop,hwpc-sensor-container
power_consumption,1704512848005000000,0.014188032066522041,paolo-laptop,hwpc-sensor-container
power_consumption,1704512849008000000,0.012865880328395286,paolo-laptop,hwpc-sensor-container
power_consumption,1704512850011000000,0.014144335265409935,paolo-laptop,hwpc-sensor-container
power_consumption,1704512851014000000,0.014724130636023314,paolo-laptop,hwpc-sensor-container
power_consumption,1704512852023000000,0.01439602867084867,paolo-laptop,hwpc-sensor-container
power_consumption,1704512853026000000,0.013609507276569658,paolo-laptop,hwpc-sensor-container
power_consumption,1704512854028000000,0.013762923485471798,paolo-laptop,hwpc-sensor-container
power_consumption,1704512855030000000,0.011084490629237085,paolo-laptop,hwpc-sensor-container
power_consumption,1704512856032000000,0.01351692458583494,paolo-laptop,hwpc-sensor-container
power_consumption,1704512857034000000,0.012522590746521477,paolo-laptop,hwpc-sensor-container
power_consumption,1704512858036000000,0.014346274336061055,paolo-laptop,hwpc-sensor-container
power_consumption,1704512859038000000,0.012946915353308813,paolo-laptop,hwpc-sensor-container
power_consumption,1704512860040000000,0.012464085878000276,paolo-laptop,hwpc-sensor-container
power_consumption,1704512861042000000,0.012264782026046007,paolo-laptop,hwpc-sensor-container
power_consumption,1704512862044000000,0.013151809337483965,paolo-laptop,hwpc-sensor-container
power_consumption,1704512863046000000,0.012193021877188227,paolo-laptop,hwpc-sensor-container
power_consumption,1704512864051000000,0.013500167774089501,paolo-laptop,hwpc-sensor-container
power_consumption,1704512865053000000,0.012684557494519643,paolo-laptop,hwpc-sensor-container
power_consumption,1704512866055000000,0.014054381679380069,paolo-laptop,hwpc-sensor-container
power_consumption,1704512867059000000,0.012555090701814181,paolo-laptop,hwpc-sensor-container
power_consumption,1704512868064000000,0.01688781905644559,paolo-laptop,hwpc-sensor-container
power_consumption,1704512869067000000,0.017356600898183798,paolo-laptop,hwpc-sensor-container
power_consumption,1704512870069000000,0.011627720294988611,paolo-laptop,hwpc-sensor-container
power_consumption,1704512871071000000,0.011832345493803109,paolo-laptop,hwpc-sensor-container
power_consumption,1704512872073000000,0.012166088199436704,paolo-laptop,hwpc-sensor-container
power_consumption,1704512873075000000,0.011394803419939502,paolo-laptop,hwpc-sensor-container
power_consumption,1704512874077000000,0.012076584134770689,paolo-laptop,hwpc-sensor-container
power_consumption,1704512875078000000,0.01146335444145231,paolo-laptop,hwpc-sensor-container
power_consumption,1704512876082000000,0.011134264092495579,paolo-laptop,hwpc-sensor-container
power_consumption,1704512877084000000,0.01436480246708154,paolo-laptop,hwpc-sensor-container
power_consumption,1704512878085000000,0.013057591968944453,paolo-laptop,hwpc-sensor-container
power_consumption,1704512879089000000,0.020034930370829936,paolo-laptop,hwpc-sensor-container
power_consumption,1704512880092000000,0.013992420850765745,paolo-laptop,hwpc-sensor-container
power_consumption,1704512881098000000,0.014639060220349914,paolo-laptop,hwpc-sensor-container
power_consumption,1704512882103000000,0.018255091826698544,paolo-laptop,hwpc-sensor-container
power_consumption,1704512883107000000,0.01576569256268303,paolo-laptop,hwpc-sensor-container
power_consumption,1704512884109000000,0.013125654383113692,paolo-laptop,hwpc-sensor-container
power_consumption,1704512885112000000,0.013909355096060406,paolo-laptop,hwpc-sensor-container
power_consumption,1704512886116000000,0.015379400892469888,paolo-laptop,hwpc-sensor-container
power_consumption,1704512887118000000,0.011837284839362878,paolo-laptop,hwpc-sensor-container
power_consumption,1704512888119000000,0.010812860595601433,paolo-laptop,hwpc-sensor-container
power_consumption,1704512889121000000,0.013613283068459608,paolo-laptop,hwpc-sensor-container
power_consumption,1704512890125000000,0.01061913857274751,paolo-laptop,hwpc-sensor-container
power_consumption,1704512891129000000,0.013540280876806619,paolo-laptop,hwpc-sensor-container
power_consumption,1704512892130000000,0.011661782293199766,paolo-laptop,hwpc-sensor-container
power_consumption,1704512893132000000,0.017015216325943446,paolo-laptop,hwpc-sensor-container
power_consumption,1704512894135000000,0.011761136413233463,paolo-laptop,hwpc-sensor-container
power_consumption,1704512896142000000,0.014449403630529966,paolo-laptop,hwpc-sensor-container
power_consumption,1704512897146000000,0.01141846658581993,paolo-laptop,hwpc-sensor-container
power_consumption,1704512898148000000,0.012672963381220799,paolo-laptop,hwpc-sensor-container
power_consumption,1704512899151000000,0.013703565903178727,paolo-laptop,hwpc-sensor-container
power_consumption,1704512900160000000,0.014311090506115525,paolo-laptop,hwpc-sensor-container
power_consumption,1704512901163000000,0.011351944671952503,paolo-laptop,hwpc-sensor-container
power_consumption,1704512902167000000,0.0130867493804303,paolo-laptop,hwpc-sensor-container
power_consumption,1704512903168000000,0.010945318761801697,paolo-laptop,hwpc-sensor-container
power_consumption,1704512904173000000,0.013548317200887167,paolo-laptop,hwpc-sensor-container
power_consumption,1704512905175000000,0.010292338162818795,paolo-laptop,hwpc-sensor-container
power_consumption,1704512907184000000,0.01324656771399087,paolo-laptop,hwpc-sensor-container
power_consumption,1704512908186000000,0.01799543159320725,paolo-laptop,hwpc-sensor-container
power_consumption,1704512909188000000,0.011725958179200779,paolo-laptop,hwpc-sensor-container
power_consumption,1704512910190000000,0.011888828387849942,paolo-laptop,hwpc-sensor-container
power_consumption,1704512911191000000,0.012006308447682842,paolo-laptop,hwpc-sensor-container
power_consumption,1704512912193000000,0.011319162635201883,paolo-laptop,hwpc-sensor-container
power_consumption,1704512913194000000,0.012798991838565218,paolo-laptop,hwpc-sensor-container
power_consumption,1704512914195000000,0.010898136774869317,paolo-laptop,hwpc-sensor-container
power_consumption,1704512915197000000,0.010394675478582638,paolo-laptop,hwpc-sensor-container
power_consumption,1704512916199000000,0.010973917042384668,paolo-laptop,hwpc-sensor-container
power_consumption,1704512917200000000,0.011362426134582947,paolo-laptop,hwpc-sensor-container
power_consumption,1704512918202000000,0.01325151185121036,paolo-laptop,hwpc-sensor-container
power_consumption,1704512919203000000,0.010782012905185464,paolo-laptop,hwpc-sensor-container
power_consumption,1704512920204000000,0.011760692098974148,paolo-laptop,hwpc-sensor-container
power_consumption,1704512921206000000,0.01385501570210874,paolo-laptop,hwpc-sensor-container
power_consumption,1704512922210000000,0.01300835182316479,paolo-laptop,hwpc-sensor-container
power_consumption,1704512923214000000,0.011000028657189707,paolo-laptop,hwpc-sensor-container
power_consumption,1704512924216000000,0.013698573180981267,paolo-laptop,hwpc-sensor-container
power_consumption,1704512925222000000,0.010890539227366769,paolo-laptop,hwpc-sensor-container
power_consumption,1704512926227000000,0.022487863392638318,paolo-laptop,hwpc-sensor-container
power_consumption,1704512927230000000,0.012813839063792862,paolo-laptop,hwpc-sensor-container
power_consumption,1704512928232000000,0.011681055750466001,paolo-laptop,hwpc-sensor-container
power_consumption,1704512930237000000,0.014081835505625886,paolo-laptop,hwpc-sensor-container
power_consumption,1704512931241000000,0.01665722344021888,paolo-laptop,hwpc-sensor-container
power_consumption,1704512932247000000,0.012164972936477742,paolo-laptop,hwpc-sensor-container
power_consumption,1704512933251000000,0.014565313138719376,paolo-laptop,hwpc-sensor-container
power_consumption,1704512934253000000,0.013293624308023994,paolo-laptop,hwpc-sensor-container
power_consumption,1704512935254000000,0.012767504995684607,paolo-laptop,hwpc-sensor-container
power_consumption,1704512936258000000,0.012312509580698005,paolo-laptop,hwpc-sensor-container
power_consumption,1704512937262000000,0.014181624963602549,paolo-laptop,hwpc-sensor-container
power_consumption,1704512938265000000,0.010942982130395358,paolo-laptop,hwpc-sensor-container
power_consumption,1704512939269000000,0.011895570283399479,paolo-laptop,hwpc-sensor-container
power_consumption,1704512941273000000,0.013503053445939729,paolo-laptop,hwpc-sensor-container
power_consumption,1704512942276000000,0.014559844572011938,paolo-laptop,hwpc-sensor-container
power_consumption,1704512943278000000,0.013577797289051903,paolo-laptop,hwpc-sensor-container
power_consumption,1704512944282000000,0.011055796864564652,paolo-laptop,hwpc-sensor-container
power_consumption,1704512945286000000,0.01035553327796045,paolo-laptop,hwpc-sensor-container
power_consumption,1704512946290000000,0.012004526815372014,paolo-laptop,hwpc-sensor-container
power_consumption,1704512947292000000,0.013436742064261098,paolo-laptop,hwpc-sensor-container
power_consumption,1704512948294000000,0.010913613641391632,paolo-laptop,hwpc-sensor-container
power_consumption,1704512949295000000,0.013963397644426785,paolo-laptop,hwpc-sensor-container
power_consumption,1704512950297000000,0.016289705629490614,paolo-laptop,hwpc-sensor-container
power_consumption,1704512951299000000,0.014095599820669966,paolo-laptop,hwpc-sensor-container
power_consumption,1704512952300000000,0.016756980644524338,paolo-laptop,hwpc-sensor-container
power_consumption,1704512953302000000,0.014673917040534022,paolo-laptop,hwpc-sensor-container
power_consumption,1704512954305000000,0.011305807095763499,paolo-laptop,hwpc-sensor-container
power_consumption,1704512955307000000,0.012071832384156787,paolo-laptop,hwpc-sensor-container
power_consumption,1704512956311000000,0.014533406121643475,paolo-laptop,hwpc-sensor-container
power_consumption,1704512957313000000,0.0109255505564274,paolo-laptop,hwpc-sensor-container
power_consumption,1704512958318000000,0.01203269140375285,paolo-laptop,hwpc-sensor-container
power_consumption,1704512959322000000,0.015930105456030068,paolo-laptop,hwpc-sensor-container
power_consumption,1704512960323000000,0.01189759552265946,paolo-laptop,hwpc-sensor-container
power_consumption,1704512961325000000,0.014812142217688631,paolo-laptop,hwpc-sensor-container
power_consumption,1704512962329000000,0.011450762388800826,paolo-laptop,hwpc-sensor-container
power_consumption,1704512963333000000,0.015011509258455865,paolo-laptop,hwpc-sensor-container
power_consumption,1704512964335000000,0.012214559291888681,paolo-laptop,hwpc-sensor-container
power_consumption,1704512965338000000,0.01393094817924384,paolo-laptop,hwpc-sensor-container
power_consumption,1704512966340000000,0.014016626714313954,paolo-laptop,hwpc-sensor-container
power_consumption,1704512967341000000,0.011396965854526004,paolo-laptop,hwpc-sensor-container
power_consumption,1704512968343000000,0.014105662627095313,paolo-laptop,hwpc-sensor-container
power_consumption,1704512969344000000,0.017687865015968522,paolo-laptop,hwpc-sensor-container
power_consumption,1704512970345000000,0.011236599415623433,paolo-laptop,hwpc-sensor-container
power_consumption,1704512971347000000,0.012512345010475732,paolo-laptop,hwpc-sensor-container
power_consumption,1704512972349000000,0.01104307468362449,paolo-laptop,hwpc-sensor-container
power_consumption,1704512973352000000,0.013254000907199907,paolo-laptop,hwpc-sensor-container
power_consumption,1704512974354000000,0.01423409337154137,paolo-laptop,hwpc-sensor-container
power_consumption,1704512975357000000,0.011213097104716583,paolo-laptop,hwpc-sensor-container
power_consumption,1704512976362000000,0.014783702817761995,paolo-laptop,hwpc-sensor-container
power_consumption,1704512977364000000,0.012014242256089934,paolo-laptop,hwpc-sensor-container
power_consumption,1704512978369000000,0.0116705250175916,paolo-laptop,hwpc-sensor-container
power_consumption,1704512979373000000,0.014165772259934912,paolo-laptop,hwpc-sensor-container
power_consumption,1704512980376000000,0.011992966656670864,paolo-laptop,hwpc-sensor-container
power_consumption,1704512981380000000,0.018372695408320663,paolo-laptop,hwpc-sensor-container
power_consumption,1704512982382000000,0.01435945515358347,paolo-laptop,hwpc-sensor-container
power_consumption,1704512983385000000,0.016538467365967324,paolo-laptop,hwpc-sensor-container
power_consumption,1704512984388000000,0.013059219220036451,paolo-laptop,hwpc-sensor-container
power_consumption,1704512985391000000,0.017196038382959085,paolo-laptop,hwpc-sensor-container
power_consumption,1704512986392000000,0.013590971677594398,paolo-laptop,hwpc-sensor-container
power_consumption,1704512987394000000,0.010515268038906844,paolo-laptop,hwpc-sensor-container
power_consumption,1704512988396000000,0.013287558715630417,paolo-laptop,hwpc-sensor-container
power_consumption,1704512989398000000,0.017505999336953043,paolo-laptop,hwpc-sensor-container
power_consumption,1704512990400000000,0.015588994421710689,paolo-laptop,hwpc-sensor-container
power_consumption,1704512991409000000,0.00997808347674637,paolo-laptop,hwpc-sensor-container
power_consumption,1704512992416000000,0.01617273860581207,paolo-laptop,hwpc-sensor-container
power_consumption,1704512993419000000,0.013841382562790472,paolo-laptop,hwpc-sensor-container
power_consumption,1704512994420000000,0.013313841961615286,paolo-laptop,hwpc-sensor-container
power_consumption,1704512995422000000,0.012146641675198173,paolo-laptop,hwpc-sensor-container
power_consumption,1704512996423000000,0.011223825670659476,paolo-laptop,hwpc-sensor-container
power_consumption,1704512997424000000,0.01081616204819774,paolo-laptop,hwpc-sensor-container
power_consumption,1704512998426000000,0.013926968128302271,paolo-laptop,hwpc-sensor-container
power_consumption,1704512999428000000,0.015228586471388516,paolo-laptop,hwpc-sensor-container
power_consumption,1704513000432000000,0.015889215619956716,paolo-laptop,hwpc-sensor-container
power_consumption,1704513001436000000,0.015397286271110953,paolo-laptop,hwpc-sensor-container
power_consumption,1704513002440000000,0.009714819884193373,paolo-laptop,hwpc-sensor-container
power_consumption,1704513003443000000,0.014337672786078429,paolo-laptop,hwpc-sensor-container
power_consumption,1704513004447000000,0.01578234418936703,paolo-laptop,hwpc-sensor-container
power_consumption,1704513005451000000,0.012985440655413382,paolo-laptop,hwpc-sensor-container
power_consumption,1704513006453000000,0.011403445223420424,paolo-laptop,hwpc-sensor-container
power_consumption,1704513007454000000,0.013363485720967934,paolo-laptop,hwpc-sensor-container
power_consumption,1704513008456000000,0.01124401940222203,paolo-laptop,hwpc-sensor-container
power_consumption,1704513009458000000,0.014628137647804705,paolo-laptop,hwpc-sensor-container
power_consumption,1704513010460000000,0.012881940373676579,paolo-laptop,hwpc-sensor-container
power_consumption,1704513011461000000,0.010841299847117972,paolo-laptop,hwpc-sensor-container
power_consumption,1704513012465000000,0.012867585803117379,paolo-laptop,hwpc-sensor-container
power_consumption,1704513014471000000,0.011238601134181448,paolo-laptop,hwpc-sensor-container
power_consumption,1704513015472000000,0.011362578797669167,paolo-laptop,hwpc-sensor-container
power_consumption,1704513016474000000,0.012695017716729227,paolo-laptop,hwpc-sensor-container
power_consumption,1704513017475000000,0.010635799323367407,paolo-laptop,hwpc-sensor-container
power_consumption,1704513018478000000,0.013231353650463639,paolo-laptop,hwpc-sensor-container
power_consumption,1704513019480000000,0.013011805015110293,paolo-laptop,hwpc-sensor-container
power_consumption,1704513020483000000,0.010071466046994803,paolo-laptop,hwpc-sensor-container
power_consumption,1704513021487000000,0.011572864286847128,paolo-laptop,hwpc-sensor-container
power_consumption,1704513022491000000,0.0146798444628001,paolo-laptop,hwpc-sensor-container
power_consumption,1704513023492000000,0.012169707775506683,paolo-laptop,hwpc-sensor-container
power_consumption,1704513024494000000,0.011593638373499391,paolo-laptop,hwpc-sensor-container
power_consumption,1704513025498000000,0.012576595430158807,paolo-laptop,hwpc-sensor-container
power_consumption,1704513026502000000,0.018942438090160506,paolo-laptop,hwpc-sensor-container
power_consumption,1704513027504000000,0.014187510853923238,paolo-laptop,hwpc-sensor-container
power_consumption,1704513028506000000,0.02048193745266147,paolo-laptop,hwpc-sensor-container
power_consumption,1704513029507000000,0.013282522827492201,paolo-laptop,hwpc-sensor-container
power_consumption,1704513030509000000,0.01218946070582955,paolo-laptop,hwpc-sensor-container
power_consumption,1704513032512000000,0.013389675200763507,paolo-laptop,hwpc-sensor-container
power_consumption,1704513033513000000,0.011192449155982023,paolo-laptop,hwpc-sensor-container
power_consumption,1704513034514000000,0.009523090153278445,paolo-laptop,hwpc-sensor-container
power_consumption,1704513035515000000,0.015525305043696218,paolo-laptop,hwpc-sensor-container
power_consumption,1704513036517000000,0.01115794825190767,paolo-laptop,hwpc-sensor-container
power_consumption,1704513037521000000,0.013473488234887743,paolo-laptop,hwpc-sensor-container
power_consumption,1704513038523000000,0.011921609499649403,paolo-laptop,hwpc-sensor-container
power_consumption,1704513039524000000,0.01450925426576251,paolo-laptop,hwpc-sensor-container
power_consumption,1704513040528000000,0.012394963164641842,paolo-laptop,hwpc-sensor-container
power_consumption,1704513041530000000,0.013390607512689279,paolo-laptop,hwpc-sensor-container
power_consumption,1704513042533000000,0.014910394583476256,paolo-laptop,hwpc-sensor-container
power_consumption,1704513043535000000,0.01330577949795324,paolo-laptop,hwpc-sensor-container
power_consumption,1704513044538000000,0.01348832634739986,paolo-laptop,hwpc-sensor-container
power_consumption,1704513045544000000,0.016952002930053764,paolo-laptop,hwpc-sensor-container
power_consumption,1704513046551000000,0.01308147250505461,paolo-laptop,hwpc-sensor-container
power_consumption,1704513047553000000,0.020067560401868804,paolo-laptop,hwpc-sensor-container
power_consumption,1704513048556000000,0.010963264232526618,paolo-laptop,hwpc-sensor-container
power_consumption,1704513049560000000,0.015173558785197858,paolo-laptop,hwpc-sensor-container
power_consumption,1704513050564000000,0.014045785335948562,paolo-laptop,hwpc-sensor-container
power_consumption,1704513051566000000,0.014117657943879312,paolo-laptop,hwpc-sensor-container
power_consumption,1704513052570000000,0.011824034295775719,paolo-laptop,hwpc-sensor-container
power_consumption,1704513053574000000,0.011190177737727949,paolo-laptop,hwpc-sensor-container
power_consumption,1704513054577000000,0.01084506016044545,paolo-laptop,hwpc-sensor-container
power_consumption,1704513055579000000,0.01044394801613301,paolo-laptop,hwpc-sensor-container
power_consumption,1704513056581000000,0.015091009056347424,paolo-laptop,hwpc-sensor-container
power_consumption,1704513057583000000,0.0119444052151516,paolo-laptop,hwpc-sensor-container
power_consumption,1704513058585000000,0.011354158973598052,paolo-laptop,hwpc-sensor-container
power_consumption,1704513059587000000,0.012334818731350318,paolo-laptop,hwpc-sensor-container
power_consumption,1704513060593000000,0.0116177055026977,paolo-laptop,hwpc-sensor-container
power_consumption,1704513061594000000,0.013433950765758535,paolo-laptop,hwpc-sensor-container
power_consumption,1704513062598000000,0.014578692537647143,paolo-laptop,hwpc-sensor-container
power_consumption,1704513063600000000,0.01164267109447491,paolo-laptop,hwpc-sensor-container
power_consumption,1704513064601000000,0.01153960378603793,paolo-laptop,hwpc-sensor-container
power_consumption,1704513065605000000,0.012869978082776692,paolo-laptop,hwpc-sensor-container
power_consumption,1704513066609000000,0.017895838771293266,paolo-laptop,hwpc-sensor-container
power_consumption,1704513067612000000,0.009830627955846367,paolo-laptop,hwpc-sensor-container
power_consumption,1704513068614000000,0.01381264314355827,paolo-laptop,hwpc-sensor-container
power_consumption,1704513069616000000,0.011600031264438326,paolo-laptop,hwpc-sensor-container
power_consumption,1704513070621000000,0.013228099059904805,paolo-laptop,hwpc-sensor-container
power_consumption,1704513071623000000,0.014219686676721629,paolo-laptop,hwpc-sensor-container
power_consumption,1704513072625000000,0.013233516569038309,paolo-laptop,hwpc-sensor-container
power_consumption,1704513073626000000,0.010268348021628043,paolo-laptop,hwpc-sensor-container
power_consumption,1704513074627000000,0.010978208849866385,paolo-laptop,hwpc-sensor-container
power_consumption,1704513075630000000,0.015520391619210528,paolo-laptop,hwpc-sensor-container
power_consumption,1704513076633000000,0.012123959770803947,paolo-laptop,hwpc-sensor-container
power_consumption,1704513077635000000,0.012484467496644572,paolo-laptop,hwpc-sensor-container
power_consumption,1704513078638000000,0.012103925618921717,paolo-laptop,hwpc-sensor-container
power_consumption,1704513079639000000,0.010712008592662225,paolo-laptop,hwpc-sensor-container
power_consumption,1704513080641000000,0.013485767577769512,paolo-laptop,hwpc-sensor-container
power_consumption,1704513081643000000,0.01311536636534012,paolo-laptop,hwpc-sensor-container
power_consumption,1704513082645000000,0.012783773472758438,paolo-laptop,hwpc-sensor-container
power_consumption,1704513083647000000,0.011633568210733851,paolo-laptop,hwpc-sensor-container
power_consumption,1704513084650000000,0.01087611815860872,paolo-laptop,hwpc-sensor-container
power_consumption,1704513085651000000,0.010097656756196186,paolo-laptop,hwpc-sensor-container
power_consumption,1704513086653000000,0.014596394335047445,paolo-laptop,hwpc-sensor-container
power_consumption,1704513087654000000,0.01489238378239576,paolo-laptop,hwpc-sensor-container
power_consumption,1704513088655000000,0.01319975726559912,paolo-laptop,hwpc-sensor-container
power_consumption,1704513089657000000,0.01262657121647608,paolo-laptop,hwpc-sensor-container
power_consumption,1704513090659000000,0.011451340280673735,paolo-laptop,hwpc-sensor-container
power_consumption,1704513091661000000,0.01001291912931998,paolo-laptop,hwpc-sensor-container
power_consumption,1704513092662000000,0.012742293747178158,paolo-laptop,hwpc-sensor-container
power_consumption,1704513093664000000,0.014733909084370117,paolo-laptop,hwpc-sensor-container
power_consumption,1704513094666000000,0.01497739242850716,paolo-laptop,hwpc-sensor-container
power_consumption,1704513095667000000,0.009254336107809237,paolo-laptop,hwpc-sensor-container
power_consumption,1704513096670000000,0.013987460581720932,paolo-laptop,hwpc-sensor-container
power_consumption,1704513097672000000,0.011484551194726921,paolo-laptop,hwpc-sensor-container
power_consumption,1704513098674000000,0.01129660514449459,paolo-laptop,hwpc-sensor-container
power_consumption,1704513099678000000,0.013445904160832148,paolo-laptop,hwpc-sensor-container
power_consumption,1704513101686000000,0.013203695307754013,paolo-laptop,hwpc-sensor-container
power_consumption,1704513102687000000,0.011815339910230769,paolo-laptop,hwpc-sensor-container
power_consumption,1704513103688000000,0.011153448012645378,paolo-laptop,hwpc-sensor-container
power_consumption,1704513104691000000,0.011335875117896802,paolo-laptop,hwpc-sensor-container
power_consumption,1704513105693000000,0.012934522274911651,paolo-laptop,hwpc-sensor-container
power_consumption,1704513106695000000,0.01178980549516994,paolo-laptop,hwpc-sensor-container
power_consumption,1704513107698000000,0.012155337640954467,paolo-laptop,hwpc-sensor-container
power_consumption,1704513108700000000,0.012950008200458557,paolo-laptop,hwpc-sensor-container
power_consumption,1704513109702000000,0.01143016301984625,paolo-laptop,hwpc-sensor-container
power_consumption,1704513110704000000,0.012410392727019059,paolo-laptop,hwpc-sensor-container
power_consumption,1704513111708000000,0.012821921529547663,paolo-laptop,hwpc-sensor-container
power_consumption,1704513112710000000,0.012418026286094857,paolo-laptop,hwpc-sensor-container
power_consumption,1704513113714000000,0.012977934966340138,paolo-laptop,hwpc-sensor-container
power_consumption,1704513114715000000,0.013867245501185245,paolo-laptop,hwpc-sensor-container
power_consumption,1704513115716000000,0.011969746211745135,paolo-laptop,hwpc-sensor-container
power_consumption,1704513116718000000,0.011844677147203777,paolo-laptop,hwpc-sensor-container
power_consumption,1704513117721000000,0.012041871138658254,paolo-laptop,hwpc-sensor-container
power_consumption,1704513118726000000,0.016180101333957544,paolo-laptop,hwpc-sensor-container
power_consumption,1704513119730000000,0.013207076275473148,paolo-laptop,hwpc-sensor-container
power_consumption,1704513120732000000,0.0108048582724043,paolo-laptop,hwpc-sensor-container
power_consumption,1704513121733000000,0.012184627778089182,paolo-laptop,hwpc-sensor-container
power_consumption,1704513122737000000,0.013320251280788372,paolo-laptop,hwpc-sensor-container
power_consumption,1704513123739000000,0.01155619738040736,paolo-laptop,hwpc-sensor-container
power_consumption,1704513124743000000,0.01160962130083135,paolo-laptop,hwpc-sensor-container
