name,time,power,sensor,target
power_consumption,1705279498672000000,0.01156204188009825,paolo-laptop,hwpc-sensor-container
power_consumption,1705279499674000000,0.011417830671951549,paolo-laptop,hwpc-sensor-container
power_consumption,1705279500676000000,0.011946359026157243,paolo-laptop,hwpc-sensor-container
power_consumption,1705279501679000000,0.01189835855144311,paolo-laptop,hwpc-sensor-container
power_consumption,1705279505689000000,0.01162280813348335,paolo-laptop,hwpc-sensor-container
power_consumption,1705279506691000000,0.011556875310767656,paolo-laptop,hwpc-sensor-container
power_consumption,1705279507693000000,0.012073345299540995,paolo-laptop,hwpc-sensor-container
power_consumption,1705279508695000000,0.012033730803703409,paolo-laptop,hwpc-sensor-container
power_consumption,1705279509697000000,0.011943988252941849,paolo-laptop,hwpc-sensor-container
power_consumption,1705279510699000000,0.012123735328949633,paolo-laptop,hwpc-sensor-container
power_consumption,1705279511701000000,0.011465211364316767,paolo-laptop,hwpc-sensor-container
power_consumption,1705279512703000000,0.01071112681218718,paolo-laptop,hwpc-sensor-container
power_consumption,1705279513705000000,0.010283042320224537,paolo-laptop,hwpc-sensor-container
power_consumption,1705279515709000000,0.011752966704699313,paolo-laptop,hwpc-sensor-container
power_consumption,1705279516712000000,0.012239160668763066,paolo-laptop,hwpc-sensor-container
power_consumption,1705279517714000000,0.012830831004232403,paolo-laptop,hwpc-sensor-container
power_consumption,1705279526742000000,0.01194148804076589,paolo-laptop,hwpc-sensor-container
power_consumption,1705279527744000000,0.012704601879714767,paolo-laptop,hwpc-sensor-container
power_consumption,1705279528747000000,0.013624669444695887,paolo-laptop,hwpc-sensor-container
power_consumption,1705279529753000000,0.012123936753321948,paolo-laptop,hwpc-sensor-container
power_consumption,1705279530758000000,0.012124559814478662,paolo-laptop,hwpc-sensor-container
power_consumption,1705279531764000000,0.012180875589437735,paolo-laptop,hwpc-sensor-container
power_consumption,1705279532769000000,0.009498054345191569,paolo-laptop,hwpc-sensor-container
power_consumption,1705279533771000000,0.01395655633936798,paolo-laptop,hwpc-sensor-container
power_consumption,1705279534773000000,0.012153776810763108,paolo-laptop,hwpc-sensor-container
power_consumption,1705279535775000000,0.012756978186883892,paolo-laptop,hwpc-sensor-container
power_consumption,1705279536778000000,0.012416786529837819,paolo-laptop,hwpc-sensor-container
power_consumption,1705279537780000000,0.011983796892269579,paolo-laptop,hwpc-sensor-container
power_consumption,1705279538783000000,0.011869893413695182,paolo-laptop,hwpc-sensor-container
power_consumption,1705279539785000000,0.011823542098362939,paolo-laptop,hwpc-sensor-container
power_consumption,1705279540788000000,0.016077277195659545,paolo-laptop,hwpc-sensor-container
power_consumption,1705279541795000000,0.013070679109080519,paolo-laptop,hwpc-sensor-container
power_consumption,1705279543805000000,0.010619446775808075,paolo-laptop,hwpc-sensor-container
power_consumption,1705279544808000000,0.01261934818510962,paolo-laptop,hwpc-sensor-container
power_consumption,1705279545811000000,0.010861807735690548,paolo-laptop,hwpc-sensor-container
power_consumption,1705279546813000000,0.012532866185474108,paolo-laptop,hwpc-sensor-container
power_consumption,1705279547815000000,0.012415037668667382,paolo-laptop,hwpc-sensor-container
power_consumption,1705279548817000000,0.012118852628927038,paolo-laptop,hwpc-sensor-container
power_consumption,1705279549821000000,0.011947917134566105,paolo-laptop,hwpc-sensor-container
power_consumption,1705279550823000000,0.011870864928618309,paolo-laptop,hwpc-sensor-container
power_consumption,1705279551826000000,0.013107153150728525,paolo-laptop,hwpc-sensor-container
power_consumption,1705279552828000000,0.011789079650451856,paolo-laptop,hwpc-sensor-container
power_consumption,1705279553830000000,0.011823795051439798,paolo-laptop,hwpc-sensor-container
power_consumption,1705279554833000000,0.012302205442582363,paolo-laptop,hwpc-sensor-container
power_consumption,1705279555835000000,0.012103400133786616,paolo-laptop,hwpc-sensor-container
power_consumption,1705279556837000000,0.012387525450171652,paolo-laptop,hwpc-sensor-container
power_consumption,1705279557839000000,0.012023144219792363,paolo-laptop,hwpc-sensor-container
power_consumption,1705279558841000000,0.015228079824800317,paolo-laptop,hwpc-sensor-container
power_consumption,1705279559848000000,0.012835245153590979,paolo-laptop,hwpc-sensor-container
power_consumption,1705279560854000000,0.009881283621177323,paolo-laptop,hwpc-sensor-container
power_consumption,1705279561856000000,0.012082579258234086,paolo-laptop,hwpc-sensor-container
power_consumption,1705279562859000000,0.01203114453362884,paolo-laptop,hwpc-sensor-container
power_consumption,1705279563861000000,0.012049287290988198,paolo-laptop,hwpc-sensor-container
power_consumption,1705279564863000000,0.012465308186905007,paolo-laptop,hwpc-sensor-container
power_consumption,1705279565865000000,0.012059284356585195,paolo-laptop,hwpc-sensor-container
power_consumption,1705279566867000000,0.011978617663220864,paolo-laptop,hwpc-sensor-container
power_consumption,1705279567869000000,0.012449539796234609,paolo-laptop,hwpc-sensor-container
power_consumption,1705279568872000000,0.01240340623555143,paolo-laptop,hwpc-sensor-container
power_consumption,1705279572886000000,0.013503596231980103,paolo-laptop,hwpc-sensor-container
power_consumption,1705279573893000000,0.010381661807786557,paolo-laptop,hwpc-sensor-container
power_consumption,1705279574895000000,0.01418771873926495,paolo-laptop,hwpc-sensor-container
power_consumption,1705279575902000000,0.013201369897918203,paolo-laptop,hwpc-sensor-container
power_consumption,1705279578909000000,0.011010726191212877,paolo-laptop,hwpc-sensor-container
power_consumption,1705279583922000000,0.012609411301363508,paolo-laptop,hwpc-sensor-container
power_consumption,1705279584924000000,0.010809183678711623,paolo-laptop,hwpc-sensor-container
power_consumption,1705279586928000000,0.012184416488888242,paolo-laptop,hwpc-sensor-container
power_consumption,1705279587930000000,0.012807932020091907,paolo-laptop,hwpc-sensor-container
power_consumption,1705279588931000000,0.012315504334231996,paolo-laptop,hwpc-sensor-container
power_consumption,1705279589933000000,0.011920848952936925,paolo-laptop,hwpc-sensor-container
power_consumption,1705279590935000000,0.012515277751701805,paolo-laptop,hwpc-sensor-container
power_consumption,1705279591937000000,0.01106259992167525,paolo-laptop,hwpc-sensor-container
power_consumption,1705279592939000000,0.011180889414324486,paolo-laptop,hwpc-sensor-container
power_consumption,1705279593941000000,0.011802432554260478,paolo-laptop,hwpc-sensor-container
power_consumption,1705279594943000000,0.011931256850250139,paolo-laptop,hwpc-sensor-container
power_consumption,1705279595946000000,0.01443588037503358,paolo-laptop,hwpc-sensor-container
power_consumption,1705279596951000000,0.012331701205642033,paolo-laptop,hwpc-sensor-container
power_consumption,1705279597956000000,0.010573128687897875,paolo-laptop,hwpc-sensor-container
power_consumption,1705279598958000000,0.011516177301560925,paolo-laptop,hwpc-sensor-container
power_consumption,1705279599960000000,0.012481624395369203,paolo-laptop,hwpc-sensor-container
power_consumption,1705279600962000000,0.011563558581054867,paolo-laptop,hwpc-sensor-container
power_consumption,1705279601965000000,0.012840411874073537,paolo-laptop,hwpc-sensor-container
power_consumption,1705279602968000000,0.012155611133339201,paolo-laptop,hwpc-sensor-container
power_consumption,1705279609981000000,0.011758767773628585,paolo-laptop,hwpc-sensor-container
power_consumption,1705279610983000000,0.01105153549183895,paolo-laptop,hwpc-sensor-container
power_consumption,1705279613991000000,0.011873325360457234,paolo-laptop,hwpc-sensor-container
power_consumption,1705279614994000000,0.013327936430222335,paolo-laptop,hwpc-sensor-container
power_consumption,1705279615997000000,0.011422308762437484,paolo-laptop,hwpc-sensor-container
power_consumption,1705279616999000000,0.01040094412332127,paolo-laptop,hwpc-sensor-container
power_consumption,1705279618005000000,0.018539948650727247,paolo-laptop,hwpc-sensor-container
power_consumption,1705279620009000000,0.012505168414133414,paolo-laptop,hwpc-sensor-container
power_consumption,1705279621011000000,0.012162676665928416,paolo-laptop,hwpc-sensor-container
power_consumption,1705279624024000000,0.01157655637782453,paolo-laptop,hwpc-sensor-container
power_consumption,1705279625026000000,0.012152971900871697,paolo-laptop,hwpc-sensor-container
power_consumption,1705279626029000000,0.0136213686467155,paolo-laptop,hwpc-sensor-container
power_consumption,1705279627031000000,0.013416156123727227,paolo-laptop,hwpc-sensor-container
power_consumption,1705279628041000000,0.010786599711385906,paolo-laptop,hwpc-sensor-container
power_consumption,1705279629043000000,0.011607852319005438,paolo-laptop,hwpc-sensor-container
power_consumption,1705279630046000000,0.012247075207736963,paolo-laptop,hwpc-sensor-container
power_consumption,1705279631048000000,0.012182868349826702,paolo-laptop,hwpc-sensor-container
power_consumption,1705279636063000000,0.012405134805226793,paolo-laptop,hwpc-sensor-container
power_consumption,1705279637065000000,0.01213832575110848,paolo-laptop,hwpc-sensor-container
power_consumption,1705279638069000000,0.016952112674777406,paolo-laptop,hwpc-sensor-container
power_consumption,1705279640073000000,0.012119510065846509,paolo-laptop,hwpc-sensor-container
power_consumption,1705279641075000000,0.011758999808923736,paolo-laptop,hwpc-sensor-container
power_consumption,1705279642076000000,0.010416075777659019,paolo-laptop,hwpc-sensor-container
power_consumption,1705279644081000000,0.014889221936839857,paolo-laptop,hwpc-sensor-container
power_consumption,1705279646087000000,0.0116397678220321,paolo-laptop,hwpc-sensor-container
power_consumption,1705279647090000000,0.011666867349442528,paolo-laptop,hwpc-sensor-container
power_consumption,1705279651103000000,0.012810149576697957,paolo-laptop,hwpc-sensor-container
power_consumption,1705279652105000000,0.012126666117364838,paolo-laptop,hwpc-sensor-container
power_consumption,1705279653107000000,0.01204881592294795,paolo-laptop,hwpc-sensor-container
power_consumption,1705279654110000000,0.011629328776699154,paolo-laptop,hwpc-sensor-container
power_consumption,1705279655112000000,0.011928263501622672,paolo-laptop,hwpc-sensor-container
power_consumption,1705279656114000000,0.012351524060478063,paolo-laptop,hwpc-sensor-container
power_consumption,1705279657116000000,0.012848581710790511,paolo-laptop,hwpc-sensor-container
power_consumption,1705279658118000000,0.011636694841755918,paolo-laptop,hwpc-sensor-container
power_consumption,1705279659120000000,0.01199180229823699,paolo-laptop,hwpc-sensor-container
power_consumption,1705279660122000000,0.011623460517157649,paolo-laptop,hwpc-sensor-container
power_consumption,1705279661124000000,0.01238733743464738,paolo-laptop,hwpc-sensor-container
power_consumption,1705279662127000000,0.011983350274896372,paolo-laptop,hwpc-sensor-container
power_consumption,1705279663129000000,0.012189212813888652,paolo-laptop,hwpc-sensor-container
power_consumption,1705279664131000000,0.012508476655858754,paolo-laptop,hwpc-sensor-container
power_consumption,1705279665134000000,0.012720809327836008,paolo-laptop,hwpc-sensor-container
power_consumption,1705279666136000000,0.012478097708644668,paolo-laptop,hwpc-sensor-container
power_consumption,1705279667138000000,0.012354604642481743,paolo-laptop,hwpc-sensor-container
power_consumption,1705279668140000000,0.012445573546693702,paolo-laptop,hwpc-sensor-container
power_consumption,1705279669143000000,0.01248379157601896,paolo-laptop,hwpc-sensor-container
power_consumption,1705279670145000000,0.011857340788228886,paolo-laptop,hwpc-sensor-container
power_consumption,1705279671147000000,0.011936170069829829,paolo-laptop,hwpc-sensor-container
power_consumption,1705279672150000000,0.012770193788202667,paolo-laptop,hwpc-sensor-container
power_consumption,1705279673152000000,0.011510588531610782,paolo-laptop,hwpc-sensor-container
power_consumption,1705279674155000000,0.011708801062976771,paolo-laptop,hwpc-sensor-container
power_consumption,1705279675157000000,0.012014070708908316,paolo-laptop,hwpc-sensor-container
power_consumption,1705279676159000000,0.011234827974610919,paolo-laptop,hwpc-sensor-container
power_consumption,1705279677160000000,0.010491347507155493,paolo-laptop,hwpc-sensor-container
power_consumption,1705279680167000000,0.013439421675350798,paolo-laptop,hwpc-sensor-container
power_consumption,1705279681169000000,0.011172567992553784,paolo-laptop,hwpc-sensor-container
power_consumption,1705279683174000000,0.01263350461651603,paolo-laptop,hwpc-sensor-container
power_consumption,1705279684177000000,0.01242387213902799,paolo-laptop,hwpc-sensor-container
power_consumption,1705279685179000000,0.011070112323765018,paolo-laptop,hwpc-sensor-container
power_consumption,1705279686193000000,0.012185673983402718,paolo-laptop,hwpc-sensor-container
power_consumption,1705279687196000000,0.011987600321795626,paolo-laptop,hwpc-sensor-container
power_consumption,1705279688198000000,0.01191238129246891,paolo-laptop,hwpc-sensor-container
power_consumption,1705279689200000000,0.012220688061533466,paolo-laptop,hwpc-sensor-container
power_consumption,1705279690203000000,0.011103146831983038,paolo-laptop,hwpc-sensor-container
power_consumption,1705279691205000000,0.013189420516038348,paolo-laptop,hwpc-sensor-container
power_consumption,1705279692208000000,0.012025453716792438,paolo-laptop,hwpc-sensor-container
power_consumption,1705279693211000000,0.011945472218834387,paolo-laptop,hwpc-sensor-container
power_consumption,1705279694213000000,0.011912542489471606,paolo-laptop,hwpc-sensor-container
power_consumption,1705279695215000000,0.011667297539502094,paolo-laptop,hwpc-sensor-container
power_consumption,1705279696217000000,0.010864374648185099,paolo-laptop,hwpc-sensor-container
power_consumption,1705279697219000000,0.009901370530056422,paolo-laptop,hwpc-sensor-container
power_consumption,1705279706250000000,0.01411481676296996,paolo-laptop,hwpc-sensor-container
power_consumption,1705279708261000000,0.017363031884403662,paolo-laptop,hwpc-sensor-container
power_consumption,1705279728341000000,0.011721524437687036,paolo-laptop,hwpc-sensor-container
power_consumption,1705279732353000000,0.01574408852535316,paolo-laptop,hwpc-sensor-container
power_consumption,1705279734359000000,0.016290835720962373,paolo-laptop,hwpc-sensor-container
power_consumption,1705279736365000000,0.012456281871698083,paolo-laptop,hwpc-sensor-container
power_consumption,1705279738368000000,0.01260082364736454,paolo-laptop,hwpc-sensor-container
power_consumption,1705279739372000000,0.01413925769342321,paolo-laptop,hwpc-sensor-container
power_consumption,1705279740375000000,0.013544037659800558,paolo-laptop,hwpc-sensor-container
power_consumption,1705279741376000000,0.011987383308965795,paolo-laptop,hwpc-sensor-container
power_consumption,1705279742379000000,0.012356409335629556,paolo-laptop,hwpc-sensor-container
power_consumption,1705279743381000000,0.013453279133109201,paolo-laptop,hwpc-sensor-container
power_consumption,1705279744383000000,0.011819555009818664,paolo-laptop,hwpc-sensor-container
power_consumption,1705279745385000000,0.010674058290586047,paolo-laptop,hwpc-sensor-container
power_consumption,1705279746386000000,0.011490548486098137,paolo-laptop,hwpc-sensor-container
power_consumption,1705279748393000000,0.013388426056326482,paolo-laptop,hwpc-sensor-container
power_consumption,1705279749395000000,0.011546738747805867,paolo-laptop,hwpc-sensor-container
power_consumption,1705279750396000000,0.011776533830203023,paolo-laptop,hwpc-sensor-container
power_consumption,1705279751398000000,0.010824812446682878,paolo-laptop,hwpc-sensor-container
power_consumption,1705279753402000000,0.014782559047371713,paolo-laptop,hwpc-sensor-container
power_consumption,1705279754404000000,0.017215447543158915,paolo-laptop,hwpc-sensor-container
power_consumption,1705279755406000000,0.013425128397674376,paolo-laptop,hwpc-sensor-container
power_consumption,1705279756410000000,0.013334756579881918,paolo-laptop,hwpc-sensor-container
power_consumption,1705279757412000000,0.01155550415066209,paolo-laptop,hwpc-sensor-container
power_consumption,1705279758414000000,0.012783393249980006,paolo-laptop,hwpc-sensor-container
power_consumption,1705279761419000000,0.011963943208656814,paolo-laptop,hwpc-sensor-container
power_consumption,1705279762421000000,0.011432878513197301,paolo-laptop,hwpc-sensor-container
power_consumption,1705279763423000000,0.012656635677319783,paolo-laptop,hwpc-sensor-container
power_consumption,1705279764425000000,0.013050119588147977,paolo-laptop,hwpc-sensor-container
power_consumption,1705279766428000000,0.013109153518355154,paolo-laptop,hwpc-sensor-container
power_consumption,1705279769435000000,0.012503884503625086,paolo-laptop,hwpc-sensor-container
power_consumption,1705279770437000000,0.011807158609092353,paolo-laptop,hwpc-sensor-container
power_consumption,1705279771439000000,0.011945338009523807,paolo-laptop,hwpc-sensor-container
power_consumption,1705279772441000000,0.011566606103752916,paolo-laptop,hwpc-sensor-container
power_consumption,1705279773443000000,0.012375055897276967,paolo-laptop,hwpc-sensor-container
power_consumption,1705279774445000000,0.011469508881002092,paolo-laptop,hwpc-sensor-container
power_consumption,1705279775449000000,0.011727840647993783,paolo-laptop,hwpc-sensor-container
power_consumption,1705279777454000000,0.012525570486128342,paolo-laptop,hwpc-sensor-container
power_consumption,1705279778456000000,0.01283872555740873,paolo-laptop,hwpc-sensor-container
power_consumption,1705279779461000000,0.018004517800351304,paolo-laptop,hwpc-sensor-container
power_consumption,1705279782475000000,0.012459946737154368,paolo-laptop,hwpc-sensor-container
power_consumption,1705279783477000000,0.010455349287017702,paolo-laptop,hwpc-sensor-container
power_consumption,1705279784481000000,0.012671285637121261,paolo-laptop,hwpc-sensor-container
power_consumption,1705279785485000000,0.011894103794735033,paolo-laptop,hwpc-sensor-container
power_consumption,1705279787489000000,0.014276089257609212,paolo-laptop,hwpc-sensor-container
power_consumption,1705279788493000000,0.012063613182334133,paolo-laptop,hwpc-sensor-container
power_consumption,1705279789495000000,0.011852615074027933,paolo-laptop,hwpc-sensor-container
power_consumption,1705279790498000000,0.011522292539367759,paolo-laptop,hwpc-sensor-container
power_consumption,1705279791500000000,0.011977415463733397,paolo-laptop,hwpc-sensor-container
power_consumption,1705279792503000000,0.01247026390744574,paolo-laptop,hwpc-sensor-container
power_consumption,1705279793504000000,0.012162412139580229,paolo-laptop,hwpc-sensor-container
power_consumption,1705279794508000000,0.015673600145144857,paolo-laptop,hwpc-sensor-container
power_consumption,1705279796514000000,0.012163073224776937,paolo-laptop,hwpc-sensor-container
power_consumption,1705279797516000000,0.011378903776951377,paolo-laptop,hwpc-sensor-container
power_consumption,1705279798517000000,0.013110726605408877,paolo-laptop,hwpc-sensor-container
power_consumption,1705279799519000000,0.012572464885136025,paolo-laptop,hwpc-sensor-container
power_consumption,1705279800523000000,0.011654742050190315,paolo-laptop,hwpc-sensor-container
power_consumption,1705279801525000000,0.014609149193638387,paolo-laptop,hwpc-sensor-container
power_consumption,1705279802529000000,0.013407911589847003,paolo-laptop,hwpc-sensor-container
power_consumption,1705279805538000000,0.010576604003489929,paolo-laptop,hwpc-sensor-container
power_consumption,1705279806540000000,0.013042272374649758,paolo-laptop,hwpc-sensor-container
power_consumption,1705279807542000000,0.010500672038926684,paolo-laptop,hwpc-sensor-container
power_consumption,1705279809548000000,0.01618878182485151,paolo-laptop,hwpc-sensor-container
power_consumption,1705279810550000000,0.012491311241584908,paolo-laptop,hwpc-sensor-container
power_consumption,1705279811552000000,0.011727489646712094,paolo-laptop,hwpc-sensor-container
power_consumption,1705279812555000000,0.01345608274377686,paolo-laptop,hwpc-sensor-container
power_consumption,1705279813560000000,0.012225315602590436,paolo-laptop,hwpc-sensor-container
power_consumption,1705279815565000000,0.01241386658562828,paolo-laptop,hwpc-sensor-container
power_consumption,1705279816569000000,0.013984773367959037,paolo-laptop,hwpc-sensor-container
power_consumption,1705279817571000000,0.013224607258781409,paolo-laptop,hwpc-sensor-container
power_consumption,1705279818574000000,0.014820112756897779,paolo-laptop,hwpc-sensor-container
power_consumption,1705279819580000000,0.017572651717910028,paolo-laptop,hwpc-sensor-container
power_consumption,1705279820583000000,0.012854304049577202,paolo-laptop,hwpc-sensor-container
power_consumption,1705279822586000000,0.011163598642105633,paolo-laptop,hwpc-sensor-container
power_consumption,1705279823588000000,0.013688528527658204,paolo-laptop,hwpc-sensor-container
power_consumption,1705279824590000000,0.013276533885744606,paolo-laptop,hwpc-sensor-container
power_consumption,1705279825592000000,0.013117421772442852,paolo-laptop,hwpc-sensor-container
power_consumption,1705279826594000000,0.01279062470881963,paolo-laptop,hwpc-sensor-container
power_consumption,1705279829599000000,0.012166666193853187,paolo-laptop,hwpc-sensor-container
power_consumption,1705279830600000000,0.01425563746938761,paolo-laptop,hwpc-sensor-container
power_consumption,1705279831602000000,0.013079489758299052,paolo-laptop,hwpc-sensor-container
power_consumption,1705279833606000000,0.012086486827061073,paolo-laptop,hwpc-sensor-container
power_consumption,1705279834609000000,0.0128475701274179,paolo-laptop,hwpc-sensor-container
power_consumption,1705279835610000000,0.01191389971709839,paolo-laptop,hwpc-sensor-container
power_consumption,1705279836612000000,0.01148371925657923,paolo-laptop,hwpc-sensor-container
power_consumption,1705279837613000000,0.010129411624373747,paolo-laptop,hwpc-sensor-container
power_consumption,1705279838615000000,0.012859623633665067,paolo-laptop,hwpc-sensor-container
power_consumption,1705279839618000000,0.013649420871795334,paolo-laptop,hwpc-sensor-container
power_consumption,1705279840621000000,0.013178662779268312,paolo-laptop,hwpc-sensor-container
power_consumption,1705279841623000000,0.015005847520688067,paolo-laptop,hwpc-sensor-container
power_consumption,1705279842629000000,0.012297112648855411,paolo-laptop,hwpc-sensor-container
power_consumption,1705279843632000000,0.011472596980706677,paolo-laptop,hwpc-sensor-container
power_consumption,1705279844634000000,0.010126334808623128,paolo-laptop,hwpc-sensor-container
power_consumption,1705279845636000000,0.013598582726316921,paolo-laptop,hwpc-sensor-container
power_consumption,1705279847641000000,0.012173371796097449,paolo-laptop,hwpc-sensor-container
power_consumption,1705279848643000000,0.012203761874430941,paolo-laptop,hwpc-sensor-container
power_consumption,1705279849645000000,0.0139664013762395,paolo-laptop,hwpc-sensor-container
power_consumption,1705279850647000000,0.013151806558719779,paolo-laptop,hwpc-sensor-container
power_consumption,1705279851650000000,0.01517193232430171,paolo-laptop,hwpc-sensor-container
power_consumption,1705279852652000000,0.012707555354861955,paolo-laptop,hwpc-sensor-container
power_consumption,1705279853654000000,0.011552334517502085,paolo-laptop,hwpc-sensor-container
power_consumption,1705279854659000000,0.011488277057851375,paolo-laptop,hwpc-sensor-container
power_consumption,1705279855661000000,0.012910337018234623,paolo-laptop,hwpc-sensor-container
power_consumption,1705279856665000000,0.012838012392464222,paolo-laptop,hwpc-sensor-container
power_consumption,1705279857669000000,0.013654672867896378,paolo-laptop,hwpc-sensor-container
power_consumption,1705279858680000000,0.014343859272812525,paolo-laptop,hwpc-sensor-container
power_consumption,1705279859686000000,0.011431927688745812,paolo-laptop,hwpc-sensor-container
power_consumption,1705279861691000000,0.013508719594925448,paolo-laptop,hwpc-sensor-container
power_consumption,1705279862693000000,0.01649684106631501,paolo-laptop,hwpc-sensor-container
power_consumption,1705279863695000000,0.013575539353093297,paolo-laptop,hwpc-sensor-container
power_consumption,1705279864697000000,0.01519164831244134,paolo-laptop,hwpc-sensor-container
power_consumption,1705279865699000000,0.01320007141221721,paolo-laptop,hwpc-sensor-container
power_consumption,1705279866703000000,0.015138142352238555,paolo-laptop,hwpc-sensor-container
power_consumption,1705279871721000000,0.01716293483238394,paolo-laptop,hwpc-sensor-container
power_consumption,1705279872723000000,0.014545642120557927,paolo-laptop,hwpc-sensor-container
power_consumption,1705279873725000000,0.01140762385924088,paolo-laptop,hwpc-sensor-container
power_consumption,1705279875730000000,0.011137322415094887,paolo-laptop,hwpc-sensor-container
power_consumption,1705279876732000000,0.012166147221655692,paolo-laptop,hwpc-sensor-container
power_consumption,1705279878736000000,0.012692047344063935,paolo-laptop,hwpc-sensor-container
power_consumption,1705279879738000000,0.011399857689694998,paolo-laptop,hwpc-sensor-container
power_consumption,1705279880740000000,0.011883648085523817,paolo-laptop,hwpc-sensor-container
power_consumption,1705279881745000000,0.015831332634822205,paolo-laptop,hwpc-sensor-container
power_consumption,1705279882746000000,0.009611404357482811,paolo-laptop,hwpc-sensor-container
power_consumption,1705279883748000000,0.011377756910810426,paolo-laptop,hwpc-sensor-container
power_consumption,1705279884750000000,0.012058185991185008,paolo-laptop,hwpc-sensor-container
power_consumption,1705279885753000000,0.01241412903038885,paolo-laptop,hwpc-sensor-container
power_consumption,1705279886757000000,0.011604613858186744,paolo-laptop,hwpc-sensor-container
power_consumption,1705279887760000000,0.012321414832380955,paolo-laptop,hwpc-sensor-container
power_consumption,1705279888762000000,0.011540335729042471,paolo-laptop,hwpc-sensor-container
power_consumption,1705279889765000000,0.014273158486766411,paolo-laptop,hwpc-sensor-container
power_consumption,1705279890769000000,0.01222059554766782,paolo-laptop,hwpc-sensor-container
power_consumption,1705279891771000000,0.01565166755702738,paolo-laptop,hwpc-sensor-container
power_consumption,1705279892774000000,0.01211227791548902,paolo-laptop,hwpc-sensor-container
power_consumption,1705279893779000000,0.014950141379808912,paolo-laptop,hwpc-sensor-container
power_consumption,1705279894781000000,0.012973637717213882,paolo-laptop,hwpc-sensor-container
power_consumption,1705279895782000000,0.016028251246014837,paolo-laptop,hwpc-sensor-container
power_consumption,1705279896786000000,0.010495418249464459,paolo-laptop,hwpc-sensor-container
power_consumption,1705279898791000000,0.01706878049404759,paolo-laptop,hwpc-sensor-container
power_consumption,1705279899793000000,0.011624125310024597,paolo-laptop,hwpc-sensor-container
power_consumption,1705279900797000000,0.013086336984580359,paolo-laptop,hwpc-sensor-container
power_consumption,1705279901798000000,0.01143218657781311,paolo-laptop,hwpc-sensor-container
power_consumption,1705279902800000000,0.012139337248053397,paolo-laptop,hwpc-sensor-container
power_consumption,1705279903802000000,0.011612248311085614,paolo-laptop,hwpc-sensor-container
power_consumption,1705279905808000000,0.01094747789378843,paolo-laptop,hwpc-sensor-container
power_consumption,1705279906811000000,0.015389880425909625,paolo-laptop,hwpc-sensor-container
power_consumption,1705279907813000000,0.011855356682974452,paolo-laptop,hwpc-sensor-container
power_consumption,1705279908815000000,0.01594692219855634,paolo-laptop,hwpc-sensor-container
power_consumption,1705279909817000000,0.011888332681297124,paolo-laptop,hwpc-sensor-container
power_consumption,1705279911821000000,0.011581696834076113,paolo-laptop,hwpc-sensor-container
power_consumption,1705279912823000000,0.011188898135532796,paolo-laptop,hwpc-sensor-container
power_consumption,1705279913825000000,0.011831363002717438,paolo-laptop,hwpc-sensor-container
power_consumption,1705279914827000000,0.011705949744383952,paolo-laptop,hwpc-sensor-container
power_consumption,1705279915829000000,0.011677468437971367,paolo-laptop,hwpc-sensor-container
power_consumption,1705279916831000000,0.012258194331310493,paolo-laptop,hwpc-sensor-container
power_consumption,1705279917834000000,0.012520217581301563,paolo-laptop,hwpc-sensor-container
power_consumption,1705279918838000000,0.012238270096553911,paolo-laptop,hwpc-sensor-container
power_consumption,1705279920844000000,0.011704264698198323,paolo-laptop,hwpc-sensor-container
power_consumption,1705279921849000000,0.011770621181015512,paolo-laptop,hwpc-sensor-container
power_consumption,1705279924861000000,0.012631994963924607,paolo-laptop,hwpc-sensor-container
power_consumption,1705279925864000000,0.01146654468019715,paolo-laptop,hwpc-sensor-container
power_consumption,1705279926869000000,0.012554973329820316,paolo-laptop,hwpc-sensor-container
power_consumption,1705279928875000000,0.013150871949654398,paolo-laptop,hwpc-sensor-container
power_consumption,1705279929877000000,0.012377207404558875,paolo-laptop,hwpc-sensor-container
power_consumption,1705279930879000000,0.011917627623727837,paolo-laptop,hwpc-sensor-container
power_consumption,1705279931881000000,0.011886594987196183,paolo-laptop,hwpc-sensor-container
power_consumption,1705279932884000000,0.018684901105170362,paolo-laptop,hwpc-sensor-container
power_consumption,1705279933891000000,0.01274883555328769,paolo-laptop,hwpc-sensor-container
power_consumption,1705279934898000000,0.008993460590335962,paolo-laptop,hwpc-sensor-container
power_consumption,1705279935902000000,0.013107370709641889,paolo-laptop,hwpc-sensor-container
power_consumption,1705279936906000000,0.015984629975125855,paolo-laptop,hwpc-sensor-container
power_consumption,1705279937908000000,0.011941293864103253,paolo-laptop,hwpc-sensor-container
power_consumption,1705279938910000000,0.013238381437105637,paolo-laptop,hwpc-sensor-container
power_consumption,1705279939912000000,0.011879784904796534,paolo-laptop,hwpc-sensor-container
power_consumption,1705279940914000000,0.011841479816810267,paolo-laptop,hwpc-sensor-container
power_consumption,1705279941916000000,0.011543968755812928,paolo-laptop,hwpc-sensor-container
power_consumption,1705279942918000000,0.011553250281353374,paolo-laptop,hwpc-sensor-container
power_consumption,1705279943920000000,0.012043984783584663,paolo-laptop,hwpc-sensor-container
power_consumption,1705279944922000000,0.011390381420858672,paolo-laptop,hwpc-sensor-container
power_consumption,1705279945924000000,0.011361199642059398,paolo-laptop,hwpc-sensor-container
power_consumption,1705279946926000000,0.01211061436621323,paolo-laptop,hwpc-sensor-container
power_consumption,1705279947928000000,0.011333466758246006,paolo-laptop,hwpc-sensor-container
power_consumption,1705279948931000000,0.011754163830728602,paolo-laptop,hwpc-sensor-container
power_consumption,1705279949933000000,0.012643597227521959,paolo-laptop,hwpc-sensor-container
power_consumption,1705279950935000000,0.014315801458074106,paolo-laptop,hwpc-sensor-container
power_consumption,1705279951940000000,0.010000577853281671,paolo-laptop,hwpc-sensor-container
power_consumption,1705279952942000000,0.011347393430111558,paolo-laptop,hwpc-sensor-container
power_consumption,1705279953944000000,0.012666383799879874,paolo-laptop,hwpc-sensor-container
power_consumption,1705279954947000000,0.011846072053850933,paolo-laptop,hwpc-sensor-container
power_consumption,1705279955950000000,0.01204951237319023,paolo-laptop,hwpc-sensor-container
power_consumption,1705279957956000000,0.014540938369278625,paolo-laptop,hwpc-sensor-container
power_consumption,1705279958958000000,0.011200210544437421,paolo-laptop,hwpc-sensor-container
power_consumption,1705279959959000000,0.012933134931539499,paolo-laptop,hwpc-sensor-container
power_consumption,1705279960961000000,0.012619589893329019,paolo-laptop,hwpc-sensor-container
power_consumption,1705279962971000000,0.01162947708003929,paolo-laptop,hwpc-sensor-container
power_consumption,1705279963975000000,0.016725283858155617,paolo-laptop,hwpc-sensor-container
power_consumption,1705279964977000000,0.017260357429030433,paolo-laptop,hwpc-sensor-container
power_consumption,1705279965981000000,0.01044994183986716,paolo-laptop,hwpc-sensor-container
power_consumption,1705279966983000000,0.012946302099651575,paolo-laptop,hwpc-sensor-container
power_consumption,1705279967986000000,0.013137168528945888,paolo-laptop,hwpc-sensor-container
power_consumption,1705279968988000000,0.011970993062550561,paolo-laptop,hwpc-sensor-container
power_consumption,1705279969990000000,0.01182018980351891,paolo-laptop,hwpc-sensor-container
power_consumption,1705279970992000000,0.012620737042190494,paolo-laptop,hwpc-sensor-container
power_consumption,1705279971994000000,0.011958899117719345,paolo-laptop,hwpc-sensor-container
power_consumption,1705279972995000000,0.011283481781544294,paolo-laptop,hwpc-sensor-container
power_consumption,1705279973997000000,0.011198088520987661,paolo-laptop,hwpc-sensor-container
power_consumption,1705279975000000000,0.010654761387641425,paolo-laptop,hwpc-sensor-container
power_consumption,1705279976002000000,0.011731311541142037,paolo-laptop,hwpc-sensor-container
power_consumption,1705279978006000000,0.011805381037621084,paolo-laptop,hwpc-sensor-container
power_consumption,1705279979008000000,0.013787728321373776,paolo-laptop,hwpc-sensor-container
power_consumption,1705279980011000000,0.012988709438128462,paolo-laptop,hwpc-sensor-container
power_consumption,1705279981012000000,0.011663439048485966,paolo-laptop,hwpc-sensor-container
power_consumption,1705279982014000000,0.013391988656368174,paolo-laptop,hwpc-sensor-container
power_consumption,1705279983016000000,0.01184906145085277,paolo-laptop,hwpc-sensor-container
power_consumption,1705279984017000000,0.011503825145429643,paolo-laptop,hwpc-sensor-container
power_consumption,1705279985019000000,0.012188125128604347,paolo-laptop,hwpc-sensor-container
power_consumption,1705279986021000000,0.021356526477135002,paolo-laptop,hwpc-sensor-container
power_consumption,1705279987023000000,0.012591959956229477,paolo-laptop,hwpc-sensor-container
power_consumption,1705279988028000000,0.012365592617024962,paolo-laptop,hwpc-sensor-container
power_consumption,1705279989033000000,0.011537941702286475,paolo-laptop,hwpc-sensor-container
power_consumption,1705279990035000000,0.011842568530819442,paolo-laptop,hwpc-sensor-container
power_consumption,1705279991038000000,0.01200314618526624,paolo-laptop,hwpc-sensor-container
power_consumption,1705279992040000000,0.015792814994921134,paolo-laptop,hwpc-sensor-container
power_consumption,1705279993045000000,0.017416202662980277,paolo-laptop,hwpc-sensor-container
power_consumption,1705279994050000000,0.017854182108834105,paolo-laptop,hwpc-sensor-container
power_consumption,1705279995052000000,0.012491322586665927,paolo-laptop,hwpc-sensor-container
power_consumption,1705279996055000000,0.012371313102069093,paolo-laptop,hwpc-sensor-container
power_consumption,1705279997058000000,0.01957594191187857,paolo-laptop,hwpc-sensor-container
power_consumption,1705279998061000000,0.015802189827902446,paolo-laptop,hwpc-sensor-container
power_consumption,1705280000067000000,0.013192102031980351,paolo-laptop,hwpc-sensor-container
power_consumption,1705280001068000000,0.012647015654462714,paolo-laptop,hwpc-sensor-container
power_consumption,1705280003071000000,0.014935934090248156,paolo-laptop,hwpc-sensor-container
power_consumption,1705280004075000000,0.011536743025414756,paolo-laptop,hwpc-sensor-container
power_consumption,1705280005080000000,0.012105304962691396,paolo-laptop,hwpc-sensor-container
power_consumption,1705280007087000000,0.01555260311936515,paolo-laptop,hwpc-sensor-container
power_consumption,1705280008091000000,0.016991729971958497,paolo-laptop,hwpc-sensor-container
power_consumption,1705280009096000000,0.012734796950050278,paolo-laptop,hwpc-sensor-container
power_consumption,1705280010098000000,0.013078215661226394,paolo-laptop,hwpc-sensor-container
power_consumption,1705280011102000000,0.011607478810086527,paolo-laptop,hwpc-sensor-container
power_consumption,1705280014107000000,0.013260676856875446,paolo-laptop,hwpc-sensor-container
power_consumption,1705280015111000000,0.012395571422737003,paolo-laptop,hwpc-sensor-container
power_consumption,1705280016115000000,0.016023225662913657,paolo-laptop,hwpc-sensor-container
power_consumption,1705280017117000000,0.011342578538854044,paolo-laptop,hwpc-sensor-container
power_consumption,1705280018119000000,0.013278740232243402,paolo-laptop,hwpc-sensor-container
power_consumption,1705280019121000000,0.012071360097265085,paolo-laptop,hwpc-sensor-container
power_consumption,1705280021128000000,0.012342712462249543,paolo-laptop,hwpc-sensor-container
power_consumption,1705280023136000000,0.015701183060672683,paolo-laptop,hwpc-sensor-container
power_consumption,1705280024141000000,0.01239839308604675,paolo-laptop,hwpc-sensor-container
power_consumption,1705280025142000000,0.012340004420051141,paolo-laptop,hwpc-sensor-container
power_consumption,1705280027149000000,0.012498796790449147,paolo-laptop,hwpc-sensor-container
power_consumption,1705280028151000000,0.011903765372641435,paolo-laptop,hwpc-sensor-container
power_consumption,1705280029152000000,0.013126214596690255,paolo-laptop,hwpc-sensor-container
power_consumption,1705280030156000000,0.016187319268126586,paolo-laptop,hwpc-sensor-container
power_consumption,1705280031160000000,0.016071624831251966,paolo-laptop,hwpc-sensor-container
power_consumption,1705280032162000000,0.012316933681693225,paolo-laptop,hwpc-sensor-container
power_consumption,1705280033165000000,0.012625488596366169,paolo-laptop,hwpc-sensor-container
power_consumption,1705280034166000000,0.01091720886529699,paolo-laptop,hwpc-sensor-container
power_consumption,1705280036177000000,0.012805928702185868,paolo-laptop,hwpc-sensor-container
power_consumption,1705280037183000000,0.011809252506724842,paolo-laptop,hwpc-sensor-container
power_consumption,1705280038187000000,0.013777566794421374,paolo-laptop,hwpc-sensor-container
power_consumption,1705280039189000000,0.011975571816394037,paolo-laptop,hwpc-sensor-container
power_consumption,1705280040191000000,0.01256266379467202,paolo-laptop,hwpc-sensor-container
power_consumption,1705280041193000000,0.01674787794351762,paolo-laptop,hwpc-sensor-container
power_consumption,1705280042194000000,0.013079167240394882,paolo-laptop,hwpc-sensor-container
power_consumption,1705280043197000000,0.011526019620728847,paolo-laptop,hwpc-sensor-container
power_consumption,1705280044199000000,0.009854326070548352,paolo-laptop,hwpc-sensor-container
power_consumption,1705280045200000000,0.011109525320678734,paolo-laptop,hwpc-sensor-container
power_consumption,1705280047203000000,0.011950237726414615,paolo-laptop,hwpc-sensor-container
power_consumption,1705280048205000000,0.011835329251908633,paolo-laptop,hwpc-sensor-container
power_consumption,1705280049207000000,0.01253861142673675,paolo-laptop,hwpc-sensor-container
power_consumption,1705280050209000000,0.011595734845442986,paolo-laptop,hwpc-sensor-container
power_consumption,1705280051215000000,0.012547614657584041,paolo-laptop,hwpc-sensor-container
power_consumption,1705280052222000000,0.012497287512370456,paolo-laptop,hwpc-sensor-container
power_consumption,1705280053224000000,0.011774198553600445,paolo-laptop,hwpc-sensor-container
power_consumption,1705280054226000000,0.016102383910154824,paolo-laptop,hwpc-sensor-container
power_consumption,1705280055227000000,0.014208256444508165,paolo-laptop,hwpc-sensor-container
power_consumption,1705280056229000000,0.011794507321252697,paolo-laptop,hwpc-sensor-container
power_consumption,1705280057232000000,0.01097733637042067,paolo-laptop,hwpc-sensor-container
power_consumption,1705280058234000000,0.013394879247366445,paolo-laptop,hwpc-sensor-container
power_consumption,1705280059235000000,0.01182834654816129,paolo-laptop,hwpc-sensor-container
power_consumption,1705280060238000000,0.013083877413602573,paolo-laptop,hwpc-sensor-container
power_consumption,1705280061239000000,0.015338090857833966,paolo-laptop,hwpc-sensor-container
power_consumption,1705280063247000000,0.012853099967925677,paolo-laptop,hwpc-sensor-container
power_consumption,1705280064249000000,0.011096987703424514,paolo-laptop,hwpc-sensor-container
power_consumption,1705280065252000000,0.012688504128250781,paolo-laptop,hwpc-sensor-container
power_consumption,1705280066253000000,0.01370911371600346,paolo-laptop,hwpc-sensor-container
power_consumption,1705280067255000000,0.01292709954591777,paolo-laptop,hwpc-sensor-container
power_consumption,1705280068257000000,0.01326323172996632,paolo-laptop,hwpc-sensor-container
power_consumption,1705280069259000000,0.012084658004062995,paolo-laptop,hwpc-sensor-container
power_consumption,1705280070262000000,0.010934065889045268,paolo-laptop,hwpc-sensor-container
power_consumption,1705280071264000000,0.013765099586433429,paolo-laptop,hwpc-sensor-container
power_consumption,1705280072266000000,0.01604236297541963,paolo-laptop,hwpc-sensor-container
power_consumption,1705280073269000000,0.009935419682089115,paolo-laptop,hwpc-sensor-container
power_consumption,1705280074270000000,0.013943582663235258,paolo-laptop,hwpc-sensor-container
power_consumption,1705280075272000000,0.0164051803823014,paolo-laptop,hwpc-sensor-container
power_consumption,1705280076278000000,0.010722132633889362,paolo-laptop,hwpc-sensor-container
power_consumption,1705280077280000000,0.012092631974852395,paolo-laptop,hwpc-sensor-container
power_consumption,1705280078282000000,0.012523176966920535,paolo-laptop,hwpc-sensor-container
power_consumption,1705280079287000000,0.012269795362580561,paolo-laptop,hwpc-sensor-container
power_consumption,1705280080290000000,0.012281585840435955,paolo-laptop,hwpc-sensor-container
power_consumption,1705280081292000000,0.01201279129023292,paolo-laptop,hwpc-sensor-container
power_consumption,1705280082293000000,0.012444345540988439,paolo-laptop,hwpc-sensor-container
power_consumption,1705280083295000000,0.015680880045172468,paolo-laptop,hwpc-sensor-container
power_consumption,1705280084297000000,0.013545511166447814,paolo-laptop,hwpc-sensor-container
power_consumption,1705280085299000000,0.014712581040420905,paolo-laptop,hwpc-sensor-container
power_consumption,1705280086307000000,0.010757622258121304,paolo-laptop,hwpc-sensor-container
power_consumption,1705280088314000000,0.012418311124309475,paolo-laptop,hwpc-sensor-container
power_consumption,1705280089319000000,0.012494517380105298,paolo-laptop,hwpc-sensor-container
power_consumption,1705280090321000000,0.011568133667050494,paolo-laptop,hwpc-sensor-container
power_consumption,1705280091325000000,0.012515288226907385,paolo-laptop,hwpc-sensor-container
power_consumption,1705280093330000000,0.012340149635483846,paolo-laptop,hwpc-sensor-container
power_consumption,1705280094334000000,0.012291150913718171,paolo-laptop,hwpc-sensor-container
power_consumption,1705280096340000000,0.01784581341363085,paolo-laptop,hwpc-sensor-container
power_consumption,1705280097342000000,0.01593141460061656,paolo-laptop,hwpc-sensor-container
power_consumption,1705280098343000000,0.01123708745360298,paolo-laptop,hwpc-sensor-container
power_consumption,1705280099346000000,0.011569957579310959,paolo-laptop,hwpc-sensor-container
power_consumption,1705280101352000000,0.01144658081823474,paolo-laptop,hwpc-sensor-container
power_consumption,1705280102353000000,0.014828858134287203,paolo-laptop,hwpc-sensor-container
power_consumption,1705280103356000000,0.017652172458308028,paolo-laptop,hwpc-sensor-container
power_consumption,1705280104359000000,0.01295601770459362,paolo-laptop,hwpc-sensor-container
power_consumption,1705280105360000000,0.013628963067513544,paolo-laptop,hwpc-sensor-container
power_consumption,1705280106364000000,0.012556093993252688,paolo-laptop,hwpc-sensor-container
power_consumption,1705280107365000000,0.011542183626932188,paolo-laptop,hwpc-sensor-container
power_consumption,1705280108367000000,0.01930959741141625,paolo-laptop,hwpc-sensor-container
power_consumption,1705280109372000000,0.009898622930493484,paolo-laptop,hwpc-sensor-container
power_consumption,1705280111380000000,0.011722536809552635,paolo-laptop,hwpc-sensor-container
power_consumption,1705280112381000000,0.016239680211954034,paolo-laptop,hwpc-sensor-container
power_consumption,1705280113383000000,0.012209339562426704,paolo-laptop,hwpc-sensor-container
power_consumption,1705280114384000000,0.011123296660778572,paolo-laptop,hwpc-sensor-container
power_consumption,1705280115386000000,0.011470327784648675,paolo-laptop,hwpc-sensor-container
power_consumption,1705280116389000000,0.012191588552544465,paolo-laptop,hwpc-sensor-container
power_consumption,1705280117391000000,0.012335254722746752,paolo-laptop,hwpc-sensor-container
power_consumption,1705280118394000000,0.012993051633129886,paolo-laptop,hwpc-sensor-container
power_consumption,1705280119397000000,0.011387068618819194,paolo-laptop,hwpc-sensor-container
power_consumption,1705280120400000000,0.015273264535258454,paolo-laptop,hwpc-sensor-container
power_consumption,1705280121411000000,0.012667590589820008,paolo-laptop,hwpc-sensor-container
power_consumption,1705280122417000000,0.012422902418606361,paolo-laptop,hwpc-sensor-container
power_consumption,1705280123423000000,0.009580527670465671,paolo-laptop,hwpc-sensor-container
power_consumption,1705280124425000000,0.011038063751765543,paolo-laptop,hwpc-sensor-container
power_consumption,1705280125428000000,0.012209382515673061,paolo-laptop,hwpc-sensor-container
power_consumption,1705280126430000000,0.013544807691517724,paolo-laptop,hwpc-sensor-container
power_consumption,1705280127432000000,0.011942257050525255,paolo-laptop,hwpc-sensor-container
power_consumption,1705280128435000000,0.01151526577913827,paolo-laptop,hwpc-sensor-container
power_consumption,1705280129437000000,0.012085701341218922,paolo-laptop,hwpc-sensor-container
power_consumption,1705280130442000000,0.011888570441685477,paolo-laptop,hwpc-sensor-container
power_consumption,1705280131445000000,0.012535557909490116,paolo-laptop,hwpc-sensor-container
power_consumption,1705280133454000000,0.013407159620285864,paolo-laptop,hwpc-sensor-container
power_consumption,1705280134456000000,0.013930376319968856,paolo-laptop,hwpc-sensor-container
power_consumption,1705280135460000000,0.015122427952181057,paolo-laptop,hwpc-sensor-container
power_consumption,1705280136461000000,0.01854668613423392,paolo-laptop,hwpc-sensor-container
power_consumption,1705280137463000000,0.012428236000705396,paolo-laptop,hwpc-sensor-container
power_consumption,1705280138465000000,0.011379226878177879,paolo-laptop,hwpc-sensor-container
power_consumption,1705280139471000000,0.024085544078438437,paolo-laptop,hwpc-sensor-container
power_consumption,1705280140481000000,0.011149058141867015,paolo-laptop,hwpc-sensor-container
power_consumption,1705280141486000000,0.017636923006466,paolo-laptop,hwpc-sensor-container
power_consumption,1705280142492000000,0.01716823262037611,paolo-laptop,hwpc-sensor-container
power_consumption,1705280143496000000,0.013163172534014056,paolo-laptop,hwpc-sensor-container
power_consumption,1705280144500000000,0.011860835982727493,paolo-laptop,hwpc-sensor-container
power_consumption,1705280145502000000,0.015986571741387665,paolo-laptop,hwpc-sensor-container
power_consumption,1705280146504000000,0.012446589382891527,paolo-laptop,hwpc-sensor-container
power_consumption,1705280147508000000,0.015312974096090615,paolo-laptop,hwpc-sensor-container
power_consumption,1705280148511000000,0.011295296329646317,paolo-laptop,hwpc-sensor-container
power_consumption,1705280149515000000,0.015374873197316296,paolo-laptop,hwpc-sensor-container
power_consumption,1705280152526000000,0.01211341985421499,paolo-laptop,hwpc-sensor-container
power_consumption,1705280153528000000,0.01300867372038759,paolo-laptop,hwpc-sensor-container
power_consumption,1705280154530000000,0.013524721803099084,paolo-laptop,hwpc-sensor-container
power_consumption,1705280155532000000,0.012281724537010175,paolo-laptop,hwpc-sensor-container
power_consumption,1705280157541000000,0.013084577699571396,paolo-laptop,hwpc-sensor-container
power_consumption,1705280158544000000,0.012742410660989389,paolo-laptop,hwpc-sensor-container
power_consumption,1705280159548000000,0.012208094297493805,paolo-laptop,hwpc-sensor-container
power_consumption,1705280161556000000,0.013407090557421068,paolo-laptop,hwpc-sensor-container
power_consumption,1705280162561000000,0.011050480058000503,paolo-laptop,hwpc-sensor-container
power_consumption,1705280163563000000,0.013340175327767583,paolo-laptop,hwpc-sensor-container
power_consumption,1705280164565000000,0.013808446255377535,paolo-laptop,hwpc-sensor-container
power_consumption,1705280165567000000,0.011903360638392575,paolo-laptop,hwpc-sensor-container
power_consumption,1705280166569000000,0.012355625907634284,paolo-laptop,hwpc-sensor-container
power_consumption,1705280167574000000,0.013214806944904864,paolo-laptop,hwpc-sensor-container
power_consumption,1705280168576000000,0.013544248572587209,paolo-laptop,hwpc-sensor-container
power_consumption,1705280169578000000,0.012075502875689537,paolo-laptop,hwpc-sensor-container
power_consumption,1705280170579000000,0.019282892008031544,paolo-laptop,hwpc-sensor-container
power_consumption,1705280171581000000,0.020185834488576047,paolo-laptop,hwpc-sensor-container
power_consumption,1705280172582000000,0.008530329309289352,paolo-laptop,hwpc-sensor-container
power_consumption,1705280175596000000,0.017869456534212153,paolo-laptop,hwpc-sensor-container
power_consumption,1705280176599000000,0.013346550211372522,paolo-laptop,hwpc-sensor-container
power_consumption,1705280177603000000,0.015572156198794372,paolo-laptop,hwpc-sensor-container
power_consumption,1705280178607000000,0.01190365302474413,paolo-laptop,hwpc-sensor-container
power_consumption,1705280179609000000,0.012275225104157739,paolo-laptop,hwpc-sensor-container
power_consumption,1705280180611000000,0.018829348717398477,paolo-laptop,hwpc-sensor-container
power_consumption,1705280181612000000,0.012358232979557154,paolo-laptop,hwpc-sensor-container
power_consumption,1705280182616000000,0.016578266832035466,paolo-laptop,hwpc-sensor-container
power_consumption,1705280183621000000,0.01070282911141318,paolo-laptop,hwpc-sensor-container
power_consumption,1705280184625000000,0.0154963313469844,paolo-laptop,hwpc-sensor-container
power_consumption,1705280185627000000,0.013463982237994955,paolo-laptop,hwpc-sensor-container
power_consumption,1705280186629000000,0.013111407370761134,paolo-laptop,hwpc-sensor-container
power_consumption,1705280187631000000,0.012226188941874421,paolo-laptop,hwpc-sensor-container
power_consumption,1705280188632000000,0.011866565263269712,paolo-laptop,hwpc-sensor-container
power_consumption,1705280189634000000,0.010120574733200514,paolo-laptop,hwpc-sensor-container
power_consumption,1705280190636000000,0.02443197873181119,paolo-laptop,hwpc-sensor-container
power_consumption,1705280191638000000,0.014267019331123738,paolo-laptop,hwpc-sensor-container
power_consumption,1705280192639000000,0.014114064715716867,paolo-laptop,hwpc-sensor-container
power_consumption,1705280193641000000,0.013931109817078173,paolo-laptop,hwpc-sensor-container
power_consumption,1705280194648000000,0.0129575624289519,paolo-laptop,hwpc-sensor-container
power_consumption,1705280195650000000,0.014101723382247015,paolo-laptop,hwpc-sensor-container
power_consumption,1705280196655000000,0.013439054593733166,paolo-laptop,hwpc-sensor-container
power_consumption,1705280197660000000,0.01805504947411466,paolo-laptop,hwpc-sensor-container
power_consumption,1705280198663000000,0.016904456211657985,paolo-laptop,hwpc-sensor-container
power_consumption,1705280199665000000,0.011888612357848733,paolo-laptop,hwpc-sensor-container
power_consumption,1705280200668000000,0.012699685647665472,paolo-laptop,hwpc-sensor-container
power_consumption,1705280201673000000,0.01364707609400143,paolo-laptop,hwpc-sensor-container
power_consumption,1705280202675000000,0.011086209367494182,paolo-laptop,hwpc-sensor-container
power_consumption,1705280203677000000,0.012090816870566654,paolo-laptop,hwpc-sensor-container
power_consumption,1705280204679000000,0.013032095337478636,paolo-laptop,hwpc-sensor-container
power_consumption,1705280205681000000,0.01184530369189599,paolo-laptop,hwpc-sensor-container
power_consumption,1705280206683000000,0.01253705759932448,paolo-laptop,hwpc-sensor-container
power_consumption,1705280207688000000,0.012629352811862438,paolo-laptop,hwpc-sensor-container
power_consumption,1705280208692000000,0.011321352573678162,paolo-laptop,hwpc-sensor-container
power_consumption,1705280209694000000,0.011683188445370135,paolo-laptop,hwpc-sensor-container
power_consumption,1705280210695000000,0.013403764717961984,paolo-laptop,hwpc-sensor-container
power_consumption,1705280211699000000,0.012023450855652519,paolo-laptop,hwpc-sensor-container
power_consumption,1705280213704000000,0.01199248217587123,paolo-laptop,hwpc-sensor-container
power_consumption,1705280214708000000,0.013213005967711255,paolo-laptop,hwpc-sensor-container
power_consumption,1705280215710000000,0.016000282109216543,paolo-laptop,hwpc-sensor-container
power_consumption,1705280216715000000,0.01172010216028759,paolo-laptop,hwpc-sensor-container
power_consumption,1705280217718000000,0.011302708951731365,paolo-laptop,hwpc-sensor-container
power_consumption,1705280218719000000,0.012100918324774092,paolo-laptop,hwpc-sensor-container
power_consumption,1705280219721000000,0.012625356986697686,paolo-laptop,hwpc-sensor-container
power_consumption,1705280220723000000,0.012300788623501188,paolo-laptop,hwpc-sensor-container
power_consumption,1705280221726000000,0.011477826687961209,paolo-laptop,hwpc-sensor-container
power_consumption,1705280222728000000,0.011535155355992333,paolo-laptop,hwpc-sensor-container
power_consumption,1705280223730000000,0.010806685344304564,paolo-laptop,hwpc-sensor-container
power_consumption,1705280224732000000,0.014009428583632164,paolo-laptop,hwpc-sensor-container
power_consumption,1705280225737000000,0.01355370495248018,paolo-laptop,hwpc-sensor-container
power_consumption,1705280226743000000,0.009047203712618107,paolo-laptop,hwpc-sensor-container
power_consumption,1705280227745000000,0.01189309704510984,paolo-laptop,hwpc-sensor-container
power_consumption,1705280228747000000,0.010909980422213604,paolo-laptop,hwpc-sensor-container
power_consumption,1705280229749000000,0.011694455966716517,paolo-laptop,hwpc-sensor-container
power_consumption,1705280230751000000,0.011662859338642743,paolo-laptop,hwpc-sensor-container
power_consumption,1705280231753000000,0.012480297162174962,paolo-laptop,hwpc-sensor-container
power_consumption,1705280232755000000,0.012076889337457028,paolo-laptop,hwpc-sensor-container
power_consumption,1705280233757000000,0.01231146273428436,paolo-laptop,hwpc-sensor-container
power_consumption,1705280234759000000,0.012121623615196074,paolo-laptop,hwpc-sensor-container
power_consumption,1705280235761000000,0.011470307469860455,paolo-laptop,hwpc-sensor-container
power_consumption,1705280236763000000,0.009604886609458484,paolo-laptop,hwpc-sensor-container
power_consumption,1705280237764000000,0.014674301991009822,paolo-laptop,hwpc-sensor-container
power_consumption,1705280238766000000,0.011889091069973764,paolo-laptop,hwpc-sensor-container
power_consumption,1705280239768000000,0.012187824581578773,paolo-laptop,hwpc-sensor-container
power_consumption,1705280240772000000,0.013634422647500468,paolo-laptop,hwpc-sensor-container
power_consumption,1705280241775000000,0.0124805895966254,paolo-laptop,hwpc-sensor-container
power_consumption,1705280242778000000,0.010843567919963059,paolo-laptop,hwpc-sensor-container
power_consumption,1705280243780000000,0.011324209083525822,paolo-laptop,hwpc-sensor-container
power_consumption,1705280244782000000,0.012048982010952985,paolo-laptop,hwpc-sensor-container
power_consumption,1705280245784000000,0.013227711684288195,paolo-laptop,hwpc-sensor-container
power_consumption,1705280246786000000,0.010650060400193798,paolo-laptop,hwpc-sensor-container
power_consumption,1705280247787000000,0.013213737164251898,paolo-laptop,hwpc-sensor-container
power_consumption,1705280248791000000,0.012455908619718035,paolo-laptop,hwpc-sensor-container
power_consumption,1705280249793000000,0.012109033685945122,paolo-laptop,hwpc-sensor-container
power_consumption,1705280250795000000,0.012487785030924455,paolo-laptop,hwpc-sensor-container
power_consumption,1705280251796000000,0.012903617724505207,paolo-laptop,hwpc-sensor-container
power_consumption,1705280252799000000,0.012026615748000145,paolo-laptop,hwpc-sensor-container
power_consumption,1705280253801000000,0.012823418214582393,paolo-laptop,hwpc-sensor-container
power_consumption,1705280254802000000,0.011839659975854294,paolo-laptop,hwpc-sensor-container
power_consumption,1705280255806000000,0.011764993680648171,paolo-laptop,hwpc-sensor-container
power_consumption,1705280256808000000,0.01339771744122381,paolo-laptop,hwpc-sensor-container
power_consumption,1705280257810000000,0.011305808403714514,paolo-laptop,hwpc-sensor-container
power_consumption,1705280258812000000,0.020620458371953424,paolo-laptop,hwpc-sensor-container
power_consumption,1705280260816000000,0.011557876241710386,paolo-laptop,hwpc-sensor-container
power_consumption,1705280261818000000,0.01253747260889172,paolo-laptop,hwpc-sensor-container
power_consumption,1705280262820000000,0.011723155234634458,paolo-laptop,hwpc-sensor-container
power_consumption,1705280263821000000,0.011642097984309515,paolo-laptop,hwpc-sensor-container
power_consumption,1705280264823000000,0.011514694716516453,paolo-laptop,hwpc-sensor-container
power_consumption,1705280265825000000,0.01196318722048784,paolo-laptop,hwpc-sensor-container
power_consumption,1705280266827000000,0.011909885986910632,paolo-laptop,hwpc-sensor-container
power_consumption,1705280267829000000,0.016738339656729915,paolo-laptop,hwpc-sensor-container
power_consumption,1705280268832000000,0.014465771899171325,paolo-laptop,hwpc-sensor-container
power_consumption,1705280269834000000,0.01112477896280566,paolo-laptop,hwpc-sensor-container
power_consumption,1705280270836000000,0.01332852631434504,paolo-laptop,hwpc-sensor-container
power_consumption,1705280271838000000,0.011661140061618735,paolo-laptop,hwpc-sensor-container
power_consumption,1705280272840000000,0.011157267930031373,paolo-laptop,hwpc-sensor-container
power_consumption,1705280273844000000,0.01768225986548566,paolo-laptop,hwpc-sensor-container
power_consumption,1705280274847000000,0.013114704944824277,paolo-laptop,hwpc-sensor-container
power_consumption,1705280275853000000,0.012852130980380896,paolo-laptop,hwpc-sensor-container
power_consumption,1705280276860000000,0.01808456703465532,paolo-laptop,hwpc-sensor-container
power_consumption,1705280277867000000,0.013333000161492648,paolo-laptop,hwpc-sensor-container
power_consumption,1705280278871000000,0.014118161920880242,paolo-laptop,hwpc-sensor-container
power_consumption,1705280279875000000,0.011922348181370888,paolo-laptop,hwpc-sensor-container
power_consumption,1705280280879000000,0.013083869637900111,paolo-laptop,hwpc-sensor-container
power_consumption,1705280281881000000,0.017952046432685803,paolo-laptop,hwpc-sensor-container
power_consumption,1705280282885000000,0.01606358698998611,paolo-laptop,hwpc-sensor-container
power_consumption,1705280283886000000,0.019385863953306576,paolo-laptop,hwpc-sensor-container
power_consumption,1705280284892000000,0.014599418287899226,paolo-laptop,hwpc-sensor-container
power_consumption,1705280285895000000,0.011634910504995013,paolo-laptop,hwpc-sensor-container
power_consumption,1705280286899000000,0.012410481195553266,paolo-laptop,hwpc-sensor-container
power_consumption,1705280287904000000,0.013821996774620208,paolo-laptop,hwpc-sensor-container
power_consumption,1705280288910000000,0.012135675640573874,paolo-laptop,hwpc-sensor-container
power_consumption,1705280289913000000,0.016940853261714316,paolo-laptop,hwpc-sensor-container
power_consumption,1705280290915000000,0.012538582154612454,paolo-laptop,hwpc-sensor-container
power_consumption,1705280292923000000,0.017002901523287067,paolo-laptop,hwpc-sensor-container
power_consumption,1705280293925000000,0.014052365193422936,paolo-laptop,hwpc-sensor-container
power_consumption,1705280294929000000,0.015626290087403523,paolo-laptop,hwpc-sensor-container
power_consumption,1705280295933000000,0.013996779512213724,paolo-laptop,hwpc-sensor-container
power_consumption,1705280297939000000,0.012517304946455934,paolo-laptop,hwpc-sensor-container
power_consumption,1705280298943000000,0.01766255365290128,paolo-laptop,hwpc-sensor-container
power_consumption,1705280299948000000,0.014692995166956345,paolo-laptop,hwpc-sensor-container
power_consumption,1705280300952000000,0.011992748873762147,paolo-laptop,hwpc-sensor-container
power_consumption,1705280301957000000,0.01414937180141907,paolo-laptop,hwpc-sensor-container
power_consumption,1705280302959000000,0.011576134843327127,paolo-laptop,hwpc-sensor-container
power_consumption,1705280303963000000,0.012540976367931755,paolo-laptop,hwpc-sensor-container
power_consumption,1705280304965000000,0.014144742732642036,paolo-laptop,hwpc-sensor-container
power_consumption,1705280305969000000,0.011613237504131091,paolo-laptop,hwpc-sensor-container
power_consumption,1705280306971000000,0.017868175812318598,paolo-laptop,hwpc-sensor-container
power_consumption,1705280307975000000,0.011988707237456816,paolo-laptop,hwpc-sensor-container
power_consumption,1705280308977000000,0.012177988885953964,paolo-laptop,hwpc-sensor-container
power_consumption,1705280309981000000,0.01588014302651348,paolo-laptop,hwpc-sensor-container
power_consumption,1705280310985000000,0.012990785170854861,paolo-laptop,hwpc-sensor-container
power_consumption,1705280311987000000,0.01318515614416276,paolo-laptop,hwpc-sensor-container
power_consumption,1705280312988000000,0.012104188962364714,paolo-laptop,hwpc-sensor-container
power_consumption,1705280313991000000,0.011822615708975017,paolo-laptop,hwpc-sensor-container
power_consumption,1705280314997000000,0.013876531364158,paolo-laptop,hwpc-sensor-container
power_consumption,1705280315998000000,0.014895727970670472,paolo-laptop,hwpc-sensor-container
power_consumption,1705280317004000000,0.013557368136767419,paolo-laptop,hwpc-sensor-container
power_consumption,1705280318006000000,0.01327836086889116,paolo-laptop,hwpc-sensor-container
power_consumption,1705280319008000000,0.014191636405323234,paolo-laptop,hwpc-sensor-container
power_consumption,1705280320010000000,0.01308972595712247,paolo-laptop,hwpc-sensor-container
power_consumption,1705280321011000000,0.011498658999849408,paolo-laptop,hwpc-sensor-container
power_consumption,1705280322013000000,0.011620689264803648,paolo-laptop,hwpc-sensor-container
power_consumption,1705280323014000000,0.014102625986031764,paolo-laptop,hwpc-sensor-container
power_consumption,1705280324016000000,0.013035543168552498,paolo-laptop,hwpc-sensor-container
power_consumption,1705280325018000000,0.012398432666249841,paolo-laptop,hwpc-sensor-container
power_consumption,1705280326020000000,0.013788661105582191,paolo-laptop,hwpc-sensor-container
power_consumption,1705280327022000000,0.01243606644225626,paolo-laptop,hwpc-sensor-container
power_consumption,1705280328024000000,0.01774085446522044,paolo-laptop,hwpc-sensor-container
power_consumption,1705280330027000000,0.011274069907546551,paolo-laptop,hwpc-sensor-container
power_consumption,1705280331028000000,0.011977484939841047,paolo-laptop,hwpc-sensor-container
power_consumption,1705280332030000000,0.013154140674467981,paolo-laptop,hwpc-sensor-container
power_consumption,1705280333032000000,0.01131003629606809,paolo-laptop,hwpc-sensor-container
power_consumption,1705280334037000000,0.014084335640058947,paolo-laptop,hwpc-sensor-container
power_consumption,1705280335042000000,0.011757183115882568,paolo-laptop,hwpc-sensor-container
power_consumption,1705280336045000000,0.016739112891791343,paolo-laptop,hwpc-sensor-container
power_consumption,1705280337051000000,0.016923183104025033,paolo-laptop,hwpc-sensor-container
power_consumption,1705280338057000000,0.014241134285683308,paolo-laptop,hwpc-sensor-container
power_consumption,1705280339061000000,0.010420406101344454,paolo-laptop,hwpc-sensor-container
power_consumption,1705280340063000000,0.01192437855874184,paolo-laptop,hwpc-sensor-container
power_consumption,1705280341067000000,0.014785110317916336,paolo-laptop,hwpc-sensor-container
power_consumption,1705280342069000000,0.013672738546153732,paolo-laptop,hwpc-sensor-container
power_consumption,1705280343071000000,0.011797514801388813,paolo-laptop,hwpc-sensor-container
power_consumption,1705280344073000000,0.012741875949178128,paolo-laptop,hwpc-sensor-container
power_consumption,1705280345075000000,0.011668320077013466,paolo-laptop,hwpc-sensor-container
power_consumption,1705280346077000000,0.011828022707620484,paolo-laptop,hwpc-sensor-container
power_consumption,1705280347083000000,0.018187953943374708,paolo-laptop,hwpc-sensor-container
power_consumption,1705280348090000000,0.01847808592045557,paolo-laptop,hwpc-sensor-container
power_consumption,1705280349095000000,0.016196985141518065,paolo-laptop,hwpc-sensor-container
power_consumption,1705280350099000000,0.013100954838798428,paolo-laptop,hwpc-sensor-container
power_consumption,1705280351103000000,0.014146772321185289,paolo-laptop,hwpc-sensor-container
power_consumption,1705280352107000000,0.017356827324784028,paolo-laptop,hwpc-sensor-container
power_consumption,1705280353110000000,0.011673829201231521,paolo-laptop,hwpc-sensor-container
power_consumption,1705280354114000000,0.01389009591710909,paolo-laptop,hwpc-sensor-container
power_consumption,1705280355119000000,0.014825580984270816,paolo-laptop,hwpc-sensor-container
power_consumption,1705280356121000000,0.014118904056155119,paolo-laptop,hwpc-sensor-container
power_consumption,1705280357125000000,0.01654435097744338,paolo-laptop,hwpc-sensor-container
power_consumption,1705280359133000000,0.015666457808500747,paolo-laptop,hwpc-sensor-container
power_consumption,1705280360137000000,0.01377520268621941,paolo-laptop,hwpc-sensor-container
power_consumption,1705280361141000000,0.012003227853961615,paolo-laptop,hwpc-sensor-container
power_consumption,1705280362144000000,0.019053951014374022,paolo-laptop,hwpc-sensor-container
power_consumption,1705280363152000000,0.013783645415147065,paolo-laptop,hwpc-sensor-container
power_consumption,1705280364153000000,0.012576377140044726,paolo-laptop,hwpc-sensor-container
power_consumption,1705280365157000000,0.016113580802296155,paolo-laptop,hwpc-sensor-container
power_consumption,1705280367163000000,0.01229028579821701,paolo-laptop,hwpc-sensor-container
power_consumption,1705280368167000000,0.014661770384527432,paolo-laptop,hwpc-sensor-container
power_consumption,1705280369171000000,0.011965024427184896,paolo-laptop,hwpc-sensor-container
power_consumption,1705280370177000000,0.01364035649912563,paolo-laptop,hwpc-sensor-container
power_consumption,1705280371183000000,0.020430039568441062,paolo-laptop,hwpc-sensor-container
power_consumption,1705280372186000000,0.014538817053974331,paolo-laptop,hwpc-sensor-container
power_consumption,1705280373187000000,0.013594943388552301,paolo-laptop,hwpc-sensor-container
power_consumption,1705280374189000000,0.01114645277998662,paolo-laptop,hwpc-sensor-container
power_consumption,1705280375191000000,0.015769926163383817,paolo-laptop,hwpc-sensor-container
power_consumption,1705280376193000000,0.013696607787443391,paolo-laptop,hwpc-sensor-container
power_consumption,1705280377195000000,0.012184527615165237,paolo-laptop,hwpc-sensor-container
power_consumption,1705280378196000000,0.014641852150851394,paolo-laptop,hwpc-sensor-container
power_consumption,1705280379198000000,0.012902984336653472,paolo-laptop,hwpc-sensor-container
power_consumption,1705280380200000000,0.013578697190394373,paolo-laptop,hwpc-sensor-container
power_consumption,1705280381202000000,0.012462952656772278,paolo-laptop,hwpc-sensor-container
power_consumption,1705280382206000000,0.013439374056421654,paolo-laptop,hwpc-sensor-container
power_consumption,1705280383209000000,0.016390120044552876,paolo-laptop,hwpc-sensor-container
power_consumption,1705280384212000000,0.013934122770165924,paolo-laptop,hwpc-sensor-container
power_consumption,1705280385213000000,0.013838379658916121,paolo-laptop,hwpc-sensor-container
power_consumption,1705280386215000000,0.011854478975858583,paolo-laptop,hwpc-sensor-container
power_consumption,1705280387217000000,0.013055493183322924,paolo-laptop,hwpc-sensor-container
power_consumption,1705280388218000000,0.017337988620970798,paolo-laptop,hwpc-sensor-container
power_consumption,1705280389220000000,0.013272952783928716,paolo-laptop,hwpc-sensor-container
power_consumption,1705280390221000000,0.012792846979292678,paolo-laptop,hwpc-sensor-container
power_consumption,1705280391223000000,0.009979315148698353,paolo-laptop,hwpc-sensor-container
power_consumption,1705280392224000000,0.016652537422919833,paolo-laptop,hwpc-sensor-container
power_consumption,1705280393225000000,0.014187282497533121,paolo-laptop,hwpc-sensor-container
power_consumption,1705280394226000000,0.01330113588624466,paolo-laptop,hwpc-sensor-container
power_consumption,1705280395228000000,0.013039189393165628,paolo-laptop,hwpc-sensor-container
power_consumption,1705280396237000000,0.011836537984617304,paolo-laptop,hwpc-sensor-container
power_consumption,1705280397242000000,0.012470769753126786,paolo-laptop,hwpc-sensor-container
power_consumption,1705280398246000000,0.012814597264526953,paolo-laptop,hwpc-sensor-container
power_consumption,1705280399248000000,0.012901960781736386,paolo-laptop,hwpc-sensor-container
power_consumption,1705280400251000000,0.01520527696971586,paolo-laptop,hwpc-sensor-container
power_consumption,1705280401255000000,0.013619722372433859,paolo-laptop,hwpc-sensor-container
power_consumption,1705280402259000000,0.01173737436210586,paolo-laptop,hwpc-sensor-container
power_consumption,1705280403262000000,0.017644360483141983,paolo-laptop,hwpc-sensor-container
power_consumption,1705280404264000000,0.01210287734314989,paolo-laptop,hwpc-sensor-container
power_consumption,1705280405265000000,0.016772578487431276,paolo-laptop,hwpc-sensor-container
power_consumption,1705280406268000000,0.013143420432323378,paolo-laptop,hwpc-sensor-container
power_consumption,1705280407269000000,0.013949609908219994,paolo-laptop,hwpc-sensor-container
power_consumption,1705280408274000000,0.013982387058031558,paolo-laptop,hwpc-sensor-container
power_consumption,1705280409278000000,0.010890089614956074,paolo-laptop,hwpc-sensor-container
power_consumption,1705280410282000000,0.015915285234893307,paolo-laptop,hwpc-sensor-container
power_consumption,1705280411286000000,0.017842502527441836,paolo-laptop,hwpc-sensor-container
power_consumption,1705280412290000000,0.012654375719759395,paolo-laptop,hwpc-sensor-container
power_consumption,1705280413294000000,0.012924060031465217,paolo-laptop,hwpc-sensor-container
power_consumption,1705280414298000000,0.013917092151796191,paolo-laptop,hwpc-sensor-container
power_consumption,1705280415302000000,0.01535422597145089,paolo-laptop,hwpc-sensor-container
power_consumption,1705280416304000000,0.016576506469753078,paolo-laptop,hwpc-sensor-container
power_consumption,1705280417308000000,0.011142893603249639,paolo-laptop,hwpc-sensor-container
power_consumption,1705280418310000000,0.01708892252915126,paolo-laptop,hwpc-sensor-container
power_consumption,1705280419312000000,0.01317184622916297,paolo-laptop,hwpc-sensor-container
power_consumption,1705280420313000000,0.014536508854484017,paolo-laptop,hwpc-sensor-container
power_consumption,1705280421318000000,0.021649486633884718,paolo-laptop,hwpc-sensor-container
power_consumption,1705280422320000000,0.011516485703751328,paolo-laptop,hwpc-sensor-container
power_consumption,1705280423322000000,0.014344664380563102,paolo-laptop,hwpc-sensor-container
power_consumption,1705280424326000000,0.017786071581247703,paolo-laptop,hwpc-sensor-container
power_consumption,1705280425330000000,0.012536533878137766,paolo-laptop,hwpc-sensor-container
power_consumption,1705280426335000000,0.01705364134309359,paolo-laptop,hwpc-sensor-container
power_consumption,1705280428343000000,0.022117446275554342,paolo-laptop,hwpc-sensor-container
power_consumption,1705280429345000000,0.017803673316556964,paolo-laptop,hwpc-sensor-container
power_consumption,1705280430347000000,0.01301095174137804,paolo-laptop,hwpc-sensor-container
power_consumption,1705280431349000000,0.011926794064631843,paolo-laptop,hwpc-sensor-container
power_consumption,1705280432351000000,0.017816522262799,paolo-laptop,hwpc-sensor-container
power_consumption,1705280433356000000,0.012924736301207029,paolo-laptop,hwpc-sensor-container
power_consumption,1705280434360000000,0.016465379070655393,paolo-laptop,hwpc-sensor-container
power_consumption,1705280435362000000,0.01204238254337248,paolo-laptop,hwpc-sensor-container
power_consumption,1705280436364000000,0.013903080404282155,paolo-laptop,hwpc-sensor-container
power_consumption,1705280437365000000,0.013563205751765789,paolo-laptop,hwpc-sensor-container
power_consumption,1705280438367000000,0.01212097593128083,paolo-laptop,hwpc-sensor-container
power_consumption,1705280439368000000,0.013150964604201417,paolo-laptop,hwpc-sensor-container
power_consumption,1705280440372000000,0.011241375631313126,paolo-laptop,hwpc-sensor-container
power_consumption,1705280441373000000,0.012744547422461061,paolo-laptop,hwpc-sensor-container
power_consumption,1705280442375000000,0.01351334154764628,paolo-laptop,hwpc-sensor-container
power_consumption,1705280443378000000,0.012937340630969007,paolo-laptop,hwpc-sensor-container
power_consumption,1705280444382000000,0.013260519761606325,paolo-laptop,hwpc-sensor-container
power_consumption,1705280445383000000,0.01234892811946484,paolo-laptop,hwpc-sensor-container
power_consumption,1705280446385000000,0.011529390550104383,paolo-laptop,hwpc-sensor-container
power_consumption,1705280447387000000,0.011877273110695833,paolo-laptop,hwpc-sensor-container
power_consumption,1705280448388000000,0.011497487448898981,paolo-laptop,hwpc-sensor-container
power_consumption,1705280449390000000,0.012428077685995529,paolo-laptop,hwpc-sensor-container
power_consumption,1705280450394000000,0.014514517479550928,paolo-laptop,hwpc-sensor-container
power_consumption,1705280451395000000,0.01229768841848096,paolo-laptop,hwpc-sensor-container
power_consumption,1705280452397000000,0.011273275242413686,paolo-laptop,hwpc-sensor-container
power_consumption,1705280453399000000,0.012323427216886822,paolo-laptop,hwpc-sensor-container
power_consumption,1705280454401000000,0.013138154088519146,paolo-laptop,hwpc-sensor-container
power_consumption,1705280455403000000,0.016280780343200837,paolo-laptop,hwpc-sensor-container
power_consumption,1705280456405000000,0.012137462794079987,paolo-laptop,hwpc-sensor-container
power_consumption,1705280457407000000,0.012028368044000875,paolo-laptop,hwpc-sensor-container
power_consumption,1705280458409000000,0.011558401174379514,paolo-laptop,hwpc-sensor-container
power_consumption,1705280459411000000,0.01606993547292835,paolo-laptop,hwpc-sensor-container
power_consumption,1705280460414000000,0.012717970202144355,paolo-laptop,hwpc-sensor-container
power_consumption,1705280461416000000,0.011884766275832459,paolo-laptop,hwpc-sensor-container
power_consumption,1705280462417000000,0.0072261119764330875,paolo-laptop,hwpc-sensor-container
power_consumption,1705280463418000000,0.009714931609560898,paolo-laptop,hwpc-sensor-container
power_consumption,1705280464419000000,0.015734512189270935,paolo-laptop,hwpc-sensor-container
power_consumption,1705280465420000000,0.013860897864796627,paolo-laptop,hwpc-sensor-container
power_consumption,1705280466422000000,0.011110970840807399,paolo-laptop,hwpc-sensor-container
power_consumption,1705280467423000000,0.012957427625622213,paolo-laptop,hwpc-sensor-container
power_consumption,1705280468425000000,0.01408547776043403,paolo-laptop,hwpc-sensor-container
power_consumption,1705280469429000000,0.013826104823715948,paolo-laptop,hwpc-sensor-container
power_consumption,1705280470431000000,0.012032530681730241,paolo-laptop,hwpc-sensor-container
power_consumption,1705280471433000000,0.012684414053537714,paolo-laptop,hwpc-sensor-container
power_consumption,1705280472437000000,0.012212443151436748,paolo-laptop,hwpc-sensor-container
power_consumption,1705280473439000000,0.018906110182205664,paolo-laptop,hwpc-sensor-container
power_consumption,1705280474443000000,0.013535926070672803,paolo-laptop,hwpc-sensor-container
power_consumption,1705280475445000000,0.008193003195449309,paolo-laptop,hwpc-sensor-container
power_consumption,1705280476446000000,0.011511344392020471,paolo-laptop,hwpc-sensor-container
power_consumption,1705280477450000000,0.02078014545393772,paolo-laptop,hwpc-sensor-container
power_consumption,1705280478454000000,0.013398761345845228,paolo-laptop,hwpc-sensor-container
power_consumption,1705280479456000000,0.012722473258808181,paolo-laptop,hwpc-sensor-container
power_consumption,1705280480459000000,0.01300559415202959,paolo-laptop,hwpc-sensor-container
power_consumption,1705280481461000000,0.015478057470510169,paolo-laptop,hwpc-sensor-container
power_consumption,1705280482463000000,0.017129728798439242,paolo-laptop,hwpc-sensor-container
power_consumption,1705280483464000000,0.012088142595952363,paolo-laptop,hwpc-sensor-container
power_consumption,1705280484466000000,0.017400525437287873,paolo-laptop,hwpc-sensor-container
power_consumption,1705280485471000000,0.012376539361002454,paolo-laptop,hwpc-sensor-container
power_consumption,1705280486474000000,0.013460360379773204,paolo-laptop,hwpc-sensor-container
