name,time,power,sensor,target
power_consumption,1704520542080000000,0.010239052477582401,paolo-laptop,hwpc-sensor-container
power_consumption,1704520543081000000,0.011498143182322597,paolo-laptop,hwpc-sensor-container
power_consumption,1704520545084000000,0.010852651847993767,paolo-laptop,hwpc-sensor-container
power_consumption,1704520546087000000,0.012338700357651,paolo-laptop,hwpc-sensor-container
power_consumption,1704520547091000000,0.009914634003857226,paolo-laptop,hwpc-sensor-container
power_consumption,1704520548093000000,0.01024201452549061,paolo-laptop,hwpc-sensor-container
power_consumption,1704520550097000000,0.010476627911884029,paolo-laptop,hwpc-sensor-container
power_consumption,1704520551099000000,0.011040472461603775,paolo-laptop,hwpc-sensor-container
power_consumption,1704520552100000000,0.008887330413470302,paolo-laptop,hwpc-sensor-container
power_consumption,1704520553101000000,0.010834195112371471,paolo-laptop,hwpc-sensor-container
power_consumption,1704520554102000000,0.008542006336567879,paolo-laptop,hwpc-sensor-container
power_consumption,1704520555104000000,0.01084137515838453,paolo-laptop,hwpc-sensor-container
power_consumption,1704520556105000000,0.011060041113720026,paolo-laptop,hwpc-sensor-container
power_consumption,1704520557107000000,0.011145814136472674,paolo-laptop,hwpc-sensor-container
power_consumption,1704520559112000000,0.009703975605314588,paolo-laptop,hwpc-sensor-container
power_consumption,1704520560113000000,0.010758070180737326,paolo-laptop,hwpc-sensor-container
power_consumption,1704520561115000000,0.010630064628033162,paolo-laptop,hwpc-sensor-container
power_consumption,1704520564120000000,0.010740802140288224,paolo-laptop,hwpc-sensor-container
power_consumption,1704520565121000000,0.010082305246849586,paolo-laptop,hwpc-sensor-container
power_consumption,1704520568126000000,0.01063098231686365,paolo-laptop,hwpc-sensor-container
power_consumption,1704520569128000000,0.009885231266312921,paolo-laptop,hwpc-sensor-container
power_consumption,1704520571131000000,0.009155506260289183,paolo-laptop,hwpc-sensor-container
power_consumption,1704520573133000000,0.008481164967541284,paolo-laptop,hwpc-sensor-container
power_consumption,1704520576137000000,0.013564817727538422,paolo-laptop,hwpc-sensor-container
power_consumption,1704520577138000000,0.011620363158941837,paolo-laptop,hwpc-sensor-container
power_consumption,1704520578140000000,0.010601420337499855,paolo-laptop,hwpc-sensor-container
power_consumption,1704520579142000000,0.013200779192151553,paolo-laptop,hwpc-sensor-container
power_consumption,1704520580143000000,0.009796519274709694,paolo-laptop,hwpc-sensor-container
power_consumption,1704520581144000000,0.009470824805213886,paolo-laptop,hwpc-sensor-container
power_consumption,1704520582146000000,0.010590980853593838,paolo-laptop,hwpc-sensor-container
power_consumption,1704520583147000000,0.010256966013502166,paolo-laptop,hwpc-sensor-container
power_consumption,1704520584148000000,0.0090000259512601,paolo-laptop,hwpc-sensor-container
power_consumption,1704520585149000000,0.009581544186511567,paolo-laptop,hwpc-sensor-container
power_consumption,1704520586150000000,0.008435310830165695,paolo-laptop,hwpc-sensor-container
power_consumption,1704520587152000000,0.009802345059282777,paolo-laptop,hwpc-sensor-container
power_consumption,1704520588153000000,0.009812740387287354,paolo-laptop,hwpc-sensor-container
power_consumption,1704520589155000000,0.009454036247043749,paolo-laptop,hwpc-sensor-container
power_consumption,1704520590156000000,0.009240060940734578,paolo-laptop,hwpc-sensor-container
power_consumption,1704520591157000000,0.0094109750670873,paolo-laptop,hwpc-sensor-container
power_consumption,1704520592159000000,0.008945697890685769,paolo-laptop,hwpc-sensor-container
power_consumption,1704520593160000000,0.009024714290868631,paolo-laptop,hwpc-sensor-container
power_consumption,1704520594162000000,0.009992119836905029,paolo-laptop,hwpc-sensor-container
power_consumption,1704520597169000000,0.010824268461152807,paolo-laptop,hwpc-sensor-container
power_consumption,1704520598171000000,0.010299582108270755,paolo-laptop,hwpc-sensor-container
power_consumption,1704520599173000000,0.010524887816482666,paolo-laptop,hwpc-sensor-container
power_consumption,1704520600174000000,0.009993527630096071,paolo-laptop,hwpc-sensor-container
power_consumption,1704520601176000000,0.0099135396031442,paolo-laptop,hwpc-sensor-container
power_consumption,1704520602178000000,0.010637608902469137,paolo-laptop,hwpc-sensor-container
power_consumption,1704520603180000000,0.009995468948591789,paolo-laptop,hwpc-sensor-container
power_consumption,1704520604182000000,0.010162025522751476,paolo-laptop,hwpc-sensor-container
power_consumption,1704520605185000000,0.010877485842792484,paolo-laptop,hwpc-sensor-container
power_consumption,1704520606187000000,0.009786667542874059,paolo-laptop,hwpc-sensor-container
power_consumption,1704520607189000000,0.010188202458443506,paolo-laptop,hwpc-sensor-container
power_consumption,1704520608191000000,0.00981189062685171,paolo-laptop,hwpc-sensor-container
power_consumption,1704520609193000000,0.010594699615890326,paolo-laptop,hwpc-sensor-container
power_consumption,1704520610195000000,0.011823324032772493,paolo-laptop,hwpc-sensor-container
power_consumption,1704520611201000000,0.011462880313466116,paolo-laptop,hwpc-sensor-container
power_consumption,1704520612206000000,0.010172737455918193,paolo-laptop,hwpc-sensor-container
power_consumption,1704520613210000000,0.01149793760274834,paolo-laptop,hwpc-sensor-container
power_consumption,1704520614219000000,0.010215696783309846,paolo-laptop,hwpc-sensor-container
power_consumption,1704520615222000000,0.011387382074869383,paolo-laptop,hwpc-sensor-container
power_consumption,1704520616224000000,0.010240493213587602,paolo-laptop,hwpc-sensor-container
power_consumption,1704520617226000000,0.010835711805046435,paolo-laptop,hwpc-sensor-container
power_consumption,1704520618228000000,0.011655680140772718,paolo-laptop,hwpc-sensor-container
power_consumption,1704520619230000000,0.011517344032389402,paolo-laptop,hwpc-sensor-container
power_consumption,1704520620232000000,0.01081953057973677,paolo-laptop,hwpc-sensor-container
power_consumption,1704520621234000000,0.011000174356597933,paolo-laptop,hwpc-sensor-container
power_consumption,1704520622236000000,0.011046923761032109,paolo-laptop,hwpc-sensor-container
power_consumption,1704520623238000000,0.010728272813404487,paolo-laptop,hwpc-sensor-container
power_consumption,1704520624242000000,0.012538256045148684,paolo-laptop,hwpc-sensor-container
power_consumption,1704520625247000000,0.009463084306507516,paolo-laptop,hwpc-sensor-container
power_consumption,1704520626249000000,0.011444247541152664,paolo-laptop,hwpc-sensor-container
power_consumption,1704520627251000000,0.013093273576422287,paolo-laptop,hwpc-sensor-container
power_consumption,1704520628257000000,0.01086345129756805,paolo-laptop,hwpc-sensor-container
power_consumption,1704520629260000000,0.01294269170615316,paolo-laptop,hwpc-sensor-container
power_consumption,1704520630263000000,0.012917762987984258,paolo-laptop,hwpc-sensor-container
power_consumption,1704520631269000000,0.012996359952077789,paolo-laptop,hwpc-sensor-container
power_consumption,1704520632276000000,0.011109009686306133,paolo-laptop,hwpc-sensor-container
power_consumption,1704520633278000000,0.0121009571981474,paolo-laptop,hwpc-sensor-container
power_consumption,1704520634280000000,0.009630533363069679,paolo-laptop,hwpc-sensor-container
power_consumption,1704520635282000000,0.01051672754973552,paolo-laptop,hwpc-sensor-container
power_consumption,1704520636284000000,0.011517224936813172,paolo-laptop,hwpc-sensor-container
power_consumption,1704520637286000000,0.011934734381716479,paolo-laptop,hwpc-sensor-container
power_consumption,1704520638288000000,0.012444600124208515,paolo-laptop,hwpc-sensor-container
power_consumption,1704520639291000000,0.012218730660590088,paolo-laptop,hwpc-sensor-container
power_consumption,1704520640296000000,0.013626560905172277,paolo-laptop,hwpc-sensor-container
power_consumption,1704520641301000000,0.011122382938656037,paolo-laptop,hwpc-sensor-container
power_consumption,1704520642303000000,0.010717866978354623,paolo-laptop,hwpc-sensor-container
power_consumption,1704520643305000000,0.012048863340810942,paolo-laptop,hwpc-sensor-container
power_consumption,1704520644307000000,0.010604958449274698,paolo-laptop,hwpc-sensor-container
power_consumption,1704520645310000000,0.01091480368472092,paolo-laptop,hwpc-sensor-container
power_consumption,1704520646312000000,0.011712443995065418,paolo-laptop,hwpc-sensor-container
power_consumption,1704520647315000000,0.011574397408068433,paolo-laptop,hwpc-sensor-container
power_consumption,1704520648317000000,0.011780159651091172,paolo-laptop,hwpc-sensor-container
power_consumption,1704520649319000000,0.011876033077950906,paolo-laptop,hwpc-sensor-container
power_consumption,1704520650322000000,0.01166035313941304,paolo-laptop,hwpc-sensor-container
power_consumption,1704520651324000000,0.011110418305165362,paolo-laptop,hwpc-sensor-container
power_consumption,1704520652326000000,0.010598473873634006,paolo-laptop,hwpc-sensor-container
power_consumption,1704520653328000000,0.010314659722849154,paolo-laptop,hwpc-sensor-container
power_consumption,1704520654331000000,0.011745305181774439,paolo-laptop,hwpc-sensor-container
power_consumption,1704520655333000000,0.012025707735412079,paolo-laptop,hwpc-sensor-container
power_consumption,1704520656335000000,0.011563180316895835,paolo-laptop,hwpc-sensor-container
power_consumption,1704520657337000000,0.011376095744872358,paolo-laptop,hwpc-sensor-container
power_consumption,1704520658339000000,0.01150101889766253,paolo-laptop,hwpc-sensor-container
power_consumption,1704520659342000000,0.012076887141999264,paolo-laptop,hwpc-sensor-container
power_consumption,1704520660345000000,0.012268206114295395,paolo-laptop,hwpc-sensor-container
power_consumption,1704520661347000000,0.01198529793910255,paolo-laptop,hwpc-sensor-container
power_consumption,1704520662349000000,0.011841323352824649,paolo-laptop,hwpc-sensor-container
power_consumption,1704520663352000000,0.011882497692985872,paolo-laptop,hwpc-sensor-container
power_consumption,1704520664358000000,0.010731533664796917,paolo-laptop,hwpc-sensor-container
power_consumption,1704520665360000000,0.011676256846582871,paolo-laptop,hwpc-sensor-container
power_consumption,1704520666362000000,0.011814535157617078,paolo-laptop,hwpc-sensor-container
power_consumption,1704520667365000000,0.010664271813455549,paolo-laptop,hwpc-sensor-container
power_consumption,1704520668367000000,0.009921571950073944,paolo-laptop,hwpc-sensor-container
power_consumption,1704520669369000000,0.010492403061191851,paolo-laptop,hwpc-sensor-container
power_consumption,1704520670372000000,0.010648510496792782,paolo-laptop,hwpc-sensor-container
power_consumption,1704520671374000000,0.010167145682027381,paolo-laptop,hwpc-sensor-container
power_consumption,1704520672376000000,0.00982404320570721,paolo-laptop,hwpc-sensor-container
power_consumption,1704520673377000000,0.015482945390748785,paolo-laptop,hwpc-sensor-container
power_consumption,1704520674379000000,0.015870325765498225,paolo-laptop,hwpc-sensor-container
power_consumption,1704520675381000000,0.01652567880556774,paolo-laptop,hwpc-sensor-container
power_consumption,1704520676383000000,0.010152374253193241,paolo-laptop,hwpc-sensor-container
power_consumption,1704520677388000000,0.009670368721251793,paolo-laptop,hwpc-sensor-container
power_consumption,1704520678390000000,0.014651934370588877,paolo-laptop,hwpc-sensor-container
power_consumption,1704520679392000000,0.012454032449100039,paolo-laptop,hwpc-sensor-container
power_consumption,1704520680394000000,0.01039451094720317,paolo-laptop,hwpc-sensor-container
power_consumption,1704520681397000000,0.011796576298900605,paolo-laptop,hwpc-sensor-container
power_consumption,1704520682399000000,0.012000779969821029,paolo-laptop,hwpc-sensor-container
power_consumption,1704520683401000000,0.011657084784564498,paolo-laptop,hwpc-sensor-container
power_consumption,1704520684403000000,0.011656676490742191,paolo-laptop,hwpc-sensor-container
power_consumption,1704520685405000000,0.011944024355010133,paolo-laptop,hwpc-sensor-container
power_consumption,1704520686411000000,0.013822476013739505,paolo-laptop,hwpc-sensor-container
power_consumption,1704520687414000000,0.01219124472500636,paolo-laptop,hwpc-sensor-container
power_consumption,1704520688417000000,0.012939568709921497,paolo-laptop,hwpc-sensor-container
power_consumption,1704520689420000000,0.012566233167048316,paolo-laptop,hwpc-sensor-container
power_consumption,1704520690423000000,0.012116779686118264,paolo-laptop,hwpc-sensor-container
power_consumption,1704520691425000000,0.01157552974423835,paolo-laptop,hwpc-sensor-container
power_consumption,1704520692427000000,0.011621580532659244,paolo-laptop,hwpc-sensor-container
power_consumption,1704520693429000000,0.011902264354557011,paolo-laptop,hwpc-sensor-container
power_consumption,1704520695433000000,0.011830033181822467,paolo-laptop,hwpc-sensor-container
power_consumption,1704520699447000000,0.013313342476668662,paolo-laptop,hwpc-sensor-container
power_consumption,1704520700451000000,0.012630369692126572,paolo-laptop,hwpc-sensor-container
power_consumption,1704520701454000000,0.012653867482694887,paolo-laptop,hwpc-sensor-container
power_consumption,1704520702456000000,0.01135844218616001,paolo-laptop,hwpc-sensor-container
power_consumption,1704520703458000000,0.012997277052610414,paolo-laptop,hwpc-sensor-container
power_consumption,1704520704465000000,0.012057946095827332,paolo-laptop,hwpc-sensor-container
power_consumption,1704520705468000000,0.013319279469852393,paolo-laptop,hwpc-sensor-container
power_consumption,1704520706471000000,0.012147953768417197,paolo-laptop,hwpc-sensor-container
power_consumption,1704520707473000000,0.012294065754743984,paolo-laptop,hwpc-sensor-container
power_consumption,1704520708475000000,0.012480300334714188,paolo-laptop,hwpc-sensor-container
power_consumption,1704520709490000000,0.011480557973973734,paolo-laptop,hwpc-sensor-container
power_consumption,1704520710492000000,0.012353423246423233,paolo-laptop,hwpc-sensor-container
power_consumption,1704520711494000000,0.013168937029262098,paolo-laptop,hwpc-sensor-container
power_consumption,1704520712496000000,0.012345916766638109,paolo-laptop,hwpc-sensor-container
power_consumption,1704520713498000000,0.011330258999050888,paolo-laptop,hwpc-sensor-container
power_consumption,1704520714500000000,0.012540209152343136,paolo-laptop,hwpc-sensor-container
power_consumption,1704520715502000000,0.013240488351990414,paolo-laptop,hwpc-sensor-container
power_consumption,1704520716504000000,0.01195682154811448,paolo-laptop,hwpc-sensor-container
power_consumption,1704520717506000000,0.01251157161701504,paolo-laptop,hwpc-sensor-container
power_consumption,1704520718509000000,0.012352777240166146,paolo-laptop,hwpc-sensor-container
power_consumption,1704520719511000000,0.012286095969470844,paolo-laptop,hwpc-sensor-container
power_consumption,1704520720513000000,0.013009790156398625,paolo-laptop,hwpc-sensor-container
power_consumption,1704520721515000000,0.012536245726348896,paolo-laptop,hwpc-sensor-container
power_consumption,1704520722517000000,0.012535366869635153,paolo-laptop,hwpc-sensor-container
power_consumption,1704520723520000000,0.011169405273816858,paolo-laptop,hwpc-sensor-container
power_consumption,1704520724522000000,0.012591034767756894,paolo-laptop,hwpc-sensor-container
power_consumption,1704520725524000000,0.012385093402881107,paolo-laptop,hwpc-sensor-container
power_consumption,1704520726527000000,0.01212259343833386,paolo-laptop,hwpc-sensor-container
power_consumption,1704520727529000000,0.01166609611454565,paolo-laptop,hwpc-sensor-container
power_consumption,1704520730537000000,0.010929439396864957,paolo-laptop,hwpc-sensor-container
power_consumption,1704520731538000000,0.011467468215698818,paolo-laptop,hwpc-sensor-container
power_consumption,1704520739561000000,0.011812485434212112,paolo-laptop,hwpc-sensor-container
power_consumption,1704520741565000000,0.013956437189379448,paolo-laptop,hwpc-sensor-container
power_consumption,1704520743571000000,0.01239571460542155,paolo-laptop,hwpc-sensor-container
power_consumption,1704520744574000000,0.012585972591179443,paolo-laptop,hwpc-sensor-container
power_consumption,1704520746581000000,0.013587800339208995,paolo-laptop,hwpc-sensor-container
power_consumption,1704520747586000000,0.01197605964998016,paolo-laptop,hwpc-sensor-container
power_consumption,1704520748588000000,0.012477140278248538,paolo-laptop,hwpc-sensor-container
power_consumption,1704520749591000000,0.012830587510739977,paolo-laptop,hwpc-sensor-container
power_consumption,1704520750594000000,0.012259935129681446,paolo-laptop,hwpc-sensor-container
power_consumption,1704520751597000000,0.012010085527620278,paolo-laptop,hwpc-sensor-container
power_consumption,1704520752598000000,0.01295794313141529,paolo-laptop,hwpc-sensor-container
power_consumption,1704520754607000000,0.012243541725379612,paolo-laptop,hwpc-sensor-container
power_consumption,1704520755610000000,0.01225422621237786,paolo-laptop,hwpc-sensor-container
power_consumption,1704520756612000000,0.012349437320865535,paolo-laptop,hwpc-sensor-container
power_consumption,1704520757615000000,0.012077534965858342,paolo-laptop,hwpc-sensor-container
power_consumption,1704520758617000000,0.011995137634081256,paolo-laptop,hwpc-sensor-container
power_consumption,1704520759620000000,0.012318607587495327,paolo-laptop,hwpc-sensor-container
power_consumption,1704520761626000000,0.012952891299382431,paolo-laptop,hwpc-sensor-container
power_consumption,1704520762628000000,0.011914058134478822,paolo-laptop,hwpc-sensor-container
power_consumption,1704520763631000000,0.011761688470546532,paolo-laptop,hwpc-sensor-container
power_consumption,1704520764633000000,0.011561900631088909,paolo-laptop,hwpc-sensor-container
power_consumption,1704520765636000000,0.01141599764414057,paolo-laptop,hwpc-sensor-container
power_consumption,1704520766638000000,0.011840582057064451,paolo-laptop,hwpc-sensor-container
power_consumption,1704520767640000000,0.011535686867967375,paolo-laptop,hwpc-sensor-container
power_consumption,1704520768643000000,0.011648665245466802,paolo-laptop,hwpc-sensor-container
power_consumption,1704520769645000000,0.010534346024664746,paolo-laptop,hwpc-sensor-container
power_consumption,1704520770647000000,0.011710282039251682,paolo-laptop,hwpc-sensor-container
power_consumption,1704520771649000000,0.011235667652159824,paolo-laptop,hwpc-sensor-container
power_consumption,1704520772651000000,0.011467167615224465,paolo-laptop,hwpc-sensor-container
power_consumption,1704520773653000000,0.011909529635669061,paolo-laptop,hwpc-sensor-container
power_consumption,1704520774656000000,0.011729641458817743,paolo-laptop,hwpc-sensor-container
power_consumption,1704520778671000000,0.010218943233329525,paolo-laptop,hwpc-sensor-container
power_consumption,1704520785689000000,0.010774443996172943,paolo-laptop,hwpc-sensor-container
power_consumption,1704520786692000000,0.012433843275553766,paolo-laptop,hwpc-sensor-container
power_consumption,1704520787694000000,0.010484687944162522,paolo-laptop,hwpc-sensor-container
power_consumption,1704520789698000000,0.011868036331212879,paolo-laptop,hwpc-sensor-container
power_consumption,1704520790700000000,0.011767937255410196,paolo-laptop,hwpc-sensor-container
power_consumption,1704520791702000000,0.011695220921450287,paolo-laptop,hwpc-sensor-container
power_consumption,1704520792705000000,0.012156673904848753,paolo-laptop,hwpc-sensor-container
power_consumption,1704520793706000000,0.011081263665562604,paolo-laptop,hwpc-sensor-container
power_consumption,1704520794708000000,0.01277532949339964,paolo-laptop,hwpc-sensor-container
power_consumption,1704520795711000000,0.011675869978426987,paolo-laptop,hwpc-sensor-container
power_consumption,1704520796713000000,0.011751563891777228,paolo-laptop,hwpc-sensor-container
power_consumption,1704520797715000000,0.011646286986328875,paolo-laptop,hwpc-sensor-container
power_consumption,1704520798717000000,0.011909214402954005,paolo-laptop,hwpc-sensor-container
power_consumption,1704520799719000000,0.012149765522561057,paolo-laptop,hwpc-sensor-container
power_consumption,1704520800723000000,0.011350635333241026,paolo-laptop,hwpc-sensor-container
power_consumption,1704520801725000000,0.014250060511353847,paolo-laptop,hwpc-sensor-container
power_consumption,1704520802731000000,0.011567800522778691,paolo-laptop,hwpc-sensor-container
power_consumption,1704520803733000000,0.011031030858696559,paolo-laptop,hwpc-sensor-container
power_consumption,1704520804738000000,0.01898810432468728,paolo-laptop,hwpc-sensor-container
power_consumption,1704520808748000000,0.009749406561353901,paolo-laptop,hwpc-sensor-container
power_consumption,1704520809749000000,0.011058158878470281,paolo-laptop,hwpc-sensor-container
power_consumption,1704520810751000000,0.010650907475472635,paolo-laptop,hwpc-sensor-container
power_consumption,1704520814764000000,0.012107410860694747,paolo-laptop,hwpc-sensor-container
power_consumption,1704520815766000000,0.012327954494460919,paolo-laptop,hwpc-sensor-container
power_consumption,1704520819779000000,0.01033692791971779,paolo-laptop,hwpc-sensor-container
power_consumption,1704520820781000000,0.011873742797498966,paolo-laptop,hwpc-sensor-container
power_consumption,1704520821783000000,0.011928046359436107,paolo-laptop,hwpc-sensor-container
power_consumption,1704520822786000000,0.011839376184848798,paolo-laptop,hwpc-sensor-container
power_consumption,1704520823788000000,0.012584502593009726,paolo-laptop,hwpc-sensor-container
power_consumption,1704520824789000000,0.009518358673291236,paolo-laptop,hwpc-sensor-container
power_consumption,1704520830809000000,0.013150897352299714,paolo-laptop,hwpc-sensor-container
power_consumption,1704520832815000000,0.01140084990802092,paolo-laptop,hwpc-sensor-container
power_consumption,1704520833819000000,0.010433272870794326,paolo-laptop,hwpc-sensor-container
power_consumption,1704520848857000000,0.010050548594598549,paolo-laptop,hwpc-sensor-container
power_consumption,1704520849861000000,0.015446357212322098,paolo-laptop,hwpc-sensor-container
power_consumption,1704520850864000000,0.012090874332790345,paolo-laptop,hwpc-sensor-container
power_consumption,1704520851866000000,0.012318831827211186,paolo-laptop,hwpc-sensor-container
power_consumption,1704520852868000000,0.012138668537294508,paolo-laptop,hwpc-sensor-container
power_consumption,1704520853870000000,0.012679913282528845,paolo-laptop,hwpc-sensor-container
power_consumption,1704520854874000000,0.012465122440927241,paolo-laptop,hwpc-sensor-container
power_consumption,1704520855876000000,0.011936520138773844,paolo-laptop,hwpc-sensor-container
power_consumption,1704520856878000000,0.013034865582268833,paolo-laptop,hwpc-sensor-container
power_consumption,1704520857884000000,0.011397661777712963,paolo-laptop,hwpc-sensor-container
power_consumption,1704520858886000000,0.013720357816505751,paolo-laptop,hwpc-sensor-container
power_consumption,1704520859891000000,0.011583785030044398,paolo-laptop,hwpc-sensor-container
power_consumption,1704520860893000000,0.01166891717323711,paolo-laptop,hwpc-sensor-container
power_consumption,1704520861895000000,0.012941199392765435,paolo-laptop,hwpc-sensor-container
power_consumption,1704520862898000000,0.012616037426145508,paolo-laptop,hwpc-sensor-container
power_consumption,1704520863900000000,0.012320814634313745,paolo-laptop,hwpc-sensor-container
power_consumption,1704520864902000000,0.012135770135932564,paolo-laptop,hwpc-sensor-container
power_consumption,1704520865904000000,0.009944727773351859,paolo-laptop,hwpc-sensor-container
power_consumption,1704520866906000000,0.012787463909495197,paolo-laptop,hwpc-sensor-container
power_consumption,1704520867908000000,0.012596438065284418,paolo-laptop,hwpc-sensor-container
power_consumption,1704520868910000000,0.012459346228338088,paolo-laptop,hwpc-sensor-container
power_consumption,1704520869912000000,0.012907417373105853,paolo-laptop,hwpc-sensor-container
power_consumption,1704520870914000000,0.011416536932452141,paolo-laptop,hwpc-sensor-container
power_consumption,1704520871916000000,0.01223620459514646,paolo-laptop,hwpc-sensor-container
power_consumption,1704520872920000000,0.015636789735897265,paolo-laptop,hwpc-sensor-container
power_consumption,1704520874924000000,0.011747712414684095,paolo-laptop,hwpc-sensor-container
power_consumption,1704520875925000000,0.010766651482238022,paolo-laptop,hwpc-sensor-container
power_consumption,1704520879933000000,0.01284103402177441,paolo-laptop,hwpc-sensor-container
power_consumption,1704520880935000000,0.012305929512237317,paolo-laptop,hwpc-sensor-container
power_consumption,1704520881938000000,0.012125144473739784,paolo-laptop,hwpc-sensor-container
power_consumption,1704520882940000000,0.012229153203634166,paolo-laptop,hwpc-sensor-container
power_consumption,1704520883942000000,0.011176283146449596,paolo-laptop,hwpc-sensor-container
power_consumption,1704520884944000000,0.012547143112578742,paolo-laptop,hwpc-sensor-container
power_consumption,1704520885946000000,0.012097223036306493,paolo-laptop,hwpc-sensor-container
power_consumption,1704520886948000000,0.012669076558468492,paolo-laptop,hwpc-sensor-container
power_consumption,1704520887950000000,0.012689485228206709,paolo-laptop,hwpc-sensor-container
power_consumption,1704520888953000000,0.012422001314617107,paolo-laptop,hwpc-sensor-container
power_consumption,1704520889955000000,0.0124041182518718,paolo-laptop,hwpc-sensor-container
power_consumption,1704520890957000000,0.012553494795734432,paolo-laptop,hwpc-sensor-container
power_consumption,1704520891960000000,0.012636675249705303,paolo-laptop,hwpc-sensor-container
power_consumption,1704520892962000000,0.012308721837039665,paolo-laptop,hwpc-sensor-container
power_consumption,1704520893964000000,0.012532851712236582,paolo-laptop,hwpc-sensor-container
power_consumption,1704520894966000000,0.012674539968839616,paolo-laptop,hwpc-sensor-container
power_consumption,1704520895969000000,0.013284774264988175,paolo-laptop,hwpc-sensor-container
power_consumption,1704520896972000000,0.012417834334367928,paolo-laptop,hwpc-sensor-container
power_consumption,1704520897974000000,0.012240845677563613,paolo-laptop,hwpc-sensor-container
power_consumption,1704520898977000000,0.011965870851277819,paolo-laptop,hwpc-sensor-container
power_consumption,1704520899981000000,0.01808090564073701,paolo-laptop,hwpc-sensor-container
power_consumption,1704520908999000000,0.012354198845821987,paolo-laptop,hwpc-sensor-container
power_consumption,1704520914011000000,0.009723160349595937,paolo-laptop,hwpc-sensor-container
power_consumption,1704520916015000000,0.011972350187447252,paolo-laptop,hwpc-sensor-container
power_consumption,1704520917018000000,0.013754955885749482,paolo-laptop,hwpc-sensor-container
power_consumption,1704520919025000000,0.010631615605459025,paolo-laptop,hwpc-sensor-container
power_consumption,1704520921030000000,0.01707580045076594,paolo-laptop,hwpc-sensor-container
power_consumption,1704520922034000000,0.017539420444220764,paolo-laptop,hwpc-sensor-container
power_consumption,1704520926042000000,0.011343435995425272,paolo-laptop,hwpc-sensor-container
power_consumption,1704520929054000000,0.01089388835773637,paolo-laptop,hwpc-sensor-container
power_consumption,1704520933076000000,0.010284444725813555,paolo-laptop,hwpc-sensor-container
power_consumption,1704520936094000000,0.011471572990468954,paolo-laptop,hwpc-sensor-container
power_consumption,1704520937100000000,0.012080513909040264,paolo-laptop,hwpc-sensor-container
power_consumption,1704520939107000000,0.013595749826610154,paolo-laptop,hwpc-sensor-container
power_consumption,1704520941115000000,0.011269593000327646,paolo-laptop,hwpc-sensor-container
power_consumption,1704520943123000000,0.011540348454421648,paolo-laptop,hwpc-sensor-container
power_consumption,1704520946134000000,0.011581902421167042,paolo-laptop,hwpc-sensor-container
power_consumption,1704520947138000000,0.01997286831391334,paolo-laptop,hwpc-sensor-container
power_consumption,1704520948140000000,0.011143041850765829,paolo-laptop,hwpc-sensor-container
power_consumption,1704520949144000000,0.011776946280919803,paolo-laptop,hwpc-sensor-container
power_consumption,1704520951150000000,0.011194210554162554,paolo-laptop,hwpc-sensor-container
power_consumption,1704520952152000000,0.010680394661070224,paolo-laptop,hwpc-sensor-container
power_consumption,1704520953154000000,0.012074355246185161,paolo-laptop,hwpc-sensor-container
power_consumption,1704520954155000000,0.012266787876155738,paolo-laptop,hwpc-sensor-container
power_consumption,1704520955157000000,0.01136370738723546,paolo-laptop,hwpc-sensor-container
power_consumption,1704520956160000000,0.012225409887300817,paolo-laptop,hwpc-sensor-container
power_consumption,1704520957162000000,0.011363616105529727,paolo-laptop,hwpc-sensor-container
power_consumption,1704520958164000000,0.01226582646101152,paolo-laptop,hwpc-sensor-container
power_consumption,1704520959165000000,0.01082816660624585,paolo-laptop,hwpc-sensor-container
power_consumption,1704520960167000000,0.01109915372900493,paolo-laptop,hwpc-sensor-container
power_consumption,1704520961169000000,0.014405705150885191,paolo-laptop,hwpc-sensor-container
power_consumption,1704520962171000000,0.010523750732635118,paolo-laptop,hwpc-sensor-container
power_consumption,1704520963173000000,0.01657290734669519,paolo-laptop,hwpc-sensor-container
power_consumption,1704520964175000000,0.01558746195737685,paolo-laptop,hwpc-sensor-container
power_consumption,1704520965177000000,0.013524551890294107,paolo-laptop,hwpc-sensor-container
power_consumption,1704520966178000000,0.011711913890696344,paolo-laptop,hwpc-sensor-container
power_consumption,1704520967180000000,0.013116203378881777,paolo-laptop,hwpc-sensor-container
power_consumption,1704520968183000000,0.010628508283967053,paolo-laptop,hwpc-sensor-container
power_consumption,1704520969185000000,0.013991279257172268,paolo-laptop,hwpc-sensor-container
power_consumption,1704520970190000000,0.011375150303205352,paolo-laptop,hwpc-sensor-container
power_consumption,1704520971193000000,0.01120659801553396,paolo-laptop,hwpc-sensor-container
power_consumption,1704520972195000000,0.011161698632523394,paolo-laptop,hwpc-sensor-container
power_consumption,1704520973197000000,0.011548855283348035,paolo-laptop,hwpc-sensor-container
power_consumption,1704520974201000000,0.011850449355805745,paolo-laptop,hwpc-sensor-container
power_consumption,1704520976210000000,0.015683227772704658,paolo-laptop,hwpc-sensor-container
power_consumption,1704520977212000000,0.012184832076951565,paolo-laptop,hwpc-sensor-container
power_consumption,1704520978215000000,0.012740078184039919,paolo-laptop,hwpc-sensor-container
power_consumption,1704520980220000000,0.010571169317236315,paolo-laptop,hwpc-sensor-container
power_consumption,1704520981221000000,0.011922905737139718,paolo-laptop,hwpc-sensor-container
power_consumption,1704520982224000000,0.013001118154032931,paolo-laptop,hwpc-sensor-container
power_consumption,1704520983231000000,0.012683990440648687,paolo-laptop,hwpc-sensor-container
power_consumption,1704520984237000000,0.01216455529450109,paolo-laptop,hwpc-sensor-container
power_consumption,1704520985243000000,0.009637430889110338,paolo-laptop,hwpc-sensor-container
power_consumption,1704520988251000000,0.013461536766173796,paolo-laptop,hwpc-sensor-container
power_consumption,1704520989253000000,0.011840899295594435,paolo-laptop,hwpc-sensor-container
power_consumption,1704520990255000000,0.008511584953191374,paolo-laptop,hwpc-sensor-container
power_consumption,1704520991256000000,0.009417833445546381,paolo-laptop,hwpc-sensor-container
power_consumption,1704520994263000000,0.01254221870901289,paolo-laptop,hwpc-sensor-container
power_consumption,1704520995265000000,0.011576865077873848,paolo-laptop,hwpc-sensor-container
power_consumption,1704520996266000000,0.010731658199954513,paolo-laptop,hwpc-sensor-container
power_consumption,1704520997269000000,0.01094021785200618,paolo-laptop,hwpc-sensor-container
power_consumption,1704520998272000000,0.011516437086582782,paolo-laptop,hwpc-sensor-container
power_consumption,1704521000281000000,0.011238723660898543,paolo-laptop,hwpc-sensor-container
power_consumption,1704521001282000000,0.011927145198326994,paolo-laptop,hwpc-sensor-container
power_consumption,1704521002286000000,0.011265097128408078,paolo-laptop,hwpc-sensor-container
power_consumption,1704521005294000000,0.011252486124304455,paolo-laptop,hwpc-sensor-container
power_consumption,1704521006299000000,0.011812100079692765,paolo-laptop,hwpc-sensor-container
power_consumption,1704521007302000000,0.011386443363593905,paolo-laptop,hwpc-sensor-container
power_consumption,1704521008304000000,0.012826498178191998,paolo-laptop,hwpc-sensor-container
power_consumption,1704521009306000000,0.011216824947838117,paolo-laptop,hwpc-sensor-container
power_consumption,1704521010309000000,0.010307087547158521,paolo-laptop,hwpc-sensor-container
power_consumption,1704521011313000000,0.012196764834174225,paolo-laptop,hwpc-sensor-container
power_consumption,1704521012317000000,0.013880338663146153,paolo-laptop,hwpc-sensor-container
power_consumption,1704521013319000000,0.011021846471497336,paolo-laptop,hwpc-sensor-container
power_consumption,1704521014322000000,0.011435618562467526,paolo-laptop,hwpc-sensor-container
power_consumption,1704521016326000000,0.012140358550118004,paolo-laptop,hwpc-sensor-container
power_consumption,1704521017329000000,0.012001336923109602,paolo-laptop,hwpc-sensor-container
power_consumption,1704521018333000000,0.01652385150895494,paolo-laptop,hwpc-sensor-container
power_consumption,1704521020338000000,0.01161500934979279,paolo-laptop,hwpc-sensor-container
power_consumption,1704521021342000000,0.01192843448605616,paolo-laptop,hwpc-sensor-container
power_consumption,1704521022344000000,0.011031057261782579,paolo-laptop,hwpc-sensor-container
power_consumption,1704521023345000000,0.013746134670810034,paolo-laptop,hwpc-sensor-container
power_consumption,1704521024348000000,0.011231432427132001,paolo-laptop,hwpc-sensor-container
power_consumption,1704521026352000000,0.010675221565827802,paolo-laptop,hwpc-sensor-container
power_consumption,1704521027355000000,0.012000837261747598,paolo-laptop,hwpc-sensor-container
power_consumption,1704521029360000000,0.012378848796023294,paolo-laptop,hwpc-sensor-container
power_consumption,1704521030363000000,0.012521830147150309,paolo-laptop,hwpc-sensor-container
power_consumption,1704521031364000000,0.010307745546802784,paolo-laptop,hwpc-sensor-container
power_consumption,1704521032368000000,0.0119647808890516,paolo-laptop,hwpc-sensor-container
power_consumption,1704521033370000000,0.013933141612792969,paolo-laptop,hwpc-sensor-container
power_consumption,1704521034372000000,0.010644697718184735,paolo-laptop,hwpc-sensor-container
power_consumption,1704521035374000000,0.01103847789927702,paolo-laptop,hwpc-sensor-container
power_consumption,1704521036376000000,0.012524580977159583,paolo-laptop,hwpc-sensor-container
power_consumption,1704521037378000000,0.012210284743690616,paolo-laptop,hwpc-sensor-container
power_consumption,1704521039388000000,0.010980002562560872,paolo-laptop,hwpc-sensor-container
power_consumption,1704521040390000000,0.014656963962668568,paolo-laptop,hwpc-sensor-container
power_consumption,1704521041394000000,0.012839426638882113,paolo-laptop,hwpc-sensor-container
power_consumption,1704521043398000000,0.01120189397856432,paolo-laptop,hwpc-sensor-container
power_consumption,1704521044402000000,0.011051711894391606,paolo-laptop,hwpc-sensor-container
power_consumption,1704521045405000000,0.013191939101085005,paolo-laptop,hwpc-sensor-container
power_consumption,1704521046408000000,0.014189693453601722,paolo-laptop,hwpc-sensor-container
power_consumption,1704521047410000000,0.012817092569855772,paolo-laptop,hwpc-sensor-container
power_consumption,1704521048411000000,0.013727765159467177,paolo-laptop,hwpc-sensor-container
power_consumption,1704521049413000000,0.013136079716554058,paolo-laptop,hwpc-sensor-container
power_consumption,1704521050415000000,0.012228937738913696,paolo-laptop,hwpc-sensor-container
power_consumption,1704521051418000000,0.011356510155011788,paolo-laptop,hwpc-sensor-container
power_consumption,1704521052422000000,0.011345509801820424,paolo-laptop,hwpc-sensor-container
power_consumption,1704521054426000000,0.013158897752163036,paolo-laptop,hwpc-sensor-container
power_consumption,1704521055428000000,0.012352683753406205,paolo-laptop,hwpc-sensor-container
power_consumption,1704521056431000000,0.011671742140708402,paolo-laptop,hwpc-sensor-container
power_consumption,1704521057433000000,0.012039983253705581,paolo-laptop,hwpc-sensor-container
power_consumption,1704521058437000000,0.01141058826313494,paolo-laptop,hwpc-sensor-container
power_consumption,1704521059440000000,0.01234746274103251,paolo-laptop,hwpc-sensor-container
power_consumption,1704521060442000000,0.01175598734863945,paolo-laptop,hwpc-sensor-container
power_consumption,1704521061445000000,0.015684927123702695,paolo-laptop,hwpc-sensor-container
power_consumption,1704521062447000000,0.010942955856583236,paolo-laptop,hwpc-sensor-container
power_consumption,1704521063448000000,0.010621242606547105,paolo-laptop,hwpc-sensor-container
power_consumption,1704521064450000000,0.01409984483633577,paolo-laptop,hwpc-sensor-container
power_consumption,1704521065452000000,0.012831924884744267,paolo-laptop,hwpc-sensor-container
power_consumption,1704521066454000000,0.012896192200202673,paolo-laptop,hwpc-sensor-container
power_consumption,1704521067456000000,0.012430803039209348,paolo-laptop,hwpc-sensor-container
power_consumption,1704521068457000000,0.01190118356718715,paolo-laptop,hwpc-sensor-container
power_consumption,1704521069459000000,0.012084272353043293,paolo-laptop,hwpc-sensor-container
power_consumption,1704521070461000000,0.01157891343205612,paolo-laptop,hwpc-sensor-container
power_consumption,1704521071464000000,0.012487817087252847,paolo-laptop,hwpc-sensor-container
power_consumption,1704521072466000000,0.013521253144280085,paolo-laptop,hwpc-sensor-container
power_consumption,1704521073470000000,0.012738829161013493,paolo-laptop,hwpc-sensor-container
power_consumption,1704521074472000000,0.015008020911605684,paolo-laptop,hwpc-sensor-container
power_consumption,1704521075473000000,0.011313019072556713,paolo-laptop,hwpc-sensor-container
power_consumption,1704521076475000000,0.011766671183668921,paolo-laptop,hwpc-sensor-container
power_consumption,1704521077477000000,0.012370528434949683,paolo-laptop,hwpc-sensor-container
power_consumption,1704521078482000000,0.01215067738999237,paolo-laptop,hwpc-sensor-container
power_consumption,1704521080489000000,0.013109021121262795,paolo-laptop,hwpc-sensor-container
power_consumption,1704521081491000000,0.011391701378235154,paolo-laptop,hwpc-sensor-container
power_consumption,1704521082493000000,0.011815300358248838,paolo-laptop,hwpc-sensor-container
power_consumption,1704521083495000000,0.011333378208568706,paolo-laptop,hwpc-sensor-container
power_consumption,1704521084497000000,0.013551336903047917,paolo-laptop,hwpc-sensor-container
power_consumption,1704521085499000000,0.010869093560090352,paolo-laptop,hwpc-sensor-container
power_consumption,1704521086502000000,0.01204979008613554,paolo-laptop,hwpc-sensor-container
power_consumption,1704521087504000000,0.011598481333332678,paolo-laptop,hwpc-sensor-container
power_consumption,1704521088506000000,0.010887513248391049,paolo-laptop,hwpc-sensor-container
power_consumption,1704521089510000000,0.011554155046096222,paolo-laptop,hwpc-sensor-container
power_consumption,1704521090512000000,0.011273298405849789,paolo-laptop,hwpc-sensor-container
power_consumption,1704521091514000000,0.01161899938724482,paolo-laptop,hwpc-sensor-container
power_consumption,1704521092518000000,0.011801089800027986,paolo-laptop,hwpc-sensor-container
power_consumption,1704521093520000000,0.011808799294368118,paolo-laptop,hwpc-sensor-container
power_consumption,1704521094521000000,0.011509220774455774,paolo-laptop,hwpc-sensor-container
power_consumption,1704521095528000000,0.01028426971244256,paolo-laptop,hwpc-sensor-container
power_consumption,1704521096530000000,0.011945766569525638,paolo-laptop,hwpc-sensor-container
power_consumption,1704521097532000000,0.011202048975598363,paolo-laptop,hwpc-sensor-container
power_consumption,1704521098534000000,0.011935618214340409,paolo-laptop,hwpc-sensor-container
power_consumption,1704521101545000000,0.014559733183758064,paolo-laptop,hwpc-sensor-container
power_consumption,1704521102547000000,0.01216292623981611,paolo-laptop,hwpc-sensor-container
power_consumption,1704521103549000000,0.012147286041991258,paolo-laptop,hwpc-sensor-container
power_consumption,1704521104552000000,0.011943026798417638,paolo-laptop,hwpc-sensor-container
power_consumption,1704521105557000000,0.012203193688175715,paolo-laptop,hwpc-sensor-container
power_consumption,1704521106562000000,0.012955393138774429,paolo-laptop,hwpc-sensor-container
power_consumption,1704521107565000000,0.01065577421401491,paolo-laptop,hwpc-sensor-container
power_consumption,1704521108566000000,0.011412719468105247,paolo-laptop,hwpc-sensor-container
power_consumption,1704521110574000000,0.010433214463744083,paolo-laptop,hwpc-sensor-container
power_consumption,1704521111576000000,0.01352180314103119,paolo-laptop,hwpc-sensor-container
power_consumption,1704521112578000000,0.011447933897859704,paolo-laptop,hwpc-sensor-container
power_consumption,1704521113580000000,0.011436414474319607,paolo-laptop,hwpc-sensor-container
power_consumption,1704521114583000000,0.011750798116184152,paolo-laptop,hwpc-sensor-container
power_consumption,1704521115585000000,0.010824323812107232,paolo-laptop,hwpc-sensor-container
power_consumption,1704521116588000000,0.017434902637862806,paolo-laptop,hwpc-sensor-container
power_consumption,1704521117590000000,0.011320301871490449,paolo-laptop,hwpc-sensor-container
power_consumption,1704521118595000000,0.01409764247980325,paolo-laptop,hwpc-sensor-container
power_consumption,1704521119597000000,0.018042940027522297,paolo-laptop,hwpc-sensor-container
power_consumption,1704521120600000000,0.018693518946899662,paolo-laptop,hwpc-sensor-container
power_consumption,1704521121604000000,0.012093756753520245,paolo-laptop,hwpc-sensor-container
power_consumption,1704521122605000000,0.01096590730383067,paolo-laptop,hwpc-sensor-container
power_consumption,1704521123607000000,0.011074683238212793,paolo-laptop,hwpc-sensor-container
power_consumption,1704521124610000000,0.013191109002402892,paolo-laptop,hwpc-sensor-container
power_consumption,1704521126619000000,0.011187279294983752,paolo-laptop,hwpc-sensor-container
power_consumption,1704521127622000000,0.01166589616655557,paolo-laptop,hwpc-sensor-container
power_consumption,1704521128627000000,0.01217088305324254,paolo-laptop,hwpc-sensor-container
power_consumption,1704521129632000000,0.01323446750617551,paolo-laptop,hwpc-sensor-container
power_consumption,1704521130634000000,0.01185055499715939,paolo-laptop,hwpc-sensor-container
power_consumption,1704521131637000000,0.010727461490541526,paolo-laptop,hwpc-sensor-container
power_consumption,1704521132641000000,0.011817898723668086,paolo-laptop,hwpc-sensor-container
power_consumption,1704521133643000000,0.011347350120821404,paolo-laptop,hwpc-sensor-container
power_consumption,1704521134645000000,0.011847824860634732,paolo-laptop,hwpc-sensor-container
power_consumption,1704521135647000000,0.012504360026540174,paolo-laptop,hwpc-sensor-container
power_consumption,1704521136649000000,0.012482493583789013,paolo-laptop,hwpc-sensor-container
power_consumption,1704521137650000000,0.01270388259683664,paolo-laptop,hwpc-sensor-container
power_consumption,1704521139654000000,0.012593346588324195,paolo-laptop,hwpc-sensor-container
power_consumption,1704521140655000000,0.01190687340663401,paolo-laptop,hwpc-sensor-container
power_consumption,1704521141657000000,0.012052757074865922,paolo-laptop,hwpc-sensor-container
power_consumption,1704521142658000000,0.011561702237347796,paolo-laptop,hwpc-sensor-container
power_consumption,1704521143660000000,0.013137538005364949,paolo-laptop,hwpc-sensor-container
power_consumption,1704521144662000000,0.011643786559549727,paolo-laptop,hwpc-sensor-container
power_consumption,1704521145664000000,0.011056249725601324,paolo-laptop,hwpc-sensor-container
power_consumption,1704521147673000000,0.010803431047829144,paolo-laptop,hwpc-sensor-container
power_consumption,1704521148675000000,0.012485412200093363,paolo-laptop,hwpc-sensor-container
power_consumption,1704521149677000000,0.011583605040321077,paolo-laptop,hwpc-sensor-container
power_consumption,1704521150679000000,0.00999761027380515,paolo-laptop,hwpc-sensor-container
power_consumption,1704521151681000000,0.012516140693361755,paolo-laptop,hwpc-sensor-container
power_consumption,1704521152683000000,0.01208911785473507,paolo-laptop,hwpc-sensor-container
power_consumption,1704521153686000000,0.01129417078643553,paolo-laptop,hwpc-sensor-container
power_consumption,1704521154688000000,0.010292042500002395,paolo-laptop,hwpc-sensor-container
power_consumption,1704521155690000000,0.01210283326918759,paolo-laptop,hwpc-sensor-container
power_consumption,1704521156692000000,0.012369623922583851,paolo-laptop,hwpc-sensor-container
power_consumption,1704521157695000000,0.011306263233839722,paolo-laptop,hwpc-sensor-container
power_consumption,1704521158699000000,0.012832561648081189,paolo-laptop,hwpc-sensor-container
power_consumption,1704521161714000000,0.013101467306446924,paolo-laptop,hwpc-sensor-container
power_consumption,1704521162717000000,0.010511147659320878,paolo-laptop,hwpc-sensor-container
power_consumption,1704521163719000000,0.015113149804200846,paolo-laptop,hwpc-sensor-container
power_consumption,1704521164723000000,0.01118684519195704,paolo-laptop,hwpc-sensor-container
power_consumption,1704521165725000000,0.012261235444044588,paolo-laptop,hwpc-sensor-container
power_consumption,1704521167728000000,0.010814735530454785,paolo-laptop,hwpc-sensor-container
power_consumption,1704521168730000000,0.010617908721537242,paolo-laptop,hwpc-sensor-container
power_consumption,1704521169732000000,0.013991140744690714,paolo-laptop,hwpc-sensor-container
power_consumption,1704521170734000000,0.012395846200241145,paolo-laptop,hwpc-sensor-container
power_consumption,1704521171735000000,0.01052199443141003,paolo-laptop,hwpc-sensor-container
power_consumption,1704521172737000000,0.013503710425327864,paolo-laptop,hwpc-sensor-container
power_consumption,1704521173738000000,0.0136916747082313,paolo-laptop,hwpc-sensor-container
power_consumption,1704521174740000000,0.011677592062927188,paolo-laptop,hwpc-sensor-container
power_consumption,1704521175742000000,0.0118099634065581,paolo-laptop,hwpc-sensor-container
power_consumption,1704521176743000000,0.011318521582788866,paolo-laptop,hwpc-sensor-container
power_consumption,1704521177746000000,0.012859889261652935,paolo-laptop,hwpc-sensor-container
power_consumption,1704521178747000000,0.013656610295438687,paolo-laptop,hwpc-sensor-container
power_consumption,1704521179750000000,0.012927338337399457,paolo-laptop,hwpc-sensor-container
power_consumption,1704521180751000000,0.01106723132989055,paolo-laptop,hwpc-sensor-container
power_consumption,1704521181754000000,0.011064521402385738,paolo-laptop,hwpc-sensor-container
power_consumption,1704521183760000000,0.013271161738352608,paolo-laptop,hwpc-sensor-container
power_consumption,1704521184762000000,0.012020737097567206,paolo-laptop,hwpc-sensor-container
power_consumption,1704521185766000000,0.012485190957241061,paolo-laptop,hwpc-sensor-container
power_consumption,1704521186770000000,0.01036115953239837,paolo-laptop,hwpc-sensor-container
power_consumption,1704521188775000000,0.013208664713925332,paolo-laptop,hwpc-sensor-container
power_consumption,1704521189777000000,0.014027802763304844,paolo-laptop,hwpc-sensor-container
power_consumption,1704521190778000000,0.012560294748849461,paolo-laptop,hwpc-sensor-container
power_consumption,1704521191781000000,0.0105287249315885,paolo-laptop,hwpc-sensor-container
power_consumption,1704521193787000000,0.013425216539578738,paolo-laptop,hwpc-sensor-container
power_consumption,1704521195793000000,0.012290920709412123,paolo-laptop,hwpc-sensor-container
power_consumption,1704521196795000000,0.010819483151264932,paolo-laptop,hwpc-sensor-container
power_consumption,1704521197796000000,0.012285696348265662,paolo-laptop,hwpc-sensor-container
power_consumption,1704521198798000000,0.011708113267539661,paolo-laptop,hwpc-sensor-container
power_consumption,1704521199800000000,0.014950781769996712,paolo-laptop,hwpc-sensor-container
power_consumption,1704521201810000000,0.01531447470971289,paolo-laptop,hwpc-sensor-container
power_consumption,1704521202814000000,0.019520918790771485,paolo-laptop,hwpc-sensor-container
power_consumption,1704521204822000000,0.013448891544078185,paolo-laptop,hwpc-sensor-container
power_consumption,1704521205826000000,0.01391154982249193,paolo-laptop,hwpc-sensor-container
power_consumption,1704521209837000000,0.012090830621682785,paolo-laptop,hwpc-sensor-container
power_consumption,1704521211840000000,0.011404376683032003,paolo-laptop,hwpc-sensor-container
power_consumption,1704521212842000000,0.010886098526558627,paolo-laptop,hwpc-sensor-container
power_consumption,1704521213843000000,0.011491658049910994,paolo-laptop,hwpc-sensor-container
power_consumption,1704521214845000000,0.012947044173953284,paolo-laptop,hwpc-sensor-container
power_consumption,1704521215846000000,0.014196700828325831,paolo-laptop,hwpc-sensor-container
power_consumption,1704521217849000000,0.01172036587694038,paolo-laptop,hwpc-sensor-container
power_consumption,1704521218851000000,0.011340798384039641,paolo-laptop,hwpc-sensor-container
power_consumption,1704521219853000000,0.011017592003513255,paolo-laptop,hwpc-sensor-container
power_consumption,1704521220854000000,0.011023541349783011,paolo-laptop,hwpc-sensor-container
power_consumption,1704521222858000000,0.012828739778764336,paolo-laptop,hwpc-sensor-container
power_consumption,1704521223861000000,0.010348503127868626,paolo-laptop,hwpc-sensor-container
power_consumption,1704521224863000000,0.012025208983863655,paolo-laptop,hwpc-sensor-container
power_consumption,1704521225865000000,0.014295899937708686,paolo-laptop,hwpc-sensor-container
power_consumption,1704521226867000000,0.012567247055541273,paolo-laptop,hwpc-sensor-container
power_consumption,1704521227869000000,0.014809871439128751,paolo-laptop,hwpc-sensor-container
power_consumption,1704521228872000000,0.012384793036507186,paolo-laptop,hwpc-sensor-container
power_consumption,1704521229874000000,0.011364858935692976,paolo-laptop,hwpc-sensor-container
power_consumption,1704521231883000000,0.014947185389899201,paolo-laptop,hwpc-sensor-container
power_consumption,1704521232887000000,0.020076213726679164,paolo-laptop,hwpc-sensor-container
power_consumption,1704521234894000000,0.011813297654534483,paolo-laptop,hwpc-sensor-container
power_consumption,1704521236899000000,0.012626238642335811,paolo-laptop,hwpc-sensor-container
power_consumption,1704521237901000000,0.011753865715835405,paolo-laptop,hwpc-sensor-container
power_consumption,1704521238905000000,0.010925180235028911,paolo-laptop,hwpc-sensor-container
power_consumption,1704521239909000000,0.02063396227170432,paolo-laptop,hwpc-sensor-container
power_consumption,1704521240911000000,0.011085335290180185,paolo-laptop,hwpc-sensor-container
power_consumption,1704521241913000000,0.012103902022986491,paolo-laptop,hwpc-sensor-container
power_consumption,1704521242915000000,0.01198022899175158,paolo-laptop,hwpc-sensor-container
power_consumption,1704521243919000000,0.010323651885834255,paolo-laptop,hwpc-sensor-container
power_consumption,1704521244921000000,0.013273830818304796,paolo-laptop,hwpc-sensor-container
power_consumption,1704521245925000000,0.012413543230961912,paolo-laptop,hwpc-sensor-container
power_consumption,1704521246928000000,0.015355416840675633,paolo-laptop,hwpc-sensor-container
power_consumption,1704521248934000000,0.013972942142791298,paolo-laptop,hwpc-sensor-container
power_consumption,1704521249938000000,0.010393390084678109,paolo-laptop,hwpc-sensor-container
power_consumption,1704521250942000000,0.01350704896959069,paolo-laptop,hwpc-sensor-container
power_consumption,1704521252947000000,0.011426625008830116,paolo-laptop,hwpc-sensor-container
power_consumption,1704521253949000000,0.013883827303805165,paolo-laptop,hwpc-sensor-container
power_consumption,1704521254955000000,0.01447352917000856,paolo-laptop,hwpc-sensor-container
power_consumption,1704521255956000000,0.010290632090960507,paolo-laptop,hwpc-sensor-container
power_consumption,1704521256958000000,0.01358048926895171,paolo-laptop,hwpc-sensor-container
power_consumption,1704521257960000000,0.012538118370968746,paolo-laptop,hwpc-sensor-container
power_consumption,1704521258962000000,0.010875087194246609,paolo-laptop,hwpc-sensor-container
power_consumption,1704521259964000000,0.010934206460653517,paolo-laptop,hwpc-sensor-container
power_consumption,1704521260966000000,0.014536843443866498,paolo-laptop,hwpc-sensor-container
power_consumption,1704521262971000000,0.01460783268919031,paolo-laptop,hwpc-sensor-container
power_consumption,1704521263973000000,0.010966607650790942,paolo-laptop,hwpc-sensor-container
power_consumption,1704521264979000000,0.011886005583101964,paolo-laptop,hwpc-sensor-container
power_consumption,1704521265983000000,0.011779091764263809,paolo-laptop,hwpc-sensor-container
power_consumption,1704521266986000000,0.011502130614313719,paolo-laptop,hwpc-sensor-container
power_consumption,1704521267988000000,0.010265640609011355,paolo-laptop,hwpc-sensor-container
power_consumption,1704521268989000000,0.012997709568221771,paolo-laptop,hwpc-sensor-container
power_consumption,1704521270995000000,0.0105520186807894,paolo-laptop,hwpc-sensor-container
power_consumption,1704521273001000000,0.012313665867829872,paolo-laptop,hwpc-sensor-container
power_consumption,1704521274003000000,0.011442189744398697,paolo-laptop,hwpc-sensor-container
power_consumption,1704521275005000000,0.014003785191951364,paolo-laptop,hwpc-sensor-container
power_consumption,1704521276007000000,0.015301317827717114,paolo-laptop,hwpc-sensor-container
power_consumption,1704521277010000000,0.019134641258771946,paolo-laptop,hwpc-sensor-container
power_consumption,1704521278011000000,0.011141944926507781,paolo-laptop,hwpc-sensor-container
power_consumption,1704521279014000000,0.013807016634879918,paolo-laptop,hwpc-sensor-container
power_consumption,1704521280016000000,0.015196293419241154,paolo-laptop,hwpc-sensor-container
power_consumption,1704521281018000000,0.012800430352006821,paolo-laptop,hwpc-sensor-container
power_consumption,1704521282020000000,0.01471271703399996,paolo-laptop,hwpc-sensor-container
power_consumption,1704521283022000000,0.013036118368819304,paolo-laptop,hwpc-sensor-container
power_consumption,1704521284024000000,0.015205065741373239,paolo-laptop,hwpc-sensor-container
power_consumption,1704521285026000000,0.012044164703569078,paolo-laptop,hwpc-sensor-container
power_consumption,1704521286028000000,0.016600461882570118,paolo-laptop,hwpc-sensor-container
power_consumption,1704521287031000000,0.015043483969918874,paolo-laptop,hwpc-sensor-container
power_consumption,1704521288033000000,0.017047597675813455,paolo-laptop,hwpc-sensor-container
power_consumption,1704521289036000000,0.014920978702830143,paolo-laptop,hwpc-sensor-container
power_consumption,1704521290038000000,0.011587959606846566,paolo-laptop,hwpc-sensor-container
power_consumption,1704521291041000000,0.014561839000109813,paolo-laptop,hwpc-sensor-container
power_consumption,1704521292044000000,0.01197169456293519,paolo-laptop,hwpc-sensor-container
power_consumption,1704521293046000000,0.011680591246984565,paolo-laptop,hwpc-sensor-container
power_consumption,1704521294048000000,0.011145729035278848,paolo-laptop,hwpc-sensor-container
power_consumption,1704521296060000000,0.012176833746719302,paolo-laptop,hwpc-sensor-container
power_consumption,1704521297064000000,0.009865280324737396,paolo-laptop,hwpc-sensor-container
power_consumption,1704521298066000000,0.0117554319342976,paolo-laptop,hwpc-sensor-container
power_consumption,1704521299068000000,0.013942529403486599,paolo-laptop,hwpc-sensor-container
power_consumption,1704521300070000000,0.013515379791686558,paolo-laptop,hwpc-sensor-container
power_consumption,1704521301073000000,0.014714368286257775,paolo-laptop,hwpc-sensor-container
power_consumption,1704521302078000000,0.011786270981147129,paolo-laptop,hwpc-sensor-container
power_consumption,1704521304086000000,0.012291918286064525,paolo-laptop,hwpc-sensor-container
power_consumption,1704521305088000000,0.017305386399858895,paolo-laptop,hwpc-sensor-container
power_consumption,1704521306091000000,0.017013151120207636,paolo-laptop,hwpc-sensor-container
power_consumption,1704521307093000000,0.018869771334033912,paolo-laptop,hwpc-sensor-container
power_consumption,1704521308099000000,0.01184361154685255,paolo-laptop,hwpc-sensor-container
power_consumption,1704521310107000000,0.011100584964790385,paolo-laptop,hwpc-sensor-container
power_consumption,1704521311108000000,0.011690876584403088,paolo-laptop,hwpc-sensor-container
power_consumption,1704521312110000000,0.015815534993250113,paolo-laptop,hwpc-sensor-container
power_consumption,1704521313112000000,0.01665198999803459,paolo-laptop,hwpc-sensor-container
power_consumption,1704521314115000000,0.010977041180647355,paolo-laptop,hwpc-sensor-container
power_consumption,1704521315120000000,0.016254373271477298,paolo-laptop,hwpc-sensor-container
power_consumption,1704521316122000000,0.013542524590476883,paolo-laptop,hwpc-sensor-container
power_consumption,1704521317124000000,0.013266172589633788,paolo-laptop,hwpc-sensor-container
power_consumption,1704521318126000000,0.017128880087668354,paolo-laptop,hwpc-sensor-container
power_consumption,1704521319127000000,0.013691385917094323,paolo-laptop,hwpc-sensor-container
power_consumption,1704521320128000000,0.018745774422545325,paolo-laptop,hwpc-sensor-container
power_consumption,1704521321132000000,0.011533222996293665,paolo-laptop,hwpc-sensor-container
power_consumption,1704521323140000000,0.011510252383130314,paolo-laptop,hwpc-sensor-container
power_consumption,1704521324142000000,0.012406875364987753,paolo-laptop,hwpc-sensor-container
power_consumption,1704521325145000000,0.016050813134124237,paolo-laptop,hwpc-sensor-container
power_consumption,1704521326147000000,0.015819988212275104,paolo-laptop,hwpc-sensor-container
power_consumption,1704521327148000000,0.013558767656050956,paolo-laptop,hwpc-sensor-container
power_consumption,1704521328152000000,0.01376785970547787,paolo-laptop,hwpc-sensor-container
power_consumption,1704521329155000000,0.018381480128312457,paolo-laptop,hwpc-sensor-container
power_consumption,1704521330156000000,0.017934705818419244,paolo-laptop,hwpc-sensor-container
power_consumption,1704521331160000000,0.010296017039586871,paolo-laptop,hwpc-sensor-container
power_consumption,1704521332165000000,0.014747191999996311,paolo-laptop,hwpc-sensor-container
power_consumption,1704521333166000000,0.012556946057784844,paolo-laptop,hwpc-sensor-container
power_consumption,1704521334168000000,0.014289015718958551,paolo-laptop,hwpc-sensor-container
power_consumption,1704521335171000000,0.013091551636777256,paolo-laptop,hwpc-sensor-container
power_consumption,1704521336173000000,0.014312768910519566,paolo-laptop,hwpc-sensor-container
power_consumption,1704521337175000000,0.015225839868197793,paolo-laptop,hwpc-sensor-container
power_consumption,1704521338176000000,0.012266674987908309,paolo-laptop,hwpc-sensor-container
power_consumption,1704521339179000000,0.011484350240265824,paolo-laptop,hwpc-sensor-container
power_consumption,1704521340183000000,0.014730295060580954,paolo-laptop,hwpc-sensor-container
power_consumption,1704521341186000000,0.011014983356674052,paolo-laptop,hwpc-sensor-container
power_consumption,1704521342189000000,0.011103378244869426,paolo-laptop,hwpc-sensor-container
power_consumption,1704521343194000000,0.016292165063704997,paolo-laptop,hwpc-sensor-container
power_consumption,1704521344199000000,0.01401451172698119,paolo-laptop,hwpc-sensor-container
power_consumption,1704521345203000000,0.02455463352386772,paolo-laptop,hwpc-sensor-container
power_consumption,1704521346205000000,0.019886805983788655,paolo-laptop,hwpc-sensor-container
power_consumption,1704521347209000000,0.020005514281655323,paolo-laptop,hwpc-sensor-container
power_consumption,1704521348211000000,0.011287214894172736,paolo-laptop,hwpc-sensor-container
power_consumption,1704521349212000000,0.01292325993340385,paolo-laptop,hwpc-sensor-container
power_consumption,1704521350216000000,0.01094343518064272,paolo-laptop,hwpc-sensor-container
power_consumption,1704521351218000000,0.013311078250479924,paolo-laptop,hwpc-sensor-container
power_consumption,1704521352220000000,0.011285474219693602,paolo-laptop,hwpc-sensor-container
power_consumption,1704521353221000000,0.011963512303544574,paolo-laptop,hwpc-sensor-container
power_consumption,1704521354223000000,0.011847029053695411,paolo-laptop,hwpc-sensor-container
power_consumption,1704521355225000000,0.012540642185053696,paolo-laptop,hwpc-sensor-container
power_consumption,1704521356229000000,0.011519482316206016,paolo-laptop,hwpc-sensor-container
power_consumption,1704521357231000000,0.01183796133066407,paolo-laptop,hwpc-sensor-container
power_consumption,1704521358232000000,0.011912601673615365,paolo-laptop,hwpc-sensor-container
power_consumption,1704521359235000000,0.011954311711219029,paolo-laptop,hwpc-sensor-container
power_consumption,1704521360237000000,0.010554935580978732,paolo-laptop,hwpc-sensor-container
power_consumption,1704521361242000000,0.012918941756131029,paolo-laptop,hwpc-sensor-container
power_consumption,1704521362248000000,0.011004735328558555,paolo-laptop,hwpc-sensor-container
power_consumption,1704521363250000000,0.012108250625998953,paolo-laptop,hwpc-sensor-container
power_consumption,1704521364252000000,0.011576843272571944,paolo-laptop,hwpc-sensor-container
power_consumption,1704521365254000000,0.011079550674723571,paolo-laptop,hwpc-sensor-container
power_consumption,1704521366258000000,0.012013276642713375,paolo-laptop,hwpc-sensor-container
power_consumption,1704521367260000000,0.0106704955736528,paolo-laptop,hwpc-sensor-container
power_consumption,1704521368262000000,0.011286030040692063,paolo-laptop,hwpc-sensor-container
power_consumption,1704521369264000000,0.013759125518000756,paolo-laptop,hwpc-sensor-container
power_consumption,1704521370265000000,0.01196472931979179,paolo-laptop,hwpc-sensor-container
power_consumption,1704521371271000000,0.013605851508861441,paolo-laptop,hwpc-sensor-container
power_consumption,1704521372275000000,0.01331692367126465,paolo-laptop,hwpc-sensor-container
power_consumption,1704521373277000000,0.012990777455304981,paolo-laptop,hwpc-sensor-container
power_consumption,1704521374281000000,0.01313991622645263,paolo-laptop,hwpc-sensor-container
power_consumption,1704521375287000000,0.018633774601556758,paolo-laptop,hwpc-sensor-container
power_consumption,1704521376291000000,0.029068619091883248,paolo-laptop,hwpc-sensor-container
power_consumption,1704521377295000000,0.009624711097505666,paolo-laptop,hwpc-sensor-container
power_consumption,1704521379301000000,0.011757492193035249,paolo-laptop,hwpc-sensor-container
power_consumption,1704521380302000000,0.011459663681228523,paolo-laptop,hwpc-sensor-container
power_consumption,1704521381307000000,0.011892621825387188,paolo-laptop,hwpc-sensor-container
power_consumption,1704521382311000000,0.014995690838234377,paolo-laptop,hwpc-sensor-container
power_consumption,1704521383313000000,0.013557535192933737,paolo-laptop,hwpc-sensor-container
power_consumption,1704521384314000000,0.010743523264292428,paolo-laptop,hwpc-sensor-container
power_consumption,1704521385318000000,0.011212996828023073,paolo-laptop,hwpc-sensor-container
power_consumption,1704521386320000000,0.012040432295460715,paolo-laptop,hwpc-sensor-container
power_consumption,1704521387324000000,0.013452769555031161,paolo-laptop,hwpc-sensor-container
power_consumption,1704521388326000000,0.013579869806835189,paolo-laptop,hwpc-sensor-container
power_consumption,1704521389331000000,0.011629576978455167,paolo-laptop,hwpc-sensor-container
power_consumption,1704521390333000000,0.013416252700344942,paolo-laptop,hwpc-sensor-container
power_consumption,1704521391335000000,0.01165399880510475,paolo-laptop,hwpc-sensor-container
power_consumption,1704521392337000000,0.013561152274630797,paolo-laptop,hwpc-sensor-container
power_consumption,1704521393345000000,0.017942806744269377,paolo-laptop,hwpc-sensor-container
power_consumption,1704521394349000000,0.011963258137090899,paolo-laptop,hwpc-sensor-container
power_consumption,1704521395351000000,0.013436150779707806,paolo-laptop,hwpc-sensor-container
power_consumption,1704521396355000000,0.017840873375554272,paolo-laptop,hwpc-sensor-container
power_consumption,1704521397360000000,0.019466520167822486,paolo-laptop,hwpc-sensor-container
power_consumption,1704521398363000000,0.014007294226464606,paolo-laptop,hwpc-sensor-container
power_consumption,1704521399367000000,0.018253266238510753,paolo-laptop,hwpc-sensor-container
power_consumption,1704521400369000000,0.012232908394842331,paolo-laptop,hwpc-sensor-container
power_consumption,1704521401371000000,0.010442955229621926,paolo-laptop,hwpc-sensor-container
power_consumption,1704521402375000000,0.011027893816095334,paolo-laptop,hwpc-sensor-container
power_consumption,1704521403377000000,0.011937227997195944,paolo-laptop,hwpc-sensor-container
power_consumption,1704521404382000000,0.013113093217913048,paolo-laptop,hwpc-sensor-container
power_consumption,1704521405385000000,0.015353969438407673,paolo-laptop,hwpc-sensor-container
power_consumption,1704521406388000000,0.013917487314430325,paolo-laptop,hwpc-sensor-container
power_consumption,1704521407390000000,0.010710053945765517,paolo-laptop,hwpc-sensor-container
power_consumption,1704521408392000000,0.011708066919896842,paolo-laptop,hwpc-sensor-container
power_consumption,1704521409394000000,0.012043706655684744,paolo-laptop,hwpc-sensor-container
power_consumption,1704521410396000000,0.010089277840243547,paolo-laptop,hwpc-sensor-container
power_consumption,1704521411399000000,0.017201666634204655,paolo-laptop,hwpc-sensor-container
power_consumption,1704521412403000000,0.011278563384466435,paolo-laptop,hwpc-sensor-container
power_consumption,1704521413405000000,0.013604715186937785,paolo-laptop,hwpc-sensor-container
power_consumption,1704521414407000000,0.012610905828152632,paolo-laptop,hwpc-sensor-container
power_consumption,1704521415409000000,0.014678399765155729,paolo-laptop,hwpc-sensor-container
power_consumption,1704521416412000000,0.01167740935428416,paolo-laptop,hwpc-sensor-container
power_consumption,1704521417414000000,0.016685953730727336,paolo-laptop,hwpc-sensor-container
power_consumption,1704521418415000000,0.015521014151355431,paolo-laptop,hwpc-sensor-container
power_consumption,1704521419417000000,0.012648618873408193,paolo-laptop,hwpc-sensor-container
power_consumption,1704521420418000000,0.01201877935813438,paolo-laptop,hwpc-sensor-container
power_consumption,1704521421420000000,0.013548762487051213,paolo-laptop,hwpc-sensor-container
power_consumption,1704521422422000000,0.013122705082225992,paolo-laptop,hwpc-sensor-container
power_consumption,1704521423424000000,0.012524702626563479,paolo-laptop,hwpc-sensor-container
power_consumption,1704521424426000000,0.012521664642453374,paolo-laptop,hwpc-sensor-container
power_consumption,1704521425428000000,0.016449482428778882,paolo-laptop,hwpc-sensor-container
power_consumption,1704521426431000000,0.013464055451603556,paolo-laptop,hwpc-sensor-container
power_consumption,1704521427433000000,0.013922794590900262,paolo-laptop,hwpc-sensor-container
power_consumption,1704521428436000000,0.012301263585334534,paolo-laptop,hwpc-sensor-container
power_consumption,1704521429438000000,0.013179680863096337,paolo-laptop,hwpc-sensor-container
power_consumption,1704521430441000000,0.012791847159195305,paolo-laptop,hwpc-sensor-container
power_consumption,1704521431443000000,0.010984847844398536,paolo-laptop,hwpc-sensor-container
power_consumption,1704521432445000000,0.01288028445023515,paolo-laptop,hwpc-sensor-container
power_consumption,1704521433447000000,0.01206654464241693,paolo-laptop,hwpc-sensor-container
power_consumption,1704521434450000000,0.013107828984088616,paolo-laptop,hwpc-sensor-container
power_consumption,1704521435453000000,0.014111429567251152,paolo-laptop,hwpc-sensor-container
power_consumption,1704521436455000000,0.012232997249250081,paolo-laptop,hwpc-sensor-container
power_consumption,1704521437457000000,0.013901968682711242,paolo-laptop,hwpc-sensor-container
power_consumption,1704521438459000000,0.01375240461876134,paolo-laptop,hwpc-sensor-container
power_consumption,1704521439462000000,0.012154045255565802,paolo-laptop,hwpc-sensor-container
power_consumption,1704521440465000000,0.010495933733524436,paolo-laptop,hwpc-sensor-container
power_consumption,1704521441467000000,0.013861812197116193,paolo-laptop,hwpc-sensor-container
power_consumption,1704521442470000000,0.015140036930325618,paolo-laptop,hwpc-sensor-container
power_consumption,1704521443472000000,0.01346930061979467,paolo-laptop,hwpc-sensor-container
power_consumption,1704521444475000000,0.01549338623216538,paolo-laptop,hwpc-sensor-container
power_consumption,1704521445477000000,0.013874001603707883,paolo-laptop,hwpc-sensor-container
power_consumption,1704521446481000000,0.012582785006084143,paolo-laptop,hwpc-sensor-container
power_consumption,1704521447492000000,0.015431087244478286,paolo-laptop,hwpc-sensor-container
power_consumption,1704521448493000000,0.01317473165061694,paolo-laptop,hwpc-sensor-container
power_consumption,1704521449495000000,0.013920997030180977,paolo-laptop,hwpc-sensor-container
power_consumption,1704521450499000000,0.01212868774237082,paolo-laptop,hwpc-sensor-container
power_consumption,1704521451501000000,0.015858316007256793,paolo-laptop,hwpc-sensor-container
power_consumption,1704521452505000000,0.010986788561320626,paolo-laptop,hwpc-sensor-container
power_consumption,1704521453507000000,0.011417080574790964,paolo-laptop,hwpc-sensor-container
power_consumption,1704521454509000000,0.011476925058705217,paolo-laptop,hwpc-sensor-container
power_consumption,1704521455511000000,0.010972374436225119,paolo-laptop,hwpc-sensor-container
power_consumption,1704521456513000000,0.011931205077686169,paolo-laptop,hwpc-sensor-container
power_consumption,1704521457515000000,0.012292218798388871,paolo-laptop,hwpc-sensor-container
power_consumption,1704521458518000000,0.01162271482989494,paolo-laptop,hwpc-sensor-container
power_consumption,1704521459520000000,0.011545660122692456,paolo-laptop,hwpc-sensor-container
power_consumption,1704521460524000000,0.010768692776878254,paolo-laptop,hwpc-sensor-container
power_consumption,1704521461529000000,0.012196439231574254,paolo-laptop,hwpc-sensor-container
power_consumption,1704521462532000000,0.013457289513814136,paolo-laptop,hwpc-sensor-container
power_consumption,1704521463536000000,0.023368300481890713,paolo-laptop,hwpc-sensor-container
power_consumption,1704521464539000000,0.01575246291519084,paolo-laptop,hwpc-sensor-container
power_consumption,1704521466547000000,0.013228571861367885,paolo-laptop,hwpc-sensor-container
power_consumption,1704521467551000000,0.01195203476287229,paolo-laptop,hwpc-sensor-container
power_consumption,1704521468555000000,0.010862731789826576,paolo-laptop,hwpc-sensor-container
power_consumption,1704521469559000000,0.021423976213515373,paolo-laptop,hwpc-sensor-container
power_consumption,1704521470562000000,0.014282400501911017,paolo-laptop,hwpc-sensor-container
power_consumption,1704521471563000000,0.012263787665990015,paolo-laptop,hwpc-sensor-container
power_consumption,1704521472567000000,0.012979358552894959,paolo-laptop,hwpc-sensor-container
power_consumption,1704521473573000000,0.013569552725571603,paolo-laptop,hwpc-sensor-container
power_consumption,1704521474575000000,0.014648880826205714,paolo-laptop,hwpc-sensor-container
power_consumption,1704521475576000000,0.010518301773921471,paolo-laptop,hwpc-sensor-container
power_consumption,1704521476579000000,0.011683057137192716,paolo-laptop,hwpc-sensor-container
power_consumption,1704521477580000000,0.01195646612814475,paolo-laptop,hwpc-sensor-container
power_consumption,1704521478584000000,0.01142929717135651,paolo-laptop,hwpc-sensor-container
power_consumption,1704521479588000000,0.012329382090314419,paolo-laptop,hwpc-sensor-container
power_consumption,1704521480591000000,0.012982510626723948,paolo-laptop,hwpc-sensor-container
power_consumption,1704521481593000000,0.014574436513209346,paolo-laptop,hwpc-sensor-container
power_consumption,1704521482597000000,0.011614411116316819,paolo-laptop,hwpc-sensor-container
power_consumption,1704521483601000000,0.020953311959973086,paolo-laptop,hwpc-sensor-container
power_consumption,1704521484605000000,0.01135777645661304,paolo-laptop,hwpc-sensor-container
power_consumption,1704521485607000000,0.011736950206351725,paolo-laptop,hwpc-sensor-container
power_consumption,1704521486609000000,0.023747551992985262,paolo-laptop,hwpc-sensor-container
power_consumption,1704521487611000000,0.017046989414205384,paolo-laptop,hwpc-sensor-container
power_consumption,1704521488614000000,0.013646862964739652,paolo-laptop,hwpc-sensor-container
power_consumption,1704521489615000000,0.01510313056148736,paolo-laptop,hwpc-sensor-container
power_consumption,1704521490616000000,0.013321730333978741,paolo-laptop,hwpc-sensor-container
power_consumption,1704521491618000000,0.010547646873205575,paolo-laptop,hwpc-sensor-container
power_consumption,1704521492619000000,0.011888649695057686,paolo-laptop,hwpc-sensor-container
power_consumption,1704521493621000000,0.012930960977870994,paolo-laptop,hwpc-sensor-container
power_consumption,1704521494623000000,0.011632616073877515,paolo-laptop,hwpc-sensor-container
power_consumption,1704521495625000000,0.012500547931064455,paolo-laptop,hwpc-sensor-container
power_consumption,1704521496627000000,0.012378067189334744,paolo-laptop,hwpc-sensor-container
power_consumption,1704521497629000000,0.01233295865699013,paolo-laptop,hwpc-sensor-container
power_consumption,1704521498632000000,0.013230938398692587,paolo-laptop,hwpc-sensor-container
power_consumption,1704521499633000000,0.012645851530801602,paolo-laptop,hwpc-sensor-container
power_consumption,1704521500634000000,0.010885041236392114,paolo-laptop,hwpc-sensor-container
power_consumption,1704521501638000000,0.011834082762501422,paolo-laptop,hwpc-sensor-container
power_consumption,1704521502642000000,0.014318019965162349,paolo-laptop,hwpc-sensor-container
power_consumption,1704521503646000000,0.010935180987034741,paolo-laptop,hwpc-sensor-container
power_consumption,1704521505656000000,0.01639987043257578,paolo-laptop,hwpc-sensor-container
power_consumption,1704521506662000000,0.011262780699603661,paolo-laptop,hwpc-sensor-container
power_consumption,1704521507663000000,0.011575721776664273,paolo-laptop,hwpc-sensor-container
power_consumption,1704521508665000000,0.010390843367278042,paolo-laptop,hwpc-sensor-container
power_consumption,1704521509667000000,0.013083014351364724,paolo-laptop,hwpc-sensor-container
power_consumption,1704521510671000000,0.013934114767426075,paolo-laptop,hwpc-sensor-container
power_consumption,1704521511673000000,0.02894512804318796,paolo-laptop,hwpc-sensor-container
power_consumption,1704521512677000000,0.011407840751938516,paolo-laptop,hwpc-sensor-container
power_consumption,1704521513681000000,0.012727149236202655,paolo-laptop,hwpc-sensor-container
power_consumption,1704521514682000000,0.010624287897785068,paolo-laptop,hwpc-sensor-container
power_consumption,1704521516688000000,0.013445516386688885,paolo-laptop,hwpc-sensor-container
power_consumption,1704521517691000000,0.012819933112859014,paolo-laptop,hwpc-sensor-container
power_consumption,1704521518695000000,0.013601128576467532,paolo-laptop,hwpc-sensor-container
power_consumption,1704521519697000000,0.011974196710807737,paolo-laptop,hwpc-sensor-container
power_consumption,1704521520700000000,0.01112518136684815,paolo-laptop,hwpc-sensor-container
power_consumption,1704521521705000000,0.01123256124887109,paolo-laptop,hwpc-sensor-container
power_consumption,1704521523711000000,0.01984232735261047,paolo-laptop,hwpc-sensor-container
power_consumption,1704521524717000000,0.0114013407175903,paolo-laptop,hwpc-sensor-container
power_consumption,1704521525721000000,0.010068440690553092,paolo-laptop,hwpc-sensor-container
power_consumption,1704521526725000000,0.01204181935945968,paolo-laptop,hwpc-sensor-container
power_consumption,1704521527726000000,0.010989954408537096,paolo-laptop,hwpc-sensor-container
power_consumption,1704521528730000000,0.020606326218540423,paolo-laptop,hwpc-sensor-container
power_consumption,1704521529734000000,0.015577897636525664,paolo-laptop,hwpc-sensor-container
power_consumption,1704521530736000000,0.011646026908393326,paolo-laptop,hwpc-sensor-container
power_consumption,1704521531740000000,0.01383416614798104,paolo-laptop,hwpc-sensor-container
power_consumption,1704521532742000000,0.015441961002466914,paolo-laptop,hwpc-sensor-container
power_consumption,1704521533746000000,0.020724493942676878,paolo-laptop,hwpc-sensor-container
power_consumption,1704521534747000000,0.01138722225362365,paolo-laptop,hwpc-sensor-container
power_consumption,1704521535749000000,0.011172716558033835,paolo-laptop,hwpc-sensor-container
power_consumption,1704521536750000000,0.01242210704446578,paolo-laptop,hwpc-sensor-container
power_consumption,1704521537752000000,0.012447896718864458,paolo-laptop,hwpc-sensor-container
power_consumption,1704521538758000000,0.012871136496314405,paolo-laptop,hwpc-sensor-container
power_consumption,1704521539760000000,0.012982394385576726,paolo-laptop,hwpc-sensor-container
power_consumption,1704521540762000000,0.01468894957194735,paolo-laptop,hwpc-sensor-container
power_consumption,1704521541765000000,0.01408563214623842,paolo-laptop,hwpc-sensor-container
power_consumption,1704521542767000000,0.01638111374688029,paolo-laptop,hwpc-sensor-container
power_consumption,1704521543768000000,0.0148417381662587,paolo-laptop,hwpc-sensor-container
power_consumption,1704521544770000000,0.014562528365227109,paolo-laptop,hwpc-sensor-container
power_consumption,1704521545773000000,0.012507123362083483,paolo-laptop,hwpc-sensor-container
power_consumption,1704521546775000000,0.012744623042797085,paolo-laptop,hwpc-sensor-container
power_consumption,1704521547776000000,0.011322357170409886,paolo-laptop,hwpc-sensor-container
power_consumption,1704521548778000000,0.01089145952208315,paolo-laptop,hwpc-sensor-container
power_consumption,1704521549780000000,0.012211473084098444,paolo-laptop,hwpc-sensor-container
power_consumption,1704521550782000000,0.013371232208872888,paolo-laptop,hwpc-sensor-container
power_consumption,1704521551783000000,0.013170135001639438,paolo-laptop,hwpc-sensor-container
power_consumption,1704521552784000000,0.012000764040716056,paolo-laptop,hwpc-sensor-container
power_consumption,1704521553786000000,0.009286479927711849,paolo-laptop,hwpc-sensor-container
power_consumption,1704521554787000000,0.011085337627981485,paolo-laptop,hwpc-sensor-container
power_consumption,1704521555789000000,0.01151994400510752,paolo-laptop,hwpc-sensor-container
power_consumption,1704521556791000000,0.012359508331778494,paolo-laptop,hwpc-sensor-container
power_consumption,1704521557796000000,0.01010879694689114,paolo-laptop,hwpc-sensor-container
power_consumption,1704521558801000000,0.022263826352650777,paolo-laptop,hwpc-sensor-container
power_consumption,1704521559804000000,0.011152437623353197,paolo-laptop,hwpc-sensor-container
power_consumption,1704521560806000000,0.01606266275386215,paolo-laptop,hwpc-sensor-container
power_consumption,1704521561811000000,0.011864262555379342,paolo-laptop,hwpc-sensor-container
power_consumption,1704521562813000000,0.010946333392674581,paolo-laptop,hwpc-sensor-container
power_consumption,1704521563815000000,0.01225919669951573,paolo-laptop,hwpc-sensor-container
power_consumption,1704521564821000000,0.011592559871358685,paolo-laptop,hwpc-sensor-container
power_consumption,1704521565827000000,0.016713381227195664,paolo-laptop,hwpc-sensor-container
power_consumption,1704521566830000000,0.020952005018665926,paolo-laptop,hwpc-sensor-container
power_consumption,1704521567836000000,0.017503085609343997,paolo-laptop,hwpc-sensor-container
power_consumption,1704521568841000000,0.016725446775284796,paolo-laptop,hwpc-sensor-container
power_consumption,1704521569845000000,0.014181203310774004,paolo-laptop,hwpc-sensor-container
power_consumption,1704521570849000000,0.018798526021542788,paolo-laptop,hwpc-sensor-container
power_consumption,1704521571854000000,0.01335686381137769,paolo-laptop,hwpc-sensor-container
power_consumption,1704521572858000000,0.018315273267134464,paolo-laptop,hwpc-sensor-container
power_consumption,1704521573862000000,0.015967596084297958,paolo-laptop,hwpc-sensor-container
power_consumption,1704521574864000000,0.012561286937680946,paolo-laptop,hwpc-sensor-container
power_consumption,1704521575866000000,0.014857125991095916,paolo-laptop,hwpc-sensor-container
power_consumption,1704521576868000000,0.015877703252606252,paolo-laptop,hwpc-sensor-container
power_consumption,1704521577873000000,0.010528587487743348,paolo-laptop,hwpc-sensor-container
power_consumption,1704521578877000000,0.02546649338349816,paolo-laptop,hwpc-sensor-container
power_consumption,1704521579880000000,0.011691812874426138,paolo-laptop,hwpc-sensor-container
power_consumption,1704521580882000000,0.010216858718666674,paolo-laptop,hwpc-sensor-container
power_consumption,1704521581883000000,0.01576750518944901,paolo-laptop,hwpc-sensor-container
power_consumption,1704521582885000000,0.012393040022539097,paolo-laptop,hwpc-sensor-container
power_consumption,1704521583887000000,0.012167013715397208,paolo-laptop,hwpc-sensor-container
power_consumption,1704521584891000000,0.010625485333898598,paolo-laptop,hwpc-sensor-container
power_consumption,1704521586900000000,0.013806982980866207,paolo-laptop,hwpc-sensor-container
power_consumption,1704521587902000000,0.012651557590756734,paolo-laptop,hwpc-sensor-container
power_consumption,1704521588905000000,0.012123665984154701,paolo-laptop,hwpc-sensor-container
power_consumption,1704521589909000000,0.009890164206916966,paolo-laptop,hwpc-sensor-container
power_consumption,1704521590914000000,0.013719322724098988,paolo-laptop,hwpc-sensor-container
power_consumption,1704521591916000000,0.01257775692690937,paolo-laptop,hwpc-sensor-container
power_consumption,1704521592918000000,0.012858428029406952,paolo-laptop,hwpc-sensor-container
power_consumption,1704521593920000000,0.015297173373662949,paolo-laptop,hwpc-sensor-container
power_consumption,1704521594922000000,0.011275061301564115,paolo-laptop,hwpc-sensor-container
power_consumption,1704521595924000000,0.0167641015647438,paolo-laptop,hwpc-sensor-container
power_consumption,1704521596927000000,0.01303037230984519,paolo-laptop,hwpc-sensor-container
power_consumption,1704521597933000000,0.01608597898187295,paolo-laptop,hwpc-sensor-container
power_consumption,1704521598939000000,0.031654582238205206,paolo-laptop,hwpc-sensor-container
power_consumption,1704521599950000000,0.014136181929885755,paolo-laptop,hwpc-sensor-container
power_consumption,1704521600952000000,0.01147989491102699,paolo-laptop,hwpc-sensor-container
power_consumption,1704521601954000000,0.012924572983697789,paolo-laptop,hwpc-sensor-container
power_consumption,1704521602957000000,0.01695792432329565,paolo-laptop,hwpc-sensor-container
power_consumption,1704521603960000000,0.013097434811370578,paolo-laptop,hwpc-sensor-container
power_consumption,1704521604962000000,0.011034575477866189,paolo-laptop,hwpc-sensor-container
power_consumption,1704521605963000000,0.011687540691061163,paolo-laptop,hwpc-sensor-container
power_consumption,1704521606965000000,0.012067993952130736,paolo-laptop,hwpc-sensor-container
power_consumption,1704521607967000000,0.016573859094207614,paolo-laptop,hwpc-sensor-container
power_consumption,1704521608969000000,0.01070956964680182,paolo-laptop,hwpc-sensor-container
power_consumption,1704521609970000000,0.011556549334884552,paolo-laptop,hwpc-sensor-container
power_consumption,1704521610972000000,0.012858042629478074,paolo-laptop,hwpc-sensor-container
power_consumption,1704521611974000000,0.013659217130688864,paolo-laptop,hwpc-sensor-container
power_consumption,1704521612976000000,0.010674558034940919,paolo-laptop,hwpc-sensor-container
power_consumption,1704521613978000000,0.012212228403756938,paolo-laptop,hwpc-sensor-container
power_consumption,1704521614980000000,0.01768419850088221,paolo-laptop,hwpc-sensor-container
power_consumption,1704521615982000000,0.01150126044255829,paolo-laptop,hwpc-sensor-container
power_consumption,1704521616987000000,0.012237092114086804,paolo-laptop,hwpc-sensor-container
power_consumption,1704521617989000000,0.01208202762807424,paolo-laptop,hwpc-sensor-container
power_consumption,1704521618991000000,0.011071128147511367,paolo-laptop,hwpc-sensor-container
power_consumption,1704521619996000000,0.01461748920258909,paolo-laptop,hwpc-sensor-container
power_consumption,1704521621002000000,0.016390740353653545,paolo-laptop,hwpc-sensor-container
power_consumption,1704521622006000000,0.016454236568230942,paolo-laptop,hwpc-sensor-container
power_consumption,1704521623010000000,0.021377548791844732,paolo-laptop,hwpc-sensor-container
power_consumption,1704521624013000000,0.014080286322021275,paolo-laptop,hwpc-sensor-container
power_consumption,1704521625017000000,0.01875922888439692,paolo-laptop,hwpc-sensor-container
power_consumption,1704521627027000000,0.019213991941487287,paolo-laptop,hwpc-sensor-container
power_consumption,1704521628033000000,0.022153243652466344,paolo-laptop,hwpc-sensor-container
power_consumption,1704521629039000000,0.019024897391559468,paolo-laptop,hwpc-sensor-container
power_consumption,1704521630041000000,0.016459109374085724,paolo-laptop,hwpc-sensor-container
power_consumption,1704521631043000000,0.0135726081046714,paolo-laptop,hwpc-sensor-container
power_consumption,1704521632047000000,0.012305379857577592,paolo-laptop,hwpc-sensor-container
power_consumption,1704521634050000000,0.010896300761743595,paolo-laptop,hwpc-sensor-container
power_consumption,1704521636059000000,0.01578804013545499,paolo-laptop,hwpc-sensor-container
power_consumption,1704521637063000000,0.01424849764332669,paolo-laptop,hwpc-sensor-container
power_consumption,1704521638067000000,0.01597227468058421,paolo-laptop,hwpc-sensor-container
power_consumption,1704521639071000000,0.014003127396726236,paolo-laptop,hwpc-sensor-container
power_consumption,1704521640075000000,0.017996034886506366,paolo-laptop,hwpc-sensor-container
power_consumption,1704521641079000000,0.018455455935381435,paolo-laptop,hwpc-sensor-container
power_consumption,1704521642083000000,0.01748496053982547,paolo-laptop,hwpc-sensor-container
power_consumption,1704521643087000000,0.01884362356083687,paolo-laptop,hwpc-sensor-container
power_consumption,1704521644091000000,0.019677897389407766,paolo-laptop,hwpc-sensor-container
power_consumption,1704521645096000000,0.017609158749472414,paolo-laptop,hwpc-sensor-container
power_consumption,1704521646098000000,0.012594884753023294,paolo-laptop,hwpc-sensor-container
power_consumption,1704521647102000000,0.011344904575306548,paolo-laptop,hwpc-sensor-container
power_consumption,1704521648105000000,0.011120233702396577,paolo-laptop,hwpc-sensor-container
power_consumption,1704521649107000000,0.0106500743734192,paolo-laptop,hwpc-sensor-container
power_consumption,1704521650109000000,0.014828454737707919,paolo-laptop,hwpc-sensor-container
power_consumption,1704521651111000000,0.011164342871729807,paolo-laptop,hwpc-sensor-container
power_consumption,1704521652113000000,0.01373679328900209,paolo-laptop,hwpc-sensor-container
power_consumption,1704521653120000000,0.013498264792684178,paolo-laptop,hwpc-sensor-container
power_consumption,1704521654125000000,0.010585255878628404,paolo-laptop,hwpc-sensor-container
power_consumption,1704521655127000000,0.014775465420248216,paolo-laptop,hwpc-sensor-container
power_consumption,1704521656128000000,0.010941448596301799,paolo-laptop,hwpc-sensor-container
power_consumption,1704521657132000000,0.010820715271135178,paolo-laptop,hwpc-sensor-container
power_consumption,1704521658136000000,0.014258061511938114,paolo-laptop,hwpc-sensor-container
power_consumption,1704521659142000000,0.019919278966453405,paolo-laptop,hwpc-sensor-container
power_consumption,1704521660144000000,0.01750784213858248,paolo-laptop,hwpc-sensor-container
power_consumption,1704521661146000000,0.01244316881157951,paolo-laptop,hwpc-sensor-container
power_consumption,1704521662148000000,0.018253991867519286,paolo-laptop,hwpc-sensor-container
power_consumption,1704521663151000000,0.011815009865406626,paolo-laptop,hwpc-sensor-container
power_consumption,1704521664155000000,0.010921610135609782,paolo-laptop,hwpc-sensor-container
power_consumption,1704521665158000000,0.011564195279872375,paolo-laptop,hwpc-sensor-container
power_consumption,1704521666162000000,0.014924261881233873,paolo-laptop,hwpc-sensor-container
power_consumption,1704521667165000000,0.01279885614282071,paolo-laptop,hwpc-sensor-container
power_consumption,1704521668167000000,0.01232131738701514,paolo-laptop,hwpc-sensor-container
power_consumption,1704521669169000000,0.012083255785595073,paolo-laptop,hwpc-sensor-container
power_consumption,1704521670170000000,0.02463147400409833,paolo-laptop,hwpc-sensor-container
power_consumption,1704521671171000000,0.011226666441036754,paolo-laptop,hwpc-sensor-container
power_consumption,1704521672173000000,0.012415718802646658,paolo-laptop,hwpc-sensor-container
power_consumption,1704521673174000000,0.011305186701763899,paolo-laptop,hwpc-sensor-container
power_consumption,1704521674175000000,0.012586320581951064,paolo-laptop,hwpc-sensor-container
power_consumption,1704521675177000000,0.012570202774942769,paolo-laptop,hwpc-sensor-container
power_consumption,1704521676185000000,0.02059343888130946,paolo-laptop,hwpc-sensor-container
power_consumption,1704521677189000000,0.01192058113167321,paolo-laptop,hwpc-sensor-container
power_consumption,1704521678191000000,0.011795306891615565,paolo-laptop,hwpc-sensor-container
power_consumption,1704521679193000000,0.013378078224639425,paolo-laptop,hwpc-sensor-container
power_consumption,1704521680196000000,0.01268166210069389,paolo-laptop,hwpc-sensor-container
power_consumption,1704521681202000000,0.014906390384011389,paolo-laptop,hwpc-sensor-container
power_consumption,1704521682205000000,0.012661890162830224,paolo-laptop,hwpc-sensor-container
power_consumption,1704521683207000000,0.012241914297108625,paolo-laptop,hwpc-sensor-container
power_consumption,1704521684208000000,0.01221833960427752,paolo-laptop,hwpc-sensor-container
power_consumption,1704521685210000000,0.013225821351686623,paolo-laptop,hwpc-sensor-container
power_consumption,1704521686214000000,0.013590166285289092,paolo-laptop,hwpc-sensor-container
power_consumption,1704521687216000000,0.014206435911674507,paolo-laptop,hwpc-sensor-container
power_consumption,1704521688218000000,0.012028709161591888,paolo-laptop,hwpc-sensor-container
power_consumption,1704521689223000000,0.015541839516567733,paolo-laptop,hwpc-sensor-container
power_consumption,1704521690238000000,0.011582382139124416,paolo-laptop,hwpc-sensor-container
power_consumption,1704521691243000000,0.012030523624788748,paolo-laptop,hwpc-sensor-container
power_consumption,1704521692246000000,0.01330075542442712,paolo-laptop,hwpc-sensor-container
power_consumption,1704521693248000000,0.012533908557950162,paolo-laptop,hwpc-sensor-container
power_consumption,1704521694251000000,0.017001242442052575,paolo-laptop,hwpc-sensor-container
power_consumption,1704521695253000000,0.020677550314571747,paolo-laptop,hwpc-sensor-container
power_consumption,1704521696255000000,0.012062721826793268,paolo-laptop,hwpc-sensor-container
power_consumption,1704521697259000000,0.013470764874308259,paolo-laptop,hwpc-sensor-container
power_consumption,1704521698261000000,0.015442003099379807,paolo-laptop,hwpc-sensor-container
power_consumption,1704521699265000000,0.012119907033340134,paolo-laptop,hwpc-sensor-container
power_consumption,1704521700267000000,0.012029114584632308,paolo-laptop,hwpc-sensor-container
power_consumption,1704521701269000000,0.012332986903824504,paolo-laptop,hwpc-sensor-container
power_consumption,1704521702273000000,0.013077715580057095,paolo-laptop,hwpc-sensor-container
power_consumption,1704521703279000000,0.018878376854634966,paolo-laptop,hwpc-sensor-container
power_consumption,1704521704286000000,0.01620534978543304,paolo-laptop,hwpc-sensor-container
power_consumption,1704521705291000000,0.025259082745850772,paolo-laptop,hwpc-sensor-container
power_consumption,1704521706294000000,0.015167258828995393,paolo-laptop,hwpc-sensor-container
power_consumption,1704521708301000000,0.012609757623930245,paolo-laptop,hwpc-sensor-container
power_consumption,1704521709304000000,0.011760487732684814,paolo-laptop,hwpc-sensor-container
power_consumption,1704521710310000000,0.015027297292718006,paolo-laptop,hwpc-sensor-container
power_consumption,1704521712319000000,0.015324389098073214,paolo-laptop,hwpc-sensor-container
power_consumption,1704521713324000000,0.013808463560693532,paolo-laptop,hwpc-sensor-container
power_consumption,1704521714327000000,0.02075758227278198,paolo-laptop,hwpc-sensor-container
power_consumption,1704521715332000000,0.013846362127191893,paolo-laptop,hwpc-sensor-container
power_consumption,1704521716338000000,0.01697549994277715,paolo-laptop,hwpc-sensor-container
power_consumption,1704521717342000000,0.012164252000281232,paolo-laptop,hwpc-sensor-container
power_consumption,1704521718344000000,0.013724390545604486,paolo-laptop,hwpc-sensor-container
power_consumption,1704521719346000000,0.011579866031548426,paolo-laptop,hwpc-sensor-container
power_consumption,1704521720350000000,0.01259735291137011,paolo-laptop,hwpc-sensor-container
power_consumption,1704521721351000000,0.01203034050769036,paolo-laptop,hwpc-sensor-container
power_consumption,1704521722353000000,0.011185310455133973,paolo-laptop,hwpc-sensor-container
power_consumption,1704521723357000000,0.0374894976090433,paolo-laptop,hwpc-sensor-container
