name,time,power,sensor,target
power_consumption,1705273007099000000,0.005605391138334851,paolo-laptop,influx_dest
power_consumption,1705273008102000000,0.005357935303481033,paolo-laptop,influx_dest
power_consumption,1705273009104000000,0.0051417486234552725,paolo-laptop,influx_dest
power_consumption,1705273010106000000,0.013440851648172596,paolo-laptop,influx_dest
power_consumption,1705273011108000000,0.005341709061595551,paolo-laptop,influx_dest
power_consumption,1705273013116000000,0.00580059810349076,paolo-laptop,influx_dest
power_consumption,1705273017136000000,0.006052437546674129,paolo-laptop,influx_dest
power_consumption,1705273018138000000,0.006512077300876316,paolo-laptop,influx_dest
power_consumption,1705273019140000000,0.007742369761093798,paolo-laptop,influx_dest
power_consumption,1705273020142000000,0.014371627042310497,paolo-laptop,influx_dest
power_consumption,1705273021145000000,0.005665754730610347,paolo-laptop,influx_dest
power_consumption,1705273022147000000,0.0064635823100767376,paolo-laptop,influx_dest
power_consumption,1705273023149000000,0.005817917071615834,paolo-laptop,influx_dest
power_consumption,1705273024152000000,0.006519866502305871,paolo-laptop,influx_dest
power_consumption,1705273025154000000,0.005891380681001704,paolo-laptop,influx_dest
power_consumption,1705273026156000000,0.00867477170243323,paolo-laptop,influx_dest
power_consumption,1705273027161000000,0.006125390464597735,paolo-laptop,influx_dest
power_consumption,1705273028163000000,0.005649911780901532,paolo-laptop,influx_dest
power_consumption,1705273031169000000,0.17147658795458165,paolo-laptop,influx_dest
power_consumption,1705273040186000000,0.012920906345855274,paolo-laptop,influx_dest
power_consumption,1705273041188000000,0.005631354291489595,paolo-laptop,influx_dest
power_consumption,1705273042190000000,0.006497038658643835,paolo-laptop,influx_dest
power_consumption,1705273043193000000,0.005225573977620219,paolo-laptop,influx_dest
power_consumption,1705273044195000000,0.005224917492121944,paolo-laptop,influx_dest
power_consumption,1705273045196000000,0.006215759011562901,paolo-laptop,influx_dest
power_consumption,1705273046198000000,0.005860206184833151,paolo-laptop,influx_dest
power_consumption,1705273047201000000,0.004774954066986707,paolo-laptop,influx_dest
power_consumption,1705273048203000000,0.0040707345590847615,paolo-laptop,influx_dest
power_consumption,1705273049205000000,0.005615953066672119,paolo-laptop,influx_dest
power_consumption,1705273050207000000,0.013046780542291136,paolo-laptop,influx_dest
power_consumption,1705273051209000000,0.005027044136689307,paolo-laptop,influx_dest
power_consumption,1705273052211000000,0.004291833091265108,paolo-laptop,influx_dest
power_consumption,1705273053213000000,0.005172415595725252,paolo-laptop,influx_dest
power_consumption,1705273054215000000,0.005238177136747357,paolo-laptop,influx_dest
power_consumption,1705273055218000000,0.005222901613531304,paolo-laptop,influx_dest
power_consumption,1705273056220000000,0.004669811656309153,paolo-laptop,influx_dest
power_consumption,1705273057222000000,0.004838828016196832,paolo-laptop,influx_dest
power_consumption,1705273058225000000,0.004859003227428529,paolo-laptop,influx_dest
power_consumption,1705273059227000000,0.004210160581582659,paolo-laptop,influx_dest
power_consumption,1705273060230000000,0.011588527640154417,paolo-laptop,influx_dest
power_consumption,1705273061232000000,0.004658736330638521,paolo-laptop,influx_dest
power_consumption,1705273062234000000,0.003952215095262279,paolo-laptop,influx_dest
power_consumption,1705273063241000000,0.0043107675242754625,paolo-laptop,influx_dest
power_consumption,1705273064243000000,0.005441183557967025,paolo-laptop,influx_dest
power_consumption,1705273065245000000,0.0047094266832685625,paolo-laptop,influx_dest
power_consumption,1705273066248000000,0.005238809467037877,paolo-laptop,influx_dest
power_consumption,1705273067250000000,0.00560073837990624,paolo-laptop,influx_dest
power_consumption,1705273068253000000,0.005161198830621588,paolo-laptop,influx_dest
power_consumption,1705273069255000000,0.005252605142947256,paolo-laptop,influx_dest
power_consumption,1705273070257000000,0.013237164154946472,paolo-laptop,influx_dest
power_consumption,1705273071260000000,0.004927914658085859,paolo-laptop,influx_dest
power_consumption,1705273072262000000,0.004975675435823739,paolo-laptop,influx_dest
power_consumption,1705273073264000000,0.005296489481333117,paolo-laptop,influx_dest
power_consumption,1705273074266000000,0.004646813088546654,paolo-laptop,influx_dest
power_consumption,1705273075268000000,0.005335846036331982,paolo-laptop,influx_dest
power_consumption,1705273076270000000,0.007169162012273883,paolo-laptop,influx_dest
power_consumption,1705273078274000000,0.005110297996815104,paolo-laptop,influx_dest
power_consumption,1705273079276000000,0.0051473029704428245,paolo-laptop,influx_dest
power_consumption,1705273080278000000,0.012384665659315196,paolo-laptop,influx_dest
power_consumption,1705273081281000000,0.004427071541597655,paolo-laptop,influx_dest
power_consumption,1705273082283000000,0.004339684691854656,paolo-laptop,influx_dest
power_consumption,1705273083286000000,0.005059900183531425,paolo-laptop,influx_dest
power_consumption,1705273084293000000,0.0038346511418118926,paolo-laptop,influx_dest
power_consumption,1705273085296000000,0.004668373788749771,paolo-laptop,influx_dest
power_consumption,1705273089311000000,0.004322908645547183,paolo-laptop,influx_dest
power_consumption,1705273090313000000,0.011681806195537455,paolo-laptop,influx_dest
power_consumption,1705273091315000000,0.005007809463778717,paolo-laptop,influx_dest
power_consumption,1705273095329000000,0.004130598479335964,paolo-laptop,influx_dest
power_consumption,1705273098336000000,0.005160837269793422,paolo-laptop,influx_dest
power_consumption,1705273100340000000,0.01026433965090368,paolo-laptop,influx_dest
power_consumption,1705273101342000000,0.00578582893065784,paolo-laptop,influx_dest
power_consumption,1705273103346000000,0.004699416615015326,paolo-laptop,influx_dest
power_consumption,1705273104348000000,0.005603284584180477,paolo-laptop,influx_dest
power_consumption,1705273105350000000,0.005748394374117246,paolo-laptop,influx_dest
power_consumption,1705273106355000000,0.0059344971419096355,paolo-laptop,influx_dest
power_consumption,1705273107358000000,0.006002402231668375,paolo-laptop,influx_dest
power_consumption,1705273108360000000,0.0052094607716909195,paolo-laptop,influx_dest
power_consumption,1705273109362000000,0.004645309706631366,paolo-laptop,influx_dest
power_consumption,1705273110364000000,0.01253107879417285,paolo-laptop,influx_dest
power_consumption,1705273111366000000,0.004785591436004024,paolo-laptop,influx_dest
power_consumption,1705273112368000000,0.005280600823765437,paolo-laptop,influx_dest
power_consumption,1705273113371000000,0.004555808894912232,paolo-laptop,influx_dest
power_consumption,1705273114373000000,0.004344719574756674,paolo-laptop,influx_dest
power_consumption,1705273115392000000,0.004218661985055864,paolo-laptop,influx_dest
power_consumption,1705273116395000000,0.005306781378204768,paolo-laptop,influx_dest
power_consumption,1705273117396000000,0.004577739130096777,paolo-laptop,influx_dest
power_consumption,1705273118398000000,0.004189626346261015,paolo-laptop,influx_dest
power_consumption,1705273119401000000,0.004356792633631651,paolo-laptop,influx_dest
power_consumption,1705273120403000000,0.011882731200750523,paolo-laptop,influx_dest
power_consumption,1705273121405000000,0.005501663284602831,paolo-laptop,influx_dest
power_consumption,1705273122408000000,0.004610200907033776,paolo-laptop,influx_dest
power_consumption,1705273126425000000,0.005267784873811141,paolo-laptop,influx_dest
power_consumption,1705273130442000000,0.012264570474995701,paolo-laptop,influx_dest
power_consumption,1705273134454000000,0.004570835949959281,paolo-laptop,influx_dest
power_consumption,1705273135456000000,0.005158199687654177,paolo-laptop,influx_dest
power_consumption,1705273138463000000,0.004475526164447678,paolo-laptop,influx_dest
power_consumption,1705273139465000000,0.005290044435208699,paolo-laptop,influx_dest
power_consumption,1705273140470000000,0.011050736677683535,paolo-laptop,influx_dest
power_consumption,1705273143478000000,0.004954714453585077,paolo-laptop,influx_dest
power_consumption,1705273144480000000,0.004843915984822414,paolo-laptop,influx_dest
power_consumption,1705273145482000000,0.004998530150314625,paolo-laptop,influx_dest
power_consumption,1705273146485000000,0.006304561843028227,paolo-laptop,influx_dest
power_consumption,1705273155513000000,0.004766634029534477,paolo-laptop,influx_dest
power_consumption,1705273156515000000,0.012378641120635175,paolo-laptop,influx_dest
power_consumption,1705273162538000000,0.005275347337800166,paolo-laptop,influx_dest
power_consumption,1705273163540000000,0.005113661129888885,paolo-laptop,influx_dest
power_consumption,1705273164541000000,0.0043020656504588195,paolo-laptop,influx_dest
power_consumption,1705273165543000000,0.005616939352979759,paolo-laptop,influx_dest
power_consumption,1705273166545000000,0.005572425315415523,paolo-laptop,influx_dest
power_consumption,1705273167547000000,0.005591706865560504,paolo-laptop,influx_dest
power_consumption,1705273168549000000,0.004875681967091766,paolo-laptop,influx_dest
power_consumption,1705273169551000000,0.004758308607142762,paolo-laptop,influx_dest
power_consumption,1705273170553000000,0.011530306750075135,paolo-laptop,influx_dest
power_consumption,1705273171556000000,0.005481992097343092,paolo-laptop,influx_dest
power_consumption,1705273181576000000,0.005574870613501012,paolo-laptop,influx_dest
power_consumption,1705273182578000000,0.004165943467260239,paolo-laptop,influx_dest
power_consumption,1705273183581000000,0.005131311910601639,paolo-laptop,influx_dest
power_consumption,1705273184584000000,0.004886731348559544,paolo-laptop,influx_dest
power_consumption,1705273185586000000,0.004876183922330921,paolo-laptop,influx_dest
power_consumption,1705273186588000000,0.005932622065329769,paolo-laptop,influx_dest
power_consumption,1705273187591000000,0.004257493781293451,paolo-laptop,influx_dest
power_consumption,1705273188593000000,0.00467482983410839,paolo-laptop,influx_dest
power_consumption,1705273189595000000,0.006030749759012439,paolo-laptop,influx_dest
power_consumption,1705273190597000000,0.011973072759845809,paolo-laptop,influx_dest
power_consumption,1705273191599000000,0.004588727314599753,paolo-laptop,influx_dest
power_consumption,1705273192601000000,0.005489997084222301,paolo-laptop,influx_dest
power_consumption,1705273193609000000,0.004880680300056504,paolo-laptop,influx_dest
power_consumption,1705273194611000000,0.005760547756137216,paolo-laptop,influx_dest
power_consumption,1705273195614000000,0.004408390797705022,paolo-laptop,influx_dest
power_consumption,1705273196616000000,0.006056961063382675,paolo-laptop,influx_dest
power_consumption,1705273197618000000,0.004912874565750656,paolo-laptop,influx_dest
power_consumption,1705273198621000000,0.004415586895102741,paolo-laptop,influx_dest
power_consumption,1705273199623000000,0.005132704270437223,paolo-laptop,influx_dest
power_consumption,1705273200625000000,0.012291373219569007,paolo-laptop,influx_dest
power_consumption,1705273201627000000,0.005280226847511395,paolo-laptop,influx_dest
power_consumption,1705273202629000000,0.004437807915477056,paolo-laptop,influx_dest
power_consumption,1705273203632000000,0.005393393369134459,paolo-laptop,influx_dest
power_consumption,1705273204635000000,0.005515160409367081,paolo-laptop,influx_dest
power_consumption,1705273205637000000,0.005516752794680141,paolo-laptop,influx_dest
power_consumption,1705273206639000000,0.007545712267781677,paolo-laptop,influx_dest
power_consumption,1705273208646000000,0.004892681624847211,paolo-laptop,influx_dest
power_consumption,1705273209648000000,0.005083619484803803,paolo-laptop,influx_dest
power_consumption,1705273210650000000,0.011758737965172586,paolo-laptop,influx_dest
power_consumption,1705273211653000000,0.005519490530887541,paolo-laptop,influx_dest
power_consumption,1705273212657000000,0.004398593289435344,paolo-laptop,influx_dest
power_consumption,1705273213660000000,0.0033668798132968163,paolo-laptop,influx_dest
power_consumption,1705273215665000000,0.004913356812221168,paolo-laptop,influx_dest
power_consumption,1705273216667000000,0.07892851697145782,paolo-laptop,influx_dest
power_consumption,1705273217671000000,0.0034405868606150205,paolo-laptop,influx_dest
power_consumption,1705273218675000000,0.00907020194362645,paolo-laptop,influx_dest
power_consumption,1705273220679000000,0.012693490505769196,paolo-laptop,influx_dest
power_consumption,1705273221680000000,0.005146853107032416,paolo-laptop,influx_dest
power_consumption,1705273222683000000,0.004555020651134659,paolo-laptop,influx_dest
power_consumption,1705273223689000000,0.0054814037306979285,paolo-laptop,influx_dest
power_consumption,1705273224691000000,0.0052116659079199336,paolo-laptop,influx_dest
power_consumption,1705273225693000000,0.004876789747061758,paolo-laptop,influx_dest
power_consumption,1705273226695000000,0.0046197419355698145,paolo-laptop,influx_dest
power_consumption,1705273227698000000,0.005610622748357959,paolo-laptop,influx_dest
power_consumption,1705273228700000000,0.005034748731012067,paolo-laptop,influx_dest
power_consumption,1705273229702000000,0.004810610396199776,paolo-laptop,influx_dest
power_consumption,1705273230706000000,0.01346820070627342,paolo-laptop,influx_dest
power_consumption,1705273231708000000,0.0031477927054840513,paolo-laptop,influx_dest
power_consumption,1705273232710000000,0.006338318044461345,paolo-laptop,influx_dest
power_consumption,1705273240740000000,0.03836847294920909,paolo-laptop,influx_dest
power_consumption,1705273245749000000,0.008596804244555264,paolo-laptop,influx_dest
power_consumption,1705273246751000000,0.010250488039205514,paolo-laptop,influx_dest
power_consumption,1705273248754000000,0.01028925426955773,paolo-laptop,influx_dest
power_consumption,1705273252762000000,0.009758498588499559,paolo-laptop,influx_dest
power_consumption,1705273254767000000,0.011447280777452794,paolo-laptop,influx_dest
power_consumption,1705273256777000000,0.003824843497304924,paolo-laptop,influx_dest
power_consumption,1705273258794000000,0.0022904318800747937,paolo-laptop,influx_dest
power_consumption,1705273261822000000,0.007161040876777288,paolo-laptop,influx_dest
power_consumption,1705273262831000000,0.008350928864961762,paolo-laptop,influx_dest
power_consumption,1705273263837000000,0.00533974026215716,paolo-laptop,influx_dest
power_consumption,1705273269864000000,0.00843026092655303,paolo-laptop,influx_dest
power_consumption,1705273271871000000,0.003170794711691651,paolo-laptop,influx_dest
power_consumption,1705273274883000000,0.00759700132610828,paolo-laptop,influx_dest
power_consumption,1705273276888000000,0.0031427952821009523,paolo-laptop,influx_dest
power_consumption,1705273277891000000,0.006397145672057193,paolo-laptop,influx_dest
power_consumption,1705273278892000000,0.005865163278550144,paolo-laptop,influx_dest
power_consumption,1705273279894000000,0.0062175193867293164,paolo-laptop,influx_dest
power_consumption,1705273280896000000,0.05990616594467565,paolo-laptop,influx_dest
power_consumption,1705273281899000000,0.007502707609844608,paolo-laptop,influx_dest
power_consumption,1705273282902000000,0.006511672763096554,paolo-laptop,influx_dest
power_consumption,1705273283904000000,0.006492853997481527,paolo-laptop,influx_dest
power_consumption,1705273284905000000,0.007641477793009177,paolo-laptop,influx_dest
power_consumption,1705273285906000000,0.008497971533537142,paolo-laptop,influx_dest
power_consumption,1705273289914000000,0.008973363562565687,paolo-laptop,influx_dest
power_consumption,1705273290916000000,0.01385175718094732,paolo-laptop,influx_dest
power_consumption,1705273291918000000,0.008186533601953925,paolo-laptop,influx_dest
power_consumption,1705273294930000000,0.005079864819357028,paolo-laptop,influx_dest
power_consumption,1705273296937000000,0.002928560021110733,paolo-laptop,influx_dest
power_consumption,1705273297939000000,0.005030342404253647,paolo-laptop,influx_dest
power_consumption,1705273298941000000,0.005526721801401768,paolo-laptop,influx_dest
power_consumption,1705273301954000000,0.009889471055885864,paolo-laptop,influx_dest
power_consumption,1705273302958000000,0.007181781850872424,paolo-laptop,influx_dest
power_consumption,1705273304962000000,0.0061128189922055355,paolo-laptop,influx_dest
power_consumption,1705273305964000000,0.006459503340197722,paolo-laptop,influx_dest
power_consumption,1705273306966000000,0.004250066418754409,paolo-laptop,influx_dest
power_consumption,1705273307967000000,0.004986776789210396,paolo-laptop,influx_dest
power_consumption,1705273308970000000,0.0029089674214715995,paolo-laptop,influx_dest
power_consumption,1705273309971000000,0.0029333771390852234,paolo-laptop,influx_dest
power_consumption,1705273311975000000,0.006888061362602916,paolo-laptop,influx_dest
power_consumption,1705273312978000000,0.006521458830311043,paolo-laptop,influx_dest
power_consumption,1705273313981000000,0.006881178049085002,paolo-laptop,influx_dest
power_consumption,1705273314983000000,0.0034976229272131692,paolo-laptop,influx_dest
power_consumption,1705273317988000000,0.004750556000882819,paolo-laptop,influx_dest
power_consumption,1705273318989000000,0.00527911024659031,paolo-laptop,influx_dest
power_consumption,1705273320994000000,0.009747365671926826,paolo-laptop,influx_dest
power_consumption,1705273321997000000,0.007985492653611604,paolo-laptop,influx_dest
power_consumption,1705273323000000000,0.006905427673364999,paolo-laptop,influx_dest
power_consumption,1705273325007000000,0.00601560715136931,paolo-laptop,influx_dest
power_consumption,1705273327013000000,0.0025355881693805687,paolo-laptop,influx_dest
power_consumption,1705273328017000000,0.005826848411197892,paolo-laptop,influx_dest
power_consumption,1705273330022000000,0.018041784140105835,paolo-laptop,influx_dest
power_consumption,1705273331025000000,0.005556994636716179,paolo-laptop,influx_dest
power_consumption,1705273332027000000,0.006330576541198252,paolo-laptop,influx_dest
power_consumption,1705273333029000000,0.006361169476097383,paolo-laptop,influx_dest
power_consumption,1705273334031000000,0.049312900270139494,paolo-laptop,influx_dest
power_consumption,1705273335034000000,0.004974820260038794,paolo-laptop,influx_dest
power_consumption,1705273338042000000,0.0042791363578157686,paolo-laptop,influx_dest
power_consumption,1705273339046000000,0.005442471442007841,paolo-laptop,influx_dest
power_consumption,1705273340051000000,0.012311387073606093,paolo-laptop,influx_dest
power_consumption,1705273341053000000,0.0042283146443656905,paolo-laptop,influx_dest
power_consumption,1705273342055000000,0.0058158311277907064,paolo-laptop,influx_dest
power_consumption,1705273343056000000,0.002929961939470924,paolo-laptop,influx_dest
power_consumption,1705273344058000000,0.006763541354059564,paolo-laptop,influx_dest
power_consumption,1705273345060000000,0.007245391159618761,paolo-laptop,influx_dest
power_consumption,1705273346063000000,0.013485957617853784,paolo-laptop,influx_dest
power_consumption,1705273347065000000,0.0029628371606879,paolo-laptop,influx_dest
power_consumption,1705273348068000000,0.006695290777019615,paolo-laptop,influx_dest
power_consumption,1705273349070000000,0.006356344931023942,paolo-laptop,influx_dest
power_consumption,1705273350072000000,0.017296147711529347,paolo-laptop,influx_dest
power_consumption,1705273351074000000,0.007004446623370122,paolo-laptop,influx_dest
power_consumption,1705273352078000000,0.002837932499490148,paolo-laptop,influx_dest
power_consumption,1705273353080000000,0.007037154184396429,paolo-laptop,influx_dest
power_consumption,1705273354083000000,0.008147915666308476,paolo-laptop,influx_dest
power_consumption,1705273355086000000,0.0043075141423676066,paolo-laptop,influx_dest
power_consumption,1705273356087000000,0.007224116181113211,paolo-laptop,influx_dest
power_consumption,1705273358095000000,0.004073613533503686,paolo-laptop,influx_dest
power_consumption,1705273359097000000,0.00792053514200459,paolo-laptop,influx_dest
power_consumption,1705273360101000000,0.010576362682839728,paolo-laptop,influx_dest
power_consumption,1705273361104000000,0.006940679842938217,paolo-laptop,influx_dest
power_consumption,1705273363109000000,0.003323685930295965,paolo-laptop,influx_dest
power_consumption,1705273364113000000,0.002580645731070111,paolo-laptop,influx_dest
power_consumption,1705273365115000000,0.0036943134712848777,paolo-laptop,influx_dest
power_consumption,1705273366120000000,0.0034711005847856626,paolo-laptop,influx_dest
power_consumption,1705273367123000000,0.003486808622172901,paolo-laptop,influx_dest
power_consumption,1705273368125000000,0.0076346894126563146,paolo-laptop,influx_dest
power_consumption,1705273370134000000,0.013615116908880542,paolo-laptop,influx_dest
power_consumption,1705273371136000000,0.006180777687650317,paolo-laptop,influx_dest
power_consumption,1705273372138000000,0.0065587342960112165,paolo-laptop,influx_dest
power_consumption,1705273373140000000,0.0036360377635439064,paolo-laptop,influx_dest
power_consumption,1705273374144000000,0.006076090205147043,paolo-laptop,influx_dest
power_consumption,1705273376149000000,0.007798992268992186,paolo-laptop,influx_dest
power_consumption,1705273377150000000,0.005800197939981871,paolo-laptop,influx_dest
power_consumption,1705273379154000000,0.003874530244158311,paolo-laptop,influx_dest
power_consumption,1705273380155000000,0.014856719190329954,paolo-laptop,influx_dest
power_consumption,1705273381157000000,0.00619179883057446,paolo-laptop,influx_dest
power_consumption,1705273382159000000,0.0054182859410180206,paolo-laptop,influx_dest
power_consumption,1705273383161000000,0.005535941852870597,paolo-laptop,influx_dest
power_consumption,1705273384164000000,0.006078273297359009,paolo-laptop,influx_dest
power_consumption,1705273385167000000,0.007561583286560053,paolo-laptop,influx_dest
power_consumption,1705273386169000000,0.007621143542627529,paolo-laptop,influx_dest
power_consumption,1705273387171000000,0.006962282045591044,paolo-laptop,influx_dest
power_consumption,1705273389176000000,0.005617504137902501,paolo-laptop,influx_dest
power_consumption,1705273390178000000,0.011971602288600504,paolo-laptop,influx_dest
power_consumption,1705273391180000000,0.006592900241377188,paolo-laptop,influx_dest
power_consumption,1705273392182000000,0.00634798047829252,paolo-laptop,influx_dest
power_consumption,1705273393185000000,0.0065741793790720735,paolo-laptop,influx_dest
power_consumption,1705273394186000000,0.005593546879971517,paolo-laptop,influx_dest
power_consumption,1705273395189000000,0.00666199565749342,paolo-laptop,influx_dest
power_consumption,1705273396191000000,0.008224581277842459,paolo-laptop,influx_dest
power_consumption,1705273397194000000,0.0055162472122753485,paolo-laptop,influx_dest
power_consumption,1705273398196000000,0.007399244611113116,paolo-laptop,influx_dest
power_consumption,1705273399198000000,0.006014119000403857,paolo-laptop,influx_dest
power_consumption,1705273400200000000,0.047905712329214284,paolo-laptop,influx_dest
power_consumption,1705273401203000000,0.006755245941572339,paolo-laptop,influx_dest
power_consumption,1705273402205000000,0.007310171650715817,paolo-laptop,influx_dest
power_consumption,1705273403207000000,0.00665291840149056,paolo-laptop,influx_dest
power_consumption,1705273404211000000,0.01033926627392333,paolo-laptop,influx_dest
power_consumption,1705273405213000000,0.00606291865663295,paolo-laptop,influx_dest
power_consumption,1705273406215000000,0.003866969352860387,paolo-laptop,influx_dest
power_consumption,1705273407221000000,0.0032284651427960743,paolo-laptop,influx_dest
power_consumption,1705273409227000000,0.003308034646288834,paolo-laptop,influx_dest
power_consumption,1705273410229000000,0.012607596653605604,paolo-laptop,influx_dest
power_consumption,1705273411231000000,0.006706495832138662,paolo-laptop,influx_dest
power_consumption,1705273412233000000,0.006110732562389868,paolo-laptop,influx_dest
power_consumption,1705273413235000000,0.005971432352600675,paolo-laptop,influx_dest
power_consumption,1705273414237000000,0.008750999904407756,paolo-laptop,influx_dest
power_consumption,1705273415238000000,0.005472984242954174,paolo-laptop,influx_dest
power_consumption,1705273416242000000,0.003426752264846679,paolo-laptop,influx_dest
power_consumption,1705273417246000000,0.006984412046641463,paolo-laptop,influx_dest
power_consumption,1705273418250000000,0.00611567797745572,paolo-laptop,influx_dest
power_consumption,1705273419252000000,0.006835782180467095,paolo-laptop,influx_dest
power_consumption,1705273420254000000,0.012456070942360079,paolo-laptop,influx_dest
power_consumption,1705273421255000000,0.007313863909577261,paolo-laptop,influx_dest
power_consumption,1705273423259000000,0.0068944048949044386,paolo-laptop,influx_dest
power_consumption,1705273424261000000,0.007058015185694386,paolo-laptop,influx_dest
power_consumption,1705273425265000000,0.0035607322418053718,paolo-laptop,influx_dest
power_consumption,1705273426267000000,0.004999447163099459,paolo-laptop,influx_dest
power_consumption,1705273427269000000,0.006229991330266391,paolo-laptop,influx_dest
power_consumption,1705273428271000000,0.005487712153169547,paolo-laptop,influx_dest
power_consumption,1705273429273000000,0.005794856608258887,paolo-laptop,influx_dest
power_consumption,1705273430275000000,0.012973803054816142,paolo-laptop,influx_dest
power_consumption,1705273431279000000,0.006722498651907213,paolo-laptop,influx_dest
power_consumption,1705273432281000000,0.0027045533994645918,paolo-laptop,influx_dest
power_consumption,1705273433283000000,0.007070588662800428,paolo-laptop,influx_dest
power_consumption,1705273435289000000,0.0075465479936130215,paolo-laptop,influx_dest
power_consumption,1705273436291000000,0.005359921913984107,paolo-laptop,influx_dest
power_consumption,1705273437292000000,0.006375456528528019,paolo-laptop,influx_dest
power_consumption,1705273438296000000,0.0068506765331071764,paolo-laptop,influx_dest
power_consumption,1705273440302000000,0.010809109414442937,paolo-laptop,influx_dest
power_consumption,1705273441304000000,0.004876282057285155,paolo-laptop,influx_dest
power_consumption,1705273442306000000,0.005227196046578375,paolo-laptop,influx_dest
power_consumption,1705273443311000000,0.0033503819716198154,paolo-laptop,influx_dest
power_consumption,1705273444313000000,0.003027474321050816,paolo-laptop,influx_dest
power_consumption,1705273445317000000,0.005401019012177504,paolo-laptop,influx_dest
power_consumption,1705273446321000000,0.00889123032806054,paolo-laptop,influx_dest
power_consumption,1705273448326000000,0.0032074194448247087,paolo-laptop,influx_dest
power_consumption,1705273449330000000,0.007253899495589681,paolo-laptop,influx_dest
power_consumption,1705273450332000000,0.012452625440281409,paolo-laptop,influx_dest
power_consumption,1705273451335000000,0.005516968233882131,paolo-laptop,influx_dest
power_consumption,1705273452338000000,0.006129812085824741,paolo-laptop,influx_dest
power_consumption,1705273453340000000,0.004618977505470415,paolo-laptop,influx_dest
power_consumption,1705273454342000000,0.007483293387672697,paolo-laptop,influx_dest
power_consumption,1705273455344000000,0.008572312904040688,paolo-laptop,influx_dest
power_consumption,1705273456345000000,0.0052723565404066315,paolo-laptop,influx_dest
power_consumption,1705273457347000000,0.005103183552291729,paolo-laptop,influx_dest
power_consumption,1705273458349000000,0.005717489126271744,paolo-laptop,influx_dest
power_consumption,1705273459350000000,0.003980935060303165,paolo-laptop,influx_dest
power_consumption,1705273460352000000,0.017232907084016126,paolo-laptop,influx_dest
power_consumption,1705273462361000000,0.008135569570421051,paolo-laptop,influx_dest
power_consumption,1705273463368000000,0.0065688276731894505,paolo-laptop,influx_dest
power_consumption,1705273464370000000,0.002775495306915834,paolo-laptop,influx_dest
power_consumption,1705273465372000000,0.005830246556502395,paolo-laptop,influx_dest
power_consumption,1705273466374000000,0.0070564634347383475,paolo-laptop,influx_dest
power_consumption,1705273467382000000,0.00789404643160929,paolo-laptop,influx_dest
power_consumption,1705273468385000000,0.00793816939597142,paolo-laptop,influx_dest
power_consumption,1705273469388000000,0.005893972193836612,paolo-laptop,influx_dest
power_consumption,1705273470389000000,0.012344404343208723,paolo-laptop,influx_dest
power_consumption,1705273471392000000,0.003002722029401807,paolo-laptop,influx_dest
power_consumption,1705273472394000000,0.00614392631374501,paolo-laptop,influx_dest
power_consumption,1705273473397000000,0.00856874820982485,paolo-laptop,influx_dest
power_consumption,1705273474399000000,0.0054067196264669035,paolo-laptop,influx_dest
power_consumption,1705273475401000000,0.0060015452051453665,paolo-laptop,influx_dest
power_consumption,1705273476403000000,0.006413067624513042,paolo-laptop,influx_dest
power_consumption,1705273477405000000,0.00590626754966984,paolo-laptop,influx_dest
power_consumption,1705273478407000000,0.006672357099635542,paolo-laptop,influx_dest
power_consumption,1705273479411000000,0.006783914858722333,paolo-laptop,influx_dest
power_consumption,1705273480413000000,0.02003946547847493,paolo-laptop,influx_dest
power_consumption,1705273481415000000,0.007826550007600457,paolo-laptop,influx_dest
power_consumption,1705273483418000000,0.007040383408722345,paolo-laptop,influx_dest
power_consumption,1705273484420000000,0.005538922712177128,paolo-laptop,influx_dest
power_consumption,1705273485422000000,0.00710706604009128,paolo-laptop,influx_dest
power_consumption,1705273486424000000,0.007111935148144613,paolo-laptop,influx_dest
power_consumption,1705273487426000000,0.006938892364722487,paolo-laptop,influx_dest
power_consumption,1705273488428000000,0.006932352820794872,paolo-laptop,influx_dest
power_consumption,1705273489429000000,0.006941993181000526,paolo-laptop,influx_dest
power_consumption,1705273490431000000,0.016615360768918567,paolo-laptop,influx_dest
power_consumption,1705273491433000000,0.005953034722155071,paolo-laptop,influx_dest
power_consumption,1705273492436000000,0.006440933264760322,paolo-laptop,influx_dest
power_consumption,1705273493438000000,0.006479123102283516,paolo-laptop,influx_dest
power_consumption,1705273494440000000,0.008502074934121953,paolo-laptop,influx_dest
power_consumption,1705273495441000000,0.0029407503864006634,paolo-laptop,influx_dest
power_consumption,1705273496443000000,0.010510287616221565,paolo-laptop,influx_dest
power_consumption,1705273497445000000,0.006130722504186893,paolo-laptop,influx_dest
power_consumption,1705273498447000000,0.007063136593121789,paolo-laptop,influx_dest
power_consumption,1705273499449000000,0.007559667204036886,paolo-laptop,influx_dest
power_consumption,1705273500453000000,0.012566952367614518,paolo-laptop,influx_dest
power_consumption,1705273501455000000,0.0035347033933326327,paolo-laptop,influx_dest
power_consumption,1705273502457000000,0.005360951379020309,paolo-laptop,influx_dest
power_consumption,1705273503462000000,0.006436666398417294,paolo-laptop,influx_dest
power_consumption,1705273504465000000,0.007901217476173346,paolo-laptop,influx_dest
power_consumption,1705273505469000000,0.0053976507464462975,paolo-laptop,influx_dest
power_consumption,1705273508477000000,0.004012144180979912,paolo-laptop,influx_dest
power_consumption,1705273509480000000,0.006916857267164947,paolo-laptop,influx_dest
power_consumption,1705273510482000000,0.01455099054280928,paolo-laptop,influx_dest
power_consumption,1705273511485000000,0.005704560901093464,paolo-laptop,influx_dest
power_consumption,1705273512488000000,0.006780227746209415,paolo-laptop,influx_dest
power_consumption,1705273513491000000,0.006764301184499388,paolo-laptop,influx_dest
power_consumption,1705273514493000000,0.006390948973680409,paolo-laptop,influx_dest
power_consumption,1705273515495000000,0.007588871408397733,paolo-laptop,influx_dest
power_consumption,1705273516496000000,0.006477297668268929,paolo-laptop,influx_dest
power_consumption,1705273517499000000,0.005244295194356297,paolo-laptop,influx_dest
power_consumption,1705273518501000000,0.006231323491770562,paolo-laptop,influx_dest
power_consumption,1705273519503000000,0.005765638648215655,paolo-laptop,influx_dest
power_consumption,1705273520506000000,0.012676606971455583,paolo-laptop,influx_dest
power_consumption,1705273521508000000,0.008034227671188669,paolo-laptop,influx_dest
power_consumption,1705273522510000000,0.010085006606665059,paolo-laptop,influx_dest
power_consumption,1705273523512000000,0.008830768816007148,paolo-laptop,influx_dest
power_consumption,1705273524514000000,0.006441098101779873,paolo-laptop,influx_dest
power_consumption,1705273525517000000,0.006693267465840046,paolo-laptop,influx_dest
power_consumption,1705273526519000000,0.0063297275117918965,paolo-laptop,influx_dest
power_consumption,1705273527522000000,0.007406452206123981,paolo-laptop,influx_dest
power_consumption,1705273528524000000,0.007251992359280445,paolo-laptop,influx_dest
power_consumption,1705273529526000000,0.059793686097433046,paolo-laptop,influx_dest
power_consumption,1705273530528000000,0.011094754601221973,paolo-laptop,influx_dest
power_consumption,1705273531530000000,0.007847763837611476,paolo-laptop,influx_dest
power_consumption,1705273532532000000,0.0072904555648929305,paolo-laptop,influx_dest
power_consumption,1705273533534000000,0.006742417739612359,paolo-laptop,influx_dest
power_consumption,1705273535541000000,0.008503712128074065,paolo-laptop,influx_dest
power_consumption,1705273536547000000,0.006643322286765994,paolo-laptop,influx_dest
power_consumption,1705273537550000000,0.006879243112654093,paolo-laptop,influx_dest
power_consumption,1705273538552000000,0.0073980238310406695,paolo-laptop,influx_dest
power_consumption,1705273539555000000,0.007406566420579568,paolo-laptop,influx_dest
power_consumption,1705273540557000000,0.014069946839185919,paolo-laptop,influx_dest
power_consumption,1705273541559000000,0.009002302737358778,paolo-laptop,influx_dest
power_consumption,1705273542560000000,0.005358230000543071,paolo-laptop,influx_dest
power_consumption,1705273543562000000,0.004881070281313151,paolo-laptop,influx_dest
power_consumption,1705273544563000000,0.0034724100683273967,paolo-laptop,influx_dest
power_consumption,1705273545564000000,0.005712182696957901,paolo-laptop,influx_dest
power_consumption,1705273546566000000,0.0076298650739959235,paolo-laptop,influx_dest
power_consumption,1705273548576000000,0.008257233794169525,paolo-laptop,influx_dest
power_consumption,1705273550584000000,0.013046123218077302,paolo-laptop,influx_dest
power_consumption,1705273551589000000,0.0073689058178592545,paolo-laptop,influx_dest
power_consumption,1705273552591000000,0.00791905677617046,paolo-laptop,influx_dest
power_consumption,1705273553593000000,0.007976047136255661,paolo-laptop,influx_dest
power_consumption,1705273554597000000,0.002313486786871206,paolo-laptop,influx_dest
power_consumption,1705273555601000000,0.0053881899236829615,paolo-laptop,influx_dest
power_consumption,1705273556605000000,0.012291337746853079,paolo-laptop,influx_dest
power_consumption,1705273557608000000,0.009629170347231446,paolo-laptop,influx_dest
power_consumption,1705273558612000000,0.008628947713738126,paolo-laptop,influx_dest
power_consumption,1705273559616000000,0.006272506897596182,paolo-laptop,influx_dest
power_consumption,1705273560618000000,0.01862979403783953,paolo-laptop,influx_dest
power_consumption,1705273561623000000,0.003652166072664314,paolo-laptop,influx_dest
power_consumption,1705273562628000000,0.006075880967515414,paolo-laptop,influx_dest
power_consumption,1705273563630000000,0.0038211864188620304,paolo-laptop,influx_dest
power_consumption,1705273564631000000,0.0064250251697513545,paolo-laptop,influx_dest
power_consumption,1705273565634000000,0.0036213146106380263,paolo-laptop,influx_dest
power_consumption,1705273566638000000,0.009543854190693975,paolo-laptop,influx_dest
power_consumption,1705273567640000000,0.0037418738827214187,paolo-laptop,influx_dest
power_consumption,1705273568642000000,0.00793974108341659,paolo-laptop,influx_dest
power_consumption,1705273569644000000,0.008950281776971832,paolo-laptop,influx_dest
power_consumption,1705273570647000000,0.021760436411897278,paolo-laptop,influx_dest
power_consumption,1705273571651000000,0.005934344961592941,paolo-laptop,influx_dest
power_consumption,1705273572655000000,0.007334326517591178,paolo-laptop,influx_dest
power_consumption,1705273573659000000,0.006345108800182368,paolo-laptop,influx_dest
power_consumption,1705273574664000000,0.008414711678675777,paolo-laptop,influx_dest
power_consumption,1705273575666000000,0.006450401919845999,paolo-laptop,influx_dest
power_consumption,1705273576667000000,0.009468771433683585,paolo-laptop,influx_dest
power_consumption,1705273577669000000,0.011918460261074104,paolo-laptop,influx_dest
power_consumption,1705273578671000000,0.0064707927296743465,paolo-laptop,influx_dest
power_consumption,1705273579673000000,0.005340718383512856,paolo-laptop,influx_dest
power_consumption,1705273580676000000,0.014494762175344487,paolo-laptop,influx_dest
power_consumption,1705273581679000000,0.0059968230711645015,paolo-laptop,influx_dest
power_consumption,1705273582684000000,0.00528832556547458,paolo-laptop,influx_dest
power_consumption,1705273585701000000,0.0049829520794601075,paolo-laptop,influx_dest
power_consumption,1705273586705000000,0.0036349295519261947,paolo-laptop,influx_dest
power_consumption,1705273588714000000,0.0035432943296437995,paolo-laptop,influx_dest
power_consumption,1705273589716000000,0.00705767591408099,paolo-laptop,influx_dest
power_consumption,1705273590717000000,0.021754246097643096,paolo-laptop,influx_dest
power_consumption,1705273591719000000,0.06914739414976187,paolo-laptop,influx_dest
power_consumption,1705273592721000000,0.0055834801928412075,paolo-laptop,influx_dest
power_consumption,1705273593723000000,0.005804119775613471,paolo-laptop,influx_dest
power_consumption,1705273594725000000,0.003967967206691717,paolo-laptop,influx_dest
power_consumption,1705273595727000000,0.003177732514195496,paolo-laptop,influx_dest
power_consumption,1705273597737000000,0.0031412914421868362,paolo-laptop,influx_dest
power_consumption,1705273598739000000,0.0036527745471155253,paolo-laptop,influx_dest
power_consumption,1705273599741000000,0.0037728458347380447,paolo-laptop,influx_dest
power_consumption,1705273600742000000,0.015036376385575426,paolo-laptop,influx_dest
power_consumption,1705273601745000000,0.007062533810385424,paolo-laptop,influx_dest
power_consumption,1705273602749000000,0.007550400841813733,paolo-laptop,influx_dest
power_consumption,1705273603751000000,0.005448075069660264,paolo-laptop,influx_dest
power_consumption,1705273604754000000,0.0035760057464777847,paolo-laptop,influx_dest
power_consumption,1705273605758000000,0.0028035967466721727,paolo-laptop,influx_dest
power_consumption,1705273606761000000,0.008400211038412347,paolo-laptop,influx_dest
power_consumption,1705273607765000000,0.006190906386297297,paolo-laptop,influx_dest
power_consumption,1705273609768000000,0.003460986032250341,paolo-laptop,influx_dest
power_consumption,1705273610770000000,0.014960081041357964,paolo-laptop,influx_dest
power_consumption,1705273611772000000,0.005189430773873401,paolo-laptop,influx_dest
power_consumption,1705273612774000000,0.010646368613786159,paolo-laptop,influx_dest
power_consumption,1705273613776000000,0.009197260324461028,paolo-laptop,influx_dest
power_consumption,1705273614778000000,0.005674415748042222,paolo-laptop,influx_dest
power_consumption,1705273615780000000,0.0073662852676736725,paolo-laptop,influx_dest
power_consumption,1705273616782000000,0.008195423163606236,paolo-laptop,influx_dest
power_consumption,1705273617784000000,0.006951245671507267,paolo-laptop,influx_dest
power_consumption,1705273618785000000,0.008137275527138613,paolo-laptop,influx_dest
power_consumption,1705273619787000000,0.00814650022334526,paolo-laptop,influx_dest
power_consumption,1705273620789000000,0.01928877354535452,paolo-laptop,influx_dest
power_consumption,1705273621791000000,0.0069791890463400475,paolo-laptop,influx_dest
power_consumption,1705273622793000000,0.006585811311464648,paolo-laptop,influx_dest
power_consumption,1705273623797000000,0.007829267474526613,paolo-laptop,influx_dest
power_consumption,1705273624798000000,0.005687119976937025,paolo-laptop,influx_dest
power_consumption,1705273625800000000,0.007026922580843493,paolo-laptop,influx_dest
power_consumption,1705273626802000000,0.008774366677280824,paolo-laptop,influx_dest
power_consumption,1705273627804000000,0.0030609358987532666,paolo-laptop,influx_dest
power_consumption,1705273628806000000,0.004363778603543726,paolo-laptop,influx_dest
power_consumption,1705273629810000000,0.008266478076712025,paolo-laptop,influx_dest
power_consumption,1705273630812000000,0.015642852763389996,paolo-laptop,influx_dest
power_consumption,1705273631814000000,0.008393716282451754,paolo-laptop,influx_dest
power_consumption,1705273632817000000,0.006922012752165328,paolo-laptop,influx_dest
power_consumption,1705273633818000000,0.006720240678926242,paolo-laptop,influx_dest
power_consumption,1705273634822000000,0.005431811205967978,paolo-laptop,influx_dest
power_consumption,1705273635826000000,0.012127117243469331,paolo-laptop,influx_dest
power_consumption,1705273636828000000,0.003377439166799098,paolo-laptop,influx_dest
power_consumption,1705273637831000000,0.00914817547693822,paolo-laptop,influx_dest
power_consumption,1705273638833000000,0.006979431620791128,paolo-laptop,influx_dest
power_consumption,1705273639834000000,0.004879249605581726,paolo-laptop,influx_dest
power_consumption,1705273640836000000,0.015149804923267781,paolo-laptop,influx_dest
power_consumption,1705273641838000000,0.003140386723113707,paolo-laptop,influx_dest
power_consumption,1705273642840000000,0.006748478959645697,paolo-laptop,influx_dest
power_consumption,1705273643842000000,0.007719481710785754,paolo-laptop,influx_dest
power_consumption,1705273644844000000,0.003613571062266549,paolo-laptop,influx_dest
power_consumption,1705273645845000000,0.008848299201572856,paolo-laptop,influx_dest
power_consumption,1705273646849000000,0.012813463551139007,paolo-laptop,influx_dest
power_consumption,1705273648855000000,0.012405796109836054,paolo-laptop,influx_dest
power_consumption,1705273649857000000,0.007316406675397423,paolo-laptop,influx_dest
power_consumption,1705273650859000000,0.014966449413893801,paolo-laptop,influx_dest
power_consumption,1705273651862000000,0.006869204501625275,paolo-laptop,influx_dest
power_consumption,1705273653867000000,0.006677952532456224,paolo-laptop,influx_dest
power_consumption,1705273654869000000,0.006276722211945552,paolo-laptop,influx_dest
power_consumption,1705273655870000000,0.00812361098410062,paolo-laptop,influx_dest
power_consumption,1705273656876000000,0.019013915162676448,paolo-laptop,influx_dest
power_consumption,1705273657880000000,0.008834432607952265,paolo-laptop,influx_dest
power_consumption,1705273658881000000,0.0033236802365027586,paolo-laptop,influx_dest
power_consumption,1705273659883000000,0.007163705720750777,paolo-laptop,influx_dest
power_consumption,1705273660884000000,0.01480445511119313,paolo-laptop,influx_dest
power_consumption,1705273661888000000,0.013903463709278294,paolo-laptop,influx_dest
power_consumption,1705273663892000000,0.009306113979749382,paolo-laptop,influx_dest
power_consumption,1705273664895000000,0.010152639580483843,paolo-laptop,influx_dest
power_consumption,1705273665897000000,0.007678830772861214,paolo-laptop,influx_dest
power_consumption,1705273666899000000,0.008537868597625883,paolo-laptop,influx_dest
power_consumption,1705273667901000000,0.009130145940695295,paolo-laptop,influx_dest
power_consumption,1705273668903000000,0.008195699678049402,paolo-laptop,influx_dest
power_consumption,1705273669905000000,0.007385787869863119,paolo-laptop,influx_dest
power_consumption,1705273670907000000,0.01825486188203717,paolo-laptop,influx_dest
power_consumption,1705273671910000000,0.008621421731846296,paolo-laptop,influx_dest
power_consumption,1705273672912000000,0.006377819129189079,paolo-laptop,influx_dest
power_consumption,1705273673914000000,0.006613809332241502,paolo-laptop,influx_dest
power_consumption,1705273674916000000,0.008961155615551407,paolo-laptop,influx_dest
power_consumption,1705273675918000000,0.007294936967140842,paolo-laptop,influx_dest
power_consumption,1705273676920000000,0.005907052051300993,paolo-laptop,influx_dest
power_consumption,1705273677923000000,0.007682620046537996,paolo-laptop,influx_dest
power_consumption,1705273678925000000,0.006121467494383939,paolo-laptop,influx_dest
power_consumption,1705273679927000000,0.006536083714979147,paolo-laptop,influx_dest
power_consumption,1705273680929000000,0.014551716210347494,paolo-laptop,influx_dest
power_consumption,1705273681932000000,0.006699768935034794,paolo-laptop,influx_dest
power_consumption,1705273682934000000,0.006370526733962351,paolo-laptop,influx_dest
power_consumption,1705273683936000000,0.005935887595596658,paolo-laptop,influx_dest
power_consumption,1705273684938000000,0.005802981540233036,paolo-laptop,influx_dest
power_consumption,1705273685941000000,0.009800784656240458,paolo-laptop,influx_dest
power_consumption,1705273686942000000,0.004666781097304,paolo-laptop,influx_dest
power_consumption,1705273687944000000,0.0058637167841462095,paolo-laptop,influx_dest
power_consumption,1705273688946000000,0.007653953570712387,paolo-laptop,influx_dest
power_consumption,1705273689949000000,0.004870240720646846,paolo-laptop,influx_dest
power_consumption,1705273690951000000,0.012422742862827938,paolo-laptop,influx_dest
power_consumption,1705273691955000000,0.0033518734862661836,paolo-laptop,influx_dest
power_consumption,1705273692958000000,0.004567736106337762,paolo-laptop,influx_dest
power_consumption,1705273693960000000,0.004749645175023377,paolo-laptop,influx_dest
power_consumption,1705273694963000000,0.003517165638224365,paolo-laptop,influx_dest
power_consumption,1705273695967000000,0.004405095973293361,paolo-laptop,influx_dest
power_consumption,1705273696969000000,0.006250243729546653,paolo-laptop,influx_dest
power_consumption,1705273697971000000,0.005603439261074287,paolo-laptop,influx_dest
power_consumption,1705273698975000000,0.0074225692978,paolo-laptop,influx_dest
power_consumption,1705273699977000000,0.0030800357188184233,paolo-laptop,influx_dest
power_consumption,1705273700979000000,0.017489149774511277,paolo-laptop,influx_dest
power_consumption,1705273701982000000,0.005202551183508035,paolo-laptop,influx_dest
power_consumption,1705273702984000000,0.005539017335578159,paolo-laptop,influx_dest
power_consumption,1705273703986000000,0.006848482176398043,paolo-laptop,influx_dest
power_consumption,1705273704990000000,0.009813640455554757,paolo-laptop,influx_dest
power_consumption,1705273705992000000,0.003059636752603691,paolo-laptop,influx_dest
power_consumption,1705273706996000000,0.004125220554364584,paolo-laptop,influx_dest
power_consumption,1705273708000000000,0.0031128226891896536,paolo-laptop,influx_dest
power_consumption,1705273709005000000,0.003685812902466465,paolo-laptop,influx_dest
power_consumption,1705273710010000000,0.018241786676489402,paolo-laptop,influx_dest
power_consumption,1705273711014000000,0.0046893387918876634,paolo-laptop,influx_dest
power_consumption,1705273712016000000,0.0047867786465242155,paolo-laptop,influx_dest
power_consumption,1705273713018000000,0.006678509079363151,paolo-laptop,influx_dest
power_consumption,1705273714022000000,0.004620172112029317,paolo-laptop,influx_dest
power_consumption,1705273715024000000,0.003407276390211339,paolo-laptop,influx_dest
power_consumption,1705273716026000000,0.007391105624105852,paolo-laptop,influx_dest
power_consumption,1705273717033000000,0.004303164453716371,paolo-laptop,influx_dest
power_consumption,1705273718038000000,0.011604312391529118,paolo-laptop,influx_dest
power_consumption,1705273719040000000,0.007971305564050013,paolo-laptop,influx_dest
power_consumption,1705273720044000000,0.02414677247471208,paolo-laptop,influx_dest
power_consumption,1705273721048000000,0.010428271247547884,paolo-laptop,influx_dest
power_consumption,1705273722050000000,0.10492672648667536,paolo-laptop,influx_dest
power_consumption,1705273723053000000,0.007984654046156604,paolo-laptop,influx_dest
power_consumption,1705273724055000000,0.007892820372359525,paolo-laptop,influx_dest
power_consumption,1705273725058000000,0.012444385058273374,paolo-laptop,influx_dest
power_consumption,1705273726060000000,0.0054494992190970174,paolo-laptop,influx_dest
power_consumption,1705273727064000000,0.0066908974318304545,paolo-laptop,influx_dest
power_consumption,1705273728068000000,0.003698006732694172,paolo-laptop,influx_dest
power_consumption,1705273729070000000,0.0053853101658350305,paolo-laptop,influx_dest
power_consumption,1705273730071000000,0.012150297981022438,paolo-laptop,influx_dest
power_consumption,1705273731075000000,0.010887019750636084,paolo-laptop,influx_dest
power_consumption,1705273733084000000,0.004715732278500849,paolo-laptop,influx_dest
power_consumption,1705273734086000000,0.003441395122135542,paolo-laptop,influx_dest
power_consumption,1705273735090000000,0.006410010624578926,paolo-laptop,influx_dest
power_consumption,1705273736092000000,0.011563614648218071,paolo-laptop,influx_dest
power_consumption,1705273737094000000,0.01398468578810744,paolo-laptop,influx_dest
power_consumption,1705273738097000000,0.005236442398254916,paolo-laptop,influx_dest
power_consumption,1705273739098000000,0.0065095464367313435,paolo-laptop,influx_dest
power_consumption,1705273740100000000,0.015184390845392588,paolo-laptop,influx_dest
power_consumption,1705273741102000000,0.006196377937852321,paolo-laptop,influx_dest
power_consumption,1705273742104000000,0.007499227024544867,paolo-laptop,influx_dest
power_consumption,1705273743105000000,0.0037589232163543797,paolo-laptop,influx_dest
power_consumption,1705273744107000000,0.006354648328908589,paolo-laptop,influx_dest
power_consumption,1705273745108000000,0.0068406182226951225,paolo-laptop,influx_dest
power_consumption,1705273746110000000,0.01289817207596898,paolo-laptop,influx_dest
power_consumption,1705273747112000000,0.013297818544379635,paolo-laptop,influx_dest
power_consumption,1705273748114000000,0.006520596668384589,paolo-laptop,influx_dest
power_consumption,1705273749116000000,0.00546716961278455,paolo-laptop,influx_dest
power_consumption,1705273750118000000,0.011120962464408553,paolo-laptop,influx_dest
power_consumption,1705273751123000000,0.007304631058778693,paolo-laptop,influx_dest
power_consumption,1705273752125000000,0.010529890048922642,paolo-laptop,influx_dest
power_consumption,1705273753127000000,0.006355703725019056,paolo-laptop,influx_dest
power_consumption,1705273754129000000,0.006150343475313808,paolo-laptop,influx_dest
power_consumption,1705273755133000000,0.007530433002851336,paolo-laptop,influx_dest
power_consumption,1705273756135000000,0.0059178883906565154,paolo-laptop,influx_dest
power_consumption,1705273757137000000,0.0065197280287360646,paolo-laptop,influx_dest
power_consumption,1705273758139000000,0.006186073617575349,paolo-laptop,influx_dest
power_consumption,1705273759145000000,0.005756473301591018,paolo-laptop,influx_dest
power_consumption,1705273760147000000,0.013134848360258689,paolo-laptop,influx_dest
power_consumption,1705273761149000000,0.006118542308632596,paolo-laptop,influx_dest
power_consumption,1705273762151000000,0.006053479708161419,paolo-laptop,influx_dest
power_consumption,1705273763154000000,0.007218320387513141,paolo-laptop,influx_dest
power_consumption,1705273764156000000,0.007653108701997954,paolo-laptop,influx_dest
power_consumption,1705273765161000000,0.006429022361028965,paolo-laptop,influx_dest
power_consumption,1705273766163000000,0.007258087679958991,paolo-laptop,influx_dest
power_consumption,1705273767165000000,0.006121380303728227,paolo-laptop,influx_dest
power_consumption,1705273768167000000,0.0059358917010368505,paolo-laptop,influx_dest
power_consumption,1705273769171000000,0.0073142360329674205,paolo-laptop,influx_dest
power_consumption,1705273770173000000,0.014269091416478608,paolo-laptop,influx_dest
power_consumption,1705273771174000000,0.006751762056402882,paolo-laptop,influx_dest
power_consumption,1705273772177000000,0.007263090570994999,paolo-laptop,influx_dest
power_consumption,1705273773179000000,0.006472407242138021,paolo-laptop,influx_dest
power_consumption,1705273774183000000,0.012007505865308467,paolo-laptop,influx_dest
power_consumption,1705273775187000000,0.005420497231718779,paolo-laptop,influx_dest
power_consumption,1705273776189000000,0.004771036496361348,paolo-laptop,influx_dest
power_consumption,1705273777190000000,0.008389602284925936,paolo-laptop,influx_dest
power_consumption,1705273778192000000,0.00875127626430521,paolo-laptop,influx_dest
power_consumption,1705273779194000000,0.0073222757233970745,paolo-laptop,influx_dest
power_consumption,1705273780198000000,0.015820889737242272,paolo-laptop,influx_dest
power_consumption,1705273781202000000,0.00420094770893326,paolo-laptop,influx_dest
power_consumption,1705273782207000000,0.004083084520102935,paolo-laptop,influx_dest
power_consumption,1705273783211000000,0.009274857801392545,paolo-laptop,influx_dest
power_consumption,1705273784215000000,0.014123727825908608,paolo-laptop,influx_dest
power_consumption,1705273785217000000,0.0044420852211504895,paolo-laptop,influx_dest
power_consumption,1705273786218000000,0.005181036721463094,paolo-laptop,influx_dest
power_consumption,1705273787220000000,0.004019442793272937,paolo-laptop,influx_dest
power_consumption,1705273788223000000,0.012919076179975201,paolo-laptop,influx_dest
power_consumption,1705273789227000000,0.008695416051164593,paolo-laptop,influx_dest
power_consumption,1705273790229000000,0.016930941598742748,paolo-laptop,influx_dest
power_consumption,1705273791231000000,0.011573074207536222,paolo-laptop,influx_dest
power_consumption,1705273792233000000,0.007015967982916226,paolo-laptop,influx_dest
power_consumption,1705273793235000000,0.0077812937807493505,paolo-laptop,influx_dest
power_consumption,1705273794238000000,0.005111004285806382,paolo-laptop,influx_dest
power_consumption,1705273795241000000,0.006613491265892497,paolo-laptop,influx_dest
power_consumption,1705273796243000000,0.06898494781429401,paolo-laptop,influx_dest
power_consumption,1705273797245000000,0.004557085355523717,paolo-laptop,influx_dest
power_consumption,1705273798247000000,0.0059530472214867226,paolo-laptop,influx_dest
power_consumption,1705273799248000000,0.00686708378232117,paolo-laptop,influx_dest
power_consumption,1705273800253000000,0.011062008108103684,paolo-laptop,influx_dest
power_consumption,1705273801257000000,0.01069315470532635,paolo-laptop,influx_dest
power_consumption,1705273802261000000,0.007219288993122738,paolo-laptop,influx_dest
power_consumption,1705273803265000000,0.009959511834011187,paolo-laptop,influx_dest
power_consumption,1705273804271000000,0.010612519437205049,paolo-laptop,influx_dest
power_consumption,1705273805278000000,0.005060088580929327,paolo-laptop,influx_dest
power_consumption,1705273806283000000,0.0133747176664848,paolo-laptop,influx_dest
power_consumption,1705273807287000000,0.005814278329656913,paolo-laptop,influx_dest
power_consumption,1705273808289000000,0.004249017941384166,paolo-laptop,influx_dest
power_consumption,1705273809292000000,0.003589904108210136,paolo-laptop,influx_dest
power_consumption,1705273810296000000,0.02541230247857182,paolo-laptop,influx_dest
power_consumption,1705273811298000000,0.0036696565549564084,paolo-laptop,influx_dest
power_consumption,1705273812300000000,0.0070605004175827366,paolo-laptop,influx_dest
power_consumption,1705273813302000000,0.007795612193497684,paolo-laptop,influx_dest
power_consumption,1705273814303000000,0.002737327591720662,paolo-laptop,influx_dest
power_consumption,1705273815305000000,0.004493522307225867,paolo-laptop,influx_dest
power_consumption,1705273816307000000,0.005697028330075996,paolo-laptop,influx_dest
power_consumption,1705273817308000000,0.007488460808156919,paolo-laptop,influx_dest
power_consumption,1705273818310000000,0.004349614849470576,paolo-laptop,influx_dest
power_consumption,1705273819312000000,0.0037916745134905848,paolo-laptop,influx_dest
power_consumption,1705273820314000000,0.012388225057297138,paolo-laptop,influx_dest
power_consumption,1705273822319000000,0.01260622992922138,paolo-laptop,influx_dest
power_consumption,1705273823321000000,0.007303735805684379,paolo-laptop,influx_dest
power_consumption,1705273824322000000,0.004431888303449437,paolo-laptop,influx_dest
power_consumption,1705273825324000000,0.007460987347926703,paolo-laptop,influx_dest
power_consumption,1705273826326000000,0.014651907435645418,paolo-laptop,influx_dest
power_consumption,1705273827328000000,0.003420621703478906,paolo-laptop,influx_dest
power_consumption,1705273828331000000,0.010129708440549787,paolo-laptop,influx_dest
power_consumption,1705273829332000000,0.006084206463391233,paolo-laptop,influx_dest
power_consumption,1705273830336000000,0.015431074914567602,paolo-laptop,influx_dest
power_consumption,1705273831340000000,0.005130101019685353,paolo-laptop,influx_dest
power_consumption,1705273832346000000,0.0030686812032853176,paolo-laptop,influx_dest
power_consumption,1705273833352000000,0.003676073617228013,paolo-laptop,influx_dest
power_consumption,1705273834355000000,0.007638329952872051,paolo-laptop,influx_dest
power_consumption,1705273835357000000,0.005728869118192535,paolo-laptop,influx_dest
power_consumption,1705273836360000000,0.003485953333930595,paolo-laptop,influx_dest
power_consumption,1705273837362000000,0.00972103213533567,paolo-laptop,influx_dest
power_consumption,1705273838364000000,0.004892151947059994,paolo-laptop,influx_dest
power_consumption,1705273839368000000,0.00931090737892469,paolo-laptop,influx_dest
power_consumption,1705273840372000000,0.015996232632672535,paolo-laptop,influx_dest
power_consumption,1705273841374000000,0.004211987232727022,paolo-laptop,influx_dest
power_consumption,1705273842377000000,0.009366501530954006,paolo-laptop,influx_dest
power_consumption,1705273843379000000,0.002907387279541145,paolo-laptop,influx_dest
power_consumption,1705273844383000000,0.00582100864874585,paolo-laptop,influx_dest
power_consumption,1705273845386000000,0.004025932789048603,paolo-laptop,influx_dest
power_consumption,1705273846390000000,0.01558494427299629,paolo-laptop,influx_dest
power_consumption,1705273847394000000,0.009473906698023393,paolo-laptop,influx_dest
power_consumption,1705273848399000000,0.012259906319816601,paolo-laptop,influx_dest
power_consumption,1705273849402000000,0.002780358349296173,paolo-laptop,influx_dest
power_consumption,1705273850406000000,0.022675156878707477,paolo-laptop,influx_dest
power_consumption,1705273851411000000,0.0035199162677626225,paolo-laptop,influx_dest
power_consumption,1705273852413000000,0.010161597224667836,paolo-laptop,influx_dest
power_consumption,1705273853417000000,0.010320804517906592,paolo-laptop,influx_dest
power_consumption,1705273854418000000,0.0029974999089104823,paolo-laptop,influx_dest
power_consumption,1705273855420000000,0.005262236647433286,paolo-laptop,influx_dest
power_consumption,1705273856422000000,0.008083521069068213,paolo-laptop,influx_dest
power_consumption,1705273857424000000,0.008093352786964937,paolo-laptop,influx_dest
power_consumption,1705273858426000000,0.00809774453936934,paolo-laptop,influx_dest
power_consumption,1705273859427000000,0.006965039947140646,paolo-laptop,influx_dest
power_consumption,1705273860428000000,0.01637856078354477,paolo-laptop,influx_dest
power_consumption,1705273861432000000,0.0033015853550245364,paolo-laptop,influx_dest
power_consumption,1705273862436000000,0.005321342233553815,paolo-laptop,influx_dest
power_consumption,1705273863438000000,0.004119255880596846,paolo-laptop,influx_dest
power_consumption,1705273864441000000,0.0074044174751660185,paolo-laptop,influx_dest
power_consumption,1705273865446000000,0.011882097173450805,paolo-laptop,influx_dest
power_consumption,1705273866448000000,0.06482462150451954,paolo-laptop,influx_dest
power_consumption,1705273867452000000,0.0052682041697174435,paolo-laptop,influx_dest
power_consumption,1705273868453000000,0.0038135440163819686,paolo-laptop,influx_dest
power_consumption,1705273869457000000,0.01116742618662913,paolo-laptop,influx_dest
power_consumption,1705273870461000000,0.025171045582399507,paolo-laptop,influx_dest
power_consumption,1705273871463000000,0.0030437121605552306,paolo-laptop,influx_dest
power_consumption,1705273872465000000,0.007141731236219026,paolo-laptop,influx_dest
power_consumption,1705273874468000000,0.006982789710269858,paolo-laptop,influx_dest
power_consumption,1705273875472000000,0.008424798008616473,paolo-laptop,influx_dest
power_consumption,1705273876473000000,0.01510420878107974,paolo-laptop,influx_dest
power_consumption,1705273877475000000,0.005253937619256521,paolo-laptop,influx_dest
power_consumption,1705273878478000000,0.0050546858668086185,paolo-laptop,influx_dest
power_consumption,1705273879480000000,0.0056909149886687545,paolo-laptop,influx_dest
power_consumption,1705273880482000000,0.017638332719442457,paolo-laptop,influx_dest
power_consumption,1705273881485000000,0.006572680574770317,paolo-laptop,influx_dest
power_consumption,1705273882488000000,0.005889446731422144,paolo-laptop,influx_dest
power_consumption,1705273883489000000,0.0075093071204387785,paolo-laptop,influx_dest
power_consumption,1705273884491000000,0.011742622925060786,paolo-laptop,influx_dest
power_consumption,1705273885494000000,0.010818189017862249,paolo-laptop,influx_dest
power_consumption,1705273886500000000,0.012604728985066461,paolo-laptop,influx_dest
power_consumption,1705273887502000000,0.01593173208444283,paolo-laptop,influx_dest
power_consumption,1705273888506000000,0.011429275051872925,paolo-laptop,influx_dest
power_consumption,1705273889508000000,0.010133247581106895,paolo-laptop,influx_dest
power_consumption,1705273890511000000,0.026954963673712633,paolo-laptop,influx_dest
power_consumption,1705273891513000000,0.014208743066278166,paolo-laptop,influx_dest
power_consumption,1705273892515000000,0.004476217649373378,paolo-laptop,influx_dest
power_consumption,1705273893517000000,0.003672005348973157,paolo-laptop,influx_dest
power_consumption,1705273894523000000,0.007210777806136185,paolo-laptop,influx_dest
power_consumption,1705273895526000000,0.0031279413122923165,paolo-laptop,influx_dest
power_consumption,1705273896527000000,0.006300149727538309,paolo-laptop,influx_dest
power_consumption,1705273897531000000,0.008385391539486278,paolo-laptop,influx_dest
power_consumption,1705273898533000000,0.0072364420069901715,paolo-laptop,influx_dest
power_consumption,1705273899535000000,0.005119626269808953,paolo-laptop,influx_dest
power_consumption,1705273900536000000,0.018073940409040035,paolo-laptop,influx_dest
power_consumption,1705273901538000000,0.007435303819079783,paolo-laptop,influx_dest
power_consumption,1705273902542000000,0.005398397637023097,paolo-laptop,influx_dest
power_consumption,1705273903545000000,0.012802889345334929,paolo-laptop,influx_dest
power_consumption,1705273904549000000,0.004709774803581141,paolo-laptop,influx_dest
power_consumption,1705273905551000000,0.005536100446898574,paolo-laptop,influx_dest
power_consumption,1705273906552000000,0.005159609391497729,paolo-laptop,influx_dest
power_consumption,1705273907554000000,0.0025827140930505896,paolo-laptop,influx_dest
power_consumption,1705273908558000000,0.005243524818377927,paolo-laptop,influx_dest
power_consumption,1705273909560000000,0.015071191822712163,paolo-laptop,influx_dest
power_consumption,1705273910561000000,0.012484103365660441,paolo-laptop,influx_dest
power_consumption,1705273911566000000,0.005154223847366067,paolo-laptop,influx_dest
power_consumption,1705273912567000000,0.004687704373397585,paolo-laptop,influx_dest
power_consumption,1705273913569000000,0.008462163338977197,paolo-laptop,influx_dest
power_consumption,1705273914570000000,0.006113637815748191,paolo-laptop,influx_dest
power_consumption,1705273915572000000,0.00464937409205622,paolo-laptop,influx_dest
power_consumption,1705273916574000000,0.006704479623316519,paolo-laptop,influx_dest
power_consumption,1705273917576000000,0.005898921139710864,paolo-laptop,influx_dest
power_consumption,1705273918577000000,0.0062538586244301414,paolo-laptop,influx_dest
power_consumption,1705273919579000000,0.005744688672454061,paolo-laptop,influx_dest
power_consumption,1705273920581000000,0.011894894616177841,paolo-laptop,influx_dest
power_consumption,1705273921583000000,0.004897220079219105,paolo-laptop,influx_dest
power_consumption,1705273922584000000,0.005944529255565205,paolo-laptop,influx_dest
power_consumption,1705273923588000000,0.003527781334095049,paolo-laptop,influx_dest
power_consumption,1705273924591000000,0.004120149806431888,paolo-laptop,influx_dest
power_consumption,1705273925594000000,0.0051253127000307095,paolo-laptop,influx_dest
power_consumption,1705273926597000000,0.00527226810474928,paolo-laptop,influx_dest
power_consumption,1705273927599000000,0.005166220988220777,paolo-laptop,influx_dest
power_consumption,1705273928600000000,0.005724028937875965,paolo-laptop,influx_dest
power_consumption,1705273929602000000,0.006141050664070223,paolo-laptop,influx_dest
power_consumption,1705273931610000000,0.011210548069613031,paolo-laptop,influx_dest
power_consumption,1705273932613000000,0.01075675185488329,paolo-laptop,influx_dest
power_consumption,1705273933616000000,0.004901813180550981,paolo-laptop,influx_dest
power_consumption,1705273934619000000,0.004538157050722889,paolo-laptop,influx_dest
power_consumption,1705273936630000000,0.006908989701484904,paolo-laptop,influx_dest
power_consumption,1705273937633000000,0.010243293584398344,paolo-laptop,influx_dest
power_consumption,1705273938634000000,0.08614204816866891,paolo-laptop,influx_dest
power_consumption,1705273939636000000,0.006117527323459272,paolo-laptop,influx_dest
power_consumption,1705273941639000000,0.013008980822408464,paolo-laptop,influx_dest
power_consumption,1705273942640000000,0.006438899097219753,paolo-laptop,influx_dest
power_consumption,1705273943642000000,0.005146863190845811,paolo-laptop,influx_dest
power_consumption,1705273945647000000,0.0054467980669237834,paolo-laptop,influx_dest
power_consumption,1705273946649000000,0.006843225401622583,paolo-laptop,influx_dest
power_consumption,1705273947669000000,0.009609926471355166,paolo-laptop,influx_dest
power_consumption,1705273948671000000,0.013059411489294319,paolo-laptop,influx_dest
power_consumption,1705273949673000000,0.010208291180233154,paolo-laptop,influx_dest
power_consumption,1705273950675000000,0.023381775479784886,paolo-laptop,influx_dest
power_consumption,1705273951680000000,0.0051010450107817715,paolo-laptop,influx_dest
power_consumption,1705273953684000000,0.010087195048935692,paolo-laptop,influx_dest
power_consumption,1705273954687000000,0.012633280688680769,paolo-laptop,influx_dest
power_consumption,1705273955689000000,0.005293781903540583,paolo-laptop,influx_dest
power_consumption,1705273956691000000,0.007377681876646127,paolo-laptop,influx_dest
power_consumption,1705273957694000000,0.0032775138424161435,paolo-laptop,influx_dest
power_consumption,1705273958699000000,0.01368505013734139,paolo-laptop,influx_dest
power_consumption,1705273959702000000,0.008121521994961944,paolo-laptop,influx_dest
power_consumption,1705273960706000000,0.02107678373597944,paolo-laptop,influx_dest
power_consumption,1705273961710000000,0.010569889845292606,paolo-laptop,influx_dest
power_consumption,1705273962714000000,0.014728426173994426,paolo-laptop,influx_dest
power_consumption,1705273963718000000,0.01445761077559216,paolo-laptop,influx_dest
power_consumption,1705273964723000000,0.0117527466210804,paolo-laptop,influx_dest
power_consumption,1705273965725000000,0.00469988260772864,paolo-laptop,influx_dest
power_consumption,1705273966728000000,0.009713156208020494,paolo-laptop,influx_dest
power_consumption,1705273967730000000,0.010842967531635815,paolo-laptop,influx_dest
power_consumption,1705273968731000000,0.005155073499172311,paolo-laptop,influx_dest
power_consumption,1705273969736000000,0.009400949194307364,paolo-laptop,influx_dest
power_consumption,1705273970738000000,0.015027829065550013,paolo-laptop,influx_dest
power_consumption,1705273971740000000,0.004362673270852837,paolo-laptop,influx_dest
power_consumption,1705273972742000000,0.006552534065549928,paolo-laptop,influx_dest
power_consumption,1705273973743000000,0.006450943741698861,paolo-laptop,influx_dest
power_consumption,1705273974747000000,0.004476704954483202,paolo-laptop,influx_dest
power_consumption,1705273975749000000,0.002905622070090048,paolo-laptop,influx_dest
power_consumption,1705273976751000000,0.008393703115291463,paolo-laptop,influx_dest
power_consumption,1705273977754000000,0.013206295169979386,paolo-laptop,influx_dest
power_consumption,1705273978758000000,0.00895669896232861,paolo-laptop,influx_dest
power_consumption,1705273979762000000,0.01228765229790804,paolo-laptop,influx_dest
power_consumption,1705273980764000000,0.011755818886632128,paolo-laptop,influx_dest
power_consumption,1705273981768000000,0.00486194756025583,paolo-laptop,influx_dest
power_consumption,1705273982774000000,0.010245780980095499,paolo-laptop,influx_dest
power_consumption,1705273983777000000,0.007043778659300287,paolo-laptop,influx_dest
power_consumption,1705273984778000000,0.007019010254888333,paolo-laptop,influx_dest
power_consumption,1705273985780000000,0.004018230285555569,paolo-laptop,influx_dest
power_consumption,1705273986785000000,0.006030217339186678,paolo-laptop,influx_dest
power_consumption,1705273987790000000,0.006330375871005621,paolo-laptop,influx_dest
power_consumption,1705273988791000000,0.002727570156900138,paolo-laptop,influx_dest
power_consumption,1705273989793000000,0.006894879209689368,paolo-laptop,influx_dest
power_consumption,1705273990795000000,0.011749100357417878,paolo-laptop,influx_dest
power_consumption,1705273991796000000,0.012521048443531533,paolo-laptop,influx_dest
power_consumption,1705273993799000000,0.013898000074900706,paolo-laptop,influx_dest
power_consumption,1705273994801000000,0.007221495642519256,paolo-laptop,influx_dest
power_consumption,1705273995804000000,0.004246310236433133,paolo-laptop,influx_dest
power_consumption,1705273996805000000,0.011339168267432885,paolo-laptop,influx_dest
power_consumption,1705273997807000000,0.004940975606224801,paolo-laptop,influx_dest
power_consumption,1705273998809000000,0.005555774706420468,paolo-laptop,influx_dest
power_consumption,1705273999813000000,0.0046612180470844925,paolo-laptop,influx_dest
power_consumption,1705274000815000000,0.013162209175420608,paolo-laptop,influx_dest
power_consumption,1705274001817000000,0.011309973991039798,paolo-laptop,influx_dest
power_consumption,1705274002819000000,0.00733527695772764,paolo-laptop,influx_dest
power_consumption,1705274003821000000,0.01052814258896084,paolo-laptop,influx_dest
power_consumption,1705274004822000000,0.00491905231935039,paolo-laptop,influx_dest
power_consumption,1705274005824000000,0.003246559376823243,paolo-laptop,influx_dest
power_consumption,1705274006825000000,0.06902281422240233,paolo-laptop,influx_dest
power_consumption,1705274007828000000,0.013793309602804506,paolo-laptop,influx_dest
power_consumption,1705274008832000000,0.0069987381464505245,paolo-laptop,influx_dest
power_consumption,1705274009834000000,0.004946851883419947,paolo-laptop,influx_dest
power_consumption,1705274010837000000,0.01776226734180892,paolo-laptop,influx_dest
power_consumption,1705274011839000000,0.006877254647427406,paolo-laptop,influx_dest
power_consumption,1705274012841000000,0.0051319347494765966,paolo-laptop,influx_dest
power_consumption,1705274013846000000,0.004511177285274592,paolo-laptop,influx_dest
power_consumption,1705274014854000000,0.0036656191527700234,paolo-laptop,influx_dest
power_consumption,1705274015858000000,0.010145780607008782,paolo-laptop,influx_dest
power_consumption,1705274016864000000,0.008219315176108497,paolo-laptop,influx_dest
power_consumption,1705274017870000000,0.0035614498923300176,paolo-laptop,influx_dest
power_consumption,1705274018876000000,0.012269322593791708,paolo-laptop,influx_dest
power_consumption,1705274019880000000,0.00538310563703206,paolo-laptop,influx_dest
power_consumption,1705274020882000000,0.02526999666782753,paolo-laptop,influx_dest
power_consumption,1705274021884000000,0.006836187118222409,paolo-laptop,influx_dest
power_consumption,1705274022886000000,0.007223362140029918,paolo-laptop,influx_dest
power_consumption,1705274023890000000,0.0032722704189984174,paolo-laptop,influx_dest
power_consumption,1705274024892000000,0.003629931553607335,paolo-laptop,influx_dest
power_consumption,1705274025894000000,0.008821776039026143,paolo-laptop,influx_dest
power_consumption,1705274026896000000,0.006827568508915165,paolo-laptop,influx_dest
power_consumption,1705274027898000000,0.0068896656642360166,paolo-laptop,influx_dest
power_consumption,1705274028900000000,0.007909943567632737,paolo-laptop,influx_dest
power_consumption,1705274029902000000,0.008014586295122653,paolo-laptop,influx_dest
power_consumption,1705274030903000000,0.012018849952369858,paolo-laptop,influx_dest
power_consumption,1705274031906000000,0.008958709341557833,paolo-laptop,influx_dest
power_consumption,1705274032907000000,0.004586415149591645,paolo-laptop,influx_dest
power_consumption,1705274033913000000,0.01054674428746884,paolo-laptop,influx_dest
power_consumption,1705274034916000000,0.005672810641713363,paolo-laptop,influx_dest
power_consumption,1705274035917000000,0.009286063654389286,paolo-laptop,influx_dest
power_consumption,1705274036921000000,0.0037978357165399813,paolo-laptop,influx_dest
power_consumption,1705274037926000000,0.007438011271677895,paolo-laptop,influx_dest
power_consumption,1705274038929000000,0.0038554042956456254,paolo-laptop,influx_dest
power_consumption,1705274039934000000,0.005100666474088408,paolo-laptop,influx_dest
power_consumption,1705274040938000000,0.027937881413609967,paolo-laptop,influx_dest
