name,time,power,sensor,target
power_consumption,1704867094856000000,0.007018715974525183,paolo-laptop,influx_dest
power_consumption,1704867096859000000,0.008272852252320939,paolo-laptop,influx_dest
power_consumption,1704867097860000000,0.006707704001494126,paolo-laptop,influx_dest
power_consumption,1704867099863000000,0.004727943104720333,paolo-laptop,influx_dest
power_consumption,1704867100866000000,0.012973208079939548,paolo-laptop,influx_dest
power_consumption,1704867101868000000,0.006356448978264125,paolo-laptop,influx_dest
power_consumption,1704867102869000000,0.004705619991293669,paolo-laptop,influx_dest
power_consumption,1704867103871000000,0.004797669716403401,paolo-laptop,influx_dest
power_consumption,1704867104876000000,0.006772199975514122,paolo-laptop,influx_dest
power_consumption,1704867105878000000,0.004092062301766887,paolo-laptop,influx_dest
power_consumption,1704867106879000000,0.004822283565428199,paolo-laptop,influx_dest
power_consumption,1704867107881000000,0.004339699781665158,paolo-laptop,influx_dest
power_consumption,1704867108882000000,0.003893786899657313,paolo-laptop,influx_dest
power_consumption,1704867110886000000,0.012694153371598686,paolo-laptop,influx_dest
power_consumption,1704867111887000000,0.00398284450154625,paolo-laptop,influx_dest
power_consumption,1704867112889000000,0.0036570362715732567,paolo-laptop,influx_dest
power_consumption,1704867113890000000,0.003966847933364254,paolo-laptop,influx_dest
power_consumption,1704867114892000000,0.004410563804645858,paolo-laptop,influx_dest
power_consumption,1704867116894000000,0.004091104974988827,paolo-laptop,influx_dest
power_consumption,1704867117896000000,0.003921580168254688,paolo-laptop,influx_dest
power_consumption,1704867118898000000,0.003905512212460675,paolo-laptop,influx_dest
power_consumption,1704867119899000000,0.004395599665706925,paolo-laptop,influx_dest
power_consumption,1704867120900000000,0.010270820292434073,paolo-laptop,influx_dest
power_consumption,1704867121902000000,0.11297582954645241,paolo-laptop,influx_dest
power_consumption,1704867124906000000,0.0040641053182778894,paolo-laptop,influx_dest
power_consumption,1704867125907000000,0.004090417232275334,paolo-laptop,influx_dest
power_consumption,1704867126909000000,0.003841097687894911,paolo-laptop,influx_dest
power_consumption,1704867129912000000,0.0036893512373694292,paolo-laptop,influx_dest
power_consumption,1704867130913000000,0.009920779170136607,paolo-laptop,influx_dest
power_consumption,1704867131915000000,0.003708938478835094,paolo-laptop,influx_dest
power_consumption,1704867132916000000,0.003191801869041328,paolo-laptop,influx_dest
power_consumption,1704867133918000000,0.002937564009197529,paolo-laptop,influx_dest
power_consumption,1704867134920000000,0.0028654751706037413,paolo-laptop,influx_dest
power_consumption,1704867135922000000,0.007202104639640404,paolo-laptop,influx_dest
power_consumption,1704867136923000000,0.002969554937218015,paolo-laptop,influx_dest
power_consumption,1704867141929000000,0.0037841409298152947,paolo-laptop,influx_dest
power_consumption,1704867144934000000,0.0030747400461343874,paolo-laptop,influx_dest
power_consumption,1704867145936000000,0.0028467754653462227,paolo-laptop,influx_dest
power_consumption,1704867146937000000,0.0028560180651727224,paolo-laptop,influx_dest
power_consumption,1704867147939000000,0.006629792846245613,paolo-laptop,influx_dest
power_consumption,1704867148941000000,0.0066219267095230985,paolo-laptop,influx_dest
power_consumption,1704867149942000000,0.003204064971805999,paolo-laptop,influx_dest
power_consumption,1704867150944000000,0.009309059648464058,paolo-laptop,influx_dest
power_consumption,1704867151946000000,0.002994028673817142,paolo-laptop,influx_dest
power_consumption,1704867152947000000,0.0031246007230934245,paolo-laptop,influx_dest
power_consumption,1704867153949000000,0.0034570074945667988,paolo-laptop,influx_dest
power_consumption,1704867154951000000,0.008214664248713787,paolo-laptop,influx_dest
power_consumption,1704867155953000000,0.003950970843026237,paolo-laptop,influx_dest
power_consumption,1704867156954000000,0.0025241853296334316,paolo-laptop,influx_dest
power_consumption,1704867157956000000,0.003280776932857732,paolo-laptop,influx_dest
power_consumption,1704867158958000000,0.0034424558784456934,paolo-laptop,influx_dest
power_consumption,1704867159960000000,0.003703694279812237,paolo-laptop,influx_dest
power_consumption,1704867160961000000,0.009023143260702008,paolo-laptop,influx_dest
power_consumption,1704867161963000000,0.003227559068939949,paolo-laptop,influx_dest
power_consumption,1704867162965000000,0.003322983778781807,paolo-laptop,influx_dest
power_consumption,1704867163967000000,0.007740017165474036,paolo-laptop,influx_dest
power_consumption,1704867164969000000,0.010453334731320171,paolo-laptop,influx_dest
power_consumption,1704867165971000000,0.004336984431477115,paolo-laptop,influx_dest
power_consumption,1704867166973000000,0.004967070186000533,paolo-laptop,influx_dest
power_consumption,1704867167976000000,0.0052186073646770725,paolo-laptop,influx_dest
power_consumption,1704867168981000000,0.00598674155100084,paolo-laptop,influx_dest
power_consumption,1704867169983000000,0.0034174167811520367,paolo-laptop,influx_dest
power_consumption,1704867170984000000,0.01146483103430799,paolo-laptop,influx_dest
power_consumption,1704867171986000000,0.00469725498990811,paolo-laptop,influx_dest
power_consumption,1704867172988000000,0.0052850273931142186,paolo-laptop,influx_dest
power_consumption,1704867173990000000,0.004618441576325933,paolo-laptop,influx_dest
power_consumption,1704867174993000000,0.006074970439592594,paolo-laptop,influx_dest
power_consumption,1704867175995000000,0.00528588908823944,paolo-laptop,influx_dest
power_consumption,1704867176997000000,0.004269912697348112,paolo-laptop,influx_dest
power_consumption,1704867178000000000,0.0036417240340551322,paolo-laptop,influx_dest
power_consumption,1704867179002000000,0.004961946796001517,paolo-laptop,influx_dest
power_consumption,1704867180004000000,0.011239832168616636,paolo-laptop,influx_dest
power_consumption,1704867181014000000,0.004068483116922151,paolo-laptop,influx_dest
power_consumption,1704867182017000000,0.05423681696887536,paolo-laptop,influx_dest
power_consumption,1704867183019000000,0.005266119364448606,paolo-laptop,influx_dest
power_consumption,1704867184021000000,0.004915260263772392,paolo-laptop,influx_dest
power_consumption,1704867185023000000,0.004696898863778843,paolo-laptop,influx_dest
power_consumption,1704867186026000000,0.004274046766417789,paolo-laptop,influx_dest
power_consumption,1704867187029000000,0.004306261315587107,paolo-laptop,influx_dest
power_consumption,1704867188031000000,0.005440978319081937,paolo-laptop,influx_dest
power_consumption,1704867189034000000,0.003815415187301608,paolo-laptop,influx_dest
power_consumption,1704867190036000000,0.013472938672862896,paolo-laptop,influx_dest
power_consumption,1704867191037000000,0.004532733669320941,paolo-laptop,influx_dest
power_consumption,1704867192039000000,0.003996462708129606,paolo-laptop,influx_dest
power_consumption,1704867193042000000,0.005088476537945443,paolo-laptop,influx_dest
power_consumption,1704867194044000000,0.0047580729250647266,paolo-laptop,influx_dest
power_consumption,1704867195046000000,0.005321018550396948,paolo-laptop,influx_dest
power_consumption,1704867196048000000,0.005900370208110739,paolo-laptop,influx_dest
power_consumption,1704867197050000000,0.0046716253771110945,paolo-laptop,influx_dest
power_consumption,1704867198052000000,0.005661972060378632,paolo-laptop,influx_dest
power_consumption,1704867199053000000,0.004741623450306388,paolo-laptop,influx_dest
power_consumption,1704867200055000000,0.013719568152228011,paolo-laptop,influx_dest
power_consumption,1704867201057000000,0.004881952557517829,paolo-laptop,influx_dest
power_consumption,1704867202059000000,0.00608045698502426,paolo-laptop,influx_dest
power_consumption,1704867203061000000,0.006857765486166411,paolo-laptop,influx_dest
power_consumption,1704867204063000000,0.004885584016423453,paolo-laptop,influx_dest
power_consumption,1704867205065000000,0.006666545352938631,paolo-laptop,influx_dest
power_consumption,1704867206067000000,0.005882837432654398,paolo-laptop,influx_dest
power_consumption,1704867207069000000,0.006515540502804359,paolo-laptop,influx_dest
power_consumption,1704867208070000000,0.004568099924037106,paolo-laptop,influx_dest
power_consumption,1704867209081000000,0.005103241662497126,paolo-laptop,influx_dest
power_consumption,1704867210083000000,0.012654782808989217,paolo-laptop,influx_dest
power_consumption,1704867211085000000,0.005232146502736843,paolo-laptop,influx_dest
power_consumption,1704867212087000000,0.005311236444322689,paolo-laptop,influx_dest
power_consumption,1704867213089000000,0.005787826580705504,paolo-laptop,influx_dest
power_consumption,1704867214092000000,0.005115473140128992,paolo-laptop,influx_dest
power_consumption,1704867215094000000,0.0063376536671827174,paolo-laptop,influx_dest
power_consumption,1704867216096000000,0.005589756579594686,paolo-laptop,influx_dest
power_consumption,1704867217099000000,0.005991709899939153,paolo-laptop,influx_dest
power_consumption,1704867218101000000,0.005507868610461911,paolo-laptop,influx_dest
power_consumption,1704867219103000000,0.005976486392268035,paolo-laptop,influx_dest
power_consumption,1704867220107000000,0.014968194924852294,paolo-laptop,influx_dest
power_consumption,1704867221109000000,0.005355507231639139,paolo-laptop,influx_dest
power_consumption,1704867222111000000,0.004824771775235205,paolo-laptop,influx_dest
power_consumption,1704867223113000000,0.004950758512334647,paolo-laptop,influx_dest
power_consumption,1704867224114000000,0.005978075421396395,paolo-laptop,influx_dest
power_consumption,1704867225117000000,0.007133164940601724,paolo-laptop,influx_dest
power_consumption,1704867226120000000,0.0062828508070276404,paolo-laptop,influx_dest
power_consumption,1704867227121000000,0.006589614720982931,paolo-laptop,influx_dest
power_consumption,1704867228124000000,0.002122133747893463,paolo-laptop,influx_dest
power_consumption,1704867229128000000,0.007303703481361688,paolo-laptop,influx_dest
power_consumption,1704867230130000000,0.01501618782115852,paolo-laptop,influx_dest
power_consumption,1704867231132000000,0.007394373963734258,paolo-laptop,influx_dest
power_consumption,1704867232134000000,0.002421520690530097,paolo-laptop,influx_dest
power_consumption,1704867233136000000,0.006648911811784228,paolo-laptop,influx_dest
power_consumption,1704867234138000000,0.006342149645150299,paolo-laptop,influx_dest
power_consumption,1704867235140000000,0.007559702094008657,paolo-laptop,influx_dest
power_consumption,1704867236142000000,0.0038164728023054257,paolo-laptop,influx_dest
power_consumption,1704867237144000000,0.0062606714927903005,paolo-laptop,influx_dest
power_consumption,1704867238150000000,0.005387911135623756,paolo-laptop,influx_dest
power_consumption,1704867239152000000,0.004914152459275412,paolo-laptop,influx_dest
power_consumption,1704867240155000000,0.011434810803363279,paolo-laptop,influx_dest
power_consumption,1704867241157000000,0.055196363773692254,paolo-laptop,influx_dest
power_consumption,1704867242159000000,0.005397050572621129,paolo-laptop,influx_dest
power_consumption,1704867243161000000,0.004780670821560586,paolo-laptop,influx_dest
power_consumption,1704867244163000000,0.005603793059914177,paolo-laptop,influx_dest
power_consumption,1704867245165000000,0.00490840078758668,paolo-laptop,influx_dest
power_consumption,1704867246167000000,0.004843332410512986,paolo-laptop,influx_dest
power_consumption,1704867247170000000,0.005057039618972493,paolo-laptop,influx_dest
power_consumption,1704867248172000000,0.005006865299184451,paolo-laptop,influx_dest
power_consumption,1704867249175000000,0.004479995529415278,paolo-laptop,influx_dest
power_consumption,1704867250185000000,0.012520284747051868,paolo-laptop,influx_dest
power_consumption,1704867251192000000,0.005947334934267738,paolo-laptop,influx_dest
power_consumption,1704867252194000000,0.004637887160839022,paolo-laptop,influx_dest
power_consumption,1704867256206000000,0.005049916873819821,paolo-laptop,influx_dest
power_consumption,1704867257208000000,0.005908804399912636,paolo-laptop,influx_dest
power_consumption,1704867258210000000,0.006379449284288427,paolo-laptop,influx_dest
power_consumption,1704867259214000000,0.005143611007242685,paolo-laptop,influx_dest
power_consumption,1704867260216000000,0.012255851803499878,paolo-laptop,influx_dest
power_consumption,1704867261218000000,0.0044567338336812395,paolo-laptop,influx_dest
power_consumption,1704867262220000000,0.0049247835923802805,paolo-laptop,influx_dest
power_consumption,1704867263222000000,0.004952204047151359,paolo-laptop,influx_dest
power_consumption,1704867264224000000,0.00522853286779636,paolo-laptop,influx_dest
power_consumption,1704867265226000000,0.00470712427529551,paolo-laptop,influx_dest
power_consumption,1704867266228000000,0.004808038854302913,paolo-laptop,influx_dest
power_consumption,1704867267231000000,0.004540192969174094,paolo-laptop,influx_dest
power_consumption,1704867268233000000,0.004474891272111431,paolo-laptop,influx_dest
power_consumption,1704867269235000000,0.004582513468110333,paolo-laptop,influx_dest
power_consumption,1704867270238000000,0.013310631407300584,paolo-laptop,influx_dest
power_consumption,1704867274247000000,0.004786766221103151,paolo-laptop,influx_dest
power_consumption,1704867275249000000,0.005645174819381647,paolo-laptop,influx_dest
power_consumption,1704867284279000000,0.004672279833064513,paolo-laptop,influx_dest
power_consumption,1704867285281000000,0.0067091176791338756,paolo-laptop,influx_dest
power_consumption,1704867286284000000,0.0040885309674781765,paolo-laptop,influx_dest
power_consumption,1704867287286000000,0.00396724539111323,paolo-laptop,influx_dest
power_consumption,1704867288288000000,0.004935655072381386,paolo-laptop,influx_dest
power_consumption,1704867289291000000,0.0041085255777190965,paolo-laptop,influx_dest
power_consumption,1704867290292000000,0.011173240380483678,paolo-laptop,influx_dest
power_consumption,1704867291294000000,0.005246512762614628,paolo-laptop,influx_dest
power_consumption,1704867292297000000,0.006222443009638148,paolo-laptop,influx_dest
power_consumption,1704867293302000000,0.005083136771400487,paolo-laptop,influx_dest
power_consumption,1704867294304000000,0.0045628231419693015,paolo-laptop,influx_dest
power_consumption,1704867295306000000,0.005038535124548841,paolo-laptop,influx_dest
power_consumption,1704867296309000000,0.004709486153238131,paolo-laptop,influx_dest
power_consumption,1704867297311000000,0.004258910182168978,paolo-laptop,influx_dest
power_consumption,1704867298313000000,0.004664697592536,paolo-laptop,influx_dest
power_consumption,1704867299321000000,0.004700918601989113,paolo-laptop,influx_dest
power_consumption,1704867300327000000,0.014496551885464124,paolo-laptop,influx_dest
power_consumption,1704867302336000000,0.005040188061686337,paolo-laptop,influx_dest
power_consumption,1704867303338000000,0.004853497310456076,paolo-laptop,influx_dest
power_consumption,1704867304340000000,0.004310026826624077,paolo-laptop,influx_dest
power_consumption,1704867305343000000,0.0590741278239768,paolo-laptop,influx_dest
power_consumption,1704867306346000000,0.0042233610322522375,paolo-laptop,influx_dest
power_consumption,1704867307359000000,0.005083380604104347,paolo-laptop,influx_dest
power_consumption,1704867308361000000,0.0054972421997379044,paolo-laptop,influx_dest
power_consumption,1704867309364000000,0.004214574942379814,paolo-laptop,influx_dest
power_consumption,1704867310366000000,0.011643850331822546,paolo-laptop,influx_dest
power_consumption,1704867311368000000,0.004100112702696252,paolo-laptop,influx_dest
power_consumption,1704867312370000000,0.00555635405017476,paolo-laptop,influx_dest
power_consumption,1704867313373000000,0.004436174855547301,paolo-laptop,influx_dest
power_consumption,1704867314377000000,0.004977434579367232,paolo-laptop,influx_dest
power_consumption,1704867315379000000,0.005705594054531158,paolo-laptop,influx_dest
power_consumption,1704867316381000000,0.004452941278880334,paolo-laptop,influx_dest
power_consumption,1704867317383000000,0.0052108212312855975,paolo-laptop,influx_dest
power_consumption,1704867319388000000,0.004741527413637389,paolo-laptop,influx_dest
power_consumption,1704867320390000000,0.011451852542698378,paolo-laptop,influx_dest
power_consumption,1704867321392000000,0.005824419100737785,paolo-laptop,influx_dest
power_consumption,1704867325403000000,0.005454003557303842,paolo-laptop,influx_dest
power_consumption,1704867326406000000,0.005344381840806368,paolo-laptop,influx_dest
power_consumption,1704867327408000000,0.005024667634382406,paolo-laptop,influx_dest
power_consumption,1704867328412000000,0.004744754910584197,paolo-laptop,influx_dest
power_consumption,1704867332425000000,0.006079120790831065,paolo-laptop,influx_dest
power_consumption,1704867336433000000,0.005769508235533453,paolo-laptop,influx_dest
power_consumption,1704867338437000000,0.003848706261422621,paolo-laptop,influx_dest
power_consumption,1704867341445000000,0.004848638547285381,paolo-laptop,influx_dest
power_consumption,1704867342448000000,0.004163053759354397,paolo-laptop,influx_dest
power_consumption,1704867343450000000,0.004973667819388556,paolo-laptop,influx_dest
power_consumption,1704867344452000000,0.004536182537365855,paolo-laptop,influx_dest
power_consumption,1704867345454000000,0.005784524088770927,paolo-laptop,influx_dest
power_consumption,1704867346457000000,0.005312877755444846,paolo-laptop,influx_dest
power_consumption,1704867347459000000,0.004645334876024871,paolo-laptop,influx_dest
power_consumption,1704867348460000000,0.004504122761790626,paolo-laptop,influx_dest
power_consumption,1704867349462000000,0.005379440072319875,paolo-laptop,influx_dest
power_consumption,1704867350465000000,0.01199747292536091,paolo-laptop,influx_dest
power_consumption,1704867351467000000,0.005032593997300658,paolo-laptop,influx_dest
power_consumption,1704867352469000000,0.004939094607055564,paolo-laptop,influx_dest
power_consumption,1704867353472000000,0.006136741371451265,paolo-laptop,influx_dest
power_consumption,1704867354475000000,0.005256710248177605,paolo-laptop,influx_dest
power_consumption,1704867355477000000,0.00587298338117887,paolo-laptop,influx_dest
power_consumption,1704867356479000000,0.004241945690405799,paolo-laptop,influx_dest
power_consumption,1704867357481000000,0.00475585283093964,paolo-laptop,influx_dest
power_consumption,1704867361494000000,0.006449395773844012,paolo-laptop,influx_dest
power_consumption,1704867364500000000,0.004464007643600517,paolo-laptop,influx_dest
power_consumption,1704867368511000000,0.004186425586910467,paolo-laptop,influx_dest
power_consumption,1704867369514000000,0.0025638994914102295,paolo-laptop,influx_dest
power_consumption,1704867372521000000,0.0039337378988007835,paolo-laptop,influx_dest
power_consumption,1704867373523000000,0.0035847027093076286,paolo-laptop,influx_dest
power_consumption,1704867374525000000,0.004985096055611502,paolo-laptop,influx_dest
power_consumption,1704867377530000000,0.0033404657108227534,paolo-laptop,influx_dest
power_consumption,1704867378532000000,0.0036108447235348434,paolo-laptop,influx_dest
power_consumption,1704867379534000000,0.0034649928992419913,paolo-laptop,influx_dest
power_consumption,1704867380536000000,0.010813056099708198,paolo-laptop,influx_dest
power_consumption,1704867381539000000,0.0036669486017209723,paolo-laptop,influx_dest
power_consumption,1704867382541000000,0.004241549989338299,paolo-laptop,influx_dest
power_consumption,1704867383549000000,0.004204674048783063,paolo-laptop,influx_dest
power_consumption,1704867389562000000,0.0037979244218859587,paolo-laptop,influx_dest
power_consumption,1704867390565000000,0.009614862795235102,paolo-laptop,influx_dest
power_consumption,1704867391567000000,0.004185153756489105,paolo-laptop,influx_dest
power_consumption,1704867392569000000,0.004226767027457487,paolo-laptop,influx_dest
power_consumption,1704867394576000000,0.003431765846877253,paolo-laptop,influx_dest
power_consumption,1704867395578000000,0.0036526702230414887,paolo-laptop,influx_dest
power_consumption,1704867396582000000,0.003487281693107783,paolo-laptop,influx_dest
power_consumption,1704867399590000000,0.002605024084946743,paolo-laptop,influx_dest
power_consumption,1704867400599000000,0.00986733015976602,paolo-laptop,influx_dest
power_consumption,1704867403611000000,0.004103747180362199,paolo-laptop,influx_dest
power_consumption,1704867404614000000,0.004924773757300339,paolo-laptop,influx_dest
power_consumption,1704867405616000000,0.004785133849532965,paolo-laptop,influx_dest
power_consumption,1704867406618000000,0.004808560896317822,paolo-laptop,influx_dest
power_consumption,1704867407621000000,0.004283578188433501,paolo-laptop,influx_dest
power_consumption,1704867408623000000,0.0030725977227159485,paolo-laptop,influx_dest
power_consumption,1704867409626000000,0.0034322459858691793,paolo-laptop,influx_dest
power_consumption,1704867410628000000,0.010976662775921056,paolo-laptop,influx_dest
power_consumption,1704867411630000000,0.0044174937274665,paolo-laptop,influx_dest
power_consumption,1704867412632000000,0.004226761583956582,paolo-laptop,influx_dest
power_consumption,1704867413635000000,0.004097419021871486,paolo-laptop,influx_dest
power_consumption,1704867414637000000,0.0043315912508449465,paolo-laptop,influx_dest
power_consumption,1704867415638000000,0.004550160639366234,paolo-laptop,influx_dest
power_consumption,1704867416641000000,0.0036555931274506012,paolo-laptop,influx_dest
power_consumption,1704867417643000000,0.0043658594900521045,paolo-laptop,influx_dest
power_consumption,1704867418645000000,0.0034903726068120987,paolo-laptop,influx_dest
power_consumption,1704867419648000000,0.004666495502897801,paolo-laptop,influx_dest
power_consumption,1704867420650000000,0.010869737513223236,paolo-laptop,influx_dest
power_consumption,1704867421653000000,0.0035662480194558507,paolo-laptop,influx_dest
power_consumption,1704867422655000000,0.0047690457168013895,paolo-laptop,influx_dest
power_consumption,1704867423658000000,0.004517476830897871,paolo-laptop,influx_dest
power_consumption,1704867424660000000,0.0702736016857491,paolo-laptop,influx_dest
power_consumption,1704867425666000000,0.004817061329747086,paolo-laptop,influx_dest
power_consumption,1704867426668000000,0.004107813347447396,paolo-laptop,influx_dest
power_consumption,1704867427672000000,0.0030465658685010187,paolo-laptop,influx_dest
power_consumption,1704867429677000000,0.004708526052177249,paolo-laptop,influx_dest
power_consumption,1704867431681000000,0.004244893669731447,paolo-laptop,influx_dest
power_consumption,1704867434689000000,0.0051309089704388,paolo-laptop,influx_dest
power_consumption,1704867435691000000,0.0035346585984947134,paolo-laptop,influx_dest
power_consumption,1704867436693000000,0.004482230084448854,paolo-laptop,influx_dest
power_consumption,1704867437695000000,0.004306630484496703,paolo-laptop,influx_dest
power_consumption,1704867438697000000,0.004516173703102002,paolo-laptop,influx_dest
power_consumption,1704867439699000000,0.0034785810564312647,paolo-laptop,influx_dest
power_consumption,1704867440701000000,0.010289266110398248,paolo-laptop,influx_dest
power_consumption,1704867442706000000,0.004594347912811346,paolo-laptop,influx_dest
power_consumption,1704867443708000000,0.0039438480684626295,paolo-laptop,influx_dest
power_consumption,1704867444710000000,0.004989600499218258,paolo-laptop,influx_dest
power_consumption,1704867445712000000,0.004151777986040092,paolo-laptop,influx_dest
power_consumption,1704867446714000000,0.004088042352606746,paolo-laptop,influx_dest
power_consumption,1704867447715000000,0.004354894947419577,paolo-laptop,influx_dest
power_consumption,1704867448717000000,0.0034669255833912126,paolo-laptop,influx_dest
power_consumption,1704867449719000000,0.0036155594258117096,paolo-laptop,influx_dest
power_consumption,1704867450723000000,0.009877404958338352,paolo-laptop,influx_dest
power_consumption,1704867452726000000,0.0027623156149196313,paolo-laptop,influx_dest
power_consumption,1704867453728000000,0.0037610249530903228,paolo-laptop,influx_dest
power_consumption,1704867458741000000,0.002594155917545775,paolo-laptop,influx_dest
power_consumption,1704867459743000000,0.005355256314053199,paolo-laptop,influx_dest
power_consumption,1704867461747000000,0.003691981208123021,paolo-laptop,influx_dest
power_consumption,1704867470766000000,0.011473619308924588,paolo-laptop,influx_dest
power_consumption,1704867473774000000,0.003937737077140177,paolo-laptop,influx_dest
power_consumption,1704867479798000000,0.008499429099307516,paolo-laptop,influx_dest
power_consumption,1704867484820000000,0.011027537850915155,paolo-laptop,influx_dest
power_consumption,1704867485822000000,0.009752783063440188,paolo-laptop,influx_dest
power_consumption,1704867486825000000,0.010859418989536703,paolo-laptop,influx_dest
power_consumption,1704867487827000000,0.003702140549634659,paolo-laptop,influx_dest
power_consumption,1704867489833000000,0.009244500421123096,paolo-laptop,influx_dest
power_consumption,1704867491839000000,0.04370072760940812,paolo-laptop,influx_dest
power_consumption,1704867493849000000,0.009445045882118997,paolo-laptop,influx_dest
power_consumption,1704867495857000000,0.00910434729405189,paolo-laptop,influx_dest
power_consumption,1704867499870000000,0.010908070301826157,paolo-laptop,influx_dest
power_consumption,1704867500874000000,0.009313999751602964,paolo-laptop,influx_dest
power_consumption,1704867502881000000,0.004292229284316113,paolo-laptop,influx_dest
power_consumption,1704867503883000000,0.00452924674565364,paolo-laptop,influx_dest
power_consumption,1704867504885000000,0.0034011512529341734,paolo-laptop,influx_dest
power_consumption,1704867505886000000,0.005107684527062829,paolo-laptop,influx_dest
power_consumption,1704867506888000000,0.005724529515463017,paolo-laptop,influx_dest
power_consumption,1704867507890000000,0.005059048159084399,paolo-laptop,influx_dest
power_consumption,1704867508892000000,0.007913731563701669,paolo-laptop,influx_dest
power_consumption,1704867509893000000,0.0056971053408184456,paolo-laptop,influx_dest
power_consumption,1704867510895000000,0.013156656300941467,paolo-laptop,influx_dest
power_consumption,1704867511897000000,0.005028716739738031,paolo-laptop,influx_dest
power_consumption,1704867512899000000,0.0055239700405405,paolo-laptop,influx_dest
power_consumption,1704867513900000000,0.005121506267061456,paolo-laptop,influx_dest
power_consumption,1704867514902000000,0.005332010778835774,paolo-laptop,influx_dest
power_consumption,1704867515904000000,0.004754956214376384,paolo-laptop,influx_dest
power_consumption,1704867516907000000,0.003093948713046024,paolo-laptop,influx_dest
power_consumption,1704867517912000000,0.014322193080304642,paolo-laptop,influx_dest
power_consumption,1704867519917000000,0.006520582121133739,paolo-laptop,influx_dest
power_consumption,1704867520919000000,0.01515623715956295,paolo-laptop,influx_dest
power_consumption,1704867521921000000,0.00443746945875388,paolo-laptop,influx_dest
power_consumption,1704867522923000000,0.0051721353471538625,paolo-laptop,influx_dest
power_consumption,1704867523925000000,0.004819542171892716,paolo-laptop,influx_dest
power_consumption,1704867524926000000,0.00541994668979323,paolo-laptop,influx_dest
power_consumption,1704867525928000000,0.004136217964498142,paolo-laptop,influx_dest
power_consumption,1704867526929000000,0.004773388139594501,paolo-laptop,influx_dest
power_consumption,1704867527931000000,0.004266619813958973,paolo-laptop,influx_dest
power_consumption,1704867528932000000,0.003334758638835646,paolo-laptop,influx_dest
power_consumption,1704867529933000000,0.005968399443761364,paolo-laptop,influx_dest
power_consumption,1704867530935000000,0.02602490902269749,paolo-laptop,influx_dest
power_consumption,1704867531936000000,0.003991513035061132,paolo-laptop,influx_dest
power_consumption,1704867532941000000,0.005513666451683002,paolo-laptop,influx_dest
power_consumption,1704867533943000000,0.010567650517840936,paolo-laptop,influx_dest
power_consumption,1704867534944000000,0.01068652112197907,paolo-laptop,influx_dest
power_consumption,1704867535945000000,0.003692742263653222,paolo-laptop,influx_dest
power_consumption,1704867536948000000,0.003868928384074644,paolo-laptop,influx_dest
power_consumption,1704867537954000000,0.003637969922072234,paolo-laptop,influx_dest
power_consumption,1704867538956000000,0.004558152358834269,paolo-laptop,influx_dest
power_consumption,1704867539958000000,0.004295753580847081,paolo-laptop,influx_dest
power_consumption,1704867540960000000,0.009715072333261774,paolo-laptop,influx_dest
power_consumption,1704867541962000000,0.003072089184326598,paolo-laptop,influx_dest
power_consumption,1704867542964000000,0.004191692514814464,paolo-laptop,influx_dest
power_consumption,1704867543966000000,0.0038750166029273103,paolo-laptop,influx_dest
power_consumption,1704867544970000000,0.005063597434237567,paolo-laptop,influx_dest
power_consumption,1704867545971000000,0.009231723009776125,paolo-laptop,influx_dest
power_consumption,1704867546974000000,0.009978428052653426,paolo-laptop,influx_dest
power_consumption,1704867547976000000,0.0035805579800951446,paolo-laptop,influx_dest
power_consumption,1704867548978000000,0.007200103480320635,paolo-laptop,influx_dest
power_consumption,1704867549980000000,0.004304250820456497,paolo-laptop,influx_dest
power_consumption,1704867550982000000,0.010143193371444688,paolo-laptop,influx_dest
power_consumption,1704867551988000000,0.0034207920316604063,paolo-laptop,influx_dest
power_consumption,1704867552992000000,0.01094556945084009,paolo-laptop,influx_dest
power_consumption,1704867553994000000,0.0034351338657774163,paolo-laptop,influx_dest
power_consumption,1704867554995000000,0.0042051665848729545,paolo-laptop,influx_dest
power_consumption,1704867555997000000,0.004501769551339465,paolo-laptop,influx_dest
power_consumption,1704867556999000000,0.004499952724328839,paolo-laptop,influx_dest
power_consumption,1704867558003000000,0.0043835591949854345,paolo-laptop,influx_dest
power_consumption,1704867559007000000,0.08639443737278203,paolo-laptop,influx_dest
power_consumption,1704867561010000000,0.003972495515235144,paolo-laptop,influx_dest
power_consumption,1704867562012000000,0.0033922854967703116,paolo-laptop,influx_dest
power_consumption,1704867563016000000,0.012051171012705737,paolo-laptop,influx_dest
power_consumption,1704867564018000000,0.0028771303013989643,paolo-laptop,influx_dest
power_consumption,1704867565019000000,0.005121852915555145,paolo-laptop,influx_dest
power_consumption,1704867566024000000,0.004279052687872568,paolo-laptop,influx_dest
power_consumption,1704867567027000000,0.0035134870088561524,paolo-laptop,influx_dest
power_consumption,1704867568029000000,0.005851745207835394,paolo-laptop,influx_dest
power_consumption,1704867569032000000,0.0035695690706783077,paolo-laptop,influx_dest
power_consumption,1704867570035000000,0.010307615939251157,paolo-laptop,influx_dest
power_consumption,1704867571037000000,0.00376070930087692,paolo-laptop,influx_dest
power_consumption,1704867572040000000,0.006325883433134208,paolo-laptop,influx_dest
power_consumption,1704867574045000000,0.013064898679311546,paolo-laptop,influx_dest
power_consumption,1704867575048000000,0.019447969409877006,paolo-laptop,influx_dest
power_consumption,1704867576050000000,0.008862484753014068,paolo-laptop,influx_dest
power_consumption,1704867577052000000,0.004271184697933518,paolo-laptop,influx_dest
power_consumption,1704867578054000000,0.004695043318100826,paolo-laptop,influx_dest
power_consumption,1704867579056000000,0.00435768999106493,paolo-laptop,influx_dest
power_consumption,1704867580060000000,0.012423163876409186,paolo-laptop,influx_dest
power_consumption,1704867582065000000,0.00922162100172645,paolo-laptop,influx_dest
power_consumption,1704867583067000000,0.01050938046472635,paolo-laptop,influx_dest
power_consumption,1704867585070000000,0.004095613811559928,paolo-laptop,influx_dest
power_consumption,1704867586072000000,0.004039289641903329,paolo-laptop,influx_dest
power_consumption,1704867587074000000,0.004300248189688977,paolo-laptop,influx_dest
power_consumption,1704867588079000000,0.00737360548879724,paolo-laptop,influx_dest
power_consumption,1704867589082000000,0.0032398125524555235,paolo-laptop,influx_dest
power_consumption,1704867590086000000,0.012868778104422489,paolo-laptop,influx_dest
power_consumption,1704867591087000000,0.008402284711310598,paolo-laptop,influx_dest
power_consumption,1704867592089000000,0.0162775787523685,paolo-laptop,influx_dest
power_consumption,1704867593090000000,0.004801909444205471,paolo-laptop,influx_dest
power_consumption,1704867594091000000,0.004400117613610732,paolo-laptop,influx_dest
power_consumption,1704867595093000000,0.011178231457175607,paolo-laptop,influx_dest
power_consumption,1704867596094000000,0.010005860292836663,paolo-laptop,influx_dest
power_consumption,1704867597095000000,0.00391873526047853,paolo-laptop,influx_dest
power_consumption,1704867600102000000,0.012350296543295438,paolo-laptop,influx_dest
power_consumption,1704867601104000000,0.004191563693583134,paolo-laptop,influx_dest
power_consumption,1704867602107000000,0.0049328119503987515,paolo-laptop,influx_dest
power_consumption,1704867603109000000,0.0032796229457870744,paolo-laptop,influx_dest
power_consumption,1704867604111000000,0.004706677834713293,paolo-laptop,influx_dest
power_consumption,1704867605113000000,0.004830393674768174,paolo-laptop,influx_dest
power_consumption,1704867606116000000,0.0030337780989414124,paolo-laptop,influx_dest
power_consumption,1704867607118000000,0.003688784104509529,paolo-laptop,influx_dest
power_consumption,1704867608120000000,0.010254414131839794,paolo-laptop,influx_dest
power_consumption,1704867609124000000,0.008436386709024765,paolo-laptop,influx_dest
power_consumption,1704867610126000000,0.010883283131870385,paolo-laptop,influx_dest
power_consumption,1704867611129000000,0.00855654670258117,paolo-laptop,influx_dest
power_consumption,1704867612130000000,0.003409726909521671,paolo-laptop,influx_dest
power_consumption,1704867613131000000,0.003570959319888438,paolo-laptop,influx_dest
power_consumption,1704867614133000000,0.004931181261283579,paolo-laptop,influx_dest
power_consumption,1704867615135000000,0.004425041645401272,paolo-laptop,influx_dest
power_consumption,1704867616137000000,0.004331762659316672,paolo-laptop,influx_dest
power_consumption,1704867617141000000,0.004210184086203585,paolo-laptop,influx_dest
power_consumption,1704867618143000000,0.004331132627403591,paolo-laptop,influx_dest
power_consumption,1704867619145000000,0.0037224958854214767,paolo-laptop,influx_dest
power_consumption,1704867620147000000,0.010343596248056712,paolo-laptop,influx_dest
power_consumption,1704867621150000000,0.05988763108437179,paolo-laptop,influx_dest
power_consumption,1704867622152000000,0.003579208117961192,paolo-laptop,influx_dest
power_consumption,1704867623154000000,0.0036378559447448576,paolo-laptop,influx_dest
power_consumption,1704867624156000000,0.004326245461416728,paolo-laptop,influx_dest
power_consumption,1704867625158000000,0.004271493680286646,paolo-laptop,influx_dest
power_consumption,1704867626160000000,0.004703720435465467,paolo-laptop,influx_dest
power_consumption,1704867627162000000,0.004239611223247632,paolo-laptop,influx_dest
power_consumption,1704867628164000000,0.003901063591562871,paolo-laptop,influx_dest
power_consumption,1704867629166000000,0.0044664329569336645,paolo-laptop,influx_dest
power_consumption,1704867630167000000,0.011422140238070966,paolo-laptop,influx_dest
power_consumption,1704867631169000000,0.0037606311208749576,paolo-laptop,influx_dest
power_consumption,1704867632171000000,0.005287048704087629,paolo-laptop,influx_dest
power_consumption,1704867633175000000,0.005486357372482652,paolo-laptop,influx_dest
power_consumption,1704867635180000000,0.0036465320056626453,paolo-laptop,influx_dest
power_consumption,1704867636183000000,0.013949363456385084,paolo-laptop,influx_dest
power_consumption,1704867638187000000,0.004430864155118994,paolo-laptop,influx_dest
power_consumption,1704867639189000000,0.0033097456399715473,paolo-laptop,influx_dest
power_consumption,1704867640191000000,0.010136054062822884,paolo-laptop,influx_dest
power_consumption,1704867641193000000,0.004966597616340376,paolo-laptop,influx_dest
power_consumption,1704867642195000000,0.004652342361905103,paolo-laptop,influx_dest
power_consumption,1704867643197000000,0.003424359413026763,paolo-laptop,influx_dest
power_consumption,1704867645204000000,0.010357758133970826,paolo-laptop,influx_dest
power_consumption,1704867646219000000,0.00488365252510886,paolo-laptop,influx_dest
power_consumption,1704867647222000000,0.004818581666077732,paolo-laptop,influx_dest
power_consumption,1704867648224000000,0.0037533153624115293,paolo-laptop,influx_dest
power_consumption,1704867649226000000,0.0037939783829783373,paolo-laptop,influx_dest
power_consumption,1704867650230000000,0.012400231746495922,paolo-laptop,influx_dest
power_consumption,1704867651232000000,0.009435592803527461,paolo-laptop,influx_dest
power_consumption,1704867652234000000,0.0024716918471703007,paolo-laptop,influx_dest
power_consumption,1704867655245000000,0.0044843569502397195,paolo-laptop,influx_dest
power_consumption,1704867656248000000,0.006559563215666022,paolo-laptop,influx_dest
power_consumption,1704867657251000000,0.006943949696491295,paolo-laptop,influx_dest
power_consumption,1704867658253000000,0.00376655463618377,paolo-laptop,influx_dest
power_consumption,1704867659259000000,0.004450094366968344,paolo-laptop,influx_dest
power_consumption,1704867661266000000,0.0040684126679885555,paolo-laptop,influx_dest
power_consumption,1704867662269000000,0.006348427868835804,paolo-laptop,influx_dest
power_consumption,1704867663271000000,0.003856143096804945,paolo-laptop,influx_dest
power_consumption,1704867664273000000,0.00831064875544983,paolo-laptop,influx_dest
power_consumption,1704867665276000000,0.010382932239988193,paolo-laptop,influx_dest
power_consumption,1704867666278000000,0.004353914678071705,paolo-laptop,influx_dest
power_consumption,1704867667279000000,0.009839693060031428,paolo-laptop,influx_dest
power_consumption,1704867668282000000,0.004616507844990351,paolo-laptop,influx_dest
power_consumption,1704867669284000000,0.005121997524995098,paolo-laptop,influx_dest
power_consumption,1704867670285000000,0.012859480857714064,paolo-laptop,influx_dest
power_consumption,1704867671287000000,0.008577919687508397,paolo-laptop,influx_dest
power_consumption,1704867672289000000,0.01138496468389554,paolo-laptop,influx_dest
power_consumption,1704867674292000000,0.00449431769003578,paolo-laptop,influx_dest
power_consumption,1704867675294000000,0.004950210910647467,paolo-laptop,influx_dest
power_consumption,1704867676296000000,0.006681675502739386,paolo-laptop,influx_dest
power_consumption,1704867677298000000,0.006887067295818143,paolo-laptop,influx_dest
power_consumption,1704867678303000000,0.010015842966600571,paolo-laptop,influx_dest
power_consumption,1704867679308000000,0.0050195460189422485,paolo-laptop,influx_dest
power_consumption,1704867680312000000,0.014922250773019475,paolo-laptop,influx_dest
power_consumption,1704867681314000000,0.00929721227482795,paolo-laptop,influx_dest
power_consumption,1704867682316000000,0.0070001645998589235,paolo-laptop,influx_dest
power_consumption,1704867683319000000,0.005498038319108304,paolo-laptop,influx_dest
power_consumption,1704867684323000000,0.007019681862665328,paolo-laptop,influx_dest
power_consumption,1704867685326000000,0.004447150648078599,paolo-laptop,influx_dest
power_consumption,1704867686331000000,0.00807294394130386,paolo-laptop,influx_dest
power_consumption,1704867687333000000,0.004610097211197385,paolo-laptop,influx_dest
power_consumption,1704867688335000000,0.004698813111913873,paolo-laptop,influx_dest
power_consumption,1704867689337000000,0.004499060131079443,paolo-laptop,influx_dest
power_consumption,1704867690340000000,0.0638650029967476,paolo-laptop,influx_dest
power_consumption,1704867691342000000,0.004642092180289128,paolo-laptop,influx_dest
power_consumption,1704867692345000000,0.004839713885907394,paolo-laptop,influx_dest
power_consumption,1704867694349000000,0.006336362805062102,paolo-laptop,influx_dest
power_consumption,1704867695351000000,0.004514912704997095,paolo-laptop,influx_dest
power_consumption,1704867696352000000,0.005485849172448039,paolo-laptop,influx_dest
power_consumption,1704867697354000000,0.0048979207319814685,paolo-laptop,influx_dest
power_consumption,1704867698358000000,0.005646915386266316,paolo-laptop,influx_dest
power_consumption,1704867699360000000,0.005539480270723596,paolo-laptop,influx_dest
power_consumption,1704867700362000000,0.01269860915882189,paolo-laptop,influx_dest
power_consumption,1704867701364000000,0.004615102800651992,paolo-laptop,influx_dest
power_consumption,1704867702366000000,0.005300038047254825,paolo-laptop,influx_dest
power_consumption,1704867703368000000,0.006073976649249116,paolo-laptop,influx_dest
power_consumption,1704867704371000000,0.004937493884197093,paolo-laptop,influx_dest
power_consumption,1704867705373000000,0.007149359948381609,paolo-laptop,influx_dest
power_consumption,1704867706374000000,0.00548872189318531,paolo-laptop,influx_dest
power_consumption,1704867707376000000,0.0049876784640396545,paolo-laptop,influx_dest
power_consumption,1704867708378000000,0.004844058396543655,paolo-laptop,influx_dest
power_consumption,1704867709381000000,0.0037329831954372858,paolo-laptop,influx_dest
power_consumption,1704867710385000000,0.019764471194566563,paolo-laptop,influx_dest
power_consumption,1704867711387000000,0.005170896701591227,paolo-laptop,influx_dest
power_consumption,1704867712389000000,0.006489726788939989,paolo-laptop,influx_dest
power_consumption,1704867713391000000,0.0050246757898748245,paolo-laptop,influx_dest
power_consumption,1704867714395000000,0.003950362246806792,paolo-laptop,influx_dest
power_consumption,1704867716402000000,0.008655054516089415,paolo-laptop,influx_dest
power_consumption,1704867718408000000,0.006370994200789284,paolo-laptop,influx_dest
power_consumption,1704867719410000000,0.0046558351817069955,paolo-laptop,influx_dest
power_consumption,1704867720412000000,0.013080160966675424,paolo-laptop,influx_dest
power_consumption,1704867721414000000,0.006054799063978093,paolo-laptop,influx_dest
power_consumption,1704867722415000000,0.004656372684395725,paolo-laptop,influx_dest
power_consumption,1704867723417000000,0.005684933529055337,paolo-laptop,influx_dest
power_consumption,1704867724419000000,0.004452616834134079,paolo-laptop,influx_dest
power_consumption,1704867725421000000,0.006198673177709221,paolo-laptop,influx_dest
power_consumption,1704867726425000000,0.004407216026641043,paolo-laptop,influx_dest
power_consumption,1704867727427000000,0.005832573480330049,paolo-laptop,influx_dest
power_consumption,1704867728429000000,0.006318258449632272,paolo-laptop,influx_dest
power_consumption,1704867729431000000,0.003965254908759189,paolo-laptop,influx_dest
power_consumption,1704867730433000000,0.01445170798605605,paolo-laptop,influx_dest
power_consumption,1704867731435000000,0.006752015451117475,paolo-laptop,influx_dest
power_consumption,1704867732437000000,0.0037888769346763967,paolo-laptop,influx_dest
power_consumption,1704867733439000000,0.004540949039197356,paolo-laptop,influx_dest
power_consumption,1704867734440000000,0.005511697722923106,paolo-laptop,influx_dest
power_consumption,1704867736446000000,0.004463905479621822,paolo-laptop,influx_dest
power_consumption,1704867737448000000,0.006306855412619141,paolo-laptop,influx_dest
power_consumption,1704867738450000000,0.0074223108972913746,paolo-laptop,influx_dest
power_consumption,1704867740457000000,0.01981553116544524,paolo-laptop,influx_dest
power_consumption,1704867741459000000,0.005651457937804244,paolo-laptop,influx_dest
power_consumption,1704867742461000000,0.004636602257084522,paolo-laptop,influx_dest
power_consumption,1704867743463000000,0.0054480238760694156,paolo-laptop,influx_dest
power_consumption,1704867744465000000,0.005360489308792994,paolo-laptop,influx_dest
power_consumption,1704867745466000000,0.0058262729363050695,paolo-laptop,influx_dest
power_consumption,1704867746468000000,0.005407881560175617,paolo-laptop,influx_dest
power_consumption,1704867747470000000,0.007205696616291168,paolo-laptop,influx_dest
power_consumption,1704867748472000000,0.007215118950966538,paolo-laptop,influx_dest
power_consumption,1704867757500000000,0.007474774358958287,paolo-laptop,influx_dest
power_consumption,1704867758502000000,0.012408593870547248,paolo-laptop,influx_dest
power_consumption,1704867759504000000,0.004865564780745381,paolo-laptop,influx_dest
power_consumption,1704867760507000000,0.010969192055141679,paolo-laptop,influx_dest
power_consumption,1704867761511000000,0.006252928378583147,paolo-laptop,influx_dest
power_consumption,1704867764522000000,0.008758508318474528,paolo-laptop,influx_dest
power_consumption,1704867765523000000,0.013553363430779283,paolo-laptop,influx_dest
power_consumption,1704867766526000000,0.007452226932795459,paolo-laptop,influx_dest
power_consumption,1704867767530000000,0.007427234478400843,paolo-laptop,influx_dest
power_consumption,1704867768531000000,0.0052946132632925615,paolo-laptop,influx_dest
power_consumption,1704867769535000000,0.006630133635698761,paolo-laptop,influx_dest
power_consumption,1704867771541000000,0.005833859641567351,paolo-laptop,influx_dest
power_consumption,1704867772542000000,0.0071560990896224475,paolo-laptop,influx_dest
power_consumption,1704867773547000000,0.006273103739957785,paolo-laptop,influx_dest
power_consumption,1704867775554000000,0.008439236764526216,paolo-laptop,influx_dest
power_consumption,1704867776556000000,0.009229390924778647,paolo-laptop,influx_dest
power_consumption,1704867777558000000,0.007678680843921031,paolo-laptop,influx_dest
power_consumption,1704867778560000000,0.006499166222939508,paolo-laptop,influx_dest
power_consumption,1704867779561000000,0.015305851878785158,paolo-laptop,influx_dest
power_consumption,1704867780565000000,0.01343052939715374,paolo-laptop,influx_dest
power_consumption,1704867781567000000,0.003803297241519815,paolo-laptop,influx_dest
power_consumption,1704867783572000000,0.015857463468221672,paolo-laptop,influx_dest
power_consumption,1704867784574000000,0.004761060139541466,paolo-laptop,influx_dest
power_consumption,1704867785576000000,0.0046917639439833176,paolo-laptop,influx_dest
power_consumption,1704867786581000000,0.00644149802552478,paolo-laptop,influx_dest
power_consumption,1704867787583000000,0.010059390676559154,paolo-laptop,influx_dest
power_consumption,1704867789588000000,0.0034495709672042376,paolo-laptop,influx_dest
power_consumption,1704867791592000000,0.005677245069182556,paolo-laptop,influx_dest
power_consumption,1704867792595000000,0.012079326249837548,paolo-laptop,influx_dest
power_consumption,1704867793598000000,0.008556069772451338,paolo-laptop,influx_dest
power_consumption,1704867794600000000,0.005817170190684539,paolo-laptop,influx_dest
power_consumption,1704867795603000000,0.006080636489974196,paolo-laptop,influx_dest
power_consumption,1704867796607000000,0.009765835084527994,paolo-laptop,influx_dest
power_consumption,1704867797609000000,0.0048556864265911085,paolo-laptop,influx_dest
power_consumption,1704867799613000000,0.005294591280698501,paolo-laptop,influx_dest
power_consumption,1704867800615000000,0.016610279055008104,paolo-laptop,influx_dest
power_consumption,1704867801616000000,0.004239559959520378,paolo-laptop,influx_dest
power_consumption,1704867802617000000,0.0029851122402621243,paolo-laptop,influx_dest
power_consumption,1704867803619000000,0.009513352882181551,paolo-laptop,influx_dest
power_consumption,1704867804621000000,0.006665118865842685,paolo-laptop,influx_dest
power_consumption,1704867805623000000,0.0029909343971681636,paolo-laptop,influx_dest
power_consumption,1704867806625000000,0.004207232948968121,paolo-laptop,influx_dest
power_consumption,1704867807627000000,0.006987435504916729,paolo-laptop,influx_dest
power_consumption,1704867808629000000,0.003515234739872995,paolo-laptop,influx_dest
power_consumption,1704867809630000000,0.006613390261279935,paolo-laptop,influx_dest
power_consumption,1704867810632000000,0.013707356746101263,paolo-laptop,influx_dest
power_consumption,1704867811634000000,0.00698016489822944,paolo-laptop,influx_dest
power_consumption,1704867812636000000,0.005965229612628265,paolo-laptop,influx_dest
power_consumption,1704867813638000000,0.005036231804740625,paolo-laptop,influx_dest
power_consumption,1704867814640000000,0.006032373520074531,paolo-laptop,influx_dest
power_consumption,1704867815642000000,0.006832448266730422,paolo-laptop,influx_dest
power_consumption,1704867816644000000,0.00513805981380051,paolo-laptop,influx_dest
power_consumption,1704867817646000000,0.004221039666651738,paolo-laptop,influx_dest
power_consumption,1704867818648000000,0.005523298888712317,paolo-laptop,influx_dest
power_consumption,1704867819650000000,0.0048239423515708795,paolo-laptop,influx_dest
power_consumption,1704867820652000000,0.012414046439846886,paolo-laptop,influx_dest
power_consumption,1704867821657000000,0.0047362309046119445,paolo-laptop,influx_dest
power_consumption,1704867822660000000,0.005971926290557863,paolo-laptop,influx_dest
power_consumption,1704867823661000000,0.004729681145612088,paolo-laptop,influx_dest
power_consumption,1704867824664000000,0.05913555129071696,paolo-laptop,influx_dest
power_consumption,1704867825666000000,0.006950648103160291,paolo-laptop,influx_dest
power_consumption,1704867826668000000,0.005650745640302187,paolo-laptop,influx_dest
power_consumption,1704867827670000000,0.005188361230204618,paolo-laptop,influx_dest
power_consumption,1704867828672000000,0.006772733935990044,paolo-laptop,influx_dest
power_consumption,1704867829674000000,0.0055339452660076015,paolo-laptop,influx_dest
power_consumption,1704867830677000000,0.01294092395071878,paolo-laptop,influx_dest
power_consumption,1704867831679000000,0.0048780240217137,paolo-laptop,influx_dest
power_consumption,1704867832681000000,0.005034728721074857,paolo-laptop,influx_dest
power_consumption,1704867833683000000,0.005225982737390699,paolo-laptop,influx_dest
power_consumption,1704867834688000000,0.004798270904375488,paolo-laptop,influx_dest
power_consumption,1704867835690000000,0.0062676682108714354,paolo-laptop,influx_dest
power_consumption,1704867836691000000,0.006189705646548249,paolo-laptop,influx_dest
power_consumption,1704867837693000000,0.005416348414760764,paolo-laptop,influx_dest
power_consumption,1704867838697000000,0.00646491417468272,paolo-laptop,influx_dest
power_consumption,1704867839699000000,0.005614363918845055,paolo-laptop,influx_dest
power_consumption,1704867840703000000,0.013841788582907069,paolo-laptop,influx_dest
power_consumption,1704867841704000000,0.004352646803733338,paolo-laptop,influx_dest
power_consumption,1704867842710000000,0.006113540831651564,paolo-laptop,influx_dest
power_consumption,1704867843712000000,0.008227378037139514,paolo-laptop,influx_dest
power_consumption,1704867844717000000,0.007264694335069939,paolo-laptop,influx_dest
power_consumption,1704867845721000000,0.007996268026356536,paolo-laptop,influx_dest
power_consumption,1704867848730000000,0.00536499295347605,paolo-laptop,influx_dest
power_consumption,1704867849732000000,0.005593620410467785,paolo-laptop,influx_dest
power_consumption,1704867850733000000,0.013310965726775524,paolo-laptop,influx_dest
power_consumption,1704867851735000000,0.005222669159588198,paolo-laptop,influx_dest
power_consumption,1704867852739000000,0.002954195080487029,paolo-laptop,influx_dest
power_consumption,1704867854745000000,0.005750787774499722,paolo-laptop,influx_dest
power_consumption,1704867855749000000,0.0038343013641891,paolo-laptop,influx_dest
power_consumption,1704867857758000000,0.0038723312629533845,paolo-laptop,influx_dest
power_consumption,1704867858760000000,0.005573113916442595,paolo-laptop,influx_dest
power_consumption,1704867859762000000,0.006488608658229223,paolo-laptop,influx_dest
power_consumption,1704867860766000000,0.015903037111025135,paolo-laptop,influx_dest
power_consumption,1704867862773000000,0.010289347550501716,paolo-laptop,influx_dest
power_consumption,1704867864780000000,0.003983304845902459,paolo-laptop,influx_dest
power_consumption,1704867865783000000,0.006169375040809359,paolo-laptop,influx_dest
power_consumption,1704867866785000000,0.011011720042884537,paolo-laptop,influx_dest
power_consumption,1704867867790000000,0.013323261066373372,paolo-laptop,influx_dest
power_consumption,1704867868792000000,0.003637529695298942,paolo-laptop,influx_dest
power_consumption,1704867869793000000,0.005096502773037189,paolo-laptop,influx_dest
power_consumption,1704867870795000000,0.01479814145654864,paolo-laptop,influx_dest
power_consumption,1704867871796000000,0.0058987064395826724,paolo-laptop,influx_dest
power_consumption,1704867872798000000,0.005587738217653968,paolo-laptop,influx_dest
power_consumption,1704867873799000000,0.005347246303807009,paolo-laptop,influx_dest
power_consumption,1704867874802000000,0.006998488772511517,paolo-laptop,influx_dest
power_consumption,1704867875803000000,0.007499242221551697,paolo-laptop,influx_dest
power_consumption,1704867876805000000,0.006990322312786567,paolo-laptop,influx_dest
power_consumption,1704867877807000000,0.00778525877506509,paolo-laptop,influx_dest
power_consumption,1704867878810000000,0.006756723496357168,paolo-laptop,influx_dest
power_consumption,1704867879812000000,0.006253608376418734,paolo-laptop,influx_dest
power_consumption,1704867880813000000,0.012765491205996573,paolo-laptop,influx_dest
power_consumption,1704867881815000000,0.005860593850169354,paolo-laptop,influx_dest
power_consumption,1704867882817000000,0.00615975202311411,paolo-laptop,influx_dest
power_consumption,1704867883819000000,0.006262765022804286,paolo-laptop,influx_dest
power_consumption,1704867884820000000,0.008010434682186075,paolo-laptop,influx_dest
power_consumption,1704867885822000000,0.0049121276756555685,paolo-laptop,influx_dest
power_consumption,1704867886824000000,0.006597552142142108,paolo-laptop,influx_dest
power_consumption,1704867887827000000,0.005562185968499208,paolo-laptop,influx_dest
power_consumption,1704867888829000000,0.007479775719110819,paolo-laptop,influx_dest
power_consumption,1704867889831000000,0.006451711472933708,paolo-laptop,influx_dest
power_consumption,1704867890833000000,0.01562495689897627,paolo-laptop,influx_dest
power_consumption,1704867891835000000,0.0060456424185473786,paolo-laptop,influx_dest
power_consumption,1704867892837000000,0.00558876474555871,paolo-laptop,influx_dest
power_consumption,1704867893839000000,0.0067095986324489845,paolo-laptop,influx_dest
power_consumption,1704867894841000000,0.00831375580999295,paolo-laptop,influx_dest
power_consumption,1704867895843000000,0.005389220580557291,paolo-laptop,influx_dest
power_consumption,1704867896845000000,0.07114553368615632,paolo-laptop,influx_dest
power_consumption,1704867897847000000,0.005911906127346921,paolo-laptop,influx_dest
power_consumption,1704867898849000000,0.007210350579920031,paolo-laptop,influx_dest
power_consumption,1704867899852000000,0.005953542224596641,paolo-laptop,influx_dest
power_consumption,1704867900854000000,0.014622596525293007,paolo-laptop,influx_dest
power_consumption,1704867901856000000,0.00683574617763664,paolo-laptop,influx_dest
power_consumption,1704867902857000000,0.006617115983305026,paolo-laptop,influx_dest
power_consumption,1704867903860000000,0.00728424654564459,paolo-laptop,influx_dest
power_consumption,1704867904862000000,0.007546224612387856,paolo-laptop,influx_dest
power_consumption,1704867905868000000,0.006428246181673913,paolo-laptop,influx_dest
power_consumption,1704867906871000000,0.011300159152823029,paolo-laptop,influx_dest
power_consumption,1704867907872000000,0.005326576333396834,paolo-laptop,influx_dest
power_consumption,1704867908874000000,0.014029999530599014,paolo-laptop,influx_dest
power_consumption,1704867909877000000,0.0044304704375271306,paolo-laptop,influx_dest
power_consumption,1704867910882000000,0.011555415256567086,paolo-laptop,influx_dest
power_consumption,1704867911885000000,0.003894832549454521,paolo-laptop,influx_dest
power_consumption,1704867912887000000,0.004926743538457663,paolo-laptop,influx_dest
power_consumption,1704867913889000000,0.0032858518169787544,paolo-laptop,influx_dest
power_consumption,1704867914891000000,0.0037750638452897396,paolo-laptop,influx_dest
power_consumption,1704867915896000000,0.00988067726006896,paolo-laptop,influx_dest
power_consumption,1704867916901000000,0.01227073901482164,paolo-laptop,influx_dest
power_consumption,1704867917905000000,0.011624457390237312,paolo-laptop,influx_dest
power_consumption,1704867918906000000,0.00551544213145925,paolo-laptop,influx_dest
power_consumption,1704867919910000000,0.006129903483280476,paolo-laptop,influx_dest
power_consumption,1704867920914000000,0.017074083257839545,paolo-laptop,influx_dest
power_consumption,1704867921916000000,0.004037240941050095,paolo-laptop,influx_dest
power_consumption,1704867922919000000,0.0034156483165076064,paolo-laptop,influx_dest
power_consumption,1704867923923000000,0.006433070426399066,paolo-laptop,influx_dest
power_consumption,1704867925929000000,0.00597537123911282,paolo-laptop,influx_dest
power_consumption,1704867926933000000,0.007745632260749735,paolo-laptop,influx_dest
power_consumption,1704867927934000000,0.0051156579956217136,paolo-laptop,influx_dest
power_consumption,1704867928938000000,0.007276137391688038,paolo-laptop,influx_dest
power_consumption,1704867929939000000,0.003425278798529911,paolo-laptop,influx_dest
power_consumption,1704867930941000000,0.019702526858859558,paolo-laptop,influx_dest
power_consumption,1704867931945000000,0.004918309102524334,paolo-laptop,influx_dest
power_consumption,1704867932949000000,0.005731256477222467,paolo-laptop,influx_dest
power_consumption,1704867933951000000,0.007423172126430722,paolo-laptop,influx_dest
power_consumption,1704867934955000000,0.008751276185209796,paolo-laptop,influx_dest
power_consumption,1704867935959000000,0.006409601999907437,paolo-laptop,influx_dest
power_consumption,1704867936962000000,0.011835700694849587,paolo-laptop,influx_dest
power_consumption,1704867937964000000,0.01109775990074204,paolo-laptop,influx_dest
power_consumption,1704867938968000000,0.013575201024553202,paolo-laptop,influx_dest
power_consumption,1704867939970000000,0.008715833805940994,paolo-laptop,influx_dest
power_consumption,1704867940973000000,0.01334574301772426,paolo-laptop,influx_dest
power_consumption,1704867942978000000,0.0032467674755482295,paolo-laptop,influx_dest
power_consumption,1704867943980000000,0.013679904209100808,paolo-laptop,influx_dest
power_consumption,1704867944985000000,0.011995963829353043,paolo-laptop,influx_dest
power_consumption,1704867945987000000,0.008962993624534685,paolo-laptop,influx_dest
power_consumption,1704867946989000000,0.006090323038389485,paolo-laptop,influx_dest
power_consumption,1704867947994000000,0.003975608315196029,paolo-laptop,influx_dest
power_consumption,1704867948997000000,0.01060301241701852,paolo-laptop,influx_dest
power_consumption,1704867949999000000,0.005473730385424972,paolo-laptop,influx_dest
power_consumption,1704867951000000000,0.01284203073425657,paolo-laptop,influx_dest
power_consumption,1704867954009000000,0.008851193187697606,paolo-laptop,influx_dest
power_consumption,1704867956012000000,0.0069257179434766844,paolo-laptop,influx_dest
power_consumption,1704867957013000000,0.005833268784890566,paolo-laptop,influx_dest
power_consumption,1704867958014000000,0.004784209348898746,paolo-laptop,influx_dest
power_consumption,1704867959016000000,0.006656326207298335,paolo-laptop,influx_dest
power_consumption,1704867960017000000,0.012043980148752907,paolo-laptop,influx_dest
power_consumption,1704867961019000000,0.0033370418330967515,paolo-laptop,influx_dest
power_consumption,1704867962021000000,0.0070654873391809364,paolo-laptop,influx_dest
power_consumption,1704867964025000000,0.012250769651447559,paolo-laptop,influx_dest
power_consumption,1704867965027000000,0.05592944058603279,paolo-laptop,influx_dest
power_consumption,1704867966034000000,0.005671158586785794,paolo-laptop,influx_dest
power_consumption,1704867967036000000,0.011415493730862274,paolo-laptop,influx_dest
power_consumption,1704867969043000000,0.004995117451103127,paolo-laptop,influx_dest
power_consumption,1704867970046000000,0.030932546525764427,paolo-laptop,influx_dest
power_consumption,1704867971048000000,0.009567440874067818,paolo-laptop,influx_dest
power_consumption,1704867972050000000,0.006326508902681738,paolo-laptop,influx_dest
power_consumption,1704867973052000000,0.004059685362596276,paolo-laptop,influx_dest
power_consumption,1704867974054000000,0.009012638810048875,paolo-laptop,influx_dest
power_consumption,1704867975055000000,0.006882145135043416,paolo-laptop,influx_dest
power_consumption,1704867976061000000,0.007296124655301767,paolo-laptop,influx_dest
power_consumption,1704867978068000000,0.0070232723668348755,paolo-laptop,influx_dest
power_consumption,1704867979071000000,0.008957025296401515,paolo-laptop,influx_dest
power_consumption,1704867980073000000,0.015151357568731044,paolo-laptop,influx_dest
power_consumption,1704867981075000000,0.005735412780291858,paolo-laptop,influx_dest
power_consumption,1704867982077000000,0.008219356189184646,paolo-laptop,influx_dest
power_consumption,1704867983078000000,0.005508526639313598,paolo-laptop,influx_dest
power_consumption,1704867984080000000,0.005930591988222397,paolo-laptop,influx_dest
power_consumption,1704867985082000000,0.006518560782720074,paolo-laptop,influx_dest
power_consumption,1704867986084000000,0.0050924159546759575,paolo-laptop,influx_dest
power_consumption,1704867987086000000,0.00473246649542297,paolo-laptop,influx_dest
power_consumption,1704867988087000000,0.0049554443223839804,paolo-laptop,influx_dest
power_consumption,1704867989089000000,0.005839209666357197,paolo-laptop,influx_dest
power_consumption,1704867990092000000,0.012513977372369416,paolo-laptop,influx_dest
power_consumption,1704867991096000000,0.01202373907205236,paolo-laptop,influx_dest
power_consumption,1704867992097000000,0.008120029987064886,paolo-laptop,influx_dest
power_consumption,1704867993099000000,0.005129636709720036,paolo-laptop,influx_dest
power_consumption,1704867995106000000,0.015253228239908512,paolo-laptop,influx_dest
power_consumption,1704867996108000000,0.004835159325649066,paolo-laptop,influx_dest
power_consumption,1704867997109000000,0.005633962827993048,paolo-laptop,influx_dest
power_consumption,1704867998111000000,0.0055333553817280435,paolo-laptop,influx_dest
power_consumption,1704867999112000000,0.005500793216219546,paolo-laptop,influx_dest
power_consumption,1704868000114000000,0.014725408241892089,paolo-laptop,influx_dest
power_consumption,1704868001116000000,0.006598739542967988,paolo-laptop,influx_dest
power_consumption,1704868002118000000,0.005604227046786038,paolo-laptop,influx_dest
power_consumption,1704868003120000000,0.005164223206987003,paolo-laptop,influx_dest
power_consumption,1704868004122000000,0.005597023918125782,paolo-laptop,influx_dest
power_consumption,1704868005123000000,0.007081195055118914,paolo-laptop,influx_dest
power_consumption,1704868006125000000,0.005822093951166963,paolo-laptop,influx_dest
power_consumption,1704868007127000000,0.006715724953371554,paolo-laptop,influx_dest
power_consumption,1704868008130000000,0.005928092593051711,paolo-laptop,influx_dest
power_consumption,1704868009131000000,0.00496151653781868,paolo-laptop,influx_dest
power_consumption,1704868010133000000,0.013502895598866815,paolo-laptop,influx_dest
power_consumption,1704868011135000000,0.005149216051722064,paolo-laptop,influx_dest
power_consumption,1704868012137000000,0.006366230782311267,paolo-laptop,influx_dest
power_consumption,1704868013138000000,0.004573274400573504,paolo-laptop,influx_dest
power_consumption,1704868014139000000,0.006700797155764839,paolo-laptop,influx_dest
power_consumption,1704868015141000000,0.007853580008519514,paolo-laptop,influx_dest
power_consumption,1704868016142000000,0.006056995698240763,paolo-laptop,influx_dest
power_consumption,1704868017143000000,0.00593603713926185,paolo-laptop,influx_dest
power_consumption,1704868018145000000,0.005708671817834499,paolo-laptop,influx_dest
power_consumption,1704868019147000000,0.005619158215447855,paolo-laptop,influx_dest
power_consumption,1704868020150000000,0.019117232856094596,paolo-laptop,influx_dest
power_consumption,1704868021154000000,0.004099936368887656,paolo-laptop,influx_dest
power_consumption,1704868022157000000,0.0033186948937460057,paolo-laptop,influx_dest
power_consumption,1704868023159000000,0.005868137692118109,paolo-laptop,influx_dest
power_consumption,1704868024161000000,0.004872114414953818,paolo-laptop,influx_dest
power_consumption,1704868025163000000,0.00482223495921043,paolo-laptop,influx_dest
power_consumption,1704868026167000000,0.005588594849207373,paolo-laptop,influx_dest
power_consumption,1704868027171000000,0.006081347952346109,paolo-laptop,influx_dest
power_consumption,1704868028173000000,0.005667023790221687,paolo-laptop,influx_dest
power_consumption,1704868029174000000,0.005370645341053937,paolo-laptop,influx_dest
power_consumption,1704868030176000000,0.01519343048253562,paolo-laptop,influx_dest
power_consumption,1704868031179000000,0.006750485212409375,paolo-laptop,influx_dest
power_consumption,1704868032182000000,0.005012301670330624,paolo-laptop,influx_dest
power_consumption,1704868033184000000,0.01738343474465136,paolo-laptop,influx_dest
power_consumption,1704868034185000000,0.006774596526603994,paolo-laptop,influx_dest
power_consumption,1704868035186000000,0.005400833161679683,paolo-laptop,influx_dest
power_consumption,1704868036188000000,0.003896577651539961,paolo-laptop,influx_dest
power_consumption,1704868037189000000,0.0036908182399876446,paolo-laptop,influx_dest
power_consumption,1704868038192000000,0.016016445144267873,paolo-laptop,influx_dest
power_consumption,1704868039194000000,0.004314053780669199,paolo-laptop,influx_dest
power_consumption,1704868040196000000,0.08963294294232317,paolo-laptop,influx_dest
power_consumption,1704868041198000000,0.006302389986966309,paolo-laptop,influx_dest
power_consumption,1704868042202000000,0.00563140257763326,paolo-laptop,influx_dest
power_consumption,1704868043206000000,0.013723450805221813,paolo-laptop,influx_dest
power_consumption,1704868044208000000,0.007501754148756467,paolo-laptop,influx_dest
power_consumption,1704868045214000000,0.007765490444870597,paolo-laptop,influx_dest
power_consumption,1704868046218000000,0.003502274298025969,paolo-laptop,influx_dest
power_consumption,1704868047225000000,0.0046160446512555926,paolo-laptop,influx_dest
power_consumption,1704868050234000000,0.018668273051349254,paolo-laptop,influx_dest
power_consumption,1704868051236000000,0.01499123158615374,paolo-laptop,influx_dest
power_consumption,1704868052237000000,0.004434275062436136,paolo-laptop,influx_dest
power_consumption,1704868053239000000,0.007446092531545951,paolo-laptop,influx_dest
power_consumption,1704868054243000000,0.0062522217405756916,paolo-laptop,influx_dest
power_consumption,1704868055247000000,0.01788139477028529,paolo-laptop,influx_dest
power_consumption,1704868056249000000,0.004459271874428516,paolo-laptop,influx_dest
power_consumption,1704868057253000000,0.006627145391321397,paolo-laptop,influx_dest
power_consumption,1704868058259000000,0.004051568883289405,paolo-laptop,influx_dest
power_consumption,1704868059263000000,0.02199520592422834,paolo-laptop,influx_dest
power_consumption,1704868060265000000,0.01617751005239475,paolo-laptop,influx_dest
power_consumption,1704868061268000000,0.0065067422104265,paolo-laptop,influx_dest
power_consumption,1704868062272000000,0.0036175344336591775,paolo-laptop,influx_dest
power_consumption,1704868063276000000,0.013340117151452278,paolo-laptop,influx_dest
power_consumption,1704868064278000000,0.005508814846923921,paolo-laptop,influx_dest
power_consumption,1704868065282000000,0.007617516084291263,paolo-laptop,influx_dest
power_consumption,1704868066284000000,0.008109984274871185,paolo-laptop,influx_dest
power_consumption,1704868067287000000,0.013103659061015826,paolo-laptop,influx_dest
power_consumption,1704868068291000000,0.014019191283215311,paolo-laptop,influx_dest
power_consumption,1704868069296000000,0.0034727443404056002,paolo-laptop,influx_dest
power_consumption,1704868070298000000,0.012698376815352557,paolo-laptop,influx_dest
power_consumption,1704868071302000000,0.0035614256186830198,paolo-laptop,influx_dest
power_consumption,1704868072304000000,0.005666587528051133,paolo-laptop,influx_dest
power_consumption,1704868073306000000,0.004751296776703342,paolo-laptop,influx_dest
power_consumption,1704868074307000000,0.006340714542637369,paolo-laptop,influx_dest
power_consumption,1704868075309000000,0.011269614656183553,paolo-laptop,influx_dest
power_consumption,1704868076310000000,0.006085821587433576,paolo-laptop,influx_dest
power_consumption,1704868077313000000,0.003932685036862743,paolo-laptop,influx_dest
power_consumption,1704868078317000000,0.0102397283320181,paolo-laptop,influx_dest
power_consumption,1704868079319000000,0.0037493498577179187,paolo-laptop,influx_dest
power_consumption,1704868080322000000,0.021748789766301596,paolo-laptop,influx_dest
power_consumption,1704868081325000000,0.004906999080034163,paolo-laptop,influx_dest
power_consumption,1704868082327000000,0.005330244408655899,paolo-laptop,influx_dest
power_consumption,1704868083328000000,0.006435970850415635,paolo-laptop,influx_dest
power_consumption,1704868084331000000,0.005627002061708314,paolo-laptop,influx_dest
power_consumption,1704868085337000000,0.020718568328365168,paolo-laptop,influx_dest
power_consumption,1704868086340000000,0.012769362011122175,paolo-laptop,influx_dest
power_consumption,1704868087344000000,0.024897744333253643,paolo-laptop,influx_dest
power_consumption,1704868088346000000,0.005307050922858957,paolo-laptop,influx_dest
power_consumption,1704868089347000000,0.003810247442313087,paolo-laptop,influx_dest
power_consumption,1704868090349000000,0.018082339701283798,paolo-laptop,influx_dest
power_consumption,1704868091351000000,0.014179416628183691,paolo-laptop,influx_dest
power_consumption,1704868092353000000,0.007500139287839763,paolo-laptop,influx_dest
power_consumption,1704868093354000000,0.013861710634671369,paolo-laptop,influx_dest
power_consumption,1704868094356000000,0.007764049753039992,paolo-laptop,influx_dest
power_consumption,1704868095357000000,0.006787564546148001,paolo-laptop,influx_dest
power_consumption,1704868096359000000,0.012846468919260721,paolo-laptop,influx_dest
power_consumption,1704868097361000000,0.003390694999834001,paolo-laptop,influx_dest
power_consumption,1704868098363000000,0.003830889620590218,paolo-laptop,influx_dest
power_consumption,1704868099366000000,0.015137636461958405,paolo-laptop,influx_dest
power_consumption,1704868100369000000,0.018876006207580898,paolo-laptop,influx_dest
power_consumption,1704868101371000000,0.0073256869427348326,paolo-laptop,influx_dest
power_consumption,1704868102373000000,0.006108169733884463,paolo-laptop,influx_dest
power_consumption,1704868103374000000,0.006385522629678189,paolo-laptop,influx_dest
power_consumption,1704868104376000000,0.011292701155192486,paolo-laptop,influx_dest
power_consumption,1704868105378000000,0.00771633445159493,paolo-laptop,influx_dest
power_consumption,1704868106381000000,0.011436589984655953,paolo-laptop,influx_dest
power_consumption,1704868107383000000,0.004951245386865677,paolo-laptop,influx_dest
power_consumption,1704868108385000000,0.004762957800326081,paolo-laptop,influx_dest
power_consumption,1704868109387000000,0.006212290336182194,paolo-laptop,influx_dest
power_consumption,1704868110391000000,0.014200539229268888,paolo-laptop,influx_dest
power_consumption,1704868111397000000,0.007314800874571811,paolo-laptop,influx_dest
power_consumption,1704868112407000000,0.005841109008059546,paolo-laptop,influx_dest
power_consumption,1704868113409000000,0.003350924670769967,paolo-laptop,influx_dest
power_consumption,1704868114411000000,0.005910823229621099,paolo-laptop,influx_dest
power_consumption,1704868115415000000,0.017741002291543757,paolo-laptop,influx_dest
power_consumption,1704868116416000000,0.010763696310014588,paolo-laptop,influx_dest
power_consumption,1704868117418000000,0.006367999022299161,paolo-laptop,influx_dest
power_consumption,1704868118421000000,0.005863696657704548,paolo-laptop,influx_dest
power_consumption,1704868119422000000,0.14539278230898142,paolo-laptop,influx_dest
power_consumption,1704868120424000000,0.013342794467998895,paolo-laptop,influx_dest
power_consumption,1704868121428000000,0.014388366497238177,paolo-laptop,influx_dest
power_consumption,1704868122432000000,0.012793785709736896,paolo-laptop,influx_dest
power_consumption,1704868123433000000,0.008433624959142724,paolo-laptop,influx_dest
power_consumption,1704868124438000000,0.0064352117329495384,paolo-laptop,influx_dest
power_consumption,1704868125446000000,0.009377357111242893,paolo-laptop,influx_dest
power_consumption,1704868126447000000,0.00882765550373505,paolo-laptop,influx_dest
power_consumption,1704868127448000000,0.006853506786031001,paolo-laptop,influx_dest
power_consumption,1704868128450000000,0.005789789747124627,paolo-laptop,influx_dest
power_consumption,1704868129454000000,0.003298269626893762,paolo-laptop,influx_dest
power_consumption,1704868132464000000,0.016977037931017645,paolo-laptop,influx_dest
power_consumption,1704868135475000000,0.025124884862182544,paolo-laptop,influx_dest
power_consumption,1704868136479000000,0.01951497149040461,paolo-laptop,influx_dest
power_consumption,1704868137483000000,0.021203647796629775,paolo-laptop,influx_dest
power_consumption,1704868138487000000,0.01600751400135904,paolo-laptop,influx_dest
power_consumption,1704868139489000000,0.007799109071083522,paolo-laptop,influx_dest
power_consumption,1704868140493000000,0.040989214342445325,paolo-laptop,influx_dest
power_consumption,1704868141495000000,0.003708639929765987,paolo-laptop,influx_dest
power_consumption,1704868142497000000,0.005831149476185171,paolo-laptop,influx_dest
power_consumption,1704868143500000000,0.007058499597552958,paolo-laptop,influx_dest
power_consumption,1704868144502000000,0.005622828077800193,paolo-laptop,influx_dest
power_consumption,1704868145506000000,0.006968896160946576,paolo-laptop,influx_dest
power_consumption,1704868146508000000,0.0073358404530920315,paolo-laptop,influx_dest
power_consumption,1704868147512000000,0.007328200098782744,paolo-laptop,influx_dest
power_consumption,1704868148515000000,0.015306680370506084,paolo-laptop,influx_dest
power_consumption,1704868150521000000,0.02957549254973669,paolo-laptop,influx_dest
power_consumption,1704868151522000000,0.004878070859249636,paolo-laptop,influx_dest
power_consumption,1704868152524000000,0.005740457162499549,paolo-laptop,influx_dest
power_consumption,1704868153525000000,0.005708092595948665,paolo-laptop,influx_dest
power_consumption,1704868154526000000,0.012645035093339767,paolo-laptop,influx_dest
power_consumption,1704868156529000000,0.01137095868805034,paolo-laptop,influx_dest
power_consumption,1704868157530000000,0.006431616629849601,paolo-laptop,influx_dest
power_consumption,1704868158532000000,0.005586755173913629,paolo-laptop,influx_dest
power_consumption,1704868159534000000,0.006653115076011297,paolo-laptop,influx_dest
power_consumption,1704868160536000000,0.013099785813905645,paolo-laptop,influx_dest
power_consumption,1704868161538000000,0.003513879992404189,paolo-laptop,influx_dest
power_consumption,1704868162540000000,0.0033988259582975883,paolo-laptop,influx_dest
power_consumption,1704868163542000000,0.016688395287421418,paolo-laptop,influx_dest
power_consumption,1704868164544000000,0.011830097220165649,paolo-laptop,influx_dest
power_consumption,1704868165548000000,0.00738401766983254,paolo-laptop,influx_dest
power_consumption,1704868166550000000,0.003424706334771975,paolo-laptop,influx_dest
power_consumption,1704868167552000000,0.006179488705346101,paolo-laptop,influx_dest
power_consumption,1704868168556000000,0.005319223704183728,paolo-laptop,influx_dest
power_consumption,1704868169558000000,0.00577732461150612,paolo-laptop,influx_dest
power_consumption,1704868170560000000,0.014262688183078394,paolo-laptop,influx_dest
power_consumption,1704868171562000000,0.007513227804488279,paolo-laptop,influx_dest
power_consumption,1704868172563000000,0.007553610386814074,paolo-laptop,influx_dest
power_consumption,1704868173567000000,0.006303997037942747,paolo-laptop,influx_dest
power_consumption,1704868174569000000,0.005833515673433132,paolo-laptop,influx_dest
power_consumption,1704868175571000000,0.0055550269415808725,paolo-laptop,influx_dest
power_consumption,1704868176572000000,0.006500717239931247,paolo-laptop,influx_dest
power_consumption,1704868177576000000,0.0050349409201539165,paolo-laptop,influx_dest
power_consumption,1704868178580000000,0.01386668024326266,paolo-laptop,influx_dest
power_consumption,1704868179584000000,0.013004801423198044,paolo-laptop,influx_dest
power_consumption,1704868180588000000,0.03741977413210132,paolo-laptop,influx_dest
power_consumption,1704868181592000000,0.009856487721426653,paolo-laptop,influx_dest
power_consumption,1704868182594000000,0.014141203363998177,paolo-laptop,influx_dest
power_consumption,1704868183595000000,0.005495679010025322,paolo-laptop,influx_dest
power_consumption,1704868184596000000,0.003846688732273252,paolo-laptop,influx_dest
power_consumption,1704868185600000000,0.009263097764603994,paolo-laptop,influx_dest
power_consumption,1704868186603000000,0.010002100205515866,paolo-laptop,influx_dest
power_consumption,1704868187607000000,0.005521102905488886,paolo-laptop,influx_dest
power_consumption,1704868188611000000,0.0221890324606571,paolo-laptop,influx_dest
power_consumption,1704868189614000000,0.019302570495858734,paolo-laptop,influx_dest
power_consumption,1704868190617000000,0.11380420751717146,paolo-laptop,influx_dest
power_consumption,1704868191620000000,0.0062937119483774204,paolo-laptop,influx_dest
power_consumption,1704868192624000000,0.007877180641232415,paolo-laptop,influx_dest
power_consumption,1704868194630000000,0.008336914353576369,paolo-laptop,influx_dest
power_consumption,1704868195633000000,0.00659911803837879,paolo-laptop,influx_dest
power_consumption,1704868196638000000,0.020085545271949327,paolo-laptop,influx_dest
power_consumption,1704868197643000000,0.017586661990195717,paolo-laptop,influx_dest
power_consumption,1704868200654000000,0.011271931859817026,paolo-laptop,influx_dest
power_consumption,1704868201656000000,0.008108060573863674,paolo-laptop,influx_dest
power_consumption,1704868202661000000,0.005720908744074315,paolo-laptop,influx_dest
power_consumption,1704868203664000000,0.015132285788072627,paolo-laptop,influx_dest
power_consumption,1704868204666000000,0.008416127123230324,paolo-laptop,influx_dest
power_consumption,1704868205668000000,0.004861308870826699,paolo-laptop,influx_dest
power_consumption,1704868206669000000,0.005421686653709073,paolo-laptop,influx_dest
power_consumption,1704868207672000000,0.008712967586591621,paolo-laptop,influx_dest
power_consumption,1704868208674000000,0.007026384543457992,paolo-laptop,influx_dest
power_consumption,1704868209675000000,0.005765218138579994,paolo-laptop,influx_dest
power_consumption,1704868210680000000,0.014887383832569684,paolo-laptop,influx_dest
power_consumption,1704868211684000000,0.00796102129079886,paolo-laptop,influx_dest
power_consumption,1704868212685000000,0.016392909269022454,paolo-laptop,influx_dest
power_consumption,1704868213687000000,0.003711223709992729,paolo-laptop,influx_dest
power_consumption,1704868214689000000,0.008515832039584092,paolo-laptop,influx_dest
power_consumption,1704868215690000000,0.01596372799271986,paolo-laptop,influx_dest
power_consumption,1704868216692000000,0.006742091951458159,paolo-laptop,influx_dest
power_consumption,1704868217694000000,0.01209663049329109,paolo-laptop,influx_dest
power_consumption,1704868219698000000,0.006018859763815539,paolo-laptop,influx_dest
power_consumption,1704868220700000000,0.03048642658002703,paolo-laptop,influx_dest
power_consumption,1704868221702000000,0.003879171976920846,paolo-laptop,influx_dest
power_consumption,1704868222704000000,0.004476271922243154,paolo-laptop,influx_dest
power_consumption,1704868223706000000,0.0075577021175856195,paolo-laptop,influx_dest
power_consumption,1704868224710000000,0.011891347383779755,paolo-laptop,influx_dest
power_consumption,1704868225713000000,0.005482574891649605,paolo-laptop,influx_dest
power_consumption,1704868226715000000,0.00541727080167337,paolo-laptop,influx_dest
power_consumption,1704868227717000000,0.0069403616832778865,paolo-laptop,influx_dest
power_consumption,1704868228721000000,0.003901875721620479,paolo-laptop,influx_dest
power_consumption,1704868229724000000,0.0045708064517779486,paolo-laptop,influx_dest
power_consumption,1704868230726000000,0.014499584453589967,paolo-laptop,influx_dest
power_consumption,1704868231729000000,0.0053625323168143835,paolo-laptop,influx_dest
power_consumption,1704868232731000000,0.012133637256322842,paolo-laptop,influx_dest
power_consumption,1704868233733000000,0.006534314507569462,paolo-laptop,influx_dest
power_consumption,1704868234735000000,0.004635670895135027,paolo-laptop,influx_dest
power_consumption,1704868235738000000,0.004745949942683815,paolo-laptop,influx_dest
power_consumption,1704868236739000000,0.006652489678806078,paolo-laptop,influx_dest
power_consumption,1704868237741000000,0.0036804598994208525,paolo-laptop,influx_dest
power_consumption,1704868238744000000,0.010699852851643559,paolo-laptop,influx_dest
power_consumption,1704868239748000000,0.012586144016769215,paolo-laptop,influx_dest
power_consumption,1704868240751000000,0.02937635796201089,paolo-laptop,influx_dest
power_consumption,1704868241753000000,0.00562014716510479,paolo-laptop,influx_dest
power_consumption,1704868242754000000,0.012934422182682388,paolo-laptop,influx_dest
power_consumption,1704868243756000000,0.012186583141940446,paolo-laptop,influx_dest
power_consumption,1704868244757000000,0.007606996529376024,paolo-laptop,influx_dest
power_consumption,1704868245759000000,0.006359911058044194,paolo-laptop,influx_dest
power_consumption,1704868246761000000,0.006713634579831579,paolo-laptop,influx_dest
power_consumption,1704868247762000000,0.0057528361072862865,paolo-laptop,influx_dest
power_consumption,1704868248764000000,0.004731267938368072,paolo-laptop,influx_dest
power_consumption,1704868249767000000,0.005367308009902336,paolo-laptop,influx_dest
power_consumption,1704868250769000000,0.014970242274942244,paolo-laptop,influx_dest
power_consumption,1704868251770000000,0.0061557423236709395,paolo-laptop,influx_dest
power_consumption,1704868252774000000,0.006862463541359926,paolo-laptop,influx_dest
power_consumption,1704868253775000000,0.006036977924176631,paolo-laptop,influx_dest
power_consumption,1704868254776000000,0.006991833744206997,paolo-laptop,influx_dest
power_consumption,1704868255780000000,0.0065553640490585725,paolo-laptop,influx_dest
power_consumption,1704868256782000000,0.022129642733058896,paolo-laptop,influx_dest
power_consumption,1704868257785000000,0.00639434300486264,paolo-laptop,influx_dest
power_consumption,1704868258787000000,0.01386777798476497,paolo-laptop,influx_dest
power_consumption,1704868259789000000,0.005646210358243819,paolo-laptop,influx_dest
power_consumption,1704868260792000000,0.01683762148572053,paolo-laptop,influx_dest
power_consumption,1704868261796000000,0.007368378020444402,paolo-laptop,influx_dest
power_consumption,1704868262797000000,0.01882864505333901,paolo-laptop,influx_dest
power_consumption,1704868263801000000,0.006842682631309275,paolo-laptop,influx_dest
power_consumption,1704868264802000000,0.0065806617865528175,paolo-laptop,influx_dest
power_consumption,1704868265806000000,0.011040334926179224,paolo-laptop,influx_dest
