name,time,power,sensor,target
power_consumption,1705276960241000000,0.011095044605464517,paolo-laptop,hwpc-sensor-container
power_consumption,1705276961243000000,0.011966796910581806,paolo-laptop,hwpc-sensor-container
power_consumption,1705276962245000000,0.011989653400045232,paolo-laptop,hwpc-sensor-container
power_consumption,1705276963247000000,0.011159164613582323,paolo-laptop,hwpc-sensor-container
power_consumption,1705276964250000000,0.011710460344640244,paolo-laptop,hwpc-sensor-container
power_consumption,1705276965254000000,0.015662381188259644,paolo-laptop,hwpc-sensor-container
power_consumption,1705276967259000000,0.0163519557772501,paolo-laptop,hwpc-sensor-container
power_consumption,1705276969264000000,0.02310492393210977,paolo-laptop,hwpc-sensor-container
power_consumption,1705276971268000000,0.010649659147523216,paolo-laptop,hwpc-sensor-container
power_consumption,1705276973272000000,0.01129586492828695,paolo-laptop,hwpc-sensor-container
power_consumption,1705276974274000000,0.012062798252168078,paolo-laptop,hwpc-sensor-container
power_consumption,1705276975277000000,0.011796137587241316,paolo-laptop,hwpc-sensor-container
power_consumption,1705276976279000000,0.01135212364053328,paolo-laptop,hwpc-sensor-container
power_consumption,1705276978284000000,0.012047762522416417,paolo-laptop,hwpc-sensor-container
power_consumption,1705276979290000000,0.011631352175528168,paolo-laptop,hwpc-sensor-container
power_consumption,1705276980292000000,0.011241277448280759,paolo-laptop,hwpc-sensor-container
power_consumption,1705276981294000000,0.011425626807384789,paolo-laptop,hwpc-sensor-container
power_consumption,1705276982297000000,0.011481679791435669,paolo-laptop,hwpc-sensor-container
power_consumption,1705276983299000000,0.011087445803764747,paolo-laptop,hwpc-sensor-container
power_consumption,1705276984301000000,0.010964109154686093,paolo-laptop,hwpc-sensor-container
power_consumption,1705276985308000000,0.010678950737736613,paolo-laptop,hwpc-sensor-container
power_consumption,1705276986311000000,0.011568352557603743,paolo-laptop,hwpc-sensor-container
power_consumption,1705276987313000000,0.010950305518933286,paolo-laptop,hwpc-sensor-container
power_consumption,1705276988315000000,0.010729168266395805,paolo-laptop,hwpc-sensor-container
power_consumption,1705276989317000000,0.011000081634551654,paolo-laptop,hwpc-sensor-container
power_consumption,1705276990319000000,0.010817723794076533,paolo-laptop,hwpc-sensor-container
power_consumption,1705276991321000000,0.011493484850777424,paolo-laptop,hwpc-sensor-container
power_consumption,1705276995330000000,0.011125106165295924,paolo-laptop,hwpc-sensor-container
power_consumption,1705277005368000000,0.01187322897977984,paolo-laptop,hwpc-sensor-container
power_consumption,1705277006377000000,0.011235262282010505,paolo-laptop,hwpc-sensor-container
power_consumption,1705277007382000000,0.011393567041349691,paolo-laptop,hwpc-sensor-container
power_consumption,1705277008383000000,0.01104052059689626,paolo-laptop,hwpc-sensor-container
power_consumption,1705277009385000000,0.010716693047260133,paolo-laptop,hwpc-sensor-container
power_consumption,1705277010387000000,0.011336587566186006,paolo-laptop,hwpc-sensor-container
power_consumption,1705277011389000000,0.011075552383551634,paolo-laptop,hwpc-sensor-container
power_consumption,1705277012391000000,0.011300812791003643,paolo-laptop,hwpc-sensor-container
power_consumption,1705277013393000000,0.011182046908785536,paolo-laptop,hwpc-sensor-container
power_consumption,1705277014395000000,0.01043577909207554,paolo-laptop,hwpc-sensor-container
power_consumption,1705277015397000000,0.011662887039783703,paolo-laptop,hwpc-sensor-container
power_consumption,1705277016399000000,0.01157745125998685,paolo-laptop,hwpc-sensor-container
power_consumption,1705277017401000000,0.011674571558716628,paolo-laptop,hwpc-sensor-container
power_consumption,1705277018402000000,0.010953881168420998,paolo-laptop,hwpc-sensor-container
power_consumption,1705277019404000000,0.011069751247036004,paolo-laptop,hwpc-sensor-container
power_consumption,1705277020407000000,0.01106319788905851,paolo-laptop,hwpc-sensor-container
power_consumption,1705277021409000000,0.011098539391910148,paolo-laptop,hwpc-sensor-container
power_consumption,1705277022410000000,0.01072722177918789,paolo-laptop,hwpc-sensor-container
power_consumption,1705277023412000000,0.011009429585677213,paolo-laptop,hwpc-sensor-container
power_consumption,1705277024415000000,0.011096914461196285,paolo-laptop,hwpc-sensor-container
power_consumption,1705277025417000000,0.010792497953350352,paolo-laptop,hwpc-sensor-container
power_consumption,1705277026418000000,0.011628104770941944,paolo-laptop,hwpc-sensor-container
power_consumption,1705277027420000000,0.010880022692109269,paolo-laptop,hwpc-sensor-container
power_consumption,1705277028422000000,0.011064541667754543,paolo-laptop,hwpc-sensor-container
power_consumption,1705277029424000000,0.011166948882598096,paolo-laptop,hwpc-sensor-container
power_consumption,1705277030426000000,0.010773558489280159,paolo-laptop,hwpc-sensor-container
power_consumption,1705277031428000000,0.01140733466419969,paolo-laptop,hwpc-sensor-container
power_consumption,1705277032430000000,0.01140765951345125,paolo-laptop,hwpc-sensor-container
power_consumption,1705277033436000000,0.011486101484268145,paolo-laptop,hwpc-sensor-container
power_consumption,1705277034439000000,0.01163990436163325,paolo-laptop,hwpc-sensor-container
power_consumption,1705277035441000000,0.011394760817827844,paolo-laptop,hwpc-sensor-container
power_consumption,1705277036444000000,0.011337174344208637,paolo-laptop,hwpc-sensor-container
power_consumption,1705277037447000000,0.010833565172572744,paolo-laptop,hwpc-sensor-container
power_consumption,1705277038449000000,0.011872149942307262,paolo-laptop,hwpc-sensor-container
power_consumption,1705277039456000000,0.01067597896797463,paolo-laptop,hwpc-sensor-container
power_consumption,1705277040458000000,0.010878224553569005,paolo-laptop,hwpc-sensor-container
power_consumption,1705277041460000000,0.011467746736045312,paolo-laptop,hwpc-sensor-container
power_consumption,1705277042463000000,0.010754399513262295,paolo-laptop,hwpc-sensor-container
power_consumption,1705277043465000000,0.011122821072023208,paolo-laptop,hwpc-sensor-container
power_consumption,1705277044467000000,0.011106591576143136,paolo-laptop,hwpc-sensor-container
power_consumption,1705277045469000000,0.011103872553977927,paolo-laptop,hwpc-sensor-container
power_consumption,1705277046472000000,0.010937353715671384,paolo-laptop,hwpc-sensor-container
power_consumption,1705277047474000000,0.009739180272589888,paolo-laptop,hwpc-sensor-container
power_consumption,1705277048476000000,0.010472864676883548,paolo-laptop,hwpc-sensor-container
power_consumption,1705277049478000000,0.01174036322986509,paolo-laptop,hwpc-sensor-container
power_consumption,1705277050481000000,0.010993312661961822,paolo-laptop,hwpc-sensor-container
power_consumption,1705277051483000000,0.009273592329735098,paolo-laptop,hwpc-sensor-container
power_consumption,1705277055495000000,0.010319936166665676,paolo-laptop,hwpc-sensor-container
power_consumption,1705277056496000000,0.010429687319293125,paolo-laptop,hwpc-sensor-container
power_consumption,1705277060503000000,0.009027946257375371,paolo-laptop,hwpc-sensor-container
power_consumption,1705277065512000000,0.010473775739584983,paolo-laptop,hwpc-sensor-container
power_consumption,1705277067517000000,0.011107772924822117,paolo-laptop,hwpc-sensor-container
power_consumption,1705277068523000000,0.010847499532284489,paolo-laptop,hwpc-sensor-container
power_consumption,1705277069529000000,0.012081394755329851,paolo-laptop,hwpc-sensor-container
power_consumption,1705277070530000000,0.010814466691195377,paolo-laptop,hwpc-sensor-container
power_consumption,1705277071534000000,0.011227244520270754,paolo-laptop,hwpc-sensor-container
power_consumption,1705277072536000000,0.011091508035662704,paolo-laptop,hwpc-sensor-container
power_consumption,1705277073538000000,0.010701278882121495,paolo-laptop,hwpc-sensor-container
power_consumption,1705277074540000000,0.010896020783433097,paolo-laptop,hwpc-sensor-container
power_consumption,1705277075542000000,0.012306017543223313,paolo-laptop,hwpc-sensor-container
power_consumption,1705277076548000000,0.010761999113013947,paolo-laptop,hwpc-sensor-container
power_consumption,1705277077550000000,0.010815159591085909,paolo-laptop,hwpc-sensor-container
power_consumption,1705277078552000000,0.010715001398913964,paolo-laptop,hwpc-sensor-container
power_consumption,1705277079553000000,0.010682509098230264,paolo-laptop,hwpc-sensor-container
power_consumption,1705277080555000000,0.011314365904461022,paolo-laptop,hwpc-sensor-container
power_consumption,1705277081557000000,0.011359735706563746,paolo-laptop,hwpc-sensor-container
power_consumption,1705277082562000000,0.01180411648508052,paolo-laptop,hwpc-sensor-container
power_consumption,1705277083564000000,0.011315873621172163,paolo-laptop,hwpc-sensor-container
power_consumption,1705277091587000000,0.011321770172170374,paolo-laptop,hwpc-sensor-container
power_consumption,1705277092589000000,0.011083655548217419,paolo-laptop,hwpc-sensor-container
power_consumption,1705277093593000000,0.014057672452305235,paolo-laptop,hwpc-sensor-container
power_consumption,1705277095597000000,0.011642649157705475,paolo-laptop,hwpc-sensor-container
power_consumption,1705277096599000000,0.01167363649594743,paolo-laptop,hwpc-sensor-container
power_consumption,1705277099606000000,0.011484629523254814,paolo-laptop,hwpc-sensor-container
power_consumption,1705277100608000000,0.011200007218777366,paolo-laptop,hwpc-sensor-container
power_consumption,1705277101609000000,0.01226649420890633,paolo-laptop,hwpc-sensor-container
power_consumption,1705277117658000000,0.012298055723824993,paolo-laptop,hwpc-sensor-container
power_consumption,1705277118667000000,0.010018212208017917,paolo-laptop,hwpc-sensor-container
power_consumption,1705277119672000000,0.01121773665769542,paolo-laptop,hwpc-sensor-container
power_consumption,1705277120674000000,0.011352892289119999,paolo-laptop,hwpc-sensor-container
power_consumption,1705277122678000000,0.010758004360950339,paolo-laptop,hwpc-sensor-container
power_consumption,1705277123681000000,0.011318378845703855,paolo-laptop,hwpc-sensor-container
power_consumption,1705277124683000000,0.010611875125995313,paolo-laptop,hwpc-sensor-container
power_consumption,1705277125686000000,0.010732177028035072,paolo-laptop,hwpc-sensor-container
power_consumption,1705277126688000000,0.010892897447507884,paolo-laptop,hwpc-sensor-container
power_consumption,1705277127690000000,0.011033985892668075,paolo-laptop,hwpc-sensor-container
power_consumption,1705277128693000000,0.010922825667537415,paolo-laptop,hwpc-sensor-container
power_consumption,1705277130698000000,0.011231767069268768,paolo-laptop,hwpc-sensor-container
power_consumption,1705277131701000000,0.012316267445351978,paolo-laptop,hwpc-sensor-container
power_consumption,1705277132703000000,0.01128764363098958,paolo-laptop,hwpc-sensor-container
power_consumption,1705277133710000000,0.010869186524385954,paolo-laptop,hwpc-sensor-container
power_consumption,1705277134712000000,0.011006182291947823,paolo-laptop,hwpc-sensor-container
power_consumption,1705277135714000000,0.0107946088659195,paolo-laptop,hwpc-sensor-container
power_consumption,1705277136717000000,0.011057714010362587,paolo-laptop,hwpc-sensor-container
power_consumption,1705277137721000000,0.010970749594888777,paolo-laptop,hwpc-sensor-container
power_consumption,1705277138723000000,0.010801673888579432,paolo-laptop,hwpc-sensor-container
power_consumption,1705277139726000000,0.010961504479341338,paolo-laptop,hwpc-sensor-container
power_consumption,1705277140728000000,0.010821337287100784,paolo-laptop,hwpc-sensor-container
power_consumption,1705277141730000000,0.011774791528041253,paolo-laptop,hwpc-sensor-container
power_consumption,1705277142732000000,0.010682298415587838,paolo-laptop,hwpc-sensor-container
power_consumption,1705277143735000000,0.011606390943817303,paolo-laptop,hwpc-sensor-container
power_consumption,1705277144741000000,0.010767144672829337,paolo-laptop,hwpc-sensor-container
power_consumption,1705277145743000000,0.011005002127767293,paolo-laptop,hwpc-sensor-container
power_consumption,1705277146745000000,0.0106557027085752,paolo-laptop,hwpc-sensor-container
power_consumption,1705277147747000000,0.011305157253316912,paolo-laptop,hwpc-sensor-container
power_consumption,1705277148750000000,0.011325850653872808,paolo-laptop,hwpc-sensor-container
power_consumption,1705277149752000000,0.012048909686216944,paolo-laptop,hwpc-sensor-container
power_consumption,1705277150754000000,0.01090428466119771,paolo-laptop,hwpc-sensor-container
power_consumption,1705277151757000000,0.01172664049674887,paolo-laptop,hwpc-sensor-container
power_consumption,1705277152759000000,0.012811616407879626,paolo-laptop,hwpc-sensor-container
power_consumption,1705277153766000000,0.010952056830358534,paolo-laptop,hwpc-sensor-container
power_consumption,1705277154768000000,0.010838584892855857,paolo-laptop,hwpc-sensor-container
power_consumption,1705277155770000000,0.011001289233596646,paolo-laptop,hwpc-sensor-container
power_consumption,1705277156773000000,0.016917551912775657,paolo-laptop,hwpc-sensor-container
power_consumption,1705277158779000000,0.014459786008209633,paolo-laptop,hwpc-sensor-container
power_consumption,1705277159787000000,0.012267800477417013,paolo-laptop,hwpc-sensor-container
power_consumption,1705277160793000000,0.012525758175776894,paolo-laptop,hwpc-sensor-container
power_consumption,1705277162796000000,0.013087865433780349,paolo-laptop,hwpc-sensor-container
power_consumption,1705277163798000000,0.012233828721715226,paolo-laptop,hwpc-sensor-container
power_consumption,1705277164800000000,0.012693636455449565,paolo-laptop,hwpc-sensor-container
power_consumption,1705277165803000000,0.011739416935891232,paolo-laptop,hwpc-sensor-container
power_consumption,1705277166805000000,0.012147071312759664,paolo-laptop,hwpc-sensor-container
power_consumption,1705277167807000000,0.011955292118136958,paolo-laptop,hwpc-sensor-container
power_consumption,1705277168809000000,0.009696967598095537,paolo-laptop,hwpc-sensor-container
power_consumption,1705277169811000000,0.010804320105079599,paolo-laptop,hwpc-sensor-container
power_consumption,1705277170813000000,0.013560615457319132,paolo-laptop,hwpc-sensor-container
power_consumption,1705277171815000000,0.01301451724234962,paolo-laptop,hwpc-sensor-container
power_consumption,1705277172820000000,0.014426924634543165,paolo-laptop,hwpc-sensor-container
power_consumption,1705277173822000000,0.01330042561965162,paolo-laptop,hwpc-sensor-container
power_consumption,1705277174824000000,0.012461790838741611,paolo-laptop,hwpc-sensor-container
power_consumption,1705277175827000000,0.011511436310567641,paolo-laptop,hwpc-sensor-container
power_consumption,1705277176829000000,0.012473524567930262,paolo-laptop,hwpc-sensor-container
power_consumption,1705277177833000000,0.011780301798281989,paolo-laptop,hwpc-sensor-container
power_consumption,1705277180840000000,0.011891281699355117,paolo-laptop,hwpc-sensor-container
power_consumption,1705277181843000000,0.012244594301276052,paolo-laptop,hwpc-sensor-container
power_consumption,1705277187862000000,0.013236720184014979,paolo-laptop,hwpc-sensor-container
power_consumption,1705277190877000000,0.011352493184219558,paolo-laptop,hwpc-sensor-container
power_consumption,1705277200914000000,0.010539447373337119,paolo-laptop,hwpc-sensor-container
power_consumption,1705277206926000000,0.014770072402651872,paolo-laptop,hwpc-sensor-container
power_consumption,1705277208931000000,0.012224017865057123,paolo-laptop,hwpc-sensor-container
power_consumption,1705277209933000000,0.01508093132932545,paolo-laptop,hwpc-sensor-container
power_consumption,1705277212938000000,0.00999466689355388,paolo-laptop,hwpc-sensor-container
power_consumption,1705277214943000000,0.012237336948474788,paolo-laptop,hwpc-sensor-container
power_consumption,1705277216954000000,0.011529392697389234,paolo-laptop,hwpc-sensor-container
power_consumption,1705277217958000000,0.01164861312375374,paolo-laptop,hwpc-sensor-container
power_consumption,1705277218961000000,0.012218767857077335,paolo-laptop,hwpc-sensor-container
power_consumption,1705277219965000000,0.015384710394560876,paolo-laptop,hwpc-sensor-container
power_consumption,1705277221970000000,0.01270709174012154,paolo-laptop,hwpc-sensor-container
power_consumption,1705277222972000000,0.01023957545830362,paolo-laptop,hwpc-sensor-container
power_consumption,1705277223974000000,0.012337843716035787,paolo-laptop,hwpc-sensor-container
power_consumption,1705277224976000000,0.012341204505024374,paolo-laptop,hwpc-sensor-container
power_consumption,1705277225977000000,0.011634871342012897,paolo-laptop,hwpc-sensor-container
power_consumption,1705277226979000000,0.016747686524290022,paolo-laptop,hwpc-sensor-container
power_consumption,1705277227981000000,0.010301226387951997,paolo-laptop,hwpc-sensor-container
power_consumption,1705277228983000000,0.01374039193014098,paolo-laptop,hwpc-sensor-container
power_consumption,1705277230987000000,0.014422338430502998,paolo-laptop,hwpc-sensor-container
power_consumption,1705277231990000000,0.013336673736718027,paolo-laptop,hwpc-sensor-container
power_consumption,1705277232992000000,0.014367783333669254,paolo-laptop,hwpc-sensor-container
power_consumption,1705277233994000000,0.01130173054990322,paolo-laptop,hwpc-sensor-container
power_consumption,1705277235997000000,0.015689954955690706,paolo-laptop,hwpc-sensor-container
power_consumption,1705277238001000000,0.013235629845914317,paolo-laptop,hwpc-sensor-container
power_consumption,1705277239004000000,0.012440726305206193,paolo-laptop,hwpc-sensor-container
power_consumption,1705277240007000000,0.010024398009579731,paolo-laptop,hwpc-sensor-container
power_consumption,1705277241011000000,0.015731183897537533,paolo-laptop,hwpc-sensor-container
power_consumption,1705277242014000000,0.01352280632074201,paolo-laptop,hwpc-sensor-container
power_consumption,1705277243016000000,0.011504989813972822,paolo-laptop,hwpc-sensor-container
power_consumption,1705277244018000000,0.01247139626570359,paolo-laptop,hwpc-sensor-container
power_consumption,1705277245020000000,0.011254851284448232,paolo-laptop,hwpc-sensor-container
power_consumption,1705277246022000000,0.01137696912802465,paolo-laptop,hwpc-sensor-container
power_consumption,1705277247026000000,0.012513534608628168,paolo-laptop,hwpc-sensor-container
power_consumption,1705277249030000000,0.012710743519925719,paolo-laptop,hwpc-sensor-container
power_consumption,1705277253041000000,0.012821148765512557,paolo-laptop,hwpc-sensor-container
power_consumption,1705277254043000000,0.011878857968356357,paolo-laptop,hwpc-sensor-container
power_consumption,1705277255045000000,0.01161848563546748,paolo-laptop,hwpc-sensor-container
power_consumption,1705277256047000000,0.011676486572268576,paolo-laptop,hwpc-sensor-container
power_consumption,1705277257051000000,0.013202392601921364,paolo-laptop,hwpc-sensor-container
power_consumption,1705277258053000000,0.010946363605781748,paolo-laptop,hwpc-sensor-container
power_consumption,1705277259055000000,0.012362621837967694,paolo-laptop,hwpc-sensor-container
power_consumption,1705277260057000000,0.013149392146781083,paolo-laptop,hwpc-sensor-container
power_consumption,1705277261061000000,0.012389722145518183,paolo-laptop,hwpc-sensor-container
power_consumption,1705277263067000000,0.0164120484782364,paolo-laptop,hwpc-sensor-container
power_consumption,1705277265086000000,0.011364708229531485,paolo-laptop,hwpc-sensor-container
power_consumption,1705277266088000000,0.012332269973205582,paolo-laptop,hwpc-sensor-container
power_consumption,1705277267092000000,0.01263064996365424,paolo-laptop,hwpc-sensor-container
power_consumption,1705277268096000000,0.012827105126562132,paolo-laptop,hwpc-sensor-container
power_consumption,1705277269100000000,0.011178210245305777,paolo-laptop,hwpc-sensor-container
power_consumption,1705277270101000000,0.012439548994736826,paolo-laptop,hwpc-sensor-container
power_consumption,1705277271103000000,0.012604407120486737,paolo-laptop,hwpc-sensor-container
power_consumption,1705277272106000000,0.012173872840146479,paolo-laptop,hwpc-sensor-container
power_consumption,1705277273110000000,0.010831776497879277,paolo-laptop,hwpc-sensor-container
power_consumption,1705277276115000000,0.013000372124679376,paolo-laptop,hwpc-sensor-container
power_consumption,1705277277117000000,0.013735738486289333,paolo-laptop,hwpc-sensor-container
power_consumption,1705277278122000000,0.013627739191468615,paolo-laptop,hwpc-sensor-container
power_consumption,1705277279127000000,0.012525737831316455,paolo-laptop,hwpc-sensor-container
power_consumption,1705277280133000000,0.013140391267971004,paolo-laptop,hwpc-sensor-container
power_consumption,1705277281135000000,0.01083188213482824,paolo-laptop,hwpc-sensor-container
power_consumption,1705277282137000000,0.012643566547330632,paolo-laptop,hwpc-sensor-container
power_consumption,1705277283140000000,0.012665275527705713,paolo-laptop,hwpc-sensor-container
power_consumption,1705277284142000000,0.014689900227793547,paolo-laptop,hwpc-sensor-container
power_consumption,1705277285145000000,0.011925081220695473,paolo-laptop,hwpc-sensor-container
power_consumption,1705277286147000000,0.014150819655745198,paolo-laptop,hwpc-sensor-container
power_consumption,1705277287153000000,0.009782242013279808,paolo-laptop,hwpc-sensor-container
power_consumption,1705277288155000000,0.012465980227318964,paolo-laptop,hwpc-sensor-container
power_consumption,1705277289159000000,0.012727271957432524,paolo-laptop,hwpc-sensor-container
power_consumption,1705277291163000000,0.011712419396932936,paolo-laptop,hwpc-sensor-container
power_consumption,1705277292166000000,0.012886275379806422,paolo-laptop,hwpc-sensor-container
power_consumption,1705277293167000000,0.01276813792661926,paolo-laptop,hwpc-sensor-container
power_consumption,1705277294172000000,0.011760636213669533,paolo-laptop,hwpc-sensor-container
power_consumption,1705277296181000000,0.011878322288200252,paolo-laptop,hwpc-sensor-container
power_consumption,1705277297185000000,0.014016526375465207,paolo-laptop,hwpc-sensor-container
power_consumption,1705277298187000000,0.01411856791642303,paolo-laptop,hwpc-sensor-container
power_consumption,1705277299190000000,0.013571067337044895,paolo-laptop,hwpc-sensor-container
power_consumption,1705277300192000000,0.01284785633025741,paolo-laptop,hwpc-sensor-container
power_consumption,1705277301194000000,0.01254281310368181,paolo-laptop,hwpc-sensor-container
power_consumption,1705277302198000000,0.012532054689502397,paolo-laptop,hwpc-sensor-container
power_consumption,1705277304204000000,0.013516227591546425,paolo-laptop,hwpc-sensor-container
power_consumption,1705277305205000000,0.012651644619319242,paolo-laptop,hwpc-sensor-container
power_consumption,1705277306209000000,0.012101610114753907,paolo-laptop,hwpc-sensor-container
power_consumption,1705277308215000000,0.016020598544345836,paolo-laptop,hwpc-sensor-container
power_consumption,1705277309217000000,0.014262529054751838,paolo-laptop,hwpc-sensor-container
power_consumption,1705277310219000000,0.011634477035613747,paolo-laptop,hwpc-sensor-container
power_consumption,1705277311222000000,0.01245988663737473,paolo-laptop,hwpc-sensor-container
power_consumption,1705277312224000000,0.012458829487587359,paolo-laptop,hwpc-sensor-container
power_consumption,1705277314229000000,0.012030883626860306,paolo-laptop,hwpc-sensor-container
power_consumption,1705277315231000000,0.01299109481739699,paolo-laptop,hwpc-sensor-container
power_consumption,1705277316233000000,0.012078425451132952,paolo-laptop,hwpc-sensor-container
power_consumption,1705277317237000000,0.01532230133903907,paolo-laptop,hwpc-sensor-container
power_consumption,1705277318242000000,0.013074263302520017,paolo-laptop,hwpc-sensor-container
power_consumption,1705277319244000000,0.011673554094120586,paolo-laptop,hwpc-sensor-container
power_consumption,1705277320246000000,0.01196115052843399,paolo-laptop,hwpc-sensor-container
power_consumption,1705277321249000000,0.0124624061444122,paolo-laptop,hwpc-sensor-container
power_consumption,1705277322251000000,0.012177343050466116,paolo-laptop,hwpc-sensor-container
power_consumption,1705277323255000000,0.01308011209678633,paolo-laptop,hwpc-sensor-container
power_consumption,1705277324257000000,0.011618816613601387,paolo-laptop,hwpc-sensor-container
power_consumption,1705277325259000000,0.01266999934879396,paolo-laptop,hwpc-sensor-container
power_consumption,1705277326260000000,0.01329844431258611,paolo-laptop,hwpc-sensor-container
power_consumption,1705277327262000000,0.013742677177399652,paolo-laptop,hwpc-sensor-container
power_consumption,1705277328265000000,0.014205023483546925,paolo-laptop,hwpc-sensor-container
power_consumption,1705277329267000000,0.010921774768459964,paolo-laptop,hwpc-sensor-container
power_consumption,1705277331272000000,0.01141620579855564,paolo-laptop,hwpc-sensor-container
power_consumption,1705277332275000000,0.01027959579377772,paolo-laptop,hwpc-sensor-container
power_consumption,1705277333278000000,0.012189876281315943,paolo-laptop,hwpc-sensor-container
power_consumption,1705277334281000000,0.013245927953800156,paolo-laptop,hwpc-sensor-container
power_consumption,1705277335282000000,0.012139146987656134,paolo-laptop,hwpc-sensor-container
power_consumption,1705277336285000000,0.011114443776411485,paolo-laptop,hwpc-sensor-container
power_consumption,1705277337286000000,0.01229509339157631,paolo-laptop,hwpc-sensor-container
power_consumption,1705277338288000000,0.013525697088961754,paolo-laptop,hwpc-sensor-container
power_consumption,1705277339290000000,0.01374658087435621,paolo-laptop,hwpc-sensor-container
power_consumption,1705277340291000000,0.014466593681928052,paolo-laptop,hwpc-sensor-container
power_consumption,1705277341293000000,0.012558049893714575,paolo-laptop,hwpc-sensor-container
power_consumption,1705277342296000000,0.012478432797605618,paolo-laptop,hwpc-sensor-container
power_consumption,1705277343297000000,0.010939459144861585,paolo-laptop,hwpc-sensor-container
power_consumption,1705277344299000000,0.011927006290475578,paolo-laptop,hwpc-sensor-container
power_consumption,1705277345301000000,0.012006514055463303,paolo-laptop,hwpc-sensor-container
power_consumption,1705277346306000000,0.014092930845440778,paolo-laptop,hwpc-sensor-container
power_consumption,1705277348312000000,0.009940123592705404,paolo-laptop,hwpc-sensor-container
power_consumption,1705277350317000000,0.012382032207757677,paolo-laptop,hwpc-sensor-container
power_consumption,1705277351318000000,0.012057904151810808,paolo-laptop,hwpc-sensor-container
power_consumption,1705277352320000000,0.0125724676103509,paolo-laptop,hwpc-sensor-container
power_consumption,1705277353321000000,0.01136094759061352,paolo-laptop,hwpc-sensor-container
power_consumption,1705277355326000000,0.014348112778677688,paolo-laptop,hwpc-sensor-container
power_consumption,1705277356327000000,0.011910735760659614,paolo-laptop,hwpc-sensor-container
power_consumption,1705277357329000000,0.012766081654965615,paolo-laptop,hwpc-sensor-container
power_consumption,1705277358333000000,0.011988193601522729,paolo-laptop,hwpc-sensor-container
power_consumption,1705277359335000000,0.011667536819160516,paolo-laptop,hwpc-sensor-container
power_consumption,1705277360337000000,0.011169049683222954,paolo-laptop,hwpc-sensor-container
power_consumption,1705277361339000000,0.011530881161372233,paolo-laptop,hwpc-sensor-container
power_consumption,1705277362342000000,0.013174953445227459,paolo-laptop,hwpc-sensor-container
power_consumption,1705277363343000000,0.013054420593304094,paolo-laptop,hwpc-sensor-container
power_consumption,1705277364346000000,0.012059819181988113,paolo-laptop,hwpc-sensor-container
power_consumption,1705277366353000000,0.009743799378270726,paolo-laptop,hwpc-sensor-container
power_consumption,1705277367355000000,0.013438617306312654,paolo-laptop,hwpc-sensor-container
power_consumption,1705277368357000000,0.012169343404854338,paolo-laptop,hwpc-sensor-container
power_consumption,1705277370364000000,0.013206204790916897,paolo-laptop,hwpc-sensor-container
power_consumption,1705277371370000000,0.01210118663137262,paolo-laptop,hwpc-sensor-container
power_consumption,1705277372374000000,0.012225009168481373,paolo-laptop,hwpc-sensor-container
power_consumption,1705277373376000000,0.012836589906627723,paolo-laptop,hwpc-sensor-container
power_consumption,1705277375384000000,0.011525954967408453,paolo-laptop,hwpc-sensor-container
power_consumption,1705277376386000000,0.011971539994583832,paolo-laptop,hwpc-sensor-container
power_consumption,1705277378392000000,0.014463798432603148,paolo-laptop,hwpc-sensor-container
power_consumption,1705277379395000000,0.013303103484605894,paolo-laptop,hwpc-sensor-container
power_consumption,1705277381401000000,0.012287473759625887,paolo-laptop,hwpc-sensor-container
power_consumption,1705277382404000000,0.011671540099645814,paolo-laptop,hwpc-sensor-container
power_consumption,1705277383408000000,0.011881245588522032,paolo-laptop,hwpc-sensor-container
power_consumption,1705277384410000000,0.01558224847322771,paolo-laptop,hwpc-sensor-container
power_consumption,1705277386414000000,0.010540786158611211,paolo-laptop,hwpc-sensor-container
power_consumption,1705277387418000000,0.011544494242091627,paolo-laptop,hwpc-sensor-container
power_consumption,1705277390430000000,0.012180444739971114,paolo-laptop,hwpc-sensor-container
power_consumption,1705277391432000000,0.011250942068703949,paolo-laptop,hwpc-sensor-container
power_consumption,1705277392436000000,0.01578516082328883,paolo-laptop,hwpc-sensor-container
power_consumption,1705277393438000000,0.012236192735416594,paolo-laptop,hwpc-sensor-container
power_consumption,1705277394440000000,0.013235102293827152,paolo-laptop,hwpc-sensor-container
power_consumption,1705277395444000000,0.012512662660838225,paolo-laptop,hwpc-sensor-container
power_consumption,1705277396446000000,0.01587201701247671,paolo-laptop,hwpc-sensor-container
power_consumption,1705277398461000000,0.011999722818474097,paolo-laptop,hwpc-sensor-container
power_consumption,1705277399463000000,0.01310740654469802,paolo-laptop,hwpc-sensor-container
power_consumption,1705277400466000000,0.010127192969401313,paolo-laptop,hwpc-sensor-container
power_consumption,1705277401469000000,0.009969843071824625,paolo-laptop,hwpc-sensor-container
power_consumption,1705277402471000000,0.013094363936510884,paolo-laptop,hwpc-sensor-container
power_consumption,1705277403473000000,0.012566690651184945,paolo-laptop,hwpc-sensor-container
power_consumption,1705277404475000000,0.01215843281644668,paolo-laptop,hwpc-sensor-container
power_consumption,1705277405478000000,0.011247270027472842,paolo-laptop,hwpc-sensor-container
power_consumption,1705277406480000000,0.010713430788855439,paolo-laptop,hwpc-sensor-container
power_consumption,1705277407484000000,0.015652603352709838,paolo-laptop,hwpc-sensor-container
power_consumption,1705277408486000000,0.011442137443060612,paolo-laptop,hwpc-sensor-container
power_consumption,1705277409490000000,0.01491779438637129,paolo-laptop,hwpc-sensor-container
power_consumption,1705277410492000000,0.011562194523390914,paolo-laptop,hwpc-sensor-container
power_consumption,1705277411494000000,0.012096354410715599,paolo-laptop,hwpc-sensor-container
power_consumption,1705277412497000000,0.013728607871120912,paolo-laptop,hwpc-sensor-container
power_consumption,1705277413500000000,0.013799951786440643,paolo-laptop,hwpc-sensor-container
power_consumption,1705277414502000000,0.01277988253926311,paolo-laptop,hwpc-sensor-container
power_consumption,1705277415504000000,0.01176861864045899,paolo-laptop,hwpc-sensor-container
power_consumption,1705277417508000000,0.013308226781197878,paolo-laptop,hwpc-sensor-container
power_consumption,1705277418509000000,0.014439667893188665,paolo-laptop,hwpc-sensor-container
power_consumption,1705277419511000000,0.012537550210425567,paolo-laptop,hwpc-sensor-container
power_consumption,1705277420513000000,0.01189889840586783,paolo-laptop,hwpc-sensor-container
power_consumption,1705277421515000000,0.012668901157262541,paolo-laptop,hwpc-sensor-container
power_consumption,1705277422518000000,0.013399998846615295,paolo-laptop,hwpc-sensor-container
power_consumption,1705277423520000000,0.011901777995118086,paolo-laptop,hwpc-sensor-container
power_consumption,1705277424522000000,0.011294933121308574,paolo-laptop,hwpc-sensor-container
power_consumption,1705277425525000000,0.01343749372932122,paolo-laptop,hwpc-sensor-container
power_consumption,1705277426527000000,0.01257763690772488,paolo-laptop,hwpc-sensor-container
power_consumption,1705277427529000000,0.013564689943431706,paolo-laptop,hwpc-sensor-container
power_consumption,1705277428532000000,0.014232824778354813,paolo-laptop,hwpc-sensor-container
power_consumption,1705277429534000000,0.012753191490510043,paolo-laptop,hwpc-sensor-container
power_consumption,1705277430537000000,0.01248216345952526,paolo-laptop,hwpc-sensor-container
power_consumption,1705277431539000000,0.01171816606509353,paolo-laptop,hwpc-sensor-container
power_consumption,1705277432541000000,0.013576131128581914,paolo-laptop,hwpc-sensor-container
power_consumption,1705277433543000000,0.009979696908922031,paolo-laptop,hwpc-sensor-container
power_consumption,1705277434545000000,0.011079623835169415,paolo-laptop,hwpc-sensor-container
power_consumption,1705277435547000000,0.01224142274381791,paolo-laptop,hwpc-sensor-container
power_consumption,1705277436549000000,0.016413302756662116,paolo-laptop,hwpc-sensor-container
power_consumption,1705277437551000000,0.007431095640089479,paolo-laptop,hwpc-sensor-container
power_consumption,1705277438553000000,0.013184429166108383,paolo-laptop,hwpc-sensor-container
power_consumption,1705277439557000000,0.010519620290453141,paolo-laptop,hwpc-sensor-container
power_consumption,1705277440563000000,0.01699904438675566,paolo-laptop,hwpc-sensor-container
power_consumption,1705277441566000000,0.014183024795953519,paolo-laptop,hwpc-sensor-container
power_consumption,1705277442568000000,0.011043703199627613,paolo-laptop,hwpc-sensor-container
power_consumption,1705277443570000000,0.011059679176671095,paolo-laptop,hwpc-sensor-container
power_consumption,1705277444572000000,0.014633012594318946,paolo-laptop,hwpc-sensor-container
power_consumption,1705277445575000000,0.012576245040530913,paolo-laptop,hwpc-sensor-container
power_consumption,1705277446578000000,0.013434118116953483,paolo-laptop,hwpc-sensor-container
power_consumption,1705277447580000000,0.012561400170636363,paolo-laptop,hwpc-sensor-container
power_consumption,1705277448582000000,0.013424073929992604,paolo-laptop,hwpc-sensor-container
power_consumption,1705277449584000000,0.012923669355470666,paolo-laptop,hwpc-sensor-container
power_consumption,1705277450586000000,0.011920687334795623,paolo-laptop,hwpc-sensor-container
power_consumption,1705277451587000000,0.013496235980790342,paolo-laptop,hwpc-sensor-container
power_consumption,1705277452594000000,0.011919209319663693,paolo-laptop,hwpc-sensor-container
power_consumption,1705277453598000000,0.015794917154981044,paolo-laptop,hwpc-sensor-container
power_consumption,1705277454600000000,0.010088105284271082,paolo-laptop,hwpc-sensor-container
power_consumption,1705277455601000000,0.01262836504729149,paolo-laptop,hwpc-sensor-container
power_consumption,1705277456603000000,0.012483105415767682,paolo-laptop,hwpc-sensor-container
power_consumption,1705277457607000000,0.01862941421670557,paolo-laptop,hwpc-sensor-container
power_consumption,1705277458611000000,0.012195195968460873,paolo-laptop,hwpc-sensor-container
power_consumption,1705277460614000000,0.010625032814677858,paolo-laptop,hwpc-sensor-container
power_consumption,1705277461616000000,0.01334247626143423,paolo-laptop,hwpc-sensor-container
power_consumption,1705277462617000000,0.01203283212103972,paolo-laptop,hwpc-sensor-container
power_consumption,1705277464620000000,0.01396227156571844,paolo-laptop,hwpc-sensor-container
power_consumption,1705277465622000000,0.011490954442537829,paolo-laptop,hwpc-sensor-container
power_consumption,1705277466624000000,0.014109123883655381,paolo-laptop,hwpc-sensor-container
power_consumption,1705277467628000000,0.011061667315296241,paolo-laptop,hwpc-sensor-container
power_consumption,1705277468630000000,0.011079038069790548,paolo-laptop,hwpc-sensor-container
power_consumption,1705277469634000000,0.013033863183146938,paolo-laptop,hwpc-sensor-container
power_consumption,1705277476657000000,0.009724719713867881,paolo-laptop,hwpc-sensor-container
power_consumption,1705277479669000000,0.01499604168699726,paolo-laptop,hwpc-sensor-container
power_consumption,1705277480672000000,0.014158756183417734,paolo-laptop,hwpc-sensor-container
power_consumption,1705277481674000000,0.012755137487845122,paolo-laptop,hwpc-sensor-container
power_consumption,1705277482677000000,0.013048791442767483,paolo-laptop,hwpc-sensor-container
power_consumption,1705277483681000000,0.01535743615380145,paolo-laptop,hwpc-sensor-container
power_consumption,1705277484685000000,0.016090444918374334,paolo-laptop,hwpc-sensor-container
power_consumption,1705277487696000000,0.016133754005880574,paolo-laptop,hwpc-sensor-container
power_consumption,1705277488697000000,0.009445892983069814,paolo-laptop,hwpc-sensor-container
power_consumption,1705277489699000000,0.013257808344487707,paolo-laptop,hwpc-sensor-container
power_consumption,1705277490701000000,0.01200862537919722,paolo-laptop,hwpc-sensor-container
power_consumption,1705277492704000000,0.012094822200948017,paolo-laptop,hwpc-sensor-container
power_consumption,1705277493705000000,0.01072144495900411,paolo-laptop,hwpc-sensor-container
power_consumption,1705277494708000000,0.012661336549894054,paolo-laptop,hwpc-sensor-container
power_consumption,1705277495710000000,0.01302350694890814,paolo-laptop,hwpc-sensor-container
power_consumption,1705277496711000000,0.011053908058092695,paolo-laptop,hwpc-sensor-container
power_consumption,1705277497713000000,0.013122229010467803,paolo-laptop,hwpc-sensor-container
power_consumption,1705277498715000000,0.011223832299155224,paolo-laptop,hwpc-sensor-container
power_consumption,1705277500721000000,0.011720700008734486,paolo-laptop,hwpc-sensor-container
power_consumption,1705277501725000000,0.016362368919295302,paolo-laptop,hwpc-sensor-container
power_consumption,1705277502729000000,0.01551209945580876,paolo-laptop,hwpc-sensor-container
power_consumption,1705277503733000000,0.013332552440264551,paolo-laptop,hwpc-sensor-container
power_consumption,1705277504737000000,0.013581388073286285,paolo-laptop,hwpc-sensor-container
power_consumption,1705277505739000000,0.012822103621382355,paolo-laptop,hwpc-sensor-container
power_consumption,1705277506742000000,0.012765302547621276,paolo-laptop,hwpc-sensor-container
power_consumption,1705277507745000000,0.01265714707103693,paolo-laptop,hwpc-sensor-container
power_consumption,1705277508750000000,0.010707189474963073,paolo-laptop,hwpc-sensor-container
power_consumption,1705277509756000000,0.02437331510697832,paolo-laptop,hwpc-sensor-container
power_consumption,1705277510759000000,0.016250644550020052,paolo-laptop,hwpc-sensor-container
power_consumption,1705277511763000000,0.013297892279057595,paolo-laptop,hwpc-sensor-container
power_consumption,1705277512765000000,0.014538427138127908,paolo-laptop,hwpc-sensor-container
power_consumption,1705277513769000000,0.012709617335600894,paolo-laptop,hwpc-sensor-container
power_consumption,1705277514771000000,0.012809211832800312,paolo-laptop,hwpc-sensor-container
power_consumption,1705277515774000000,0.011458606905618233,paolo-laptop,hwpc-sensor-container
power_consumption,1705277516778000000,0.016192744605399524,paolo-laptop,hwpc-sensor-container
power_consumption,1705277517780000000,0.014577236010251515,paolo-laptop,hwpc-sensor-container
power_consumption,1705277518781000000,0.011094483195964996,paolo-laptop,hwpc-sensor-container
power_consumption,1705277519786000000,0.015164252673091464,paolo-laptop,hwpc-sensor-container
power_consumption,1705277520791000000,0.011132208433375592,paolo-laptop,hwpc-sensor-container
power_consumption,1705277522798000000,0.01139890985147379,paolo-laptop,hwpc-sensor-container
power_consumption,1705277523802000000,0.015221717731040621,paolo-laptop,hwpc-sensor-container
power_consumption,1705277524804000000,0.013584485823810328,paolo-laptop,hwpc-sensor-container
power_consumption,1705277525808000000,0.011592155773530724,paolo-laptop,hwpc-sensor-container
power_consumption,1705277526810000000,0.01511561577200184,paolo-laptop,hwpc-sensor-container
power_consumption,1705277527811000000,0.016029146864080746,paolo-laptop,hwpc-sensor-container
power_consumption,1705277528816000000,0.010898127153254725,paolo-laptop,hwpc-sensor-container
power_consumption,1705277529818000000,0.009782779459748037,paolo-laptop,hwpc-sensor-container
power_consumption,1705277530819000000,0.012590540388267006,paolo-laptop,hwpc-sensor-container
power_consumption,1705277531821000000,0.01186373675949005,paolo-laptop,hwpc-sensor-container
power_consumption,1705277532823000000,0.012061097964522122,paolo-laptop,hwpc-sensor-container
power_consumption,1705277533827000000,0.012559595725992823,paolo-laptop,hwpc-sensor-container
power_consumption,1705277534829000000,0.011267687027822102,paolo-laptop,hwpc-sensor-container
power_consumption,1705277535831000000,0.01257528214855331,paolo-laptop,hwpc-sensor-container
power_consumption,1705277536833000000,0.011610603694690866,paolo-laptop,hwpc-sensor-container
power_consumption,1705277537837000000,0.01487296554584667,paolo-laptop,hwpc-sensor-container
power_consumption,1705277538839000000,0.015339616252446816,paolo-laptop,hwpc-sensor-container
power_consumption,1705277539841000000,0.012238524663560978,paolo-laptop,hwpc-sensor-container
power_consumption,1705277540843000000,0.012018037653020657,paolo-laptop,hwpc-sensor-container
power_consumption,1705277541845000000,0.010757932241533586,paolo-laptop,hwpc-sensor-container
power_consumption,1705277542847000000,0.01261749975410106,paolo-laptop,hwpc-sensor-container
power_consumption,1705277543849000000,0.012986539885029572,paolo-laptop,hwpc-sensor-container
power_consumption,1705277544851000000,0.0126031477091615,paolo-laptop,hwpc-sensor-container
power_consumption,1705277545853000000,0.012884741924778266,paolo-laptop,hwpc-sensor-container
power_consumption,1705277546854000000,0.012707509855170945,paolo-laptop,hwpc-sensor-container
power_consumption,1705277547856000000,0.01397192558011776,paolo-laptop,hwpc-sensor-container
power_consumption,1705277548858000000,0.013187975430935143,paolo-laptop,hwpc-sensor-container
power_consumption,1705277549860000000,0.016025371085874526,paolo-laptop,hwpc-sensor-container
power_consumption,1705277550861000000,0.013905115612533062,paolo-laptop,hwpc-sensor-container
power_consumption,1705277551865000000,0.013960341259566814,paolo-laptop,hwpc-sensor-container
power_consumption,1705277552867000000,0.015678686182483928,paolo-laptop,hwpc-sensor-container
power_consumption,1705277553869000000,0.013347020549221478,paolo-laptop,hwpc-sensor-container
power_consumption,1705277554870000000,0.011389663843099467,paolo-laptop,hwpc-sensor-container
power_consumption,1705277555872000000,0.011957718659512864,paolo-laptop,hwpc-sensor-container
power_consumption,1705277556874000000,0.012609160716368577,paolo-laptop,hwpc-sensor-container
power_consumption,1705277557876000000,0.01408370064480569,paolo-laptop,hwpc-sensor-container
power_consumption,1705277558878000000,0.010494819687109202,paolo-laptop,hwpc-sensor-container
power_consumption,1705277559879000000,0.01231665368708602,paolo-laptop,hwpc-sensor-container
power_consumption,1705277560881000000,0.016635432453592038,paolo-laptop,hwpc-sensor-container
power_consumption,1705277561882000000,0.013811674711934108,paolo-laptop,hwpc-sensor-container
power_consumption,1705277563886000000,0.012099808517225677,paolo-laptop,hwpc-sensor-container
power_consumption,1705277564889000000,0.014075587669287954,paolo-laptop,hwpc-sensor-container
power_consumption,1705277565892000000,0.015137622944051648,paolo-laptop,hwpc-sensor-container
power_consumption,1705277567896000000,0.015108176300857042,paolo-laptop,hwpc-sensor-container
power_consumption,1705277568898000000,0.011568711495416703,paolo-laptop,hwpc-sensor-container
power_consumption,1705277569900000000,0.016132201705485124,paolo-laptop,hwpc-sensor-container
power_consumption,1705277570902000000,0.0124214077320553,paolo-laptop,hwpc-sensor-container
power_consumption,1705277571904000000,0.012274637212273466,paolo-laptop,hwpc-sensor-container
power_consumption,1705277572905000000,0.010351185360506998,paolo-laptop,hwpc-sensor-container
power_consumption,1705277573907000000,0.015455703936005826,paolo-laptop,hwpc-sensor-container
power_consumption,1705277574909000000,0.013146226501226318,paolo-laptop,hwpc-sensor-container
power_consumption,1705277575911000000,0.010652443076656718,paolo-laptop,hwpc-sensor-container
power_consumption,1705277576915000000,0.012942009595015538,paolo-laptop,hwpc-sensor-container
power_consumption,1705277578918000000,0.013529195717417432,paolo-laptop,hwpc-sensor-container
power_consumption,1705277579920000000,0.012574977558847386,paolo-laptop,hwpc-sensor-container
power_consumption,1705277580928000000,0.01522968054354091,paolo-laptop,hwpc-sensor-container
power_consumption,1705277581933000000,0.026263366635594473,paolo-laptop,hwpc-sensor-container
power_consumption,1705277582935000000,0.011998497955528667,paolo-laptop,hwpc-sensor-container
power_consumption,1705277583937000000,0.011653574174190419,paolo-laptop,hwpc-sensor-container
power_consumption,1705277584942000000,0.015409384590733436,paolo-laptop,hwpc-sensor-container
power_consumption,1705277585946000000,0.014548374139259709,paolo-laptop,hwpc-sensor-container
power_consumption,1705277586949000000,0.015159861717126827,paolo-laptop,hwpc-sensor-container
power_consumption,1705277587951000000,0.014272375437629204,paolo-laptop,hwpc-sensor-container
power_consumption,1705277588953000000,0.01359141332326401,paolo-laptop,hwpc-sensor-container
power_consumption,1705277589955000000,0.014575606197585782,paolo-laptop,hwpc-sensor-container
power_consumption,1705277590963000000,0.016490403260845964,paolo-laptop,hwpc-sensor-container
power_consumption,1705277591965000000,0.009962782082608044,paolo-laptop,hwpc-sensor-container
power_consumption,1705277592967000000,0.011499661569926718,paolo-laptop,hwpc-sensor-container
power_consumption,1705277593969000000,0.014034819475745561,paolo-laptop,hwpc-sensor-container
power_consumption,1705277594970000000,0.011302852260303047,paolo-laptop,hwpc-sensor-container
power_consumption,1705277595972000000,0.013803600439786429,paolo-laptop,hwpc-sensor-container
power_consumption,1705277596974000000,0.014031823330538302,paolo-laptop,hwpc-sensor-container
power_consumption,1705277597978000000,0.012436449415333175,paolo-laptop,hwpc-sensor-container
power_consumption,1705277598981000000,0.011943021361838054,paolo-laptop,hwpc-sensor-container
power_consumption,1705277599985000000,0.013354326395637836,paolo-laptop,hwpc-sensor-container
power_consumption,1705277600987000000,0.010453268649831007,paolo-laptop,hwpc-sensor-container
power_consumption,1705277601991000000,0.012028854652767476,paolo-laptop,hwpc-sensor-container
power_consumption,1705277602996000000,0.015703664620728294,paolo-laptop,hwpc-sensor-container
power_consumption,1705277604000000000,0.015793974593740046,paolo-laptop,hwpc-sensor-container
power_consumption,1705277605003000000,0.011233011174744997,paolo-laptop,hwpc-sensor-container
power_consumption,1705277607009000000,0.015905386951936128,paolo-laptop,hwpc-sensor-container
power_consumption,1705277608013000000,0.01605953318565948,paolo-laptop,hwpc-sensor-container
power_consumption,1705277609018000000,0.011469417749200263,paolo-laptop,hwpc-sensor-container
power_consumption,1705277610020000000,0.015900675556863284,paolo-laptop,hwpc-sensor-container
power_consumption,1705277611026000000,0.01384707621800339,paolo-laptop,hwpc-sensor-container
power_consumption,1705277612029000000,0.011337333203125117,paolo-laptop,hwpc-sensor-container
power_consumption,1705277613032000000,0.017834566813328977,paolo-laptop,hwpc-sensor-container
power_consumption,1705277614036000000,0.016073643963789557,paolo-laptop,hwpc-sensor-container
power_consumption,1705277615040000000,0.017005306812787266,paolo-laptop,hwpc-sensor-container
power_consumption,1705277616042000000,0.012814423197879156,paolo-laptop,hwpc-sensor-container
power_consumption,1705277617046000000,0.012091283275375106,paolo-laptop,hwpc-sensor-container
power_consumption,1705277618050000000,0.01648617889075883,paolo-laptop,hwpc-sensor-container
power_consumption,1705277619054000000,0.015139395708234941,paolo-laptop,hwpc-sensor-container
power_consumption,1705277620060000000,0.01506382533632644,paolo-laptop,hwpc-sensor-container
power_consumption,1705277621064000000,0.018607383438797837,paolo-laptop,hwpc-sensor-container
power_consumption,1705277622065000000,0.015166426295864377,paolo-laptop,hwpc-sensor-container
power_consumption,1705277623069000000,0.014216908518317261,paolo-laptop,hwpc-sensor-container
power_consumption,1705277624072000000,0.011293354065680645,paolo-laptop,hwpc-sensor-container
power_consumption,1705277625077000000,0.015192613875046695,paolo-laptop,hwpc-sensor-container
power_consumption,1705277626080000000,0.015874919650710424,paolo-laptop,hwpc-sensor-container
power_consumption,1705277627084000000,0.013287116917619465,paolo-laptop,hwpc-sensor-container
power_consumption,1705277628086000000,0.01804618576543645,paolo-laptop,hwpc-sensor-container
power_consumption,1705277629088000000,0.014323873178491365,paolo-laptop,hwpc-sensor-container
power_consumption,1705277630090000000,0.01563300392308745,paolo-laptop,hwpc-sensor-container
power_consumption,1705277631092000000,0.015152313759847146,paolo-laptop,hwpc-sensor-container
power_consumption,1705277632094000000,0.011230817104666602,paolo-laptop,hwpc-sensor-container
power_consumption,1705277633096000000,0.011093452750543836,paolo-laptop,hwpc-sensor-container
power_consumption,1705277634099000000,0.01267411904983671,paolo-laptop,hwpc-sensor-container
power_consumption,1705277635101000000,0.013859941420150892,paolo-laptop,hwpc-sensor-container
power_consumption,1705277636103000000,0.014777120135770249,paolo-laptop,hwpc-sensor-container
power_consumption,1705277637105000000,0.013168286792295158,paolo-laptop,hwpc-sensor-container
power_consumption,1705277638107000000,0.016993122016099066,paolo-laptop,hwpc-sensor-container
power_consumption,1705277639109000000,0.01115056113078225,paolo-laptop,hwpc-sensor-container
power_consumption,1705277640111000000,0.009893936295131099,paolo-laptop,hwpc-sensor-container
power_consumption,1705277641115000000,0.009618563892739681,paolo-laptop,hwpc-sensor-container
power_consumption,1705277642120000000,0.0098727049105626,paolo-laptop,hwpc-sensor-container
power_consumption,1705277643127000000,0.014887079137599213,paolo-laptop,hwpc-sensor-container
power_consumption,1705277644130000000,0.015230534280449414,paolo-laptop,hwpc-sensor-container
power_consumption,1705277645133000000,0.012267089982426423,paolo-laptop,hwpc-sensor-container
power_consumption,1705277646137000000,0.0121787056279431,paolo-laptop,hwpc-sensor-container
power_consumption,1705277647139000000,0.01115137971589396,paolo-laptop,hwpc-sensor-container
power_consumption,1705277648141000000,0.01389670284708321,paolo-laptop,hwpc-sensor-container
power_consumption,1705277649142000000,0.01340309635693784,paolo-laptop,hwpc-sensor-container
power_consumption,1705277650145000000,0.016645961804474637,paolo-laptop,hwpc-sensor-container
power_consumption,1705277651148000000,0.010622712414961476,paolo-laptop,hwpc-sensor-container
power_consumption,1705277653159000000,0.017858802798811982,paolo-laptop,hwpc-sensor-container
power_consumption,1705277654163000000,0.01123025778618366,paolo-laptop,hwpc-sensor-container
power_consumption,1705277655165000000,0.011705301769507799,paolo-laptop,hwpc-sensor-container
power_consumption,1705277656167000000,0.011532073444151707,paolo-laptop,hwpc-sensor-container
power_consumption,1705277657169000000,0.0112646982791452,paolo-laptop,hwpc-sensor-container
power_consumption,1705277658171000000,0.017743259168050043,paolo-laptop,hwpc-sensor-container
power_consumption,1705277661180000000,0.010626714530756108,paolo-laptop,hwpc-sensor-container
power_consumption,1705277662182000000,0.011694940462065718,paolo-laptop,hwpc-sensor-container
power_consumption,1705277663184000000,0.011846766617939604,paolo-laptop,hwpc-sensor-container
power_consumption,1705277664186000000,0.011491411643823644,paolo-laptop,hwpc-sensor-container
power_consumption,1705277665189000000,0.012521056583121089,paolo-laptop,hwpc-sensor-container
power_consumption,1705277666191000000,0.012033264868136533,paolo-laptop,hwpc-sensor-container
power_consumption,1705277667193000000,0.01121831317102676,paolo-laptop,hwpc-sensor-container
power_consumption,1705277668196000000,0.011258889562313877,paolo-laptop,hwpc-sensor-container
power_consumption,1705277669199000000,0.011646792467759568,paolo-laptop,hwpc-sensor-container
power_consumption,1705277670201000000,0.011603839405744765,paolo-laptop,hwpc-sensor-container
power_consumption,1705277671204000000,0.011370857971449438,paolo-laptop,hwpc-sensor-container
power_consumption,1705277672208000000,0.010309104672553191,paolo-laptop,hwpc-sensor-container
power_consumption,1705277675217000000,0.01128849362268239,paolo-laptop,hwpc-sensor-container
power_consumption,1705277676218000000,0.01381023439185916,paolo-laptop,hwpc-sensor-container
power_consumption,1705277677223000000,0.012732465311431771,paolo-laptop,hwpc-sensor-container
power_consumption,1705277678225000000,0.012839290590443215,paolo-laptop,hwpc-sensor-container
power_consumption,1705277679229000000,0.015498865381767674,paolo-laptop,hwpc-sensor-container
power_consumption,1705277680233000000,0.02096316236799242,paolo-laptop,hwpc-sensor-container
power_consumption,1705277682239000000,0.012104720862004587,paolo-laptop,hwpc-sensor-container
power_consumption,1705277683241000000,0.011902455717803547,paolo-laptop,hwpc-sensor-container
power_consumption,1705277684243000000,0.013300544974957014,paolo-laptop,hwpc-sensor-container
power_consumption,1705277685245000000,0.01364751461089583,paolo-laptop,hwpc-sensor-container
power_consumption,1705277686247000000,0.014368955936387713,paolo-laptop,hwpc-sensor-container
power_consumption,1705277687248000000,0.0128954482932966,paolo-laptop,hwpc-sensor-container
power_consumption,1705277688250000000,0.01113151639662051,paolo-laptop,hwpc-sensor-container
power_consumption,1705277689251000000,0.012169229318227618,paolo-laptop,hwpc-sensor-container
power_consumption,1705277690253000000,0.012426484355981503,paolo-laptop,hwpc-sensor-container
power_consumption,1705277691254000000,0.011272139761735325,paolo-laptop,hwpc-sensor-container
power_consumption,1705277692256000000,0.012770949785931792,paolo-laptop,hwpc-sensor-container
power_consumption,1705277693258000000,0.012451939979513302,paolo-laptop,hwpc-sensor-container
power_consumption,1705277694260000000,0.011595565524708196,paolo-laptop,hwpc-sensor-container
power_consumption,1705277695263000000,0.014095819018102192,paolo-laptop,hwpc-sensor-container
power_consumption,1705277696268000000,0.012558115891138512,paolo-laptop,hwpc-sensor-container
power_consumption,1705277697270000000,0.012322804665284189,paolo-laptop,hwpc-sensor-container
power_consumption,1705277698276000000,0.014118030809589243,paolo-laptop,hwpc-sensor-container
power_consumption,1705277699277000000,0.014406145097188041,paolo-laptop,hwpc-sensor-container
power_consumption,1705277700279000000,0.01666924019440945,paolo-laptop,hwpc-sensor-container
power_consumption,1705277701280000000,0.012092838217017031,paolo-laptop,hwpc-sensor-container
power_consumption,1705277702282000000,0.009581856129738678,paolo-laptop,hwpc-sensor-container
power_consumption,1705277703284000000,0.01278526450634435,paolo-laptop,hwpc-sensor-container
power_consumption,1705277704285000000,0.012788345165967791,paolo-laptop,hwpc-sensor-container
power_consumption,1705277705287000000,0.014244042159535892,paolo-laptop,hwpc-sensor-container
power_consumption,1705277706290000000,0.013422034612414563,paolo-laptop,hwpc-sensor-container
power_consumption,1705277707293000000,0.015052467253854986,paolo-laptop,hwpc-sensor-container
power_consumption,1705277708295000000,0.01146999747089517,paolo-laptop,hwpc-sensor-container
power_consumption,1705277709297000000,0.015666071944092315,paolo-laptop,hwpc-sensor-container
power_consumption,1705277710299000000,0.012112922209628441,paolo-laptop,hwpc-sensor-container
power_consumption,1705277711301000000,0.014385605992343918,paolo-laptop,hwpc-sensor-container
power_consumption,1705277712303000000,0.01104026884213263,paolo-laptop,hwpc-sensor-container
power_consumption,1705277713304000000,0.01300146842065811,paolo-laptop,hwpc-sensor-container
power_consumption,1705277714306000000,0.013517239151523593,paolo-laptop,hwpc-sensor-container
power_consumption,1705277715307000000,0.01225158699860537,paolo-laptop,hwpc-sensor-container
power_consumption,1705277716309000000,0.011955077433518754,paolo-laptop,hwpc-sensor-container
power_consumption,1705277717312000000,0.01543044478549246,paolo-laptop,hwpc-sensor-container
power_consumption,1705277718314000000,0.01207979881492232,paolo-laptop,hwpc-sensor-container
power_consumption,1705277719316000000,0.012986036346276101,paolo-laptop,hwpc-sensor-container
power_consumption,1705277720318000000,0.015106710905823275,paolo-laptop,hwpc-sensor-container
power_consumption,1705277721322000000,0.012138174881411262,paolo-laptop,hwpc-sensor-container
power_consumption,1705277723326000000,0.015533080947347318,paolo-laptop,hwpc-sensor-container
power_consumption,1705277724328000000,0.012360126995188975,paolo-laptop,hwpc-sensor-container
power_consumption,1705277725330000000,0.01267996332081451,paolo-laptop,hwpc-sensor-container
power_consumption,1705277726333000000,0.012908328911215704,paolo-laptop,hwpc-sensor-container
power_consumption,1705277727340000000,0.012479067740256528,paolo-laptop,hwpc-sensor-container
power_consumption,1705277728344000000,0.012251114739068102,paolo-laptop,hwpc-sensor-container
power_consumption,1705277729345000000,0.015334693429629356,paolo-laptop,hwpc-sensor-container
power_consumption,1705277730347000000,0.012205826678270904,paolo-laptop,hwpc-sensor-container
power_consumption,1705277731351000000,0.013245040151899937,paolo-laptop,hwpc-sensor-container
power_consumption,1705277732353000000,0.01858618226492166,paolo-laptop,hwpc-sensor-container
power_consumption,1705277734362000000,0.01551749804163371,paolo-laptop,hwpc-sensor-container
power_consumption,1705277735366000000,0.011644403077404554,paolo-laptop,hwpc-sensor-container
power_consumption,1705277737370000000,0.01232870340794641,paolo-laptop,hwpc-sensor-container
power_consumption,1705277739375000000,0.014832815892416194,paolo-laptop,hwpc-sensor-container
power_consumption,1705277740378000000,0.011834040805695516,paolo-laptop,hwpc-sensor-container
power_consumption,1705277741382000000,0.014899388346074374,paolo-laptop,hwpc-sensor-container
power_consumption,1705277743387000000,0.011459338231006031,paolo-laptop,hwpc-sensor-container
power_consumption,1705277744388000000,0.012653723193760569,paolo-laptop,hwpc-sensor-container
power_consumption,1705277745390000000,0.013676202091281564,paolo-laptop,hwpc-sensor-container
power_consumption,1705277747398000000,0.013397192686811455,paolo-laptop,hwpc-sensor-container
power_consumption,1705277748402000000,0.015177249860007229,paolo-laptop,hwpc-sensor-container
power_consumption,1705277749407000000,0.014007918514862026,paolo-laptop,hwpc-sensor-container
power_consumption,1705277750409000000,0.016409703854929084,paolo-laptop,hwpc-sensor-container
power_consumption,1705277751410000000,0.012679208136251646,paolo-laptop,hwpc-sensor-container
power_consumption,1705277752413000000,0.012091684284620364,paolo-laptop,hwpc-sensor-container
power_consumption,1705277753414000000,0.01460591299058633,paolo-laptop,hwpc-sensor-container
power_consumption,1705277754416000000,0.011963886268820188,paolo-laptop,hwpc-sensor-container
power_consumption,1705277755420000000,0.012678066538798277,paolo-laptop,hwpc-sensor-container
power_consumption,1705277756421000000,0.012104730467408611,paolo-laptop,hwpc-sensor-container
power_consumption,1705277758429000000,0.014225941690006164,paolo-laptop,hwpc-sensor-container
power_consumption,1705277759433000000,0.011156773800868353,paolo-laptop,hwpc-sensor-container
power_consumption,1705277760435000000,0.009912910885073397,paolo-laptop,hwpc-sensor-container
power_consumption,1705277761439000000,0.017746202476201952,paolo-laptop,hwpc-sensor-container
power_consumption,1705277762441000000,0.012692473094804148,paolo-laptop,hwpc-sensor-container
power_consumption,1705277764448000000,0.01146256765409016,paolo-laptop,hwpc-sensor-container
power_consumption,1705277765450000000,0.014972155923551056,paolo-laptop,hwpc-sensor-container
power_consumption,1705277766452000000,0.015699828129311144,paolo-laptop,hwpc-sensor-container
power_consumption,1705277767454000000,0.015057819411400207,paolo-laptop,hwpc-sensor-container
power_consumption,1705277768455000000,0.013050986161966035,paolo-laptop,hwpc-sensor-container
power_consumption,1705277769457000000,0.011591716577850563,paolo-laptop,hwpc-sensor-container
power_consumption,1705277770461000000,0.011847668011768463,paolo-laptop,hwpc-sensor-container
power_consumption,1705277771463000000,0.012891799757430005,paolo-laptop,hwpc-sensor-container
power_consumption,1705277772465000000,0.02073612350470501,paolo-laptop,hwpc-sensor-container
power_consumption,1705277773469000000,0.013077369761659713,paolo-laptop,hwpc-sensor-container
power_consumption,1705277774474000000,0.012516362327161907,paolo-laptop,hwpc-sensor-container
power_consumption,1705277775477000000,0.012607653359325104,paolo-laptop,hwpc-sensor-container
power_consumption,1705277776479000000,0.013546985299458704,paolo-laptop,hwpc-sensor-container
power_consumption,1705277777481000000,0.01230789887810328,paolo-laptop,hwpc-sensor-container
power_consumption,1705277778486000000,0.015231761295622722,paolo-laptop,hwpc-sensor-container
power_consumption,1705277779492000000,0.016269392545825857,paolo-laptop,hwpc-sensor-container
power_consumption,1705277780494000000,0.014481369605744358,paolo-laptop,hwpc-sensor-container
power_consumption,1705277781495000000,0.01289317485802828,paolo-laptop,hwpc-sensor-container
power_consumption,1705277782497000000,0.014955418566069478,paolo-laptop,hwpc-sensor-container
power_consumption,1705277783501000000,0.017272534001233353,paolo-laptop,hwpc-sensor-container
power_consumption,1705277784506000000,0.011715910490107768,paolo-laptop,hwpc-sensor-container
power_consumption,1705277785512000000,0.011795891697674714,paolo-laptop,hwpc-sensor-container
power_consumption,1705277786514000000,0.023819368426093838,paolo-laptop,hwpc-sensor-container
power_consumption,1705277787518000000,0.01637673963087522,paolo-laptop,hwpc-sensor-container
power_consumption,1705277788524000000,0.014975348170361856,paolo-laptop,hwpc-sensor-container
power_consumption,1705277789529000000,0.011527321358731954,paolo-laptop,hwpc-sensor-container
power_consumption,1705277790533000000,0.023287419737396314,paolo-laptop,hwpc-sensor-container
power_consumption,1705277791536000000,0.014511050131162488,paolo-laptop,hwpc-sensor-container
power_consumption,1705277792537000000,0.015139150735773309,paolo-laptop,hwpc-sensor-container
power_consumption,1705277793542000000,0.015841602238922715,paolo-laptop,hwpc-sensor-container
power_consumption,1705277794546000000,0.014509994418705447,paolo-laptop,hwpc-sensor-container
power_consumption,1705277795548000000,0.016148997449884853,paolo-laptop,hwpc-sensor-container
power_consumption,1705277796552000000,0.015031967765510844,paolo-laptop,hwpc-sensor-container
power_consumption,1705277797554000000,0.012541549475423191,paolo-laptop,hwpc-sensor-container
power_consumption,1705277798558000000,0.016222797666995345,paolo-laptop,hwpc-sensor-container
power_consumption,1705277799562000000,0.0123530934989305,paolo-laptop,hwpc-sensor-container
power_consumption,1705277800566000000,0.012200551977886482,paolo-laptop,hwpc-sensor-container
power_consumption,1705277801568000000,0.010523332376646589,paolo-laptop,hwpc-sensor-container
power_consumption,1705277802569000000,0.011771691983536187,paolo-laptop,hwpc-sensor-container
power_consumption,1705277803571000000,0.013349636794833829,paolo-laptop,hwpc-sensor-container
power_consumption,1705277804572000000,0.012370240561598474,paolo-laptop,hwpc-sensor-container
power_consumption,1705277805574000000,0.012741056592088466,paolo-laptop,hwpc-sensor-container
power_consumption,1705277806575000000,0.012510860475410817,paolo-laptop,hwpc-sensor-container
power_consumption,1705277807579000000,0.011959662176686064,paolo-laptop,hwpc-sensor-container
power_consumption,1705277808582000000,0.017242555737809265,paolo-laptop,hwpc-sensor-container
power_consumption,1705277809584000000,0.013863378718248828,paolo-laptop,hwpc-sensor-container
power_consumption,1705277810587000000,0.012471811499427183,paolo-laptop,hwpc-sensor-container
power_consumption,1705277811589000000,0.012260699808352959,paolo-laptop,hwpc-sensor-container
power_consumption,1705277812590000000,0.010840782070832347,paolo-laptop,hwpc-sensor-container
power_consumption,1705277813594000000,0.014522929802605323,paolo-laptop,hwpc-sensor-container
power_consumption,1705277815600000000,0.012084156648575364,paolo-laptop,hwpc-sensor-container
power_consumption,1705277816604000000,0.011309228876296238,paolo-laptop,hwpc-sensor-container
power_consumption,1705277817606000000,0.01838660642811158,paolo-laptop,hwpc-sensor-container
power_consumption,1705277818609000000,0.01243733289102301,paolo-laptop,hwpc-sensor-container
power_consumption,1705277819614000000,0.019085801201498838,paolo-laptop,hwpc-sensor-container
power_consumption,1705277820618000000,0.014980852752624705,paolo-laptop,hwpc-sensor-container
power_consumption,1705277821621000000,0.01302774533581615,paolo-laptop,hwpc-sensor-container
power_consumption,1705277822625000000,0.015116379240085947,paolo-laptop,hwpc-sensor-container
power_consumption,1705277823627000000,0.012379572461722896,paolo-laptop,hwpc-sensor-container
power_consumption,1705277824629000000,0.011443580475072969,paolo-laptop,hwpc-sensor-container
power_consumption,1705277825631000000,0.011743358306075473,paolo-laptop,hwpc-sensor-container
power_consumption,1705277826635000000,0.021535719086432065,paolo-laptop,hwpc-sensor-container
power_consumption,1705277827639000000,0.01943602591639405,paolo-laptop,hwpc-sensor-container
power_consumption,1705277828643000000,0.025905857738927448,paolo-laptop,hwpc-sensor-container
power_consumption,1705277829647000000,0.01318883311854915,paolo-laptop,hwpc-sensor-container
power_consumption,1705277831653000000,0.01811575767022791,paolo-laptop,hwpc-sensor-container
power_consumption,1705277832655000000,0.02306549909719248,paolo-laptop,hwpc-sensor-container
power_consumption,1705277833656000000,0.01646460534188386,paolo-laptop,hwpc-sensor-container
power_consumption,1705277834658000000,0.013042823327995372,paolo-laptop,hwpc-sensor-container
power_consumption,1705277835659000000,0.015633486330508498,paolo-laptop,hwpc-sensor-container
power_consumption,1705277836661000000,0.011678413588004005,paolo-laptop,hwpc-sensor-container
power_consumption,1705277837663000000,0.012033081468695635,paolo-laptop,hwpc-sensor-container
power_consumption,1705277838664000000,0.015200795367131849,paolo-laptop,hwpc-sensor-container
power_consumption,1705277839666000000,0.015063284879231274,paolo-laptop,hwpc-sensor-container
power_consumption,1705277840668000000,0.014332155547387773,paolo-laptop,hwpc-sensor-container
power_consumption,1705277841671000000,0.014186968130594245,paolo-laptop,hwpc-sensor-container
power_consumption,1705277842675000000,0.01900994312356587,paolo-laptop,hwpc-sensor-container
power_consumption,1705277843677000000,0.01431363490281035,paolo-laptop,hwpc-sensor-container
power_consumption,1705277844682000000,0.01177829519367706,paolo-laptop,hwpc-sensor-container
power_consumption,1705277845685000000,0.024028973391229037,paolo-laptop,hwpc-sensor-container
power_consumption,1705277846689000000,0.011505572977237213,paolo-laptop,hwpc-sensor-container
power_consumption,1705277847691000000,0.01134001715719254,paolo-laptop,hwpc-sensor-container
power_consumption,1705277848693000000,0.014104309934473386,paolo-laptop,hwpc-sensor-container
power_consumption,1705277849699000000,0.012588738168750734,paolo-laptop,hwpc-sensor-container
power_consumption,1705277850707000000,0.027468565341805355,paolo-laptop,hwpc-sensor-container
power_consumption,1705277851711000000,0.01141785910609634,paolo-laptop,hwpc-sensor-container
power_consumption,1705277852713000000,0.014859387667271542,paolo-laptop,hwpc-sensor-container
power_consumption,1705277853715000000,0.01766460197909811,paolo-laptop,hwpc-sensor-container
power_consumption,1705277854717000000,0.010598873946387732,paolo-laptop,hwpc-sensor-container
power_consumption,1705277855719000000,0.015254164335811246,paolo-laptop,hwpc-sensor-container
power_consumption,1705277856720000000,0.011913394227302773,paolo-laptop,hwpc-sensor-container
power_consumption,1705277857722000000,0.01387624640539682,paolo-laptop,hwpc-sensor-container
power_consumption,1705277858726000000,0.01597278383666358,paolo-laptop,hwpc-sensor-container
power_consumption,1705277859727000000,0.012349725227093962,paolo-laptop,hwpc-sensor-container
power_consumption,1705277860729000000,0.010351126570687035,paolo-laptop,hwpc-sensor-container
power_consumption,1705277861731000000,0.013236027215976859,paolo-laptop,hwpc-sensor-container
power_consumption,1705277862735000000,0.01439950018938606,paolo-laptop,hwpc-sensor-container
power_consumption,1705277863738000000,0.016475248505280246,paolo-laptop,hwpc-sensor-container
power_consumption,1705277865741000000,0.013929465953846048,paolo-laptop,hwpc-sensor-container
power_consumption,1705277866745000000,0.016088923015696442,paolo-laptop,hwpc-sensor-container
power_consumption,1705277867749000000,0.011892468192940129,paolo-laptop,hwpc-sensor-container
power_consumption,1705277869755000000,0.01312679603559091,paolo-laptop,hwpc-sensor-container
power_consumption,1705277870758000000,0.013064602895523547,paolo-laptop,hwpc-sensor-container
power_consumption,1705277872766000000,0.013796290045871153,paolo-laptop,hwpc-sensor-container
power_consumption,1705277873770000000,0.017907388862367344,paolo-laptop,hwpc-sensor-container
power_consumption,1705277874774000000,0.01465723977226147,paolo-laptop,hwpc-sensor-container
power_consumption,1705277875777000000,0.02019115174547996,paolo-laptop,hwpc-sensor-container
power_consumption,1705277876779000000,0.01654104509052916,paolo-laptop,hwpc-sensor-container
power_consumption,1705277877781000000,0.011311790871097932,paolo-laptop,hwpc-sensor-container
power_consumption,1705277878786000000,0.015679976664489264,paolo-laptop,hwpc-sensor-container
power_consumption,1705277879788000000,0.015751140407641247,paolo-laptop,hwpc-sensor-container
power_consumption,1705277880792000000,0.015445904233263974,paolo-laptop,hwpc-sensor-container
power_consumption,1705277881797000000,0.0193818143329335,paolo-laptop,hwpc-sensor-container
power_consumption,1705277883802000000,0.028887766022741037,paolo-laptop,hwpc-sensor-container
power_consumption,1705277884804000000,0.010922247318757086,paolo-laptop,hwpc-sensor-container
power_consumption,1705277885808000000,0.012402370772629397,paolo-laptop,hwpc-sensor-container
power_consumption,1705277886813000000,0.023403046663098354,paolo-laptop,hwpc-sensor-container
power_consumption,1705277887818000000,0.02432806981083309,paolo-laptop,hwpc-sensor-container
power_consumption,1705277888822000000,0.015557863013315208,paolo-laptop,hwpc-sensor-container
power_consumption,1705277889825000000,0.012389355615841842,paolo-laptop,hwpc-sensor-container
power_consumption,1705277890827000000,0.01435035149031244,paolo-laptop,hwpc-sensor-container
power_consumption,1705277891830000000,0.01604271101277903,paolo-laptop,hwpc-sensor-container
power_consumption,1705277892834000000,0.013982999465828705,paolo-laptop,hwpc-sensor-container
power_consumption,1705277893837000000,0.01228809128518183,paolo-laptop,hwpc-sensor-container
power_consumption,1705277894841000000,0.010815384431380371,paolo-laptop,hwpc-sensor-container
power_consumption,1705277895842000000,0.015746460599587127,paolo-laptop,hwpc-sensor-container
power_consumption,1705277896844000000,0.010566740512574327,paolo-laptop,hwpc-sensor-container
power_consumption,1705277897845000000,0.01226553572890169,paolo-laptop,hwpc-sensor-container
power_consumption,1705277898847000000,0.01641071022672947,paolo-laptop,hwpc-sensor-container
power_consumption,1705277899849000000,0.012594851173368136,paolo-laptop,hwpc-sensor-container
power_consumption,1705277900851000000,0.012517995139317874,paolo-laptop,hwpc-sensor-container
power_consumption,1705277901852000000,0.012860616996653461,paolo-laptop,hwpc-sensor-container
power_consumption,1705277902854000000,0.01130963694016398,paolo-laptop,hwpc-sensor-container
power_consumption,1705277903860000000,0.01593807970036157,paolo-laptop,hwpc-sensor-container
power_consumption,1705277904862000000,0.011445760499436925,paolo-laptop,hwpc-sensor-container
power_consumption,1705277905864000000,0.014845078674718853,paolo-laptop,hwpc-sensor-container
power_consumption,1705277906867000000,0.014271365974154977,paolo-laptop,hwpc-sensor-container
power_consumption,1705277907869000000,0.014835092547965336,paolo-laptop,hwpc-sensor-container
power_consumption,1705277908871000000,0.012418918718443597,paolo-laptop,hwpc-sensor-container
power_consumption,1705277909873000000,0.01603690843829282,paolo-laptop,hwpc-sensor-container
power_consumption,1705277910874000000,0.013833880088774632,paolo-laptop,hwpc-sensor-container
power_consumption,1705277911878000000,0.01276309638823307,paolo-laptop,hwpc-sensor-container
power_consumption,1705277912880000000,0.013771394755543948,paolo-laptop,hwpc-sensor-container
power_consumption,1705277913882000000,0.014056595123868995,paolo-laptop,hwpc-sensor-container
power_consumption,1705277914884000000,0.015556695045819717,paolo-laptop,hwpc-sensor-container
power_consumption,1705277915886000000,0.012361453878480932,paolo-laptop,hwpc-sensor-container
power_consumption,1705277916893000000,0.011484751205295414,paolo-laptop,hwpc-sensor-container
power_consumption,1705277917897000000,0.015630763145572345,paolo-laptop,hwpc-sensor-container
power_consumption,1705277918900000000,0.016561703665579075,paolo-laptop,hwpc-sensor-container
power_consumption,1705277919905000000,0.022137482723845713,paolo-laptop,hwpc-sensor-container
power_consumption,1705277920907000000,0.01631503479331285,paolo-laptop,hwpc-sensor-container
power_consumption,1705277921909000000,0.010423818955708056,paolo-laptop,hwpc-sensor-container
power_consumption,1705277922911000000,0.009481792176369297,paolo-laptop,hwpc-sensor-container
power_consumption,1705277923916000000,0.013150571078249962,paolo-laptop,hwpc-sensor-container
power_consumption,1705277924918000000,0.019802711672359648,paolo-laptop,hwpc-sensor-container
power_consumption,1705277925920000000,0.010324540690156911,paolo-laptop,hwpc-sensor-container
power_consumption,1705277926922000000,0.012119981924359528,paolo-laptop,hwpc-sensor-container
power_consumption,1705277927926000000,0.02859778943554063,paolo-laptop,hwpc-sensor-container
power_consumption,1705277928930000000,0.015916984785302003,paolo-laptop,hwpc-sensor-container
power_consumption,1705277929936000000,0.016512819036096034,paolo-laptop,hwpc-sensor-container
power_consumption,1705277930939000000,0.0166187004184605,paolo-laptop,hwpc-sensor-container
power_consumption,1705277931943000000,0.014271916701313458,paolo-laptop,hwpc-sensor-container
power_consumption,1705277932948000000,0.012587588544041933,paolo-laptop,hwpc-sensor-container
power_consumption,1705277933950000000,0.012515089031521143,paolo-laptop,hwpc-sensor-container
power_consumption,1705277934954000000,0.011018362379068149,paolo-laptop,hwpc-sensor-container
power_consumption,1705277935958000000,0.01143471072247541,paolo-laptop,hwpc-sensor-container
power_consumption,1705277936962000000,0.0115017671360296,paolo-laptop,hwpc-sensor-container
power_consumption,1705277937964000000,0.013002088033388185,paolo-laptop,hwpc-sensor-container
power_consumption,1705277938966000000,0.011148048595118976,paolo-laptop,hwpc-sensor-container
power_consumption,1705277939969000000,0.012305837188333526,paolo-laptop,hwpc-sensor-container
power_consumption,1705277940974000000,0.02015569814265379,paolo-laptop,hwpc-sensor-container
power_consumption,1705277941976000000,0.020990291726225213,paolo-laptop,hwpc-sensor-container
power_consumption,1705277942978000000,0.014225346499633099,paolo-laptop,hwpc-sensor-container
power_consumption,1705277943980000000,0.01564381258533913,paolo-laptop,hwpc-sensor-container
power_consumption,1705277944984000000,0.014908495302363309,paolo-laptop,hwpc-sensor-container
power_consumption,1705277945988000000,0.016935805874807808,paolo-laptop,hwpc-sensor-container
power_consumption,1705277946989000000,0.013029320248035815,paolo-laptop,hwpc-sensor-container
power_consumption,1705277947993000000,0.011586302969795452,paolo-laptop,hwpc-sensor-container
power_consumption,1705277948997000000,0.02050687794111263,paolo-laptop,hwpc-sensor-container
power_consumption,1705277950002000000,0.02409990879521374,paolo-laptop,hwpc-sensor-container
power_consumption,1705277951008000000,0.010296744972802946,paolo-laptop,hwpc-sensor-container
power_consumption,1705277952010000000,0.018741448085343275,paolo-laptop,hwpc-sensor-container
power_consumption,1705277953012000000,0.01283488612607949,paolo-laptop,hwpc-sensor-container
power_consumption,1705277954014000000,0.015423778883991967,paolo-laptop,hwpc-sensor-container
power_consumption,1705277955017000000,0.011495373547771725,paolo-laptop,hwpc-sensor-container
power_consumption,1705277956019000000,0.012889456655946218,paolo-laptop,hwpc-sensor-container
power_consumption,1705277957021000000,0.014825376585835432,paolo-laptop,hwpc-sensor-container
