name,time,power,sensor,target
power_consumption,1704510547709000000,0.004988499221369531,paolo-laptop,influx_dest
power_consumption,1704510548710000000,0.00476650621600784,paolo-laptop,influx_dest
power_consumption,1704510549712000000,0.005573675602706649,paolo-laptop,influx_dest
power_consumption,1704510550714000000,0.012652206158063681,paolo-laptop,influx_dest
power_consumption,1704510552721000000,0.005533908855242748,paolo-laptop,influx_dest
power_consumption,1704510553723000000,0.0056404207930023965,paolo-laptop,influx_dest
power_consumption,1704510554724000000,0.005512410948977117,paolo-laptop,influx_dest
power_consumption,1704510555726000000,0.005407538782834252,paolo-laptop,influx_dest
power_consumption,1704510556728000000,0.007742625385500025,paolo-laptop,influx_dest
power_consumption,1704510557730000000,0.005407252378106254,paolo-laptop,influx_dest
power_consumption,1704510558732000000,0.004963376117964408,paolo-laptop,influx_dest
power_consumption,1704510559734000000,0.004981379420320082,paolo-laptop,influx_dest
power_consumption,1704510561736000000,0.004336016017210223,paolo-laptop,influx_dest
power_consumption,1704510562738000000,0.003932335064246456,paolo-laptop,influx_dest
power_consumption,1704510563740000000,0.0035247465675789964,paolo-laptop,influx_dest
power_consumption,1704510564743000000,0.0032211274364832214,paolo-laptop,influx_dest
power_consumption,1704510565744000000,0.0040288981144358405,paolo-laptop,influx_dest
power_consumption,1704510566746000000,0.004281739323339799,paolo-laptop,influx_dest
power_consumption,1704510568749000000,0.0036573106390559397,paolo-laptop,influx_dest
power_consumption,1704510569750000000,0.0036125330812330015,paolo-laptop,influx_dest
power_consumption,1704510572754000000,0.0036662973675425066,paolo-laptop,influx_dest
power_consumption,1704510573755000000,0.003925507561266795,paolo-laptop,influx_dest
power_consumption,1704510574756000000,0.0031184154639796115,paolo-laptop,influx_dest
power_consumption,1704510575758000000,0.004027586780043717,paolo-laptop,influx_dest
power_consumption,1704510577761000000,0.0029590504939429763,paolo-laptop,influx_dest
power_consumption,1704510582770000000,0.0035759246288661305,paolo-laptop,influx_dest
power_consumption,1704510583772000000,0.0031981869990746316,paolo-laptop,influx_dest
power_consumption,1704510584774000000,0.004057543921191637,paolo-laptop,influx_dest
power_consumption,1704510585776000000,0.003328324508855425,paolo-laptop,influx_dest
power_consumption,1704510586778000000,0.0039942790643264165,paolo-laptop,influx_dest
power_consumption,1704510588782000000,0.003412843675339436,paolo-laptop,influx_dest
power_consumption,1704510589783000000,0.007640943133491432,paolo-laptop,influx_dest
power_consumption,1704510590784000000,0.008762537852779596,paolo-laptop,influx_dest
power_consumption,1704510591786000000,0.0037915997052544777,paolo-laptop,influx_dest
power_consumption,1704510592787000000,0.0034417596431349177,paolo-laptop,influx_dest
power_consumption,1704510593789000000,0.003680208988865157,paolo-laptop,influx_dest
power_consumption,1704510594791000000,0.003923730879956131,paolo-laptop,influx_dest
power_consumption,1704510595792000000,0.0043971610904576,paolo-laptop,influx_dest
power_consumption,1704510596794000000,0.004797907375563143,paolo-laptop,influx_dest
power_consumption,1704510597795000000,0.0038237508134058547,paolo-laptop,influx_dest
power_consumption,1704510598797000000,0.0037297150317718774,paolo-laptop,influx_dest
power_consumption,1704510600801000000,0.009951197825404125,paolo-laptop,influx_dest
power_consumption,1704510601803000000,0.005017868680787041,paolo-laptop,influx_dest
power_consumption,1704510602805000000,0.004055382005751949,paolo-laptop,influx_dest
power_consumption,1704510604810000000,0.0035408213907293447,paolo-laptop,influx_dest
power_consumption,1704510605812000000,0.0032667183325611176,paolo-laptop,influx_dest
power_consumption,1704510606814000000,0.0043617497145247595,paolo-laptop,influx_dest
power_consumption,1704510607816000000,0.005956564849628245,paolo-laptop,influx_dest
power_consumption,1704510608818000000,0.0036808435735948873,paolo-laptop,influx_dest
power_consumption,1704510609821000000,0.003929427205406033,paolo-laptop,influx_dest
power_consumption,1704510610823000000,0.009014504631618854,paolo-laptop,influx_dest
power_consumption,1704510611825000000,0.005804997271656164,paolo-laptop,influx_dest
power_consumption,1704510612827000000,0.0036890607842018663,paolo-laptop,influx_dest
power_consumption,1704510613828000000,0.00597431586122418,paolo-laptop,influx_dest
power_consumption,1704510614830000000,0.0059679625447563766,paolo-laptop,influx_dest
power_consumption,1704510615831000000,0.0057809464376583145,paolo-laptop,influx_dest
power_consumption,1704510616834000000,0.007484333773740274,paolo-laptop,influx_dest
power_consumption,1704510617836000000,0.005647929824928554,paolo-laptop,influx_dest
power_consumption,1704510618838000000,0.006148616249281881,paolo-laptop,influx_dest
power_consumption,1704510619841000000,0.00393614967210473,paolo-laptop,influx_dest
power_consumption,1704510620843000000,0.013476906952348409,paolo-laptop,influx_dest
power_consumption,1704510621846000000,0.005921120232664702,paolo-laptop,influx_dest
power_consumption,1704510622848000000,0.006153922389352343,paolo-laptop,influx_dest
power_consumption,1704510623850000000,0.006846080131938563,paolo-laptop,influx_dest
power_consumption,1704510624853000000,0.005718456071137845,paolo-laptop,influx_dest
power_consumption,1704510625866000000,0.006111652207800627,paolo-laptop,influx_dest
power_consumption,1704510626869000000,0.007591920464448307,paolo-laptop,influx_dest
power_consumption,1704510627871000000,0.007193547637067607,paolo-laptop,influx_dest
power_consumption,1704510628873000000,0.006709546981200755,paolo-laptop,influx_dest
power_consumption,1704510629875000000,0.006522145030137249,paolo-laptop,influx_dest
power_consumption,1704510630877000000,0.014530887347270635,paolo-laptop,influx_dest
power_consumption,1704510631879000000,0.006225838094886197,paolo-laptop,influx_dest
power_consumption,1704510632881000000,0.05342227757881603,paolo-laptop,influx_dest
power_consumption,1704510633887000000,0.006045517875216091,paolo-laptop,influx_dest
power_consumption,1704510634889000000,0.0061845580125332675,paolo-laptop,influx_dest
power_consumption,1704510635891000000,0.006524927622558704,paolo-laptop,influx_dest
power_consumption,1704510636893000000,0.0066728991665438425,paolo-laptop,influx_dest
power_consumption,1704510637896000000,0.003652631076304774,paolo-laptop,influx_dest
power_consumption,1704510638898000000,0.0030833396487936265,paolo-laptop,influx_dest
power_consumption,1704510639900000000,0.006043295283981012,paolo-laptop,influx_dest
power_consumption,1704510640902000000,0.009278849516800448,paolo-laptop,influx_dest
power_consumption,1704510641905000000,0.0032671988481353395,paolo-laptop,influx_dest
power_consumption,1704510642907000000,0.00654738257880159,paolo-laptop,influx_dest
power_consumption,1704510643910000000,0.00670607202848382,paolo-laptop,influx_dest
power_consumption,1704510644912000000,0.0028783080296147156,paolo-laptop,influx_dest
power_consumption,1704510645914000000,0.003896994367630149,paolo-laptop,influx_dest
power_consumption,1704510646918000000,0.00401112103384175,paolo-laptop,influx_dest
power_consumption,1704510647920000000,0.003099428559263902,paolo-laptop,influx_dest
power_consumption,1704510648926000000,0.003806448765445284,paolo-laptop,influx_dest
power_consumption,1704510649932000000,0.006007564668621129,paolo-laptop,influx_dest
power_consumption,1704510650934000000,0.013611654355539855,paolo-laptop,influx_dest
power_consumption,1704510651937000000,0.006148600017411443,paolo-laptop,influx_dest
power_consumption,1704510652939000000,0.00547711990663685,paolo-laptop,influx_dest
power_consumption,1704510653942000000,0.005085600444217567,paolo-laptop,influx_dest
power_consumption,1704510654944000000,0.005443664034915608,paolo-laptop,influx_dest
power_consumption,1704510655946000000,0.0038753387527503316,paolo-laptop,influx_dest
power_consumption,1704510656948000000,0.00544691051099707,paolo-laptop,influx_dest
power_consumption,1704510657950000000,0.005382913118119312,paolo-laptop,influx_dest
power_consumption,1704510658952000000,0.005223796304558639,paolo-laptop,influx_dest
power_consumption,1704510659954000000,0.004703001723896144,paolo-laptop,influx_dest
power_consumption,1704510660956000000,0.011477011224161691,paolo-laptop,influx_dest
power_consumption,1704510661959000000,0.005171444009693124,paolo-laptop,influx_dest
power_consumption,1704510662962000000,0.004664195383212584,paolo-laptop,influx_dest
power_consumption,1704510663964000000,0.004960652571676364,paolo-laptop,influx_dest
power_consumption,1704510664966000000,0.004664337004740806,paolo-laptop,influx_dest
power_consumption,1704510665969000000,0.005263291431483992,paolo-laptop,influx_dest
power_consumption,1704510666972000000,0.006317047737919607,paolo-laptop,influx_dest
power_consumption,1704510667974000000,0.00504879883132177,paolo-laptop,influx_dest
power_consumption,1704510668976000000,0.004688928458397025,paolo-laptop,influx_dest
power_consumption,1704510669979000000,0.005182060660292287,paolo-laptop,influx_dest
power_consumption,1704510670982000000,0.011145799584951968,paolo-laptop,influx_dest
power_consumption,1704510671987000000,0.005753248404968669,paolo-laptop,influx_dest
power_consumption,1704510672993000000,0.005120351217993987,paolo-laptop,influx_dest
power_consumption,1704510673995000000,0.005794872469716584,paolo-laptop,influx_dest
power_consumption,1704510674996000000,0.007394579318061287,paolo-laptop,influx_dest
power_consumption,1704510675998000000,0.00586161826407285,paolo-laptop,influx_dest
power_consumption,1704510676999000000,0.009391569488529074,paolo-laptop,influx_dest
power_consumption,1704510678001000000,0.005870668023270589,paolo-laptop,influx_dest
power_consumption,1704510679003000000,0.0036324756286212007,paolo-laptop,influx_dest
power_consumption,1704510680005000000,0.016103923359634252,paolo-laptop,influx_dest
power_consumption,1704510681007000000,0.006595763057899736,paolo-laptop,influx_dest
power_consumption,1704510682009000000,0.006033604964573702,paolo-laptop,influx_dest
power_consumption,1704510683011000000,0.0060278117286967844,paolo-laptop,influx_dest
power_consumption,1704510684014000000,0.00503797596518437,paolo-laptop,influx_dest
power_consumption,1704510685016000000,0.005274322683597028,paolo-laptop,influx_dest
power_consumption,1704510686018000000,0.004328331109095426,paolo-laptop,influx_dest
power_consumption,1704510687020000000,0.004679262910354346,paolo-laptop,influx_dest
power_consumption,1704510688022000000,0.004224668488532354,paolo-laptop,influx_dest
power_consumption,1704510689024000000,0.004418125476351773,paolo-laptop,influx_dest
power_consumption,1704510690026000000,0.01228665651021118,paolo-laptop,influx_dest
power_consumption,1704510691028000000,0.004621315587515586,paolo-laptop,influx_dest
power_consumption,1704510692031000000,0.005192761077115761,paolo-laptop,influx_dest
power_consumption,1704510693033000000,0.0053663332560509236,paolo-laptop,influx_dest
power_consumption,1704510694035000000,0.05083988469337176,paolo-laptop,influx_dest
power_consumption,1704510695037000000,0.00531657572697375,paolo-laptop,influx_dest
power_consumption,1704510696039000000,0.004406555291765767,paolo-laptop,influx_dest
power_consumption,1704510697041000000,0.005810555280356847,paolo-laptop,influx_dest
power_consumption,1704510701050000000,0.004367689550893642,paolo-laptop,influx_dest
power_consumption,1704510702053000000,0.005149929723562407,paolo-laptop,influx_dest
power_consumption,1704510703059000000,0.004836754946176636,paolo-laptop,influx_dest
power_consumption,1704510704065000000,0.005208666054673486,paolo-laptop,influx_dest
power_consumption,1704510705071000000,0.005280269478542655,paolo-laptop,influx_dest
power_consumption,1704510706077000000,0.004922209756452103,paolo-laptop,influx_dest
power_consumption,1704510707079000000,0.005612398698066018,paolo-laptop,influx_dest
power_consumption,1704510708082000000,0.005376656646800586,paolo-laptop,influx_dest
power_consumption,1704510709084000000,0.005109949064421044,paolo-laptop,influx_dest
power_consumption,1704510710086000000,0.011925886158219535,paolo-laptop,influx_dest
power_consumption,1704510711088000000,0.005215724348716159,paolo-laptop,influx_dest
power_consumption,1704510712091000000,0.005497779835035289,paolo-laptop,influx_dest
power_consumption,1704510713093000000,0.004816333709509578,paolo-laptop,influx_dest
power_consumption,1704510714096000000,0.005264753267051482,paolo-laptop,influx_dest
power_consumption,1704510715098000000,0.005264455158281403,paolo-laptop,influx_dest
power_consumption,1704510716101000000,0.0053291485067413664,paolo-laptop,influx_dest
power_consumption,1704510717103000000,0.005991400156070102,paolo-laptop,influx_dest
power_consumption,1704510718105000000,0.005152542933941727,paolo-laptop,influx_dest
power_consumption,1704510719108000000,0.005189392904977044,paolo-laptop,influx_dest
power_consumption,1704510720110000000,0.012379135135176465,paolo-laptop,influx_dest
power_consumption,1704510724121000000,0.0053075707336599715,paolo-laptop,influx_dest
power_consumption,1704510725123000000,0.004418462404002724,paolo-laptop,influx_dest
power_consumption,1704510726125000000,0.0050505707331386564,paolo-laptop,influx_dest
power_consumption,1704510736160000000,0.004493609122105098,paolo-laptop,influx_dest
power_consumption,1704510737161000000,0.005982091832225135,paolo-laptop,influx_dest
power_consumption,1704510738163000000,0.004362138713419242,paolo-laptop,influx_dest
power_consumption,1704510739165000000,0.00431146598387241,paolo-laptop,influx_dest
power_consumption,1704510740167000000,0.012927585330241183,paolo-laptop,influx_dest
power_consumption,1704510741169000000,0.005358306075849457,paolo-laptop,influx_dest
power_consumption,1704510742172000000,0.00555819607910728,paolo-laptop,influx_dest
power_consumption,1704510743174000000,0.005031281631587849,paolo-laptop,influx_dest
power_consumption,1704510745178000000,0.003953602156408509,paolo-laptop,influx_dest
power_consumption,1704510746180000000,0.003095282361151361,paolo-laptop,influx_dest
power_consumption,1704510747182000000,0.0044604169184175625,paolo-laptop,influx_dest
power_consumption,1704510748184000000,0.0034124443711866462,paolo-laptop,influx_dest
power_consumption,1704510750189000000,0.01082484979391083,paolo-laptop,influx_dest
power_consumption,1704510751191000000,0.0029184860208413778,paolo-laptop,influx_dest
power_consumption,1704510752193000000,0.003821553037691614,paolo-laptop,influx_dest
power_consumption,1704510753198000000,0.003994333692255124,paolo-laptop,influx_dest
power_consumption,1704510754200000000,0.0031390550501090133,paolo-laptop,influx_dest
power_consumption,1704510755202000000,0.06381339734150802,paolo-laptop,influx_dest
power_consumption,1704510756205000000,0.003226863884939239,paolo-laptop,influx_dest
power_consumption,1704510757207000000,0.0034873779038537777,paolo-laptop,influx_dest
power_consumption,1704510758209000000,0.0036295691353587303,paolo-laptop,influx_dest
power_consumption,1704510759212000000,0.0035351239273757984,paolo-laptop,influx_dest
power_consumption,1704510760215000000,0.010769408528548442,paolo-laptop,influx_dest
power_consumption,1704510761217000000,0.00315350206402372,paolo-laptop,influx_dest
power_consumption,1704510762220000000,0.0032184080138354036,paolo-laptop,influx_dest
power_consumption,1704510763223000000,0.0034602070488259297,paolo-laptop,influx_dest
power_consumption,1704510764226000000,0.0029587175737902185,paolo-laptop,influx_dest
power_consumption,1704510765228000000,0.003306649725679683,paolo-laptop,influx_dest
power_consumption,1704510766230000000,0.003387299662598749,paolo-laptop,influx_dest
power_consumption,1704510767232000000,0.003786185433818635,paolo-laptop,influx_dest
power_consumption,1704510768234000000,0.0027813243512955377,paolo-laptop,influx_dest
power_consumption,1704510769236000000,0.002959376017475945,paolo-laptop,influx_dest
power_consumption,1704510770238000000,0.011136164925661055,paolo-laptop,influx_dest
power_consumption,1704510771241000000,0.0033537272075710384,paolo-laptop,influx_dest
power_consumption,1704510772246000000,0.00306847872314749,paolo-laptop,influx_dest
power_consumption,1704510773248000000,0.003945948498671437,paolo-laptop,influx_dest
power_consumption,1704510774250000000,0.0035301408633720455,paolo-laptop,influx_dest
power_consumption,1704510778260000000,0.0032952722872463583,paolo-laptop,influx_dest
power_consumption,1704510779263000000,0.003733328716297188,paolo-laptop,influx_dest
power_consumption,1704510783274000000,0.003804718933871146,paolo-laptop,influx_dest
power_consumption,1704510788290000000,0.0038363860597541094,paolo-laptop,influx_dest
power_consumption,1704510791298000000,0.0028397454398095432,paolo-laptop,influx_dest
power_consumption,1704510792300000000,0.002296198515957731,paolo-laptop,influx_dest
power_consumption,1704510793302000000,0.003515546513699764,paolo-laptop,influx_dest
power_consumption,1704510794305000000,0.0033925947206323286,paolo-laptop,influx_dest
power_consumption,1704510795308000000,0.003502817403785255,paolo-laptop,influx_dest
power_consumption,1704510796311000000,0.003089228154305362,paolo-laptop,influx_dest
power_consumption,1704510797312000000,0.004117295249019236,paolo-laptop,influx_dest
power_consumption,1704510798315000000,0.0031963497443608024,paolo-laptop,influx_dest
power_consumption,1704510799317000000,0.003786896789883073,paolo-laptop,influx_dest
power_consumption,1704510800319000000,0.009522539978600985,paolo-laptop,influx_dest
power_consumption,1704510801321000000,0.0033303339903467933,paolo-laptop,influx_dest
power_consumption,1704510802323000000,0.003626663654037823,paolo-laptop,influx_dest
power_consumption,1704510803325000000,0.003325579823432212,paolo-laptop,influx_dest
power_consumption,1704510804329000000,0.0031962687622739783,paolo-laptop,influx_dest
power_consumption,1704510805331000000,0.004279835785790272,paolo-laptop,influx_dest
power_consumption,1704510806333000000,0.003694735851632569,paolo-laptop,influx_dest
power_consumption,1704510815361000000,0.0031042731617519836,paolo-laptop,influx_dest
power_consumption,1704510819373000000,0.06442101812843082,paolo-laptop,influx_dest
power_consumption,1704510820375000000,0.010592528215345363,paolo-laptop,influx_dest
power_consumption,1704510821377000000,0.004531454008141414,paolo-laptop,influx_dest
power_consumption,1704510824385000000,0.003580328486609723,paolo-laptop,influx_dest
power_consumption,1704510825387000000,0.003442489657278777,paolo-laptop,influx_dest
power_consumption,1704510826389000000,0.0038413703762762686,paolo-laptop,influx_dest
power_consumption,1704510827391000000,0.004356940240584354,paolo-laptop,influx_dest
power_consumption,1704510828393000000,0.004035315474375448,paolo-laptop,influx_dest
power_consumption,1704510829395000000,0.0030363775537020393,paolo-laptop,influx_dest
power_consumption,1704510830398000000,0.009459943446267268,paolo-laptop,influx_dest
power_consumption,1704510837419000000,0.004134156720781731,paolo-laptop,influx_dest
power_consumption,1704510838421000000,0.0029646729779787516,paolo-laptop,influx_dest
power_consumption,1704510839423000000,0.0030180538741294625,paolo-laptop,influx_dest
power_consumption,1704510840426000000,0.009960304570797544,paolo-laptop,influx_dest
power_consumption,1704510841428000000,0.0030387167425375322,paolo-laptop,influx_dest
power_consumption,1704510842430000000,0.0035120069491440713,paolo-laptop,influx_dest
power_consumption,1704510843432000000,0.0032019313118413126,paolo-laptop,influx_dest
power_consumption,1704510844434000000,0.003255061949537043,paolo-laptop,influx_dest
power_consumption,1704510845437000000,0.0038130512412936847,paolo-laptop,influx_dest
power_consumption,1704510846439000000,0.00400464730459436,paolo-laptop,influx_dest
power_consumption,1704510847441000000,0.003785269987229398,paolo-laptop,influx_dest
power_consumption,1704510848443000000,0.003391933923488149,paolo-laptop,influx_dest
power_consumption,1704510849446000000,0.0034953705197224784,paolo-laptop,influx_dest
power_consumption,1704510861494000000,0.0037386502561825414,paolo-laptop,influx_dest
power_consumption,1704510862497000000,0.003289742632623127,paolo-laptop,influx_dest
power_consumption,1704510863499000000,0.003006276665707252,paolo-laptop,influx_dest
power_consumption,1704510864502000000,0.002778151350919165,paolo-laptop,influx_dest
power_consumption,1704510865504000000,0.003486186104641667,paolo-laptop,influx_dest
power_consumption,1704510866507000000,0.00545742934410434,paolo-laptop,influx_dest
power_consumption,1704510867510000000,0.0038902629830593898,paolo-laptop,influx_dest
power_consumption,1704510868512000000,0.003984938167783201,paolo-laptop,influx_dest
power_consumption,1704510869515000000,0.003693225546995001,paolo-laptop,influx_dest
power_consumption,1704510870524000000,0.010994465410997929,paolo-laptop,influx_dest
power_consumption,1704510872529000000,0.003502891356074281,paolo-laptop,influx_dest
power_consumption,1704510873531000000,0.003269735557615443,paolo-laptop,influx_dest
power_consumption,1704510874535000000,0.002635212750523846,paolo-laptop,influx_dest
power_consumption,1704510876540000000,0.004802585814399956,paolo-laptop,influx_dest
power_consumption,1704510877542000000,0.0035207313419418967,paolo-laptop,influx_dest
power_consumption,1704510878544000000,0.0036532465154849986,paolo-laptop,influx_dest
power_consumption,1704510879546000000,0.004019994086290146,paolo-laptop,influx_dest
power_consumption,1704510880548000000,0.07937977780174388,paolo-laptop,influx_dest
power_consumption,1704510881550000000,0.0035712558619890823,paolo-laptop,influx_dest
power_consumption,1704510882552000000,0.004162019637085132,paolo-laptop,influx_dest
power_consumption,1704510883555000000,0.00987470590058798,paolo-laptop,influx_dest
power_consumption,1704510884560000000,0.004566448579926288,paolo-laptop,influx_dest
power_consumption,1704510885562000000,0.00427907492240003,paolo-laptop,influx_dest
power_consumption,1704510886564000000,0.0045146966046887265,paolo-laptop,influx_dest
power_consumption,1704510887567000000,0.0038532813342752248,paolo-laptop,influx_dest
power_consumption,1704510888569000000,0.00418883323023181,paolo-laptop,influx_dest
power_consumption,1704510889571000000,0.0037404347213341404,paolo-laptop,influx_dest
power_consumption,1704510890574000000,0.010103353499325465,paolo-laptop,influx_dest
power_consumption,1704510891576000000,0.003550675166272122,paolo-laptop,influx_dest
power_consumption,1704510894583000000,0.003390224407452868,paolo-laptop,influx_dest
power_consumption,1704510895584000000,0.0033608879071479747,paolo-laptop,influx_dest
power_consumption,1704510896588000000,0.002953264292585375,paolo-laptop,influx_dest
power_consumption,1704510899597000000,0.003385085618817466,paolo-laptop,influx_dest
power_consumption,1704510900603000000,0.009720441108616112,paolo-laptop,influx_dest
power_consumption,1704510901605000000,0.0036600879944202083,paolo-laptop,influx_dest
power_consumption,1704510902607000000,0.004166752838384831,paolo-laptop,influx_dest
power_consumption,1704510903610000000,0.0028923401020941636,paolo-laptop,influx_dest
power_consumption,1704510904612000000,0.0030537940281235975,paolo-laptop,influx_dest
power_consumption,1704510905614000000,0.0035528651099639074,paolo-laptop,influx_dest
power_consumption,1704510906616000000,0.004592222756827056,paolo-laptop,influx_dest
power_consumption,1704510907619000000,0.0031004070322861203,paolo-laptop,influx_dest
power_consumption,1704510908621000000,0.003562460032784179,paolo-laptop,influx_dest
power_consumption,1704510909623000000,0.00404491372301431,paolo-laptop,influx_dest
power_consumption,1704510910626000000,0.011506286394296315,paolo-laptop,influx_dest
power_consumption,1704510911628000000,0.0037022399385670496,paolo-laptop,influx_dest
power_consumption,1704510912630000000,0.0030340158177400746,paolo-laptop,influx_dest
power_consumption,1704510913632000000,0.0031132973875314766,paolo-laptop,influx_dest
power_consumption,1704510918641000000,0.006105241968678763,paolo-laptop,influx_dest
power_consumption,1704510925670000000,0.0056665040941315335,paolo-laptop,influx_dest
power_consumption,1704510931689000000,0.0033753139766793255,paolo-laptop,influx_dest
power_consumption,1704510937707000000,0.002273699269326069,paolo-laptop,influx_dest
power_consumption,1704510938711000000,0.005314054327738162,paolo-laptop,influx_dest
power_consumption,1704510940720000000,0.016413824172847678,paolo-laptop,influx_dest
power_consumption,1704510942723000000,0.06821154060835234,paolo-laptop,influx_dest
power_consumption,1704510948749000000,0.00411998274468161,paolo-laptop,influx_dest
power_consumption,1704510950757000000,0.013006093491503452,paolo-laptop,influx_dest
power_consumption,1704510952761000000,0.0065755993675201355,paolo-laptop,influx_dest
power_consumption,1704510953764000000,0.007145457311976545,paolo-laptop,influx_dest
power_consumption,1704510954766000000,0.006860450479965955,paolo-laptop,influx_dest
power_consumption,1704510955768000000,0.007046074813875372,paolo-laptop,influx_dest
power_consumption,1704510956771000000,0.007433688770399776,paolo-laptop,influx_dest
power_consumption,1704510957773000000,0.00752455601281753,paolo-laptop,influx_dest
power_consumption,1704510958775000000,0.006152244279299309,paolo-laptop,influx_dest
power_consumption,1704510959777000000,0.0066706600439880685,paolo-laptop,influx_dest
power_consumption,1704510960779000000,0.01660629564121353,paolo-laptop,influx_dest
power_consumption,1704510961781000000,0.006303195297039176,paolo-laptop,influx_dest
power_consumption,1704510962783000000,0.006304532876257829,paolo-laptop,influx_dest
power_consumption,1704510963786000000,0.009683405187272016,paolo-laptop,influx_dest
power_consumption,1704510964790000000,0.006297519729077446,paolo-laptop,influx_dest
power_consumption,1704510965791000000,0.009080106998802209,paolo-laptop,influx_dest
power_consumption,1704510966794000000,0.008650276575668386,paolo-laptop,influx_dest
power_consumption,1704510967795000000,0.007942891273111957,paolo-laptop,influx_dest
power_consumption,1704510968797000000,0.0074428970787844256,paolo-laptop,influx_dest
power_consumption,1704510971804000000,0.0033000683660272634,paolo-laptop,influx_dest
power_consumption,1704510972806000000,0.004792779995605505,paolo-laptop,influx_dest
power_consumption,1704510973808000000,0.00631470269458036,paolo-laptop,influx_dest
power_consumption,1704510974810000000,0.006032679819477509,paolo-laptop,influx_dest
power_consumption,1704510975813000000,0.007461294146351871,paolo-laptop,influx_dest
power_consumption,1704510976815000000,0.009723194656755694,paolo-laptop,influx_dest
power_consumption,1704510977817000000,0.003049977813412507,paolo-laptop,influx_dest
power_consumption,1704510978821000000,0.006666473362784499,paolo-laptop,influx_dest
power_consumption,1704510980826000000,0.01140416798213735,paolo-laptop,influx_dest
power_consumption,1704510981828000000,0.0066527748518110785,paolo-laptop,influx_dest
power_consumption,1704510982830000000,0.00652379430522722,paolo-laptop,influx_dest
power_consumption,1704510983832000000,0.006777070836436947,paolo-laptop,influx_dest
power_consumption,1704510984834000000,0.009055274022479793,paolo-laptop,influx_dest
power_consumption,1704510985835000000,0.006670993903940773,paolo-laptop,influx_dest
power_consumption,1704510986838000000,0.008564473121925504,paolo-laptop,influx_dest
power_consumption,1704510987840000000,0.005388648387443017,paolo-laptop,influx_dest
power_consumption,1704510988843000000,0.0032050932167065585,paolo-laptop,influx_dest
power_consumption,1704510990846000000,0.016567739498150526,paolo-laptop,influx_dest
power_consumption,1704510992851000000,0.009584444969776524,paolo-laptop,influx_dest
power_consumption,1704510993855000000,0.00431700061518572,paolo-laptop,influx_dest
power_consumption,1704510996866000000,0.00788939939261001,paolo-laptop,influx_dest
power_consumption,1704510997869000000,0.00420926702733422,paolo-laptop,influx_dest
power_consumption,1704510998871000000,0.006230502518071743,paolo-laptop,influx_dest
power_consumption,1704510999873000000,0.005405490184527429,paolo-laptop,influx_dest
power_consumption,1704511000877000000,0.009446663850212061,paolo-laptop,influx_dest
power_consumption,1704511001882000000,0.006288091375050626,paolo-laptop,influx_dest
power_consumption,1704511002885000000,0.0041131088984212374,paolo-laptop,influx_dest
power_consumption,1704511003889000000,0.006329762518858372,paolo-laptop,influx_dest
power_consumption,1704511004891000000,0.005837196269087844,paolo-laptop,influx_dest
power_consumption,1704511005896000000,0.004652517008750051,paolo-laptop,influx_dest
power_consumption,1704511007903000000,0.009950786432694507,paolo-laptop,influx_dest
power_consumption,1704511008906000000,0.002422173233595294,paolo-laptop,influx_dest
power_consumption,1704511009908000000,0.005744222404984173,paolo-laptop,influx_dest
power_consumption,1704511010912000000,0.07819309265979042,paolo-laptop,influx_dest
power_consumption,1704511012919000000,0.006717985341643038,paolo-laptop,influx_dest
power_consumption,1704511013921000000,0.002570576941281224,paolo-laptop,influx_dest
power_consumption,1704511014923000000,0.0054938921647353905,paolo-laptop,influx_dest
power_consumption,1704511015925000000,0.006774915653824553,paolo-laptop,influx_dest
power_consumption,1704511017929000000,0.0059346062631933025,paolo-laptop,influx_dest
power_consumption,1704511018930000000,0.006490935135529789,paolo-laptop,influx_dest
power_consumption,1704511019934000000,0.004201188132646908,paolo-laptop,influx_dest
power_consumption,1704511021937000000,0.0065998960038552235,paolo-laptop,influx_dest
power_consumption,1704511022939000000,0.007656336521669782,paolo-laptop,influx_dest
power_consumption,1704511024947000000,0.00696430387706021,paolo-laptop,influx_dest
power_consumption,1704511025949000000,0.006160137777179548,paolo-laptop,influx_dest
power_consumption,1704511026953000000,0.0030845450329766303,paolo-laptop,influx_dest
power_consumption,1704511027955000000,0.010512468820399787,paolo-laptop,influx_dest
power_consumption,1704511028959000000,0.003052491072508561,paolo-laptop,influx_dest
power_consumption,1704511029962000000,0.008999155106652498,paolo-laptop,influx_dest
power_consumption,1704511031966000000,0.006409874323192517,paolo-laptop,influx_dest
power_consumption,1704511032968000000,0.007156273032270155,paolo-laptop,influx_dest
power_consumption,1704511033972000000,0.007650584791529898,paolo-laptop,influx_dest
power_consumption,1704511034974000000,0.0028646031650109306,paolo-laptop,influx_dest
power_consumption,1704511035975000000,0.006056040746101445,paolo-laptop,influx_dest
power_consumption,1704511036979000000,0.010782641251897398,paolo-laptop,influx_dest
power_consumption,1704511038985000000,0.00619851422600955,paolo-laptop,influx_dest
power_consumption,1704511039987000000,0.0047312521971366855,paolo-laptop,influx_dest
power_consumption,1704511040991000000,0.011984971542979408,paolo-laptop,influx_dest
power_consumption,1704511041993000000,0.004097413962756025,paolo-laptop,influx_dest
power_consumption,1704511042995000000,0.006500888360513532,paolo-laptop,influx_dest
power_consumption,1704511043996000000,0.006502321097092582,paolo-laptop,influx_dest
power_consumption,1704511044998000000,0.005786175384960193,paolo-laptop,influx_dest
power_consumption,1704511046002000000,0.004752174501753745,paolo-laptop,influx_dest
power_consumption,1704511048011000000,0.0058007812282927385,paolo-laptop,influx_dest
power_consumption,1704511049012000000,0.007466064056428145,paolo-laptop,influx_dest
power_consumption,1704511050014000000,0.013731918434532423,paolo-laptop,influx_dest
power_consumption,1704511051016000000,0.005442795639852557,paolo-laptop,influx_dest
power_consumption,1704511052018000000,0.0065815699068424716,paolo-laptop,influx_dest
power_consumption,1704511053019000000,0.004928988852785017,paolo-laptop,influx_dest
power_consumption,1704511054021000000,0.006752277956815342,paolo-laptop,influx_dest
power_consumption,1704511055023000000,0.0026911808457496275,paolo-laptop,influx_dest
power_consumption,1704511056026000000,0.007573763686165948,paolo-laptop,influx_dest
power_consumption,1704511057028000000,0.007876805751837128,paolo-laptop,influx_dest
power_consumption,1704511058030000000,0.005502313859190563,paolo-laptop,influx_dest
power_consumption,1704511059032000000,0.007647132739708313,paolo-laptop,influx_dest
power_consumption,1704511060034000000,0.01803246339470258,paolo-laptop,influx_dest
power_consumption,1704511061036000000,0.007175085918150912,paolo-laptop,influx_dest
power_consumption,1704511063039000000,0.004603260042318206,paolo-laptop,influx_dest
power_consumption,1704511064041000000,0.008369542006444798,paolo-laptop,influx_dest
power_consumption,1704511065043000000,0.006883993215186327,paolo-laptop,influx_dest
power_consumption,1704511066045000000,0.007405501711011016,paolo-laptop,influx_dest
power_consumption,1704511067047000000,0.007162701577130133,paolo-laptop,influx_dest
power_consumption,1704511068050000000,0.004537610182118541,paolo-laptop,influx_dest
power_consumption,1704511069052000000,0.00907876630890168,paolo-laptop,influx_dest
power_consumption,1704511070054000000,0.01480749151123809,paolo-laptop,influx_dest
power_consumption,1704511071060000000,0.00424698374619832,paolo-laptop,influx_dest
power_consumption,1704511072063000000,0.004233368897123349,paolo-laptop,influx_dest
power_consumption,1704511073064000000,0.006761299911282764,paolo-laptop,influx_dest
power_consumption,1704511074066000000,0.008480805261407915,paolo-laptop,influx_dest
power_consumption,1704511075070000000,0.005112989012964642,paolo-laptop,influx_dest
power_consumption,1704511076074000000,0.004634402793224281,paolo-laptop,influx_dest
power_consumption,1704511077079000000,0.01126990915434784,paolo-laptop,influx_dest
power_consumption,1704511078082000000,0.003604030992667863,paolo-laptop,influx_dest
power_consumption,1704511079089000000,0.005297375401410219,paolo-laptop,influx_dest
power_consumption,1704511080092000000,0.01247355605789546,paolo-laptop,influx_dest
power_consumption,1704511081094000000,0.05248128124997703,paolo-laptop,influx_dest
power_consumption,1704511082099000000,0.0049146333028588715,paolo-laptop,influx_dest
power_consumption,1704511083110000000,0.005312128705256639,paolo-laptop,influx_dest
power_consumption,1704511084113000000,0.005407327692005736,paolo-laptop,influx_dest
power_consumption,1704511085115000000,0.00658522227786237,paolo-laptop,influx_dest
power_consumption,1704511086118000000,0.007089581657817593,paolo-laptop,influx_dest
power_consumption,1704511087121000000,0.013692633960032808,paolo-laptop,influx_dest
power_consumption,1704511088123000000,0.0024941595824236685,paolo-laptop,influx_dest
power_consumption,1704511089124000000,0.004821364599699132,paolo-laptop,influx_dest
power_consumption,1704511090128000000,0.015639403455868537,paolo-laptop,influx_dest
power_consumption,1704511091130000000,0.008737439718473267,paolo-laptop,influx_dest
power_consumption,1704511092132000000,0.010381816384641905,paolo-laptop,influx_dest
power_consumption,1704511093134000000,0.004675896262166426,paolo-laptop,influx_dest
power_consumption,1704511094137000000,0.008292495232235353,paolo-laptop,influx_dest
power_consumption,1704511095141000000,0.008079417377002384,paolo-laptop,influx_dest
power_consumption,1704511096143000000,0.009544165793874359,paolo-laptop,influx_dest
power_consumption,1704511097145000000,0.007868485806108086,paolo-laptop,influx_dest
power_consumption,1704511098149000000,0.006576410740080039,paolo-laptop,influx_dest
power_consumption,1704511099151000000,0.0073482653881694285,paolo-laptop,influx_dest
power_consumption,1704511100155000000,0.011896675962901216,paolo-laptop,influx_dest
power_consumption,1704511101158000000,0.006702825478366502,paolo-laptop,influx_dest
power_consumption,1704511103164000000,0.006039914987948118,paolo-laptop,influx_dest
power_consumption,1704511104166000000,0.005052066222379865,paolo-laptop,influx_dest
power_consumption,1704511105172000000,0.004202387310495225,paolo-laptop,influx_dest
power_consumption,1704511106177000000,0.0084388259673022,paolo-laptop,influx_dest
power_consumption,1704511107179000000,0.00777057070984628,paolo-laptop,influx_dest
power_consumption,1704511108180000000,0.0057251621151039244,paolo-laptop,influx_dest
power_consumption,1704511109185000000,0.009086997476113277,paolo-laptop,influx_dest
power_consumption,1704511110187000000,0.01688257622989606,paolo-laptop,influx_dest
power_consumption,1704511111189000000,0.0035225870295275867,paolo-laptop,influx_dest
power_consumption,1704511114201000000,0.009457968890682001,paolo-laptop,influx_dest
power_consumption,1704511115203000000,0.00729063202643399,paolo-laptop,influx_dest
power_consumption,1704511117213000000,0.0070506838737110795,paolo-laptop,influx_dest
power_consumption,1704511118218000000,0.0039125432669887,paolo-laptop,influx_dest
power_consumption,1704511119219000000,0.006992408247660949,paolo-laptop,influx_dest
power_consumption,1704511120223000000,0.020474234990607566,paolo-laptop,influx_dest
power_consumption,1704511121225000000,0.007182903798040015,paolo-laptop,influx_dest
power_consumption,1704511122227000000,0.004200985296300443,paolo-laptop,influx_dest
power_consumption,1704511123229000000,0.005007763425389535,paolo-laptop,influx_dest
power_consumption,1704511124232000000,0.005511723179167318,paolo-laptop,influx_dest
power_consumption,1704511126236000000,0.005490164557593363,paolo-laptop,influx_dest
power_consumption,1704511127238000000,0.006638605671201803,paolo-laptop,influx_dest
power_consumption,1704511128240000000,0.004709483657637664,paolo-laptop,influx_dest
power_consumption,1704511129243000000,0.00554534890840476,paolo-laptop,influx_dest
power_consumption,1704511130246000000,0.01371499544240346,paolo-laptop,influx_dest
power_consumption,1704511132250000000,0.005749892777000877,paolo-laptop,influx_dest
power_consumption,1704511133252000000,0.005989623763293886,paolo-laptop,influx_dest
power_consumption,1704511134258000000,0.005870768499966821,paolo-laptop,influx_dest
power_consumption,1704511135261000000,0.00704036606839597,paolo-laptop,influx_dest
power_consumption,1704511136263000000,0.0056723544679318245,paolo-laptop,influx_dest
power_consumption,1704511137265000000,0.005825137685988787,paolo-laptop,influx_dest
power_consumption,1704511138268000000,0.004735236962959688,paolo-laptop,influx_dest
power_consumption,1704511139271000000,0.004272055341263316,paolo-laptop,influx_dest
power_consumption,1704511140277000000,0.01818084141519679,paolo-laptop,influx_dest
power_consumption,1704511141281000000,0.009472442589485071,paolo-laptop,influx_dest
power_consumption,1704511142283000000,0.006051890074109308,paolo-laptop,influx_dest
power_consumption,1704511143285000000,0.00568707141501457,paolo-laptop,influx_dest
power_consumption,1704511144287000000,0.005488499200955283,paolo-laptop,influx_dest
power_consumption,1704511145290000000,0.005271529948376777,paolo-laptop,influx_dest
power_consumption,1704511146296000000,0.005269744255833864,paolo-laptop,influx_dest
power_consumption,1704511147298000000,0.0068489719284257405,paolo-laptop,influx_dest
power_consumption,1704511148301000000,0.005947426770716342,paolo-laptop,influx_dest
power_consumption,1704511149303000000,0.05448013111285331,paolo-laptop,influx_dest
power_consumption,1704511150305000000,0.012302234303355452,paolo-laptop,influx_dest
power_consumption,1704511151307000000,0.005729660470081131,paolo-laptop,influx_dest
power_consumption,1704511152309000000,0.005405145473950794,paolo-laptop,influx_dest
power_consumption,1704511153313000000,0.005833301001801632,paolo-laptop,influx_dest
power_consumption,1704511154316000000,0.005755382732313738,paolo-laptop,influx_dest
power_consumption,1704511155318000000,0.005244002076983183,paolo-laptop,influx_dest
power_consumption,1704511156322000000,0.0065980544519597525,paolo-laptop,influx_dest
power_consumption,1704511159337000000,0.004124936769005641,paolo-laptop,influx_dest
power_consumption,1704511161351000000,0.007315748455647467,paolo-laptop,influx_dest
power_consumption,1704511162353000000,0.004016278275040393,paolo-laptop,influx_dest
power_consumption,1704511163358000000,0.00550932225422915,paolo-laptop,influx_dest
power_consumption,1704511164362000000,0.00410463284565281,paolo-laptop,influx_dest
power_consumption,1704511166370000000,0.005735460108521985,paolo-laptop,influx_dest
power_consumption,1704511168376000000,0.007019192706365013,paolo-laptop,influx_dest
power_consumption,1704511169377000000,0.0070758936201039254,paolo-laptop,influx_dest
power_consumption,1704511170379000000,0.01563745942751485,paolo-laptop,influx_dest
power_consumption,1704511171380000000,0.006223150899408945,paolo-laptop,influx_dest
power_consumption,1704511172382000000,0.006621032531366495,paolo-laptop,influx_dest
power_consumption,1704511173384000000,0.006921025416570283,paolo-laptop,influx_dest
power_consumption,1704511175389000000,0.011718513739759085,paolo-laptop,influx_dest
power_consumption,1704511176390000000,0.00843416588517615,paolo-laptop,influx_dest
power_consumption,1704511177393000000,0.006497463882097975,paolo-laptop,influx_dest
power_consumption,1704511178395000000,0.004948202381405993,paolo-laptop,influx_dest
power_consumption,1704511179400000000,0.007012779949260896,paolo-laptop,influx_dest
power_consumption,1704511181405000000,0.010022270774728177,paolo-laptop,influx_dest
power_consumption,1704511182407000000,0.005820327807762048,paolo-laptop,influx_dest
power_consumption,1704511183409000000,0.007306307474898723,paolo-laptop,influx_dest
power_consumption,1704511184411000000,0.0032368337273044404,paolo-laptop,influx_dest
power_consumption,1704511185414000000,0.012096631807499158,paolo-laptop,influx_dest
power_consumption,1704511186416000000,0.009869123747616742,paolo-laptop,influx_dest
power_consumption,1704511187419000000,0.008334601147712046,paolo-laptop,influx_dest
power_consumption,1704511188421000000,0.009410249774413106,paolo-laptop,influx_dest
power_consumption,1704511190429000000,0.01750728764353922,paolo-laptop,influx_dest
power_consumption,1704511191431000000,0.0066887027718388545,paolo-laptop,influx_dest
power_consumption,1704511192432000000,0.007546161844519018,paolo-laptop,influx_dest
power_consumption,1704511193434000000,0.006226267152653514,paolo-laptop,influx_dest
power_consumption,1704511194438000000,0.003968849710633304,paolo-laptop,influx_dest
power_consumption,1704511196446000000,0.011695917113184694,paolo-laptop,influx_dest
power_consumption,1704511198452000000,0.005560953492254036,paolo-laptop,influx_dest
power_consumption,1704511203459000000,0.006691196746747361,paolo-laptop,influx_dest
power_consumption,1704511204462000000,0.0076763604169588434,paolo-laptop,influx_dest
power_consumption,1704511205464000000,0.005554425419501749,paolo-laptop,influx_dest
power_consumption,1704511206466000000,0.005865007147432833,paolo-laptop,influx_dest
power_consumption,1704511207467000000,0.0866675084151541,paolo-laptop,influx_dest
power_consumption,1704511208468000000,0.0037408365048295427,paolo-laptop,influx_dest
power_consumption,1704511209472000000,0.00809961296022186,paolo-laptop,influx_dest
power_consumption,1704511211479000000,0.010404217496850453,paolo-laptop,influx_dest
power_consumption,1704511213487000000,0.005517709295504318,paolo-laptop,influx_dest
power_consumption,1704511214491000000,0.004621544610353494,paolo-laptop,influx_dest
power_consumption,1704511216504000000,0.005544758011942029,paolo-laptop,influx_dest
power_consumption,1704511217510000000,0.004799541062232465,paolo-laptop,influx_dest
power_consumption,1704511218512000000,0.014558642179027142,paolo-laptop,influx_dest
power_consumption,1704511219514000000,0.006059928969814936,paolo-laptop,influx_dest
power_consumption,1704511220520000000,0.021559918498292252,paolo-laptop,influx_dest
power_consumption,1704511221524000000,0.013884181871634474,paolo-laptop,influx_dest
power_consumption,1704511222528000000,0.007903960439571055,paolo-laptop,influx_dest
power_consumption,1704511223532000000,0.004434589749701185,paolo-laptop,influx_dest
power_consumption,1704511224536000000,0.0072938367512292495,paolo-laptop,influx_dest
power_consumption,1704511225538000000,0.010293980927017936,paolo-laptop,influx_dest
power_consumption,1704511226540000000,0.005126542792666921,paolo-laptop,influx_dest
power_consumption,1704511227541000000,0.005254160918509918,paolo-laptop,influx_dest
power_consumption,1704511228544000000,0.008545142581182587,paolo-laptop,influx_dest
power_consumption,1704511229546000000,0.007288648723753888,paolo-laptop,influx_dest
power_consumption,1704511231549000000,0.006122721232075972,paolo-laptop,influx_dest
power_consumption,1704511232553000000,0.0050194477688980865,paolo-laptop,influx_dest
power_consumption,1704511233557000000,0.008903199630202117,paolo-laptop,influx_dest
power_consumption,1704511234558000000,0.01047924459786067,paolo-laptop,influx_dest
power_consumption,1704511235560000000,0.004586616711062975,paolo-laptop,influx_dest
power_consumption,1704511236562000000,0.005412746022868751,paolo-laptop,influx_dest
power_consumption,1704511237567000000,0.006118801346022317,paolo-laptop,influx_dest
power_consumption,1704511238568000000,0.004416057437008469,paolo-laptop,influx_dest
power_consumption,1704511239572000000,0.004567166618083148,paolo-laptop,influx_dest
power_consumption,1704511241580000000,0.004902639147727546,paolo-laptop,influx_dest
power_consumption,1704511243590000000,0.004230639113529735,paolo-laptop,influx_dest
power_consumption,1704511245595000000,0.012273989510697799,paolo-laptop,influx_dest
power_consumption,1704511246599000000,0.005128938488271442,paolo-laptop,influx_dest
power_consumption,1704511247603000000,0.013133858435420115,paolo-laptop,influx_dest
power_consumption,1704511248605000000,0.009374004536338904,paolo-laptop,influx_dest
power_consumption,1704511249607000000,0.004913417733135349,paolo-laptop,influx_dest
power_consumption,1704511250609000000,0.030144184447996405,paolo-laptop,influx_dest
power_consumption,1704511251613000000,0.006362608798120593,paolo-laptop,influx_dest
power_consumption,1704511252618000000,0.011593146206048805,paolo-laptop,influx_dest
power_consumption,1704511253620000000,0.007060557017773405,paolo-laptop,influx_dest
power_consumption,1704511254622000000,0.005570192155334615,paolo-laptop,influx_dest
power_consumption,1704511255624000000,0.005272261417556712,paolo-laptop,influx_dest
power_consumption,1704511256627000000,0.006915283475892665,paolo-laptop,influx_dest
power_consumption,1704511257632000000,0.014953252888447947,paolo-laptop,influx_dest
power_consumption,1704511258633000000,0.004268851360100889,paolo-laptop,influx_dest
power_consumption,1704511259636000000,0.005450959488748339,paolo-laptop,influx_dest
power_consumption,1704511260638000000,0.013279759979324252,paolo-laptop,influx_dest
power_consumption,1704511261640000000,0.005340657232693538,paolo-laptop,influx_dest
power_consumption,1704511262642000000,0.0059171121580546965,paolo-laptop,influx_dest
power_consumption,1704511263645000000,0.005471396117026093,paolo-laptop,influx_dest
power_consumption,1704511264647000000,0.00578914354918255,paolo-laptop,influx_dest
power_consumption,1704511265650000000,0.006209374248131944,paolo-laptop,influx_dest
power_consumption,1704511266651000000,0.005859504474307716,paolo-laptop,influx_dest
power_consumption,1704511267653000000,0.0070256623869016524,paolo-laptop,influx_dest
power_consumption,1704511268655000000,0.005795534014580666,paolo-laptop,influx_dest
power_consumption,1704511269658000000,0.005882650072600206,paolo-laptop,influx_dest
power_consumption,1704511270660000000,0.0130944185428124,paolo-laptop,influx_dest
power_consumption,1704511271662000000,0.0060752211652086545,paolo-laptop,influx_dest
power_consumption,1704511272664000000,0.00880771409269317,paolo-laptop,influx_dest
power_consumption,1704511273667000000,0.005819822755650423,paolo-laptop,influx_dest
power_consumption,1704511274669000000,0.06500478809589064,paolo-laptop,influx_dest
power_consumption,1704511275671000000,0.0058647351836044,paolo-laptop,influx_dest
power_consumption,1704511276673000000,0.00592202814067129,paolo-laptop,influx_dest
power_consumption,1704511277677000000,0.006175755156563184,paolo-laptop,influx_dest
power_consumption,1704511278678000000,0.009812893648339885,paolo-laptop,influx_dest
power_consumption,1704511279684000000,0.013656129591543761,paolo-laptop,influx_dest
power_consumption,1704511280687000000,0.011630915081439317,paolo-laptop,influx_dest
power_consumption,1704511281693000000,0.0039474942234962295,paolo-laptop,influx_dest
power_consumption,1704511282696000000,0.004013804478762469,paolo-laptop,influx_dest
power_consumption,1704511283698000000,0.0051549426863729386,paolo-laptop,influx_dest
power_consumption,1704511284701000000,0.0070888105267407,paolo-laptop,influx_dest
power_consumption,1704511285703000000,0.005371794915033552,paolo-laptop,influx_dest
power_consumption,1704511286706000000,0.011576668190952861,paolo-laptop,influx_dest
power_consumption,1704511287707000000,0.008738151584007632,paolo-laptop,influx_dest
power_consumption,1704511288711000000,0.008393835282295085,paolo-laptop,influx_dest
power_consumption,1704511290716000000,0.01677789532492507,paolo-laptop,influx_dest
power_consumption,1704511291722000000,0.006541784551870173,paolo-laptop,influx_dest
power_consumption,1704511292724000000,0.0066261452650424576,paolo-laptop,influx_dest
power_consumption,1704511293726000000,0.006126399104343148,paolo-laptop,influx_dest
power_consumption,1704511294729000000,0.005950749714658403,paolo-laptop,influx_dest
power_consumption,1704511295732000000,0.013191183030401602,paolo-laptop,influx_dest
power_consumption,1704511296735000000,0.015186190422598805,paolo-laptop,influx_dest
power_consumption,1704511297737000000,0.005441642468559212,paolo-laptop,influx_dest
power_consumption,1704511298739000000,0.009494252439754568,paolo-laptop,influx_dest
power_consumption,1704511299742000000,0.00561480680393268,paolo-laptop,influx_dest
power_consumption,1704511301748000000,0.008188040198251836,paolo-laptop,influx_dest
power_consumption,1704511302750000000,0.00845290525636368,paolo-laptop,influx_dest
power_consumption,1704511303751000000,0.008920209718829338,paolo-laptop,influx_dest
power_consumption,1704511304753000000,0.0058658996050080445,paolo-laptop,influx_dest
power_consumption,1704511305762000000,0.009586778248521707,paolo-laptop,influx_dest
power_consumption,1704511306767000000,0.007692007247394733,paolo-laptop,influx_dest
power_consumption,1704511307768000000,0.005344910364179589,paolo-laptop,influx_dest
power_consumption,1704511308770000000,0.007239751298967346,paolo-laptop,influx_dest
power_consumption,1704511309772000000,0.006558419968278573,paolo-laptop,influx_dest
power_consumption,1704511310773000000,0.01856541347549638,paolo-laptop,influx_dest
power_consumption,1704511311777000000,0.004098549141376064,paolo-laptop,influx_dest
power_consumption,1704511313782000000,0.003845312140113126,paolo-laptop,influx_dest
power_consumption,1704511314785000000,0.007247340989348316,paolo-laptop,influx_dest
power_consumption,1704511316787000000,0.004560662560155043,paolo-laptop,influx_dest
power_consumption,1704511317790000000,0.0063515145407466245,paolo-laptop,influx_dest
power_consumption,1704511318792000000,0.0077744727463721726,paolo-laptop,influx_dest
power_consumption,1704511319794000000,0.006576329113331048,paolo-laptop,influx_dest
power_consumption,1704511320798000000,0.011877516799052964,paolo-laptop,influx_dest
power_consumption,1704511321802000000,0.004556203383555974,paolo-laptop,influx_dest
power_consumption,1704511322807000000,0.0067712570634507335,paolo-laptop,influx_dest
power_consumption,1704511323808000000,0.013794158707657574,paolo-laptop,influx_dest
power_consumption,1704511324812000000,0.013183397944173558,paolo-laptop,influx_dest
power_consumption,1704511325816000000,0.004002172265008223,paolo-laptop,influx_dest
power_consumption,1704511327822000000,0.011178119638020928,paolo-laptop,influx_dest
power_consumption,1704511328826000000,0.008355777883544198,paolo-laptop,influx_dest
power_consumption,1704511329828000000,0.00840239840025937,paolo-laptop,influx_dest
power_consumption,1704511330833000000,0.011992338136318125,paolo-laptop,influx_dest
power_consumption,1704511331839000000,0.004001825211859161,paolo-laptop,influx_dest
power_consumption,1704511332842000000,0.005732263909986787,paolo-laptop,influx_dest
power_consumption,1704511334849000000,0.006939713629432657,paolo-laptop,influx_dest
power_consumption,1704511335853000000,0.00817391392407167,paolo-laptop,influx_dest
power_consumption,1704511336858000000,0.009683491774166587,paolo-laptop,influx_dest
power_consumption,1704511337859000000,0.004714026498527924,paolo-laptop,influx_dest
power_consumption,1704511338861000000,0.005357985677407362,paolo-laptop,influx_dest
power_consumption,1704511339863000000,0.009853236640376347,paolo-laptop,influx_dest
power_consumption,1704511340864000000,0.01202253792036454,paolo-laptop,influx_dest
power_consumption,1704511341866000000,0.006219216386960482,paolo-laptop,influx_dest
power_consumption,1704511342868000000,0.00465853574522661,paolo-laptop,influx_dest
power_consumption,1704511344871000000,0.0080127359301861,paolo-laptop,influx_dest
power_consumption,1704511345873000000,0.004701845642624793,paolo-laptop,influx_dest
power_consumption,1704511346876000000,0.06321278780263137,paolo-laptop,influx_dest
power_consumption,1704511347880000000,0.00639876861992375,paolo-laptop,influx_dest
power_consumption,1704511348883000000,0.00646633282730767,paolo-laptop,influx_dest
power_consumption,1704511349884000000,0.013629142936060169,paolo-laptop,influx_dest
power_consumption,1704511350888000000,0.011424550902269166,paolo-laptop,influx_dest
power_consumption,1704511351890000000,0.0072609020589147364,paolo-laptop,influx_dest
power_consumption,1704511352892000000,0.006438329711866494,paolo-laptop,influx_dest
power_consumption,1704511353897000000,0.007152273878550762,paolo-laptop,influx_dest
power_consumption,1704511354900000000,0.004524177399721008,paolo-laptop,influx_dest
power_consumption,1704511355906000000,0.014735180620266103,paolo-laptop,influx_dest
power_consumption,1704511356915000000,0.017977259440017157,paolo-laptop,influx_dest
power_consumption,1704511357919000000,0.00837573814466046,paolo-laptop,influx_dest
power_consumption,1704511358923000000,0.006368063061157947,paolo-laptop,influx_dest
power_consumption,1704511359925000000,0.0037331394163664174,paolo-laptop,influx_dest
power_consumption,1704511360926000000,0.01222004693341101,paolo-laptop,influx_dest
power_consumption,1704511361930000000,0.005922489502596022,paolo-laptop,influx_dest
power_consumption,1704511362933000000,0.006902536682782747,paolo-laptop,influx_dest
power_consumption,1704511363934000000,0.012447838439445906,paolo-laptop,influx_dest
power_consumption,1704511364937000000,0.0056508924161942885,paolo-laptop,influx_dest
power_consumption,1704511365942000000,0.008014525202950927,paolo-laptop,influx_dest
power_consumption,1704511366944000000,0.005215868855376608,paolo-laptop,influx_dest
power_consumption,1704511367946000000,0.004023995929870549,paolo-laptop,influx_dest
power_consumption,1704511368950000000,0.012748052915692917,paolo-laptop,influx_dest
power_consumption,1704511369952000000,0.004753295360864753,paolo-laptop,influx_dest
power_consumption,1704511370955000000,0.027783758855344207,paolo-laptop,influx_dest
power_consumption,1704511371956000000,0.005786375848654272,paolo-laptop,influx_dest
power_consumption,1704511372958000000,0.005591302993565147,paolo-laptop,influx_dest
power_consumption,1704511373960000000,0.015446620171836312,paolo-laptop,influx_dest
power_consumption,1704511374964000000,0.004924849779109959,paolo-laptop,influx_dest
power_consumption,1704511375968000000,0.006733732782215988,paolo-laptop,influx_dest
power_consumption,1704511379984000000,0.013858539260478076,paolo-laptop,influx_dest
power_consumption,1704511380988000000,0.014689927292592667,paolo-laptop,influx_dest
power_consumption,1704511385010000000,0.012420778291076703,paolo-laptop,influx_dest
power_consumption,1704511386015000000,0.012016822558442386,paolo-laptop,influx_dest
power_consumption,1704511389020000000,0.00596838839087862,paolo-laptop,influx_dest
power_consumption,1704511390022000000,0.014718556636909913,paolo-laptop,influx_dest
power_consumption,1704511391026000000,0.0066979208102675505,paolo-laptop,influx_dest
power_consumption,1704511392028000000,0.006577401975915956,paolo-laptop,influx_dest
power_consumption,1704511393030000000,0.003984787007024005,paolo-laptop,influx_dest
power_consumption,1704511394032000000,0.0048793007318101225,paolo-laptop,influx_dest
power_consumption,1704511395033000000,0.01567845133605488,paolo-laptop,influx_dest
power_consumption,1704511396034000000,0.012650156057224308,paolo-laptop,influx_dest
power_consumption,1704511397036000000,0.009432438845128923,paolo-laptop,influx_dest
power_consumption,1704511398038000000,0.00514857050371197,paolo-laptop,influx_dest
power_consumption,1704511399039000000,0.004013427960195553,paolo-laptop,influx_dest
power_consumption,1704511400042000000,0.02918701203982062,paolo-laptop,influx_dest
power_consumption,1704511401044000000,0.006681093934260238,paolo-laptop,influx_dest
power_consumption,1704511402046000000,0.005574145646255871,paolo-laptop,influx_dest
power_consumption,1704511403048000000,0.006163120221571336,paolo-laptop,influx_dest
power_consumption,1704511404049000000,0.006505200497097621,paolo-laptop,influx_dest
power_consumption,1704511405052000000,0.005174118279533298,paolo-laptop,influx_dest
power_consumption,1704511406054000000,0.007063802421220923,paolo-laptop,influx_dest
power_consumption,1704511407058000000,0.006263134259221757,paolo-laptop,influx_dest
power_consumption,1704511408063000000,0.009648862981255927,paolo-laptop,influx_dest
power_consumption,1704511409069000000,0.00539256116681985,paolo-laptop,influx_dest
power_consumption,1704511410073000000,0.012759920450304748,paolo-laptop,influx_dest
power_consumption,1704511411076000000,0.005378326060709228,paolo-laptop,influx_dest
power_consumption,1704511412087000000,0.004726384657578473,paolo-laptop,influx_dest
power_consumption,1704511413089000000,0.004733537444157039,paolo-laptop,influx_dest
power_consumption,1704511414091000000,0.004294558009183847,paolo-laptop,influx_dest
power_consumption,1704511415094000000,0.004981039059461324,paolo-laptop,influx_dest
power_consumption,1704511416107000000,0.005303287234659436,paolo-laptop,influx_dest
power_consumption,1704511417109000000,0.006100050421610778,paolo-laptop,influx_dest
power_consumption,1704511418111000000,0.0577275051894846,paolo-laptop,influx_dest
power_consumption,1704511419113000000,0.006643544930454978,paolo-laptop,influx_dest
power_consumption,1704511420116000000,0.013823774731345995,paolo-laptop,influx_dest
power_consumption,1704511421118000000,0.005047547422480267,paolo-laptop,influx_dest
power_consumption,1704511422121000000,0.005296338553602031,paolo-laptop,influx_dest
power_consumption,1704511423123000000,0.005089240892131797,paolo-laptop,influx_dest
power_consumption,1704511424125000000,0.006265584365294454,paolo-laptop,influx_dest
power_consumption,1704511425127000000,0.006492692212259123,paolo-laptop,influx_dest
power_consumption,1704511426128000000,0.005936770346635977,paolo-laptop,influx_dest
power_consumption,1704511427130000000,0.006505220065855339,paolo-laptop,influx_dest
power_consumption,1704511428132000000,0.006136419686869201,paolo-laptop,influx_dest
power_consumption,1704511429134000000,0.00589817096596749,paolo-laptop,influx_dest
power_consumption,1704511430138000000,0.014994466731296091,paolo-laptop,influx_dest
power_consumption,1704511431140000000,0.01135185725665713,paolo-laptop,influx_dest
power_consumption,1704511432146000000,0.004427539969545041,paolo-laptop,influx_dest
power_consumption,1704511433149000000,0.005475745450128829,paolo-laptop,influx_dest
power_consumption,1704511434156000000,0.009909309597537531,paolo-laptop,influx_dest
power_consumption,1704511435166000000,0.012325493454496551,paolo-laptop,influx_dest
power_consumption,1704511436171000000,0.0065894575770406,paolo-laptop,influx_dest
power_consumption,1704511437176000000,0.01342598830305382,paolo-laptop,influx_dest
power_consumption,1704511438183000000,0.0066052624321329715,paolo-laptop,influx_dest
power_consumption,1704511439186000000,0.008797089984842408,paolo-laptop,influx_dest
power_consumption,1704511440188000000,0.013790163116619592,paolo-laptop,influx_dest
power_consumption,1704511441190000000,0.004188912003413635,paolo-laptop,influx_dest
power_consumption,1704511442192000000,0.013478869591418247,paolo-laptop,influx_dest
power_consumption,1704511443193000000,0.006007932579922995,paolo-laptop,influx_dest
power_consumption,1704511444199000000,0.004105494198589429,paolo-laptop,influx_dest
power_consumption,1704511445204000000,0.014272540475092715,paolo-laptop,influx_dest
power_consumption,1704511446210000000,0.004816858545628929,paolo-laptop,influx_dest
power_consumption,1704511447216000000,0.005301212866840283,paolo-laptop,influx_dest
power_consumption,1704511448220000000,0.005022066120689131,paolo-laptop,influx_dest
power_consumption,1704511449224000000,0.012511056566669803,paolo-laptop,influx_dest
power_consumption,1704511450225000000,0.01612322549267803,paolo-laptop,influx_dest
power_consumption,1704511451227000000,0.014212168758518618,paolo-laptop,influx_dest
power_consumption,1704511452230000000,0.005797130161833246,paolo-laptop,influx_dest
power_consumption,1704511453232000000,0.006805591220360483,paolo-laptop,influx_dest
power_consumption,1704511454235000000,0.004609226036862698,paolo-laptop,influx_dest
power_consumption,1704511455237000000,0.006628076454222099,paolo-laptop,influx_dest
power_consumption,1704511456239000000,0.004153227753582577,paolo-laptop,influx_dest
power_consumption,1704511457241000000,0.005232715405400857,paolo-laptop,influx_dest
power_consumption,1704511458243000000,0.013993113274066297,paolo-laptop,influx_dest
power_consumption,1704511459245000000,0.004436964601718946,paolo-laptop,influx_dest
power_consumption,1704511460247000000,0.022578563634066996,paolo-laptop,influx_dest
power_consumption,1704511461248000000,0.005089468487065189,paolo-laptop,influx_dest
power_consumption,1704511462250000000,0.006528724799106952,paolo-laptop,influx_dest
power_consumption,1704511463252000000,0.0056161526656005635,paolo-laptop,influx_dest
power_consumption,1704511464256000000,0.00573579515241074,paolo-laptop,influx_dest
power_consumption,1704511465259000000,0.006491021512779461,paolo-laptop,influx_dest
power_consumption,1704511466261000000,0.004833784327494239,paolo-laptop,influx_dest
power_consumption,1704511467262000000,0.007887649091215091,paolo-laptop,influx_dest
power_consumption,1704511468264000000,0.005541986837246503,paolo-laptop,influx_dest
power_consumption,1704511469267000000,0.004341145653304157,paolo-laptop,influx_dest
power_consumption,1704511470273000000,0.012896557823215896,paolo-laptop,influx_dest
power_consumption,1704511471277000000,0.012960960140356342,paolo-laptop,influx_dest
power_consumption,1704511472283000000,0.012258434991349005,paolo-laptop,influx_dest
power_consumption,1704511473288000000,0.012596413971057947,paolo-laptop,influx_dest
power_consumption,1704511474292000000,0.006632080160715578,paolo-laptop,influx_dest
power_consumption,1704511475296000000,0.01235797436028764,paolo-laptop,influx_dest
power_consumption,1704511476298000000,0.008578159763640316,paolo-laptop,influx_dest
power_consumption,1704511477300000000,0.007659234100807096,paolo-laptop,influx_dest
power_consumption,1704511478304000000,0.0047723846502459154,paolo-laptop,influx_dest
power_consumption,1704511479308000000,0.010875125241423814,paolo-laptop,influx_dest
power_consumption,1704511480312000000,0.01371041801390097,paolo-laptop,influx_dest
power_consumption,1704511481316000000,0.014427447424273484,paolo-laptop,influx_dest
power_consumption,1704511482320000000,0.004832771757193544,paolo-laptop,influx_dest
power_consumption,1704511483322000000,0.013222385739283625,paolo-laptop,influx_dest
power_consumption,1704511484324000000,0.01227766010412235,paolo-laptop,influx_dest
power_consumption,1704511485327000000,0.0055582925840489475,paolo-laptop,influx_dest
power_consumption,1704511486329000000,0.00685229910666403,paolo-laptop,influx_dest
power_consumption,1704511487330000000,0.013750253464121944,paolo-laptop,influx_dest
power_consumption,1704511489342000000,0.07967928464749796,paolo-laptop,influx_dest
power_consumption,1704511490346000000,0.013563500137010132,paolo-laptop,influx_dest
power_consumption,1704511491350000000,0.006469805154814486,paolo-laptop,influx_dest
power_consumption,1704511492352000000,0.00366518112940938,paolo-laptop,influx_dest
power_consumption,1704511493356000000,0.004675001585447605,paolo-laptop,influx_dest
power_consumption,1704511494358000000,0.0072889989084738704,paolo-laptop,influx_dest
power_consumption,1704511495359000000,0.00560684554325191,paolo-laptop,influx_dest
power_consumption,1704511496361000000,0.005852653092391705,paolo-laptop,influx_dest
power_consumption,1704511498371000000,0.012698544280299156,paolo-laptop,influx_dest
power_consumption,1704511499373000000,0.008345387532187694,paolo-laptop,influx_dest
power_consumption,1704511500377000000,0.013579127418474687,paolo-laptop,influx_dest
power_consumption,1704511501381000000,0.005275808714143371,paolo-laptop,influx_dest
power_consumption,1704511502388000000,0.008995764863646052,paolo-laptop,influx_dest
power_consumption,1704511504397000000,0.0045712866822484564,paolo-laptop,influx_dest
power_consumption,1704511505401000000,0.013770877310710859,paolo-laptop,influx_dest
power_consumption,1704511506403000000,0.014161115177488375,paolo-laptop,influx_dest
power_consumption,1704511507407000000,0.005744551265924589,paolo-laptop,influx_dest
power_consumption,1704511508409000000,0.014515705713835036,paolo-laptop,influx_dest
power_consumption,1704511509413000000,0.006216886145978226,paolo-laptop,influx_dest
power_consumption,1704511510417000000,0.024922396648036246,paolo-laptop,influx_dest
power_consumption,1704511511419000000,0.012845070441862805,paolo-laptop,influx_dest
power_consumption,1704511512420000000,0.0051217369897841964,paolo-laptop,influx_dest
power_consumption,1704511513422000000,0.007047970451960022,paolo-laptop,influx_dest
power_consumption,1704511514424000000,0.005917308805642353,paolo-laptop,influx_dest
power_consumption,1704511515426000000,0.013240071085097739,paolo-laptop,influx_dest
power_consumption,1704511516428000000,0.005228234545285379,paolo-laptop,influx_dest
power_consumption,1704511517430000000,0.008148229934798861,paolo-laptop,influx_dest
power_consumption,1704511518432000000,0.009887568158916202,paolo-laptop,influx_dest
power_consumption,1704511519434000000,0.011285432511464983,paolo-laptop,influx_dest
power_consumption,1704511520436000000,0.013246467583393325,paolo-laptop,influx_dest
power_consumption,1704511521438000000,0.014074170375396263,paolo-laptop,influx_dest
power_consumption,1704511522440000000,0.005019519413618739,paolo-laptop,influx_dest
power_consumption,1704511523443000000,0.00677704916285049,paolo-laptop,influx_dest
power_consumption,1704511524448000000,0.007162942003031246,paolo-laptop,influx_dest
power_consumption,1704511525450000000,0.0052627266694668445,paolo-laptop,influx_dest
power_consumption,1704511526453000000,0.006693859370084498,paolo-laptop,influx_dest
power_consumption,1704511527454000000,0.010308189096523306,paolo-laptop,influx_dest
power_consumption,1704511528456000000,0.005764147104571281,paolo-laptop,influx_dest
power_consumption,1704511529461000000,0.006245256330081357,paolo-laptop,influx_dest
power_consumption,1704511530462000000,0.012003215989148653,paolo-laptop,influx_dest
power_consumption,1704511531467000000,0.0103770798029641,paolo-laptop,influx_dest
power_consumption,1704511532486000000,0.004416766007475755,paolo-laptop,influx_dest
power_consumption,1704511533487000000,0.006825589316785959,paolo-laptop,influx_dest
power_consumption,1704511534489000000,0.007926614189614656,paolo-laptop,influx_dest
power_consumption,1704511535492000000,0.004680508928481216,paolo-laptop,influx_dest
power_consumption,1704511536494000000,0.006153082939832336,paolo-laptop,influx_dest
power_consumption,1704511537496000000,0.00953865195548196,paolo-laptop,influx_dest
power_consumption,1704511538501000000,0.00825912134507278,paolo-laptop,influx_dest
power_consumption,1704511539503000000,0.0051047464738184075,paolo-laptop,influx_dest
power_consumption,1704511540504000000,0.011745514572156612,paolo-laptop,influx_dest
power_consumption,1704511541506000000,0.007109116700879014,paolo-laptop,influx_dest
power_consumption,1704511542510000000,0.005145438489459963,paolo-laptop,influx_dest
power_consumption,1704511543514000000,0.005946199319369473,paolo-laptop,influx_dest
power_consumption,1704511544515000000,0.006552905398458574,paolo-laptop,influx_dest
power_consumption,1704511546523000000,0.005512519103722167,paolo-laptop,influx_dest
power_consumption,1704511547527000000,0.01078079157586979,paolo-laptop,influx_dest
power_consumption,1704511548529000000,0.011277274285462381,paolo-laptop,influx_dest
power_consumption,1704511549530000000,0.00569634501471355,paolo-laptop,influx_dest
power_consumption,1704511550534000000,0.013232850467459084,paolo-laptop,influx_dest
power_consumption,1704511551536000000,0.004125404434757286,paolo-laptop,influx_dest
power_consumption,1704511552540000000,0.02399131644238483,paolo-laptop,influx_dest
power_consumption,1704511553544000000,0.011415764160442505,paolo-laptop,influx_dest
power_consumption,1704511554548000000,0.005658285398989625,paolo-laptop,influx_dest
power_consumption,1704511555551000000,0.004663064997184305,paolo-laptop,influx_dest
power_consumption,1704511556554000000,0.005052980044450952,paolo-laptop,influx_dest
power_consumption,1704511557557000000,0.004436712012515612,paolo-laptop,influx_dest
power_consumption,1704511558559000000,0.008935471241997749,paolo-laptop,influx_dest
power_consumption,1704511559560000000,0.07399639361738397,paolo-laptop,influx_dest
power_consumption,1704511560562000000,0.013069293189662545,paolo-laptop,influx_dest
power_consumption,1704511561564000000,0.005286453835877267,paolo-laptop,influx_dest
power_consumption,1704511563572000000,0.012143084314708926,paolo-laptop,influx_dest
power_consumption,1704511564576000000,0.012562035669356191,paolo-laptop,influx_dest
power_consumption,1704511565580000000,0.012562788295369401,paolo-laptop,influx_dest
power_consumption,1704511566585000000,0.01772282112776764,paolo-laptop,influx_dest
power_consumption,1704511568592000000,0.016136159714974157,paolo-laptop,influx_dest
power_consumption,1704511569596000000,0.014785261560492766,paolo-laptop,influx_dest
power_consumption,1704511570600000000,0.03144877417397194,paolo-laptop,influx_dest
power_consumption,1704511571602000000,0.004712358199793969,paolo-laptop,influx_dest
power_consumption,1704511572603000000,0.012843891593119227,paolo-laptop,influx_dest
power_consumption,1704511573605000000,0.006897447677355123,paolo-laptop,influx_dest
power_consumption,1704511574607000000,0.004442595790974797,paolo-laptop,influx_dest
power_consumption,1704511575609000000,0.005171554528492368,paolo-laptop,influx_dest
power_consumption,1704511576611000000,0.007037472427755527,paolo-laptop,influx_dest
power_consumption,1704511577612000000,0.008267185696187989,paolo-laptop,influx_dest
power_consumption,1704511578614000000,0.011726574862158588,paolo-laptop,influx_dest
power_consumption,1704511579616000000,0.004731203054042254,paolo-laptop,influx_dest
power_consumption,1704511580618000000,0.028886302077715267,paolo-laptop,influx_dest
power_consumption,1704511581622000000,0.005074196910713865,paolo-laptop,influx_dest
power_consumption,1704511582624000000,0.00663324745919846,paolo-laptop,influx_dest
power_consumption,1704511583625000000,0.005164778841395736,paolo-laptop,influx_dest
power_consumption,1704511584627000000,0.0062484916072343116,paolo-laptop,influx_dest
power_consumption,1704511585628000000,0.004622474414784234,paolo-laptop,influx_dest
power_consumption,1704511586630000000,0.0072263714088546425,paolo-laptop,influx_dest
power_consumption,1704511587634000000,0.007225248559017337,paolo-laptop,influx_dest
power_consumption,1704511588636000000,0.004842063733183443,paolo-laptop,influx_dest
power_consumption,1704511589640000000,0.00755636111044624,paolo-laptop,influx_dest
power_consumption,1704511590642000000,0.015789834870185596,paolo-laptop,influx_dest
power_consumption,1704511591644000000,0.005988596306321304,paolo-laptop,influx_dest
power_consumption,1704511592645000000,0.0059637053985117944,paolo-laptop,influx_dest
power_consumption,1704511593649000000,0.005805362245950265,paolo-laptop,influx_dest
power_consumption,1704511594655000000,0.006565303466490179,paolo-laptop,influx_dest
power_consumption,1704511595658000000,0.012566396143624856,paolo-laptop,influx_dest
power_consumption,1704511596664000000,0.007181370160493212,paolo-laptop,influx_dest
power_consumption,1704511597667000000,0.0061805853855866726,paolo-laptop,influx_dest
power_consumption,1704511598669000000,0.004731674629683269,paolo-laptop,influx_dest
power_consumption,1704511599671000000,0.005630303137136615,paolo-laptop,influx_dest
power_consumption,1704511600675000000,0.011313532339201154,paolo-laptop,influx_dest
power_consumption,1704511601676000000,0.0052240019026408655,paolo-laptop,influx_dest
power_consumption,1704511602678000000,0.0060681553622849525,paolo-laptop,influx_dest
power_consumption,1704511603680000000,0.006605611641708545,paolo-laptop,influx_dest
power_consumption,1704511604682000000,0.004979302037455685,paolo-laptop,influx_dest
power_consumption,1704511605686000000,0.00715385330128131,paolo-laptop,influx_dest
power_consumption,1704511606689000000,0.01252679902205509,paolo-laptop,influx_dest
power_consumption,1704511607690000000,0.005387771396481857,paolo-laptop,influx_dest
power_consumption,1704511608695000000,0.004818913004137883,paolo-laptop,influx_dest
power_consumption,1704511609698000000,0.030810402221361288,paolo-laptop,influx_dest
power_consumption,1704511610703000000,0.02305519869675782,paolo-laptop,influx_dest
power_consumption,1704511611708000000,0.00522586657386633,paolo-laptop,influx_dest
power_consumption,1704511612712000000,0.03072463078660593,paolo-laptop,influx_dest
power_consumption,1704511613716000000,0.028980249708458992,paolo-laptop,influx_dest
power_consumption,1704511614720000000,0.011934151541396838,paolo-laptop,influx_dest
power_consumption,1704511615724000000,0.010517394404678646,paolo-laptop,influx_dest
power_consumption,1704511616726000000,0.011189520442809311,paolo-laptop,influx_dest
power_consumption,1704511617729000000,0.026465373336665824,paolo-laptop,influx_dest
power_consumption,1704511618734000000,0.005680115715014931,paolo-laptop,influx_dest
power_consumption,1704511619737000000,0.005001411102999101,paolo-laptop,influx_dest
power_consumption,1704511620740000000,0.0737428053166918,paolo-laptop,influx_dest
power_consumption,1704511621744000000,0.012639830659348776,paolo-laptop,influx_dest
power_consumption,1704511622748000000,0.032020249927636225,paolo-laptop,influx_dest
power_consumption,1704511623752000000,0.029742059287193288,paolo-laptop,influx_dest
power_consumption,1704511624756000000,0.013408807494185179,paolo-laptop,influx_dest
power_consumption,1704511625760000000,0.02322739629840624,paolo-laptop,influx_dest
power_consumption,1704511626764000000,0.007502163855152118,paolo-laptop,influx_dest
power_consumption,1704511627766000000,0.011889276131598578,paolo-laptop,influx_dest
power_consumption,1704511628770000000,0.013154289311796725,paolo-laptop,influx_dest
power_consumption,1704511629775000000,0.012698064558882484,paolo-laptop,influx_dest
power_consumption,1704511630778000000,0.13828459943110472,paolo-laptop,influx_dest
power_consumption,1704511631783000000,0.012534805331374604,paolo-laptop,influx_dest
power_consumption,1704511632786000000,0.00663460494304569,paolo-laptop,influx_dest
power_consumption,1704511633788000000,0.010211429265414303,paolo-laptop,influx_dest
power_consumption,1704511634793000000,0.02687417782496088,paolo-laptop,influx_dest
power_consumption,1704511635795000000,0.024171302449653646,paolo-laptop,influx_dest
power_consumption,1704511636796000000,0.028970752854047526,paolo-laptop,influx_dest
power_consumption,1704511637798000000,0.005996277260721532,paolo-laptop,influx_dest
power_consumption,1704511638800000000,0.009640753550980883,paolo-laptop,influx_dest
power_consumption,1704511639802000000,0.0037986508461802988,paolo-laptop,influx_dest
power_consumption,1704511640803000000,0.015458678227572608,paolo-laptop,influx_dest
power_consumption,1704511641805000000,0.005269158066093628,paolo-laptop,influx_dest
power_consumption,1704511642807000000,0.011513866137771918,paolo-laptop,influx_dest
power_consumption,1704511643810000000,0.005408442208102233,paolo-laptop,influx_dest
power_consumption,1704511644812000000,0.006262379695467559,paolo-laptop,influx_dest
power_consumption,1704511645819000000,0.005787995969366958,paolo-laptop,influx_dest
power_consumption,1704511646820000000,0.007749545210301081,paolo-laptop,influx_dest
power_consumption,1704511647823000000,0.008365643357076107,paolo-laptop,influx_dest
power_consumption,1704511648826000000,0.005796989533564086,paolo-laptop,influx_dest
power_consumption,1704511649830000000,0.006737792888912379,paolo-laptop,influx_dest
power_consumption,1704511650832000000,0.01334862770655949,paolo-laptop,influx_dest
power_consumption,1704511651834000000,0.005437018816506255,paolo-laptop,influx_dest
power_consumption,1704511652835000000,0.00557723249319346,paolo-laptop,influx_dest
power_consumption,1704511653840000000,0.005518795181266229,paolo-laptop,influx_dest
power_consumption,1704511654842000000,0.005650407279180146,paolo-laptop,influx_dest
power_consumption,1704511655844000000,0.00505912240948463,paolo-laptop,influx_dest
power_consumption,1704511656846000000,0.006359748814997252,paolo-laptop,influx_dest
power_consumption,1704511657851000000,0.009192232375992766,paolo-laptop,influx_dest
power_consumption,1704511658861000000,0.010913644249304888,paolo-laptop,influx_dest
power_consumption,1704511659865000000,0.007160896098736832,paolo-laptop,influx_dest
power_consumption,1704511660867000000,0.01445487480955932,paolo-laptop,influx_dest
power_consumption,1704511661869000000,0.004675084422855419,paolo-laptop,influx_dest
power_consumption,1704511662872000000,0.00505113978076545,paolo-laptop,influx_dest
power_consumption,1704511663877000000,0.0053532132998760015,paolo-laptop,influx_dest
power_consumption,1704511664882000000,0.01371257226967938,paolo-laptop,influx_dest
power_consumption,1704511665888000000,0.011282954739467938,paolo-laptop,influx_dest
power_consumption,1704511666890000000,0.014122514928096462,paolo-laptop,influx_dest
power_consumption,1704511667894000000,0.005160132843194016,paolo-laptop,influx_dest
power_consumption,1704511668898000000,0.02483966282813886,paolo-laptop,influx_dest
power_consumption,1704511669900000000,0.005775045737667043,paolo-laptop,influx_dest
power_consumption,1704511670902000000,0.015836679985526483,paolo-laptop,influx_dest
power_consumption,1704511671906000000,0.007477768964845121,paolo-laptop,influx_dest
power_consumption,1704511672912000000,0.00635283821586168,paolo-laptop,influx_dest
power_consumption,1704511673914000000,0.006731896778334423,paolo-laptop,influx_dest
power_consumption,1704511674918000000,0.007013175741838527,paolo-laptop,influx_dest
power_consumption,1704511675923000000,0.013514649979078336,paolo-laptop,influx_dest
power_consumption,1704511676926000000,0.0062834261774288285,paolo-laptop,influx_dest
power_consumption,1704511677928000000,0.009565926266046057,paolo-laptop,influx_dest
power_consumption,1704511678929000000,0.00577860416339851,paolo-laptop,influx_dest
power_consumption,1704511679931000000,0.005229884320602356,paolo-laptop,influx_dest
power_consumption,1704511680932000000,0.012498262672305761,paolo-laptop,influx_dest
power_consumption,1704511681937000000,0.007466028183730371,paolo-laptop,influx_dest
power_consumption,1704511682939000000,0.012790600318789149,paolo-laptop,influx_dest
power_consumption,1704511683941000000,0.0048746310766181015,paolo-laptop,influx_dest
power_consumption,1704511684945000000,0.005197301820179063,paolo-laptop,influx_dest
power_consumption,1704511685947000000,0.008791573372286223,paolo-laptop,influx_dest
power_consumption,1704511686948000000,0.008340328696701807,paolo-laptop,influx_dest
power_consumption,1704511687952000000,0.00690409960033573,paolo-laptop,influx_dest
power_consumption,1704511688957000000,0.02541842944432206,paolo-laptop,influx_dest
power_consumption,1704511689961000000,0.005349333079709246,paolo-laptop,influx_dest
power_consumption,1704511690965000000,0.012777905905514107,paolo-laptop,influx_dest
power_consumption,1704511691969000000,0.026416154285498192,paolo-laptop,influx_dest
power_consumption,1704511692971000000,0.005543624330313178,paolo-laptop,influx_dest
power_consumption,1704511693973000000,0.0053993525229030885,paolo-laptop,influx_dest
power_consumption,1704511694977000000,0.008643066429983614,paolo-laptop,influx_dest
power_consumption,1704511695978000000,0.00550925368026115,paolo-laptop,influx_dest
power_consumption,1704511696980000000,0.013352221463222506,paolo-laptop,influx_dest
power_consumption,1704511697982000000,0.008074649578723048,paolo-laptop,influx_dest
