name,time,power,sensor,target
power_consumption,1704502024206000000,0.005437860726888686,paolo-laptop,influx_dest
power_consumption,1704502025216000000,0.005701100631531503,paolo-laptop,influx_dest
power_consumption,1704502027226000000,0.004885896951584409,paolo-laptop,influx_dest
power_consumption,1704502028228000000,0.005384806751321969,paolo-laptop,influx_dest
power_consumption,1704502029229000000,0.004117002557256231,paolo-laptop,influx_dest
power_consumption,1704502031233000000,0.005604197197873021,paolo-laptop,influx_dest
power_consumption,1704502032235000000,0.004816882679961985,paolo-laptop,influx_dest
power_consumption,1704502033237000000,0.00494654990786402,paolo-laptop,influx_dest
power_consumption,1704502034239000000,0.004863620493642288,paolo-laptop,influx_dest
power_consumption,1704502035241000000,0.006881691433087605,paolo-laptop,influx_dest
power_consumption,1704502036242000000,0.005671176694649978,paolo-laptop,influx_dest
power_consumption,1704502037243000000,0.00518973445740647,paolo-laptop,influx_dest
power_consumption,1704502038246000000,0.004890643578930045,paolo-laptop,influx_dest
power_consumption,1704502039249000000,0.005227255212606062,paolo-laptop,influx_dest
power_consumption,1704502040250000000,0.01324326267321826,paolo-laptop,influx_dest
power_consumption,1704502041252000000,0.005750210754875168,paolo-laptop,influx_dest
power_consumption,1704502042253000000,0.005286647208974299,paolo-laptop,influx_dest
power_consumption,1704502043255000000,0.005804271652249371,paolo-laptop,influx_dest
power_consumption,1704502044256000000,0.005731776134062337,paolo-laptop,influx_dest
power_consumption,1704502049266000000,0.005029667436240595,paolo-laptop,influx_dest
power_consumption,1704502050267000000,0.01314553697899057,paolo-laptop,influx_dest
power_consumption,1704502052271000000,0.003952604830317045,paolo-laptop,influx_dest
power_consumption,1704502053272000000,0.004397894436124236,paolo-laptop,influx_dest
power_consumption,1704502056277000000,0.004511250492739942,paolo-laptop,influx_dest
power_consumption,1704502057280000000,0.003968205214869449,paolo-laptop,influx_dest
power_consumption,1704502059286000000,0.004738864412304888,paolo-laptop,influx_dest
power_consumption,1704502062291000000,0.003529158097498008,paolo-laptop,influx_dest
power_consumption,1704502064294000000,0.00429506120601746,paolo-laptop,influx_dest
power_consumption,1704502066299000000,0.004346013852085455,paolo-laptop,influx_dest
power_consumption,1704502067300000000,0.012220597879826003,paolo-laptop,influx_dest
power_consumption,1704502068301000000,0.007102918928052242,paolo-laptop,influx_dest
power_consumption,1704502069303000000,0.006510102747009187,paolo-laptop,influx_dest
power_consumption,1704502070304000000,0.01628952957343279,paolo-laptop,influx_dest
power_consumption,1704502071306000000,0.007921519009552475,paolo-laptop,influx_dest
power_consumption,1704502072308000000,0.007874444790332358,paolo-laptop,influx_dest
power_consumption,1704502073309000000,0.00840535388052136,paolo-laptop,influx_dest
power_consumption,1704502074311000000,0.004425393703663615,paolo-laptop,influx_dest
power_consumption,1704502075312000000,0.00934516167208113,paolo-laptop,influx_dest
power_consumption,1704502076314000000,0.007930107495587159,paolo-laptop,influx_dest
power_consumption,1704502077315000000,0.005240063029231111,paolo-laptop,influx_dest
power_consumption,1704502079319000000,0.005330023028062188,paolo-laptop,influx_dest
power_consumption,1704502080328000000,0.013352688689179276,paolo-laptop,influx_dest
power_consumption,1704502081330000000,0.004677144189011001,paolo-laptop,influx_dest
power_consumption,1704502083333000000,0.004862655722828478,paolo-laptop,influx_dest
power_consumption,1704502085337000000,0.00489494473472584,paolo-laptop,influx_dest
power_consumption,1704502086339000000,0.004344135817988913,paolo-laptop,influx_dest
power_consumption,1704502087343000000,0.005056278135120679,paolo-laptop,influx_dest
power_consumption,1704502088345000000,0.004582136850991283,paolo-laptop,influx_dest
power_consumption,1704502089347000000,0.0053920470191496424,paolo-laptop,influx_dest
power_consumption,1704502090349000000,0.011503502392291427,paolo-laptop,influx_dest
power_consumption,1704502091350000000,0.0038433879268509035,paolo-laptop,influx_dest
power_consumption,1704502093354000000,0.003748634200785837,paolo-laptop,influx_dest
power_consumption,1704502094356000000,0.0033688466890950584,paolo-laptop,influx_dest
power_consumption,1704502095360000000,0.0048747003176830405,paolo-laptop,influx_dest
power_consumption,1704502096362000000,0.11187845225334828,paolo-laptop,influx_dest
power_consumption,1704502097364000000,0.004216358879156762,paolo-laptop,influx_dest
power_consumption,1704502098366000000,0.004229985281696107,paolo-laptop,influx_dest
power_consumption,1704502099368000000,0.005141211040769897,paolo-laptop,influx_dest
power_consumption,1704502100370000000,0.009674446987312277,paolo-laptop,influx_dest
power_consumption,1704502101372000000,0.004150967540115253,paolo-laptop,influx_dest
power_consumption,1704502102374000000,0.0035359387032736704,paolo-laptop,influx_dest
power_consumption,1704502103376000000,0.004035547283327146,paolo-laptop,influx_dest
power_consumption,1704502104378000000,0.003996569193235298,paolo-laptop,influx_dest
power_consumption,1704502105380000000,0.004305720456162616,paolo-laptop,influx_dest
power_consumption,1704502106383000000,0.0037384596835627745,paolo-laptop,influx_dest
power_consumption,1704502107385000000,0.003930638954066959,paolo-laptop,influx_dest
power_consumption,1704502108386000000,0.0042976609677211125,paolo-laptop,influx_dest
power_consumption,1704502109388000000,0.0042624442556803924,paolo-laptop,influx_dest
power_consumption,1704502110390000000,0.009645382761064625,paolo-laptop,influx_dest
power_consumption,1704502111392000000,0.004170899448487061,paolo-laptop,influx_dest
power_consumption,1704502112394000000,0.004733007986534513,paolo-laptop,influx_dest
power_consumption,1704502113397000000,0.004192758750161469,paolo-laptop,influx_dest
power_consumption,1704502114399000000,0.004964795440639786,paolo-laptop,influx_dest
power_consumption,1704502115401000000,0.004995176204302837,paolo-laptop,influx_dest
power_consumption,1704502116407000000,0.005344481216594513,paolo-laptop,influx_dest
power_consumption,1704502117410000000,0.003823979417619702,paolo-laptop,influx_dest
power_consumption,1704502118412000000,0.004936669044699148,paolo-laptop,influx_dest
power_consumption,1704502119414000000,0.0044939739698004605,paolo-laptop,influx_dest
power_consumption,1704502120416000000,0.011727114927366654,paolo-laptop,influx_dest
power_consumption,1704502121419000000,0.003489096422853807,paolo-laptop,influx_dest
power_consumption,1704502122422000000,0.004749256919469421,paolo-laptop,influx_dest
power_consumption,1704502123425000000,0.003950853465674236,paolo-laptop,influx_dest
power_consumption,1704502124427000000,0.004702667909007129,paolo-laptop,influx_dest
power_consumption,1704502125431000000,0.006322773778874281,paolo-laptop,influx_dest
power_consumption,1704502126433000000,0.004295834394221598,paolo-laptop,influx_dest
power_consumption,1704502127436000000,0.00419070400784741,paolo-laptop,influx_dest
power_consumption,1704502128439000000,0.004210643905942623,paolo-laptop,influx_dest
power_consumption,1704502129443000000,0.004028893494019966,paolo-laptop,influx_dest
power_consumption,1704502130445000000,0.010431799574935167,paolo-laptop,influx_dest
power_consumption,1704502131447000000,0.003479603528772188,paolo-laptop,influx_dest
power_consumption,1704502132450000000,0.003998430442999567,paolo-laptop,influx_dest
power_consumption,1704502133452000000,0.004189840757182073,paolo-laptop,influx_dest
power_consumption,1704502134455000000,0.003480066701245871,paolo-laptop,influx_dest
power_consumption,1704502135457000000,0.004993200064511201,paolo-laptop,influx_dest
power_consumption,1704502136460000000,0.005145960190616831,paolo-laptop,influx_dest
power_consumption,1704502137469000000,0.004273238940304083,paolo-laptop,influx_dest
power_consumption,1704502138472000000,0.00449073402988176,paolo-laptop,influx_dest
power_consumption,1704502139474000000,0.003234053873610647,paolo-laptop,influx_dest
power_consumption,1704502140476000000,0.010084426106476918,paolo-laptop,influx_dest
power_consumption,1704502141478000000,0.003468438842195433,paolo-laptop,influx_dest
power_consumption,1704502142481000000,0.003242268618323151,paolo-laptop,influx_dest
power_consumption,1704502143483000000,0.004681012864964276,paolo-laptop,influx_dest
power_consumption,1704502144486000000,0.0033611830175017746,paolo-laptop,influx_dest
power_consumption,1704502145488000000,0.003779324717175169,paolo-laptop,influx_dest
power_consumption,1704502146490000000,0.004197300004524691,paolo-laptop,influx_dest
power_consumption,1704502147492000000,0.005160262379995147,paolo-laptop,influx_dest
power_consumption,1704502148495000000,0.003358908730882523,paolo-laptop,influx_dest
power_consumption,1704502149497000000,0.003616174814749966,paolo-laptop,influx_dest
power_consumption,1704502150500000000,0.013108597170250695,paolo-laptop,influx_dest
power_consumption,1704502151502000000,0.003426438229736658,paolo-laptop,influx_dest
power_consumption,1704502152508000000,0.057305065961958515,paolo-laptop,influx_dest
power_consumption,1704502153512000000,0.006835587944437271,paolo-laptop,influx_dest
power_consumption,1704502154515000000,0.006057901541498227,paolo-laptop,influx_dest
power_consumption,1704502155518000000,0.007218412468687597,paolo-laptop,influx_dest
power_consumption,1704502156520000000,0.006669654817343827,paolo-laptop,influx_dest
power_consumption,1704502157523000000,0.006272128063105521,paolo-laptop,influx_dest
power_consumption,1704502158525000000,0.007284702511976678,paolo-laptop,influx_dest
power_consumption,1704502159527000000,0.007399741996432479,paolo-laptop,influx_dest
power_consumption,1704502160529000000,0.01719123056621784,paolo-laptop,influx_dest
power_consumption,1704502161531000000,0.0064447185044512675,paolo-laptop,influx_dest
power_consumption,1704502162533000000,0.004509335710302327,paolo-laptop,influx_dest
power_consumption,1704502163535000000,0.0058589537235752085,paolo-laptop,influx_dest
power_consumption,1704502164537000000,0.004404691844241169,paolo-laptop,influx_dest
power_consumption,1704502165539000000,0.005989990842563313,paolo-laptop,influx_dest
power_consumption,1704502166541000000,0.0038951945293998255,paolo-laptop,influx_dest
power_consumption,1704502167544000000,0.0051531854086122025,paolo-laptop,influx_dest
power_consumption,1704502168547000000,0.004017375486032239,paolo-laptop,influx_dest
power_consumption,1704502169550000000,0.004283263430726296,paolo-laptop,influx_dest
power_consumption,1704502170552000000,0.012405381625282947,paolo-laptop,influx_dest
power_consumption,1704502171555000000,0.005382360416109939,paolo-laptop,influx_dest
power_consumption,1704502172557000000,0.002918054706260918,paolo-laptop,influx_dest
power_consumption,1704502173559000000,0.003662319573445973,paolo-laptop,influx_dest
power_consumption,1704502174562000000,0.003974843887422827,paolo-laptop,influx_dest
power_consumption,1704502175576000000,0.004495519124121434,paolo-laptop,influx_dest
power_consumption,1704502176578000000,0.0038673900015199227,paolo-laptop,influx_dest
power_consumption,1704502177580000000,0.0037017531684574115,paolo-laptop,influx_dest
power_consumption,1704502179586000000,0.0037173297656450995,paolo-laptop,influx_dest
power_consumption,1704502181590000000,0.00408049422762833,paolo-laptop,influx_dest
power_consumption,1704502182593000000,0.0045319857993999756,paolo-laptop,influx_dest
power_consumption,1704502183595000000,0.003516102467571311,paolo-laptop,influx_dest
power_consumption,1704502184597000000,0.003594152345073982,paolo-laptop,influx_dest
power_consumption,1704502185599000000,0.0034582815960918075,paolo-laptop,influx_dest
power_consumption,1704502186604000000,0.004044182743445053,paolo-laptop,influx_dest
power_consumption,1704502187610000000,0.002897592245226008,paolo-laptop,influx_dest
power_consumption,1704502188617000000,0.004808207741610521,paolo-laptop,influx_dest
power_consumption,1704502189622000000,0.0041816235383342806,paolo-laptop,influx_dest
power_consumption,1704502190627000000,0.010810508059738653,paolo-laptop,influx_dest
power_consumption,1704502191629000000,0.004141643230931034,paolo-laptop,influx_dest
power_consumption,1704502192631000000,0.005060377630401668,paolo-laptop,influx_dest
power_consumption,1704502193634000000,0.0039956661599164335,paolo-laptop,influx_dest
power_consumption,1704502194636000000,0.004543687969987473,paolo-laptop,influx_dest
power_consumption,1704502195638000000,0.0041525440948441275,paolo-laptop,influx_dest
power_consumption,1704502196640000000,0.003697098755923363,paolo-laptop,influx_dest
power_consumption,1704502197643000000,0.004668683405693189,paolo-laptop,influx_dest
power_consumption,1704502198645000000,0.0036999722742377503,paolo-laptop,influx_dest
power_consumption,1704502199647000000,0.0033856374893984657,paolo-laptop,influx_dest
power_consumption,1704502200650000000,0.010125663994349655,paolo-laptop,influx_dest
power_consumption,1704502201652000000,0.00423414701524648,paolo-laptop,influx_dest
power_consumption,1704502202654000000,0.003962449685021705,paolo-laptop,influx_dest
power_consumption,1704502203657000000,0.003697795060055094,paolo-laptop,influx_dest
power_consumption,1704502204659000000,0.005319582679723097,paolo-laptop,influx_dest
power_consumption,1704502205662000000,0.004668890924226032,paolo-laptop,influx_dest
power_consumption,1704502206664000000,0.0036530290503937,paolo-laptop,influx_dest
power_consumption,1704502207666000000,0.0043558040824352665,paolo-laptop,influx_dest
power_consumption,1704502208668000000,0.004501574545094986,paolo-laptop,influx_dest
power_consumption,1704502210675000000,0.00991715575950208,paolo-laptop,influx_dest
power_consumption,1704502212679000000,0.0032886262955899885,paolo-laptop,influx_dest
power_consumption,1704502222706000000,0.004025750201343742,paolo-laptop,influx_dest
power_consumption,1704502223708000000,0.0038076884231569067,paolo-laptop,influx_dest
power_consumption,1704502224710000000,0.0038379807811359094,paolo-laptop,influx_dest
power_consumption,1704502225713000000,0.0039985936742783,paolo-laptop,influx_dest
power_consumption,1704502226715000000,0.0034587386227456756,paolo-laptop,influx_dest
power_consumption,1704502227721000000,0.0035442415814270246,paolo-laptop,influx_dest
power_consumption,1704502228726000000,0.004113613031502561,paolo-laptop,influx_dest
power_consumption,1704502229729000000,0.0032480872201202543,paolo-laptop,influx_dest
power_consumption,1704502230732000000,0.0105034637226738,paolo-laptop,influx_dest
power_consumption,1704502231734000000,0.0039272602719837004,paolo-laptop,influx_dest
power_consumption,1704502232737000000,0.0037603941556863295,paolo-laptop,influx_dest
power_consumption,1704502233741000000,0.004695301084931439,paolo-laptop,influx_dest
power_consumption,1704502234744000000,0.004191688690364426,paolo-laptop,influx_dest
power_consumption,1704502235749000000,0.005467863080346192,paolo-laptop,influx_dest
power_consumption,1704502236755000000,0.003745432810548148,paolo-laptop,influx_dest
power_consumption,1704502237761000000,0.003698814945440493,paolo-laptop,influx_dest
power_consumption,1704502238767000000,0.0037623850486259366,paolo-laptop,influx_dest
power_consumption,1704502239774000000,0.003936570641526343,paolo-laptop,influx_dest
power_consumption,1704502240776000000,0.00988439521687648,paolo-laptop,influx_dest
power_consumption,1704502241779000000,0.0037465573751095634,paolo-laptop,influx_dest
power_consumption,1704502242782000000,0.0035289674372474713,paolo-laptop,influx_dest
power_consumption,1704502243785000000,0.003988892673650341,paolo-laptop,influx_dest
power_consumption,1704502244787000000,0.0033967426155995122,paolo-laptop,influx_dest
power_consumption,1704502245789000000,0.003940862744039617,paolo-laptop,influx_dest
power_consumption,1704502246791000000,0.004713696115411527,paolo-laptop,influx_dest
power_consumption,1704502247793000000,0.003462862740731408,paolo-laptop,influx_dest
power_consumption,1704502248796000000,0.004397904529601423,paolo-laptop,influx_dest
power_consumption,1704502249798000000,0.0035653183716550713,paolo-laptop,influx_dest
power_consumption,1704502250800000000,0.010212465862011728,paolo-laptop,influx_dest
power_consumption,1704502251802000000,0.0038803490667922652,paolo-laptop,influx_dest
power_consumption,1704502252805000000,0.0036394359885256484,paolo-laptop,influx_dest
power_consumption,1704502253808000000,0.00353951405756575,paolo-laptop,influx_dest
power_consumption,1704502254810000000,0.0037315296255675244,paolo-laptop,influx_dest
power_consumption,1704502255812000000,0.004912162952118426,paolo-laptop,influx_dest
power_consumption,1704502256815000000,0.004412937398368921,paolo-laptop,influx_dest
power_consumption,1704502257817000000,0.003877708959287891,paolo-laptop,influx_dest
power_consumption,1704502261829000000,0.004222879781356384,paolo-laptop,influx_dest
power_consumption,1704502265841000000,0.004557851978803626,paolo-laptop,influx_dest
power_consumption,1704502270858000000,0.010080625241516681,paolo-laptop,influx_dest
power_consumption,1704502273864000000,0.0035392462960701955,paolo-laptop,influx_dest
power_consumption,1704502274866000000,0.003875036593214677,paolo-laptop,influx_dest
power_consumption,1704502275868000000,0.004316375683978589,paolo-laptop,influx_dest
power_consumption,1704502276870000000,0.0034364007503157514,paolo-laptop,influx_dest
power_consumption,1704502277876000000,0.004370293098976753,paolo-laptop,influx_dest
power_consumption,1704502278882000000,0.003783182676448219,paolo-laptop,influx_dest
power_consumption,1704502279884000000,0.0034893562149951227,paolo-laptop,influx_dest
power_consumption,1704502280886000000,0.06219567307846074,paolo-laptop,influx_dest
power_consumption,1704502281888000000,0.003489317858352651,paolo-laptop,influx_dest
power_consumption,1704502282890000000,0.0038482474281278647,paolo-laptop,influx_dest
power_consumption,1704502283892000000,0.004757535232402455,paolo-laptop,influx_dest
power_consumption,1704502284894000000,0.004765004369186303,paolo-laptop,influx_dest
power_consumption,1704502285896000000,0.004160095230864319,paolo-laptop,influx_dest
power_consumption,1704502286901000000,0.003564648491299581,paolo-laptop,influx_dest
power_consumption,1704502290912000000,0.010151725119035596,paolo-laptop,influx_dest
power_consumption,1704502294923000000,0.0032308487712564226,paolo-laptop,influx_dest
power_consumption,1704502295925000000,0.003898571580737179,paolo-laptop,influx_dest
power_consumption,1704502299932000000,0.003042792844923717,paolo-laptop,influx_dest
power_consumption,1704502300934000000,0.010040438619131661,paolo-laptop,influx_dest
power_consumption,1704502304942000000,0.004198005772077122,paolo-laptop,influx_dest
power_consumption,1704502305944000000,0.003364832436461473,paolo-laptop,influx_dest
power_consumption,1704502306947000000,0.003378941653361672,paolo-laptop,influx_dest
power_consumption,1704502307949000000,0.00417467299172738,paolo-laptop,influx_dest
power_consumption,1704502308951000000,0.0029567608627597743,paolo-laptop,influx_dest
power_consumption,1704502309954000000,0.0032556390597425736,paolo-laptop,influx_dest
power_consumption,1704502310957000000,0.010455957135422304,paolo-laptop,influx_dest
power_consumption,1704502311960000000,0.003334251484797199,paolo-laptop,influx_dest
power_consumption,1704502314967000000,0.0037911974521557005,paolo-laptop,influx_dest
power_consumption,1704502315969000000,0.004868808609590626,paolo-laptop,influx_dest
power_consumption,1704502316971000000,0.003543271407555206,paolo-laptop,influx_dest
power_consumption,1704502320995000000,0.010227582758896368,paolo-laptop,influx_dest
power_consumption,1704502321999000000,0.004050024934586338,paolo-laptop,influx_dest
power_consumption,1704502323002000000,0.004159950400993338,paolo-laptop,influx_dest
power_consumption,1704502324005000000,0.003956996410257127,paolo-laptop,influx_dest
power_consumption,1704502325007000000,0.00390963707141,paolo-laptop,influx_dest
power_consumption,1704502326014000000,0.0036926716571225567,paolo-laptop,influx_dest
power_consumption,1704502327016000000,0.003035195813169531,paolo-laptop,influx_dest
power_consumption,1704502328022000000,0.004447568954259275,paolo-laptop,influx_dest
power_consumption,1704502329024000000,0.0034576312077713996,paolo-laptop,influx_dest
power_consumption,1704502330026000000,0.010910949014315873,paolo-laptop,influx_dest
power_consumption,1704502331028000000,0.0034152074284577606,paolo-laptop,influx_dest
power_consumption,1704502332030000000,0.00380425075559438,paolo-laptop,influx_dest
power_consumption,1704502333033000000,0.004288039301259248,paolo-laptop,influx_dest
power_consumption,1704502334038000000,0.003582670179735766,paolo-laptop,influx_dest
power_consumption,1704502335040000000,0.004564256268435958,paolo-laptop,influx_dest
power_consumption,1704502336043000000,0.0034426221589862176,paolo-laptop,influx_dest
power_consumption,1704502337046000000,0.003972360377096202,paolo-laptop,influx_dest
power_consumption,1704502338048000000,0.0044399333997093655,paolo-laptop,influx_dest
power_consumption,1704502339050000000,0.004206236532073753,paolo-laptop,influx_dest
power_consumption,1704502340054000000,0.012884198846623547,paolo-laptop,influx_dest
power_consumption,1704502349088000000,0.0034665981786045613,paolo-laptop,influx_dest
power_consumption,1704502350090000000,0.009414400024541785,paolo-laptop,influx_dest
power_consumption,1704502352096000000,0.003949507596174674,paolo-laptop,influx_dest
power_consumption,1704502353098000000,0.003452331808986204,paolo-laptop,influx_dest
power_consumption,1704502354101000000,0.004177157181551795,paolo-laptop,influx_dest
power_consumption,1704502355103000000,0.004678319329401997,paolo-laptop,influx_dest
power_consumption,1704502356105000000,0.0036636215551711943,paolo-laptop,influx_dest
power_consumption,1704502357108000000,0.0037152144413104896,paolo-laptop,influx_dest
power_consumption,1704502358110000000,0.003816196052322818,paolo-laptop,influx_dest
power_consumption,1704502359112000000,0.003761145171826184,paolo-laptop,influx_dest
power_consumption,1704502360117000000,0.011675713993318442,paolo-laptop,influx_dest
power_consumption,1704502364130000000,0.003823641472416159,paolo-laptop,influx_dest
power_consumption,1704502368141000000,0.003893752450757796,paolo-laptop,influx_dest
power_consumption,1704502369143000000,0.0036775127069672894,paolo-laptop,influx_dest
power_consumption,1704502370146000000,0.010663679357937803,paolo-laptop,influx_dest
power_consumption,1704502371148000000,0.003905706242417587,paolo-laptop,influx_dest
power_consumption,1704502372150000000,0.0032480698310708087,paolo-laptop,influx_dest
power_consumption,1704502373153000000,0.0038942118913789982,paolo-laptop,influx_dest
power_consumption,1704502374155000000,0.005687594677934079,paolo-laptop,influx_dest
power_consumption,1704502375158000000,0.005858583695039421,paolo-laptop,influx_dest
power_consumption,1704502376160000000,0.004535028425403475,paolo-laptop,influx_dest
power_consumption,1704502377162000000,0.004626328006659864,paolo-laptop,influx_dest
power_consumption,1704502378164000000,0.003833694521500193,paolo-laptop,influx_dest
power_consumption,1704502379167000000,0.004701818654574195,paolo-laptop,influx_dest
power_consumption,1704502380169000000,0.013345035760371887,paolo-laptop,influx_dest
power_consumption,1704502381171000000,0.005081288955981689,paolo-laptop,influx_dest
power_consumption,1704502382173000000,0.004750329831009674,paolo-laptop,influx_dest
power_consumption,1704502400233000000,0.010341043190149413,paolo-laptop,influx_dest
power_consumption,1704502401235000000,0.0054909545117611674,paolo-laptop,influx_dest
power_consumption,1704502402239000000,0.004705548763678298,paolo-laptop,influx_dest
power_consumption,1704502408259000000,0.004812042421936483,paolo-laptop,influx_dest
power_consumption,1704502410265000000,0.014102323989676969,paolo-laptop,influx_dest
power_consumption,1704502412276000000,0.0052011520414475265,paolo-laptop,influx_dest
power_consumption,1704502414282000000,0.002689239871647242,paolo-laptop,influx_dest
power_consumption,1704502422313000000,0.004937816909164335,paolo-laptop,influx_dest
power_consumption,1704502425321000000,0.006463412004613864,paolo-laptop,influx_dest
power_consumption,1704502426323000000,0.006051542202288358,paolo-laptop,influx_dest
power_consumption,1704502427326000000,0.0057791551104040126,paolo-laptop,influx_dest
power_consumption,1704502428329000000,0.005893648620748563,paolo-laptop,influx_dest
power_consumption,1704502429332000000,0.00553260128328149,paolo-laptop,influx_dest
power_consumption,1704502430334000000,0.012108853892922405,paolo-laptop,influx_dest
power_consumption,1704502431336000000,0.005154431368918508,paolo-laptop,influx_dest
power_consumption,1704502432339000000,0.00620811260701566,paolo-laptop,influx_dest
power_consumption,1704502433341000000,0.007372133298249586,paolo-laptop,influx_dest
power_consumption,1704502434343000000,0.0069027707207543094,paolo-laptop,influx_dest
power_consumption,1704502435344000000,0.007921813689693311,paolo-laptop,influx_dest
power_consumption,1704502436346000000,0.006276247911335076,paolo-laptop,influx_dest
power_consumption,1704502437347000000,0.007637953334336091,paolo-laptop,influx_dest
power_consumption,1704502438349000000,0.006528931602566647,paolo-laptop,influx_dest
power_consumption,1704502439351000000,0.006605915501403677,paolo-laptop,influx_dest
power_consumption,1704502440354000000,0.012201537134655431,paolo-laptop,influx_dest
power_consumption,1704502441356000000,0.004942538586795353,paolo-laptop,influx_dest
power_consumption,1704502444362000000,0.006142568016113544,paolo-laptop,influx_dest
power_consumption,1704502445364000000,0.0032541246504752485,paolo-laptop,influx_dest
power_consumption,1704502446366000000,0.006931488435171462,paolo-laptop,influx_dest
power_consumption,1704502448370000000,0.005310550311087778,paolo-laptop,influx_dest
power_consumption,1704502449372000000,0.004886434024243828,paolo-laptop,influx_dest
power_consumption,1704502450374000000,0.011319568460597583,paolo-laptop,influx_dest
power_consumption,1704502451376000000,0.005291779228047293,paolo-laptop,influx_dest
power_consumption,1704502452379000000,0.004790666415776364,paolo-laptop,influx_dest
power_consumption,1704502453382000000,0.005292322218630043,paolo-laptop,influx_dest
power_consumption,1704502454384000000,0.0034019320877937196,paolo-laptop,influx_dest
power_consumption,1704502456388000000,0.0052975178868458535,paolo-laptop,influx_dest
power_consumption,1704502457390000000,0.005438567996103151,paolo-laptop,influx_dest
power_consumption,1704502458392000000,0.0028172694483007176,paolo-laptop,influx_dest
power_consumption,1704502461403000000,0.005467232459685889,paolo-laptop,influx_dest
power_consumption,1704502463407000000,0.005053799396886953,paolo-laptop,influx_dest
power_consumption,1704502464413000000,0.0064013603624571615,paolo-laptop,influx_dest
power_consumption,1704502467423000000,0.003288629600657199,paolo-laptop,influx_dest
power_consumption,1704502468425000000,0.00355685514663008,paolo-laptop,influx_dest
power_consumption,1704502469427000000,0.005250005306409171,paolo-laptop,influx_dest
power_consumption,1704502470429000000,0.012921514282330328,paolo-laptop,influx_dest
power_consumption,1704502471432000000,0.0036838911437748418,paolo-laptop,influx_dest
power_consumption,1704502472437000000,0.007862598063855773,paolo-laptop,influx_dest
power_consumption,1704502474440000000,0.005050639770804847,paolo-laptop,influx_dest
power_consumption,1704502475442000000,0.0035607148071001987,paolo-laptop,influx_dest
power_consumption,1704502476444000000,0.006312770423875798,paolo-laptop,influx_dest
power_consumption,1704502477447000000,0.003320861731233251,paolo-laptop,influx_dest
power_consumption,1704502478449000000,0.0038220106173317576,paolo-laptop,influx_dest
power_consumption,1704502479451000000,0.005940811397452484,paolo-laptop,influx_dest
power_consumption,1704502480455000000,0.06335277501877473,paolo-laptop,influx_dest
power_consumption,1704502481457000000,0.002850058673937136,paolo-laptop,influx_dest
power_consumption,1704502482462000000,0.004314965166756975,paolo-laptop,influx_dest
power_consumption,1704502484476000000,0.0033813682731670524,paolo-laptop,influx_dest
power_consumption,1704502485478000000,0.005552759413668156,paolo-laptop,influx_dest
power_consumption,1704502486483000000,0.0030998966917305877,paolo-laptop,influx_dest
power_consumption,1704502487485000000,0.004682139895865683,paolo-laptop,influx_dest
power_consumption,1704502488487000000,0.0046029838188943635,paolo-laptop,influx_dest
power_consumption,1704502489489000000,0.007111311610342396,paolo-laptop,influx_dest
power_consumption,1704502490491000000,0.009662772949007676,paolo-laptop,influx_dest
power_consumption,1704502491492000000,0.005599726683791493,paolo-laptop,influx_dest
power_consumption,1704502492495000000,0.004297311168185198,paolo-laptop,influx_dest
power_consumption,1704502493497000000,0.002601729958047128,paolo-laptop,influx_dest
power_consumption,1704502494499000000,0.0037826401267796825,paolo-laptop,influx_dest
power_consumption,1704502496502000000,0.002605155240060388,paolo-laptop,influx_dest
power_consumption,1704502497504000000,0.004553432810686533,paolo-laptop,influx_dest
power_consumption,1704502498507000000,0.006251483528015038,paolo-laptop,influx_dest
power_consumption,1704502499511000000,0.006705950342693895,paolo-laptop,influx_dest
power_consumption,1704502500513000000,0.010480483767956118,paolo-laptop,influx_dest
power_consumption,1704502501518000000,0.007180267542051452,paolo-laptop,influx_dest
power_consumption,1704502502524000000,0.005194631466195287,paolo-laptop,influx_dest
power_consumption,1704502504528000000,0.005519219949165471,paolo-laptop,influx_dest
power_consumption,1704502505529000000,0.006762488381942238,paolo-laptop,influx_dest
power_consumption,1704502506531000000,0.0043068704896353765,paolo-laptop,influx_dest
power_consumption,1704502507533000000,0.005688819549948615,paolo-laptop,influx_dest
power_consumption,1704502508535000000,0.002966692718485487,paolo-laptop,influx_dest
power_consumption,1704502509536000000,0.010585158338123356,paolo-laptop,influx_dest
power_consumption,1704502510539000000,0.00989079849778684,paolo-laptop,influx_dest
power_consumption,1704502511541000000,0.005668165562298773,paolo-laptop,influx_dest
power_consumption,1704502512543000000,0.003261292582917998,paolo-laptop,influx_dest
power_consumption,1704502513546000000,0.005116891837500257,paolo-laptop,influx_dest
power_consumption,1704502514547000000,0.005049905012184296,paolo-laptop,influx_dest
power_consumption,1704502515549000000,0.0070590043697435845,paolo-laptop,influx_dest
power_consumption,1704502516554000000,0.0059488916579100316,paolo-laptop,influx_dest
power_consumption,1704502517557000000,0.006015497498946873,paolo-laptop,influx_dest
power_consumption,1704502518571000000,0.004171137392596495,paolo-laptop,influx_dest
power_consumption,1704502519573000000,0.005938664747812336,paolo-laptop,influx_dest
power_consumption,1704502520575000000,0.01415220444530039,paolo-laptop,influx_dest
power_consumption,1704502521578000000,0.003029540882767526,paolo-laptop,influx_dest
power_consumption,1704502522580000000,0.006138038047581684,paolo-laptop,influx_dest
power_consumption,1704502523582000000,0.0049787505459933995,paolo-laptop,influx_dest
power_consumption,1704502524584000000,0.005891024689761064,paolo-laptop,influx_dest
power_consumption,1704502525586000000,0.0062149467162367095,paolo-laptop,influx_dest
power_consumption,1704502526587000000,0.006476879342604946,paolo-laptop,influx_dest
power_consumption,1704502527589000000,0.0035490475459122794,paolo-laptop,influx_dest
power_consumption,1704502528590000000,0.004931456852032806,paolo-laptop,influx_dest
power_consumption,1704502529592000000,0.006257459086869177,paolo-laptop,influx_dest
power_consumption,1704502530594000000,0.012382679828374222,paolo-laptop,influx_dest
power_consumption,1704502531596000000,0.006507338084424997,paolo-laptop,influx_dest
power_consumption,1704502532601000000,0.0028517930082154704,paolo-laptop,influx_dest
power_consumption,1704502533603000000,0.006163234192811522,paolo-laptop,influx_dest
power_consumption,1704502534605000000,0.0061244486643959786,paolo-laptop,influx_dest
power_consumption,1704502535607000000,0.006315391686000892,paolo-laptop,influx_dest
power_consumption,1704502536609000000,0.004992312410527265,paolo-laptop,influx_dest
power_consumption,1704502537611000000,0.006052535287742624,paolo-laptop,influx_dest
power_consumption,1704502538614000000,0.005878854149196552,paolo-laptop,influx_dest
power_consumption,1704502539616000000,0.0048430363926961865,paolo-laptop,influx_dest
power_consumption,1704502540618000000,0.012410449169108006,paolo-laptop,influx_dest
power_consumption,1704502541622000000,0.004807852723525956,paolo-laptop,influx_dest
power_consumption,1704502542624000000,0.003647262232367626,paolo-laptop,influx_dest
power_consumption,1704502543626000000,0.00525850863839447,paolo-laptop,influx_dest
power_consumption,1704502544628000000,0.005646173223310343,paolo-laptop,influx_dest
power_consumption,1704502545633000000,0.051173884011973036,paolo-laptop,influx_dest
power_consumption,1704502547638000000,0.0030137598755242082,paolo-laptop,influx_dest
power_consumption,1704502548639000000,0.005405988322137484,paolo-laptop,influx_dest
power_consumption,1704502549645000000,0.006071246256545686,paolo-laptop,influx_dest
power_consumption,1704502552657000000,0.0032156618914102905,paolo-laptop,influx_dest
power_consumption,1704502553661000000,0.0030119448405463785,paolo-laptop,influx_dest
power_consumption,1704502554663000000,0.00430178147350822,paolo-laptop,influx_dest
power_consumption,1704502555664000000,0.0058807006985168025,paolo-laptop,influx_dest
power_consumption,1704502556667000000,0.005727185962353019,paolo-laptop,influx_dest
power_consumption,1704502557670000000,0.004257973529637327,paolo-laptop,influx_dest
power_consumption,1704502558672000000,0.0028609636831468206,paolo-laptop,influx_dest
power_consumption,1704502560679000000,0.014070862968112819,paolo-laptop,influx_dest
power_consumption,1704502561681000000,0.003356873675225191,paolo-laptop,influx_dest
power_consumption,1704502562683000000,0.003234147285331485,paolo-laptop,influx_dest
power_consumption,1704502563686000000,0.004257336548817473,paolo-laptop,influx_dest
power_consumption,1704502564688000000,0.006555954346382442,paolo-laptop,influx_dest
power_consumption,1704502565693000000,0.006337312277845415,paolo-laptop,influx_dest
power_consumption,1704502566695000000,0.004509967847326359,paolo-laptop,influx_dest
power_consumption,1704502568700000000,0.004541426331771606,paolo-laptop,influx_dest
power_consumption,1704502569702000000,0.0032990425603300205,paolo-laptop,influx_dest
power_consumption,1704502571708000000,0.0034724584814485497,paolo-laptop,influx_dest
power_consumption,1704502572710000000,0.00256871793967479,paolo-laptop,influx_dest
power_consumption,1704502574719000000,0.0021848406200384862,paolo-laptop,influx_dest
power_consumption,1704502575722000000,0.006386018077110675,paolo-laptop,influx_dest
power_consumption,1704502576724000000,0.0049735482743021205,paolo-laptop,influx_dest
power_consumption,1704502577728000000,0.008655639894641238,paolo-laptop,influx_dest
power_consumption,1704502578734000000,0.0025208778351281584,paolo-laptop,influx_dest
power_consumption,1704502579735000000,0.004358605704140947,paolo-laptop,influx_dest
power_consumption,1704502581741000000,0.0032510581872141394,paolo-laptop,influx_dest
power_consumption,1704502583745000000,0.004979049958410877,paolo-laptop,influx_dest
power_consumption,1704502585756000000,0.01982691248201997,paolo-laptop,influx_dest
power_consumption,1704502587763000000,0.002704817203090491,paolo-laptop,influx_dest
power_consumption,1704502588767000000,0.0037687602846330037,paolo-laptop,influx_dest
power_consumption,1704502589769000000,0.0150108084457171,paolo-laptop,influx_dest
power_consumption,1704502590771000000,0.011292084012658056,paolo-laptop,influx_dest
power_consumption,1704502591774000000,0.005133567000432947,paolo-laptop,influx_dest
power_consumption,1704502592777000000,0.00708018815060726,paolo-laptop,influx_dest
power_consumption,1704502593780000000,0.007566427000265022,paolo-laptop,influx_dest
power_consumption,1704502595783000000,0.005982498612751705,paolo-laptop,influx_dest
power_consumption,1704502596785000000,0.005150680766931072,paolo-laptop,influx_dest
power_consumption,1704502597786000000,0.007751405574125899,paolo-laptop,influx_dest
power_consumption,1704502598788000000,0.0030619975238696546,paolo-laptop,influx_dest
power_consumption,1704502599790000000,0.004413580359826804,paolo-laptop,influx_dest
power_consumption,1704502600791000000,0.018985768113957358,paolo-laptop,influx_dest
power_consumption,1704502601793000000,0.005438008139579221,paolo-laptop,influx_dest
power_consumption,1704502603798000000,0.005940769462243433,paolo-laptop,influx_dest
power_consumption,1704502604800000000,0.004762707848606922,paolo-laptop,influx_dest
power_consumption,1704502605804000000,0.0062943855325502856,paolo-laptop,influx_dest
power_consumption,1704502606806000000,0.008615554446910279,paolo-laptop,influx_dest
power_consumption,1704502607812000000,0.005664896083279528,paolo-laptop,influx_dest
power_consumption,1704502608814000000,0.006188933065953013,paolo-laptop,influx_dest
power_consumption,1704502609818000000,0.0029617164381178845,paolo-laptop,influx_dest
power_consumption,1704502610824000000,0.014045220243309066,paolo-laptop,influx_dest
power_consumption,1704502611826000000,0.08394874834989603,paolo-laptop,influx_dest
power_consumption,1704502613830000000,0.004201651397853031,paolo-laptop,influx_dest
power_consumption,1704502614832000000,0.005034632621459717,paolo-laptop,influx_dest
power_consumption,1704502615834000000,0.005586129659763841,paolo-laptop,influx_dest
power_consumption,1704502616838000000,0.00449135110082562,paolo-laptop,influx_dest
power_consumption,1704502617841000000,0.0053973836585200306,paolo-laptop,influx_dest
power_consumption,1704502618855000000,0.0035035092312870717,paolo-laptop,influx_dest
power_consumption,1704502619860000000,0.00751396300764435,paolo-laptop,influx_dest
power_consumption,1704502620862000000,0.009562851011296747,paolo-laptop,influx_dest
power_consumption,1704502621864000000,0.004714750563172531,paolo-laptop,influx_dest
power_consumption,1704502622866000000,0.0051535820515755185,paolo-laptop,influx_dest
power_consumption,1704502623870000000,0.004776464930425024,paolo-laptop,influx_dest
power_consumption,1704502624872000000,0.0049362267739326785,paolo-laptop,influx_dest
power_consumption,1704502625873000000,0.007056404505232736,paolo-laptop,influx_dest
power_consumption,1704502626875000000,0.004457170390979254,paolo-laptop,influx_dest
power_consumption,1704502627877000000,0.006126919484607975,paolo-laptop,influx_dest
power_consumption,1704502628878000000,0.00633723794564456,paolo-laptop,influx_dest
power_consumption,1704502629880000000,0.0059494487781197695,paolo-laptop,influx_dest
power_consumption,1704502630882000000,0.01251447537884752,paolo-laptop,influx_dest
power_consumption,1704502631884000000,0.0059659559549978935,paolo-laptop,influx_dest
power_consumption,1704502632887000000,0.003899549159035143,paolo-laptop,influx_dest
power_consumption,1704502633891000000,0.006880829611591036,paolo-laptop,influx_dest
power_consumption,1704502634893000000,0.0036011745472881297,paolo-laptop,influx_dest
power_consumption,1704502635898000000,0.0038807646892505664,paolo-laptop,influx_dest
power_consumption,1704502636902000000,0.015929523572091518,paolo-laptop,influx_dest
power_consumption,1704502639911000000,0.004845594071816589,paolo-laptop,influx_dest
power_consumption,1704502640912000000,0.012871712644778044,paolo-laptop,influx_dest
power_consumption,1704502641914000000,0.00531415235533071,paolo-laptop,influx_dest
power_consumption,1704502642916000000,0.004918167044430433,paolo-laptop,influx_dest
power_consumption,1704502643918000000,0.004475300387592748,paolo-laptop,influx_dest
power_consumption,1704502644921000000,0.005382607891531487,paolo-laptop,influx_dest
power_consumption,1704502645923000000,0.0054035576777524,paolo-laptop,influx_dest
power_consumption,1704502646925000000,0.004073974035926645,paolo-laptop,influx_dest
power_consumption,1704502647927000000,0.005080668717315465,paolo-laptop,influx_dest
power_consumption,1704502648929000000,0.0053130208344864755,paolo-laptop,influx_dest
power_consumption,1704502649931000000,0.005336885799994742,paolo-laptop,influx_dest
power_consumption,1704502650933000000,0.010176323364865566,paolo-laptop,influx_dest
power_consumption,1704502651935000000,0.0045458423209616804,paolo-laptop,influx_dest
power_consumption,1704502652937000000,0.0056435362519543335,paolo-laptop,influx_dest
power_consumption,1704502653939000000,0.0044872508488922715,paolo-laptop,influx_dest
power_consumption,1704502654943000000,0.005302884307737751,paolo-laptop,influx_dest
power_consumption,1704502655948000000,0.00482496330104131,paolo-laptop,influx_dest
power_consumption,1704502656953000000,0.004247535257913692,paolo-laptop,influx_dest
power_consumption,1704502657955000000,0.003296959978143482,paolo-laptop,influx_dest
power_consumption,1704502658956000000,0.004992002516727467,paolo-laptop,influx_dest
power_consumption,1704502659958000000,0.005744415194852934,paolo-laptop,influx_dest
power_consumption,1704502660962000000,0.013414919227204588,paolo-laptop,influx_dest
power_consumption,1704502662968000000,0.004730353761144291,paolo-laptop,influx_dest
power_consumption,1704502663970000000,0.005304755299033306,paolo-laptop,influx_dest
power_consumption,1704502664972000000,0.005824808502791511,paolo-laptop,influx_dest
power_consumption,1704502665973000000,0.005363087187194218,paolo-laptop,influx_dest
power_consumption,1704502666975000000,0.009178031250447485,paolo-laptop,influx_dest
power_consumption,1704502668978000000,0.002176127829565513,paolo-laptop,influx_dest
power_consumption,1704502669980000000,0.006109407291686006,paolo-laptop,influx_dest
power_consumption,1704502670982000000,0.013008825615727145,paolo-laptop,influx_dest
power_consumption,1704502671984000000,0.00514925470701243,paolo-laptop,influx_dest
power_consumption,1704502672986000000,0.003153729247678581,paolo-laptop,influx_dest
power_consumption,1704502673988000000,0.06796700546525838,paolo-laptop,influx_dest
power_consumption,1704502674990000000,0.006288651925161303,paolo-laptop,influx_dest
power_consumption,1704502677997000000,0.005182234935975473,paolo-laptop,influx_dest
power_consumption,1704502682012000000,0.0029960855821145015,paolo-laptop,influx_dest
power_consumption,1704502684019000000,0.006037228283781119,paolo-laptop,influx_dest
power_consumption,1704502685020000000,0.004486619217699212,paolo-laptop,influx_dest
power_consumption,1704502686022000000,0.005625408590303917,paolo-laptop,influx_dest
power_consumption,1704502687025000000,0.005620508300946195,paolo-laptop,influx_dest
power_consumption,1704502688030000000,0.009539253169489085,paolo-laptop,influx_dest
power_consumption,1704502691040000000,0.0046633682584858276,paolo-laptop,influx_dest
power_consumption,1704502692044000000,0.0031921064812081316,paolo-laptop,influx_dest
power_consumption,1704502693047000000,0.0064409656692731975,paolo-laptop,influx_dest
power_consumption,1704502694050000000,0.0062952995308738005,paolo-laptop,influx_dest
power_consumption,1704502696057000000,0.007027573625041698,paolo-laptop,influx_dest
power_consumption,1704502699067000000,0.005934446430447686,paolo-laptop,influx_dest
power_consumption,1704502700069000000,0.01455504225721031,paolo-laptop,influx_dest
power_consumption,1704502701070000000,0.006298693799518209,paolo-laptop,influx_dest
power_consumption,1704502702072000000,0.005342498298701013,paolo-laptop,influx_dest
power_consumption,1704502703073000000,0.0064782779994646805,paolo-laptop,influx_dest
power_consumption,1704502704077000000,0.004911980392795282,paolo-laptop,influx_dest
power_consumption,1704502705081000000,0.013899812539058112,paolo-laptop,influx_dest
power_consumption,1704502707090000000,0.008248936721685555,paolo-laptop,influx_dest
power_consumption,1704502708092000000,0.0027471410741155265,paolo-laptop,influx_dest
power_consumption,1704502709094000000,0.008592586568750917,paolo-laptop,influx_dest
power_consumption,1704502710099000000,0.010869379317199092,paolo-laptop,influx_dest
power_consumption,1704502711102000000,0.0050080486304474505,paolo-laptop,influx_dest
power_consumption,1704502714111000000,0.004875404135045204,paolo-laptop,influx_dest
power_consumption,1704502715113000000,0.0069035864115446635,paolo-laptop,influx_dest
power_consumption,1704502716117000000,0.005741417485630101,paolo-laptop,influx_dest
power_consumption,1704502717121000000,0.003128795299273005,paolo-laptop,influx_dest
power_consumption,1704502718125000000,0.014368872800039808,paolo-laptop,influx_dest
power_consumption,1704502719131000000,0.00799395170391776,paolo-laptop,influx_dest
power_consumption,1704502720135000000,0.011341180713080016,paolo-laptop,influx_dest
power_consumption,1704502721137000000,0.007515390788286206,paolo-laptop,influx_dest
power_consumption,1704502722141000000,0.005372203942681296,paolo-laptop,influx_dest
power_consumption,1704502724147000000,0.005490970093012354,paolo-laptop,influx_dest
power_consumption,1704502725151000000,0.003119628606863394,paolo-laptop,influx_dest
power_consumption,1704502726155000000,0.0035149506647008783,paolo-laptop,influx_dest
power_consumption,1704502728158000000,0.005412232308062736,paolo-laptop,influx_dest
power_consumption,1704502729160000000,0.01284873524912496,paolo-laptop,influx_dest
power_consumption,1704502730161000000,0.01007355731630804,paolo-laptop,influx_dest
power_consumption,1704502731163000000,0.0057678415817736675,paolo-laptop,influx_dest
power_consumption,1704502732165000000,0.009083362455835365,paolo-laptop,influx_dest
power_consumption,1704502733166000000,0.005408317620285354,paolo-laptop,influx_dest
power_consumption,1704502734168000000,0.007910700601132924,paolo-laptop,influx_dest
power_consumption,1704502735170000000,0.004290563782718019,paolo-laptop,influx_dest
power_consumption,1704502737174000000,0.005359643701199731,paolo-laptop,influx_dest
power_consumption,1704502738178000000,0.0051550714429555895,paolo-laptop,influx_dest
power_consumption,1704502739180000000,0.0036247277971988225,paolo-laptop,influx_dest
power_consumption,1704502740182000000,0.012486373151927577,paolo-laptop,influx_dest
power_consumption,1704502741184000000,0.005551069805536615,paolo-laptop,influx_dest
power_consumption,1704502742187000000,0.005953996169704658,paolo-laptop,influx_dest
power_consumption,1704502743189000000,0.0028748781697836563,paolo-laptop,influx_dest
power_consumption,1704502744191000000,0.005072440665113422,paolo-laptop,influx_dest
power_consumption,1704502745197000000,0.00631571857900494,paolo-laptop,influx_dest
power_consumption,1704502746199000000,0.05174616016279371,paolo-laptop,influx_dest
power_consumption,1704502747200000000,0.004625494381084133,paolo-laptop,influx_dest
power_consumption,1704502748202000000,0.006102794690197772,paolo-laptop,influx_dest
power_consumption,1704502749204000000,0.004899785342965441,paolo-laptop,influx_dest
power_consumption,1704502750206000000,0.016339062343866666,paolo-laptop,influx_dest
power_consumption,1704502751208000000,0.0049666313709114795,paolo-laptop,influx_dest
power_consumption,1704502752210000000,0.0056771216144955745,paolo-laptop,influx_dest
power_consumption,1704502753211000000,0.006570255768141142,paolo-laptop,influx_dest
power_consumption,1704502754213000000,0.0056437356203214,paolo-laptop,influx_dest
power_consumption,1704502755215000000,0.007243848311818746,paolo-laptop,influx_dest
power_consumption,1704502756217000000,0.008040050400830272,paolo-laptop,influx_dest
power_consumption,1704502757219000000,0.007123393399391595,paolo-laptop,influx_dest
power_consumption,1704502758221000000,0.005079423663946278,paolo-laptop,influx_dest
power_consumption,1704502759223000000,0.004870182407355195,paolo-laptop,influx_dest
power_consumption,1704502760225000000,0.01497890806507536,paolo-laptop,influx_dest
power_consumption,1704502761228000000,0.006437441177921152,paolo-laptop,influx_dest
power_consumption,1704502762231000000,0.012801463790150493,paolo-laptop,influx_dest
power_consumption,1704502763233000000,0.0036296042805573393,paolo-laptop,influx_dest
power_consumption,1704502764235000000,0.006252302001538781,paolo-laptop,influx_dest
power_consumption,1704502765239000000,0.005758723314679776,paolo-laptop,influx_dest
power_consumption,1704502767243000000,0.0031085020534918424,paolo-laptop,influx_dest
power_consumption,1704502768245000000,0.006785101445372282,paolo-laptop,influx_dest
power_consumption,1704502769247000000,0.004086960641239652,paolo-laptop,influx_dest
power_consumption,1704502771252000000,0.0027040036681550846,paolo-laptop,influx_dest
power_consumption,1704502772257000000,0.008025310338295795,paolo-laptop,influx_dest
power_consumption,1704502773260000000,0.012205693816933325,paolo-laptop,influx_dest
power_consumption,1704502774264000000,0.013676217109432927,paolo-laptop,influx_dest
power_consumption,1704502775266000000,0.0053133021110125245,paolo-laptop,influx_dest
power_consumption,1704502776270000000,0.004324701984998651,paolo-laptop,influx_dest
power_consumption,1704502778273000000,0.014320905388552916,paolo-laptop,influx_dest
power_consumption,1704502779275000000,0.008169188687039818,paolo-laptop,influx_dest
power_consumption,1704502780280000000,0.012191686427176801,paolo-laptop,influx_dest
power_consumption,1704502781284000000,0.008867767750471557,paolo-laptop,influx_dest
power_consumption,1704502782286000000,0.004817186731232117,paolo-laptop,influx_dest
power_consumption,1704502783288000000,0.005827674460580944,paolo-laptop,influx_dest
power_consumption,1704502784291000000,0.006199856163595111,paolo-laptop,influx_dest
power_consumption,1704502786302000000,0.011561076617504213,paolo-laptop,influx_dest
power_consumption,1704502787307000000,0.002981328181475505,paolo-laptop,influx_dest
power_consumption,1704502788311000000,0.0073402232750387,paolo-laptop,influx_dest
power_consumption,1704502789313000000,0.002942109194720007,paolo-laptop,influx_dest
power_consumption,1704502790315000000,0.013104821511386266,paolo-laptop,influx_dest
power_consumption,1704502791317000000,0.005485245818494187,paolo-laptop,influx_dest
power_consumption,1704502792323000000,0.005192498717476348,paolo-laptop,influx_dest
power_consumption,1704502793326000000,0.0045540272908188035,paolo-laptop,influx_dest
power_consumption,1704502794328000000,0.004884082145518061,paolo-laptop,influx_dest
power_consumption,1704502795331000000,0.005609701940337351,paolo-laptop,influx_dest
power_consumption,1704502796333000000,0.006579873083240951,paolo-laptop,influx_dest
power_consumption,1704502797335000000,0.004894919900516114,paolo-laptop,influx_dest
power_consumption,1704502798337000000,0.005650989817587876,paolo-laptop,influx_dest
power_consumption,1704502799339000000,0.004321733949533871,paolo-laptop,influx_dest
power_consumption,1704502800341000000,0.013564180347275896,paolo-laptop,influx_dest
power_consumption,1704502801347000000,0.004406434755675787,paolo-laptop,influx_dest
power_consumption,1704502802353000000,0.004469395505103158,paolo-laptop,influx_dest
power_consumption,1704502803355000000,0.006552667553546937,paolo-laptop,influx_dest
power_consumption,1704502804357000000,0.004659104452931874,paolo-laptop,influx_dest
power_consumption,1704502805359000000,0.0063349174908185835,paolo-laptop,influx_dest
power_consumption,1704502806362000000,0.003660727300074494,paolo-laptop,influx_dest
power_consumption,1704502807364000000,0.005392105986463804,paolo-laptop,influx_dest
power_consumption,1704502808368000000,0.004594368723419664,paolo-laptop,influx_dest
power_consumption,1704502809372000000,0.0028230560646533855,paolo-laptop,influx_dest
power_consumption,1704502810375000000,0.011071322438301556,paolo-laptop,influx_dest
power_consumption,1704502811377000000,0.003241978001048109,paolo-laptop,influx_dest
power_consumption,1704502812379000000,0.004284149287243512,paolo-laptop,influx_dest
power_consumption,1704502813381000000,0.004793319191444573,paolo-laptop,influx_dest
power_consumption,1704502814383000000,0.005494656757426208,paolo-laptop,influx_dest
power_consumption,1704502815393000000,0.061993023064517455,paolo-laptop,influx_dest
power_consumption,1704502816395000000,0.005464338594786606,paolo-laptop,influx_dest
power_consumption,1704502817397000000,0.0045522326895050605,paolo-laptop,influx_dest
power_consumption,1704502818398000000,0.003681998041589094,paolo-laptop,influx_dest
power_consumption,1704502819404000000,0.005374422214956289,paolo-laptop,influx_dest
power_consumption,1704502820409000000,0.013985717735378735,paolo-laptop,influx_dest
power_consumption,1704502821413000000,0.0029508392911655433,paolo-laptop,influx_dest
power_consumption,1704502822418000000,0.005696361368427869,paolo-laptop,influx_dest
power_consumption,1704502823423000000,0.009326258601275393,paolo-laptop,influx_dest
power_consumption,1704502824428000000,0.004178180258552986,paolo-laptop,influx_dest
power_consumption,1704502826449000000,0.0026632353497113037,paolo-laptop,influx_dest
power_consumption,1704502827459000000,0.016088012861667212,paolo-laptop,influx_dest
power_consumption,1704502828462000000,0.0036911916235380423,paolo-laptop,influx_dest
power_consumption,1704502829464000000,0.005788924444299759,paolo-laptop,influx_dest
power_consumption,1704502830470000000,0.009918184727971669,paolo-laptop,influx_dest
power_consumption,1704502831477000000,0.016665173377140737,paolo-laptop,influx_dest
power_consumption,1704502832479000000,0.002596419524324516,paolo-laptop,influx_dest
power_consumption,1704502833485000000,0.006180215902334585,paolo-laptop,influx_dest
power_consumption,1704502834491000000,0.008988674127951964,paolo-laptop,influx_dest
power_consumption,1704502835495000000,0.006814858942997138,paolo-laptop,influx_dest
power_consumption,1704502836499000000,0.004123475697692594,paolo-laptop,influx_dest
power_consumption,1704502837501000000,0.0031334372537679825,paolo-laptop,influx_dest
power_consumption,1704502838506000000,0.005950321758378362,paolo-laptop,influx_dest
power_consumption,1704502839508000000,0.015090291755131952,paolo-laptop,influx_dest
power_consumption,1704502840510000000,0.010987027294093796,paolo-laptop,influx_dest
power_consumption,1704502841513000000,0.013387722480448666,paolo-laptop,influx_dest
power_consumption,1704502844522000000,0.004525739652947007,paolo-laptop,influx_dest
power_consumption,1704502845528000000,0.0032560361596099584,paolo-laptop,influx_dest
power_consumption,1704502848538000000,0.003996764172924633,paolo-laptop,influx_dest
power_consumption,1704502849540000000,0.004804692899462887,paolo-laptop,influx_dest
power_consumption,1704502850544000000,0.017112735707125654,paolo-laptop,influx_dest
power_consumption,1704502852550000000,0.004798720216259534,paolo-laptop,influx_dest
power_consumption,1704502853552000000,0.003756885143371666,paolo-laptop,influx_dest
power_consumption,1704502854556000000,0.005766563986389117,paolo-laptop,influx_dest
power_consumption,1704502855558000000,0.004708236054029544,paolo-laptop,influx_dest
power_consumption,1704502856559000000,0.006300491570865866,paolo-laptop,influx_dest
power_consumption,1704502857561000000,0.005094884244715736,paolo-laptop,influx_dest
power_consumption,1704502858565000000,0.0028783090863946956,paolo-laptop,influx_dest
power_consumption,1704502859566000000,0.005223595424075026,paolo-laptop,influx_dest
power_consumption,1704502860568000000,0.010733511071532628,paolo-laptop,influx_dest
power_consumption,1704502861570000000,0.003214361710503973,paolo-laptop,influx_dest
power_consumption,1704502862571000000,0.006217872864478308,paolo-laptop,influx_dest
power_consumption,1704502863575000000,0.003998665903867946,paolo-laptop,influx_dest
power_consumption,1704502864577000000,0.003196339576384475,paolo-laptop,influx_dest
power_consumption,1704502865579000000,0.01542627798186562,paolo-laptop,influx_dest
power_consumption,1704502866581000000,0.004358272977106568,paolo-laptop,influx_dest
power_consumption,1704502867584000000,0.006071686545095783,paolo-laptop,influx_dest
power_consumption,1704502868587000000,0.004513800887001351,paolo-laptop,influx_dest
power_consumption,1704502869590000000,0.006643365720806384,paolo-laptop,influx_dest
power_consumption,1704502870592000000,0.011702243851384856,paolo-laptop,influx_dest
power_consumption,1704502871594000000,0.004113340077801156,paolo-laptop,influx_dest
power_consumption,1704502872597000000,0.004153470168623665,paolo-laptop,influx_dest
power_consumption,1704502873598000000,0.005672050501584919,paolo-laptop,influx_dest
power_consumption,1704502874600000000,0.006795402590920865,paolo-laptop,influx_dest
power_consumption,1704502875602000000,0.0034532555654921576,paolo-laptop,influx_dest
power_consumption,1704502876604000000,0.007218502947507907,paolo-laptop,influx_dest
power_consumption,1704502877606000000,0.004924119234462431,paolo-laptop,influx_dest
power_consumption,1704502878609000000,0.005020396481349299,paolo-laptop,influx_dest
power_consumption,1704502879614000000,0.006004820613784069,paolo-laptop,influx_dest
power_consumption,1704502880619000000,0.012627084509244197,paolo-laptop,influx_dest
power_consumption,1704502881621000000,0.00290620373458727,paolo-laptop,influx_dest
power_consumption,1704502882623000000,0.005362820703619575,paolo-laptop,influx_dest
power_consumption,1704502883625000000,0.0062577457544645354,paolo-laptop,influx_dest
power_consumption,1704502884628000000,0.003866917115976902,paolo-laptop,influx_dest
power_consumption,1704502885631000000,0.09250696971625916,paolo-laptop,influx_dest
power_consumption,1704502886633000000,0.003200314766295764,paolo-laptop,influx_dest
power_consumption,1704502887635000000,0.006865966614251297,paolo-laptop,influx_dest
power_consumption,1704502888637000000,0.0055617699379192495,paolo-laptop,influx_dest
power_consumption,1704502889639000000,0.005842081959312604,paolo-laptop,influx_dest
power_consumption,1704502890641000000,0.013608241442163672,paolo-laptop,influx_dest
power_consumption,1704502891646000000,0.005057571094994431,paolo-laptop,influx_dest
power_consumption,1704502892648000000,0.00624499803661082,paolo-laptop,influx_dest
power_consumption,1704502893651000000,0.005897335602833461,paolo-laptop,influx_dest
power_consumption,1704502894652000000,0.003871057922691833,paolo-laptop,influx_dest
power_consumption,1704502895654000000,0.005523133254300365,paolo-laptop,influx_dest
power_consumption,1704502896656000000,0.006119557181446955,paolo-laptop,influx_dest
power_consumption,1704502897657000000,0.0056036474176121495,paolo-laptop,influx_dest
power_consumption,1704502898659000000,0.006490397289914392,paolo-laptop,influx_dest
power_consumption,1704502899660000000,0.00487389459037914,paolo-laptop,influx_dest
power_consumption,1704502900662000000,0.01550882700823964,paolo-laptop,influx_dest
power_consumption,1704502901664000000,0.005416825898684531,paolo-laptop,influx_dest
power_consumption,1704502902665000000,0.004737172279852541,paolo-laptop,influx_dest
power_consumption,1704502903667000000,0.0058956966672727784,paolo-laptop,influx_dest
power_consumption,1704502904669000000,0.00633468537811673,paolo-laptop,influx_dest
power_consumption,1704502905672000000,0.007599030783246065,paolo-laptop,influx_dest
power_consumption,1704502906675000000,0.007305797545540134,paolo-laptop,influx_dest
power_consumption,1704502907677000000,0.006208022415754826,paolo-laptop,influx_dest
power_consumption,1704502908679000000,0.006236112246732013,paolo-laptop,influx_dest
power_consumption,1704502909682000000,0.010824590008647262,paolo-laptop,influx_dest
power_consumption,1704502910686000000,0.027982986939259144,paolo-laptop,influx_dest
power_consumption,1704502911691000000,0.006031963492576237,paolo-laptop,influx_dest
power_consumption,1704502912696000000,0.011434247900817315,paolo-laptop,influx_dest
power_consumption,1704502913701000000,0.026331948466847825,paolo-laptop,influx_dest
power_consumption,1704502914706000000,0.012303782701227074,paolo-laptop,influx_dest
power_consumption,1704502915710000000,0.004634645274850095,paolo-laptop,influx_dest
power_consumption,1704502917717000000,0.014340862224824025,paolo-laptop,influx_dest
power_consumption,1704502918719000000,0.0056943357764528794,paolo-laptop,influx_dest
power_consumption,1704502919723000000,0.013715404506033792,paolo-laptop,influx_dest
power_consumption,1704502920725000000,0.014752767386974439,paolo-laptop,influx_dest
power_consumption,1704502921726000000,0.006042619473005861,paolo-laptop,influx_dest
power_consumption,1704502922730000000,0.005723571283028062,paolo-laptop,influx_dest
power_consumption,1704502923732000000,0.006660319322332985,paolo-laptop,influx_dest
power_consumption,1704502924733000000,0.006490102149188819,paolo-laptop,influx_dest
power_consumption,1704502925735000000,0.00693838534633111,paolo-laptop,influx_dest
power_consumption,1704502926740000000,0.0037603627628324324,paolo-laptop,influx_dest
power_consumption,1704502927746000000,0.01639777847182524,paolo-laptop,influx_dest
power_consumption,1704502928751000000,0.012281773403177655,paolo-laptop,influx_dest
power_consumption,1704502929753000000,0.00538803449907917,paolo-laptop,influx_dest
power_consumption,1704502930757000000,0.01057862089177549,paolo-laptop,influx_dest
power_consumption,1704502931760000000,0.01192817637790673,paolo-laptop,influx_dest
power_consumption,1704502932761000000,0.0059163149197567644,paolo-laptop,influx_dest
power_consumption,1704502933765000000,0.005779296551474176,paolo-laptop,influx_dest
power_consumption,1704502934766000000,0.0033197911168597635,paolo-laptop,influx_dest
power_consumption,1704502935768000000,0.009138357790937048,paolo-laptop,influx_dest
power_consumption,1704502936772000000,0.007781741572268895,paolo-laptop,influx_dest
power_consumption,1704502937774000000,0.00732723107029165,paolo-laptop,influx_dest
power_consumption,1704502938777000000,0.0060834341680333194,paolo-laptop,influx_dest
power_consumption,1704502939779000000,0.007692577656505259,paolo-laptop,influx_dest
power_consumption,1704502940783000000,0.013070149099313616,paolo-laptop,influx_dest
power_consumption,1704502941785000000,0.004812185135865022,paolo-laptop,influx_dest
power_consumption,1704502942788000000,0.005926691321856225,paolo-laptop,influx_dest
power_consumption,1704502943790000000,0.0034712850724913057,paolo-laptop,influx_dest
power_consumption,1704502944792000000,0.003753613349624582,paolo-laptop,influx_dest
power_consumption,1704502945795000000,0.006416473519385483,paolo-laptop,influx_dest
power_consumption,1704502946798000000,0.006200813642309999,paolo-laptop,influx_dest
power_consumption,1704502947800000000,0.0029601496716997653,paolo-laptop,influx_dest
power_consumption,1704502948804000000,0.006085826218862306,paolo-laptop,influx_dest
power_consumption,1704502949807000000,0.01162224381818287,paolo-laptop,influx_dest
power_consumption,1704502950808000000,0.01149879216125544,paolo-laptop,influx_dest
power_consumption,1704502951812000000,0.007187350058088623,paolo-laptop,influx_dest
power_consumption,1704502952818000000,0.016897963718218736,paolo-laptop,influx_dest
power_consumption,1704502953820000000,0.00721717852821377,paolo-laptop,influx_dest
power_consumption,1704502954822000000,0.006003173197633893,paolo-laptop,influx_dest
power_consumption,1704502955826000000,0.006147047501579371,paolo-laptop,influx_dest
power_consumption,1704502956828000000,0.013833149639800745,paolo-laptop,influx_dest
power_consumption,1704502957832000000,0.005668592693095294,paolo-laptop,influx_dest
power_consumption,1704502958834000000,0.06227775438818776,paolo-laptop,influx_dest
power_consumption,1704502959835000000,0.005417447918541628,paolo-laptop,influx_dest
power_consumption,1704502960840000000,0.015821672462240033,paolo-laptop,influx_dest
power_consumption,1704502961846000000,0.0030632624712623522,paolo-laptop,influx_dest
power_consumption,1704502962849000000,0.016003401425585175,paolo-laptop,influx_dest
power_consumption,1704502963851000000,0.005519201684464255,paolo-laptop,influx_dest
power_consumption,1704502964853000000,0.009852612563249067,paolo-laptop,influx_dest
power_consumption,1704502965858000000,0.006509329140265528,paolo-laptop,influx_dest
power_consumption,1704502966862000000,0.007946510712420949,paolo-laptop,influx_dest
power_consumption,1704502967864000000,0.0035293190414356435,paolo-laptop,influx_dest
power_consumption,1704502968868000000,0.003481638648693492,paolo-laptop,influx_dest
power_consumption,1704502969872000000,0.007171305774708167,paolo-laptop,influx_dest
power_consumption,1704502970874000000,0.012247915638257825,paolo-laptop,influx_dest
power_consumption,1704502972882000000,0.007338806532187345,paolo-laptop,influx_dest
power_consumption,1704502973886000000,0.003588271965654168,paolo-laptop,influx_dest
power_consumption,1704502974892000000,0.0058769550264662195,paolo-laptop,influx_dest
power_consumption,1704502975895000000,0.023318167139084696,paolo-laptop,influx_dest
power_consumption,1704502976898000000,0.006679662336227783,paolo-laptop,influx_dest
power_consumption,1704502977903000000,0.00805725611127657,paolo-laptop,influx_dest
power_consumption,1704502978905000000,0.0025679268278496056,paolo-laptop,influx_dest
power_consumption,1704502979909000000,0.005267334802650798,paolo-laptop,influx_dest
power_consumption,1704502980911000000,0.012593212630114134,paolo-laptop,influx_dest
power_consumption,1704502981916000000,0.024776893326258348,paolo-laptop,influx_dest
power_consumption,1704502982920000000,0.005945182514494951,paolo-laptop,influx_dest
power_consumption,1704502983922000000,0.0062597513746330295,paolo-laptop,influx_dest
power_consumption,1704502984923000000,0.005938886978496053,paolo-laptop,influx_dest
power_consumption,1704502985925000000,0.0065756147866458,paolo-laptop,influx_dest
power_consumption,1704502986927000000,0.008428324374514838,paolo-laptop,influx_dest
power_consumption,1704502987929000000,0.006270092235913744,paolo-laptop,influx_dest
power_consumption,1704502988935000000,0.005913929615313894,paolo-laptop,influx_dest
power_consumption,1704502989937000000,0.011114111314973425,paolo-laptop,influx_dest
power_consumption,1704502990940000000,0.013170404717744279,paolo-laptop,influx_dest
power_consumption,1704502991942000000,0.0041375192487254735,paolo-laptop,influx_dest
power_consumption,1704502992944000000,0.0055757124280440525,paolo-laptop,influx_dest
power_consumption,1704502993947000000,0.007336850946792815,paolo-laptop,influx_dest
power_consumption,1704502994950000000,0.00759152082227047,paolo-laptop,influx_dest
power_consumption,1704502995951000000,0.007339604583781228,paolo-laptop,influx_dest
power_consumption,1704502996953000000,0.0030686585145014737,paolo-laptop,influx_dest
power_consumption,1704502997955000000,0.018779373112025655,paolo-laptop,influx_dest
power_consumption,1704502998957000000,0.003904263094600454,paolo-laptop,influx_dest
power_consumption,1704502999959000000,0.003799754126449564,paolo-laptop,influx_dest
power_consumption,1704503000961000000,0.011293078037270806,paolo-laptop,influx_dest
power_consumption,1704503001962000000,0.0038233272174023405,paolo-laptop,influx_dest
power_consumption,1704503002964000000,0.007731790541070151,paolo-laptop,influx_dest
power_consumption,1704503003966000000,0.025394897950027043,paolo-laptop,influx_dest
power_consumption,1704503004967000000,0.01412407891763014,paolo-laptop,influx_dest
power_consumption,1704503005969000000,0.0028916854152296148,paolo-laptop,influx_dest
power_consumption,1704503006975000000,0.004206940431834126,paolo-laptop,influx_dest
power_consumption,1704503007977000000,0.004212847333631237,paolo-laptop,influx_dest
power_consumption,1704503008979000000,0.0077453578176679225,paolo-laptop,influx_dest
power_consumption,1704503009981000000,0.005908171276089368,paolo-laptop,influx_dest
power_consumption,1704503010984000000,0.016566424398193662,paolo-laptop,influx_dest
power_consumption,1704503011988000000,0.013154404232095037,paolo-laptop,influx_dest
power_consumption,1704503012990000000,0.017731682810148454,paolo-laptop,influx_dest
power_consumption,1704503013991000000,0.013276584738017927,paolo-laptop,influx_dest
power_consumption,1704503014995000000,0.005695618193411906,paolo-laptop,influx_dest
power_consumption,1704503015997000000,0.016156711200076244,paolo-laptop,influx_dest
power_consumption,1704503017002000000,0.016966002023024906,paolo-laptop,influx_dest
power_consumption,1704503018007000000,0.012007376952571858,paolo-laptop,influx_dest
power_consumption,1704503019011000000,0.011340452220952087,paolo-laptop,influx_dest
power_consumption,1704503020015000000,0.02279525737973174,paolo-laptop,influx_dest
power_consumption,1704503021018000000,0.005823002991051168,paolo-laptop,influx_dest
power_consumption,1704503022020000000,0.007687340755706618,paolo-laptop,influx_dest
power_consumption,1704503023021000000,0.005152296840751592,paolo-laptop,influx_dest
power_consumption,1704503024023000000,0.00810721347433336,paolo-laptop,influx_dest
power_consumption,1704503025027000000,0.011351322060451979,paolo-laptop,influx_dest
power_consumption,1704503026032000000,0.012118458431415288,paolo-laptop,influx_dest
power_consumption,1704503027033000000,0.00448885111403958,paolo-laptop,influx_dest
power_consumption,1704503028037000000,0.006090489418473923,paolo-laptop,influx_dest
power_consumption,1704503029045000000,0.0050408577499504136,paolo-laptop,influx_dest
power_consumption,1704503030049000000,0.1002595347848107,paolo-laptop,influx_dest
power_consumption,1704503031054000000,0.012136534939989854,paolo-laptop,influx_dest
power_consumption,1704503032059000000,0.02226568546911106,paolo-laptop,influx_dest
power_consumption,1704503033064000000,0.007685083307926763,paolo-laptop,influx_dest
power_consumption,1704503034069000000,0.013117142580498401,paolo-laptop,influx_dest
power_consumption,1704503035073000000,0.012450157540216302,paolo-laptop,influx_dest
power_consumption,1704503036078000000,0.0056773205352518615,paolo-laptop,influx_dest
power_consumption,1704503037083000000,0.006620236109668384,paolo-laptop,influx_dest
power_consumption,1704503038087000000,0.016571095911252186,paolo-laptop,influx_dest
power_consumption,1704503039088000000,0.0032376239416125273,paolo-laptop,influx_dest
power_consumption,1704503040090000000,0.013966841551447833,paolo-laptop,influx_dest
power_consumption,1704503041093000000,0.002828522757009871,paolo-laptop,influx_dest
power_consumption,1704503042097000000,0.004316193487101663,paolo-laptop,influx_dest
power_consumption,1704503043098000000,0.003855718308789909,paolo-laptop,influx_dest
power_consumption,1704503044100000000,0.007754780797776842,paolo-laptop,influx_dest
power_consumption,1704503045101000000,0.008574402137408312,paolo-laptop,influx_dest
power_consumption,1704503046103000000,0.0034775116836738736,paolo-laptop,influx_dest
power_consumption,1704503047107000000,0.006193769031726271,paolo-laptop,influx_dest
power_consumption,1704503048109000000,0.005211867971303274,paolo-laptop,influx_dest
power_consumption,1704503049111000000,0.003284473684183036,paolo-laptop,influx_dest
power_consumption,1704503050114000000,0.013186183934813394,paolo-laptop,influx_dest
power_consumption,1704503051115000000,0.0034745182026487556,paolo-laptop,influx_dest
power_consumption,1704503052119000000,0.004476438149083117,paolo-laptop,influx_dest
power_consumption,1704503053123000000,0.00584421143055602,paolo-laptop,influx_dest
power_consumption,1704503054128000000,0.006220248479225227,paolo-laptop,influx_dest
power_consumption,1704503055133000000,0.006204113506443976,paolo-laptop,influx_dest
power_consumption,1704503056137000000,0.006615372253579044,paolo-laptop,influx_dest
power_consumption,1704503057139000000,0.002756887291393652,paolo-laptop,influx_dest
power_consumption,1704503058142000000,0.004703781110704989,paolo-laptop,influx_dest
power_consumption,1704503059146000000,0.007140991358167475,paolo-laptop,influx_dest
power_consumption,1704503060148000000,0.022444654808004776,paolo-laptop,influx_dest
power_consumption,1704503061150000000,0.01146508271176135,paolo-laptop,influx_dest
power_consumption,1704503062152000000,0.004725348008439961,paolo-laptop,influx_dest
power_consumption,1704503063154000000,0.008214931189729734,paolo-laptop,influx_dest
power_consumption,1704503064156000000,0.0073147162422398035,paolo-laptop,influx_dest
power_consumption,1704503065158000000,0.004051558430730608,paolo-laptop,influx_dest
power_consumption,1704503066160000000,0.007425037480247023,paolo-laptop,influx_dest
power_consumption,1704503068164000000,0.013387190414886257,paolo-laptop,influx_dest
power_consumption,1704503069165000000,0.004534287770879674,paolo-laptop,influx_dest
power_consumption,1704503070167000000,0.011033792899706862,paolo-laptop,influx_dest
power_consumption,1704503071168000000,0.003355498165357229,paolo-laptop,influx_dest
power_consumption,1704503072172000000,0.013584149586906503,paolo-laptop,influx_dest
power_consumption,1704503073175000000,0.013265926407361966,paolo-laptop,influx_dest
power_consumption,1704503074179000000,0.01202490226459824,paolo-laptop,influx_dest
power_consumption,1704503075183000000,0.0070304066424500475,paolo-laptop,influx_dest
power_consumption,1704503076188000000,0.009367582726435257,paolo-laptop,influx_dest
power_consumption,1704503077194000000,0.005503242442185118,paolo-laptop,influx_dest
power_consumption,1704503078201000000,0.012610276945902645,paolo-laptop,influx_dest
power_consumption,1704503079207000000,0.011856758270592264,paolo-laptop,influx_dest
power_consumption,1704503080213000000,0.035171613145287016,paolo-laptop,influx_dest
power_consumption,1704503081219000000,0.01645399965963941,paolo-laptop,influx_dest
power_consumption,1704503082223000000,0.006030745915622084,paolo-laptop,influx_dest
power_consumption,1704503083227000000,0.012796527550175593,paolo-laptop,influx_dest
power_consumption,1704503084232000000,0.025646624193077377,paolo-laptop,influx_dest
power_consumption,1704503085241000000,0.003910707739501875,paolo-laptop,influx_dest
power_consumption,1704503086242000000,0.007725843048038959,paolo-laptop,influx_dest
power_consumption,1704503087246000000,0.014172573684094896,paolo-laptop,influx_dest
power_consumption,1704503088250000000,0.003445177567276782,paolo-laptop,influx_dest
power_consumption,1704503089252000000,0.01320258031074302,paolo-laptop,influx_dest
power_consumption,1704503090254000000,0.04817683552034878,paolo-laptop,influx_dest
power_consumption,1704503091258000000,0.003741300367546498,paolo-laptop,influx_dest
power_consumption,1704503092261000000,0.013174563671593057,paolo-laptop,influx_dest
power_consumption,1704503093265000000,0.02277512499875315,paolo-laptop,influx_dest
power_consumption,1704503094269000000,0.009914338272327948,paolo-laptop,influx_dest
power_consumption,1704503095273000000,0.01795994638924172,paolo-laptop,influx_dest
power_consumption,1704503096278000000,0.022757152110075604,paolo-laptop,influx_dest
power_consumption,1704503097282000000,0.017342844202472268,paolo-laptop,influx_dest
power_consumption,1704503098286000000,0.012922669023984038,paolo-laptop,influx_dest
power_consumption,1704503099290000000,0.0154784558851548,paolo-laptop,influx_dest
power_consumption,1704503100291000000,0.016422308978023558,paolo-laptop,influx_dest
power_consumption,1704503101295000000,0.009209175257546363,paolo-laptop,influx_dest
power_consumption,1704503102299000000,0.006421185678653892,paolo-laptop,influx_dest
power_consumption,1704503103304000000,0.0076596175174181245,paolo-laptop,influx_dest
power_consumption,1704503104306000000,0.0059593816727675445,paolo-laptop,influx_dest
power_consumption,1704503105308000000,0.006469556903335826,paolo-laptop,influx_dest
power_consumption,1704503106314000000,0.00549501840703258,paolo-laptop,influx_dest
power_consumption,1704503107315000000,0.0038034836294018387,paolo-laptop,influx_dest
power_consumption,1704503108317000000,0.005442104639835324,paolo-laptop,influx_dest
power_consumption,1704503109319000000,0.05734809355405761,paolo-laptop,influx_dest
power_consumption,1704503110323000000,0.013346254207190218,paolo-laptop,influx_dest
power_consumption,1704503111326000000,0.012647193696633082,paolo-laptop,influx_dest
power_consumption,1704503112328000000,0.005352401070537818,paolo-laptop,influx_dest
power_consumption,1704503113330000000,0.006825685096214152,paolo-laptop,influx_dest
power_consumption,1704503114332000000,0.006907841737933866,paolo-laptop,influx_dest
power_consumption,1704503115335000000,0.006688332985294737,paolo-laptop,influx_dest
power_consumption,1704503116337000000,0.006896943882395537,paolo-laptop,influx_dest
power_consumption,1704503117340000000,0.006306219721106698,paolo-laptop,influx_dest
power_consumption,1704503118342000000,0.002945858631455537,paolo-laptop,influx_dest
power_consumption,1704503119344000000,0.004158439298026893,paolo-laptop,influx_dest
power_consumption,1704503120346000000,0.01222489339706333,paolo-laptop,influx_dest
power_consumption,1704503121348000000,0.006502571752361491,paolo-laptop,influx_dest
power_consumption,1704503122350000000,0.0067081718519943125,paolo-laptop,influx_dest
power_consumption,1704503123352000000,0.004149865260173453,paolo-laptop,influx_dest
power_consumption,1704503124354000000,0.0038204572414102848,paolo-laptop,influx_dest
power_consumption,1704503125356000000,0.0057193916488308865,paolo-laptop,influx_dest
power_consumption,1704503126358000000,0.00666671285900633,paolo-laptop,influx_dest
power_consumption,1704503127361000000,0.002826119046567482,paolo-laptop,influx_dest
power_consumption,1704503128363000000,0.004237186927044163,paolo-laptop,influx_dest
power_consumption,1704503129365000000,0.007296677816964398,paolo-laptop,influx_dest
power_consumption,1704503130367000000,0.010944082065499534,paolo-laptop,influx_dest
power_consumption,1704503131370000000,0.0037134862235841375,paolo-laptop,influx_dest
power_consumption,1704503132376000000,0.005328097684847392,paolo-laptop,influx_dest
power_consumption,1704503133380000000,0.01439603309179856,paolo-laptop,influx_dest
power_consumption,1704503134382000000,0.007806751845560908,paolo-laptop,influx_dest
power_consumption,1704503135384000000,0.004918740796096411,paolo-laptop,influx_dest
power_consumption,1704503136386000000,0.005757086452287341,paolo-laptop,influx_dest
power_consumption,1704503137390000000,0.004868764106331746,paolo-laptop,influx_dest
power_consumption,1704503138392000000,0.006606534494885835,paolo-laptop,influx_dest
power_consumption,1704503139397000000,0.005180971484349374,paolo-laptop,influx_dest
power_consumption,1704503140399000000,0.012547789745408872,paolo-laptop,influx_dest
power_consumption,1704503141402000000,0.005173938592216058,paolo-laptop,influx_dest
power_consumption,1704503142404000000,0.0039716956821884905,paolo-laptop,influx_dest
power_consumption,1704503143407000000,0.004876815793548152,paolo-laptop,influx_dest
power_consumption,1704503144409000000,0.004255153992284177,paolo-laptop,influx_dest
power_consumption,1704503145411000000,0.0056957570353264875,paolo-laptop,influx_dest
power_consumption,1704503146417000000,0.004979595115863912,paolo-laptop,influx_dest
power_consumption,1704503147419000000,0.0068853183034403385,paolo-laptop,influx_dest
power_consumption,1704503148421000000,0.004017293340449317,paolo-laptop,influx_dest
power_consumption,1704503149423000000,0.005274116891799059,paolo-laptop,influx_dest
power_consumption,1704503150427000000,0.017122000826205484,paolo-laptop,influx_dest
power_consumption,1704503151433000000,0.004584801205824865,paolo-laptop,influx_dest
power_consumption,1704503152438000000,0.00517599787442765,paolo-laptop,influx_dest
power_consumption,1704503153440000000,0.005654452230111634,paolo-laptop,influx_dest
power_consumption,1704503154444000000,0.006536422731074844,paolo-laptop,influx_dest
power_consumption,1704503155448000000,0.01746204666499118,paolo-laptop,influx_dest
power_consumption,1704503156450000000,0.0033061759144214285,paolo-laptop,influx_dest
power_consumption,1704503157452000000,0.0059605851471749875,paolo-laptop,influx_dest
power_consumption,1704503158454000000,0.005844589648953544,paolo-laptop,influx_dest
power_consumption,1704503159458000000,0.0031279369783370425,paolo-laptop,influx_dest
power_consumption,1704503160461000000,0.012893219257167177,paolo-laptop,influx_dest
power_consumption,1704503161463000000,0.00666669845752636,paolo-laptop,influx_dest
power_consumption,1704503162467000000,0.003157885470206355,paolo-laptop,influx_dest
power_consumption,1704503163469000000,0.01332106417576095,paolo-laptop,influx_dest
power_consumption,1704503164470000000,0.006620052181311644,paolo-laptop,influx_dest
power_consumption,1704503165474000000,0.016367869713327092,paolo-laptop,influx_dest
power_consumption,1704503166476000000,0.006403932261402731,paolo-laptop,influx_dest
power_consumption,1704503167478000000,0.00856177901631764,paolo-laptop,influx_dest
power_consumption,1704503168480000000,0.006998546286248162,paolo-laptop,influx_dest
power_consumption,1704503169481000000,0.006422501989158928,paolo-laptop,influx_dest
power_consumption,1704503170486000000,0.011595247974448742,paolo-laptop,influx_dest
power_consumption,1704503171490000000,0.0029639462806215684,paolo-laptop,influx_dest
power_consumption,1704503172492000000,0.00651054853970175,paolo-laptop,influx_dest
power_consumption,1704503173494000000,0.005642996652953275,paolo-laptop,influx_dest
power_consumption,1704503174496000000,0.005175085075344764,paolo-laptop,influx_dest
power_consumption,1704503175500000000,0.005194094190735488,paolo-laptop,influx_dest
power_consumption,1704503176502000000,0.006642079375315259,paolo-laptop,influx_dest
power_consumption,1704503177503000000,0.0072658952832251635,paolo-laptop,influx_dest
power_consumption,1704503178505000000,0.021674364594145554,paolo-laptop,influx_dest
power_consumption,1704503179509000000,0.023190791170193757,paolo-laptop,influx_dest
power_consumption,1704503180513000000,0.13853445970401684,paolo-laptop,influx_dest
