name,time,power,sensor,target
power_consumption,1704464870034000000,0.014122065128126984,paolo-laptop,influx_dest
power_consumption,1704464871036000000,0.005613210176542491,paolo-laptop,influx_dest
power_consumption,1704464872039000000,0.005005124129576442,paolo-laptop,influx_dest
power_consumption,1704464873040000000,0.004864487125424661,paolo-laptop,influx_dest
power_consumption,1704464874042000000,0.004532750500421668,paolo-laptop,influx_dest
power_consumption,1704464875049000000,0.005331760707321522,paolo-laptop,influx_dest
power_consumption,1704464876051000000,0.004002435184566725,paolo-laptop,influx_dest
power_consumption,1704464878055000000,0.005219195878832253,paolo-laptop,influx_dest
power_consumption,1704464879057000000,0.0046561875169844206,paolo-laptop,influx_dest
power_consumption,1704464880060000000,0.013259883083952808,paolo-laptop,influx_dest
power_consumption,1704464881062000000,0.004330575941007593,paolo-laptop,influx_dest
power_consumption,1704464883066000000,0.0037100604468883747,paolo-laptop,influx_dest
power_consumption,1704464884068000000,0.0035154515873344625,paolo-laptop,influx_dest
power_consumption,1704464885070000000,0.004211203853692666,paolo-laptop,influx_dest
power_consumption,1704464886072000000,0.004165003472528749,paolo-laptop,influx_dest
power_consumption,1704464887073000000,0.005078470031074589,paolo-laptop,influx_dest
power_consumption,1704464889076000000,0.0036914402753326853,paolo-laptop,influx_dest
power_consumption,1704464890078000000,0.01198810842454932,paolo-laptop,influx_dest
power_consumption,1704464891083000000,0.003847346969672634,paolo-laptop,influx_dest
power_consumption,1704464894089000000,0.0037589034266673265,paolo-laptop,influx_dest
power_consumption,1704464896091000000,0.0042329504151507715,paolo-laptop,influx_dest
power_consumption,1704464897093000000,0.0036411417335791302,paolo-laptop,influx_dest
power_consumption,1704464898095000000,0.004256954609449113,paolo-laptop,influx_dest
power_consumption,1704464899097000000,0.004161886657874626,paolo-laptop,influx_dest
power_consumption,1704464900099000000,0.01147902224416371,paolo-laptop,influx_dest
power_consumption,1704464901100000000,0.0036523818344176492,paolo-laptop,influx_dest
power_consumption,1704464902102000000,0.004152851971735527,paolo-laptop,influx_dest
power_consumption,1704464903104000000,0.00430769758470236,paolo-laptop,influx_dest
power_consumption,1704464904107000000,0.004343356194257737,paolo-laptop,influx_dest
power_consumption,1704464907113000000,0.004493252164636688,paolo-laptop,influx_dest
power_consumption,1704464908114000000,0.006405058109295792,paolo-laptop,influx_dest
power_consumption,1704464909116000000,0.00326322530770114,paolo-laptop,influx_dest
power_consumption,1704464910118000000,0.011710855007010124,paolo-laptop,influx_dest
power_consumption,1704464911119000000,0.006184277203361706,paolo-laptop,influx_dest
power_consumption,1704464912120000000,0.00579942476408934,paolo-laptop,influx_dest
power_consumption,1704464913122000000,0.005882011961093612,paolo-laptop,influx_dest
power_consumption,1704464915126000000,0.005988029841376706,paolo-laptop,influx_dest
power_consumption,1704464916129000000,0.0063688062174588,paolo-laptop,influx_dest
power_consumption,1704464917130000000,0.00656196823286744,paolo-laptop,influx_dest
power_consumption,1704464918132000000,0.15260778705100758,paolo-laptop,influx_dest
power_consumption,1704464919134000000,0.006327135685463978,paolo-laptop,influx_dest
power_consumption,1704464920135000000,0.010035881917676154,paolo-laptop,influx_dest
power_consumption,1704464921137000000,0.005478770046925065,paolo-laptop,influx_dest
power_consumption,1704464924144000000,0.003121510683574522,paolo-laptop,influx_dest
power_consumption,1704464925146000000,0.0035589098660916575,paolo-laptop,influx_dest
power_consumption,1704464928152000000,0.002439226437214645,paolo-laptop,influx_dest
power_consumption,1704464930156000000,0.009320331379978609,paolo-laptop,influx_dest
power_consumption,1704464931158000000,0.0030367906528142533,paolo-laptop,influx_dest
power_consumption,1704464932160000000,0.0031072016588248887,paolo-laptop,influx_dest
power_consumption,1704464933162000000,0.0025064080501824002,paolo-laptop,influx_dest
power_consumption,1704464934164000000,0.002939044440676079,paolo-laptop,influx_dest
power_consumption,1704464935166000000,0.003483954236788847,paolo-laptop,influx_dest
power_consumption,1704464936168000000,0.002758124336111104,paolo-laptop,influx_dest
power_consumption,1704464939175000000,0.004650462535288938,paolo-laptop,influx_dest
power_consumption,1704464940177000000,0.014221562175062553,paolo-laptop,influx_dest
power_consumption,1704464941180000000,0.005266000197006826,paolo-laptop,influx_dest
power_consumption,1704464942182000000,0.005573644929529385,paolo-laptop,influx_dest
power_consumption,1704464943187000000,0.002768965365770221,paolo-laptop,influx_dest
power_consumption,1704464944189000000,0.004655230142359803,paolo-laptop,influx_dest
power_consumption,1704464945192000000,0.00578180875086805,paolo-laptop,influx_dest
power_consumption,1704464946195000000,0.005229784683042535,paolo-laptop,influx_dest
power_consumption,1704464947197000000,0.005111466473887276,paolo-laptop,influx_dest
power_consumption,1704464948200000000,0.005701091996246556,paolo-laptop,influx_dest
power_consumption,1704464949202000000,0.005372721488466172,paolo-laptop,influx_dest
power_consumption,1704464950205000000,0.012823892819632131,paolo-laptop,influx_dest
power_consumption,1704464951207000000,0.004650490129347593,paolo-laptop,influx_dest
power_consumption,1704464952210000000,0.005386942964811677,paolo-laptop,influx_dest
power_consumption,1704464953213000000,0.005949374199569813,paolo-laptop,influx_dest
power_consumption,1704464954215000000,0.006972690051053768,paolo-laptop,influx_dest
power_consumption,1704464955218000000,0.005650567739444868,paolo-laptop,influx_dest
power_consumption,1704464956220000000,0.0053792671283718506,paolo-laptop,influx_dest
power_consumption,1704464957223000000,0.005602383327145727,paolo-laptop,influx_dest
power_consumption,1704464958225000000,0.005647718849042737,paolo-laptop,influx_dest
power_consumption,1704464959226000000,0.004487305426237909,paolo-laptop,influx_dest
power_consumption,1704464960228000000,0.009576600650702802,paolo-laptop,influx_dest
power_consumption,1704464961230000000,0.0033264107602776097,paolo-laptop,influx_dest
power_consumption,1704464962236000000,0.0030253751886069966,paolo-laptop,influx_dest
power_consumption,1704464963238000000,0.005173283560932248,paolo-laptop,influx_dest
power_consumption,1704464964243000000,0.004475655677931724,paolo-laptop,influx_dest
power_consumption,1704464965250000000,0.0032735401112565033,paolo-laptop,influx_dest
power_consumption,1704464966256000000,0.0047046587008443,paolo-laptop,influx_dest
power_consumption,1704464967262000000,0.004352774045970417,paolo-laptop,influx_dest
power_consumption,1704464968268000000,0.002908785659284502,paolo-laptop,influx_dest
power_consumption,1704464969270000000,0.0030003487592843506,paolo-laptop,influx_dest
power_consumption,1704464970276000000,0.009754029402359341,paolo-laptop,influx_dest
power_consumption,1704464971278000000,0.0035148270951121828,paolo-laptop,influx_dest
power_consumption,1704464972280000000,0.003304537905982305,paolo-laptop,influx_dest
power_consumption,1704464973282000000,0.004724666873290695,paolo-laptop,influx_dest
power_consumption,1704464974284000000,0.05307539772566692,paolo-laptop,influx_dest
power_consumption,1704464975287000000,0.004998983071900192,paolo-laptop,influx_dest
power_consumption,1704464976293000000,0.004486173603118054,paolo-laptop,influx_dest
power_consumption,1704464977295000000,0.005667118922158256,paolo-laptop,influx_dest
power_consumption,1704464978297000000,0.0035900142852095607,paolo-laptop,influx_dest
power_consumption,1704464979299000000,0.003698615058132883,paolo-laptop,influx_dest
power_consumption,1704464980301000000,0.014648936321346678,paolo-laptop,influx_dest
power_consumption,1704464981304000000,0.0055566225223928995,paolo-laptop,influx_dest
power_consumption,1704464982306000000,0.004112108213497497,paolo-laptop,influx_dest
power_consumption,1704464983308000000,0.004955490129267915,paolo-laptop,influx_dest
power_consumption,1704464984311000000,0.004604509082566798,paolo-laptop,influx_dest
power_consumption,1704464985316000000,0.004347646181576551,paolo-laptop,influx_dest
power_consumption,1704464986318000000,0.00516273106492194,paolo-laptop,influx_dest
power_consumption,1704464987320000000,0.004435959626062359,paolo-laptop,influx_dest
power_consumption,1704464988324000000,0.005113091546175652,paolo-laptop,influx_dest
power_consumption,1704464989327000000,0.005611984598382632,paolo-laptop,influx_dest
power_consumption,1704464990329000000,0.016303835527904882,paolo-laptop,influx_dest
power_consumption,1704464991331000000,0.00550586645844595,paolo-laptop,influx_dest
power_consumption,1704464992334000000,0.0053092277348363815,paolo-laptop,influx_dest
power_consumption,1704464993336000000,0.00575509049786593,paolo-laptop,influx_dest
power_consumption,1704464994337000000,0.006631833341522976,paolo-laptop,influx_dest
power_consumption,1704464995338000000,0.00658113902051948,paolo-laptop,influx_dest
power_consumption,1704464996340000000,0.007108338089282747,paolo-laptop,influx_dest
power_consumption,1704464997342000000,0.00669086448593163,paolo-laptop,influx_dest
power_consumption,1704464998343000000,0.004968650366861038,paolo-laptop,influx_dest
power_consumption,1704464999345000000,0.005070226945968685,paolo-laptop,influx_dest
power_consumption,1704465000348000000,0.017785580249048995,paolo-laptop,influx_dest
power_consumption,1704465001350000000,0.005959755781489268,paolo-laptop,influx_dest
power_consumption,1704465002351000000,0.006552016803360605,paolo-laptop,influx_dest
power_consumption,1704465003353000000,0.006079529768089011,paolo-laptop,influx_dest
power_consumption,1704465004354000000,0.006738653863082056,paolo-laptop,influx_dest
power_consumption,1704465005356000000,0.006217917429449928,paolo-laptop,influx_dest
power_consumption,1704465006359000000,0.00564493120610517,paolo-laptop,influx_dest
power_consumption,1704465007378000000,0.008450462668722323,paolo-laptop,influx_dest
power_consumption,1704465008380000000,0.005411662131223103,paolo-laptop,influx_dest
power_consumption,1704465010383000000,0.02092134391479661,paolo-laptop,influx_dest
power_consumption,1704465015406000000,0.004875859969627694,paolo-laptop,influx_dest
power_consumption,1704465016411000000,0.004045497552798764,paolo-laptop,influx_dest
power_consumption,1704465017413000000,0.00481891392034881,paolo-laptop,influx_dest
power_consumption,1704465018415000000,0.004655051842430719,paolo-laptop,influx_dest
power_consumption,1704465019417000000,0.0034836466800392514,paolo-laptop,influx_dest
power_consumption,1704465020420000000,0.012678464563819446,paolo-laptop,influx_dest
power_consumption,1704465021422000000,0.005745965392933512,paolo-laptop,influx_dest
power_consumption,1704465022423000000,0.00468479623954133,paolo-laptop,influx_dest
power_consumption,1704465023425000000,0.005474619141469787,paolo-laptop,influx_dest
power_consumption,1704465030461000000,0.013445830370552967,paolo-laptop,influx_dest
power_consumption,1704465031463000000,0.005111867989884831,paolo-laptop,influx_dest
power_consumption,1704465032465000000,0.005848270912167792,paolo-laptop,influx_dest
power_consumption,1704465034473000000,0.05158143572989952,paolo-laptop,influx_dest
power_consumption,1704465035476000000,0.005506469203999705,paolo-laptop,influx_dest
power_consumption,1704465036477000000,0.005034163675054012,paolo-laptop,influx_dest
power_consumption,1704465037479000000,0.005569838451967338,paolo-laptop,influx_dest
power_consumption,1704465038481000000,0.005503606769298539,paolo-laptop,influx_dest
power_consumption,1704465039483000000,0.005912094781202864,paolo-laptop,influx_dest
power_consumption,1704465040485000000,0.013776463149693125,paolo-laptop,influx_dest
power_consumption,1704465041488000000,0.005240777230608724,paolo-laptop,influx_dest
power_consumption,1704465042490000000,0.0055204113121450574,paolo-laptop,influx_dest
power_consumption,1704465043491000000,0.004955970071962754,paolo-laptop,influx_dest
power_consumption,1704465044493000000,0.004585082330089078,paolo-laptop,influx_dest
power_consumption,1704465045497000000,0.005108140546220687,paolo-laptop,influx_dest
power_consumption,1704465046499000000,0.00526783411939618,paolo-laptop,influx_dest
power_consumption,1704465047501000000,0.005002676335353814,paolo-laptop,influx_dest
power_consumption,1704465048503000000,0.005460008258856497,paolo-laptop,influx_dest
power_consumption,1704465052515000000,0.0042573684139620635,paolo-laptop,influx_dest
power_consumption,1704465062542000000,0.0054014633927809835,paolo-laptop,influx_dest
power_consumption,1704465063544000000,0.004743655791780084,paolo-laptop,influx_dest
power_consumption,1704465064548000000,0.00476385036139501,paolo-laptop,influx_dest
power_consumption,1704465065551000000,0.005234585254642177,paolo-laptop,influx_dest
power_consumption,1704465066553000000,0.004611163958541635,paolo-laptop,influx_dest
power_consumption,1704465067555000000,0.004851841118917363,paolo-laptop,influx_dest
power_consumption,1704465069560000000,0.005154442386107009,paolo-laptop,influx_dest
power_consumption,1704465070563000000,0.012903149381922028,paolo-laptop,influx_dest
power_consumption,1704465071565000000,0.004677282941065144,paolo-laptop,influx_dest
power_consumption,1704465072567000000,0.005520039765165631,paolo-laptop,influx_dest
power_consumption,1704465073569000000,0.004721279359930999,paolo-laptop,influx_dest
power_consumption,1704465074571000000,0.005632387658430726,paolo-laptop,influx_dest
power_consumption,1704465075574000000,0.005177300491788997,paolo-laptop,influx_dest
power_consumption,1704465076576000000,0.004460955923534691,paolo-laptop,influx_dest
power_consumption,1704465077578000000,0.005400543331932242,paolo-laptop,influx_dest
power_consumption,1704465078580000000,0.005508873175613736,paolo-laptop,influx_dest
power_consumption,1704465079582000000,0.004510056594502906,paolo-laptop,influx_dest
power_consumption,1704465080584000000,0.013121530782736162,paolo-laptop,influx_dest
power_consumption,1704465081587000000,0.004797395960978934,paolo-laptop,influx_dest
power_consumption,1704465082589000000,0.005849083727834323,paolo-laptop,influx_dest
power_consumption,1704465083591000000,0.0052280897956126764,paolo-laptop,influx_dest
power_consumption,1704465084594000000,0.005761969497873648,paolo-laptop,influx_dest
power_consumption,1704465085596000000,0.005713712222740462,paolo-laptop,influx_dest
power_consumption,1704465086598000000,0.00585527859077239,paolo-laptop,influx_dest
power_consumption,1704465087601000000,0.005469642199440112,paolo-laptop,influx_dest
power_consumption,1704465088603000000,0.005044460489294062,paolo-laptop,influx_dest
power_consumption,1704465089606000000,0.0052869006459475235,paolo-laptop,influx_dest
power_consumption,1704465090611000000,0.013337417132107603,paolo-laptop,influx_dest
power_consumption,1704465091613000000,0.0054311540205329405,paolo-laptop,influx_dest
power_consumption,1704465092615000000,0.005937597968360917,paolo-laptop,influx_dest
power_consumption,1704465093618000000,0.0050542668737333565,paolo-laptop,influx_dest
power_consumption,1704465094620000000,0.004104314479658157,paolo-laptop,influx_dest
power_consumption,1704465095622000000,0.004878567416404779,paolo-laptop,influx_dest
power_consumption,1704465096623000000,0.004793343256650468,paolo-laptop,influx_dest
power_consumption,1704465097626000000,0.00484303504709963,paolo-laptop,influx_dest
power_consumption,1704465098631000000,0.004947875295567612,paolo-laptop,influx_dest
power_consumption,1704465099633000000,0.0047937514902797835,paolo-laptop,influx_dest
power_consumption,1704465100635000000,0.05964191483203449,paolo-laptop,influx_dest
power_consumption,1704465101638000000,0.004736099487336215,paolo-laptop,influx_dest
power_consumption,1704465102647000000,0.00461420932915168,paolo-laptop,influx_dest
power_consumption,1704465103649000000,0.005282735612042613,paolo-laptop,influx_dest
power_consumption,1704465104651000000,0.005559650431711463,paolo-laptop,influx_dest
power_consumption,1704465105653000000,0.005267606345524352,paolo-laptop,influx_dest
power_consumption,1704465106655000000,0.0053259897847272065,paolo-laptop,influx_dest
power_consumption,1704465107657000000,0.004409301625077468,paolo-laptop,influx_dest
power_consumption,1704465108659000000,0.004606483085876605,paolo-laptop,influx_dest
power_consumption,1704465109661000000,0.00573053915729757,paolo-laptop,influx_dest
power_consumption,1704465110663000000,0.01207707062708758,paolo-laptop,influx_dest
power_consumption,1704465111664000000,0.0055777130596815485,paolo-laptop,influx_dest
power_consumption,1704465114673000000,0.00507572557004518,paolo-laptop,influx_dest
power_consumption,1704465116678000000,0.004415765910834857,paolo-laptop,influx_dest
power_consumption,1704465122701000000,0.004674201645157855,paolo-laptop,influx_dest
power_consumption,1704465123703000000,0.004912204879688569,paolo-laptop,influx_dest
power_consumption,1704465124705000000,0.005438719871801312,paolo-laptop,influx_dest
power_consumption,1704465125707000000,0.00411082663747714,paolo-laptop,influx_dest
power_consumption,1704465126710000000,0.0046447961632496305,paolo-laptop,influx_dest
power_consumption,1704465127712000000,0.0044036556916875105,paolo-laptop,influx_dest
power_consumption,1704465128714000000,0.00536405270091289,paolo-laptop,influx_dest
power_consumption,1704465129716000000,0.004631889540984997,paolo-laptop,influx_dest
power_consumption,1704465130718000000,0.012394186443635838,paolo-laptop,influx_dest
power_consumption,1704465131720000000,0.006104446322599577,paolo-laptop,influx_dest
power_consumption,1704465132722000000,0.004647742830520499,paolo-laptop,influx_dest
power_consumption,1704465133725000000,0.0043232157648807334,paolo-laptop,influx_dest
power_consumption,1704465134727000000,0.005589248076511183,paolo-laptop,influx_dest
power_consumption,1704465135729000000,0.005103559201778065,paolo-laptop,influx_dest
power_consumption,1704465138737000000,0.00529120079705885,paolo-laptop,influx_dest
power_consumption,1704465141743000000,0.004439398507968244,paolo-laptop,influx_dest
power_consumption,1704465142746000000,0.004851899011503128,paolo-laptop,influx_dest
power_consumption,1704465143750000000,0.004722765255160891,paolo-laptop,influx_dest
power_consumption,1704465146758000000,0.0051708059017485045,paolo-laptop,influx_dest
power_consumption,1704465147759000000,0.0047201243962276115,paolo-laptop,influx_dest
power_consumption,1704465148762000000,0.004431712914813965,paolo-laptop,influx_dest
power_consumption,1704465149766000000,0.005730875584258131,paolo-laptop,influx_dest
power_consumption,1704465152771000000,0.005015872831925673,paolo-laptop,influx_dest
power_consumption,1704465153772000000,0.005917774693300693,paolo-laptop,influx_dest
power_consumption,1704465154775000000,0.005783696092684563,paolo-laptop,influx_dest
power_consumption,1704465155777000000,0.00504140115805703,paolo-laptop,influx_dest
power_consumption,1704465156779000000,0.005108063793465418,paolo-laptop,influx_dest
power_consumption,1704465157782000000,0.004450971788582171,paolo-laptop,influx_dest
power_consumption,1704465163794000000,0.0051314624881339255,paolo-laptop,influx_dest
power_consumption,1704465166805000000,0.003486056278312695,paolo-laptop,influx_dest
power_consumption,1704465170822000000,0.012855340878398284,paolo-laptop,influx_dest
power_consumption,1704465173836000000,0.0037004711396471704,paolo-laptop,influx_dest
power_consumption,1704465174841000000,0.004610359893918354,paolo-laptop,influx_dest
power_consumption,1704465175844000000,0.004800915956225408,paolo-laptop,influx_dest
power_consumption,1704465176846000000,0.003523646625615353,paolo-laptop,influx_dest
power_consumption,1704465177848000000,0.005789049122136039,paolo-laptop,influx_dest
power_consumption,1704465178850000000,0.0042192169814281475,paolo-laptop,influx_dest
power_consumption,1704465179853000000,0.006583651556051793,paolo-laptop,influx_dest
power_consumption,1704465180856000000,0.01273071836305555,paolo-laptop,influx_dest
power_consumption,1704465181858000000,0.004989602796240892,paolo-laptop,influx_dest
power_consumption,1704465182863000000,0.006951026932198006,paolo-laptop,influx_dest
power_consumption,1704465183865000000,0.004933094780221756,paolo-laptop,influx_dest
power_consumption,1704465184866000000,0.005564710633822907,paolo-laptop,influx_dest
power_consumption,1704465185868000000,0.005681008040464726,paolo-laptop,influx_dest
power_consumption,1704465186870000000,0.00405597880149705,paolo-laptop,influx_dest
power_consumption,1704465187872000000,0.00527151775108716,paolo-laptop,influx_dest
power_consumption,1704465188874000000,0.004327641687188598,paolo-laptop,influx_dest
power_consumption,1704465189876000000,0.00620474495253501,paolo-laptop,influx_dest
power_consumption,1704465190879000000,0.013038800644621066,paolo-laptop,influx_dest
power_consumption,1704465191881000000,0.005908940667906701,paolo-laptop,influx_dest
power_consumption,1704465192883000000,0.00484552315488318,paolo-laptop,influx_dest
power_consumption,1704465193886000000,0.00443876159111134,paolo-laptop,influx_dest
power_consumption,1704465194888000000,0.005129433675412232,paolo-laptop,influx_dest
power_consumption,1704465195890000000,0.00436271802057438,paolo-laptop,influx_dest
power_consumption,1704465196892000000,0.004332503947077295,paolo-laptop,influx_dest
power_consumption,1704465198896000000,0.004419925413249381,paolo-laptop,influx_dest
power_consumption,1704465199897000000,0.005248317483923636,paolo-laptop,influx_dest
power_consumption,1704465203907000000,0.006121607265503821,paolo-laptop,influx_dest
power_consumption,1704465204909000000,0.005954510644367217,paolo-laptop,influx_dest
power_consumption,1704465205912000000,0.004838544341389171,paolo-laptop,influx_dest
power_consumption,1704465206914000000,0.004606062035568231,paolo-laptop,influx_dest
power_consumption,1704465207916000000,0.00532034435830435,paolo-laptop,influx_dest
power_consumption,1704465208919000000,0.004666569122286124,paolo-laptop,influx_dest
power_consumption,1704465209922000000,0.005539842191609714,paolo-laptop,influx_dest
power_consumption,1704465210924000000,0.012006027951193175,paolo-laptop,influx_dest
power_consumption,1704465211926000000,0.005367759982319302,paolo-laptop,influx_dest
power_consumption,1704465212936000000,0.004381018027989698,paolo-laptop,influx_dest
power_consumption,1704465213942000000,0.005215623311977898,paolo-laptop,influx_dest
power_consumption,1704465214943000000,0.005339469398000963,paolo-laptop,influx_dest
power_consumption,1704465215945000000,0.0043111932927755005,paolo-laptop,influx_dest
power_consumption,1704465216947000000,0.004595096907631506,paolo-laptop,influx_dest
power_consumption,1704465217951000000,0.0050994273912969975,paolo-laptop,influx_dest
power_consumption,1704465218953000000,0.005930929668556864,paolo-laptop,influx_dest
power_consumption,1704465222963000000,0.004969679844115827,paolo-laptop,influx_dest
power_consumption,1704465223966000000,0.006110876333802403,paolo-laptop,influx_dest
power_consumption,1704465228974000000,0.004812248881335536,paolo-laptop,influx_dest
power_consumption,1704465230978000000,0.011566482145445922,paolo-laptop,influx_dest
power_consumption,1704465238000000000,0.005420225206853538,paolo-laptop,influx_dest
power_consumption,1704465250047000000,0.014572815478893105,paolo-laptop,influx_dest
power_consumption,1704465251052000000,0.005874133307818566,paolo-laptop,influx_dest
power_consumption,1704465256068000000,0.003945405986014545,paolo-laptop,influx_dest
power_consumption,1704465257070000000,0.004769394563969738,paolo-laptop,influx_dest
power_consumption,1704465258074000000,0.004202695714069659,paolo-laptop,influx_dest
power_consumption,1704465259076000000,0.005788508046717148,paolo-laptop,influx_dest
power_consumption,1704465260078000000,0.012788282465679096,paolo-laptop,influx_dest
power_consumption,1704465261081000000,0.004508714979703915,paolo-laptop,influx_dest
power_consumption,1704465262082000000,0.005650749781403586,paolo-laptop,influx_dest
power_consumption,1704465263084000000,0.003434423926001552,paolo-laptop,influx_dest
power_consumption,1704465264086000000,0.006304449870520857,paolo-laptop,influx_dest
power_consumption,1704465265088000000,0.0031311179913307233,paolo-laptop,influx_dest
power_consumption,1704465266090000000,0.007783658395947763,paolo-laptop,influx_dest
power_consumption,1704465267092000000,0.0033504517813937014,paolo-laptop,influx_dest
power_consumption,1704465268094000000,0.0063374148197514555,paolo-laptop,influx_dest
power_consumption,1704465269096000000,0.007474206669115448,paolo-laptop,influx_dest
power_consumption,1704465270098000000,0.017559735118048515,paolo-laptop,influx_dest
power_consumption,1704465271100000000,0.0046589458573856905,paolo-laptop,influx_dest
power_consumption,1704465272102000000,0.007079144287954195,paolo-laptop,influx_dest
power_consumption,1704465273104000000,0.004795597306721432,paolo-laptop,influx_dest
power_consumption,1704465274106000000,0.006074482505921252,paolo-laptop,influx_dest
power_consumption,1704465275107000000,0.006921395416721967,paolo-laptop,influx_dest
power_consumption,1704465276109000000,0.006458853659813891,paolo-laptop,influx_dest
power_consumption,1704465277111000000,0.006302470087543957,paolo-laptop,influx_dest
power_consumption,1704465279115000000,0.004279925501742844,paolo-laptop,influx_dest
power_consumption,1704465281119000000,0.005262122446953394,paolo-laptop,influx_dest
power_consumption,1704465282121000000,0.005683980891576847,paolo-laptop,influx_dest
power_consumption,1704465284127000000,0.003071458258810284,paolo-laptop,influx_dest
power_consumption,1704465285129000000,0.004830887748342445,paolo-laptop,influx_dest
power_consumption,1704465286132000000,0.003266939492530107,paolo-laptop,influx_dest
power_consumption,1704465287134000000,0.002600593604862972,paolo-laptop,influx_dest
power_consumption,1704465288137000000,0.005690089701411313,paolo-laptop,influx_dest
power_consumption,1704465289138000000,0.00535028078204928,paolo-laptop,influx_dest
power_consumption,1704465290140000000,0.01480581893825055,paolo-laptop,influx_dest
power_consumption,1704465291142000000,0.005803564963020797,paolo-laptop,influx_dest
power_consumption,1704465292146000000,0.07238774589578763,paolo-laptop,influx_dest
power_consumption,1704465293148000000,0.00317059598554841,paolo-laptop,influx_dest
power_consumption,1704465294151000000,0.005724426066689667,paolo-laptop,influx_dest
power_consumption,1704465295154000000,0.006159684258745361,paolo-laptop,influx_dest
power_consumption,1704465296157000000,0.0031756362968688575,paolo-laptop,influx_dest
power_consumption,1704465300163000000,0.015504431383039302,paolo-laptop,influx_dest
power_consumption,1704465301165000000,0.006017074874775725,paolo-laptop,influx_dest
power_consumption,1704465302166000000,0.003433967317505538,paolo-laptop,influx_dest
power_consumption,1704465303169000000,0.0028956121933102924,paolo-laptop,influx_dest
power_consumption,1704465305173000000,0.005098197857105127,paolo-laptop,influx_dest
power_consumption,1704465306175000000,0.004581459489714551,paolo-laptop,influx_dest
power_consumption,1704465307177000000,0.006091702892184761,paolo-laptop,influx_dest
power_consumption,1704465308179000000,0.005424674575964411,paolo-laptop,influx_dest
power_consumption,1704465309181000000,0.004786585349856671,paolo-laptop,influx_dest
power_consumption,1704465311190000000,0.0026612515935503294,paolo-laptop,influx_dest
power_consumption,1704465312194000000,0.00594587715645492,paolo-laptop,influx_dest
power_consumption,1704465313195000000,0.002878070108830272,paolo-laptop,influx_dest
power_consumption,1704465314197000000,0.0060834471718221265,paolo-laptop,influx_dest
power_consumption,1704465316201000000,0.0053399350424204045,paolo-laptop,influx_dest
power_consumption,1704465317203000000,0.0056319330760559345,paolo-laptop,influx_dest
power_consumption,1704465318206000000,0.0030259179112853305,paolo-laptop,influx_dest
power_consumption,1704465319208000000,0.0053708455808143705,paolo-laptop,influx_dest
power_consumption,1704465320210000000,0.013123235513499436,paolo-laptop,influx_dest
power_consumption,1704465321212000000,0.005038525595048398,paolo-laptop,influx_dest
power_consumption,1704465322214000000,0.007533174883777322,paolo-laptop,influx_dest
power_consumption,1704465323216000000,0.0027948720191652682,paolo-laptop,influx_dest
power_consumption,1704465324218000000,0.0057249910476536,paolo-laptop,influx_dest
power_consumption,1704465325220000000,0.005217939089457979,paolo-laptop,influx_dest
power_consumption,1704465326222000000,0.006381177591798046,paolo-laptop,influx_dest
power_consumption,1704465327224000000,0.00628066729301463,paolo-laptop,influx_dest
power_consumption,1704465328227000000,0.005466637655500069,paolo-laptop,influx_dest
power_consumption,1704465329229000000,0.0032296016918032544,paolo-laptop,influx_dest
power_consumption,1704465331234000000,0.006160010286415702,paolo-laptop,influx_dest
power_consumption,1704465332238000000,0.0035111585277304187,paolo-laptop,influx_dest
power_consumption,1704465333251000000,0.005297392803336701,paolo-laptop,influx_dest
power_consumption,1704465334256000000,0.006858288076380165,paolo-laptop,influx_dest
power_consumption,1704465337265000000,0.002973420404818153,paolo-laptop,influx_dest
power_consumption,1704465338267000000,0.005786052624135549,paolo-laptop,influx_dest
power_consumption,1704465339269000000,0.004759270512831095,paolo-laptop,influx_dest
power_consumption,1704465341274000000,0.0066192945212169545,paolo-laptop,influx_dest
power_consumption,1704465343278000000,0.004829472493903517,paolo-laptop,influx_dest
power_consumption,1704465344280000000,0.005321540769867329,paolo-laptop,influx_dest
power_consumption,1704465345289000000,0.006456544546868946,paolo-laptop,influx_dest
power_consumption,1704465348299000000,0.003433485151280128,paolo-laptop,influx_dest
power_consumption,1704465350304000000,0.016729954410887992,paolo-laptop,influx_dest
power_consumption,1704465351306000000,0.0055665844257286245,paolo-laptop,influx_dest
power_consumption,1704465352308000000,0.005503518809171786,paolo-laptop,influx_dest
power_consumption,1704465353310000000,0.0051373596444272435,paolo-laptop,influx_dest
power_consumption,1704465354312000000,0.005260865175595507,paolo-laptop,influx_dest
power_consumption,1704465355314000000,0.00545696247499388,paolo-laptop,influx_dest
power_consumption,1704465356316000000,0.005639771449367094,paolo-laptop,influx_dest
power_consumption,1704465357318000000,0.005835496634664182,paolo-laptop,influx_dest
power_consumption,1704465358320000000,0.006232414312811447,paolo-laptop,influx_dest
power_consumption,1704465359322000000,0.04883629865095405,paolo-laptop,influx_dest
power_consumption,1704465360326000000,0.014014079192446904,paolo-laptop,influx_dest
power_consumption,1704465361328000000,0.006110883206854835,paolo-laptop,influx_dest
power_consumption,1704465362330000000,0.004984961060437771,paolo-laptop,influx_dest
power_consumption,1704465363332000000,0.0063538415472347825,paolo-laptop,influx_dest
power_consumption,1704465364336000000,0.0027524696358816585,paolo-laptop,influx_dest
power_consumption,1704465367344000000,0.005030161677685159,paolo-laptop,influx_dest
power_consumption,1704465368346000000,0.005321009821021948,paolo-laptop,influx_dest
power_consumption,1704465369350000000,0.005656949666848588,paolo-laptop,influx_dest
power_consumption,1704465371354000000,0.004367011763439989,paolo-laptop,influx_dest
power_consumption,1704465372356000000,0.004773872258886111,paolo-laptop,influx_dest
power_consumption,1704465373358000000,0.004664561759987332,paolo-laptop,influx_dest
power_consumption,1704465374360000000,0.0028872471598620953,paolo-laptop,influx_dest
power_consumption,1704465376363000000,0.005623243004024452,paolo-laptop,influx_dest
power_consumption,1704465377365000000,0.0048556335535088185,paolo-laptop,influx_dest
power_consumption,1704465378367000000,0.005882985990291146,paolo-laptop,influx_dest
power_consumption,1704465379369000000,0.0043467072538814645,paolo-laptop,influx_dest
power_consumption,1704465380372000000,0.01291687407380559,paolo-laptop,influx_dest
power_consumption,1704465381373000000,0.00349134879029957,paolo-laptop,influx_dest
power_consumption,1704465382375000000,0.005669623870214038,paolo-laptop,influx_dest
power_consumption,1704465383377000000,0.005328619566605027,paolo-laptop,influx_dest
power_consumption,1704465385392000000,0.0028586174201115874,paolo-laptop,influx_dest
power_consumption,1704465389401000000,0.0032251437202151633,paolo-laptop,influx_dest
power_consumption,1704465391407000000,0.00288935636330096,paolo-laptop,influx_dest
power_consumption,1704465392409000000,0.004973748063604542,paolo-laptop,influx_dest
power_consumption,1704465393415000000,0.0053527439265340015,paolo-laptop,influx_dest
power_consumption,1704465394420000000,0.005876538159315298,paolo-laptop,influx_dest
power_consumption,1704465396433000000,0.0030662053187929584,paolo-laptop,influx_dest
power_consumption,1704465397436000000,0.005082336799686822,paolo-laptop,influx_dest
power_consumption,1704465398440000000,0.0047496641710439704,paolo-laptop,influx_dest
power_consumption,1704465399442000000,0.007198974286395879,paolo-laptop,influx_dest
power_consumption,1704465400443000000,0.014184983722976234,paolo-laptop,influx_dest
power_consumption,1704465401445000000,0.004712249736279319,paolo-laptop,influx_dest
power_consumption,1704465403452000000,0.0031953391925577976,paolo-laptop,influx_dest
power_consumption,1704465404455000000,0.006380146604820599,paolo-laptop,influx_dest
power_consumption,1704465405457000000,0.005763261268997673,paolo-laptop,influx_dest
power_consumption,1704465406458000000,0.0026003798340845613,paolo-laptop,influx_dest
power_consumption,1704465407460000000,0.006739111210707591,paolo-laptop,influx_dest
power_consumption,1704465408464000000,0.003971468913244812,paolo-laptop,influx_dest
power_consumption,1704465409466000000,0.0026447111692892195,paolo-laptop,influx_dest
power_consumption,1704465410470000000,0.015791161916554056,paolo-laptop,influx_dest
power_consumption,1704465412478000000,0.00737696231111607,paolo-laptop,influx_dest
power_consumption,1704465413481000000,0.0034415196251568964,paolo-laptop,influx_dest
power_consumption,1704465414485000000,0.007019105015263851,paolo-laptop,influx_dest
power_consumption,1704465415487000000,0.004989434406068711,paolo-laptop,influx_dest
power_consumption,1704465416488000000,0.00288088972753183,paolo-laptop,influx_dest
power_consumption,1704465418494000000,0.0029817916454905713,paolo-laptop,influx_dest
power_consumption,1704465419496000000,0.005234056514328457,paolo-laptop,influx_dest
power_consumption,1704465420497000000,0.015093154430296907,paolo-laptop,influx_dest
power_consumption,1704465421500000000,0.007766914558503195,paolo-laptop,influx_dest
power_consumption,1704465422507000000,0.0776496326479558,paolo-laptop,influx_dest
power_consumption,1704465424515000000,0.003762569663183753,paolo-laptop,influx_dest
power_consumption,1704465425517000000,0.005209351327054887,paolo-laptop,influx_dest
power_consumption,1704465427524000000,0.0031709550506554534,paolo-laptop,influx_dest
power_consumption,1704465428526000000,0.005495165237851976,paolo-laptop,influx_dest
power_consumption,1704465429529000000,0.004436593906538094,paolo-laptop,influx_dest
power_consumption,1704465430534000000,0.014230271314449237,paolo-laptop,influx_dest
power_consumption,1704465431536000000,0.0030579606234842328,paolo-laptop,influx_dest
power_consumption,1704465432537000000,0.006419254270307519,paolo-laptop,influx_dest
power_consumption,1704465433539000000,0.005820606101316663,paolo-laptop,influx_dest
power_consumption,1704465434540000000,0.006309069381737833,paolo-laptop,influx_dest
power_consumption,1704465436545000000,0.003976667369605448,paolo-laptop,influx_dest
power_consumption,1704465437547000000,0.006445990854573607,paolo-laptop,influx_dest
power_consumption,1704465438548000000,0.003331226222513814,paolo-laptop,influx_dest
power_consumption,1704465441555000000,0.005912730200207307,paolo-laptop,influx_dest
power_consumption,1704465442557000000,0.006235854723644468,paolo-laptop,influx_dest
power_consumption,1704465443558000000,0.0047296063165856595,paolo-laptop,influx_dest
power_consumption,1704465444561000000,0.005252678577412679,paolo-laptop,influx_dest
power_consumption,1704465445562000000,0.005127606817456367,paolo-laptop,influx_dest
power_consumption,1704465446564000000,0.0056865690603573075,paolo-laptop,influx_dest
power_consumption,1704465447565000000,0.003108031299903433,paolo-laptop,influx_dest
power_consumption,1704465448567000000,0.004390567665682321,paolo-laptop,influx_dest
power_consumption,1704465449569000000,0.006294277667369521,paolo-laptop,influx_dest
power_consumption,1704465450571000000,0.015737441292677165,paolo-laptop,influx_dest
power_consumption,1704465451573000000,0.00781205344458705,paolo-laptop,influx_dest
power_consumption,1704465452575000000,0.0064542437249586766,paolo-laptop,influx_dest
power_consumption,1704465453576000000,0.0072584440286974335,paolo-laptop,influx_dest
power_consumption,1704465454578000000,0.0071557515169730634,paolo-laptop,influx_dest
power_consumption,1704465455580000000,0.0058892207222146255,paolo-laptop,influx_dest
power_consumption,1704465456582000000,0.0065046256759984655,paolo-laptop,influx_dest
power_consumption,1704465457585000000,0.007559345239804896,paolo-laptop,influx_dest
power_consumption,1704465458587000000,0.006757299056316081,paolo-laptop,influx_dest
power_consumption,1704465459588000000,0.0030338827053181285,paolo-laptop,influx_dest
power_consumption,1704465460590000000,0.01351091131615096,paolo-laptop,influx_dest
power_consumption,1704465461592000000,0.006376134474025505,paolo-laptop,influx_dest
power_consumption,1704465462595000000,0.004926825236970517,paolo-laptop,influx_dest
power_consumption,1704465463597000000,0.0032091716682246646,paolo-laptop,influx_dest
power_consumption,1704465465605000000,0.004970566358228405,paolo-laptop,influx_dest
power_consumption,1704465466607000000,0.009507357741787346,paolo-laptop,influx_dest
power_consumption,1704465467609000000,0.006552159560485384,paolo-laptop,influx_dest
power_consumption,1704465468610000000,0.005858946373284801,paolo-laptop,influx_dest
power_consumption,1704465469612000000,0.007681635463480055,paolo-laptop,influx_dest
power_consumption,1704465470613000000,0.017653374968523393,paolo-laptop,influx_dest
power_consumption,1704465471618000000,0.003829715960540223,paolo-laptop,influx_dest
power_consumption,1704465472620000000,0.006478315794598717,paolo-laptop,influx_dest
power_consumption,1704465473621000000,0.0070906915010225755,paolo-laptop,influx_dest
power_consumption,1704465474623000000,0.006655548450166559,paolo-laptop,influx_dest
power_consumption,1704465475627000000,0.0036841102627068216,paolo-laptop,influx_dest
power_consumption,1704465476631000000,0.0038293125845510925,paolo-laptop,influx_dest
power_consumption,1704465477633000000,0.004474158784808037,paolo-laptop,influx_dest
power_consumption,1704465478635000000,0.005722251636794282,paolo-laptop,influx_dest
power_consumption,1704465479636000000,0.0058687903338863695,paolo-laptop,influx_dest
power_consumption,1704465480640000000,0.013558491938394448,paolo-laptop,influx_dest
power_consumption,1704465481644000000,0.004865757894620928,paolo-laptop,influx_dest
power_consumption,1704465482646000000,0.0027384079588842103,paolo-laptop,influx_dest
power_consumption,1704465483650000000,0.003215230894256571,paolo-laptop,influx_dest
power_consumption,1704465485653000000,0.002834344493935054,paolo-laptop,influx_dest
power_consumption,1704465486657000000,0.06251066344215961,paolo-laptop,influx_dest
power_consumption,1704465487659000000,0.0030001340941899976,paolo-laptop,influx_dest
power_consumption,1704465488663000000,0.0030176280793550963,paolo-laptop,influx_dest
power_consumption,1704465489667000000,0.01021544256903067,paolo-laptop,influx_dest
power_consumption,1704465490671000000,0.013822827151614779,paolo-laptop,influx_dest
power_consumption,1704465494687000000,0.007813992955499479,paolo-laptop,influx_dest
power_consumption,1704465495692000000,0.004154897259707517,paolo-laptop,influx_dest
power_consumption,1704465497696000000,0.005889331890404666,paolo-laptop,influx_dest
power_consumption,1704465499706000000,0.004259821143785807,paolo-laptop,influx_dest
power_consumption,1704465502719000000,0.006318277170331752,paolo-laptop,influx_dest
power_consumption,1704465503722000000,0.012289096014419713,paolo-laptop,influx_dest
power_consumption,1704465504725000000,0.005851970805580261,paolo-laptop,influx_dest
power_consumption,1704465505727000000,0.004443279648970238,paolo-laptop,influx_dest
power_consumption,1704465506728000000,0.0027708501720024813,paolo-laptop,influx_dest
power_consumption,1704465507730000000,0.006039532278297195,paolo-laptop,influx_dest
power_consumption,1704465508731000000,0.002749066321604164,paolo-laptop,influx_dest
power_consumption,1704465509733000000,0.005403318569971925,paolo-laptop,influx_dest
power_consumption,1704465510735000000,0.010674619688592324,paolo-laptop,influx_dest
power_consumption,1704465511737000000,0.00456854156646674,paolo-laptop,influx_dest
power_consumption,1704465512738000000,0.005777257971617062,paolo-laptop,influx_dest
power_consumption,1704465513739000000,0.003100815575720429,paolo-laptop,influx_dest
power_consumption,1704465515751000000,0.005473254295117757,paolo-laptop,influx_dest
power_consumption,1704465516757000000,0.004893079428673902,paolo-laptop,influx_dest
power_consumption,1704465517760000000,0.004673829200682423,paolo-laptop,influx_dest
power_consumption,1704465518765000000,0.007023129222444285,paolo-laptop,influx_dest
power_consumption,1704465519769000000,0.006451341247532801,paolo-laptop,influx_dest
power_consumption,1704465520771000000,0.027510871960863697,paolo-laptop,influx_dest
power_consumption,1704465521772000000,0.006170842825050002,paolo-laptop,influx_dest
power_consumption,1704465522774000000,0.00560413207674859,paolo-laptop,influx_dest
power_consumption,1704465523778000000,0.0031808925003246353,paolo-laptop,influx_dest
power_consumption,1704465524783000000,0.004994811414609313,paolo-laptop,influx_dest
power_consumption,1704465525787000000,0.004227019274205115,paolo-laptop,influx_dest
power_consumption,1704465526792000000,0.005397794993132783,paolo-laptop,influx_dest
power_consumption,1704465527794000000,0.0069447290861968484,paolo-laptop,influx_dest
power_consumption,1704465528795000000,0.010324424200780793,paolo-laptop,influx_dest
power_consumption,1704465529799000000,0.005406615839592448,paolo-laptop,influx_dest
power_consumption,1704465530803000000,0.014443793090637463,paolo-laptop,influx_dest
power_consumption,1704465532808000000,0.01046983738237736,paolo-laptop,influx_dest
power_consumption,1704465533809000000,0.002945483088866408,paolo-laptop,influx_dest
power_consumption,1704465534811000000,0.0031771416730917027,paolo-laptop,influx_dest
power_consumption,1704465535815000000,0.008463653693862353,paolo-laptop,influx_dest
power_consumption,1704465536817000000,0.004410257109670253,paolo-laptop,influx_dest
power_consumption,1704465537820000000,0.0027181111092121116,paolo-laptop,influx_dest
power_consumption,1704465538824000000,0.00463213711402828,paolo-laptop,influx_dest
power_consumption,1704465539827000000,0.005380360759736847,paolo-laptop,influx_dest
power_consumption,1704465540828000000,0.015180556016771436,paolo-laptop,influx_dest
power_consumption,1704465541830000000,0.007792865592413666,paolo-laptop,influx_dest
power_consumption,1704465542834000000,0.0031212795850225194,paolo-laptop,influx_dest
power_consumption,1704465543835000000,0.00386884804763794,paolo-laptop,influx_dest
power_consumption,1704465544837000000,0.005294307520679945,paolo-laptop,influx_dest
power_consumption,1704465545841000000,0.0056150470667054,paolo-laptop,influx_dest
power_consumption,1704465546843000000,0.004123773164525581,paolo-laptop,influx_dest
power_consumption,1704465547847000000,0.003345884161096969,paolo-laptop,influx_dest
power_consumption,1704465548851000000,0.00434931462231512,paolo-laptop,influx_dest
power_consumption,1704465550857000000,0.010232894594461124,paolo-laptop,influx_dest
power_consumption,1704465551861000000,0.06789911024954041,paolo-laptop,influx_dest
power_consumption,1704465552863000000,0.002867856534759864,paolo-laptop,influx_dest
power_consumption,1704465553865000000,0.005678180754698664,paolo-laptop,influx_dest
power_consumption,1704465554867000000,0.0034298030000017013,paolo-laptop,influx_dest
power_consumption,1704465555869000000,0.0033457673228701455,paolo-laptop,influx_dest
power_consumption,1704465557876000000,0.0032966939948811435,paolo-laptop,influx_dest
power_consumption,1704465558878000000,0.006509980518904087,paolo-laptop,influx_dest
power_consumption,1704465559880000000,0.006109979964342447,paolo-laptop,influx_dest
power_consumption,1704465560883000000,0.012031697280431346,paolo-laptop,influx_dest
power_consumption,1704465561884000000,0.006233496087569715,paolo-laptop,influx_dest
power_consumption,1704465562887000000,0.005745451385227538,paolo-laptop,influx_dest
power_consumption,1704465563889000000,0.004860229203997425,paolo-laptop,influx_dest
power_consumption,1704465564894000000,0.006291060158286423,paolo-laptop,influx_dest
power_consumption,1704465565897000000,0.0048596037761706595,paolo-laptop,influx_dest
power_consumption,1704465566899000000,0.0058927655162774786,paolo-laptop,influx_dest
power_consumption,1704465567910000000,0.005950030634104525,paolo-laptop,influx_dest
power_consumption,1704465568914000000,0.006510110265763406,paolo-laptop,influx_dest
power_consumption,1704465569915000000,0.006477597648633484,paolo-laptop,influx_dest
power_consumption,1704465570918000000,0.014826647748239895,paolo-laptop,influx_dest
power_consumption,1704465571920000000,0.006456225393007368,paolo-laptop,influx_dest
power_consumption,1704465572922000000,0.006125589003561583,paolo-laptop,influx_dest
power_consumption,1704465573924000000,0.006083439389970972,paolo-laptop,influx_dest
power_consumption,1704465574926000000,0.005579534616587509,paolo-laptop,influx_dest
power_consumption,1704465575928000000,0.005214659774426608,paolo-laptop,influx_dest
power_consumption,1704465576930000000,0.00556756034150073,paolo-laptop,influx_dest
power_consumption,1704465577932000000,0.005293742865668279,paolo-laptop,influx_dest
power_consumption,1704465578934000000,0.006251177504272056,paolo-laptop,influx_dest
power_consumption,1704465579936000000,0.006686308313705588,paolo-laptop,influx_dest
power_consumption,1704465580938000000,0.013721191908843135,paolo-laptop,influx_dest
power_consumption,1704465581940000000,0.006379486308175954,paolo-laptop,influx_dest
power_consumption,1704465582941000000,0.006123624629204353,paolo-laptop,influx_dest
power_consumption,1704465583943000000,0.004000995319662614,paolo-laptop,influx_dest
power_consumption,1704465584945000000,0.002869617982776975,paolo-laptop,influx_dest
power_consumption,1704465585947000000,0.006381814496306727,paolo-laptop,influx_dest
power_consumption,1704465588952000000,0.003804144073563421,paolo-laptop,influx_dest
power_consumption,1704465589954000000,0.01308530050447101,paolo-laptop,influx_dest
power_consumption,1704465590955000000,0.012483444116456646,paolo-laptop,influx_dest
power_consumption,1704465591957000000,0.011532426903027984,paolo-laptop,influx_dest
power_consumption,1704465592959000000,0.00359921807693252,paolo-laptop,influx_dest
power_consumption,1704465593961000000,0.0079300324782736,paolo-laptop,influx_dest
power_consumption,1704465594964000000,0.010629094417850888,paolo-laptop,influx_dest
power_consumption,1704465595965000000,0.009675465317090692,paolo-laptop,influx_dest
power_consumption,1704465596969000000,0.0034253281807725194,paolo-laptop,influx_dest
power_consumption,1704465597973000000,0.0047480947558835385,paolo-laptop,influx_dest
power_consumption,1704465598975000000,0.003769372649658752,paolo-laptop,influx_dest
power_consumption,1704465599976000000,0.008846892404612849,paolo-laptop,influx_dest
power_consumption,1704465600978000000,0.017804736762689406,paolo-laptop,influx_dest
power_consumption,1704465601979000000,0.007159686366776907,paolo-laptop,influx_dest
power_consumption,1704465602981000000,0.0034904926526571484,paolo-laptop,influx_dest
power_consumption,1704465603983000000,0.0065115645589964525,paolo-laptop,influx_dest
power_consumption,1704465604985000000,0.003055777554056457,paolo-laptop,influx_dest
power_consumption,1704465605987000000,0.005926731119630765,paolo-laptop,influx_dest
power_consumption,1704465606989000000,0.007871621134218645,paolo-laptop,influx_dest
power_consumption,1704465607991000000,0.009259995620900234,paolo-laptop,influx_dest
power_consumption,1704465608995000000,0.011336772146931837,paolo-laptop,influx_dest
power_consumption,1704465611002000000,0.014905217802289896,paolo-laptop,influx_dest
power_consumption,1704465612003000000,0.006346635028087541,paolo-laptop,influx_dest
power_consumption,1704465613005000000,0.006292586014482546,paolo-laptop,influx_dest
power_consumption,1704465614008000000,0.003211056687782771,paolo-laptop,influx_dest
power_consumption,1704465616014000000,0.0035472166958421323,paolo-laptop,influx_dest
power_consumption,1704465617018000000,0.010563062275872915,paolo-laptop,influx_dest
power_consumption,1704465619025000000,0.005945284851278462,paolo-laptop,influx_dest
power_consumption,1704465620029000000,0.014135425070886375,paolo-laptop,influx_dest
power_consumption,1704465621031000000,0.005022595893394474,paolo-laptop,influx_dest
power_consumption,1704465622034000000,0.005180805617403668,paolo-laptop,influx_dest
power_consumption,1704465623036000000,0.0580555751987179,paolo-laptop,influx_dest
power_consumption,1704465624038000000,0.0061215277835001605,paolo-laptop,influx_dest
power_consumption,1704465625040000000,0.005229167611736138,paolo-laptop,influx_dest
power_consumption,1704465626043000000,0.00559208659110301,paolo-laptop,influx_dest
power_consumption,1704465627044000000,0.005889818359142562,paolo-laptop,influx_dest
power_consumption,1704465628047000000,0.0057229118276794794,paolo-laptop,influx_dest
power_consumption,1704465629049000000,0.0060978013747271225,paolo-laptop,influx_dest
power_consumption,1704465630051000000,0.013363112520792676,paolo-laptop,influx_dest
power_consumption,1704465631053000000,0.00621859810286267,paolo-laptop,influx_dest
power_consumption,1704465632059000000,0.0054334107447096824,paolo-laptop,influx_dest
power_consumption,1704465633061000000,0.004721597368015029,paolo-laptop,influx_dest
power_consumption,1704465634064000000,0.004470447148565062,paolo-laptop,influx_dest
power_consumption,1704465635066000000,0.0062183212081806235,paolo-laptop,influx_dest
power_consumption,1704465636067000000,0.0071270336491611845,paolo-laptop,influx_dest
power_consumption,1704465637069000000,0.005715051143796602,paolo-laptop,influx_dest
power_consumption,1704465638071000000,0.005810147077749867,paolo-laptop,influx_dest
power_consumption,1704465639073000000,0.005471490315043851,paolo-laptop,influx_dest
power_consumption,1704465640075000000,0.013447899571649448,paolo-laptop,influx_dest
power_consumption,1704465641079000000,0.006514591970731104,paolo-laptop,influx_dest
power_consumption,1704465642081000000,0.0030478673695271065,paolo-laptop,influx_dest
power_consumption,1704465643083000000,0.006586440474819405,paolo-laptop,influx_dest
power_consumption,1704465644085000000,0.005618914041884419,paolo-laptop,influx_dest
power_consumption,1704465645087000000,0.006938268204691088,paolo-laptop,influx_dest
power_consumption,1704465646089000000,0.005789755784099306,paolo-laptop,influx_dest
power_consumption,1704465647092000000,0.002913356075858615,paolo-laptop,influx_dest
power_consumption,1704465648093000000,0.005639750211916926,paolo-laptop,influx_dest
power_consumption,1704465649099000000,0.006523871943432624,paolo-laptop,influx_dest
power_consumption,1704465650101000000,0.014477460870713168,paolo-laptop,influx_dest
power_consumption,1704465651103000000,0.006552761905778859,paolo-laptop,influx_dest
power_consumption,1704465652105000000,0.0061766635102881344,paolo-laptop,influx_dest
power_consumption,1704465653109000000,0.003549493631601673,paolo-laptop,influx_dest
power_consumption,1704465654111000000,0.0032609642826159175,paolo-laptop,influx_dest
power_consumption,1704465655114000000,0.004644982945259321,paolo-laptop,influx_dest
power_consumption,1704465656117000000,0.0035002694494112438,paolo-laptop,influx_dest
power_consumption,1704465657119000000,0.010700576655993384,paolo-laptop,influx_dest
power_consumption,1704465658123000000,0.0033109256236357756,paolo-laptop,influx_dest
power_consumption,1704465659125000000,0.002698970844135371,paolo-laptop,influx_dest
power_consumption,1704465660130000000,0.0159655083160249,paolo-laptop,influx_dest
power_consumption,1704465661132000000,0.0032633592441699702,paolo-laptop,influx_dest
power_consumption,1704465662133000000,0.006917217235932752,paolo-laptop,influx_dest
power_consumption,1704465663135000000,0.002984341869198143,paolo-laptop,influx_dest
power_consumption,1704465664137000000,0.003658581520417305,paolo-laptop,influx_dest
power_consumption,1704465665138000000,0.0026352020613926485,paolo-laptop,influx_dest
power_consumption,1704465666139000000,0.0028565896756946618,paolo-laptop,influx_dest
power_consumption,1704465667142000000,0.0036070386954350376,paolo-laptop,influx_dest
power_consumption,1704465668144000000,0.00340229374884199,paolo-laptop,influx_dest
power_consumption,1704465669146000000,0.003327722195075511,paolo-laptop,influx_dest
power_consumption,1704465670148000000,0.016698659471734666,paolo-laptop,influx_dest
power_consumption,1704465671150000000,0.0033371817755408046,paolo-laptop,influx_dest
power_consumption,1704465672153000000,0.002732807822816452,paolo-laptop,influx_dest
power_consumption,1704465673157000000,0.006628974810749205,paolo-laptop,influx_dest
power_consumption,1704465674170000000,0.0036419448811287895,paolo-laptop,influx_dest
power_consumption,1704465675172000000,0.0046710431135047695,paolo-laptop,influx_dest
power_consumption,1704465676174000000,0.005479374530386679,paolo-laptop,influx_dest
power_consumption,1704465677179000000,0.004651386578979565,paolo-laptop,influx_dest
power_consumption,1704465678184000000,0.0029107304286047084,paolo-laptop,influx_dest
power_consumption,1704465679186000000,0.0032092349705090018,paolo-laptop,influx_dest
power_consumption,1704465680190000000,0.013119844774855255,paolo-laptop,influx_dest
power_consumption,1704465681196000000,0.0036707164969742275,paolo-laptop,influx_dest
power_consumption,1704465682199000000,0.00363789531676364,paolo-laptop,influx_dest
power_consumption,1704465683202000000,0.00322646181144021,paolo-laptop,influx_dest
power_consumption,1704465684207000000,0.003699194681798494,paolo-laptop,influx_dest
power_consumption,1704465685212000000,0.003925744956002377,paolo-laptop,influx_dest
power_consumption,1704465686215000000,0.00498386979861141,paolo-laptop,influx_dest
power_consumption,1704465687217000000,0.006323033369165204,paolo-laptop,influx_dest
power_consumption,1704465688222000000,0.002929820667498325,paolo-laptop,influx_dest
power_consumption,1704465689227000000,0.0035338956041604907,paolo-laptop,influx_dest
power_consumption,1704465690231000000,0.010965665170668775,paolo-laptop,influx_dest
power_consumption,1704465691233000000,0.0031481624260396436,paolo-laptop,influx_dest
power_consumption,1704465692235000000,0.005095420109632183,paolo-laptop,influx_dest
power_consumption,1704465693237000000,0.005959905940325527,paolo-laptop,influx_dest
power_consumption,1704465694241000000,0.08148903640268036,paolo-laptop,influx_dest
power_consumption,1704465695245000000,0.0026286564720822457,paolo-laptop,influx_dest
power_consumption,1704465696248000000,0.0063610120522154655,paolo-laptop,influx_dest
power_consumption,1704465697252000000,0.004495963737608622,paolo-laptop,influx_dest
power_consumption,1704465698254000000,0.0060883707491114596,paolo-laptop,influx_dest
power_consumption,1704465699258000000,0.0026787385581028976,paolo-laptop,influx_dest
power_consumption,1704465700260000000,0.010868300626534889,paolo-laptop,influx_dest
power_consumption,1704465702266000000,0.005580315773902118,paolo-laptop,influx_dest
power_consumption,1704465703268000000,0.0042248593336417966,paolo-laptop,influx_dest
power_consumption,1704465704269000000,0.005645278914994634,paolo-laptop,influx_dest
power_consumption,1704465705271000000,0.005122682461746429,paolo-laptop,influx_dest
power_consumption,1704465706275000000,0.004375090571850414,paolo-laptop,influx_dest
power_consumption,1704465707279000000,0.004384516498357154,paolo-laptop,influx_dest
power_consumption,1704465708281000000,0.005059101591471509,paolo-laptop,influx_dest
power_consumption,1704465709285000000,0.003116441226619354,paolo-laptop,influx_dest
power_consumption,1704465712300000000,0.005329386522587249,paolo-laptop,influx_dest
power_consumption,1704465713304000000,0.0031729147366593375,paolo-laptop,influx_dest
power_consumption,1704465714310000000,0.0031947636655979238,paolo-laptop,influx_dest
power_consumption,1704465715315000000,0.009687815448665017,paolo-laptop,influx_dest
power_consumption,1704465716316000000,0.0030189297613880577,paolo-laptop,influx_dest
power_consumption,1704465717318000000,0.00690966566780341,paolo-laptop,influx_dest
power_consumption,1704465718321000000,0.006939169666465656,paolo-laptop,influx_dest
power_consumption,1704465719323000000,0.0040704682539356146,paolo-laptop,influx_dest
power_consumption,1704465720327000000,0.017398681472977035,paolo-laptop,influx_dest
power_consumption,1704465721331000000,0.004998699201241155,paolo-laptop,influx_dest
power_consumption,1704465722333000000,0.003881641451095443,paolo-laptop,influx_dest
power_consumption,1704465723335000000,0.006331011499321191,paolo-laptop,influx_dest
power_consumption,1704465724338000000,0.006355212974345952,paolo-laptop,influx_dest
power_consumption,1704465725339000000,0.004093481445606128,paolo-laptop,influx_dest
power_consumption,1704465726340000000,0.008983842394350482,paolo-laptop,influx_dest
power_consumption,1704465727342000000,0.00602090264383323,paolo-laptop,influx_dest
power_consumption,1704465729346000000,0.0032176242070775535,paolo-laptop,influx_dest
power_consumption,1704465730347000000,0.011319763833469512,paolo-laptop,influx_dest
power_consumption,1704465731354000000,0.010752764338128162,paolo-laptop,influx_dest
power_consumption,1704465732365000000,0.006495913301098237,paolo-laptop,influx_dest
power_consumption,1704465733367000000,0.0033582151065976854,paolo-laptop,influx_dest
power_consumption,1704465734369000000,0.006108390622931505,paolo-laptop,influx_dest
power_consumption,1704465735371000000,0.005358877925116323,paolo-laptop,influx_dest
power_consumption,1704465736374000000,0.006180524987898158,paolo-laptop,influx_dest
power_consumption,1704465737376000000,0.0053410001181378565,paolo-laptop,influx_dest
power_consumption,1704465738380000000,0.0071979845076558455,paolo-laptop,influx_dest
power_consumption,1704465739382000000,0.010222094156577223,paolo-laptop,influx_dest
power_consumption,1704465740386000000,0.015974527601615048,paolo-laptop,influx_dest
power_consumption,1704465741388000000,0.0036172116948649693,paolo-laptop,influx_dest
power_consumption,1704465742394000000,0.0036301443372301714,paolo-laptop,influx_dest
power_consumption,1704465743397000000,0.010896469679334655,paolo-laptop,influx_dest
power_consumption,1704465744399000000,0.010686384488305056,paolo-laptop,influx_dest
power_consumption,1704465745401000000,0.0052552553601572845,paolo-laptop,influx_dest
power_consumption,1704465746403000000,0.00555073032763841,paolo-laptop,influx_dest
power_consumption,1704465747405000000,0.005151322402537115,paolo-laptop,influx_dest
power_consumption,1704465748407000000,0.005820890144954526,paolo-laptop,influx_dest
power_consumption,1704465749410000000,0.005789156510187975,paolo-laptop,influx_dest
power_consumption,1704465750411000000,0.014235677353857662,paolo-laptop,influx_dest
power_consumption,1704465751413000000,0.005595651947926427,paolo-laptop,influx_dest
power_consumption,1704465752415000000,0.005187071385288364,paolo-laptop,influx_dest
power_consumption,1704465753419000000,0.005142306718457381,paolo-laptop,influx_dest
power_consumption,1704465754422000000,0.0031151321849487586,paolo-laptop,influx_dest
power_consumption,1704465755424000000,0.004700056596961612,paolo-laptop,influx_dest
power_consumption,1704465756426000000,0.00509901356603701,paolo-laptop,influx_dest
power_consumption,1704465757428000000,0.006922505611767495,paolo-laptop,influx_dest
power_consumption,1704465758430000000,0.005895372291173654,paolo-laptop,influx_dest
power_consumption,1704465759431000000,0.0053525563049286575,paolo-laptop,influx_dest
power_consumption,1704465760434000000,0.013849358512467859,paolo-laptop,influx_dest
power_consumption,1704465761436000000,0.006730244199594913,paolo-laptop,influx_dest
power_consumption,1704465762437000000,0.005531268308479437,paolo-laptop,influx_dest
power_consumption,1704465763439000000,0.005079027196533364,paolo-laptop,influx_dest
power_consumption,1704465764441000000,0.0058035602514187445,paolo-laptop,influx_dest
power_consumption,1704465765443000000,0.00499696393590311,paolo-laptop,influx_dest
power_consumption,1704465766444000000,0.004969252121704222,paolo-laptop,influx_dest
power_consumption,1704465767446000000,0.005189858575471836,paolo-laptop,influx_dest
power_consumption,1704465768448000000,0.04743161336037482,paolo-laptop,influx_dest
power_consumption,1704465769450000000,0.00593320763283976,paolo-laptop,influx_dest
power_consumption,1704465770455000000,0.014698782611986063,paolo-laptop,influx_dest
power_consumption,1704465772460000000,0.004855796679048695,paolo-laptop,influx_dest
power_consumption,1704465773463000000,0.0038398940635502917,paolo-laptop,influx_dest
power_consumption,1704465774466000000,0.004874181746573666,paolo-laptop,influx_dest
power_consumption,1704465775468000000,0.006546583005092065,paolo-laptop,influx_dest
power_consumption,1704465776471000000,0.0045242585216962086,paolo-laptop,influx_dest
power_consumption,1704465777473000000,0.004882983612769905,paolo-laptop,influx_dest
power_consumption,1704465778477000000,0.003382011590485846,paolo-laptop,influx_dest
power_consumption,1704465779480000000,0.0026208726144549724,paolo-laptop,influx_dest
power_consumption,1704465780484000000,0.025024251587023465,paolo-laptop,influx_dest
power_consumption,1704465781488000000,0.004053138133441258,paolo-laptop,influx_dest
power_consumption,1704465782492000000,0.00945454289464245,paolo-laptop,influx_dest
power_consumption,1704465783496000000,0.01007947052812715,paolo-laptop,influx_dest
power_consumption,1704465784500000000,0.003322222216424765,paolo-laptop,influx_dest
power_consumption,1704465785502000000,0.008108995005336662,paolo-laptop,influx_dest
power_consumption,1704465786506000000,0.0037852616189535584,paolo-laptop,influx_dest
power_consumption,1704465787510000000,0.005807771213869194,paolo-laptop,influx_dest
power_consumption,1704465788514000000,0.003194723892952695,paolo-laptop,influx_dest
power_consumption,1704465789517000000,0.007042119027268723,paolo-laptop,influx_dest
power_consumption,1704465790519000000,0.011835144259418857,paolo-laptop,influx_dest
power_consumption,1704465791524000000,0.004782608388954873,paolo-laptop,influx_dest
power_consumption,1704465792528000000,0.007205729124504662,paolo-laptop,influx_dest
power_consumption,1704465793530000000,0.00990861872203003,paolo-laptop,influx_dest
power_consumption,1704465794531000000,0.0067689906710857875,paolo-laptop,influx_dest
power_consumption,1704465795533000000,0.007786504557184612,paolo-laptop,influx_dest
power_consumption,1704465796536000000,0.009436518446677207,paolo-laptop,influx_dest
power_consumption,1704465797539000000,0.004962916080166175,paolo-laptop,influx_dest
power_consumption,1704465798541000000,0.0043519777866738414,paolo-laptop,influx_dest
power_consumption,1704465799543000000,0.004365017740797254,paolo-laptop,influx_dest
power_consumption,1704465800544000000,0.01519424024131161,paolo-laptop,influx_dest
power_consumption,1704465801546000000,0.01073224546824859,paolo-laptop,influx_dest
power_consumption,1704465802547000000,0.012555404088323827,paolo-laptop,influx_dest
power_consumption,1704465803548000000,0.0032035500384756947,paolo-laptop,influx_dest
power_consumption,1704465804550000000,0.002645757160020662,paolo-laptop,influx_dest
power_consumption,1704465805552000000,0.010841241467753632,paolo-laptop,influx_dest
power_consumption,1704465806553000000,0.0031693537367959595,paolo-laptop,influx_dest
power_consumption,1704465807555000000,0.006471629625857857,paolo-laptop,influx_dest
power_consumption,1704465808558000000,0.002769198407591725,paolo-laptop,influx_dest
power_consumption,1704465809560000000,0.002949999303417941,paolo-laptop,influx_dest
power_consumption,1704465810564000000,0.014834631213963372,paolo-laptop,influx_dest
power_consumption,1704465811566000000,0.0034517825619694367,paolo-laptop,influx_dest
power_consumption,1704465812571000000,0.007221120179865503,paolo-laptop,influx_dest
power_consumption,1704465813573000000,0.01061019531911121,paolo-laptop,influx_dest
power_consumption,1704465814577000000,0.0028645997280918635,paolo-laptop,influx_dest
power_consumption,1704465815582000000,0.004964697448045324,paolo-laptop,influx_dest
power_consumption,1704465816584000000,0.003071335981431232,paolo-laptop,influx_dest
power_consumption,1704465817590000000,0.00467313424466002,paolo-laptop,influx_dest
power_consumption,1704465818593000000,0.013807823596972663,paolo-laptop,influx_dest
power_consumption,1704465819598000000,0.004842356044023355,paolo-laptop,influx_dest
power_consumption,1704465820605000000,0.011417827637580848,paolo-laptop,influx_dest
power_consumption,1704465821607000000,0.011317652976706429,paolo-laptop,influx_dest
power_consumption,1704465822609000000,0.004521625153224758,paolo-laptop,influx_dest
power_consumption,1704465823613000000,0.008113812103570432,paolo-laptop,influx_dest
power_consumption,1704465824615000000,0.005804585897777957,paolo-laptop,influx_dest
power_consumption,1704465825619000000,0.003012420583320384,paolo-laptop,influx_dest
power_consumption,1704465826623000000,0.010533683212388527,paolo-laptop,influx_dest
power_consumption,1704465827627000000,0.0026086358034465443,paolo-laptop,influx_dest
power_consumption,1704465829635000000,0.0030619034001109,paolo-laptop,influx_dest
power_consumption,1704465831641000000,0.004041561321451789,paolo-laptop,influx_dest
power_consumption,1704465832646000000,0.006055320144831791,paolo-laptop,influx_dest
power_consumption,1704465833647000000,0.006121876484921354,paolo-laptop,influx_dest
power_consumption,1704465834651000000,0.0060969024509151815,paolo-laptop,influx_dest
power_consumption,1704465835655000000,0.004051951144682613,paolo-laptop,influx_dest
power_consumption,1704465836656000000,0.006059790371431393,paolo-laptop,influx_dest
power_consumption,1704465837661000000,0.008604649997374283,paolo-laptop,influx_dest
power_consumption,1704465838666000000,0.0855780776345944,paolo-laptop,influx_dest
power_consumption,1704465839668000000,0.0040604322307932535,paolo-laptop,influx_dest
power_consumption,1704465840671000000,0.015865786696075995,paolo-laptop,influx_dest
power_consumption,1704465841674000000,0.00492702548502193,paolo-laptop,influx_dest
power_consumption,1704465842679000000,0.011549250695023413,paolo-laptop,influx_dest
power_consumption,1704465843680000000,0.003897010055091183,paolo-laptop,influx_dest
power_consumption,1704465844684000000,0.005144779148694479,paolo-laptop,influx_dest
power_consumption,1704465845686000000,0.002780005380464766,paolo-laptop,influx_dest
power_consumption,1704465846688000000,0.0029627298283934223,paolo-laptop,influx_dest
power_consumption,1704465847692000000,0.00637707401227419,paolo-laptop,influx_dest
power_consumption,1704465848698000000,0.005018634801434016,paolo-laptop,influx_dest
power_consumption,1704465849701000000,0.006202081697973974,paolo-laptop,influx_dest
power_consumption,1704465850705000000,0.013974348136414133,paolo-laptop,influx_dest
power_consumption,1704465851707000000,0.004521605677184964,paolo-laptop,influx_dest
power_consumption,1704465852711000000,0.004919823373436215,paolo-laptop,influx_dest
power_consumption,1704465853713000000,0.0031930642013823065,paolo-laptop,influx_dest
power_consumption,1704465854716000000,0.0060115665893952525,paolo-laptop,influx_dest
power_consumption,1704465855718000000,0.003711593911306959,paolo-laptop,influx_dest
power_consumption,1704465856721000000,0.004431083788059975,paolo-laptop,influx_dest
power_consumption,1704465857722000000,0.004882210381676084,paolo-laptop,influx_dest
power_consumption,1704465858724000000,0.003625189494353826,paolo-laptop,influx_dest
power_consumption,1704465860727000000,0.011070974726891144,paolo-laptop,influx_dest
power_consumption,1704465861729000000,0.005382362168139294,paolo-laptop,influx_dest
power_consumption,1704465862732000000,0.007561726198722849,paolo-laptop,influx_dest
power_consumption,1704465863733000000,0.007213756217297665,paolo-laptop,influx_dest
power_consumption,1704465864735000000,0.004767929672738959,paolo-laptop,influx_dest
power_consumption,1704465865737000000,0.006799020032390498,paolo-laptop,influx_dest
power_consumption,1704465866739000000,0.0062445701975298645,paolo-laptop,influx_dest
power_consumption,1704465867741000000,0.005341374083086988,paolo-laptop,influx_dest
power_consumption,1704465868744000000,0.003387313652712935,paolo-laptop,influx_dest
power_consumption,1704465869746000000,0.004414060430947133,paolo-laptop,influx_dest
power_consumption,1704465870750000000,0.01078454194473424,paolo-laptop,influx_dest
power_consumption,1704465871753000000,0.010978005578265157,paolo-laptop,influx_dest
power_consumption,1704465872755000000,0.0030829705371042933,paolo-laptop,influx_dest
power_consumption,1704465873759000000,0.007290086762009615,paolo-laptop,influx_dest
power_consumption,1704465874761000000,0.004628482939136906,paolo-laptop,influx_dest
power_consumption,1704465875763000000,0.003991048469750942,paolo-laptop,influx_dest
power_consumption,1704465877766000000,0.003670214834418987,paolo-laptop,influx_dest
power_consumption,1704465878772000000,0.006690490248820432,paolo-laptop,influx_dest
power_consumption,1704465879776000000,0.01713720645974675,paolo-laptop,influx_dest
power_consumption,1704465880777000000,0.0155294799588778,paolo-laptop,influx_dest
power_consumption,1704465881781000000,0.0036266861724880924,paolo-laptop,influx_dest
power_consumption,1704465882785000000,0.014937639329466144,paolo-laptop,influx_dest
power_consumption,1704465883787000000,0.006457536286843252,paolo-laptop,influx_dest
power_consumption,1704465884792000000,0.003549626491535694,paolo-laptop,influx_dest
power_consumption,1704465885799000000,0.0028714139538766397,paolo-laptop,influx_dest
power_consumption,1704465886803000000,0.002719286851014088,paolo-laptop,influx_dest
power_consumption,1704465887807000000,0.0047751769425618245,paolo-laptop,influx_dest
power_consumption,1704465889814000000,0.0054036358668740105,paolo-laptop,influx_dest
power_consumption,1704465890818000000,0.028288291496401403,paolo-laptop,influx_dest
power_consumption,1704465891822000000,0.005168511215441332,paolo-laptop,influx_dest
power_consumption,1704465892826000000,0.011246282482667118,paolo-laptop,influx_dest
power_consumption,1704465893830000000,0.01453697778955077,paolo-laptop,influx_dest
power_consumption,1704465895838000000,0.010964237354725256,paolo-laptop,influx_dest
power_consumption,1704465896842000000,0.01485475103798808,paolo-laptop,influx_dest
power_consumption,1704465897844000000,0.006704204499866543,paolo-laptop,influx_dest
power_consumption,1704465898847000000,0.006620030594378284,paolo-laptop,influx_dest
power_consumption,1704465899849000000,0.007925320927557523,paolo-laptop,influx_dest
power_consumption,1704465900853000000,0.010660069134324336,paolo-laptop,influx_dest
power_consumption,1704465901867000000,0.002805611350071863,paolo-laptop,influx_dest
power_consumption,1704465902868000000,0.006909522374487936,paolo-laptop,influx_dest
power_consumption,1704465903870000000,0.006215389420164791,paolo-laptop,influx_dest
power_consumption,1704465904872000000,0.0036096503437739362,paolo-laptop,influx_dest
power_consumption,1704465905875000000,0.002775872386102856,paolo-laptop,influx_dest
power_consumption,1704465906877000000,0.007047507352726767,paolo-laptop,influx_dest
power_consumption,1704465907880000000,0.0033498460203182324,paolo-laptop,influx_dest
power_consumption,1704465908884000000,0.00855982061430481,paolo-laptop,influx_dest
power_consumption,1704465909889000000,0.00561022208847015,paolo-laptop,influx_dest
power_consumption,1704465910891000000,0.10214076438813435,paolo-laptop,influx_dest
power_consumption,1704465911895000000,0.009146723608760112,paolo-laptop,influx_dest
power_consumption,1704465912896000000,0.00624385837051889,paolo-laptop,influx_dest
power_consumption,1704465913897000000,0.0031752583462394007,paolo-laptop,influx_dest
power_consumption,1704465914901000000,0.004949238726922102,paolo-laptop,influx_dest
power_consumption,1704465915903000000,0.007031348701373834,paolo-laptop,influx_dest
power_consumption,1704465916905000000,0.0051729791725146045,paolo-laptop,influx_dest
power_consumption,1704465917906000000,0.011539181797124496,paolo-laptop,influx_dest
power_consumption,1704465918911000000,0.005102680419053275,paolo-laptop,influx_dest
power_consumption,1704465919913000000,0.006077042886849579,paolo-laptop,influx_dest
power_consumption,1704465920915000000,0.010034513657667547,paolo-laptop,influx_dest
power_consumption,1704465921917000000,0.007510997023001453,paolo-laptop,influx_dest
power_consumption,1704465922919000000,0.005254577147940709,paolo-laptop,influx_dest
power_consumption,1704465923923000000,0.0035626746968060547,paolo-laptop,influx_dest
power_consumption,1704465924925000000,0.003952864583208362,paolo-laptop,influx_dest
power_consumption,1704465925926000000,0.009423310940002486,paolo-laptop,influx_dest
power_consumption,1704465926928000000,0.010082739728374526,paolo-laptop,influx_dest
power_consumption,1704465927930000000,0.01206505472010847,paolo-laptop,influx_dest
power_consumption,1704465928932000000,0.002690855924292713,paolo-laptop,influx_dest
power_consumption,1704465929934000000,0.0071530415949026295,paolo-laptop,influx_dest
power_consumption,1704465930936000000,0.00940197490792325,paolo-laptop,influx_dest
power_consumption,1704465931938000000,0.005736660701607139,paolo-laptop,influx_dest
power_consumption,1704465932941000000,0.005622012502365139,paolo-laptop,influx_dest
power_consumption,1704465933944000000,0.005986505681632667,paolo-laptop,influx_dest
power_consumption,1704465934946000000,0.006483477117092707,paolo-laptop,influx_dest
power_consumption,1704465935950000000,0.0036304467896536496,paolo-laptop,influx_dest
power_consumption,1704465936953000000,0.006256013763188184,paolo-laptop,influx_dest
power_consumption,1704465937956000000,0.0030588602776499734,paolo-laptop,influx_dest
power_consumption,1704465938958000000,0.0029189951050733543,paolo-laptop,influx_dest
power_consumption,1704465939960000000,0.00543756698743326,paolo-laptop,influx_dest
power_consumption,1704465940962000000,0.012138532618535171,paolo-laptop,influx_dest
power_consumption,1704465941963000000,0.006102972381811008,paolo-laptop,influx_dest
power_consumption,1704465942965000000,0.005675057780673856,paolo-laptop,influx_dest
power_consumption,1704465943970000000,0.005793358053043608,paolo-laptop,influx_dest
power_consumption,1704465944987000000,0.008283118701998294,paolo-laptop,influx_dest
power_consumption,1704465945993000000,0.004863021250501582,paolo-laptop,influx_dest
power_consumption,1704465946996000000,0.004407420811405145,paolo-laptop,influx_dest
power_consumption,1704465947999000000,0.006119749574123224,paolo-laptop,influx_dest
power_consumption,1704465949003000000,0.005394216807991749,paolo-laptop,influx_dest
power_consumption,1704465950008000000,0.01551717041262201,paolo-laptop,influx_dest
power_consumption,1704465951011000000,0.004845745388966883,paolo-laptop,influx_dest
power_consumption,1704465952014000000,0.003719724825091153,paolo-laptop,influx_dest
power_consumption,1704465953018000000,0.014974594562694399,paolo-laptop,influx_dest
power_consumption,1704465954022000000,0.009980642561110496,paolo-laptop,influx_dest
power_consumption,1704465955027000000,0.008504483237658714,paolo-laptop,influx_dest
power_consumption,1704465956032000000,0.010240289742145926,paolo-laptop,influx_dest
power_consumption,1704465957036000000,0.0076505291102688805,paolo-laptop,influx_dest
power_consumption,1704465960048000000,0.05060585281442317,paolo-laptop,influx_dest
power_consumption,1704465962054000000,0.01931598191666701,paolo-laptop,influx_dest
power_consumption,1704465964062000000,0.014261588226680326,paolo-laptop,influx_dest
power_consumption,1704465965063000000,0.008217757996291881,paolo-laptop,influx_dest
power_consumption,1704465966067000000,0.0032535896232348325,paolo-laptop,influx_dest
power_consumption,1704465967071000000,0.009636353483150577,paolo-laptop,influx_dest
power_consumption,1704465968075000000,0.004308925477186545,paolo-laptop,influx_dest
power_consumption,1704465969079000000,0.004749869155268293,paolo-laptop,influx_dest
power_consumption,1704465970085000000,0.02908669156343444,paolo-laptop,influx_dest
power_consumption,1704465971087000000,0.00578245348028924,paolo-laptop,influx_dest
power_consumption,1704465972089000000,0.002830332682771156,paolo-laptop,influx_dest
power_consumption,1704465973092000000,0.00476612095645023,paolo-laptop,influx_dest
power_consumption,1704465974096000000,0.00780611494782517,paolo-laptop,influx_dest
power_consumption,1704465975098000000,0.0030494072346691527,paolo-laptop,influx_dest
power_consumption,1704465976102000000,0.007002331153676611,paolo-laptop,influx_dest
power_consumption,1704465977106000000,0.01214606830468353,paolo-laptop,influx_dest
power_consumption,1704465978108000000,0.010169940503137421,paolo-laptop,influx_dest
power_consumption,1704465979109000000,0.007020410329498811,paolo-laptop,influx_dest
power_consumption,1704465980113000000,0.017315090406342163,paolo-laptop,influx_dest
power_consumption,1704465981116000000,0.003926024198687119,paolo-laptop,influx_dest
power_consumption,1704465982118000000,0.008298504804599321,paolo-laptop,influx_dest
power_consumption,1704465983119000000,0.006808208125667899,paolo-laptop,influx_dest
power_consumption,1704465984120000000,0.07228407674879253,paolo-laptop,influx_dest
power_consumption,1704465985122000000,0.007269362717387228,paolo-laptop,influx_dest
power_consumption,1704465986123000000,0.0055308944383557195,paolo-laptop,influx_dest
power_consumption,1704465987125000000,0.003117651523120113,paolo-laptop,influx_dest
power_consumption,1704465988127000000,0.002992789582440527,paolo-laptop,influx_dest
power_consumption,1704465989129000000,0.0033863719990261452,paolo-laptop,influx_dest
power_consumption,1704465990131000000,0.011002177939163972,paolo-laptop,influx_dest
power_consumption,1704465991133000000,0.0033561223463404698,paolo-laptop,influx_dest
power_consumption,1704465992135000000,0.004060469691451626,paolo-laptop,influx_dest
power_consumption,1704465993138000000,0.006108486996457483,paolo-laptop,influx_dest
power_consumption,1704465994139000000,0.004722033081243087,paolo-laptop,influx_dest
power_consumption,1704465995141000000,0.006289515840078784,paolo-laptop,influx_dest
power_consumption,1704465996146000000,0.004622272474039632,paolo-laptop,influx_dest
power_consumption,1704465997149000000,0.011401881758295145,paolo-laptop,influx_dest
power_consumption,1704465998151000000,0.010205127750134957,paolo-laptop,influx_dest
power_consumption,1704465999152000000,0.006334489905920627,paolo-laptop,influx_dest
power_consumption,1704466000157000000,0.011447770593163637,paolo-laptop,influx_dest
power_consumption,1704466001160000000,0.003364772538465419,paolo-laptop,influx_dest
power_consumption,1704466002166000000,0.005968286008028825,paolo-laptop,influx_dest
power_consumption,1704466003178000000,0.009019001801503768,paolo-laptop,influx_dest
power_consumption,1704466004206000000,0.007154068731976156,paolo-laptop,influx_dest
power_consumption,1704466005208000000,0.003374972862511228,paolo-laptop,influx_dest
power_consumption,1704466006212000000,0.004518926353519807,paolo-laptop,influx_dest
power_consumption,1704466007215000000,0.0036469969555468877,paolo-laptop,influx_dest
power_consumption,1704466008221000000,0.010400917283611881,paolo-laptop,influx_dest
power_consumption,1704466009224000000,0.008425068853479307,paolo-laptop,influx_dest
power_consumption,1704466010227000000,0.015505457400081149,paolo-laptop,influx_dest
power_consumption,1704466011230000000,0.002784573520742074,paolo-laptop,influx_dest
power_consumption,1704466012232000000,0.00591813950137708,paolo-laptop,influx_dest
power_consumption,1704466013235000000,0.00458257133805714,paolo-laptop,influx_dest
power_consumption,1704466014237000000,0.0034087103386232108,paolo-laptop,influx_dest
power_consumption,1704466015238000000,0.004700237980896194,paolo-laptop,influx_dest
power_consumption,1704466016240000000,0.003106119047455355,paolo-laptop,influx_dest
power_consumption,1704466017242000000,0.0025946090341107185,paolo-laptop,influx_dest
power_consumption,1704466018246000000,0.007021825346263277,paolo-laptop,influx_dest
power_consumption,1704466019252000000,0.0065603265505880005,paolo-laptop,influx_dest
power_consumption,1704466020253000000,0.01159617686313678,paolo-laptop,influx_dest
power_consumption,1704466021255000000,0.006099401450660709,paolo-laptop,influx_dest
power_consumption,1704466022257000000,0.0027096019988150375,paolo-laptop,influx_dest
power_consumption,1704466023259000000,0.006723376843491359,paolo-laptop,influx_dest
power_consumption,1704466024265000000,0.003285194615779411,paolo-laptop,influx_dest
power_consumption,1704466025269000000,0.004218353359789248,paolo-laptop,influx_dest
power_consumption,1704466026270000000,0.019613493629464348,paolo-laptop,influx_dest
power_consumption,1704466027272000000,0.006228673129594776,paolo-laptop,influx_dest
power_consumption,1704466028274000000,0.005966776448140847,paolo-laptop,influx_dest
power_consumption,1704466029278000000,0.005047322093027953,paolo-laptop,influx_dest
power_consumption,1704466030280000000,0.015284235560451642,paolo-laptop,influx_dest
power_consumption,1704466031281000000,0.004820823405241535,paolo-laptop,influx_dest
power_consumption,1704466032283000000,0.006441506507155763,paolo-laptop,influx_dest
