name,time,power,sensor,target
power_consumption,1704502024206000000,0.07751671225667922,paolo-laptop,smartwatts-formula
power_consumption,1704502025216000000,0.07932251999121535,paolo-laptop,smartwatts-formula
power_consumption,1704502027226000000,0.08057783113538713,paolo-laptop,smartwatts-formula
power_consumption,1704502028228000000,0.08731743310555948,paolo-laptop,smartwatts-formula
power_consumption,1704502029229000000,0.09768106515680613,paolo-laptop,smartwatts-formula
power_consumption,1704502031233000000,0.11517068023750356,paolo-laptop,smartwatts-formula
power_consumption,1704502032235000000,0.08286045761168165,paolo-laptop,smartwatts-formula
power_consumption,1704502033237000000,0.09666048809871391,paolo-laptop,smartwatts-formula
power_consumption,1704502034239000000,0.10760977410402121,paolo-laptop,smartwatts-formula
power_consumption,1704502035241000000,0.10205200496190472,paolo-laptop,smartwatts-formula
power_consumption,1704502036242000000,0.08189425395261896,paolo-laptop,smartwatts-formula
power_consumption,1704502037243000000,0.09814563265131353,paolo-laptop,smartwatts-formula
power_consumption,1704502038246000000,0.11397361771810842,paolo-laptop,smartwatts-formula
power_consumption,1704502039249000000,0.09482498587859418,paolo-laptop,smartwatts-formula
power_consumption,1704502040250000000,0.1128128926976151,paolo-laptop,smartwatts-formula
power_consumption,1704502041252000000,0.0976536071410237,paolo-laptop,smartwatts-formula
power_consumption,1704502042253000000,0.09777222469394779,paolo-laptop,smartwatts-formula
power_consumption,1704502043255000000,0.10179109063741745,paolo-laptop,smartwatts-formula
power_consumption,1704502044256000000,0.09870536157525225,paolo-laptop,smartwatts-formula
power_consumption,1704502049266000000,0.10065620451406919,paolo-laptop,smartwatts-formula
power_consumption,1704502050267000000,0.09852673508366001,paolo-laptop,smartwatts-formula
power_consumption,1704502052271000000,0.07005880078711463,paolo-laptop,smartwatts-formula
power_consumption,1704502053272000000,0.06896327422144853,paolo-laptop,smartwatts-formula
power_consumption,1704502056277000000,0.09987457008186151,paolo-laptop,smartwatts-formula
power_consumption,1704502057280000000,0.07596175784698177,paolo-laptop,smartwatts-formula
power_consumption,1704502059286000000,0.08905881671306559,paolo-laptop,smartwatts-formula
power_consumption,1704502062291000000,0.07873522152439928,paolo-laptop,smartwatts-formula
power_consumption,1704502064294000000,0.07064934059566258,paolo-laptop,smartwatts-formula
power_consumption,1704502066299000000,0.07230293971113164,paolo-laptop,smartwatts-formula
power_consumption,1704502067300000000,0.17369854232000753,paolo-laptop,smartwatts-formula
power_consumption,1704502068301000000,0.13607631425190556,paolo-laptop,smartwatts-formula
power_consumption,1704502069303000000,0.12012757289452394,paolo-laptop,smartwatts-formula
power_consumption,1704502070304000000,0.139130329828356,paolo-laptop,smartwatts-formula
power_consumption,1704502071306000000,0.10910159131162064,paolo-laptop,smartwatts-formula
power_consumption,1704502072308000000,0.1325297324784226,paolo-laptop,smartwatts-formula
power_consumption,1704502073309000000,0.1522985529692656,paolo-laptop,smartwatts-formula
power_consumption,1704502074311000000,0.08828251332756003,paolo-laptop,smartwatts-formula
power_consumption,1704502075312000000,0.13051964888796158,paolo-laptop,smartwatts-formula
power_consumption,1704502076314000000,0.1359329164570354,paolo-laptop,smartwatts-formula
power_consumption,1704502077315000000,0.09718465944087326,paolo-laptop,smartwatts-formula
power_consumption,1704502079319000000,0.08844257023405794,paolo-laptop,smartwatts-formula
power_consumption,1704502080328000000,0.0940722513551218,paolo-laptop,smartwatts-formula
power_consumption,1704502081330000000,0.09689644263382441,paolo-laptop,smartwatts-formula
power_consumption,1704502083333000000,0.10739095390460783,paolo-laptop,smartwatts-formula
power_consumption,1704502085337000000,0.09359428248052445,paolo-laptop,smartwatts-formula
power_consumption,1704502086339000000,0.0925687239731472,paolo-laptop,smartwatts-formula
power_consumption,1704502087343000000,0.09953711604834652,paolo-laptop,smartwatts-formula
power_consumption,1704502088345000000,0.07225622858100564,paolo-laptop,smartwatts-formula
power_consumption,1704502089347000000,0.09262147818102055,paolo-laptop,smartwatts-formula
power_consumption,1704502090349000000,0.0784966578772891,paolo-laptop,smartwatts-formula
power_consumption,1704502091350000000,0.0805944343842471,paolo-laptop,smartwatts-formula
power_consumption,1704502093354000000,0.08730684566969973,paolo-laptop,smartwatts-formula
power_consumption,1704502094356000000,0.08333185796536155,paolo-laptop,smartwatts-formula
power_consumption,1704502095360000000,0.08779387275196479,paolo-laptop,smartwatts-formula
power_consumption,1704502096362000000,0.08574321925815591,paolo-laptop,smartwatts-formula
power_consumption,1704502097364000000,0.08891821545976368,paolo-laptop,smartwatts-formula
power_consumption,1704502098366000000,0.07436773192662605,paolo-laptop,smartwatts-formula
power_consumption,1704502099368000000,0.10249348879261713,paolo-laptop,smartwatts-formula
power_consumption,1704502100370000000,0.09054680426078467,paolo-laptop,smartwatts-formula
power_consumption,1704502101372000000,0.08583557893030314,paolo-laptop,smartwatts-formula
power_consumption,1704502102374000000,0.08247851426986444,paolo-laptop,smartwatts-formula
power_consumption,1704502103376000000,0.08257306190054231,paolo-laptop,smartwatts-formula
power_consumption,1704502104378000000,0.08228560346994221,paolo-laptop,smartwatts-formula
power_consumption,1704502105380000000,0.07939827430652294,paolo-laptop,smartwatts-formula
power_consumption,1704502106383000000,0.08437512144171935,paolo-laptop,smartwatts-formula
power_consumption,1704502107385000000,0.09112647362094733,paolo-laptop,smartwatts-formula
power_consumption,1704502108386000000,0.08289259540177486,paolo-laptop,smartwatts-formula
power_consumption,1704502109388000000,0.0890466974692746,paolo-laptop,smartwatts-formula
power_consumption,1704502110390000000,0.08260620869069496,paolo-laptop,smartwatts-formula
power_consumption,1704502111392000000,0.08619251497066613,paolo-laptop,smartwatts-formula
power_consumption,1704502112394000000,0.10569899512702403,paolo-laptop,smartwatts-formula
power_consumption,1704502113397000000,0.08974397555856525,paolo-laptop,smartwatts-formula
power_consumption,1704502114399000000,0.0850476967601318,paolo-laptop,smartwatts-formula
power_consumption,1704502115401000000,0.08561554773596303,paolo-laptop,smartwatts-formula
power_consumption,1704502116407000000,0.10035506095511115,paolo-laptop,smartwatts-formula
power_consumption,1704502117410000000,0.08881268562955028,paolo-laptop,smartwatts-formula
power_consumption,1704502118412000000,0.09832893513874566,paolo-laptop,smartwatts-formula
power_consumption,1704502119414000000,0.09165087482411796,paolo-laptop,smartwatts-formula
power_consumption,1704502120416000000,0.09894871391640611,paolo-laptop,smartwatts-formula
power_consumption,1704502121419000000,0.08602582502122164,paolo-laptop,smartwatts-formula
power_consumption,1704502122422000000,0.1008315793361504,paolo-laptop,smartwatts-formula
power_consumption,1704502123425000000,0.07967138769463634,paolo-laptop,smartwatts-formula
power_consumption,1704502124427000000,0.0944212850032492,paolo-laptop,smartwatts-formula
power_consumption,1704502125431000000,0.0922931071520269,paolo-laptop,smartwatts-formula
power_consumption,1704502126433000000,0.09160919411803659,paolo-laptop,smartwatts-formula
power_consumption,1704502127436000000,0.09547545274431929,paolo-laptop,smartwatts-formula
power_consumption,1704502128439000000,0.09338460214951996,paolo-laptop,smartwatts-formula
power_consumption,1704502129443000000,0.08258491835137022,paolo-laptop,smartwatts-formula
power_consumption,1704502130445000000,0.08529543822290389,paolo-laptop,smartwatts-formula
power_consumption,1704502131447000000,0.0832716420537324,paolo-laptop,smartwatts-formula
power_consumption,1704502132450000000,0.08421938162612774,paolo-laptop,smartwatts-formula
power_consumption,1704502133452000000,0.08605126230951757,paolo-laptop,smartwatts-formula
power_consumption,1704502134455000000,0.0787040996689243,paolo-laptop,smartwatts-formula
power_consumption,1704502135457000000,0.09365895739857197,paolo-laptop,smartwatts-formula
power_consumption,1704502136460000000,0.09612549430303916,paolo-laptop,smartwatts-formula
power_consumption,1704502137469000000,0.08882653190651629,paolo-laptop,smartwatts-formula
power_consumption,1704502138472000000,0.0853202533925792,paolo-laptop,smartwatts-formula
power_consumption,1704502139474000000,0.08268891608387327,paolo-laptop,smartwatts-formula
power_consumption,1704502140476000000,0.08181986868317111,paolo-laptop,smartwatts-formula
power_consumption,1704502141478000000,0.08158968464526546,paolo-laptop,smartwatts-formula
power_consumption,1704502142481000000,0.09190600470910637,paolo-laptop,smartwatts-formula
power_consumption,1704502143483000000,0.09876486187871084,paolo-laptop,smartwatts-formula
power_consumption,1704502144486000000,0.08567432801512559,paolo-laptop,smartwatts-formula
power_consumption,1704502145488000000,0.07901406591682372,paolo-laptop,smartwatts-formula
power_consumption,1704502146490000000,0.08249597257713213,paolo-laptop,smartwatts-formula
power_consumption,1704502147492000000,0.10468822002116175,paolo-laptop,smartwatts-formula
power_consumption,1704502148495000000,0.07781893593789957,paolo-laptop,smartwatts-formula
power_consumption,1704502149497000000,0.08030288188901238,paolo-laptop,smartwatts-formula
power_consumption,1704502150500000000,0.10660751997180586,paolo-laptop,smartwatts-formula
power_consumption,1704502151502000000,0.09374221429424456,paolo-laptop,smartwatts-formula
power_consumption,1704502152508000000,0.10889019272816682,paolo-laptop,smartwatts-formula
power_consumption,1704502153512000000,0.11791388603466722,paolo-laptop,smartwatts-formula
power_consumption,1704502154515000000,0.11961498750870996,paolo-laptop,smartwatts-formula
power_consumption,1704502155518000000,0.12916568588633176,paolo-laptop,smartwatts-formula
power_consumption,1704502156520000000,0.1305213496617374,paolo-laptop,smartwatts-formula
power_consumption,1704502157523000000,0.135855937477398,paolo-laptop,smartwatts-formula
power_consumption,1704502158525000000,0.13347588203084265,paolo-laptop,smartwatts-formula
power_consumption,1704502159527000000,0.13198050734042796,paolo-laptop,smartwatts-formula
power_consumption,1704502160529000000,0.15148514191883913,paolo-laptop,smartwatts-formula
power_consumption,1704502161531000000,0.12858261997985754,paolo-laptop,smartwatts-formula
power_consumption,1704502162533000000,0.10524719374334633,paolo-laptop,smartwatts-formula
power_consumption,1704502163535000000,0.10025164732780428,paolo-laptop,smartwatts-formula
power_consumption,1704502164537000000,0.10430749255564625,paolo-laptop,smartwatts-formula
power_consumption,1704502165539000000,0.10203391669280991,paolo-laptop,smartwatts-formula
power_consumption,1704502166541000000,0.08311675941152187,paolo-laptop,smartwatts-formula
power_consumption,1704502167544000000,0.10454216223231422,paolo-laptop,smartwatts-formula
power_consumption,1704502168547000000,0.08088763952412362,paolo-laptop,smartwatts-formula
power_consumption,1704502169550000000,0.0842027559497381,paolo-laptop,smartwatts-formula
power_consumption,1704502170552000000,0.10300530989695005,paolo-laptop,smartwatts-formula
power_consumption,1704502171555000000,0.09653594728976836,paolo-laptop,smartwatts-formula
power_consumption,1704502172557000000,0.08366040124936497,paolo-laptop,smartwatts-formula
power_consumption,1704502173559000000,0.08462436024799783,paolo-laptop,smartwatts-formula
power_consumption,1704502174562000000,0.08751098353130793,paolo-laptop,smartwatts-formula
power_consumption,1704502175576000000,0.08058123693590487,paolo-laptop,smartwatts-formula
power_consumption,1704502176578000000,0.08683183923751767,paolo-laptop,smartwatts-formula
power_consumption,1704502177580000000,0.08867272653071624,paolo-laptop,smartwatts-formula
power_consumption,1704502179586000000,0.09405944757245063,paolo-laptop,smartwatts-formula
power_consumption,1704502181590000000,0.07782594389365968,paolo-laptop,smartwatts-formula
power_consumption,1704502182593000000,0.09003548322630359,paolo-laptop,smartwatts-formula
power_consumption,1704502183595000000,0.08674494542428451,paolo-laptop,smartwatts-formula
power_consumption,1704502184597000000,0.06811586517743709,paolo-laptop,smartwatts-formula
power_consumption,1704502185599000000,0.08129438883343208,paolo-laptop,smartwatts-formula
power_consumption,1704502186604000000,0.07035390034851967,paolo-laptop,smartwatts-formula
power_consumption,1704502187610000000,0.08385969347022261,paolo-laptop,smartwatts-formula
power_consumption,1704502188617000000,0.0863393995403732,paolo-laptop,smartwatts-formula
power_consumption,1704502189622000000,0.08241009982924566,paolo-laptop,smartwatts-formula
power_consumption,1704502190627000000,0.08134543917981672,paolo-laptop,smartwatts-formula
power_consumption,1704502191629000000,0.08876668603069102,paolo-laptop,smartwatts-formula
power_consumption,1704502192631000000,0.0880827391066617,paolo-laptop,smartwatts-formula
power_consumption,1704502193634000000,0.09239780270399225,paolo-laptop,smartwatts-formula
power_consumption,1704502194636000000,0.09617159094643515,paolo-laptop,smartwatts-formula
power_consumption,1704502195638000000,0.08463791390672928,paolo-laptop,smartwatts-formula
power_consumption,1704502196640000000,0.08862725067334143,paolo-laptop,smartwatts-formula
power_consumption,1704502197643000000,0.08836279116892326,paolo-laptop,smartwatts-formula
power_consumption,1704502198645000000,0.08735566948144105,paolo-laptop,smartwatts-formula
power_consumption,1704502199647000000,0.09230592916729796,paolo-laptop,smartwatts-formula
power_consumption,1704502200650000000,0.08851973649657567,paolo-laptop,smartwatts-formula
power_consumption,1704502201652000000,0.09077764022486334,paolo-laptop,smartwatts-formula
power_consumption,1704502202654000000,0.0858814514716356,paolo-laptop,smartwatts-formula
power_consumption,1704502203657000000,0.08211817425781368,paolo-laptop,smartwatts-formula
power_consumption,1704502204659000000,0.08838717893338491,paolo-laptop,smartwatts-formula
power_consumption,1704502205662000000,0.08458154049141717,paolo-laptop,smartwatts-formula
power_consumption,1704502206664000000,0.08147889234697933,paolo-laptop,smartwatts-formula
power_consumption,1704502207666000000,0.08930254495297701,paolo-laptop,smartwatts-formula
power_consumption,1704502208668000000,0.08886889805154297,paolo-laptop,smartwatts-formula
power_consumption,1704502210675000000,0.08373774897432319,paolo-laptop,smartwatts-formula
power_consumption,1704502212679000000,0.08069829368816565,paolo-laptop,smartwatts-formula
power_consumption,1704502222706000000,0.06287781777567895,paolo-laptop,smartwatts-formula
power_consumption,1704502223708000000,0.06346194686416465,paolo-laptop,smartwatts-formula
power_consumption,1704502224710000000,0.06223543941086643,paolo-laptop,smartwatts-formula
power_consumption,1704502225713000000,0.058705892605381046,paolo-laptop,smartwatts-formula
power_consumption,1704502226715000000,0.05720439055996176,paolo-laptop,smartwatts-formula
power_consumption,1704502227721000000,0.061421557925664574,paolo-laptop,smartwatts-formula
power_consumption,1704502228726000000,0.07930494989061902,paolo-laptop,smartwatts-formula
power_consumption,1704502229729000000,0.0788402507854584,paolo-laptop,smartwatts-formula
power_consumption,1704502230732000000,0.08502076373361556,paolo-laptop,smartwatts-formula
power_consumption,1704502231734000000,0.08017670693125606,paolo-laptop,smartwatts-formula
power_consumption,1704502232737000000,0.08099106193269695,paolo-laptop,smartwatts-formula
power_consumption,1704502233741000000,0.08461484282478517,paolo-laptop,smartwatts-formula
power_consumption,1704502234744000000,0.0853058116245963,paolo-laptop,smartwatts-formula
power_consumption,1704502235749000000,0.08329464096517328,paolo-laptop,smartwatts-formula
power_consumption,1704502236755000000,0.08170376754779662,paolo-laptop,smartwatts-formula
power_consumption,1704502237761000000,0.08812898462765385,paolo-laptop,smartwatts-formula
power_consumption,1704502238767000000,0.08410760783698433,paolo-laptop,smartwatts-formula
power_consumption,1704502239774000000,0.08443864985725938,paolo-laptop,smartwatts-formula
power_consumption,1704502240776000000,0.08585156570857905,paolo-laptop,smartwatts-formula
power_consumption,1704502241779000000,0.08832573073112637,paolo-laptop,smartwatts-formula
power_consumption,1704502242782000000,0.08562254402986219,paolo-laptop,smartwatts-formula
power_consumption,1704502243785000000,0.08873167607542373,paolo-laptop,smartwatts-formula
power_consumption,1704502244787000000,0.08263231286925504,paolo-laptop,smartwatts-formula
power_consumption,1704502245789000000,0.08090437036285175,paolo-laptop,smartwatts-formula
power_consumption,1704502246791000000,0.08364324801405901,paolo-laptop,smartwatts-formula
power_consumption,1704502247793000000,0.08362632254973049,paolo-laptop,smartwatts-formula
power_consumption,1704502248796000000,0.08600971812167874,paolo-laptop,smartwatts-formula
power_consumption,1704502249798000000,0.08688485334689511,paolo-laptop,smartwatts-formula
power_consumption,1704502250800000000,0.09063455276837254,paolo-laptop,smartwatts-formula
power_consumption,1704502251802000000,0.08252441513253861,paolo-laptop,smartwatts-formula
power_consumption,1704502252805000000,0.08725461435638025,paolo-laptop,smartwatts-formula
power_consumption,1704502253808000000,0.09200518483325122,paolo-laptop,smartwatts-formula
power_consumption,1704502254810000000,0.08821978951652731,paolo-laptop,smartwatts-formula
power_consumption,1704502255812000000,0.08862134684070086,paolo-laptop,smartwatts-formula
power_consumption,1704502256815000000,0.08604121020813332,paolo-laptop,smartwatts-formula
power_consumption,1704502257817000000,0.08579193813774355,paolo-laptop,smartwatts-formula
power_consumption,1704502261829000000,0.08753212696940545,paolo-laptop,smartwatts-formula
power_consumption,1704502265841000000,0.0629791501546751,paolo-laptop,smartwatts-formula
power_consumption,1704502270858000000,0.0599841690932878,paolo-laptop,smartwatts-formula
power_consumption,1704502273864000000,0.06368402343586459,paolo-laptop,smartwatts-formula
power_consumption,1704502274866000000,0.060076284938641575,paolo-laptop,smartwatts-formula
power_consumption,1704502275868000000,0.06029258033993506,paolo-laptop,smartwatts-formula
power_consumption,1704502276870000000,0.0831871339676815,paolo-laptop,smartwatts-formula
power_consumption,1704502277876000000,0.0711524472695214,paolo-laptop,smartwatts-formula
power_consumption,1704502278882000000,0.06371908548835642,paolo-laptop,smartwatts-formula
power_consumption,1704502279884000000,0.07983793475422189,paolo-laptop,smartwatts-formula
power_consumption,1704502280886000000,0.08648663812916865,paolo-laptop,smartwatts-formula
power_consumption,1704502281888000000,0.08410498105671532,paolo-laptop,smartwatts-formula
power_consumption,1704502282890000000,0.08292994971782625,paolo-laptop,smartwatts-formula
power_consumption,1704502283892000000,0.08240629832359717,paolo-laptop,smartwatts-formula
power_consumption,1704502284894000000,0.08886579427548712,paolo-laptop,smartwatts-formula
power_consumption,1704502285896000000,0.08184722370250992,paolo-laptop,smartwatts-formula
power_consumption,1704502286901000000,0.07926720450501504,paolo-laptop,smartwatts-formula
power_consumption,1704502290912000000,0.08346686465739867,paolo-laptop,smartwatts-formula
power_consumption,1704502294923000000,0.05888517543128211,paolo-laptop,smartwatts-formula
power_consumption,1704502295925000000,0.06339027186862195,paolo-laptop,smartwatts-formula
power_consumption,1704502299932000000,0.05906870593341049,paolo-laptop,smartwatts-formula
power_consumption,1704502300934000000,0.08348889533593502,paolo-laptop,smartwatts-formula
power_consumption,1704502304942000000,0.06331568405470515,paolo-laptop,smartwatts-formula
power_consumption,1704502305944000000,0.07878245490374315,paolo-laptop,smartwatts-formula
power_consumption,1704502306947000000,0.07620929358201145,paolo-laptop,smartwatts-formula
power_consumption,1704502307949000000,0.07351937427793867,paolo-laptop,smartwatts-formula
power_consumption,1704502308951000000,0.06210586638929734,paolo-laptop,smartwatts-formula
power_consumption,1704502309954000000,0.05784868079377001,paolo-laptop,smartwatts-formula
power_consumption,1704502310957000000,0.08026731194124187,paolo-laptop,smartwatts-formula
power_consumption,1704502311960000000,0.08529250836472194,paolo-laptop,smartwatts-formula
power_consumption,1704502314967000000,0.0830254718254942,paolo-laptop,smartwatts-formula
power_consumption,1704502315969000000,0.0891934716919014,paolo-laptop,smartwatts-formula
power_consumption,1704502316971000000,0.08723802379193296,paolo-laptop,smartwatts-formula
power_consumption,1704502320995000000,0.07632720128678246,paolo-laptop,smartwatts-formula
power_consumption,1704502321999000000,0.08902045808101527,paolo-laptop,smartwatts-formula
power_consumption,1704502323002000000,0.09041313197844154,paolo-laptop,smartwatts-formula
power_consumption,1704502324005000000,0.06660499672370482,paolo-laptop,smartwatts-formula
power_consumption,1704502325007000000,0.06378330120286003,paolo-laptop,smartwatts-formula
power_consumption,1704502326014000000,0.05973642525051348,paolo-laptop,smartwatts-formula
power_consumption,1704502327016000000,0.0789752548156115,paolo-laptop,smartwatts-formula
power_consumption,1704502328022000000,0.08946621394393858,paolo-laptop,smartwatts-formula
power_consumption,1704502329024000000,0.08019640333637063,paolo-laptop,smartwatts-formula
power_consumption,1704502330026000000,0.08787212352675834,paolo-laptop,smartwatts-formula
power_consumption,1704502331028000000,0.08901209420261524,paolo-laptop,smartwatts-formula
power_consumption,1704502332030000000,0.08363313953014898,paolo-laptop,smartwatts-formula
power_consumption,1704502333033000000,0.08730486340238534,paolo-laptop,smartwatts-formula
power_consumption,1704502334038000000,0.0864482351946824,paolo-laptop,smartwatts-formula
power_consumption,1704502335040000000,0.08007253805653666,paolo-laptop,smartwatts-formula
power_consumption,1704502336043000000,0.08646060741274558,paolo-laptop,smartwatts-formula
power_consumption,1704502337046000000,0.08275510020427039,paolo-laptop,smartwatts-formula
power_consumption,1704502338048000000,0.08825405565613678,paolo-laptop,smartwatts-formula
power_consumption,1704502339050000000,0.09007974790004011,paolo-laptop,smartwatts-formula
power_consumption,1704502340054000000,0.07851253558443716,paolo-laptop,smartwatts-formula
power_consumption,1704502349088000000,0.061439270112953887,paolo-laptop,smartwatts-formula
power_consumption,1704502350090000000,0.058406339689541314,paolo-laptop,smartwatts-formula
power_consumption,1704502352096000000,0.06408031725723551,paolo-laptop,smartwatts-formula
power_consumption,1704502353098000000,0.06295652689157158,paolo-laptop,smartwatts-formula
power_consumption,1704502354101000000,0.06400840486001821,paolo-laptop,smartwatts-formula
power_consumption,1704502355103000000,0.08467920235894319,paolo-laptop,smartwatts-formula
power_consumption,1704502356105000000,0.08774534525906132,paolo-laptop,smartwatts-formula
power_consumption,1704502357108000000,0.0687346651663541,paolo-laptop,smartwatts-formula
power_consumption,1704502358110000000,0.0845778027564986,paolo-laptop,smartwatts-formula
power_consumption,1704502359112000000,0.08378089415170523,paolo-laptop,smartwatts-formula
power_consumption,1704502360117000000,0.08613705468161621,paolo-laptop,smartwatts-formula
power_consumption,1704502364130000000,0.08316180702973902,paolo-laptop,smartwatts-formula
power_consumption,1704502368141000000,0.06983344766742923,paolo-laptop,smartwatts-formula
power_consumption,1704502369143000000,0.059257798064322215,paolo-laptop,smartwatts-formula
power_consumption,1704502370146000000,0.07998165988429683,paolo-laptop,smartwatts-formula
power_consumption,1704502371148000000,0.06559638834305673,paolo-laptop,smartwatts-formula
power_consumption,1704502372150000000,0.060790044606439816,paolo-laptop,smartwatts-formula
power_consumption,1704502373153000000,0.06351799990471123,paolo-laptop,smartwatts-formula
power_consumption,1704502374155000000,0.10082845283744105,paolo-laptop,smartwatts-formula
power_consumption,1704502375158000000,0.10845998114521888,paolo-laptop,smartwatts-formula
power_consumption,1704502376160000000,0.10196095963473462,paolo-laptop,smartwatts-formula
power_consumption,1704502377162000000,0.10689411169071028,paolo-laptop,smartwatts-formula
power_consumption,1704502378164000000,0.10588481552005663,paolo-laptop,smartwatts-formula
power_consumption,1704502379167000000,0.12492079736216691,paolo-laptop,smartwatts-formula
power_consumption,1704502380169000000,0.11799033228601834,paolo-laptop,smartwatts-formula
power_consumption,1704502381171000000,0.11040231432253203,paolo-laptop,smartwatts-formula
power_consumption,1704502382173000000,0.1131700294090656,paolo-laptop,smartwatts-formula
power_consumption,1704502400233000000,0.04684086806849501,paolo-laptop,smartwatts-formula
power_consumption,1704502401235000000,0.09927271610816972,paolo-laptop,smartwatts-formula
power_consumption,1704502402239000000,0.07842098113835436,paolo-laptop,smartwatts-formula
power_consumption,1704502408259000000,0.10324295984668597,paolo-laptop,smartwatts-formula
power_consumption,1704502410265000000,0.08112437932036676,paolo-laptop,smartwatts-formula
power_consumption,1704502412276000000,0.07882128672814176,paolo-laptop,smartwatts-formula
power_consumption,1704502414282000000,0.06163336962153642,paolo-laptop,smartwatts-formula
power_consumption,1704502422313000000,0.08204081353304038,paolo-laptop,smartwatts-formula
power_consumption,1704502425321000000,0.08237957045956584,paolo-laptop,smartwatts-formula
power_consumption,1704502426323000000,0.09876248784911407,paolo-laptop,smartwatts-formula
power_consumption,1704502427326000000,0.09326637986730826,paolo-laptop,smartwatts-formula
power_consumption,1704502428329000000,0.11069345770330453,paolo-laptop,smartwatts-formula
power_consumption,1704502429332000000,0.10761016616447328,paolo-laptop,smartwatts-formula
power_consumption,1704502430334000000,0.08157936915285784,paolo-laptop,smartwatts-formula
power_consumption,1704502431336000000,0.10702079277246854,paolo-laptop,smartwatts-formula
power_consumption,1704502432339000000,0.11819826834634886,paolo-laptop,smartwatts-formula
power_consumption,1704502433341000000,0.13577482216566666,paolo-laptop,smartwatts-formula
power_consumption,1704502434343000000,0.14317855766039222,paolo-laptop,smartwatts-formula
power_consumption,1704502435344000000,0.13745990276483355,paolo-laptop,smartwatts-formula
power_consumption,1704502436346000000,0.11707847720899528,paolo-laptop,smartwatts-formula
power_consumption,1704502437347000000,0.1429700387251937,paolo-laptop,smartwatts-formula
power_consumption,1704502438349000000,0.1271268975722849,paolo-laptop,smartwatts-formula
power_consumption,1704502439351000000,0.12357099687668156,paolo-laptop,smartwatts-formula
power_consumption,1704502440354000000,0.087257174109547,paolo-laptop,smartwatts-formula
power_consumption,1704502441356000000,0.11697528844258183,paolo-laptop,smartwatts-formula
power_consumption,1704502444362000000,0.11389260755024534,paolo-laptop,smartwatts-formula
power_consumption,1704502445364000000,0.06945856004722789,paolo-laptop,smartwatts-formula
power_consumption,1704502446366000000,0.11921493137862466,paolo-laptop,smartwatts-formula
power_consumption,1704502448370000000,0.08773086680940317,paolo-laptop,smartwatts-formula
power_consumption,1704502449372000000,0.08480399766824788,paolo-laptop,smartwatts-formula
power_consumption,1704502450374000000,0.10149094402031211,paolo-laptop,smartwatts-formula
power_consumption,1704502451376000000,0.10992189015070446,paolo-laptop,smartwatts-formula
power_consumption,1704502452379000000,0.10229687677765498,paolo-laptop,smartwatts-formula
power_consumption,1704502453382000000,0.09011754800419529,paolo-laptop,smartwatts-formula
power_consumption,1704502454384000000,0.07457641559314565,paolo-laptop,smartwatts-formula
power_consumption,1704502456388000000,0.11415208954720399,paolo-laptop,smartwatts-formula
power_consumption,1704502457390000000,0.10429992443847444,paolo-laptop,smartwatts-formula
power_consumption,1704502458392000000,0.07097740430130016,paolo-laptop,smartwatts-formula
power_consumption,1704502461403000000,0.08339152100688543,paolo-laptop,smartwatts-formula
power_consumption,1704502463407000000,0.10947395085331645,paolo-laptop,smartwatts-formula
power_consumption,1704502464413000000,0.1178663648966408,paolo-laptop,smartwatts-formula
power_consumption,1704502467423000000,0.07584719566528289,paolo-laptop,smartwatts-formula
power_consumption,1704502468425000000,0.08184962332065887,paolo-laptop,smartwatts-formula
power_consumption,1704502469427000000,0.10762441839379684,paolo-laptop,smartwatts-formula
power_consumption,1704502470429000000,0.1077488318356556,paolo-laptop,smartwatts-formula
power_consumption,1704502471432000000,0.05868842782858553,paolo-laptop,smartwatts-formula
power_consumption,1704502472437000000,0.11964097740068355,paolo-laptop,smartwatts-formula
power_consumption,1704502474440000000,0.10871520442505032,paolo-laptop,smartwatts-formula
power_consumption,1704502475442000000,0.075494019297861,paolo-laptop,smartwatts-formula
power_consumption,1704502476444000000,0.127422794162513,paolo-laptop,smartwatts-formula
power_consumption,1704502477447000000,0.07038987696334174,paolo-laptop,smartwatts-formula
power_consumption,1704502478449000000,0.0814500442358981,paolo-laptop,smartwatts-formula
power_consumption,1704502479451000000,0.08880356415300297,paolo-laptop,smartwatts-formula
power_consumption,1704502480455000000,0.1593270874010041,paolo-laptop,smartwatts-formula
power_consumption,1704502481457000000,0.07879606708537781,paolo-laptop,smartwatts-formula
power_consumption,1704502482462000000,0.0809499480234375,paolo-laptop,smartwatts-formula
power_consumption,1704502484476000000,0.08349247563731856,paolo-laptop,smartwatts-formula
power_consumption,1704502485478000000,0.11087440774714416,paolo-laptop,smartwatts-formula
power_consumption,1704502486483000000,0.06975517934135722,paolo-laptop,smartwatts-formula
power_consumption,1704502487485000000,0.10209189259561996,paolo-laptop,smartwatts-formula
power_consumption,1704502488487000000,0.09855097274918505,paolo-laptop,smartwatts-formula
power_consumption,1704502489489000000,0.10226263802256104,paolo-laptop,smartwatts-formula
power_consumption,1704502490491000000,0.06118361223961903,paolo-laptop,smartwatts-formula
power_consumption,1704502491492000000,0.10455650516846524,paolo-laptop,smartwatts-formula
power_consumption,1704502492495000000,0.10574300200638959,paolo-laptop,smartwatts-formula
power_consumption,1704502493497000000,0.06720920220746841,paolo-laptop,smartwatts-formula
power_consumption,1704502494499000000,0.08507137775749778,paolo-laptop,smartwatts-formula
power_consumption,1704502496502000000,0.06772004322859676,paolo-laptop,smartwatts-formula
power_consumption,1704502497504000000,0.10344672334834623,paolo-laptop,smartwatts-formula
power_consumption,1704502498507000000,0.11735612959739909,paolo-laptop,smartwatts-formula
power_consumption,1704502499511000000,0.11362057044752444,paolo-laptop,smartwatts-formula
power_consumption,1704502500513000000,0.06758441039874628,paolo-laptop,smartwatts-formula
power_consumption,1704502501518000000,0.1078391755496109,paolo-laptop,smartwatts-formula
power_consumption,1704502502524000000,0.09494052647949744,paolo-laptop,smartwatts-formula
power_consumption,1704502504528000000,0.10841131777815624,paolo-laptop,smartwatts-formula
power_consumption,1704502505529000000,0.1349620380777457,paolo-laptop,smartwatts-formula
power_consumption,1704502506531000000,0.1032878729672665,paolo-laptop,smartwatts-formula
power_consumption,1704502507533000000,0.12828883153088472,paolo-laptop,smartwatts-formula
power_consumption,1704502508535000000,0.07049799787508215,paolo-laptop,smartwatts-formula
power_consumption,1704502509536000000,0.1516764005148828,paolo-laptop,smartwatts-formula
power_consumption,1704502510539000000,0.061951472548623876,paolo-laptop,smartwatts-formula
power_consumption,1704502511541000000,0.11188815264297355,paolo-laptop,smartwatts-formula
power_consumption,1704502512543000000,0.07069926520983139,paolo-laptop,smartwatts-formula
power_consumption,1704502513546000000,0.12489289994620487,paolo-laptop,smartwatts-formula
power_consumption,1704502514547000000,0.10684152985376692,paolo-laptop,smartwatts-formula
power_consumption,1704502515549000000,0.11654448280895792,paolo-laptop,smartwatts-formula
power_consumption,1704502516554000000,0.10579124302967328,paolo-laptop,smartwatts-formula
power_consumption,1704502517557000000,0.11913306033314221,paolo-laptop,smartwatts-formula
power_consumption,1704502518571000000,0.10269358710306423,paolo-laptop,smartwatts-formula
power_consumption,1704502519573000000,0.11784699214925849,paolo-laptop,smartwatts-formula
power_consumption,1704502520575000000,0.11079349892174431,paolo-laptop,smartwatts-formula
power_consumption,1704502521578000000,0.06824975220502978,paolo-laptop,smartwatts-formula
power_consumption,1704502522580000000,0.11887909850139532,paolo-laptop,smartwatts-formula
power_consumption,1704502523582000000,0.11222684481842395,paolo-laptop,smartwatts-formula
power_consumption,1704502524584000000,0.12581019746871352,paolo-laptop,smartwatts-formula
power_consumption,1704502525586000000,0.11364193665678579,paolo-laptop,smartwatts-formula
power_consumption,1704502526587000000,0.10997495590212848,paolo-laptop,smartwatts-formula
power_consumption,1704502527589000000,0.0767506928565411,paolo-laptop,smartwatts-formula
power_consumption,1704502528590000000,0.11089667574055866,paolo-laptop,smartwatts-formula
power_consumption,1704502529592000000,0.11150670506791306,paolo-laptop,smartwatts-formula
power_consumption,1704502530594000000,0.1055481201640765,paolo-laptop,smartwatts-formula
power_consumption,1704502531596000000,0.11515551317835342,paolo-laptop,smartwatts-formula
power_consumption,1704502532601000000,0.06609867488601417,paolo-laptop,smartwatts-formula
power_consumption,1704502533603000000,0.12099116804071172,paolo-laptop,smartwatts-formula
power_consumption,1704502534605000000,0.12364475877895856,paolo-laptop,smartwatts-formula
power_consumption,1704502535607000000,0.1183885352960347,paolo-laptop,smartwatts-formula
power_consumption,1704502536609000000,0.11289047983244706,paolo-laptop,smartwatts-formula
power_consumption,1704502537611000000,0.1200845537797702,paolo-laptop,smartwatts-formula
power_consumption,1704502538614000000,0.11409710647422872,paolo-laptop,smartwatts-formula
power_consumption,1704502539616000000,0.11248906969785931,paolo-laptop,smartwatts-formula
power_consumption,1704502540618000000,0.10312413246095482,paolo-laptop,smartwatts-formula
power_consumption,1704502541622000000,0.12063453478997606,paolo-laptop,smartwatts-formula
power_consumption,1704502542624000000,0.08214130638445387,paolo-laptop,smartwatts-formula
power_consumption,1704502543626000000,0.12146497576247034,paolo-laptop,smartwatts-formula
power_consumption,1704502544628000000,0.11236696921987847,paolo-laptop,smartwatts-formula
power_consumption,1704502545633000000,0.11518101820837398,paolo-laptop,smartwatts-formula
power_consumption,1704502547638000000,0.06897586416679968,paolo-laptop,smartwatts-formula
power_consumption,1704502548639000000,0.1112818673401971,paolo-laptop,smartwatts-formula
power_consumption,1704502549645000000,0.10953984587822581,paolo-laptop,smartwatts-formula
power_consumption,1704502552657000000,0.051767989347963256,paolo-laptop,smartwatts-formula
power_consumption,1704502553661000000,0.06301640822741988,paolo-laptop,smartwatts-formula
power_consumption,1704502554663000000,0.10655823955142252,paolo-laptop,smartwatts-formula
power_consumption,1704502555664000000,0.10682981834590496,paolo-laptop,smartwatts-formula
power_consumption,1704502556667000000,0.08718498341382282,paolo-laptop,smartwatts-formula
power_consumption,1704502557670000000,0.07623918971739749,paolo-laptop,smartwatts-formula
power_consumption,1704502558672000000,0.06324787728021916,paolo-laptop,smartwatts-formula
power_consumption,1704502560679000000,0.09663806870250566,paolo-laptop,smartwatts-formula
power_consumption,1704502561681000000,0.0694273592738842,paolo-laptop,smartwatts-formula
power_consumption,1704502562683000000,0.06859930039821178,paolo-laptop,smartwatts-formula
power_consumption,1704502563686000000,0.0939885743642164,paolo-laptop,smartwatts-formula
power_consumption,1704502564688000000,0.1204748962332471,paolo-laptop,smartwatts-formula
power_consumption,1704502565693000000,0.07857745682554172,paolo-laptop,smartwatts-formula
power_consumption,1704502566695000000,0.10644651910315645,paolo-laptop,smartwatts-formula
power_consumption,1704502568700000000,0.0851890604138209,paolo-laptop,smartwatts-formula
power_consumption,1704502569702000000,0.07795503391884734,paolo-laptop,smartwatts-formula
power_consumption,1704502571708000000,0.07510585027972394,paolo-laptop,smartwatts-formula
power_consumption,1704502572710000000,0.06955011390513337,paolo-laptop,smartwatts-formula
power_consumption,1704502574719000000,0.06343429940566771,paolo-laptop,smartwatts-formula
power_consumption,1704502575722000000,0.09874688014888978,paolo-laptop,smartwatts-formula
power_consumption,1704502576724000000,0.0795074007657391,paolo-laptop,smartwatts-formula
power_consumption,1704502577728000000,0.17975138139326327,paolo-laptop,smartwatts-formula
power_consumption,1704502578734000000,0.06696159647906486,paolo-laptop,smartwatts-formula
power_consumption,1704502579735000000,0.07537472396592819,paolo-laptop,smartwatts-formula
power_consumption,1704502581741000000,0.07723346000925353,paolo-laptop,smartwatts-formula
power_consumption,1704502583745000000,0.0964231237256652,paolo-laptop,smartwatts-formula
power_consumption,1704502585756000000,0.3310249773279739,paolo-laptop,smartwatts-formula
power_consumption,1704502587763000000,0.06566939380665486,paolo-laptop,smartwatts-formula
power_consumption,1704502588767000000,0.052374731821844635,paolo-laptop,smartwatts-formula
power_consumption,1704502589769000000,0.30459588326561704,paolo-laptop,smartwatts-formula
power_consumption,1704502590771000000,0.08715362038734081,paolo-laptop,smartwatts-formula
power_consumption,1704502591774000000,0.10014539015320212,paolo-laptop,smartwatts-formula
power_consumption,1704502592777000000,0.11217615928609555,paolo-laptop,smartwatts-formula
power_consumption,1704502593780000000,0.14325926773019376,paolo-laptop,smartwatts-formula
power_consumption,1704502595783000000,0.09911243085459848,paolo-laptop,smartwatts-formula
power_consumption,1704502596785000000,0.11164970351719375,paolo-laptop,smartwatts-formula
power_consumption,1704502597786000000,0.14099110087988542,paolo-laptop,smartwatts-formula
power_consumption,1704502598788000000,0.07059540389283411,paolo-laptop,smartwatts-formula
power_consumption,1704502599790000000,0.0934198189719781,paolo-laptop,smartwatts-formula
power_consumption,1704502600791000000,0.141107059677756,paolo-laptop,smartwatts-formula
power_consumption,1704502601793000000,0.09785225471339025,paolo-laptop,smartwatts-formula
power_consumption,1704502603798000000,0.118322486272041,paolo-laptop,smartwatts-formula
power_consumption,1704502604800000000,0.11225371162925435,paolo-laptop,smartwatts-formula
power_consumption,1704502605804000000,0.11336452905680024,paolo-laptop,smartwatts-formula
power_consumption,1704502606806000000,0.15685435697124353,paolo-laptop,smartwatts-formula
power_consumption,1704502607812000000,0.1252133909636065,paolo-laptop,smartwatts-formula
power_consumption,1704502608814000000,0.10246783201567411,paolo-laptop,smartwatts-formula
power_consumption,1704502609818000000,0.07264019615375007,paolo-laptop,smartwatts-formula
power_consumption,1704502610824000000,0.13311758527934808,paolo-laptop,smartwatts-formula
power_consumption,1704502611826000000,0.071734315705321,paolo-laptop,smartwatts-formula
power_consumption,1704502613830000000,0.11029810884983383,paolo-laptop,smartwatts-formula
power_consumption,1704502614832000000,0.10503852717446975,paolo-laptop,smartwatts-formula
power_consumption,1704502615834000000,0.09988270440247551,paolo-laptop,smartwatts-formula
power_consumption,1704502616838000000,0.10551984284534593,paolo-laptop,smartwatts-formula
power_consumption,1704502617841000000,0.1103128337714471,paolo-laptop,smartwatts-formula
power_consumption,1704502618855000000,0.06642065300605761,paolo-laptop,smartwatts-formula
power_consumption,1704502619860000000,0.1590802910498389,paolo-laptop,smartwatts-formula
power_consumption,1704502620862000000,0.0671740862062895,paolo-laptop,smartwatts-formula
power_consumption,1704502621864000000,0.11093543618879195,paolo-laptop,smartwatts-formula
power_consumption,1704502622866000000,0.11090044029649598,paolo-laptop,smartwatts-formula
power_consumption,1704502623870000000,0.11281111519119362,paolo-laptop,smartwatts-formula
power_consumption,1704502624872000000,0.10518201276582191,paolo-laptop,smartwatts-formula
power_consumption,1704502625873000000,0.1243068478296739,paolo-laptop,smartwatts-formula
power_consumption,1704502626875000000,0.1056846538680157,paolo-laptop,smartwatts-formula
power_consumption,1704502627877000000,0.1264225545522055,paolo-laptop,smartwatts-formula
power_consumption,1704502628878000000,0.11990704887976164,paolo-laptop,smartwatts-formula
power_consumption,1704502629880000000,0.12214405142172387,paolo-laptop,smartwatts-formula
power_consumption,1704502630882000000,0.1122631344361372,paolo-laptop,smartwatts-formula
power_consumption,1704502631884000000,0.11996398832949066,paolo-laptop,smartwatts-formula
power_consumption,1704502632887000000,0.08067949150887825,paolo-laptop,smartwatts-formula
power_consumption,1704502633891000000,0.20786991456890822,paolo-laptop,smartwatts-formula
power_consumption,1704502634893000000,0.07478105671296179,paolo-laptop,smartwatts-formula
power_consumption,1704502635898000000,0.0671824435950327,paolo-laptop,smartwatts-formula
power_consumption,1704502636902000000,0.3236854401874832,paolo-laptop,smartwatts-formula
power_consumption,1704502639911000000,0.10445103444038048,paolo-laptop,smartwatts-formula
power_consumption,1704502640912000000,0.09776026531612361,paolo-laptop,smartwatts-formula
power_consumption,1704502641914000000,0.10961940783415855,paolo-laptop,smartwatts-formula
power_consumption,1704502642916000000,0.09831525555266775,paolo-laptop,smartwatts-formula
power_consumption,1704502643918000000,0.0791067734506095,paolo-laptop,smartwatts-formula
power_consumption,1704502644921000000,0.07547221115910543,paolo-laptop,smartwatts-formula
power_consumption,1704502645923000000,0.11001850083159537,paolo-laptop,smartwatts-formula
power_consumption,1704502646925000000,0.10481784656171649,paolo-laptop,smartwatts-formula
power_consumption,1704502647927000000,0.10438133231702842,paolo-laptop,smartwatts-formula
power_consumption,1704502648929000000,0.11254880027352294,paolo-laptop,smartwatts-formula
power_consumption,1704502649931000000,0.11152577465294353,paolo-laptop,smartwatts-formula
power_consumption,1704502650933000000,0.0996120605810773,paolo-laptop,smartwatts-formula
power_consumption,1704502651935000000,0.10964730987127416,paolo-laptop,smartwatts-formula
power_consumption,1704502652937000000,0.10881018293370379,paolo-laptop,smartwatts-formula
power_consumption,1704502653939000000,0.10988019213735692,paolo-laptop,smartwatts-formula
power_consumption,1704502654943000000,0.10566088214260375,paolo-laptop,smartwatts-formula
power_consumption,1704502655948000000,0.09525871548198014,paolo-laptop,smartwatts-formula
power_consumption,1704502656953000000,0.07945057596647853,paolo-laptop,smartwatts-formula
power_consumption,1704502657955000000,0.07959244220378346,paolo-laptop,smartwatts-formula
power_consumption,1704502658956000000,0.11228592346520899,paolo-laptop,smartwatts-formula
power_consumption,1704502659958000000,0.11663974604886923,paolo-laptop,smartwatts-formula
power_consumption,1704502660962000000,0.1240211604290876,paolo-laptop,smartwatts-formula
power_consumption,1704502662968000000,0.10424438161321883,paolo-laptop,smartwatts-formula
power_consumption,1704502663970000000,0.1240001019094745,paolo-laptop,smartwatts-formula
power_consumption,1704502664972000000,0.1283294457035145,paolo-laptop,smartwatts-formula
power_consumption,1704502665973000000,0.11785186745044009,paolo-laptop,smartwatts-formula
power_consumption,1704502666975000000,0.1674460214790446,paolo-laptop,smartwatts-formula
power_consumption,1704502668978000000,0.06332471628603217,paolo-laptop,smartwatts-formula
power_consumption,1704502669980000000,0.11789587231413734,paolo-laptop,smartwatts-formula
power_consumption,1704502670982000000,0.10611448978924301,paolo-laptop,smartwatts-formula
power_consumption,1704502671984000000,0.09819374985666712,paolo-laptop,smartwatts-formula
power_consumption,1704502672986000000,0.07118330021840877,paolo-laptop,smartwatts-formula
power_consumption,1704502673988000000,0.1085114457671637,paolo-laptop,smartwatts-formula
power_consumption,1704502674990000000,0.10915209512176227,paolo-laptop,smartwatts-formula
power_consumption,1704502677997000000,0.10847810171635892,paolo-laptop,smartwatts-formula
power_consumption,1704502682012000000,0.059144866731649946,paolo-laptop,smartwatts-formula
power_consumption,1704502684019000000,0.13973229507702634,paolo-laptop,smartwatts-formula
power_consumption,1704502685020000000,0.06365111609473167,paolo-laptop,smartwatts-formula
power_consumption,1704502686022000000,0.07681617110252077,paolo-laptop,smartwatts-formula
power_consumption,1704502687025000000,0.09612180091533913,paolo-laptop,smartwatts-formula
power_consumption,1704502688030000000,0.16047548130897213,paolo-laptop,smartwatts-formula
power_consumption,1704502691040000000,0.1149528761816481,paolo-laptop,smartwatts-formula
power_consumption,1704502692044000000,0.07061454444551682,paolo-laptop,smartwatts-formula
power_consumption,1704502693047000000,0.12655573348745836,paolo-laptop,smartwatts-formula
power_consumption,1704502694050000000,0.13209374943183722,paolo-laptop,smartwatts-formula
power_consumption,1704502696057000000,0.1170843150427701,paolo-laptop,smartwatts-formula
power_consumption,1704502699067000000,0.12049897564037475,paolo-laptop,smartwatts-formula
power_consumption,1704502700069000000,0.11763565859951892,paolo-laptop,smartwatts-formula
power_consumption,1704502701070000000,0.11220061514705564,paolo-laptop,smartwatts-formula
power_consumption,1704502702072000000,0.1118866337776244,paolo-laptop,smartwatts-formula
power_consumption,1704502703073000000,0.10728112411876872,paolo-laptop,smartwatts-formula
power_consumption,1704502704077000000,0.08896907914011333,paolo-laptop,smartwatts-formula
power_consumption,1704502705081000000,0.24100112664243345,paolo-laptop,smartwatts-formula
power_consumption,1704502707090000000,0.15748745619536225,paolo-laptop,smartwatts-formula
power_consumption,1704502708092000000,0.07129978871004485,paolo-laptop,smartwatts-formula
power_consumption,1704502709094000000,0.1600997614907803,paolo-laptop,smartwatts-formula
power_consumption,1704502710099000000,0.10474659890978247,paolo-laptop,smartwatts-formula
power_consumption,1704502711102000000,0.11449373362765954,paolo-laptop,smartwatts-formula
power_consumption,1704502714111000000,0.11796946662020695,paolo-laptop,smartwatts-formula
power_consumption,1704502715113000000,0.11807091149747231,paolo-laptop,smartwatts-formula
power_consumption,1704502716117000000,0.12514308032970936,paolo-laptop,smartwatts-formula
power_consumption,1704502717121000000,0.08014554955470381,paolo-laptop,smartwatts-formula
power_consumption,1704502718125000000,0.20760439329338326,paolo-laptop,smartwatts-formula
power_consumption,1704502719131000000,0.11211144257552343,paolo-laptop,smartwatts-formula
power_consumption,1704502720135000000,0.07267789934351654,paolo-laptop,smartwatts-formula
power_consumption,1704502721137000000,0.16821353807730094,paolo-laptop,smartwatts-formula
power_consumption,1704502722141000000,0.10667445839573236,paolo-laptop,smartwatts-formula
power_consumption,1704502724147000000,0.11667277956882846,paolo-laptop,smartwatts-formula
power_consumption,1704502725151000000,0.06858219644083166,paolo-laptop,smartwatts-formula
power_consumption,1704502726155000000,0.08050961878038541,paolo-laptop,smartwatts-formula
power_consumption,1704502728158000000,0.11359435381837868,paolo-laptop,smartwatts-formula
power_consumption,1704502729160000000,0.199389336727403,paolo-laptop,smartwatts-formula
power_consumption,1704502730161000000,0.06020252215922523,paolo-laptop,smartwatts-formula
power_consumption,1704502731163000000,0.1089283269632713,paolo-laptop,smartwatts-formula
power_consumption,1704502732165000000,0.1660768267646101,paolo-laptop,smartwatts-formula
power_consumption,1704502733166000000,0.08506693903310747,paolo-laptop,smartwatts-formula
power_consumption,1704502734168000000,0.1650902913942368,paolo-laptop,smartwatts-formula
power_consumption,1704502735170000000,0.07651604154252882,paolo-laptop,smartwatts-formula
power_consumption,1704502737174000000,0.129710299066097,paolo-laptop,smartwatts-formula
power_consumption,1704502738178000000,0.13204667344564558,paolo-laptop,smartwatts-formula
power_consumption,1704502739180000000,0.07094339991850444,paolo-laptop,smartwatts-formula
power_consumption,1704502740182000000,0.10635233431117243,paolo-laptop,smartwatts-formula
power_consumption,1704502741184000000,0.11518165699872893,paolo-laptop,smartwatts-formula
power_consumption,1704502742187000000,0.08575530389735272,paolo-laptop,smartwatts-formula
power_consumption,1704502743189000000,0.07390426485860979,paolo-laptop,smartwatts-formula
power_consumption,1704502744191000000,0.10698966541517992,paolo-laptop,smartwatts-formula
power_consumption,1704502745197000000,0.11290731220113648,paolo-laptop,smartwatts-formula
power_consumption,1704502746199000000,0.10561108139200931,paolo-laptop,smartwatts-formula
power_consumption,1704502747200000000,0.1109433765157683,paolo-laptop,smartwatts-formula
power_consumption,1704502748202000000,0.1412110788728137,paolo-laptop,smartwatts-formula
power_consumption,1704502749204000000,0.10664972565708387,paolo-laptop,smartwatts-formula
power_consumption,1704502750206000000,0.13337779486428747,paolo-laptop,smartwatts-formula
power_consumption,1704502751208000000,0.12537327757236694,paolo-laptop,smartwatts-formula
power_consumption,1704502752210000000,0.12736584485952346,paolo-laptop,smartwatts-formula
power_consumption,1704502753211000000,0.1163015780119955,paolo-laptop,smartwatts-formula
power_consumption,1704502754213000000,0.10766991951178133,paolo-laptop,smartwatts-formula
power_consumption,1704502755215000000,0.12287071465152472,paolo-laptop,smartwatts-formula
power_consumption,1704502756217000000,0.13859632752857676,paolo-laptop,smartwatts-formula
power_consumption,1704502757219000000,0.13232023754568542,paolo-laptop,smartwatts-formula
power_consumption,1704502758221000000,0.12247614016676413,paolo-laptop,smartwatts-formula
power_consumption,1704502759223000000,0.11031155098789092,paolo-laptop,smartwatts-formula
power_consumption,1704502760225000000,0.123080688770084,paolo-laptop,smartwatts-formula
power_consumption,1704502761228000000,0.13239588113332096,paolo-laptop,smartwatts-formula
power_consumption,1704502762231000000,0.1885117807626986,paolo-laptop,smartwatts-formula
power_consumption,1704502763233000000,0.07697417316486452,paolo-laptop,smartwatts-formula
power_consumption,1704502764235000000,0.12124314059173477,paolo-laptop,smartwatts-formula
power_consumption,1704502765239000000,0.10563503907200261,paolo-laptop,smartwatts-formula
power_consumption,1704502767243000000,0.06761023462473977,paolo-laptop,smartwatts-formula
power_consumption,1704502768245000000,0.12680446500927559,paolo-laptop,smartwatts-formula
power_consumption,1704502769247000000,0.08426859174830097,paolo-laptop,smartwatts-formula
power_consumption,1704502771252000000,0.06995266348784668,paolo-laptop,smartwatts-formula
power_consumption,1704502772257000000,0.10611438073560138,paolo-laptop,smartwatts-formula
power_consumption,1704502773260000000,0.2414777706246403,paolo-laptop,smartwatts-formula
power_consumption,1704502774264000000,0.21390622653167726,paolo-laptop,smartwatts-formula
power_consumption,1704502775266000000,0.10113494057479239,paolo-laptop,smartwatts-formula
power_consumption,1704502776270000000,0.06448490767838944,paolo-laptop,smartwatts-formula
power_consumption,1704502778273000000,0.3563557301225025,paolo-laptop,smartwatts-formula
power_consumption,1704502779275000000,0.14116003652733955,paolo-laptop,smartwatts-formula
power_consumption,1704502780280000000,0.1150408113666088,paolo-laptop,smartwatts-formula
power_consumption,1704502781284000000,0.18491612048577757,paolo-laptop,smartwatts-formula
power_consumption,1704502782286000000,0.0952497761582552,paolo-laptop,smartwatts-formula
power_consumption,1704502783288000000,0.09710368212007862,paolo-laptop,smartwatts-formula
power_consumption,1704502784291000000,0.12785149338876856,paolo-laptop,smartwatts-formula
power_consumption,1704502786302000000,0.20853122149505335,paolo-laptop,smartwatts-formula
power_consumption,1704502787307000000,0.07193364119372989,paolo-laptop,smartwatts-formula
power_consumption,1704502788311000000,0.1579247546576436,paolo-laptop,smartwatts-formula
power_consumption,1704502789313000000,0.07218072375445696,paolo-laptop,smartwatts-formula
power_consumption,1704502790315000000,0.12246514411688668,paolo-laptop,smartwatts-formula
power_consumption,1704502791317000000,0.08497900925732269,paolo-laptop,smartwatts-formula
power_consumption,1704502792323000000,0.10756588829925191,paolo-laptop,smartwatts-formula
power_consumption,1704502793326000000,0.10421578448489557,paolo-laptop,smartwatts-formula
power_consumption,1704502794328000000,0.10367925674623159,paolo-laptop,smartwatts-formula
power_consumption,1704502795331000000,0.09868963177873269,paolo-laptop,smartwatts-formula
power_consumption,1704502796333000000,0.10634629711621446,paolo-laptop,smartwatts-formula
power_consumption,1704502797335000000,0.10388726277866794,paolo-laptop,smartwatts-formula
power_consumption,1704502798337000000,0.11674299007103936,paolo-laptop,smartwatts-formula
power_consumption,1704502799339000000,0.09639852355986586,paolo-laptop,smartwatts-formula
power_consumption,1704502800341000000,0.11169678315271504,paolo-laptop,smartwatts-formula
power_consumption,1704502801347000000,0.10778136496183258,paolo-laptop,smartwatts-formula
power_consumption,1704502802353000000,0.09049487647922222,paolo-laptop,smartwatts-formula
power_consumption,1704502803355000000,0.12009288286144201,paolo-laptop,smartwatts-formula
power_consumption,1704502804357000000,0.07658122921542607,paolo-laptop,smartwatts-formula
power_consumption,1704502805359000000,0.1138589182827455,paolo-laptop,smartwatts-formula
power_consumption,1704502806362000000,0.07904646586778497,paolo-laptop,smartwatts-formula
power_consumption,1704502807364000000,0.09639891410883612,paolo-laptop,smartwatts-formula
power_consumption,1704502808368000000,0.10856169556016056,paolo-laptop,smartwatts-formula
power_consumption,1704502809372000000,0.06621790862857918,paolo-laptop,smartwatts-formula
power_consumption,1704502810375000000,0.08086564017415038,paolo-laptop,smartwatts-formula
power_consumption,1704502811377000000,0.0713753922532703,paolo-laptop,smartwatts-formula
power_consumption,1704502812379000000,0.08858650353228281,paolo-laptop,smartwatts-formula
power_consumption,1704502813381000000,0.09160037127267065,paolo-laptop,smartwatts-formula
power_consumption,1704502814383000000,0.10551708693255912,paolo-laptop,smartwatts-formula
power_consumption,1704502815393000000,0.12115639624248561,paolo-laptop,smartwatts-formula
power_consumption,1704502816395000000,0.10043476140716129,paolo-laptop,smartwatts-formula
power_consumption,1704502817397000000,0.09742979981272001,paolo-laptop,smartwatts-formula
power_consumption,1704502818398000000,0.08311905021946277,paolo-laptop,smartwatts-formula
power_consumption,1704502819404000000,0.11398391065243346,paolo-laptop,smartwatts-formula
power_consumption,1704502820409000000,0.1325396664166727,paolo-laptop,smartwatts-formula
power_consumption,1704502821413000000,0.0709231559121475,paolo-laptop,smartwatts-formula
power_consumption,1704502822418000000,0.11519624937836442,paolo-laptop,smartwatts-formula
power_consumption,1704502823423000000,0.28658559993914495,paolo-laptop,smartwatts-formula
power_consumption,1704502824428000000,0.11171779151786956,paolo-laptop,smartwatts-formula
power_consumption,1704502826449000000,0.0698649059283392,paolo-laptop,smartwatts-formula
power_consumption,1704502827459000000,0.2918109981186399,paolo-laptop,smartwatts-formula
power_consumption,1704502828462000000,0.07994737448738712,paolo-laptop,smartwatts-formula
power_consumption,1704502829464000000,0.11771126539325208,paolo-laptop,smartwatts-formula
power_consumption,1704502830470000000,0.06750208502491686,paolo-laptop,smartwatts-formula
power_consumption,1704502831477000000,0.2416446265612499,paolo-laptop,smartwatts-formula
power_consumption,1704502832479000000,0.07432136959840625,paolo-laptop,smartwatts-formula
power_consumption,1704502833485000000,0.1238316243579044,paolo-laptop,smartwatts-formula
power_consumption,1704502834491000000,0.17549149002898945,paolo-laptop,smartwatts-formula
power_consumption,1704502835495000000,0.11713759198142831,paolo-laptop,smartwatts-formula
power_consumption,1704502836499000000,0.10091185884790783,paolo-laptop,smartwatts-formula
power_consumption,1704502837501000000,0.07352750638262628,paolo-laptop,smartwatts-formula
power_consumption,1704502838506000000,0.12599675905668167,paolo-laptop,smartwatts-formula
power_consumption,1704502839508000000,0.25577452406148093,paolo-laptop,smartwatts-formula
power_consumption,1704502840510000000,0.10715743372755554,paolo-laptop,smartwatts-formula
power_consumption,1704502841513000000,0.19794985980089164,paolo-laptop,smartwatts-formula
power_consumption,1704502844522000000,0.09532719173802563,paolo-laptop,smartwatts-formula
power_consumption,1704502845528000000,0.06713221444131458,paolo-laptop,smartwatts-formula
power_consumption,1704502848538000000,0.06420916603748507,paolo-laptop,smartwatts-formula
power_consumption,1704502849540000000,0.07787992427678123,paolo-laptop,smartwatts-formula
power_consumption,1704502850544000000,0.11754717819960585,paolo-laptop,smartwatts-formula
power_consumption,1704502852550000000,0.07969903771717762,paolo-laptop,smartwatts-formula
power_consumption,1704502853552000000,0.05769163485608018,paolo-laptop,smartwatts-formula
power_consumption,1704502854556000000,0.1233910971997324,paolo-laptop,smartwatts-formula
power_consumption,1704502855558000000,0.10069668699594524,paolo-laptop,smartwatts-formula
power_consumption,1704502856559000000,0.1230871753000406,paolo-laptop,smartwatts-formula
power_consumption,1704502857561000000,0.0945036659481776,paolo-laptop,smartwatts-formula
power_consumption,1704502858565000000,0.06943355859169878,paolo-laptop,smartwatts-formula
power_consumption,1704502859566000000,0.1042967163726175,paolo-laptop,smartwatts-formula
power_consumption,1704502860568000000,0.07264638130558879,paolo-laptop,smartwatts-formula
power_consumption,1704502861570000000,0.07290521912393069,paolo-laptop,smartwatts-formula
power_consumption,1704502862571000000,0.1242082214147062,paolo-laptop,smartwatts-formula
power_consumption,1704502863575000000,0.08221095876267796,paolo-laptop,smartwatts-formula
power_consumption,1704502864577000000,0.08299516674042226,paolo-laptop,smartwatts-formula
power_consumption,1704502865579000000,0.26283858919927094,paolo-laptop,smartwatts-formula
power_consumption,1704502866581000000,0.0827988915405823,paolo-laptop,smartwatts-formula
power_consumption,1704502867584000000,0.1203695422719584,paolo-laptop,smartwatts-formula
power_consumption,1704502868587000000,0.10513857377055495,paolo-laptop,smartwatts-formula
power_consumption,1704502869590000000,0.10264529627218003,paolo-laptop,smartwatts-formula
power_consumption,1704502870592000000,0.09326956042726202,paolo-laptop,smartwatts-formula
power_consumption,1704502871594000000,0.10160812379678012,paolo-laptop,smartwatts-formula
power_consumption,1704502872597000000,0.09683757274081708,paolo-laptop,smartwatts-formula
power_consumption,1704502873598000000,0.11416749795371421,paolo-laptop,smartwatts-formula
power_consumption,1704502874600000000,0.120270342673161,paolo-laptop,smartwatts-formula
power_consumption,1704502875602000000,0.06462130310410556,paolo-laptop,smartwatts-formula
power_consumption,1704502876604000000,0.12323216596944328,paolo-laptop,smartwatts-formula
power_consumption,1704502877606000000,0.10623673824339831,paolo-laptop,smartwatts-formula
power_consumption,1704502878609000000,0.11349555940256607,paolo-laptop,smartwatts-formula
power_consumption,1704502879614000000,0.10756877827394674,paolo-laptop,smartwatts-formula
power_consumption,1704502880619000000,0.08213268063389607,paolo-laptop,smartwatts-formula
power_consumption,1704502881621000000,0.07107171476488712,paolo-laptop,smartwatts-formula
power_consumption,1704502882623000000,0.11485191151064253,paolo-laptop,smartwatts-formula
power_consumption,1704502883625000000,0.12282854157163864,paolo-laptop,smartwatts-formula
power_consumption,1704502884628000000,0.0786674268126651,paolo-laptop,smartwatts-formula
power_consumption,1704502885631000000,0.21346379568759133,paolo-laptop,smartwatts-formula
power_consumption,1704502886633000000,0.07124198039210344,paolo-laptop,smartwatts-formula
power_consumption,1704502887635000000,0.1393842664345199,paolo-laptop,smartwatts-formula
power_consumption,1704502888637000000,0.13760081189243473,paolo-laptop,smartwatts-formula
power_consumption,1704502889639000000,0.11516401164474942,paolo-laptop,smartwatts-formula
power_consumption,1704502890641000000,0.12572749591691038,paolo-laptop,smartwatts-formula
power_consumption,1704502891646000000,0.11346621462487178,paolo-laptop,smartwatts-formula
power_consumption,1704502892648000000,0.12103939152975632,paolo-laptop,smartwatts-formula
power_consumption,1704502893651000000,0.12541624519543282,paolo-laptop,smartwatts-formula
power_consumption,1704502894652000000,0.1088619500377555,paolo-laptop,smartwatts-formula
power_consumption,1704502895654000000,0.11021706479908172,paolo-laptop,smartwatts-formula
power_consumption,1704502896656000000,0.12368271540048295,paolo-laptop,smartwatts-formula
power_consumption,1704502897657000000,0.12490654889307326,paolo-laptop,smartwatts-formula
power_consumption,1704502898659000000,0.12800787332381147,paolo-laptop,smartwatts-formula
power_consumption,1704502899660000000,0.10980126931640911,paolo-laptop,smartwatts-formula
power_consumption,1704502900662000000,0.14245304900218908,paolo-laptop,smartwatts-formula
power_consumption,1704502901664000000,0.11797298841611975,paolo-laptop,smartwatts-formula
power_consumption,1704502902665000000,0.11558860366889642,paolo-laptop,smartwatts-formula
power_consumption,1704502903667000000,0.11961749776435418,paolo-laptop,smartwatts-formula
power_consumption,1704502904669000000,0.12367049145650373,paolo-laptop,smartwatts-formula
power_consumption,1704502905672000000,0.1532352000535799,paolo-laptop,smartwatts-formula
power_consumption,1704502906675000000,0.15436544847824374,paolo-laptop,smartwatts-formula
power_consumption,1704502907677000000,0.12290130664657697,paolo-laptop,smartwatts-formula
power_consumption,1704502908679000000,0.12526057452050826,paolo-laptop,smartwatts-formula
power_consumption,1704502909682000000,0.17521068335125425,paolo-laptop,smartwatts-formula
power_consumption,1704502910686000000,0.2681662888104744,paolo-laptop,smartwatts-formula
power_consumption,1704502911691000000,0.1210948051506471,paolo-laptop,smartwatts-formula
power_consumption,1704502912696000000,0.20624569358444408,paolo-laptop,smartwatts-formula
power_consumption,1704502913701000000,0.478932681378638,paolo-laptop,smartwatts-formula
power_consumption,1704502914706000000,0.21150329008828994,paolo-laptop,smartwatts-formula
power_consumption,1704502915710000000,0.07760332962850547,paolo-laptop,smartwatts-formula
power_consumption,1704502917717000000,0.28611859196160205,paolo-laptop,smartwatts-formula
power_consumption,1704502918719000000,0.1143416232866279,paolo-laptop,smartwatts-formula
power_consumption,1704502919723000000,0.23683102314840276,paolo-laptop,smartwatts-formula
power_consumption,1704502920725000000,0.10855307375647462,paolo-laptop,smartwatts-formula
power_consumption,1704502921726000000,0.12780573382434568,paolo-laptop,smartwatts-formula
power_consumption,1704502922730000000,0.10478590510747592,paolo-laptop,smartwatts-formula
power_consumption,1704502923732000000,0.14207158399196515,paolo-laptop,smartwatts-formula
power_consumption,1704502924733000000,0.12645658512213667,paolo-laptop,smartwatts-formula
power_consumption,1704502925735000000,0.14232202755073028,paolo-laptop,smartwatts-formula
power_consumption,1704502926740000000,0.08254105072485747,paolo-laptop,smartwatts-formula
power_consumption,1704502927746000000,0.24907690704178698,paolo-laptop,smartwatts-formula
power_consumption,1704502928751000000,0.198546520649764,paolo-laptop,smartwatts-formula
power_consumption,1704502929753000000,0.11824064555988967,paolo-laptop,smartwatts-formula
power_consumption,1704502930757000000,0.07288921814228157,paolo-laptop,smartwatts-formula
power_consumption,1704502931760000000,0.2250311937328919,paolo-laptop,smartwatts-formula
power_consumption,1704502932761000000,0.12096783642263108,paolo-laptop,smartwatts-formula
power_consumption,1704502933765000000,0.11478351178682468,paolo-laptop,smartwatts-formula
power_consumption,1704502934766000000,0.08231107504433068,paolo-laptop,smartwatts-formula
power_consumption,1704502935768000000,0.13909759419276568,paolo-laptop,smartwatts-formula
power_consumption,1704502936772000000,0.15668987158197206,paolo-laptop,smartwatts-formula
power_consumption,1704502937774000000,0.15699135464875288,paolo-laptop,smartwatts-formula
power_consumption,1704502938777000000,0.11579251379248473,paolo-laptop,smartwatts-formula
power_consumption,1704502939779000000,0.12641629000893648,paolo-laptop,smartwatts-formula
power_consumption,1704502940783000000,0.10789391320174636,paolo-laptop,smartwatts-formula
power_consumption,1704502941785000000,0.10746099850786807,paolo-laptop,smartwatts-formula
power_consumption,1704502942788000000,0.11693649905165021,paolo-laptop,smartwatts-formula
power_consumption,1704502943790000000,0.07779544665465703,paolo-laptop,smartwatts-formula
power_consumption,1704502944792000000,0.07670738040763146,paolo-laptop,smartwatts-formula
power_consumption,1704502945795000000,0.12385785314259842,paolo-laptop,smartwatts-formula
power_consumption,1704502946798000000,0.12164777675583827,paolo-laptop,smartwatts-formula
power_consumption,1704502947800000000,0.0672503554864857,paolo-laptop,smartwatts-formula
power_consumption,1704502948804000000,0.12691746278436697,paolo-laptop,smartwatts-formula
power_consumption,1704502949807000000,0.200244135044844,paolo-laptop,smartwatts-formula
power_consumption,1704502950808000000,0.11767812210288588,paolo-laptop,smartwatts-formula
power_consumption,1704502951812000000,0.11876833161294759,paolo-laptop,smartwatts-formula
power_consumption,1704502952818000000,0.2639395339520619,paolo-laptop,smartwatts-formula
power_consumption,1704502953820000000,0.13015929179189736,paolo-laptop,smartwatts-formula
power_consumption,1704502954822000000,0.11137022680185729,paolo-laptop,smartwatts-formula
power_consumption,1704502955826000000,0.10207806793429544,paolo-laptop,smartwatts-formula
power_consumption,1704502956828000000,0.22171989434877318,paolo-laptop,smartwatts-formula
power_consumption,1704502957832000000,0.1264016925050206,paolo-laptop,smartwatts-formula
power_consumption,1704502958834000000,0.11451342001977761,paolo-laptop,smartwatts-formula
power_consumption,1704502959835000000,0.1437321672126042,paolo-laptop,smartwatts-formula
power_consumption,1704502960840000000,0.12549896572701819,paolo-laptop,smartwatts-formula
power_consumption,1704502961846000000,0.08139870071391131,paolo-laptop,smartwatts-formula
power_consumption,1704502962849000000,0.2837269350813218,paolo-laptop,smartwatts-formula
power_consumption,1704502963851000000,0.12167041605655084,paolo-laptop,smartwatts-formula
power_consumption,1704502964853000000,0.1949389912518044,paolo-laptop,smartwatts-formula
power_consumption,1704502965858000000,0.12630431784901314,paolo-laptop,smartwatts-formula
power_consumption,1704502966862000000,0.17777468960834727,paolo-laptop,smartwatts-formula
power_consumption,1704502967864000000,0.08271617270616062,paolo-laptop,smartwatts-formula
power_consumption,1704502968868000000,0.08159511856755605,paolo-laptop,smartwatts-formula
power_consumption,1704502969872000000,0.15500168182431426,paolo-laptop,smartwatts-formula
power_consumption,1704502970874000000,0.08086595755099919,paolo-laptop,smartwatts-formula
power_consumption,1704502972882000000,0.12060948653262282,paolo-laptop,smartwatts-formula
power_consumption,1704502973886000000,0.08263217163777462,paolo-laptop,smartwatts-formula
power_consumption,1704502974892000000,0.1244752515270582,paolo-laptop,smartwatts-formula
power_consumption,1704502975895000000,0.38156348685388813,paolo-laptop,smartwatts-formula
power_consumption,1704502976898000000,0.1579903658685564,paolo-laptop,smartwatts-formula
power_consumption,1704502977903000000,0.1401559256005544,paolo-laptop,smartwatts-formula
power_consumption,1704502978905000000,0.07573934438284889,paolo-laptop,smartwatts-formula
power_consumption,1704502979909000000,0.12395082760975755,paolo-laptop,smartwatts-formula
power_consumption,1704502980911000000,0.10533650502677658,paolo-laptop,smartwatts-formula
power_consumption,1704502981916000000,0.39460453918945004,paolo-laptop,smartwatts-formula
power_consumption,1704502982920000000,0.12743758267116068,paolo-laptop,smartwatts-formula
power_consumption,1704502983922000000,0.14517780516269158,paolo-laptop,smartwatts-formula
power_consumption,1704502984923000000,0.10455950760106072,paolo-laptop,smartwatts-formula
power_consumption,1704502985925000000,0.12878088893649767,paolo-laptop,smartwatts-formula
power_consumption,1704502986927000000,0.17380430615510495,paolo-laptop,smartwatts-formula
power_consumption,1704502987929000000,0.15124600517902204,paolo-laptop,smartwatts-formula
power_consumption,1704502988935000000,0.11633894896410317,paolo-laptop,smartwatts-formula
power_consumption,1704502989937000000,0.20350086313249346,paolo-laptop,smartwatts-formula
power_consumption,1704502990940000000,0.11523990988923813,paolo-laptop,smartwatts-formula
power_consumption,1704502991942000000,0.07753889466556833,paolo-laptop,smartwatts-formula
power_consumption,1704502992944000000,0.10734741292134392,paolo-laptop,smartwatts-formula
power_consumption,1704502993947000000,0.12410467946943475,paolo-laptop,smartwatts-formula
power_consumption,1704502994950000000,0.1280301319014649,paolo-laptop,smartwatts-formula
power_consumption,1704502995951000000,0.12662916110796732,paolo-laptop,smartwatts-formula
power_consumption,1704502996953000000,0.06697593376655955,paolo-laptop,smartwatts-formula
power_consumption,1704502997955000000,0.31878836905315033,paolo-laptop,smartwatts-formula
power_consumption,1704502998957000000,0.08043157303887907,paolo-laptop,smartwatts-formula
power_consumption,1704502999959000000,0.0855880014444262,paolo-laptop,smartwatts-formula
power_consumption,1704503000961000000,0.084359727144246,paolo-laptop,smartwatts-formula
power_consumption,1704503001962000000,0.07641387741844902,paolo-laptop,smartwatts-formula
power_consumption,1704503002964000000,0.14729018094001067,paolo-laptop,smartwatts-formula
power_consumption,1704503003966000000,0.4334360445076741,paolo-laptop,smartwatts-formula
power_consumption,1704503004967000000,0.22390466753111526,paolo-laptop,smartwatts-formula
power_consumption,1704503005969000000,0.07036097700889653,paolo-laptop,smartwatts-formula
power_consumption,1704503006975000000,0.07898261113749068,paolo-laptop,smartwatts-formula
power_consumption,1704503007977000000,0.08080379203390732,paolo-laptop,smartwatts-formula
power_consumption,1704503008979000000,0.14393030023530548,paolo-laptop,smartwatts-formula
power_consumption,1704503009981000000,0.1225415309707687,paolo-laptop,smartwatts-formula
power_consumption,1704503010984000000,0.13188237312310933,paolo-laptop,smartwatts-formula
power_consumption,1704503011988000000,0.22894663114318203,paolo-laptop,smartwatts-formula
power_consumption,1704503012990000000,0.29250001352757615,paolo-laptop,smartwatts-formula
power_consumption,1704503013991000000,0.21968947802258643,paolo-laptop,smartwatts-formula
power_consumption,1704503014995000000,0.11760167102186735,paolo-laptop,smartwatts-formula
power_consumption,1704503015997000000,0.2789186076237838,paolo-laptop,smartwatts-formula
power_consumption,1704503017002000000,0.26519965964025666,paolo-laptop,smartwatts-formula
power_consumption,1704503018007000000,0.2223362272407242,paolo-laptop,smartwatts-formula
power_consumption,1704503019011000000,0.19409718650099256,paolo-laptop,smartwatts-formula
power_consumption,1704503020015000000,0.21592934331137836,paolo-laptop,smartwatts-formula
power_consumption,1704503021018000000,0.114979017296149,paolo-laptop,smartwatts-formula
power_consumption,1704503022020000000,0.12984144975264839,paolo-laptop,smartwatts-formula
power_consumption,1704503023021000000,0.1278989016432012,paolo-laptop,smartwatts-formula
power_consumption,1704503024023000000,0.1423257897480928,paolo-laptop,smartwatts-formula
power_consumption,1704503025027000000,0.21671160513664028,paolo-laptop,smartwatts-formula
power_consumption,1704503026032000000,0.1860959575052054,paolo-laptop,smartwatts-formula
power_consumption,1704503027033000000,0.11644838777934642,paolo-laptop,smartwatts-formula
power_consumption,1704503028037000000,0.12527456351866167,paolo-laptop,smartwatts-formula
power_consumption,1704503029045000000,0.1113391626286214,paolo-laptop,smartwatts-formula
power_consumption,1704503030049000000,0.07218021057391953,paolo-laptop,smartwatts-formula
power_consumption,1704503031054000000,0.2451122333469288,paolo-laptop,smartwatts-formula
power_consumption,1704503032059000000,0.39159792753987566,paolo-laptop,smartwatts-formula
power_consumption,1704503033064000000,0.13799140245379576,paolo-laptop,smartwatts-formula
power_consumption,1704503034069000000,0.22958015573182225,paolo-laptop,smartwatts-formula
power_consumption,1704503035073000000,0.21636469311811538,paolo-laptop,smartwatts-formula
power_consumption,1704503036078000000,0.13208522324420297,paolo-laptop,smartwatts-formula
power_consumption,1704503037083000000,0.13847695971054938,paolo-laptop,smartwatts-formula
power_consumption,1704503038087000000,0.2997436765862046,paolo-laptop,smartwatts-formula
power_consumption,1704503039088000000,0.07346398228921742,paolo-laptop,smartwatts-formula
power_consumption,1704503040090000000,0.10916014125327578,paolo-laptop,smartwatts-formula
power_consumption,1704503041093000000,0.07358930424688628,paolo-laptop,smartwatts-formula
power_consumption,1704503042097000000,0.08367200477774692,paolo-laptop,smartwatts-formula
power_consumption,1704503043098000000,0.08070163409957122,paolo-laptop,smartwatts-formula
power_consumption,1704503044100000000,0.14285469572143963,paolo-laptop,smartwatts-formula
power_consumption,1704503045101000000,0.15471954165979745,paolo-laptop,smartwatts-formula
power_consumption,1704503046103000000,0.07459657647882725,paolo-laptop,smartwatts-formula
power_consumption,1704503047107000000,0.11295562566734134,paolo-laptop,smartwatts-formula
power_consumption,1704503048109000000,0.10344016075115085,paolo-laptop,smartwatts-formula
power_consumption,1704503049111000000,0.07909068936028756,paolo-laptop,smartwatts-formula
power_consumption,1704503050114000000,0.12862002613055126,paolo-laptop,smartwatts-formula
power_consumption,1704503051115000000,0.08111981267077685,paolo-laptop,smartwatts-formula
power_consumption,1704503052119000000,0.10857731919587585,paolo-laptop,smartwatts-formula
power_consumption,1704503053123000000,0.15367492677726996,paolo-laptop,smartwatts-formula
power_consumption,1704503054128000000,0.12712694332864047,paolo-laptop,smartwatts-formula
power_consumption,1704503055133000000,0.10599916590101144,paolo-laptop,smartwatts-formula
power_consumption,1704503056137000000,0.12414505686967699,paolo-laptop,smartwatts-formula
power_consumption,1704503057139000000,0.08252399384990665,paolo-laptop,smartwatts-formula
power_consumption,1704503058142000000,0.09820738898553734,paolo-laptop,smartwatts-formula
power_consumption,1704503059146000000,0.13046379153610685,paolo-laptop,smartwatts-formula
power_consumption,1704503060148000000,0.20276140334919188,paolo-laptop,smartwatts-formula
power_consumption,1704503061150000000,0.19586119243792458,paolo-laptop,smartwatts-formula
power_consumption,1704503062152000000,0.10855163657630766,paolo-laptop,smartwatts-formula
power_consumption,1704503063154000000,0.14879431025975223,paolo-laptop,smartwatts-formula
power_consumption,1704503064156000000,0.12852237143548242,paolo-laptop,smartwatts-formula
power_consumption,1704503065158000000,0.07547401658773134,paolo-laptop,smartwatts-formula
power_consumption,1704503066160000000,0.12883603883486497,paolo-laptop,smartwatts-formula
power_consumption,1704503068164000000,0.2317177751918374,paolo-laptop,smartwatts-formula
power_consumption,1704503069165000000,0.09787570339389201,paolo-laptop,smartwatts-formula
power_consumption,1704503070167000000,0.08228331758999262,paolo-laptop,smartwatts-formula
power_consumption,1704503071168000000,0.0819378945971513,paolo-laptop,smartwatts-formula
power_consumption,1704503072172000000,0.21932901116863857,paolo-laptop,smartwatts-formula
power_consumption,1704503073175000000,0.2240263327930479,paolo-laptop,smartwatts-formula
power_consumption,1704503074179000000,0.18683893965618442,paolo-laptop,smartwatts-formula
power_consumption,1704503075183000000,0.1427694588811445,paolo-laptop,smartwatts-formula
power_consumption,1704503076188000000,0.19291689685742258,paolo-laptop,smartwatts-formula
power_consumption,1704503077194000000,0.13577215936993534,paolo-laptop,smartwatts-formula
power_consumption,1704503078201000000,0.26252213418357107,paolo-laptop,smartwatts-formula
power_consumption,1704503079207000000,0.2182312629618252,paolo-laptop,smartwatts-formula
power_consumption,1704503080213000000,0.38901276982257305,paolo-laptop,smartwatts-formula
power_consumption,1704503081219000000,0.2720832692010157,paolo-laptop,smartwatts-formula
power_consumption,1704503082223000000,0.11421149589343435,paolo-laptop,smartwatts-formula
power_consumption,1704503083227000000,0.2302793227784093,paolo-laptop,smartwatts-formula
power_consumption,1704503084232000000,0.4043335211310179,paolo-laptop,smartwatts-formula
power_consumption,1704503085241000000,0.0797647611866866,paolo-laptop,smartwatts-formula
power_consumption,1704503086242000000,0.14124185150044458,paolo-laptop,smartwatts-formula
power_consumption,1704503087246000000,0.2706165705281545,paolo-laptop,smartwatts-formula
power_consumption,1704503088250000000,0.08196412915932011,paolo-laptop,smartwatts-formula
power_consumption,1704503089252000000,0.21899962630623776,paolo-laptop,smartwatts-formula
power_consumption,1704503090254000000,0.4230750377684078,paolo-laptop,smartwatts-formula
power_consumption,1704503091258000000,0.0803654837458809,paolo-laptop,smartwatts-formula
power_consumption,1704503092261000000,0.22219487539941563,paolo-laptop,smartwatts-formula
power_consumption,1704503093265000000,0.4029363916197423,paolo-laptop,smartwatts-formula
power_consumption,1704503094269000000,0.195058398482134,paolo-laptop,smartwatts-formula
power_consumption,1704503095273000000,0.28619312048184997,paolo-laptop,smartwatts-formula
power_consumption,1704503096278000000,0.4002769527452083,paolo-laptop,smartwatts-formula
power_consumption,1704503097282000000,0.30406709747117344,paolo-laptop,smartwatts-formula
power_consumption,1704503098286000000,0.2250639613118457,paolo-laptop,smartwatts-formula
power_consumption,1704503099290000000,0.26864674452284826,paolo-laptop,smartwatts-formula
power_consumption,1704503100291000000,0.11053086248094354,paolo-laptop,smartwatts-formula
power_consumption,1704503101295000000,0.1477143909880906,paolo-laptop,smartwatts-formula
power_consumption,1704503102299000000,0.1245189176394211,paolo-laptop,smartwatts-formula
power_consumption,1704503103304000000,0.1216317959338518,paolo-laptop,smartwatts-formula
power_consumption,1704503104306000000,0.12511811740364867,paolo-laptop,smartwatts-formula
power_consumption,1704503105308000000,0.10559396123870961,paolo-laptop,smartwatts-formula
power_consumption,1704503106314000000,0.11964242370723223,paolo-laptop,smartwatts-formula
power_consumption,1704503107315000000,0.08152752374169604,paolo-laptop,smartwatts-formula
power_consumption,1704503108317000000,0.11000395162615975,paolo-laptop,smartwatts-formula
power_consumption,1704503109319000000,0.09922156277283936,paolo-laptop,smartwatts-formula
power_consumption,1704503110323000000,0.10978977310930098,paolo-laptop,smartwatts-formula
power_consumption,1704503111326000000,0.2279747196486679,paolo-laptop,smartwatts-formula
power_consumption,1704503112328000000,0.11891937197612396,paolo-laptop,smartwatts-formula
power_consumption,1704503113330000000,0.13341779301210918,paolo-laptop,smartwatts-formula
power_consumption,1704503114332000000,0.17276354887875572,paolo-laptop,smartwatts-formula
power_consumption,1704503115335000000,0.10791724754312146,paolo-laptop,smartwatts-formula
power_consumption,1704503116337000000,0.150755131905637,paolo-laptop,smartwatts-formula
power_consumption,1704503117340000000,0.11757642090869538,paolo-laptop,smartwatts-formula
power_consumption,1704503118342000000,0.07383115449755126,paolo-laptop,smartwatts-formula
power_consumption,1704503119344000000,0.08617703312546801,paolo-laptop,smartwatts-formula
power_consumption,1704503120346000000,0.09511860306515452,paolo-laptop,smartwatts-formula
power_consumption,1704503121348000000,0.12454621965986544,paolo-laptop,smartwatts-formula
power_consumption,1704503122350000000,0.13501519638558257,paolo-laptop,smartwatts-formula
power_consumption,1704503123352000000,0.09282384070702901,paolo-laptop,smartwatts-formula
power_consumption,1704503124354000000,0.08220830249750069,paolo-laptop,smartwatts-formula
power_consumption,1704503125356000000,0.12382894385778402,paolo-laptop,smartwatts-formula
power_consumption,1704503126358000000,0.13754307814689776,paolo-laptop,smartwatts-formula
power_consumption,1704503127361000000,0.07068675047120618,paolo-laptop,smartwatts-formula
power_consumption,1704503128363000000,0.08826399318416639,paolo-laptop,smartwatts-formula
power_consumption,1704503129365000000,0.15730935611762115,paolo-laptop,smartwatts-formula
power_consumption,1704503130367000000,0.07798262145992721,paolo-laptop,smartwatts-formula
power_consumption,1704503131370000000,0.08174928350827335,paolo-laptop,smartwatts-formula
power_consumption,1704503132376000000,0.12271116611059191,paolo-laptop,smartwatts-formula
power_consumption,1704503133380000000,0.22637696848798736,paolo-laptop,smartwatts-formula
power_consumption,1704503134382000000,0.12501120975187957,paolo-laptop,smartwatts-formula
power_consumption,1704503135384000000,0.0892692513588839,paolo-laptop,smartwatts-formula
power_consumption,1704503136386000000,0.1104463914508506,paolo-laptop,smartwatts-formula
power_consumption,1704503137390000000,0.09278981001027167,paolo-laptop,smartwatts-formula
power_consumption,1704503138392000000,0.13869514806089017,paolo-laptop,smartwatts-formula
power_consumption,1704503139397000000,0.12187353824585204,paolo-laptop,smartwatts-formula
power_consumption,1704503140399000000,0.0942121523947491,paolo-laptop,smartwatts-formula
power_consumption,1704503141402000000,0.11855742242383598,paolo-laptop,smartwatts-formula
power_consumption,1704503142404000000,0.08170078172618012,paolo-laptop,smartwatts-formula
power_consumption,1704503143407000000,0.09135834576111568,paolo-laptop,smartwatts-formula
power_consumption,1704503144409000000,0.07904468396666621,paolo-laptop,smartwatts-formula
power_consumption,1704503145411000000,0.12956043256897434,paolo-laptop,smartwatts-formula
power_consumption,1704503146417000000,0.09556072042580505,paolo-laptop,smartwatts-formula
power_consumption,1704503147419000000,0.14790599752799616,paolo-laptop,smartwatts-formula
power_consumption,1704503148421000000,0.0861948670318116,paolo-laptop,smartwatts-formula
power_consumption,1704503149423000000,0.10304217481095919,paolo-laptop,smartwatts-formula
power_consumption,1704503150427000000,0.15546707064494275,paolo-laptop,smartwatts-formula
power_consumption,1704503151433000000,0.09744703092829918,paolo-laptop,smartwatts-formula
power_consumption,1704503152438000000,0.10738134726299087,paolo-laptop,smartwatts-formula
power_consumption,1704503153440000000,0.10773637754215935,paolo-laptop,smartwatts-formula
power_consumption,1704503154444000000,0.14432020719199656,paolo-laptop,smartwatts-formula
power_consumption,1704503155448000000,0.3238963164470319,paolo-laptop,smartwatts-formula
power_consumption,1704503156450000000,0.07234890808472978,paolo-laptop,smartwatts-formula
power_consumption,1704503157452000000,0.11911194055933538,paolo-laptop,smartwatts-formula
power_consumption,1704503158454000000,0.12790884756211862,paolo-laptop,smartwatts-formula
power_consumption,1704503159458000000,0.07414941500516373,paolo-laptop,smartwatts-formula
power_consumption,1704503160461000000,0.09468893790150457,paolo-laptop,smartwatts-formula
power_consumption,1704503161463000000,0.14686506526965337,paolo-laptop,smartwatts-formula
power_consumption,1704503162467000000,0.07300427810536946,paolo-laptop,smartwatts-formula
power_consumption,1704503163469000000,0.2313209505922565,paolo-laptop,smartwatts-formula
power_consumption,1704503164470000000,0.13403717242647883,paolo-laptop,smartwatts-formula
power_consumption,1704503165474000000,0.2593508017430932,paolo-laptop,smartwatts-formula
power_consumption,1704503166476000000,0.12531537400980483,paolo-laptop,smartwatts-formula
power_consumption,1704503167478000000,0.13760998878536732,paolo-laptop,smartwatts-formula
power_consumption,1704503168480000000,0.1644807302370777,paolo-laptop,smartwatts-formula
power_consumption,1704503169481000000,0.12462218534860603,paolo-laptop,smartwatts-formula
power_consumption,1704503170486000000,0.08506476883877626,paolo-laptop,smartwatts-formula
power_consumption,1704503171490000000,0.07282608539448589,paolo-laptop,smartwatts-formula
power_consumption,1704503172492000000,0.13332784656026886,paolo-laptop,smartwatts-formula
power_consumption,1704503173494000000,0.12559487449517479,paolo-laptop,smartwatts-formula
power_consumption,1704503174496000000,0.12076911894989825,paolo-laptop,smartwatts-formula
power_consumption,1704503175500000000,0.0865712879617545,paolo-laptop,smartwatts-formula
power_consumption,1704503176502000000,0.12424455018190343,paolo-laptop,smartwatts-formula
power_consumption,1704503177503000000,0.12975732308598142,paolo-laptop,smartwatts-formula
power_consumption,1704503178505000000,0.4528447134981287,paolo-laptop,smartwatts-formula
power_consumption,1704503179509000000,0.3961663518976863,paolo-laptop,smartwatts-formula
power_consumption,1704503180513000000,0.4572262711773472,paolo-laptop,smartwatts-formula
