name,time,power,sensor,target
power_consumption,1704855573058000000,0.0800597040214869,paolo-laptop,mongo_source
power_consumption,1704855577066000000,0.05502954158974118,paolo-laptop,mongo_source
power_consumption,1704855578067000000,0.04945627550012228,paolo-laptop,mongo_source
power_consumption,1704855580070000000,0.04470156697048406,paolo-laptop,mongo_source
power_consumption,1704855581071000000,0.042980913459097186,paolo-laptop,mongo_source
power_consumption,1704855582072000000,0.07240405494007508,paolo-laptop,mongo_source
power_consumption,1704855583074000000,0.04132052955025821,paolo-laptop,mongo_source
power_consumption,1704855584076000000,0.04408304920456125,paolo-laptop,mongo_source
power_consumption,1704855586080000000,0.04174945490927765,paolo-laptop,mongo_source
power_consumption,1704855587081000000,0.030570362290168338,paolo-laptop,mongo_source
power_consumption,1704855588082000000,0.031142877434939726,paolo-laptop,mongo_source
power_consumption,1704855589084000000,0.030343669189886652,paolo-laptop,mongo_source
power_consumption,1704855590086000000,0.031002821982719638,paolo-laptop,mongo_source
power_consumption,1704855591087000000,0.0346556109820452,paolo-laptop,mongo_source
power_consumption,1704855592092000000,0.06518875263590956,paolo-laptop,mongo_source
power_consumption,1704855594094000000,0.033748801320459834,paolo-laptop,mongo_source
power_consumption,1704855596099000000,0.03200910771643405,paolo-laptop,mongo_source
power_consumption,1704855599103000000,0.030594202693589596,paolo-laptop,mongo_source
power_consumption,1704855600105000000,0.031492060110499695,paolo-laptop,mongo_source
power_consumption,1704855602108000000,0.0660231125109472,paolo-laptop,mongo_source
power_consumption,1704855604110000000,0.03248202842232416,paolo-laptop,mongo_source
power_consumption,1704855605111000000,0.030308301708714208,paolo-laptop,mongo_source
power_consumption,1704855606113000000,0.03100478317047318,paolo-laptop,mongo_source
power_consumption,1704855609117000000,0.0267644213964366,paolo-laptop,mongo_source
power_consumption,1704855610118000000,0.044966423449564,paolo-laptop,mongo_source
power_consumption,1704855611120000000,0.03265386495040842,paolo-laptop,mongo_source
power_consumption,1704855612121000000,0.06592950303008083,paolo-laptop,mongo_source
power_consumption,1704855613123000000,0.047197361324426826,paolo-laptop,mongo_source
power_consumption,1704855614124000000,0.04868303385106246,paolo-laptop,mongo_source
power_consumption,1704855615125000000,0.04218427872317154,paolo-laptop,mongo_source
power_consumption,1704855616126000000,0.04341378088026862,paolo-laptop,mongo_source
power_consumption,1704855617128000000,0.04261428453043085,paolo-laptop,mongo_source
power_consumption,1704855618129000000,0.03329477772346948,paolo-laptop,mongo_source
power_consumption,1704855619131000000,0.04338877993755988,paolo-laptop,mongo_source
power_consumption,1704855620132000000,0.04659714182574824,paolo-laptop,mongo_source
power_consumption,1704855621134000000,0.021476320488195668,paolo-laptop,mongo_source
power_consumption,1704855622135000000,0.06981538905540541,paolo-laptop,mongo_source
power_consumption,1704855623137000000,0.023963689848915976,paolo-laptop,mongo_source
power_consumption,1704855624141000000,0.05979707596368512,paolo-laptop,mongo_source
power_consumption,1704855626144000000,0.03230141642046134,paolo-laptop,mongo_source
power_consumption,1704855627146000000,0.033078762146403776,paolo-laptop,mongo_source
power_consumption,1704855628149000000,0.03258291961715335,paolo-laptop,mongo_source
power_consumption,1704855629150000000,0.04763601605618712,paolo-laptop,mongo_source
power_consumption,1704855630152000000,0.04953503823103996,paolo-laptop,mongo_source
power_consumption,1704855631154000000,0.05896682121990612,paolo-laptop,mongo_source
power_consumption,1704855632155000000,0.09381157791442173,paolo-laptop,mongo_source
power_consumption,1704855633157000000,0.0437297868073598,paolo-laptop,mongo_source
power_consumption,1704855634158000000,0.034293958755823,paolo-laptop,mongo_source
power_consumption,1704855635160000000,0.033526320612372096,paolo-laptop,mongo_source
power_consumption,1704855636162000000,0.03278190478806076,paolo-laptop,mongo_source
power_consumption,1704855637164000000,0.033466921283283046,paolo-laptop,mongo_source
power_consumption,1704855638166000000,0.032470249041911224,paolo-laptop,mongo_source
power_consumption,1704855639168000000,0.032612238562907764,paolo-laptop,mongo_source
power_consumption,1704855640170000000,0.04908668888994,paolo-laptop,mongo_source
power_consumption,1704855641172000000,0.04982816464660302,paolo-laptop,mongo_source
power_consumption,1704855642179000000,0.09293473576818022,paolo-laptop,mongo_source
power_consumption,1704855643182000000,0.07818122422467479,paolo-laptop,mongo_source
power_consumption,1704855644189000000,0.05870470671148944,paolo-laptop,mongo_source
power_consumption,1704855645195000000,0.04676629822282406,paolo-laptop,mongo_source
power_consumption,1704855646197000000,0.03311016359297188,paolo-laptop,mongo_source
power_consumption,1704855647199000000,0.04851949285212372,paolo-laptop,mongo_source
power_consumption,1704855648202000000,0.050018550153261496,paolo-laptop,mongo_source
power_consumption,1704855649204000000,0.050909537591047146,paolo-laptop,mongo_source
power_consumption,1704855650205000000,0.05676234306771214,paolo-laptop,mongo_source
power_consumption,1704855651208000000,0.05805316149312141,paolo-laptop,mongo_source
power_consumption,1704855652210000000,0.0975281860235696,paolo-laptop,mongo_source
power_consumption,1704855653213000000,0.060340193153240754,paolo-laptop,mongo_source
power_consumption,1704855654215000000,0.030906508226670276,paolo-laptop,mongo_source
power_consumption,1704855655217000000,0.05928053866180539,paolo-laptop,mongo_source
power_consumption,1704855656219000000,0.05772868370180131,paolo-laptop,mongo_source
power_consumption,1704855657221000000,0.054927068678400345,paolo-laptop,mongo_source
power_consumption,1704855658223000000,0.05471207869071652,paolo-laptop,mongo_source
power_consumption,1704855659225000000,0.05808986021679462,paolo-laptop,mongo_source
power_consumption,1704855660227000000,0.10181582233985986,paolo-laptop,mongo_source
power_consumption,1704855661229000000,0.05667466029292691,paolo-laptop,mongo_source
power_consumption,1704855662232000000,0.1410991025871518,paolo-laptop,mongo_source
power_consumption,1704855663234000000,0.058762255101192415,paolo-laptop,mongo_source
power_consumption,1704855664236000000,0.05873475391232241,paolo-laptop,mongo_source
power_consumption,1704855665238000000,0.030073499834224644,paolo-laptop,mongo_source
power_consumption,1704855666240000000,0.028035401586086424,paolo-laptop,mongo_source
power_consumption,1704855667242000000,0.05433218227322188,paolo-laptop,mongo_source
power_consumption,1704855668245000000,0.0562926388153252,paolo-laptop,mongo_source
power_consumption,1704855669247000000,0.054823839452675466,paolo-laptop,mongo_source
power_consumption,1704855670249000000,0.05860874454573767,paolo-laptop,mongo_source
power_consumption,1704855671252000000,0.0555384625759071,paolo-laptop,mongo_source
power_consumption,1704855672253000000,0.0978195338163933,paolo-laptop,mongo_source
power_consumption,1704855673255000000,0.031297569977100696,paolo-laptop,mongo_source
power_consumption,1704855674257000000,0.0319064365733001,paolo-laptop,mongo_source
power_consumption,1704855675263000000,0.029418288583438645,paolo-laptop,mongo_source
power_consumption,1704855676265000000,0.03026218426509284,paolo-laptop,mongo_source
power_consumption,1704855677266000000,0.05075870649986813,paolo-laptop,mongo_source
power_consumption,1704855678268000000,0.05655236326069328,paolo-laptop,mongo_source
power_consumption,1704855679271000000,0.05485938635076507,paolo-laptop,mongo_source
power_consumption,1704855680273000000,0.05724628577664295,paolo-laptop,mongo_source
power_consumption,1704855681279000000,0.06100363369629268,paolo-laptop,mongo_source
power_consumption,1704855682282000000,0.09873656496451076,paolo-laptop,mongo_source
power_consumption,1704855683283000000,0.03217519833566425,paolo-laptop,mongo_source
power_consumption,1704855684286000000,0.030309153844874558,paolo-laptop,mongo_source
power_consumption,1704855685288000000,0.03867374622437726,paolo-laptop,mongo_source
power_consumption,1704855686290000000,0.05874074190176563,paolo-laptop,mongo_source
power_consumption,1704855687293000000,0.056519486927811835,paolo-laptop,mongo_source
power_consumption,1704855688295000000,0.0568644079672499,paolo-laptop,mongo_source
power_consumption,1704855689297000000,0.05674093030955796,paolo-laptop,mongo_source
power_consumption,1704855690300000000,0.05475444651724626,paolo-laptop,mongo_source
power_consumption,1704855691302000000,0.07324876746387302,paolo-laptop,mongo_source
power_consumption,1704855692306000000,0.09602719218756413,paolo-laptop,mongo_source
power_consumption,1704855693308000000,0.0791374282923972,paolo-laptop,mongo_source
power_consumption,1704855694311000000,0.0547585924731205,paolo-laptop,mongo_source
power_consumption,1704855695314000000,0.03925243317096827,paolo-laptop,mongo_source
power_consumption,1704855696315000000,0.03999540494952833,paolo-laptop,mongo_source
power_consumption,1704855697317000000,0.05214703099888996,paolo-laptop,mongo_source
power_consumption,1704855698319000000,0.04098651246093059,paolo-laptop,mongo_source
power_consumption,1704855699321000000,0.04375702173998606,paolo-laptop,mongo_source
power_consumption,1704855700326000000,0.04044729189024129,paolo-laptop,mongo_source
power_consumption,1704855701331000000,0.03922676547678401,paolo-laptop,mongo_source
power_consumption,1704855702333000000,0.09078142057608546,paolo-laptop,mongo_source
power_consumption,1704855703336000000,0.04371257253645425,paolo-laptop,mongo_source
power_consumption,1704855704338000000,0.044344552320196254,paolo-laptop,mongo_source
power_consumption,1704855705344000000,0.059136103555387995,paolo-laptop,mongo_source
power_consumption,1704855706350000000,0.055960230526128224,paolo-laptop,mongo_source
power_consumption,1704855707352000000,0.06257269027618734,paolo-laptop,mongo_source
power_consumption,1704855708354000000,0.02322710605014308,paolo-laptop,mongo_source
power_consumption,1704855709356000000,0.022872598176196524,paolo-laptop,mongo_source
power_consumption,1704855710359000000,0.0387659837419988,paolo-laptop,mongo_source
power_consumption,1704855711361000000,0.05032412586856837,paolo-laptop,mongo_source
power_consumption,1704855712365000000,0.09286029609367105,paolo-laptop,mongo_source
power_consumption,1704855713366000000,0.045093880740298575,paolo-laptop,mongo_source
power_consumption,1704855714368000000,0.04467645933825831,paolo-laptop,mongo_source
power_consumption,1704855715370000000,0.051560860111497214,paolo-laptop,mongo_source
power_consumption,1704855716372000000,0.044752295246476254,paolo-laptop,mongo_source
power_consumption,1704855717374000000,0.05453137793148511,paolo-laptop,mongo_source
power_consumption,1704855718376000000,0.052815234201010954,paolo-laptop,mongo_source
power_consumption,1704855719378000000,0.04504969848756714,paolo-laptop,mongo_source
power_consumption,1704855720380000000,0.047213532770655556,paolo-laptop,mongo_source
power_consumption,1704855721382000000,0.0517178497366809,paolo-laptop,mongo_source
power_consumption,1704855722385000000,0.09879587693821941,paolo-laptop,mongo_source
power_consumption,1704855723387000000,0.05492381603536879,paolo-laptop,mongo_source
power_consumption,1704855724389000000,0.04528679337321455,paolo-laptop,mongo_source
power_consumption,1704855725391000000,0.05378032967727267,paolo-laptop,mongo_source
power_consumption,1704855727395000000,0.05198396636984648,paolo-laptop,mongo_source
power_consumption,1704855730405000000,0.06105623399275495,paolo-laptop,mongo_source
power_consumption,1704855731411000000,0.054524766271671375,paolo-laptop,mongo_source
power_consumption,1704855732413000000,0.10515103329403601,paolo-laptop,mongo_source
power_consumption,1704855733416000000,0.05703463444324345,paolo-laptop,mongo_source
power_consumption,1704855734418000000,0.055855620639433334,paolo-laptop,mongo_source
power_consumption,1704855735421000000,0.05573312754560883,paolo-laptop,mongo_source
power_consumption,1704855736423000000,0.05400434515385307,paolo-laptop,mongo_source
power_consumption,1704855737425000000,0.05837740499170007,paolo-laptop,mongo_source
power_consumption,1704855738431000000,0.0525264113468103,paolo-laptop,mongo_source
power_consumption,1704855739433000000,0.0548051161211363,paolo-laptop,mongo_source
power_consumption,1704855740436000000,0.1267928695611067,paolo-laptop,mongo_source
power_consumption,1704855741438000000,0.054020903884975324,paolo-laptop,mongo_source
power_consumption,1704855742440000000,0.10588606328898185,paolo-laptop,mongo_source
power_consumption,1704855743442000000,0.056535258170022154,paolo-laptop,mongo_source
power_consumption,1704855744444000000,0.05132514935784123,paolo-laptop,mongo_source
power_consumption,1704855745447000000,0.05584114774032386,paolo-laptop,mongo_source
power_consumption,1704855748455000000,0.05494860592912764,paolo-laptop,mongo_source
power_consumption,1704855749457000000,0.05228071573024003,paolo-laptop,mongo_source
power_consumption,1704855758496000000,0.05803774581741261,paolo-laptop,mongo_source
power_consumption,1704855759498000000,0.05625444949625232,paolo-laptop,mongo_source
power_consumption,1704855760500000000,0.05626486696747641,paolo-laptop,mongo_source
power_consumption,1704855761502000000,0.05512753595927632,paolo-laptop,mongo_source
power_consumption,1704855762504000000,0.11299815961999965,paolo-laptop,mongo_source
power_consumption,1704855764509000000,0.05247609569898218,paolo-laptop,mongo_source
power_consumption,1704855765512000000,0.05352410446473359,paolo-laptop,mongo_source
power_consumption,1704855766516000000,0.05404406415468305,paolo-laptop,mongo_source
power_consumption,1704855767517000000,0.05442312369242144,paolo-laptop,mongo_source
power_consumption,1704855768519000000,0.05665734716896668,paolo-laptop,mongo_source
power_consumption,1704855769521000000,0.055143702365704456,paolo-laptop,mongo_source
power_consumption,1704855770523000000,0.05296148070175976,paolo-laptop,mongo_source
power_consumption,1704855771525000000,0.05662820271544687,paolo-laptop,mongo_source
power_consumption,1704855772527000000,0.1123986209889551,paolo-laptop,mongo_source
power_consumption,1704855773529000000,0.058074393214424036,paolo-laptop,mongo_source
power_consumption,1704855774532000000,0.05442708713268293,paolo-laptop,mongo_source
power_consumption,1704855775534000000,0.05816447564031081,paolo-laptop,mongo_source
power_consumption,1704855776536000000,0.055054342748744586,paolo-laptop,mongo_source
power_consumption,1704855777538000000,0.05473246879440212,paolo-laptop,mongo_source
power_consumption,1704855778540000000,0.05390106410169569,paolo-laptop,mongo_source
power_consumption,1704855779543000000,0.058513627804172574,paolo-laptop,mongo_source
power_consumption,1704855780569000000,0.04919605705057498,paolo-laptop,mongo_source
power_consumption,1704855781571000000,0.05499549835877686,paolo-laptop,mongo_source
power_consumption,1704855782573000000,0.11225888346775197,paolo-laptop,mongo_source
power_consumption,1704855783575000000,0.0567680818549091,paolo-laptop,mongo_source
power_consumption,1704855784578000000,0.054867363065034605,paolo-laptop,mongo_source
power_consumption,1704855785580000000,0.055256717930405604,paolo-laptop,mongo_source
power_consumption,1704855786582000000,0.05486223619242443,paolo-laptop,mongo_source
power_consumption,1704855787592000000,0.05256618849991253,paolo-laptop,mongo_source
power_consumption,1704855788594000000,0.05547131071700773,paolo-laptop,mongo_source
power_consumption,1704855789597000000,0.0560017693864172,paolo-laptop,mongo_source
power_consumption,1704855790599000000,0.055272492007160334,paolo-laptop,mongo_source
power_consumption,1704855791601000000,0.05675304180517428,paolo-laptop,mongo_source
power_consumption,1704855792603000000,0.11370957334806783,paolo-laptop,mongo_source
power_consumption,1704855793605000000,0.05900274797702855,paolo-laptop,mongo_source
power_consumption,1704855794607000000,0.029871431803184748,paolo-laptop,mongo_source
power_consumption,1704855795609000000,0.02572369766291046,paolo-laptop,mongo_source
power_consumption,1704855796611000000,0.026624805638790924,paolo-laptop,mongo_source
power_consumption,1704855799617000000,0.025702534669277473,paolo-laptop,mongo_source
power_consumption,1704855800619000000,0.026794742223005777,paolo-laptop,mongo_source
power_consumption,1704855803625000000,0.02712731285784697,paolo-laptop,mongo_source
power_consumption,1704855809645000000,0.027195274319258105,paolo-laptop,mongo_source
power_consumption,1704855810646000000,0.07007729049721806,paolo-laptop,mongo_source
power_consumption,1704855812649000000,0.06914583140472011,paolo-laptop,mongo_source
power_consumption,1704855813651000000,0.05920451273115595,paolo-laptop,mongo_source
power_consumption,1704855814653000000,0.056249767816852564,paolo-laptop,mongo_source
power_consumption,1704855815655000000,0.08830411364880264,paolo-laptop,mongo_source
power_consumption,1704855816658000000,0.060456046070167364,paolo-laptop,mongo_source
power_consumption,1704855817660000000,0.05767089039551741,paolo-laptop,mongo_source
power_consumption,1704855818662000000,0.052058417078934854,paolo-laptop,mongo_source
power_consumption,1704855819664000000,0.055834923485535176,paolo-laptop,mongo_source
power_consumption,1704855820666000000,0.054335036222508626,paolo-laptop,mongo_source
power_consumption,1704855821668000000,0.09159861358828991,paolo-laptop,mongo_source
power_consumption,1704855822670000000,0.07934840223991585,paolo-laptop,mongo_source
power_consumption,1704855823672000000,0.05926414923827253,paolo-laptop,mongo_source
power_consumption,1704855824674000000,0.05358276690321574,paolo-laptop,mongo_source
power_consumption,1704855825677000000,0.09431219617672215,paolo-laptop,mongo_source
power_consumption,1704855826680000000,0.05112110749144074,paolo-laptop,mongo_source
power_consumption,1704855827682000000,0.057143455868508664,paolo-laptop,mongo_source
power_consumption,1704855828684000000,0.05495588173750813,paolo-laptop,mongo_source
power_consumption,1704855829687000000,0.05601445174291374,paolo-laptop,mongo_source
power_consumption,1704855830689000000,0.05736826441050694,paolo-laptop,mongo_source
power_consumption,1704855831692000000,0.05470673232538727,paolo-laptop,mongo_source
power_consumption,1704855832694000000,0.08039532320536927,paolo-laptop,mongo_source
power_consumption,1704855833698000000,0.06040805232788728,paolo-laptop,mongo_source
power_consumption,1704855835702000000,0.05483692136716358,paolo-laptop,mongo_source
power_consumption,1704855836709000000,0.08928938176773339,paolo-laptop,mongo_source
power_consumption,1704855841724000000,0.05946030902293781,paolo-laptop,mongo_source
power_consumption,1704855842726000000,0.07742476181273175,paolo-laptop,mongo_source
power_consumption,1704855844730000000,0.055453596052002306,paolo-laptop,mongo_source
power_consumption,1704855845732000000,0.05214952595317541,paolo-laptop,mongo_source
power_consumption,1704855846734000000,0.056300442798697926,paolo-laptop,mongo_source
power_consumption,1704855849740000000,0.057190881587911246,paolo-laptop,mongo_source
power_consumption,1704855850742000000,0.05691713839349002,paolo-laptop,mongo_source
power_consumption,1704855851744000000,0.06000774609378823,paolo-laptop,mongo_source
power_consumption,1704855857755000000,0.054177844963232726,paolo-laptop,mongo_source
power_consumption,1704855859758000000,0.022475733391368317,paolo-laptop,mongo_source
power_consumption,1704855860763000000,0.0572085375973462,paolo-laptop,mongo_source
power_consumption,1704855863771000000,0.10563467763065994,paolo-laptop,mongo_source
power_consumption,1704855864776000000,0.02254012511280552,paolo-laptop,mongo_source
power_consumption,1704855867783000000,0.05734155717701234,paolo-laptop,mongo_source
power_consumption,1704855868785000000,0.05491692031256463,paolo-laptop,mongo_source
power_consumption,1704855869792000000,0.05213469342140109,paolo-laptop,mongo_source
power_consumption,1704855870794000000,0.05928732566314807,paolo-laptop,mongo_source
power_consumption,1704855871797000000,0.0659923677023732,paolo-laptop,mongo_source
power_consumption,1704855872799000000,0.11405139165883055,paolo-laptop,mongo_source
power_consumption,1704855873802000000,0.06337861688643823,paolo-laptop,mongo_source
power_consumption,1704855874806000000,0.05680443784393532,paolo-laptop,mongo_source
power_consumption,1704855875809000000,0.05647165179745014,paolo-laptop,mongo_source
power_consumption,1704855876813000000,0.05618640936314707,paolo-laptop,mongo_source
power_consumption,1704855877815000000,0.05686891556982165,paolo-laptop,mongo_source
power_consumption,1704855878818000000,0.059605487198481445,paolo-laptop,mongo_source
power_consumption,1704855879821000000,0.054929282541037454,paolo-laptop,mongo_source
power_consumption,1704855880823000000,0.05351265584718524,paolo-laptop,mongo_source
power_consumption,1704855881824000000,0.054068574384255365,paolo-laptop,mongo_source
power_consumption,1704855882826000000,0.08531224145984714,paolo-laptop,mongo_source
power_consumption,1704855883828000000,0.060625760103299745,paolo-laptop,mongo_source
power_consumption,1704855884831000000,0.05661020697271838,paolo-laptop,mongo_source
power_consumption,1704855885833000000,0.05213596414686007,paolo-laptop,mongo_source
power_consumption,1704855886835000000,0.05758112657731336,paolo-laptop,mongo_source
power_consumption,1704855887837000000,0.05632429401959073,paolo-laptop,mongo_source
power_consumption,1704855888839000000,0.05940279965095665,paolo-laptop,mongo_source
power_consumption,1704855889841000000,0.023551480955008676,paolo-laptop,mongo_source
power_consumption,1704855890843000000,0.05744462852324266,paolo-laptop,mongo_source
power_consumption,1704855891845000000,0.05433392841494082,paolo-laptop,mongo_source
power_consumption,1704855892848000000,0.08511685041184097,paolo-laptop,mongo_source
power_consumption,1704855895853000000,0.05691369277076165,paolo-laptop,mongo_source
power_consumption,1704855896855000000,0.022800069554247227,paolo-laptop,mongo_source
power_consumption,1704855900871000000,0.05475537659163024,paolo-laptop,mongo_source
power_consumption,1704855901873000000,0.05416150730864587,paolo-laptop,mongo_source
power_consumption,1704855902875000000,0.08708111616178432,paolo-laptop,mongo_source
power_consumption,1704855903877000000,0.05899900490982213,paolo-laptop,mongo_source
power_consumption,1704855904880000000,0.0527217762003069,paolo-laptop,mongo_source
power_consumption,1704855905881000000,0.05430893515151297,paolo-laptop,mongo_source
power_consumption,1704855906883000000,0.05064529519858048,paolo-laptop,mongo_source
power_consumption,1704855907885000000,0.1254062313045645,paolo-laptop,mongo_source
power_consumption,1704855908887000000,0.0528886002775113,paolo-laptop,mongo_source
power_consumption,1704855909889000000,0.0527602444912742,paolo-laptop,mongo_source
power_consumption,1704855910890000000,0.05626327224304321,paolo-laptop,mongo_source
power_consumption,1704855911892000000,0.05404758836793841,paolo-laptop,mongo_source
power_consumption,1704855912894000000,0.08464790967169997,paolo-laptop,mongo_source
power_consumption,1704855913896000000,0.05955362003735153,paolo-laptop,mongo_source
power_consumption,1704855914898000000,0.059584403669894294,paolo-laptop,mongo_source
power_consumption,1704855915905000000,0.05572939322807161,paolo-laptop,mongo_source
power_consumption,1704855916910000000,0.05128919835654135,paolo-laptop,mongo_source
power_consumption,1704855917912000000,0.05085503125720674,paolo-laptop,mongo_source
power_consumption,1704855918914000000,0.0574420412459766,paolo-laptop,mongo_source
power_consumption,1704855919915000000,0.05609616722242865,paolo-laptop,mongo_source
power_consumption,1704855920917000000,0.051623054664353726,paolo-laptop,mongo_source
power_consumption,1704855921920000000,0.12083697085932041,paolo-laptop,mongo_source
power_consumption,1704855930937000000,0.0751988570210754,paolo-laptop,mongo_source
power_consumption,1704855931939000000,0.050490182020086316,paolo-laptop,mongo_source
power_consumption,1704855932940000000,0.10945759873684283,paolo-laptop,mongo_source
power_consumption,1704855940983000000,0.03641697435074489,paolo-laptop,mongo_source
power_consumption,1704855942989000000,0.09940593425998108,paolo-laptop,mongo_source
power_consumption,1704855943994000000,0.0413087923171267,paolo-laptop,mongo_source
power_consumption,1704855944997000000,0.03549072052044788,paolo-laptop,mongo_source
power_consumption,1704855950012000000,0.03878378333867928,paolo-laptop,mongo_source
power_consumption,1704855953022000000,0.038456731417917306,paolo-laptop,mongo_source
power_consumption,1704855957037000000,0.040759603554910255,paolo-laptop,mongo_source
power_consumption,1704855960043000000,0.0632935652221644,paolo-laptop,mongo_source
power_consumption,1704855962047000000,0.09691863939696654,paolo-laptop,mongo_source
power_consumption,1704855964053000000,0.041031733096088846,paolo-laptop,mongo_source
power_consumption,1704855965055000000,0.0598671113783148,paolo-laptop,mongo_source
power_consumption,1704855966057000000,0.06146107979340212,paolo-laptop,mongo_source
power_consumption,1704855967059000000,0.06072064519972317,paolo-laptop,mongo_source
power_consumption,1704855968061000000,0.06220751551590376,paolo-laptop,mongo_source
power_consumption,1704855969062000000,0.05567207688542833,paolo-laptop,mongo_source
power_consumption,1704855970064000000,0.06609288597950827,paolo-laptop,mongo_source
power_consumption,1704855971066000000,0.05768719137842636,paolo-laptop,mongo_source
power_consumption,1704855972067000000,0.11317741233301978,paolo-laptop,mongo_source
power_consumption,1704855973069000000,0.06317290682503929,paolo-laptop,mongo_source
power_consumption,1704855974071000000,0.06020693715775819,paolo-laptop,mongo_source
power_consumption,1704855975072000000,0.06663499392739029,paolo-laptop,mongo_source
power_consumption,1704855976074000000,0.06182187456953994,paolo-laptop,mongo_source
power_consumption,1704855977075000000,0.06603746786787283,paolo-laptop,mongo_source
power_consumption,1704855978077000000,0.06508639331795732,paolo-laptop,mongo_source
power_consumption,1704855979079000000,0.06609965624491504,paolo-laptop,mongo_source
power_consumption,1704855980083000000,0.06184280538465324,paolo-laptop,mongo_source
power_consumption,1704855981084000000,0.038934384471285596,paolo-laptop,mongo_source
power_consumption,1704855982086000000,0.09516803695228904,paolo-laptop,mongo_source
power_consumption,1704855983088000000,0.0589261884286318,paolo-laptop,mongo_source
power_consumption,1704855985095000000,0.0366456532704105,paolo-laptop,mongo_source
power_consumption,1704855986098000000,0.037401271429328004,paolo-laptop,mongo_source
power_consumption,1704855987099000000,0.056166743730144936,paolo-laptop,mongo_source
power_consumption,1704855988101000000,0.05458957780229466,paolo-laptop,mongo_source
power_consumption,1704855989104000000,0.05578494181779526,paolo-laptop,mongo_source
power_consumption,1704855990109000000,0.0563092804066707,paolo-laptop,mongo_source
power_consumption,1704855991113000000,0.056219309887384605,paolo-laptop,mongo_source
power_consumption,1704855992119000000,0.1140730859131841,paolo-laptop,mongo_source
power_consumption,1704855993124000000,0.025889087780727533,paolo-laptop,mongo_source
power_consumption,1704855994126000000,0.047178755387102964,paolo-laptop,mongo_source
power_consumption,1704855995127000000,0.06486535703540844,paolo-laptop,mongo_source
power_consumption,1704855998132000000,0.057909323257199566,paolo-laptop,mongo_source
power_consumption,1704855999134000000,0.056145722328244455,paolo-laptop,mongo_source
power_consumption,1704856000137000000,0.053679896464297466,paolo-laptop,mongo_source
power_consumption,1704856001139000000,0.05494400831801813,paolo-laptop,mongo_source
power_consumption,1704856004143000000,0.0385515431276048,paolo-laptop,mongo_source
power_consumption,1704856005145000000,0.05350463658238473,paolo-laptop,mongo_source
power_consumption,1704856006147000000,0.05614807695517214,paolo-laptop,mongo_source
power_consumption,1704856007149000000,0.02280702674684129,paolo-laptop,mongo_source
power_consumption,1704856011160000000,0.04310311808872589,paolo-laptop,mongo_source
power_consumption,1704856012166000000,0.10269982493077517,paolo-laptop,mongo_source
power_consumption,1704856013174000000,0.062493480760836696,paolo-laptop,mongo_source
power_consumption,1704856015180000000,0.028705923416437806,paolo-laptop,mongo_source
power_consumption,1704856016182000000,0.038056400636098824,paolo-laptop,mongo_source
power_consumption,1704856017185000000,0.057648923336591135,paolo-laptop,mongo_source
power_consumption,1704856018187000000,0.054345130991358445,paolo-laptop,mongo_source
power_consumption,1704856019189000000,0.06077132140948395,paolo-laptop,mongo_source
power_consumption,1704856020194000000,0.05684033480692708,paolo-laptop,mongo_source
power_consumption,1704856023210000000,0.05737536244361521,paolo-laptop,mongo_source
power_consumption,1704856024215000000,0.05368997769996958,paolo-laptop,mongo_source
power_consumption,1704856025217000000,0.06449428725732431,paolo-laptop,mongo_source
power_consumption,1704856026218000000,0.025097658311588434,paolo-laptop,mongo_source
power_consumption,1704856027220000000,0.06254495561715241,paolo-laptop,mongo_source
power_consumption,1704856028222000000,0.060047467098819,paolo-laptop,mongo_source
power_consumption,1704856029223000000,0.05927079164317684,paolo-laptop,mongo_source
power_consumption,1704856030225000000,0.058941054050472494,paolo-laptop,mongo_source
power_consumption,1704856031228000000,0.13110913644696187,paolo-laptop,mongo_source
power_consumption,1704856033234000000,0.0472082358355108,paolo-laptop,mongo_source
power_consumption,1704856034235000000,0.04012940227818484,paolo-laptop,mongo_source
power_consumption,1704856035237000000,0.057590277441389205,paolo-laptop,mongo_source
power_consumption,1704856036239000000,0.02372053949930861,paolo-laptop,mongo_source
power_consumption,1704856037240000000,0.06378509722303788,paolo-laptop,mongo_source
power_consumption,1704856039245000000,0.06866412625936893,paolo-laptop,mongo_source
power_consumption,1704856040247000000,0.022091350354150024,paolo-laptop,mongo_source
power_consumption,1704856041249000000,0.060558550082079415,paolo-laptop,mongo_source
power_consumption,1704856042252000000,0.12339052583497168,paolo-laptop,mongo_source
power_consumption,1704856044255000000,0.04201530867048503,paolo-laptop,mongo_source
power_consumption,1704856045256000000,0.06464607625467814,paolo-laptop,mongo_source
power_consumption,1704856046260000000,0.039033440953371586,paolo-laptop,mongo_source
power_consumption,1704856047262000000,0.062428498791550054,paolo-laptop,mongo_source
power_consumption,1704856048267000000,0.02435661473424869,paolo-laptop,mongo_source
power_consumption,1704856049270000000,0.089691426892773,paolo-laptop,mongo_source
power_consumption,1704856050272000000,0.06166251623734158,paolo-laptop,mongo_source
power_consumption,1704856051274000000,0.056156347575805045,paolo-laptop,mongo_source
power_consumption,1704856052275000000,0.109529277675134,paolo-laptop,mongo_source
power_consumption,1704856053279000000,0.048257261435763664,paolo-laptop,mongo_source
power_consumption,1704856055285000000,0.0361188431359411,paolo-laptop,mongo_source
power_consumption,1704856056287000000,0.0584342272320159,paolo-laptop,mongo_source
power_consumption,1704856057289000000,0.06673193569321634,paolo-laptop,mongo_source
power_consumption,1704856059295000000,0.03687973885891051,paolo-laptop,mongo_source
power_consumption,1704856060296000000,0.06410242180872049,paolo-laptop,mongo_source
power_consumption,1704856062305000000,0.12537054264818437,paolo-laptop,mongo_source
power_consumption,1704856064311000000,0.038374844165554305,paolo-laptop,mongo_source
power_consumption,1704856065312000000,0.060171836757419495,paolo-laptop,mongo_source
power_consumption,1704856066314000000,0.06163358908047707,paolo-laptop,mongo_source
power_consumption,1704856067317000000,0.06174415227984169,paolo-laptop,mongo_source
power_consumption,1704856068319000000,0.05437558965962096,paolo-laptop,mongo_source
power_consumption,1704856069321000000,0.06649657473995407,paolo-laptop,mongo_source
power_consumption,1704856070323000000,0.04493907347101514,paolo-laptop,mongo_source
power_consumption,1704856071324000000,0.03988183175586829,paolo-laptop,mongo_source
power_consumption,1704856073327000000,0.06494412628090501,paolo-laptop,mongo_source
power_consumption,1704856074330000000,0.06064849079095937,paolo-laptop,mongo_source
power_consumption,1704856075332000000,0.061143270872655864,paolo-laptop,mongo_source
power_consumption,1704856076334000000,0.06501507607110382,paolo-laptop,mongo_source
power_consumption,1704856077336000000,0.058311267294382976,paolo-laptop,mongo_source
power_consumption,1704856078338000000,0.053560597138433544,paolo-laptop,mongo_source
power_consumption,1704856079339000000,0.11723125607161625,paolo-laptop,mongo_source
power_consumption,1704856081343000000,0.06446224972418824,paolo-laptop,mongo_source
power_consumption,1704856082346000000,0.18531809517646936,paolo-laptop,mongo_source
power_consumption,1704856084350000000,0.05822063902080718,paolo-laptop,mongo_source
power_consumption,1704856085359000000,0.09635204559913177,paolo-laptop,mongo_source
power_consumption,1704856086362000000,0.12484371657913214,paolo-laptop,mongo_source
power_consumption,1704856087369000000,0.0631228384543743,paolo-laptop,mongo_source
power_consumption,1704856088371000000,0.06560762338289611,paolo-laptop,mongo_source
power_consumption,1704856089373000000,0.057352588655532166,paolo-laptop,mongo_source
power_consumption,1704856090377000000,0.056998277940016676,paolo-laptop,mongo_source
power_consumption,1704856091380000000,0.05959594509707001,paolo-laptop,mongo_source
power_consumption,1704856092381000000,0.12336383962563266,paolo-laptop,mongo_source
power_consumption,1704856093383000000,0.06044077094394515,paolo-laptop,mongo_source
power_consumption,1704856094385000000,0.060192968781970696,paolo-laptop,mongo_source
power_consumption,1704856095387000000,0.023484756164367637,paolo-laptop,mongo_source
power_consumption,1704856096388000000,0.0583873577198043,paolo-laptop,mongo_source
power_consumption,1704856097392000000,0.0502176192511652,paolo-laptop,mongo_source
power_consumption,1704856099396000000,0.03180122822254111,paolo-laptop,mongo_source
power_consumption,1704856101400000000,0.05015107209898266,paolo-laptop,mongo_source
power_consumption,1704856102402000000,0.10567634488470821,paolo-laptop,mongo_source
power_consumption,1704856103404000000,0.04365137644624967,paolo-laptop,mongo_source
power_consumption,1704856104406000000,0.059893155365685784,paolo-laptop,mongo_source
power_consumption,1704856105408000000,0.02281809893967305,paolo-laptop,mongo_source
power_consumption,1704856106410000000,0.058530813890372145,paolo-laptop,mongo_source
power_consumption,1704856107411000000,0.04399131733696879,paolo-laptop,mongo_source
power_consumption,1704856108413000000,0.05672150879532242,paolo-laptop,mongo_source
power_consumption,1704856109417000000,0.05668720272087882,paolo-laptop,mongo_source
power_consumption,1704856110419000000,0.056655777160873874,paolo-laptop,mongo_source
power_consumption,1704856111423000000,0.14009719720300623,paolo-laptop,mongo_source
power_consumption,1704856112425000000,0.074104161573389,paolo-laptop,mongo_source
power_consumption,1704856113427000000,0.053923433747428626,paolo-laptop,mongo_source
power_consumption,1704856115433000000,0.049288496214079075,paolo-laptop,mongo_source
power_consumption,1704856116436000000,0.03738697236599396,paolo-laptop,mongo_source
power_consumption,1704856117440000000,0.0893264313745232,paolo-laptop,mongo_source
power_consumption,1704856118443000000,0.05526523805841785,paolo-laptop,mongo_source
power_consumption,1704856119445000000,0.04550656097100163,paolo-laptop,mongo_source
power_consumption,1704856120449000000,0.061908561473686126,paolo-laptop,mongo_source
power_consumption,1704856121451000000,0.029820579111620154,paolo-laptop,mongo_source
power_consumption,1704856122455000000,0.0860327349116013,paolo-laptop,mongo_source
power_consumption,1704856123457000000,0.0728680629760476,paolo-laptop,mongo_source
power_consumption,1704856124461000000,0.034776149423541194,paolo-laptop,mongo_source
power_consumption,1704856125465000000,0.033814497600238934,paolo-laptop,mongo_source
power_consumption,1704856126467000000,0.08305492026465251,paolo-laptop,mongo_source
power_consumption,1704856127470000000,0.08975068985656902,paolo-laptop,mongo_source
power_consumption,1704856128472000000,0.03543718007225117,paolo-laptop,mongo_source
power_consumption,1704856129473000000,0.057272167164254456,paolo-laptop,mongo_source
power_consumption,1704856130475000000,0.05733497033482768,paolo-laptop,mongo_source
power_consumption,1704856132479000000,0.12010348227567053,paolo-laptop,mongo_source
power_consumption,1704856133480000000,0.07897921079886405,paolo-laptop,mongo_source
power_consumption,1704856134482000000,0.06811789688962033,paolo-laptop,mongo_source
power_consumption,1704856135484000000,0.0831320373144414,paolo-laptop,mongo_source
power_consumption,1704856136485000000,0.03319158134222197,paolo-laptop,mongo_source
power_consumption,1704856137487000000,0.07643836985594733,paolo-laptop,mongo_source
power_consumption,1704856138489000000,0.03276561404460267,paolo-laptop,mongo_source
power_consumption,1704856139491000000,0.05352081999698042,paolo-laptop,mongo_source
power_consumption,1704856140493000000,0.05673478762908844,paolo-laptop,mongo_source
power_consumption,1704856141495000000,0.05787147723184305,paolo-laptop,mongo_source
power_consumption,1704856142498000000,0.1051752530007655,paolo-laptop,mongo_source
power_consumption,1704856143499000000,0.02608970238154619,paolo-laptop,mongo_source
power_consumption,1704856144501000000,0.08410957153594201,paolo-laptop,mongo_source
power_consumption,1704856145503000000,0.03359394379491156,paolo-laptop,mongo_source
power_consumption,1704856146504000000,0.032572177571055565,paolo-laptop,mongo_source
power_consumption,1704856147508000000,0.0745268441951598,paolo-laptop,mongo_source
power_consumption,1704856148509000000,0.03058661947102111,paolo-laptop,mongo_source
power_consumption,1704856149511000000,0.06028543690790108,paolo-laptop,mongo_source
power_consumption,1704856150513000000,0.03738991325702364,paolo-laptop,mongo_source
power_consumption,1704856151518000000,0.02845085268478799,paolo-laptop,mongo_source
power_consumption,1704856152520000000,0.0639953766217172,paolo-laptop,mongo_source
power_consumption,1704856153524000000,0.03516902744240047,paolo-laptop,mongo_source
power_consumption,1704856154526000000,0.0368904973438855,paolo-laptop,mongo_source
power_consumption,1704856155530000000,0.07206799752401383,paolo-laptop,mongo_source
power_consumption,1704856157536000000,0.08248175687309317,paolo-laptop,mongo_source
power_consumption,1704856158537000000,0.05565082655282422,paolo-laptop,mongo_source
power_consumption,1704856159539000000,0.058181952013065266,paolo-laptop,mongo_source
power_consumption,1704856160541000000,0.05778437035663525,paolo-laptop,mongo_source
power_consumption,1704856161543000000,0.062030685510724055,paolo-laptop,mongo_source
power_consumption,1704856162546000000,0.0838161044667645,paolo-laptop,mongo_source
power_consumption,1704856164551000000,0.09371543909817268,paolo-laptop,mongo_source
power_consumption,1704856165554000000,0.02517485402036749,paolo-laptop,mongo_source
power_consumption,1704856166556000000,0.03548926675457163,paolo-laptop,mongo_source
power_consumption,1704856167558000000,0.0598471440027334,paolo-laptop,mongo_source
power_consumption,1704856168559000000,0.0564993031459282,paolo-laptop,mongo_source
power_consumption,1704856169561000000,0.06429467785226776,paolo-laptop,mongo_source
power_consumption,1704856170566000000,0.05508538168500178,paolo-laptop,mongo_source
power_consumption,1704856171569000000,0.06988089419396032,paolo-laptop,mongo_source
power_consumption,1704856172571000000,0.099694432004244,paolo-laptop,mongo_source
power_consumption,1704856173572000000,0.05208294219970713,paolo-laptop,mongo_source
power_consumption,1704856174575000000,0.05651677734553638,paolo-laptop,mongo_source
power_consumption,1704856175577000000,0.0612593795656667,paolo-laptop,mongo_source
power_consumption,1704856176579000000,0.0577635464125317,paolo-laptop,mongo_source
power_consumption,1704856177580000000,0.05687584644943569,paolo-laptop,mongo_source
power_consumption,1704856178582000000,0.061523067695975604,paolo-laptop,mongo_source
power_consumption,1704856179583000000,0.055742587337290636,paolo-laptop,mongo_source
power_consumption,1704856180585000000,0.05666050842634432,paolo-laptop,mongo_source
power_consumption,1704856181587000000,0.059472004062336964,paolo-laptop,mongo_source
power_consumption,1704856182589000000,0.0819900136488005,paolo-laptop,mongo_source
power_consumption,1704856185600000000,0.032015412671970674,paolo-laptop,mongo_source
power_consumption,1704856186602000000,0.060084577943415554,paolo-laptop,mongo_source
power_consumption,1704856187605000000,0.06186140576751379,paolo-laptop,mongo_source
power_consumption,1704856188607000000,0.0642311810746913,paolo-laptop,mongo_source
power_consumption,1704856189609000000,0.08534009037263197,paolo-laptop,mongo_source
power_consumption,1704856190611000000,0.025410422522037353,paolo-laptop,mongo_source
power_consumption,1704856191614000000,0.06145112056619147,paolo-laptop,mongo_source
power_consumption,1704856192616000000,0.08546745028594127,paolo-laptop,mongo_source
power_consumption,1704856193620000000,0.046939790112151214,paolo-laptop,mongo_source
power_consumption,1704856194622000000,0.06030467166105277,paolo-laptop,mongo_source
power_consumption,1704856195625000000,0.05619662654496469,paolo-laptop,mongo_source
power_consumption,1704856196627000000,0.05236280420391949,paolo-laptop,mongo_source
power_consumption,1704856197629000000,0.05692811352641111,paolo-laptop,mongo_source
power_consumption,1704856198631000000,0.056769825235360796,paolo-laptop,mongo_source
power_consumption,1704856199633000000,0.05486826378786901,paolo-laptop,mongo_source
power_consumption,1704856200637000000,0.04854276179207341,paolo-laptop,mongo_source
power_consumption,1704856201639000000,0.04931338645394985,paolo-laptop,mongo_source
power_consumption,1704856202641000000,0.08183768563807264,paolo-laptop,mongo_source
power_consumption,1704856203644000000,0.059449428784445105,paolo-laptop,mongo_source
power_consumption,1704856204648000000,0.05388396741536196,paolo-laptop,mongo_source
power_consumption,1704856205653000000,0.056152659686564896,paolo-laptop,mongo_source
power_consumption,1704856206658000000,0.05551707542140734,paolo-laptop,mongo_source
power_consumption,1704856207663000000,0.05682446946328201,paolo-laptop,mongo_source
power_consumption,1704856208668000000,0.05502309122778297,paolo-laptop,mongo_source
power_consumption,1704856209674000000,0.12573056002089134,paolo-laptop,mongo_source
power_consumption,1704856210676000000,0.05346429501123025,paolo-laptop,mongo_source
power_consumption,1704856211678000000,0.05546077159363094,paolo-laptop,mongo_source
power_consumption,1704856212680000000,0.09126881407446327,paolo-laptop,mongo_source
power_consumption,1704856213685000000,0.04538551708669078,paolo-laptop,mongo_source
power_consumption,1704856214687000000,0.052531156265062995,paolo-laptop,mongo_source
power_consumption,1704856216689000000,0.03231401071712529,paolo-laptop,mongo_source
power_consumption,1704856217691000000,0.06235648338206835,paolo-laptop,mongo_source
power_consumption,1704856218693000000,0.0668872294553339,paolo-laptop,mongo_source
power_consumption,1704856219696000000,0.08565482448677879,paolo-laptop,mongo_source
power_consumption,1704856221702000000,0.045212856699953646,paolo-laptop,mongo_source
power_consumption,1704856222704000000,0.1023944473524564,paolo-laptop,mongo_source
power_consumption,1704856223705000000,0.04975694111245604,paolo-laptop,mongo_source
power_consumption,1704856224709000000,0.07248838968875522,paolo-laptop,mongo_source
power_consumption,1704856225711000000,0.027975006389535297,paolo-laptop,mongo_source
power_consumption,1704856226714000000,0.0490614615713341,paolo-laptop,mongo_source
power_consumption,1704856227717000000,0.038486599741568275,paolo-laptop,mongo_source
power_consumption,1704856228721000000,0.03397867960803795,paolo-laptop,mongo_source
power_consumption,1704856229723000000,0.028937564261918722,paolo-laptop,mongo_source
power_consumption,1704856231730000000,0.03664100158051247,paolo-laptop,mongo_source
power_consumption,1704856232738000000,0.1372338071899669,paolo-laptop,mongo_source
power_consumption,1704856233741000000,0.09002373113008709,paolo-laptop,mongo_source
power_consumption,1704856235745000000,0.08963921449978968,paolo-laptop,mongo_source
power_consumption,1704856236747000000,0.053412085500441533,paolo-laptop,mongo_source
power_consumption,1704856237753000000,0.03169120137848343,paolo-laptop,mongo_source
power_consumption,1704856240762000000,0.028170314445957786,paolo-laptop,mongo_source
power_consumption,1704856241765000000,0.031980535737935065,paolo-laptop,mongo_source
power_consumption,1704856242769000000,0.14541067058895502,paolo-laptop,mongo_source
power_consumption,1704856243770000000,0.02709100433397116,paolo-laptop,mongo_source
power_consumption,1704856244772000000,0.060014850808757056,paolo-laptop,mongo_source
power_consumption,1704856245776000000,0.03275781860237049,paolo-laptop,mongo_source
power_consumption,1704856246779000000,0.06817046563474602,paolo-laptop,mongo_source
power_consumption,1704856249791000000,0.026071661992576194,paolo-laptop,mongo_source
power_consumption,1704856251796000000,0.032097749175951845,paolo-laptop,mongo_source
power_consumption,1704856252797000000,0.12605483655171787,paolo-laptop,mongo_source
power_consumption,1704856253801000000,0.0657815625727923,paolo-laptop,mongo_source
power_consumption,1704856256807000000,0.06697964768746442,paolo-laptop,mongo_source
power_consumption,1704856257809000000,0.06265026193167625,paolo-laptop,mongo_source
power_consumption,1704856263830000000,0.09294179452225154,paolo-laptop,mongo_source
power_consumption,1704856264834000000,0.07150975356472573,paolo-laptop,mongo_source
power_consumption,1704856265836000000,0.03048834702958825,paolo-laptop,mongo_source
power_consumption,1704856266838000000,0.057294387957619944,paolo-laptop,mongo_source
power_consumption,1704856267840000000,0.0597028030340927,paolo-laptop,mongo_source
power_consumption,1704856268842000000,0.08166962522120355,paolo-laptop,mongo_source
power_consumption,1704856270846000000,0.0304455833141064,paolo-laptop,mongo_source
power_consumption,1704856271848000000,0.05704059744517975,paolo-laptop,mongo_source
power_consumption,1704856272851000000,0.09866020204032813,paolo-laptop,mongo_source
power_consumption,1704856273853000000,0.05239545120873528,paolo-laptop,mongo_source
power_consumption,1704856274854000000,0.07697117147892589,paolo-laptop,mongo_source
power_consumption,1704856275856000000,0.08223365156665599,paolo-laptop,mongo_source
power_consumption,1704856276857000000,0.02541563974733699,paolo-laptop,mongo_source
power_consumption,1704856277859000000,0.06285292439514106,paolo-laptop,mongo_source
power_consumption,1704856278861000000,0.031324027950470415,paolo-laptop,mongo_source
power_consumption,1704856279862000000,0.03283722178494316,paolo-laptop,mongo_source
power_consumption,1704856280863000000,0.055207600466768675,paolo-laptop,mongo_source
power_consumption,1704856281869000000,0.08382255461957405,paolo-laptop,mongo_source
power_consumption,1704856282875000000,0.10840346719737848,paolo-laptop,mongo_source
power_consumption,1704856283878000000,0.03211706896063826,paolo-laptop,mongo_source
power_consumption,1704856284882000000,0.08680489976543998,paolo-laptop,mongo_source
power_consumption,1704856285885000000,0.07791989098659806,paolo-laptop,mongo_source
power_consumption,1704856286887000000,0.07218743171507412,paolo-laptop,mongo_source
power_consumption,1704856287889000000,0.12006982390459593,paolo-laptop,mongo_source
power_consumption,1704856288894000000,0.07757427102922743,paolo-laptop,mongo_source
power_consumption,1704856290901000000,0.07288716202061547,paolo-laptop,mongo_source
power_consumption,1704856291904000000,0.06684036417501463,paolo-laptop,mongo_source
power_consumption,1704856292907000000,0.11325177643751638,paolo-laptop,mongo_source
power_consumption,1704856293911000000,0.03264724642634255,paolo-laptop,mongo_source
power_consumption,1704856294913000000,0.06504642208496092,paolo-laptop,mongo_source
power_consumption,1704856295917000000,0.08385470781847519,paolo-laptop,mongo_source
power_consumption,1704856296919000000,0.04600071938005866,paolo-laptop,mongo_source
power_consumption,1704856297923000000,0.030357659286868316,paolo-laptop,mongo_source
power_consumption,1704856298925000000,0.030941035383594197,paolo-laptop,mongo_source
power_consumption,1704856299927000000,0.05940360482453998,paolo-laptop,mongo_source
power_consumption,1704856300929000000,0.056117419372833655,paolo-laptop,mongo_source
power_consumption,1704856301930000000,0.06288994931021963,paolo-laptop,mongo_source
power_consumption,1704856302931000000,0.09744658186378223,paolo-laptop,mongo_source
power_consumption,1704856303935000000,0.032099200384896505,paolo-laptop,mongo_source
power_consumption,1704856304937000000,0.051811214131754116,paolo-laptop,mongo_source
power_consumption,1704856305939000000,0.059517694336949395,paolo-laptop,mongo_source
power_consumption,1704856306942000000,0.06375603060532484,paolo-laptop,mongo_source
power_consumption,1704856307943000000,0.06342727694181036,paolo-laptop,mongo_source
power_consumption,1704856308945000000,0.06254385131884535,paolo-laptop,mongo_source
power_consumption,1704856309947000000,0.0614042795818721,paolo-laptop,mongo_source
power_consumption,1704856310948000000,0.06680247101737916,paolo-laptop,mongo_source
power_consumption,1704856311950000000,0.06108041898293203,paolo-laptop,mongo_source
power_consumption,1704856312952000000,0.11554855892537505,paolo-laptop,mongo_source
power_consumption,1704856313953000000,0.07560740129640221,paolo-laptop,mongo_source
power_consumption,1704856314955000000,0.05802165188626448,paolo-laptop,mongo_source
power_consumption,1704856315957000000,0.06957955434413923,paolo-laptop,mongo_source
power_consumption,1704856316959000000,0.0677694554366563,paolo-laptop,mongo_source
power_consumption,1704856317960000000,0.061870490620672444,paolo-laptop,mongo_source
power_consumption,1704856318962000000,0.05479896993659646,paolo-laptop,mongo_source
power_consumption,1704856319963000000,0.06221554407252465,paolo-laptop,mongo_source
power_consumption,1704856320967000000,0.05084653961799118,paolo-laptop,mongo_source
power_consumption,1704856321968000000,0.05998772014270395,paolo-laptop,mongo_source
power_consumption,1704856322971000000,0.14245978436472956,paolo-laptop,mongo_source
power_consumption,1704856324977000000,0.025265817708856254,paolo-laptop,mongo_source
power_consumption,1704856325978000000,0.06090339206559051,paolo-laptop,mongo_source
power_consumption,1704856326982000000,0.0886217422132515,paolo-laptop,mongo_source
power_consumption,1704856327984000000,0.033215997986693266,paolo-laptop,mongo_source
power_consumption,1704856328986000000,0.09237484123403525,paolo-laptop,mongo_source
power_consumption,1704856329988000000,0.06953944852840589,paolo-laptop,mongo_source
power_consumption,1704856330990000000,0.06259109878099312,paolo-laptop,mongo_source
power_consumption,1704856332995000000,0.11082219380757077,paolo-laptop,mongo_source
power_consumption,1704856333997000000,0.07887334929847481,paolo-laptop,mongo_source
power_consumption,1704856334999000000,0.08707621730127184,paolo-laptop,mongo_source
power_consumption,1704856336003000000,0.05950271424192761,paolo-laptop,mongo_source
power_consumption,1704856338008000000,0.030247533601682006,paolo-laptop,mongo_source
power_consumption,1704856339010000000,0.06178132045310253,paolo-laptop,mongo_source
power_consumption,1704856340011000000,0.06124415333994622,paolo-laptop,mongo_source
power_consumption,1704856341016000000,0.06701174127947881,paolo-laptop,mongo_source
power_consumption,1704856343023000000,0.09469035892178329,paolo-laptop,mongo_source
power_consumption,1704856344025000000,0.06731562923407944,paolo-laptop,mongo_source
power_consumption,1704856345027000000,0.06139054643143574,paolo-laptop,mongo_source
power_consumption,1704856346030000000,0.03175414628882854,paolo-laptop,mongo_source
power_consumption,1704856348035000000,0.15032867069611922,paolo-laptop,mongo_source
power_consumption,1704856349037000000,0.07315513221606193,paolo-laptop,mongo_source
power_consumption,1704856350038000000,0.08389218386474714,paolo-laptop,mongo_source
power_consumption,1704856352042000000,0.18190789683350292,paolo-laptop,mongo_source
power_consumption,1704856353044000000,0.10195154545991991,paolo-laptop,mongo_source
power_consumption,1704856354048000000,0.031690739166272984,paolo-laptop,mongo_source
power_consumption,1704856355051000000,0.058106892599043385,paolo-laptop,mongo_source
power_consumption,1704856357054000000,0.0835667432016959,paolo-laptop,mongo_source
power_consumption,1704856358055000000,0.16103353890820027,paolo-laptop,mongo_source
power_consumption,1704856359057000000,0.06402205729740607,paolo-laptop,mongo_source
power_consumption,1704856360059000000,0.0775343998725226,paolo-laptop,mongo_source
power_consumption,1704856361062000000,0.14683283844006187,paolo-laptop,mongo_source
power_consumption,1704856362064000000,0.14172306363383763,paolo-laptop,mongo_source
power_consumption,1704856363066000000,0.059483111897771605,paolo-laptop,mongo_source
power_consumption,1704856364068000000,0.07979804143822186,paolo-laptop,mongo_source
power_consumption,1704856365070000000,0.06507675836216054,paolo-laptop,mongo_source
power_consumption,1704856366071000000,0.0769392466692341,paolo-laptop,mongo_source
power_consumption,1704856367073000000,0.07110118768815434,paolo-laptop,mongo_source
power_consumption,1704856368077000000,0.18328625353232675,paolo-laptop,mongo_source
power_consumption,1704856369081000000,0.07836614516422957,paolo-laptop,mongo_source
power_consumption,1704856371084000000,0.07433688310709652,paolo-laptop,mongo_source
power_consumption,1704856372086000000,0.15052173561475923,paolo-laptop,mongo_source
power_consumption,1704856373089000000,0.06698178811381411,paolo-laptop,mongo_source
power_consumption,1704856374091000000,0.08022774610763461,paolo-laptop,mongo_source
power_consumption,1704856375100000000,0.03272455654594463,paolo-laptop,mongo_source
power_consumption,1704856376105000000,0.06382887857260543,paolo-laptop,mongo_source
power_consumption,1704856377109000000,0.030317723587899796,paolo-laptop,mongo_source
power_consumption,1704856379116000000,0.032351989646738466,paolo-laptop,mongo_source
power_consumption,1704856380118000000,0.07876217214894439,paolo-laptop,mongo_source
power_consumption,1704856381122000000,0.03140367230244645,paolo-laptop,mongo_source
power_consumption,1704856382124000000,0.11508268835378535,paolo-laptop,mongo_source
power_consumption,1704856383128000000,0.04090578908651494,paolo-laptop,mongo_source
power_consumption,1704856384132000000,0.08304670345491512,paolo-laptop,mongo_source
power_consumption,1704856385134000000,0.07797092397512267,paolo-laptop,mongo_source
power_consumption,1704856386135000000,0.05494904433491381,paolo-laptop,mongo_source
power_consumption,1704856387137000000,0.05801964700966229,paolo-laptop,mongo_source
power_consumption,1704856388141000000,0.051467772415506326,paolo-laptop,mongo_source
power_consumption,1704856390146000000,0.13366850870445995,paolo-laptop,mongo_source
power_consumption,1704856391150000000,0.02497710557617872,paolo-laptop,mongo_source
power_consumption,1704856392154000000,0.1377477108703234,paolo-laptop,mongo_source
power_consumption,1704856393158000000,0.07848176848543359,paolo-laptop,mongo_source
power_consumption,1704856394160000000,0.02989932724791279,paolo-laptop,mongo_source
power_consumption,1704856395163000000,0.026389712049931225,paolo-laptop,mongo_source
power_consumption,1704856396165000000,0.04054060333171906,paolo-laptop,mongo_source
power_consumption,1704856397166000000,0.05748581535193638,paolo-laptop,mongo_source
power_consumption,1704856398168000000,0.026882832732759075,paolo-laptop,mongo_source
power_consumption,1704856400178000000,0.04187698228493235,paolo-laptop,mongo_source
power_consumption,1704856401181000000,0.12351315507658887,paolo-laptop,mongo_source
power_consumption,1704856402183000000,0.1614700080974539,paolo-laptop,mongo_source
power_consumption,1704856404190000000,0.025964927419092784,paolo-laptop,mongo_source
power_consumption,1704856405194000000,0.06857656019251682,paolo-laptop,mongo_source
power_consumption,1704856406196000000,0.07040844117385754,paolo-laptop,mongo_source
power_consumption,1704856407198000000,0.026896733835540927,paolo-laptop,mongo_source
power_consumption,1704856408201000000,0.03201857845886298,paolo-laptop,mongo_source
power_consumption,1704856409203000000,0.08003110405840363,paolo-laptop,mongo_source
power_consumption,1704856410208000000,0.03237840090948397,paolo-laptop,mongo_source
power_consumption,1704856411210000000,0.13718693890405695,paolo-laptop,mongo_source
power_consumption,1704856412212000000,0.06896683836733566,paolo-laptop,mongo_source
power_consumption,1704856413214000000,0.07372604094808292,paolo-laptop,mongo_source
power_consumption,1704856414215000000,0.05771353330921719,paolo-laptop,mongo_source
power_consumption,1704856415219000000,0.04939278667480015,paolo-laptop,mongo_source
power_consumption,1704856416220000000,0.04710170022990863,paolo-laptop,mongo_source
power_consumption,1704856417222000000,0.06391214302995536,paolo-laptop,mongo_source
power_consumption,1704856418225000000,0.06054791738152927,paolo-laptop,mongo_source
power_consumption,1704856419227000000,0.055916647405463406,paolo-laptop,mongo_source
power_consumption,1704856420229000000,0.05738734495464656,paolo-laptop,mongo_source
power_consumption,1704856421230000000,0.07983463327830277,paolo-laptop,mongo_source
power_consumption,1704856423233000000,0.032326353306449826,paolo-laptop,mongo_source
power_consumption,1704856426238000000,0.05764037933107649,paolo-laptop,mongo_source
power_consumption,1704856427241000000,0.0654581510664607,paolo-laptop,mongo_source
power_consumption,1704856428243000000,0.04576113234964088,paolo-laptop,mongo_source
power_consumption,1704856429245000000,0.05019471100064204,paolo-laptop,mongo_source
power_consumption,1704856430251000000,0.23274761872778785,paolo-laptop,mongo_source
power_consumption,1704856431254000000,0.04380688976431832,paolo-laptop,mongo_source
power_consumption,1704856432256000000,0.05948903635633503,paolo-laptop,mongo_source
power_consumption,1704856433261000000,0.07955883714387474,paolo-laptop,mongo_source
power_consumption,1704856434264000000,0.23700025484497586,paolo-laptop,mongo_source
power_consumption,1704856435266000000,0.06268387104507098,paolo-laptop,mongo_source
power_consumption,1704856436267000000,0.03613839619795258,paolo-laptop,mongo_source
power_consumption,1704856437272000000,0.2739157760726688,paolo-laptop,mongo_source
power_consumption,1704856438274000000,0.26267548328590157,paolo-laptop,mongo_source
power_consumption,1704856439276000000,0.026282995548515334,paolo-laptop,mongo_source
power_consumption,1704856440280000000,0.04160383304168365,paolo-laptop,mongo_source
power_consumption,1704856442285000000,0.0746955709098637,paolo-laptop,mongo_source
power_consumption,1704856443289000000,0.0557019025021116,paolo-laptop,mongo_source
power_consumption,1704856444292000000,0.11536032136888491,paolo-laptop,mongo_source
power_consumption,1704856445293000000,0.026041128940754353,paolo-laptop,mongo_source
power_consumption,1704856446297000000,0.02558051546401641,paolo-laptop,mongo_source
power_consumption,1704856447302000000,0.08324778486427385,paolo-laptop,mongo_source
power_consumption,1704856448305000000,0.035955037486442146,paolo-laptop,mongo_source
power_consumption,1704856449309000000,0.05327546336192715,paolo-laptop,mongo_source
power_consumption,1704856450312000000,0.04613389439071479,paolo-laptop,mongo_source
power_consumption,1704856451314000000,0.026035236910597375,paolo-laptop,mongo_source
power_consumption,1704856452318000000,0.062358691805978604,paolo-laptop,mongo_source
power_consumption,1704856453322000000,0.062778521558571,paolo-laptop,mongo_source
power_consumption,1704856454324000000,0.062085239188991045,paolo-laptop,mongo_source
power_consumption,1704856455325000000,0.059761411017405085,paolo-laptop,mongo_source
power_consumption,1704856456330000000,0.034130831211923784,paolo-laptop,mongo_source
power_consumption,1704856457332000000,0.028870897817266674,paolo-laptop,mongo_source
power_consumption,1704856458333000000,0.0868058569257124,paolo-laptop,mongo_source
power_consumption,1704856459335000000,0.052520870886931956,paolo-laptop,mongo_source
power_consumption,1704856460337000000,0.051840079452404146,paolo-laptop,mongo_source
power_consumption,1704856461339000000,0.054760605521915036,paolo-laptop,mongo_source
power_consumption,1704856462343000000,0.12900752997575912,paolo-laptop,mongo_source
power_consumption,1704856463347000000,0.24592259201377054,paolo-laptop,mongo_source
power_consumption,1704856464349000000,0.030572892176693008,paolo-laptop,mongo_source
power_consumption,1704856465353000000,0.025439950070558676,paolo-laptop,mongo_source
power_consumption,1704856466356000000,0.02586666959311695,paolo-laptop,mongo_source
power_consumption,1704856467358000000,0.06976513157104892,paolo-laptop,mongo_source
power_consumption,1704856468359000000,0.05868035466918498,paolo-laptop,mongo_source
power_consumption,1704856469361000000,0.057420072530033305,paolo-laptop,mongo_source
power_consumption,1704856470363000000,0.10969962776358737,paolo-laptop,mongo_source
power_consumption,1704856471365000000,0.06196725448164791,paolo-laptop,mongo_source
power_consumption,1704856472366000000,0.1034338501222924,paolo-laptop,mongo_source
power_consumption,1704856473369000000,0.06210875750601471,paolo-laptop,mongo_source
power_consumption,1704856474371000000,0.06240450865992861,paolo-laptop,mongo_source
power_consumption,1704856475373000000,0.06040473362428622,paolo-laptop,mongo_source
power_consumption,1704856476374000000,0.054675518643227644,paolo-laptop,mongo_source
power_consumption,1704856477376000000,0.046962723217496546,paolo-laptop,mongo_source
power_consumption,1704856478377000000,0.0626793031552559,paolo-laptop,mongo_source
power_consumption,1704856479379000000,0.06001750758849227,paolo-laptop,mongo_source
power_consumption,1704856480381000000,0.05187463520378953,paolo-laptop,mongo_source
power_consumption,1704856481383000000,0.04801174122989943,paolo-laptop,mongo_source
power_consumption,1704856482385000000,0.09719274471388259,paolo-laptop,mongo_source
power_consumption,1704856483391000000,0.056149715765161576,paolo-laptop,mongo_source
power_consumption,1704856484392000000,0.06172949627763086,paolo-laptop,mongo_source
power_consumption,1704856485394000000,0.05751256157218594,paolo-laptop,mongo_source
power_consumption,1704856486397000000,0.056757425702395184,paolo-laptop,mongo_source
power_consumption,1704856487401000000,0.05595255597502578,paolo-laptop,mongo_source
power_consumption,1704856488403000000,0.04657039461355016,paolo-laptop,mongo_source
power_consumption,1704856489405000000,0.06065990608147742,paolo-laptop,mongo_source
power_consumption,1704856490408000000,0.061782919952995646,paolo-laptop,mongo_source
power_consumption,1704856491410000000,0.04891255926896222,paolo-laptop,mongo_source
power_consumption,1704856492412000000,0.09150815309562922,paolo-laptop,mongo_source
power_consumption,1704856493414000000,0.025263334137143368,paolo-laptop,mongo_source
power_consumption,1704856494415000000,0.11395888029037662,paolo-laptop,mongo_source
power_consumption,1704856495417000000,0.07832733542750846,paolo-laptop,mongo_source
power_consumption,1704856496419000000,0.061386585103182456,paolo-laptop,mongo_source
power_consumption,1704856497421000000,0.05342595849764664,paolo-laptop,mongo_source
power_consumption,1704856498423000000,0.11139415900336108,paolo-laptop,mongo_source
power_consumption,1704856499425000000,0.0839109762887052,paolo-laptop,mongo_source
power_consumption,1704856500427000000,0.14078342745381656,paolo-laptop,mongo_source
power_consumption,1704856501430000000,0.08207911315600648,paolo-laptop,mongo_source
power_consumption,1704856502435000000,0.09035446645546608,paolo-laptop,mongo_source
power_consumption,1704856503439000000,0.028749858202192596,paolo-laptop,mongo_source
power_consumption,1704856504440000000,0.06581991183161967,paolo-laptop,mongo_source
power_consumption,1704856506448000000,0.06269070649805894,paolo-laptop,mongo_source
power_consumption,1704856507450000000,0.05314642606572352,paolo-laptop,mongo_source
power_consumption,1704856508455000000,0.06922960606400391,paolo-laptop,mongo_source
power_consumption,1704856509459000000,0.10941778603441071,paolo-laptop,mongo_source
power_consumption,1704856510461000000,0.3506224896079026,paolo-laptop,mongo_source
power_consumption,1704856511465000000,0.04151082475830819,paolo-laptop,mongo_source
power_consumption,1704856512469000000,0.0920429772973923,paolo-laptop,mongo_source
power_consumption,1704856513471000000,0.06454885601820408,paolo-laptop,mongo_source
power_consumption,1704856514473000000,0.06139032858215289,paolo-laptop,mongo_source
power_consumption,1704856515477000000,0.03697158229291056,paolo-laptop,mongo_source
power_consumption,1704856517483000000,0.07796793975615346,paolo-laptop,mongo_source
power_consumption,1704856518485000000,0.039205482714102395,paolo-laptop,mongo_source
power_consumption,1704856519487000000,0.059533209602502024,paolo-laptop,mongo_source
power_consumption,1704856520490000000,0.05612151311538521,paolo-laptop,mongo_source
power_consumption,1704856521492000000,0.06480972332886897,paolo-laptop,mongo_source
power_consumption,1704856522495000000,0.1265248712156259,paolo-laptop,mongo_source
power_consumption,1704856523499000000,0.07735626441121247,paolo-laptop,mongo_source
power_consumption,1704856524501000000,0.1277445059956166,paolo-laptop,mongo_source
power_consumption,1704856526506000000,0.11036499557326797,paolo-laptop,mongo_source
power_consumption,1704856527508000000,0.04799196903691371,paolo-laptop,mongo_source
power_consumption,1704856529519000000,0.11350218636150572,paolo-laptop,mongo_source
power_consumption,1704856530523000000,0.12061906323839491,paolo-laptop,mongo_source
power_consumption,1704856531526000000,0.04276955984681063,paolo-laptop,mongo_source
power_consumption,1704856532529000000,0.09602092080927016,paolo-laptop,mongo_source
power_consumption,1704856534537000000,0.11776294633148829,paolo-laptop,mongo_source
power_consumption,1704856535541000000,0.029953957665223838,paolo-laptop,mongo_source
power_consumption,1704856536544000000,0.1117953678830017,paolo-laptop,mongo_source
power_consumption,1704856537549000000,0.1001505836747552,paolo-laptop,mongo_source
power_consumption,1704856538553000000,0.23033452731465526,paolo-laptop,mongo_source
power_consumption,1704856539558000000,0.02599937683301143,paolo-laptop,mongo_source
power_consumption,1704856540561000000,0.24102246875133693,paolo-laptop,mongo_source
power_consumption,1704856541564000000,0.02517304883166877,paolo-laptop,mongo_source
power_consumption,1704856542566000000,0.09036584084256322,paolo-laptop,mongo_source
power_consumption,1704856543570000000,0.029669581905270824,paolo-laptop,mongo_source
power_consumption,1704856544574000000,0.04567350747118908,paolo-laptop,mongo_source
power_consumption,1704856545575000000,0.027026096185770964,paolo-laptop,mongo_source
power_consumption,1704856546577000000,0.02609485800962887,paolo-laptop,mongo_source
power_consumption,1704856547581000000,0.08511088444971476,paolo-laptop,mongo_source
power_consumption,1704856548583000000,0.2018032821299767,paolo-laptop,mongo_source
power_consumption,1704856549584000000,0.031113290536291863,paolo-laptop,mongo_source
power_consumption,1704856550589000000,0.029848497178895927,paolo-laptop,mongo_source
power_consumption,1704856551590000000,0.026453651994143065,paolo-laptop,mongo_source
power_consumption,1704856552592000000,0.1156977332281749,paolo-laptop,mongo_source
power_consumption,1704856553594000000,0.02868869865665959,paolo-laptop,mongo_source
power_consumption,1704856554596000000,0.06737952670353387,paolo-laptop,mongo_source
power_consumption,1704856555598000000,0.10909789593155172,paolo-laptop,mongo_source
power_consumption,1704856556600000000,0.02578029073898241,paolo-laptop,mongo_source
power_consumption,1704856557602000000,0.061659783486234215,paolo-laptop,mongo_source
power_consumption,1704856558604000000,0.061852018331786544,paolo-laptop,mongo_source
power_consumption,1704856559607000000,0.027503559882378823,paolo-laptop,mongo_source
power_consumption,1704856560609000000,0.028508872762867222,paolo-laptop,mongo_source
power_consumption,1704856561610000000,0.02657886273818356,paolo-laptop,mongo_source
power_consumption,1704856562613000000,0.09524064275633538,paolo-laptop,mongo_source
power_consumption,1704856563619000000,0.030485139276928582,paolo-laptop,mongo_source
power_consumption,1704856564623000000,0.11845526041482286,paolo-laptop,mongo_source
power_consumption,1704856565624000000,0.07452464037734226,paolo-laptop,mongo_source
power_consumption,1704856566627000000,0.05647435101233855,paolo-laptop,mongo_source
power_consumption,1704856567629000000,0.026707238103293625,paolo-laptop,mongo_source
power_consumption,1704856568631000000,0.11230718283857757,paolo-laptop,mongo_source
power_consumption,1704856569633000000,0.025318403890471467,paolo-laptop,mongo_source
power_consumption,1704856570637000000,0.02647890564321408,paolo-laptop,mongo_source
power_consumption,1704856571641000000,0.027595609609413332,paolo-laptop,mongo_source
power_consumption,1704856572643000000,0.12926087935189987,paolo-laptop,mongo_source
power_consumption,1704856573647000000,0.027459105305287033,paolo-laptop,mongo_source
power_consumption,1704856574649000000,0.10672683302235594,paolo-laptop,mongo_source
power_consumption,1704856575651000000,0.026430655959764487,paolo-laptop,mongo_source
power_consumption,1704856576655000000,0.030097996080791917,paolo-laptop,mongo_source
power_consumption,1704856577656000000,0.044915764964772564,paolo-laptop,mongo_source
power_consumption,1704856578661000000,0.05108396664941767,paolo-laptop,mongo_source
power_consumption,1704856579665000000,0.07639415965709051,paolo-laptop,mongo_source
power_consumption,1704856580666000000,0.07526569415011014,paolo-laptop,mongo_source
power_consumption,1704856581668000000,0.0620763978757871,paolo-laptop,mongo_source
power_consumption,1704856582669000000,0.2608972326495456,paolo-laptop,mongo_source
power_consumption,1704856583673000000,0.13514000939599835,paolo-laptop,mongo_source
power_consumption,1704856584676000000,0.045756276108153415,paolo-laptop,mongo_source
power_consumption,1704856585678000000,0.30529399157050807,paolo-laptop,mongo_source
power_consumption,1704856586679000000,0.058740359128822466,paolo-laptop,mongo_source
power_consumption,1704856587681000000,0.056068232157307205,paolo-laptop,mongo_source
power_consumption,1704856588682000000,0.06682075787014236,paolo-laptop,mongo_source
power_consumption,1704856589684000000,0.06465209645729807,paolo-laptop,mongo_source
power_consumption,1704856590685000000,0.06011134727089041,paolo-laptop,mongo_source
power_consumption,1704856591687000000,0.06393010586618955,paolo-laptop,mongo_source
power_consumption,1704856592691000000,0.13010246331548064,paolo-laptop,mongo_source
power_consumption,1704856593695000000,0.0780490422914244,paolo-laptop,mongo_source
power_consumption,1704856594697000000,0.02618767986052042,paolo-laptop,mongo_source
power_consumption,1704856595701000000,0.04505668358695879,paolo-laptop,mongo_source
power_consumption,1704856597704000000,0.027885284313735288,paolo-laptop,mongo_source
power_consumption,1704856598708000000,0.06560240087274777,paolo-laptop,mongo_source
power_consumption,1704856599712000000,0.20813406930010986,paolo-laptop,mongo_source
power_consumption,1704856600714000000,0.029788696922333414,paolo-laptop,mongo_source
power_consumption,1704856601715000000,0.04506948698541605,paolo-laptop,mongo_source
power_consumption,1704856602720000000,0.12220498742591725,paolo-laptop,mongo_source
power_consumption,1704856603725000000,0.026498865072235648,paolo-laptop,mongo_source
power_consumption,1704856605731000000,0.02957426266025942,paolo-laptop,mongo_source
power_consumption,1704856606733000000,0.2993096246950761,paolo-laptop,mongo_source
power_consumption,1704856607735000000,0.026872836542027597,paolo-laptop,mongo_source
power_consumption,1704856608737000000,0.037813037234560906,paolo-laptop,mongo_source
power_consumption,1704856609738000000,0.29736542097279883,paolo-laptop,mongo_source
power_consumption,1704856610740000000,0.06812450484643318,paolo-laptop,mongo_source
power_consumption,1704856611744000000,0.053168126959514,paolo-laptop,mongo_source
power_consumption,1704856612746000000,0.14272383364207136,paolo-laptop,mongo_source
power_consumption,1704856613748000000,0.043840819964379954,paolo-laptop,mongo_source
power_consumption,1704856614749000000,0.10687001540217432,paolo-laptop,mongo_source
power_consumption,1704856615750000000,0.2302875327111171,paolo-laptop,mongo_source
power_consumption,1704856616752000000,0.07381757549747106,paolo-laptop,mongo_source
power_consumption,1704856617754000000,0.04267588432621021,paolo-laptop,mongo_source
power_consumption,1704856618755000000,0.06334117445952357,paolo-laptop,mongo_source
power_consumption,1704856619759000000,0.04221065179321882,paolo-laptop,mongo_source
power_consumption,1704856620761000000,0.228439791768615,paolo-laptop,mongo_source
power_consumption,1704856621765000000,0.21683596099416344,paolo-laptop,mongo_source
power_consumption,1704856622767000000,0.11301788205504368,paolo-laptop,mongo_source
power_consumption,1704856623768000000,0.041100192177426415,paolo-laptop,mongo_source
power_consumption,1704856624770000000,0.027400905907332733,paolo-laptop,mongo_source
power_consumption,1704856625772000000,0.06229285789753375,paolo-laptop,mongo_source
power_consumption,1704856626773000000,0.037697243989534016,paolo-laptop,mongo_source
power_consumption,1704856627776000000,0.06952836475882498,paolo-laptop,mongo_source
power_consumption,1704856628781000000,0.2323438860097007,paolo-laptop,mongo_source
power_consumption,1704856629784000000,0.03209142166538277,paolo-laptop,mongo_source
power_consumption,1704856630787000000,0.03652828907255626,paolo-laptop,mongo_source
power_consumption,1704856631791000000,0.027318311425047183,paolo-laptop,mongo_source
power_consumption,1704856632794000000,0.16358541568684998,paolo-laptop,mongo_source
power_consumption,1704856633796000000,0.06403031767497155,paolo-laptop,mongo_source
power_consumption,1704856634799000000,0.2343303619889193,paolo-laptop,mongo_source
power_consumption,1704856635803000000,0.044788376058813216,paolo-laptop,mongo_source
power_consumption,1704856636808000000,0.29126558993050966,paolo-laptop,mongo_source
power_consumption,1704856637810000000,0.045057569441924905,paolo-laptop,mongo_source
power_consumption,1704856638812000000,0.026361163786011853,paolo-laptop,mongo_source
power_consumption,1704856639813000000,0.06237282023947892,paolo-laptop,mongo_source
power_consumption,1704856640815000000,0.06680852899845416,paolo-laptop,mongo_source
power_consumption,1704856641816000000,0.04072473463536844,paolo-laptop,mongo_source
power_consumption,1704856642820000000,0.1295815451849729,paolo-laptop,mongo_source
power_consumption,1704856643822000000,0.07796851609699901,paolo-laptop,mongo_source
power_consumption,1704856644824000000,0.055928584368518455,paolo-laptop,mongo_source
power_consumption,1704856645826000000,0.06260733310273797,paolo-laptop,mongo_source
power_consumption,1704856646827000000,0.06460136700100638,paolo-laptop,mongo_source
power_consumption,1704856647830000000,0.055231136353174164,paolo-laptop,mongo_source
power_consumption,1704856648833000000,0.05879173324704142,paolo-laptop,mongo_source
power_consumption,1704856649836000000,0.04027145448444483,paolo-laptop,mongo_source
power_consumption,1704856650840000000,0.04646255608843329,paolo-laptop,mongo_source
power_consumption,1704856651844000000,0.2855010450813865,paolo-laptop,mongo_source
power_consumption,1704856652845000000,0.2726011341221452,paolo-laptop,mongo_source
power_consumption,1704856653849000000,0.20810579764477677,paolo-laptop,mongo_source
power_consumption,1704856654851000000,0.02661756844833215,paolo-laptop,mongo_source
power_consumption,1704856655852000000,0.05471069374157832,paolo-laptop,mongo_source
power_consumption,1704856656854000000,0.05251720586544073,paolo-laptop,mongo_source
power_consumption,1704856657857000000,0.07845815855058114,paolo-laptop,mongo_source
power_consumption,1704856658861000000,0.21650495562807395,paolo-laptop,mongo_source
power_consumption,1704856659865000000,0.19566255477416297,paolo-laptop,mongo_source
power_consumption,1704856660870000000,0.24046611672957682,paolo-laptop,mongo_source
power_consumption,1704856661873000000,0.03185212271886966,paolo-laptop,mongo_source
power_consumption,1704856662877000000,0.12925050731963583,paolo-laptop,mongo_source
power_consumption,1704856664884000000,0.05998185737157477,paolo-laptop,mongo_source
power_consumption,1704856665886000000,0.11672964572934111,paolo-laptop,mongo_source
power_consumption,1704856666890000000,0.04656349368098169,paolo-laptop,mongo_source
power_consumption,1704856667892000000,0.03156319482795784,paolo-laptop,mongo_source
power_consumption,1704856668893000000,0.06109931803647583,paolo-laptop,mongo_source
power_consumption,1704856669895000000,0.06097017493769098,paolo-laptop,mongo_source
power_consumption,1704856670896000000,0.10693283550619721,paolo-laptop,mongo_source
power_consumption,1704856671898000000,0.08380633101754828,paolo-laptop,mongo_source
power_consumption,1704856672899000000,0.21223990174793794,paolo-laptop,mongo_source
power_consumption,1704856673901000000,0.058183957525191544,paolo-laptop,mongo_source
power_consumption,1704856674903000000,0.3150682690521959,paolo-laptop,mongo_source
power_consumption,1704856676910000000,0.2048454773337743,paolo-laptop,mongo_source
power_consumption,1704856677912000000,0.30657411590786715,paolo-laptop,mongo_source
power_consumption,1704856678914000000,0.3119329359493959,paolo-laptop,mongo_source
power_consumption,1704856679916000000,0.05357038978866259,paolo-laptop,mongo_source
power_consumption,1704856680921000000,0.06849919132824515,paolo-laptop,mongo_source
power_consumption,1704856681924000000,0.0611810584226833,paolo-laptop,mongo_source
power_consumption,1704856682928000000,0.20022899337968597,paolo-laptop,mongo_source
power_consumption,1704856683931000000,0.19196746522091926,paolo-laptop,mongo_source
power_consumption,1704856684934000000,0.10820291028151988,paolo-laptop,mongo_source
power_consumption,1704856685936000000,0.08715511220825385,paolo-laptop,mongo_source
power_consumption,1704856686941000000,0.02620121362960538,paolo-laptop,mongo_source
power_consumption,1704856687949000000,0.07041866295205787,paolo-laptop,mongo_source
power_consumption,1704856688962000000,0.046254190897236876,paolo-laptop,mongo_source
power_consumption,1704856689967000000,0.05087473801471745,paolo-laptop,mongo_source
power_consumption,1704856690969000000,0.25248011515723395,paolo-laptop,mongo_source
power_consumption,1704856691971000000,0.03219463623892947,paolo-laptop,mongo_source
power_consumption,1704856692974000000,0.16557990006378653,paolo-laptop,mongo_source
power_consumption,1704856693979000000,0.19756880702694085,paolo-laptop,mongo_source
power_consumption,1704856694984000000,0.10898647017320943,paolo-laptop,mongo_source
power_consumption,1704856695988000000,0.2450754188231055,paolo-laptop,mongo_source
power_consumption,1704856696993000000,0.2247974242259171,paolo-laptop,mongo_source
power_consumption,1704856699000000000,0.0936440404174391,paolo-laptop,mongo_source
power_consumption,1704856700002000000,0.06384808496282621,paolo-laptop,mongo_source
power_consumption,1704856702007000000,0.09021426574811778,paolo-laptop,mongo_source
power_consumption,1704856703011000000,0.14360123999483965,paolo-laptop,mongo_source
power_consumption,1704856704012000000,0.0740065271848915,paolo-laptop,mongo_source
power_consumption,1704856705014000000,0.07642493029366929,paolo-laptop,mongo_source
power_consumption,1704856706016000000,0.06329843388561912,paolo-laptop,mongo_source
power_consumption,1704856707022000000,0.027467656458940986,paolo-laptop,mongo_source
power_consumption,1704856708025000000,0.0493377990958178,paolo-laptop,mongo_source
power_consumption,1704856709029000000,0.0829185226468988,paolo-laptop,mongo_source
power_consumption,1704856710032000000,0.05643600009409979,paolo-laptop,mongo_source
power_consumption,1704856711033000000,0.12249738672676709,paolo-laptop,mongo_source
power_consumption,1704856712034000000,0.09213989195875594,paolo-laptop,mongo_source
power_consumption,1704856713038000000,0.09798877323671609,paolo-laptop,mongo_source
power_consumption,1704856714040000000,0.07367365628971081,paolo-laptop,mongo_source
power_consumption,1704856715041000000,0.0679281362414672,paolo-laptop,mongo_source
power_consumption,1704856716046000000,0.05098481693095954,paolo-laptop,mongo_source
power_consumption,1704856717050000000,0.08556806032660062,paolo-laptop,mongo_source
power_consumption,1704856718053000000,0.08002064746209259,paolo-laptop,mongo_source
power_consumption,1704856719058000000,0.10897211374004996,paolo-laptop,mongo_source
power_consumption,1704856720069000000,0.05305118763205635,paolo-laptop,mongo_source
power_consumption,1704856721071000000,0.0721745491554837,paolo-laptop,mongo_source
power_consumption,1704856722077000000,0.08848597661471984,paolo-laptop,mongo_source
power_consumption,1704856723085000000,0.10959130813098128,paolo-laptop,mongo_source
power_consumption,1704856724087000000,0.044929740071635596,paolo-laptop,mongo_source
power_consumption,1704856725091000000,0.08138762614334911,paolo-laptop,mongo_source
power_consumption,1704856726093000000,0.056109846557011095,paolo-laptop,mongo_source
power_consumption,1704856727095000000,0.07301420036438445,paolo-laptop,mongo_source
power_consumption,1704856728097000000,0.08935136151813661,paolo-laptop,mongo_source
power_consumption,1704856729099000000,0.03240977567303762,paolo-laptop,mongo_source
power_consumption,1704856730101000000,0.03062158077873104,paolo-laptop,mongo_source
power_consumption,1704856731102000000,0.027063435576613427,paolo-laptop,mongo_source
power_consumption,1704856732104000000,0.0602638125608781,paolo-laptop,mongo_source
power_consumption,1704856733106000000,0.027519482715181495,paolo-laptop,mongo_source
power_consumption,1704856734107000000,0.05276712888643119,paolo-laptop,mongo_source
power_consumption,1704856735111000000,0.07375504261926011,paolo-laptop,mongo_source
power_consumption,1704856736114000000,0.04834097824743845,paolo-laptop,mongo_source
power_consumption,1704856737115000000,0.032734136611960896,paolo-laptop,mongo_source
power_consumption,1704856738116000000,0.04790177633781174,paolo-laptop,mongo_source
power_consumption,1704856739119000000,0.06653883549321388,paolo-laptop,mongo_source
power_consumption,1704856740121000000,0.11750444059611562,paolo-laptop,mongo_source
power_consumption,1704856741123000000,0.127822150169653,paolo-laptop,mongo_source
power_consumption,1704856742125000000,0.09521436982884657,paolo-laptop,mongo_source
power_consumption,1704856743127000000,0.06576173172464056,paolo-laptop,mongo_source
power_consumption,1704856744129000000,0.05685146824306507,paolo-laptop,mongo_source
power_consumption,1704856745131000000,0.1202960107399785,paolo-laptop,mongo_source
power_consumption,1704856746133000000,0.05564157647379238,paolo-laptop,mongo_source
power_consumption,1704856747135000000,0.05037661383514895,paolo-laptop,mongo_source
power_consumption,1704856748137000000,0.05325462536047229,paolo-laptop,mongo_source
power_consumption,1704856749138000000,0.04959610925271812,paolo-laptop,mongo_source
power_consumption,1704856750140000000,0.02849496356285294,paolo-laptop,mongo_source
power_consumption,1704856751142000000,0.05149813042203355,paolo-laptop,mongo_source
power_consumption,1704856752145000000,0.1429413726876872,paolo-laptop,mongo_source
power_consumption,1704856753151000000,0.15756357186647338,paolo-laptop,mongo_source
power_consumption,1704856754153000000,0.06531181744784426,paolo-laptop,mongo_source
power_consumption,1704856755155000000,0.06880348871101497,paolo-laptop,mongo_source
power_consumption,1704856756157000000,0.06269846068629902,paolo-laptop,mongo_source
power_consumption,1704856757158000000,0.05836336425419309,paolo-laptop,mongo_source
power_consumption,1704856758160000000,0.08645483584917746,paolo-laptop,mongo_source
power_consumption,1704856759162000000,0.06560715276878379,paolo-laptop,mongo_source
power_consumption,1704856760163000000,0.06927602899771362,paolo-laptop,mongo_source
power_consumption,1704856761168000000,0.05661987661572627,paolo-laptop,mongo_source
power_consumption,1704856762169000000,0.06686783941177549,paolo-laptop,mongo_source
power_consumption,1704856763173000000,0.06774837439117312,paolo-laptop,mongo_source
power_consumption,1704856764174000000,0.07168414424803375,paolo-laptop,mongo_source
power_consumption,1704856765178000000,0.11962351200857105,paolo-laptop,mongo_source
power_consumption,1704856766181000000,0.06259785952696713,paolo-laptop,mongo_source
power_consumption,1704856767182000000,0.05936799723129754,paolo-laptop,mongo_source
power_consumption,1704856768183000000,0.10411491865718725,paolo-laptop,mongo_source
power_consumption,1704856769187000000,0.06752627986473453,paolo-laptop,mongo_source
power_consumption,1704856770191000000,0.19812756487738442,paolo-laptop,mongo_source
power_consumption,1704856771195000000,0.24555925420489197,paolo-laptop,mongo_source
power_consumption,1704856772197000000,0.3093630374859813,paolo-laptop,mongo_source
power_consumption,1704856773199000000,0.07030152973224944,paolo-laptop,mongo_source
power_consumption,1704856774201000000,0.11889300748748009,paolo-laptop,mongo_source
