name,time,power,sensor,target
power_consumption,1704868528577000000,0.10751142995896949,paolo-laptop,mongo_source
power_consumption,1704868529578000000,0.10959815604714762,paolo-laptop,mongo_source
power_consumption,1704868530583000000,0.06269711576645778,paolo-laptop,mongo_source
power_consumption,1704868531584000000,0.06613154114865377,paolo-laptop,mongo_source
power_consumption,1704868532586000000,0.06769071005425593,paolo-laptop,mongo_source
power_consumption,1704868533588000000,0.07057441572178295,paolo-laptop,mongo_source
power_consumption,1704868535591000000,0.06691017703290497,paolo-laptop,mongo_source
power_consumption,1704868537594000000,0.06607209670297479,paolo-laptop,mongo_source
power_consumption,1704868538596000000,0.09557690817984373,paolo-laptop,mongo_source
power_consumption,1704868539597000000,0.052128862558383296,paolo-laptop,mongo_source
power_consumption,1704868540599000000,0.05181364735436607,paolo-laptop,mongo_source
power_consumption,1704868541601000000,0.0404213723207458,paolo-laptop,mongo_source
power_consumption,1704868542602000000,0.04112836614929843,paolo-laptop,mongo_source
power_consumption,1704868543603000000,0.04055137576741538,paolo-laptop,mongo_source
power_consumption,1704868544606000000,0.04011633357444387,paolo-laptop,mongo_source
power_consumption,1704868545607000000,0.07470025217192791,paolo-laptop,mongo_source
power_consumption,1704868546608000000,0.03984795877044931,paolo-laptop,mongo_source
power_consumption,1704868548611000000,0.07453935708250982,paolo-laptop,mongo_source
power_consumption,1704868549613000000,0.03906618549537548,paolo-laptop,mongo_source
power_consumption,1704868550614000000,0.043861492965156915,paolo-laptop,mongo_source
power_consumption,1704868552618000000,0.0412803635194358,paolo-laptop,mongo_source
power_consumption,1704868553619000000,0.032979792959833644,paolo-laptop,mongo_source
power_consumption,1704868557625000000,0.03385363132020981,paolo-laptop,mongo_source
power_consumption,1704868558626000000,0.06980465490281271,paolo-laptop,mongo_source
power_consumption,1704868562632000000,0.020092999286784353,paolo-laptop,mongo_source
power_consumption,1704868563633000000,0.02051608114178111,paolo-laptop,mongo_source
power_consumption,1704868564634000000,0.019393098915085085,paolo-laptop,mongo_source
power_consumption,1704868565635000000,0.03348822991748593,paolo-laptop,mongo_source
power_consumption,1704868566637000000,0.03487012968313626,paolo-laptop,mongo_source
power_consumption,1704868567639000000,0.03319905978723177,paolo-laptop,mongo_source
power_consumption,1704868568641000000,0.07170422438865842,paolo-laptop,mongo_source
power_consumption,1704868569643000000,0.036989243094761926,paolo-laptop,mongo_source
power_consumption,1704868570645000000,0.03734594750285948,paolo-laptop,mongo_source
power_consumption,1704868571646000000,0.019868229950556378,paolo-laptop,mongo_source
power_consumption,1704868572648000000,0.020042636736547673,paolo-laptop,mongo_source
power_consumption,1704868573649000000,0.020215431076321226,paolo-laptop,mongo_source
power_consumption,1704868574651000000,0.034007305192556306,paolo-laptop,mongo_source
power_consumption,1704868575653000000,0.020217347408582827,paolo-laptop,mongo_source
power_consumption,1704868576654000000,0.020998291647499414,paolo-laptop,mongo_source
power_consumption,1704868577656000000,0.0202807300382213,paolo-laptop,mongo_source
power_consumption,1704868578658000000,0.061254451283130285,paolo-laptop,mongo_source
power_consumption,1704868579661000000,0.035131073329418415,paolo-laptop,mongo_source
power_consumption,1704868580663000000,0.0199005597062173,paolo-laptop,mongo_source
power_consumption,1704868581665000000,0.035833580802482085,paolo-laptop,mongo_source
power_consumption,1704868582667000000,0.03815985742741326,paolo-laptop,mongo_source
power_consumption,1704868583671000000,0.06447059909816977,paolo-laptop,mongo_source
power_consumption,1704868584674000000,0.03600815987578708,paolo-laptop,mongo_source
power_consumption,1704868585675000000,0.03876930078543837,paolo-laptop,mongo_source
power_consumption,1704868586677000000,0.03986449637309358,paolo-laptop,mongo_source
power_consumption,1704868587679000000,0.08562405773222022,paolo-laptop,mongo_source
power_consumption,1704868588684000000,0.1070782363434839,paolo-laptop,mongo_source
power_consumption,1704868589686000000,0.11814434879204795,paolo-laptop,mongo_source
power_consumption,1704868590690000000,0.06208454149490742,paolo-laptop,mongo_source
power_consumption,1704868591692000000,0.03833423772356443,paolo-laptop,mongo_source
power_consumption,1704868592694000000,0.039889776846496444,paolo-laptop,mongo_source
power_consumption,1704868593696000000,0.03887296113688982,paolo-laptop,mongo_source
power_consumption,1704868594697000000,0.03840251953447212,paolo-laptop,mongo_source
power_consumption,1704868595699000000,0.03992451168209689,paolo-laptop,mongo_source
power_consumption,1704868596701000000,0.03867002757945219,paolo-laptop,mongo_source
power_consumption,1704868597709000000,0.06756964230533673,paolo-laptop,mongo_source
power_consumption,1704868598711000000,0.09866910292965189,paolo-laptop,mongo_source
power_consumption,1704868599713000000,0.07014555324176543,paolo-laptop,mongo_source
power_consumption,1704868600715000000,0.06944093451753791,paolo-laptop,mongo_source
power_consumption,1704868601717000000,0.07020057384743558,paolo-laptop,mongo_source
power_consumption,1704868602719000000,0.06662738978242629,paolo-laptop,mongo_source
power_consumption,1704868603721000000,0.07158279400923535,paolo-laptop,mongo_source
power_consumption,1704868604723000000,0.03960790021770368,paolo-laptop,mongo_source
power_consumption,1704868605724000000,0.0701558079783061,paolo-laptop,mongo_source
power_consumption,1704868606726000000,0.07220734690585683,paolo-laptop,mongo_source
power_consumption,1704868607728000000,0.06843577313007987,paolo-laptop,mongo_source
power_consumption,1704868608730000000,0.11155615145772893,paolo-laptop,mongo_source
power_consumption,1704868609732000000,0.07487850856823064,paolo-laptop,mongo_source
power_consumption,1704868610735000000,0.06442222701323737,paolo-laptop,mongo_source
power_consumption,1704868612739000000,0.06737697158225521,paolo-laptop,mongo_source
power_consumption,1704868613741000000,0.06500536655075227,paolo-laptop,mongo_source
power_consumption,1704868614743000000,0.06543074091071832,paolo-laptop,mongo_source
power_consumption,1704868615746000000,0.06374285071741767,paolo-laptop,mongo_source
power_consumption,1704868616749000000,0.06816281345897257,paolo-laptop,mongo_source
power_consumption,1704868617754000000,0.06160840692019721,paolo-laptop,mongo_source
power_consumption,1704868618756000000,0.10515397583468025,paolo-laptop,mongo_source
power_consumption,1704868619758000000,0.07616707093742528,paolo-laptop,mongo_source
power_consumption,1704868620764000000,0.06576990350123195,paolo-laptop,mongo_source
power_consumption,1704868621766000000,0.0741007141837978,paolo-laptop,mongo_source
power_consumption,1704868622772000000,0.06115271206522106,paolo-laptop,mongo_source
power_consumption,1704868623775000000,0.0636594671620333,paolo-laptop,mongo_source
power_consumption,1704868624777000000,0.03405965766770178,paolo-laptop,mongo_source
power_consumption,1704868625779000000,0.0670889892082594,paolo-laptop,mongo_source
power_consumption,1704868626784000000,0.0651813965743204,paolo-laptop,mongo_source
power_consumption,1704868627790000000,0.06825742622343331,paolo-laptop,mongo_source
power_consumption,1704868628802000000,0.13216253066340167,paolo-laptop,mongo_source
power_consumption,1704868629806000000,0.07007815410090708,paolo-laptop,mongo_source
power_consumption,1704868630811000000,0.06269019495004523,paolo-laptop,mongo_source
power_consumption,1704868631816000000,0.03830306807098024,paolo-laptop,mongo_source
power_consumption,1704868632821000000,0.038059403428185916,paolo-laptop,mongo_source
power_consumption,1704868633826000000,0.03738273590410093,paolo-laptop,mongo_source
power_consumption,1704868634831000000,0.03416023886637984,paolo-laptop,mongo_source
power_consumption,1704868635833000000,0.061670316311820364,paolo-laptop,mongo_source
power_consumption,1704868636835000000,0.06456010770898837,paolo-laptop,mongo_source
power_consumption,1704868637837000000,0.06589034853790894,paolo-laptop,mongo_source
power_consumption,1704868638839000000,0.10548774123225627,paolo-laptop,mongo_source
power_consumption,1704868639843000000,0.07212449581963333,paolo-laptop,mongo_source
power_consumption,1704868640851000000,0.06883868064401506,paolo-laptop,mongo_source
power_consumption,1704868641854000000,0.023276947428997094,paolo-laptop,mongo_source
power_consumption,1704868642859000000,0.03663989370173483,paolo-laptop,mongo_source
power_consumption,1704868643863000000,0.058899277718373146,paolo-laptop,mongo_source
power_consumption,1704868644865000000,0.06781263321123777,paolo-laptop,mongo_source
power_consumption,1704868645867000000,0.07115146707340396,paolo-laptop,mongo_source
power_consumption,1704868646870000000,0.0625401909864806,paolo-laptop,mongo_source
power_consumption,1704868647872000000,0.08183736466288508,paolo-laptop,mongo_source
power_consumption,1704868648875000000,0.13027565488744697,paolo-laptop,mongo_source
power_consumption,1704868649877000000,0.0612758822674293,paolo-laptop,mongo_source
power_consumption,1704868650879000000,0.06542517772439954,paolo-laptop,mongo_source
power_consumption,1704868651881000000,0.07161620338389732,paolo-laptop,mongo_source
power_consumption,1704868652883000000,0.06996308744771358,paolo-laptop,mongo_source
power_consumption,1704868653886000000,0.05302440020285945,paolo-laptop,mongo_source
power_consumption,1704868654888000000,0.05229466926385156,paolo-laptop,mongo_source
power_consumption,1704868655890000000,0.06519909109107992,paolo-laptop,mongo_source
power_consumption,1704868656892000000,0.09520228963433139,paolo-laptop,mongo_source
power_consumption,1704868657894000000,0.06307207956709357,paolo-laptop,mongo_source
power_consumption,1704868658896000000,0.15872249437603156,paolo-laptop,mongo_source
power_consumption,1704868659898000000,0.06033251823926611,paolo-laptop,mongo_source
power_consumption,1704868660899000000,0.0922257325340779,paolo-laptop,mongo_source
power_consumption,1704868661902000000,0.11093681364650042,paolo-laptop,mongo_source
power_consumption,1704868662903000000,0.06334444059227229,paolo-laptop,mongo_source
power_consumption,1704868663905000000,0.114702511319299,paolo-laptop,mongo_source
power_consumption,1704868664907000000,0.059561665809226415,paolo-laptop,mongo_source
power_consumption,1704868665909000000,0.07058017625263222,paolo-laptop,mongo_source
power_consumption,1704868666911000000,0.06661292960772659,paolo-laptop,mongo_source
power_consumption,1704868667914000000,0.07382728471180272,paolo-laptop,mongo_source
power_consumption,1704868668916000000,0.11992867357224213,paolo-laptop,mongo_source
power_consumption,1704868669919000000,0.05483328364649539,paolo-laptop,mongo_source
power_consumption,1704868670929000000,0.04669286479106778,paolo-laptop,mongo_source
power_consumption,1704868671932000000,0.05367822196900827,paolo-laptop,mongo_source
power_consumption,1704868672934000000,0.04868170675964904,paolo-laptop,mongo_source
power_consumption,1704868673937000000,0.05691888302977164,paolo-laptop,mongo_source
power_consumption,1704868674940000000,0.04708462900729305,paolo-laptop,mongo_source
power_consumption,1704868675942000000,0.05230736071388525,paolo-laptop,mongo_source
power_consumption,1704868676945000000,0.054164897970140485,paolo-laptop,mongo_source
power_consumption,1704868677947000000,0.05242866975282443,paolo-laptop,mongo_source
power_consumption,1704868678949000000,0.140319533678166,paolo-laptop,mongo_source
power_consumption,1704868679952000000,0.10608222626613097,paolo-laptop,mongo_source
power_consumption,1704868680955000000,0.04969349308377517,paolo-laptop,mongo_source
power_consumption,1704868681957000000,0.08929865928330696,paolo-laptop,mongo_source
power_consumption,1704868682961000000,0.11432919175009647,paolo-laptop,mongo_source
power_consumption,1704868683963000000,0.05401196897235193,paolo-laptop,mongo_source
power_consumption,1704868686976000000,0.07792261749218594,paolo-laptop,mongo_source
power_consumption,1704868688980000000,0.11192179694639509,paolo-laptop,mongo_source
power_consumption,1704868689982000000,0.05021470541085518,paolo-laptop,mongo_source
power_consumption,1704868690984000000,0.04943891470108748,paolo-laptop,mongo_source
power_consumption,1704868691985000000,0.04970713012704267,paolo-laptop,mongo_source
power_consumption,1704868692987000000,0.04762787488749672,paolo-laptop,mongo_source
power_consumption,1704868693989000000,0.04801692465880643,paolo-laptop,mongo_source
power_consumption,1704868694991000000,0.05011750150925426,paolo-laptop,mongo_source
power_consumption,1704868695994000000,0.05486370544618781,paolo-laptop,mongo_source
power_consumption,1704868697000000000,0.04621948531184303,paolo-laptop,mongo_source
power_consumption,1704868699004000000,0.10276585959479351,paolo-laptop,mongo_source
power_consumption,1704868700006000000,0.054946911412861475,paolo-laptop,mongo_source
power_consumption,1704868701009000000,0.047370005791045916,paolo-laptop,mongo_source
power_consumption,1704868702010000000,0.04667124379084343,paolo-laptop,mongo_source
power_consumption,1704868711037000000,0.04605161638456047,paolo-laptop,mongo_source
power_consumption,1704868712039000000,0.04767020161609771,paolo-laptop,mongo_source
power_consumption,1704868713041000000,0.048345231595850705,paolo-laptop,mongo_source
power_consumption,1704868714044000000,0.04675227535625079,paolo-laptop,mongo_source
power_consumption,1704868716048000000,0.04753494036140561,paolo-laptop,mongo_source
power_consumption,1704868717050000000,0.04597718009460634,paolo-laptop,mongo_source
power_consumption,1704868718052000000,0.10644597707996384,paolo-laptop,mongo_source
power_consumption,1704868719055000000,0.04504896382423566,paolo-laptop,mongo_source
power_consumption,1704868720058000000,0.047998895008684636,paolo-laptop,mongo_source
power_consumption,1704868721060000000,0.0497092746564087,paolo-laptop,mongo_source
power_consumption,1704868722063000000,0.04443015015646554,paolo-laptop,mongo_source
power_consumption,1704868723065000000,0.047598291310342974,paolo-laptop,mongo_source
power_consumption,1704868724068000000,0.04569987420051649,paolo-laptop,mongo_source
power_consumption,1704868726072000000,0.04929093650613317,paolo-laptop,mongo_source
power_consumption,1704868727074000000,0.05038299734633589,paolo-laptop,mongo_source
power_consumption,1704868728077000000,0.10503459468834278,paolo-laptop,mongo_source
power_consumption,1704868729080000000,0.04897238489801485,paolo-laptop,mongo_source
power_consumption,1704868731085000000,0.04795492136095228,paolo-laptop,mongo_source
power_consumption,1704868732088000000,0.0465923862889143,paolo-laptop,mongo_source
power_consumption,1704868733090000000,0.04460431588967541,paolo-laptop,mongo_source
power_consumption,1704868734093000000,0.04647959591537556,paolo-laptop,mongo_source
power_consumption,1704868735095000000,0.045372040330116124,paolo-laptop,mongo_source
power_consumption,1704868736097000000,0.0479348362723311,paolo-laptop,mongo_source
power_consumption,1704868737100000000,0.0455813603315986,paolo-laptop,mongo_source
power_consumption,1704868738103000000,0.10562527215325376,paolo-laptop,mongo_source
power_consumption,1704868739105000000,0.04855832617048559,paolo-laptop,mongo_source
power_consumption,1704868740107000000,0.048767398773061674,paolo-laptop,mongo_source
power_consumption,1704868741109000000,0.04815773231713205,paolo-laptop,mongo_source
power_consumption,1704868742112000000,0.05205549416036019,paolo-laptop,mongo_source
power_consumption,1704868743116000000,0.046813683956437216,paolo-laptop,mongo_source
power_consumption,1704868744119000000,0.04683934846023245,paolo-laptop,mongo_source
power_consumption,1704868745121000000,0.04857664050070361,paolo-laptop,mongo_source
power_consumption,1704868746127000000,0.04570423233125272,paolo-laptop,mongo_source
power_consumption,1704868747129000000,0.05216449182442712,paolo-laptop,mongo_source
power_consumption,1704868748135000000,0.10835800204814408,paolo-laptop,mongo_source
power_consumption,1704868751140000000,0.04697764700838154,paolo-laptop,mongo_source
power_consumption,1704868752142000000,0.047254839110121294,paolo-laptop,mongo_source
power_consumption,1704868753152000000,0.046385698727440625,paolo-laptop,mongo_source
power_consumption,1704868757167000000,0.0475514099348376,paolo-laptop,mongo_source
power_consumption,1704868760178000000,0.0691650700167635,paolo-laptop,mongo_source
power_consumption,1704868762183000000,0.03972314497650792,paolo-laptop,mongo_source
power_consumption,1704868763186000000,0.04526344042864979,paolo-laptop,mongo_source
power_consumption,1704868765189000000,0.03522782115391935,paolo-laptop,mongo_source
power_consumption,1704868766191000000,0.036461158026703605,paolo-laptop,mongo_source
power_consumption,1704868767193000000,0.11147910339271525,paolo-laptop,mongo_source
power_consumption,1704868768195000000,0.057235690494368434,paolo-laptop,mongo_source
power_consumption,1704868769196000000,0.04824253063848751,paolo-laptop,mongo_source
power_consumption,1704868770198000000,0.039683988244964934,paolo-laptop,mongo_source
power_consumption,1704868771200000000,0.03628404806738174,paolo-laptop,mongo_source
power_consumption,1704868772202000000,0.05556854202784456,paolo-laptop,mongo_source
power_consumption,1704868773203000000,0.039514257691936484,paolo-laptop,mongo_source
power_consumption,1704868774206000000,0.03515474066768209,paolo-laptop,mongo_source
power_consumption,1704868775207000000,0.03685100628474543,paolo-laptop,mongo_source
power_consumption,1704868776209000000,0.03764934911707178,paolo-laptop,mongo_source
power_consumption,1704868777211000000,0.05921463508185514,paolo-laptop,mongo_source
power_consumption,1704868778215000000,0.07577810837136835,paolo-laptop,mongo_source
power_consumption,1704868782224000000,0.03911439835961511,paolo-laptop,mongo_source
power_consumption,1704868784235000000,0.04133616029818914,paolo-laptop,mongo_source
power_consumption,1704868785240000000,0.03599183181592687,paolo-laptop,mongo_source
power_consumption,1704868786242000000,0.03494108592680022,paolo-laptop,mongo_source
power_consumption,1704868789248000000,0.05152445697303036,paolo-laptop,mongo_source
power_consumption,1704868790249000000,0.06189818875122388,paolo-laptop,mongo_source
power_consumption,1704868791253000000,0.03715159175694025,paolo-laptop,mongo_source
power_consumption,1704868794258000000,0.03740312254539831,paolo-laptop,mongo_source
power_consumption,1704868795261000000,0.035227750565728806,paolo-laptop,mongo_source
power_consumption,1704868796264000000,0.037374464529528806,paolo-laptop,mongo_source
power_consumption,1704868797266000000,0.03534790253642127,paolo-laptop,mongo_source
power_consumption,1704868798269000000,0.06642928993124779,paolo-laptop,mongo_source
power_consumption,1704868799270000000,0.03421364665602052,paolo-laptop,mongo_source
power_consumption,1704868800272000000,0.03636572263186723,paolo-laptop,mongo_source
power_consumption,1704868801274000000,0.036982880962107625,paolo-laptop,mongo_source
power_consumption,1704868806286000000,0.031666502203333016,paolo-laptop,mongo_source
power_consumption,1704868807289000000,0.027537513756379278,paolo-laptop,mongo_source
power_consumption,1704868809295000000,0.03297095555575584,paolo-laptop,mongo_source
power_consumption,1704868813301000000,0.033890239531674214,paolo-laptop,mongo_source
power_consumption,1704868814303000000,0.03652656930915572,paolo-laptop,mongo_source
power_consumption,1704868815305000000,0.03744392969943964,paolo-laptop,mongo_source
power_consumption,1704868816307000000,0.03961574772683803,paolo-laptop,mongo_source
power_consumption,1704868817310000000,0.0352273564284039,paolo-laptop,mongo_source
power_consumption,1704868818312000000,0.06761732585230323,paolo-laptop,mongo_source
power_consumption,1704868819315000000,0.035680923609588036,paolo-laptop,mongo_source
power_consumption,1704868820317000000,0.03949034878715994,paolo-laptop,mongo_source
power_consumption,1704868821320000000,0.03653471307072982,paolo-laptop,mongo_source
power_consumption,1704868830345000000,0.04628820606130803,paolo-laptop,mongo_source
power_consumption,1704868831347000000,0.03752934876121165,paolo-laptop,mongo_source
power_consumption,1704868832350000000,0.03821211436868924,paolo-laptop,mongo_source
power_consumption,1704868833354000000,0.03646763329930132,paolo-laptop,mongo_source
power_consumption,1704868834358000000,0.033230821689680924,paolo-laptop,mongo_source
power_consumption,1704868835360000000,0.036949417296183736,paolo-laptop,mongo_source
power_consumption,1704868836362000000,0.03631248300061121,paolo-laptop,mongo_source
power_consumption,1704868837364000000,0.07213602828521819,paolo-laptop,mongo_source
power_consumption,1704868838367000000,0.07067145180148293,paolo-laptop,mongo_source
power_consumption,1704868839369000000,0.035103745799602536,paolo-laptop,mongo_source
power_consumption,1704868840371000000,0.038124242883334825,paolo-laptop,mongo_source
power_consumption,1704868841373000000,0.034358577462854915,paolo-laptop,mongo_source
power_consumption,1704868842375000000,0.03603327076169323,paolo-laptop,mongo_source
power_consumption,1704868843377000000,0.03475636901380045,paolo-laptop,mongo_source
power_consumption,1704868844379000000,0.03706761730286527,paolo-laptop,mongo_source
power_consumption,1704868845381000000,0.039095319378880555,paolo-laptop,mongo_source
power_consumption,1704868846383000000,0.03575389231923037,paolo-laptop,mongo_source
power_consumption,1704868847385000000,0.05018152776146191,paolo-laptop,mongo_source
power_consumption,1704868848387000000,0.07252857297257742,paolo-laptop,mongo_source
power_consumption,1704868849390000000,0.07354788400211892,paolo-laptop,mongo_source
power_consumption,1704868850392000000,0.038668565561974066,paolo-laptop,mongo_source
power_consumption,1704868851393000000,0.07557188684771568,paolo-laptop,mongo_source
power_consumption,1704868852395000000,0.035505994687929796,paolo-laptop,mongo_source
power_consumption,1704868853397000000,0.037124615482547405,paolo-laptop,mongo_source
power_consumption,1704868854399000000,0.03789504655112846,paolo-laptop,mongo_source
power_consumption,1704868855403000000,0.028637442184348043,paolo-laptop,mongo_source
power_consumption,1704868857407000000,0.029261063555736995,paolo-laptop,mongo_source
power_consumption,1704868858409000000,0.07790696637163684,paolo-laptop,mongo_source
power_consumption,1704868859413000000,0.043040837503092275,paolo-laptop,mongo_source
power_consumption,1704868861416000000,0.03916447394897734,paolo-laptop,mongo_source
power_consumption,1704868862417000000,0.03559540727381643,paolo-laptop,mongo_source
power_consumption,1704868863419000000,0.037772996794409285,paolo-laptop,mongo_source
power_consumption,1704868864421000000,0.03394832714475404,paolo-laptop,mongo_source
power_consumption,1704868865422000000,0.03501293434121193,paolo-laptop,mongo_source
power_consumption,1704868866426000000,0.035313827647566486,paolo-laptop,mongo_source
power_consumption,1704868867427000000,0.036827929441049914,paolo-laptop,mongo_source
power_consumption,1704868868429000000,0.077160876811113,paolo-laptop,mongo_source
power_consumption,1704868869431000000,0.037766813194544724,paolo-laptop,mongo_source
power_consumption,1704868870434000000,0.03685669497041272,paolo-laptop,mongo_source
power_consumption,1704868871436000000,0.03873158000907985,paolo-laptop,mongo_source
power_consumption,1704868872438000000,0.037620403874454734,paolo-laptop,mongo_source
power_consumption,1704868873440000000,0.03975753198045716,paolo-laptop,mongo_source
power_consumption,1704868874442000000,0.03811910383250124,paolo-laptop,mongo_source
power_consumption,1704868875444000000,0.03870691688976403,paolo-laptop,mongo_source
power_consumption,1704868876446000000,0.03575061374382722,paolo-laptop,mongo_source
power_consumption,1704868877448000000,0.04102823494649527,paolo-laptop,mongo_source
power_consumption,1704868878454000000,0.07502456046892624,paolo-laptop,mongo_source
power_consumption,1704868888480000000,0.09036780736404668,paolo-laptop,mongo_source
power_consumption,1704868893496000000,0.039548346782459734,paolo-laptop,mongo_source
power_consumption,1704868901523000000,0.02908588162654279,paolo-laptop,mongo_source
power_consumption,1704868907556000000,0.03786834866997791,paolo-laptop,mongo_source
power_consumption,1704868919593000000,0.039018023055894094,paolo-laptop,mongo_source
power_consumption,1704868920595000000,0.04021836563254532,paolo-laptop,mongo_source
power_consumption,1704868923600000000,0.036491375710003354,paolo-laptop,mongo_source
power_consumption,1704868924603000000,0.02899401791040733,paolo-laptop,mongo_source
power_consumption,1704868926609000000,0.0361416396927675,paolo-laptop,mongo_source
power_consumption,1704868927611000000,0.03869497778015285,paolo-laptop,mongo_source
power_consumption,1704868928613000000,0.09015040596159288,paolo-laptop,mongo_source
power_consumption,1704868929616000000,0.03559167794418697,paolo-laptop,mongo_source
power_consumption,1704868930618000000,0.04335805024663385,paolo-laptop,mongo_source
power_consumption,1704868931620000000,0.043581930313075966,paolo-laptop,mongo_source
power_consumption,1704868932622000000,0.07614063727488138,paolo-laptop,mongo_source
power_consumption,1704868933627000000,0.03811029735530812,paolo-laptop,mongo_source
power_consumption,1704868934630000000,0.06117250000534825,paolo-laptop,mongo_source
power_consumption,1704868935631000000,0.040561862713440366,paolo-laptop,mongo_source
power_consumption,1704868936632000000,0.03952197477793755,paolo-laptop,mongo_source
power_consumption,1704868937634000000,0.04224197803103069,paolo-laptop,mongo_source
power_consumption,1704868938638000000,0.09863910778067203,paolo-laptop,mongo_source
power_consumption,1704868939641000000,0.04092358397414937,paolo-laptop,mongo_source
power_consumption,1704868942647000000,0.03970464183337963,paolo-laptop,mongo_source
power_consumption,1704868945652000000,0.037804109293724936,paolo-laptop,mongo_source
power_consumption,1704868946657000000,0.03758305845371271,paolo-laptop,mongo_source
power_consumption,1704868947662000000,0.03843841822795015,paolo-laptop,mongo_source
power_consumption,1704868948664000000,0.1279335807099185,paolo-laptop,mongo_source
power_consumption,1704868949666000000,0.0623641850035151,paolo-laptop,mongo_source
power_consumption,1704868950669000000,0.041139257720955176,paolo-laptop,mongo_source
power_consumption,1704868953675000000,0.03434977636448994,paolo-laptop,mongo_source
power_consumption,1704868954677000000,0.060616067929778736,paolo-laptop,mongo_source
power_consumption,1704868955680000000,0.03340239669620183,paolo-laptop,mongo_source
power_consumption,1704868956682000000,0.05680712266387815,paolo-laptop,mongo_source
power_consumption,1704868957685000000,0.053579453111073774,paolo-laptop,mongo_source
power_consumption,1704868958688000000,0.141641037807324,paolo-laptop,mongo_source
power_consumption,1704868960693000000,0.05278625740166573,paolo-laptop,mongo_source
power_consumption,1704868961695000000,0.03702016648638683,paolo-laptop,mongo_source
power_consumption,1704868962698000000,0.035903013192626156,paolo-laptop,mongo_source
power_consumption,1704868966728000000,0.0495060919763502,paolo-laptop,mongo_source
power_consumption,1704868968735000000,0.10954543691575067,paolo-laptop,mongo_source
power_consumption,1704868971742000000,0.05762215649253198,paolo-laptop,mongo_source
power_consumption,1704868972745000000,0.036881013202945234,paolo-laptop,mongo_source
power_consumption,1704868973747000000,0.037820066920028136,paolo-laptop,mongo_source
power_consumption,1704868974749000000,0.039116050727405705,paolo-laptop,mongo_source
power_consumption,1704868977757000000,0.050503311592150796,paolo-laptop,mongo_source
power_consumption,1704868978761000000,0.11071969896024547,paolo-laptop,mongo_source
power_consumption,1704868980766000000,0.038386844921771746,paolo-laptop,mongo_source
power_consumption,1704868981769000000,0.0357490786818741,paolo-laptop,mongo_source
power_consumption,1704868982773000000,0.037673646334773055,paolo-laptop,mongo_source
power_consumption,1704868985779000000,0.03725609639569319,paolo-laptop,mongo_source
power_consumption,1704868986782000000,0.05519437882512997,paolo-laptop,mongo_source
power_consumption,1704868987783000000,0.09407931243418291,paolo-laptop,mongo_source
power_consumption,1704868988785000000,0.10456282488276109,paolo-laptop,mongo_source
power_consumption,1704868989787000000,0.039490753706032,paolo-laptop,mongo_source
power_consumption,1704868990789000000,0.04021812393548932,paolo-laptop,mongo_source
power_consumption,1704868991793000000,0.02946845362836087,paolo-laptop,mongo_source
power_consumption,1704868994801000000,0.03657156360656818,paolo-laptop,mongo_source
power_consumption,1704868996806000000,0.05597270755558798,paolo-laptop,mongo_source
power_consumption,1704868997809000000,0.07212486290706283,paolo-laptop,mongo_source
power_consumption,1704868998811000000,0.1355330040022204,paolo-laptop,mongo_source
power_consumption,1704868999812000000,0.05587547198282422,paolo-laptop,mongo_source
power_consumption,1704869000815000000,0.07473887840535481,paolo-laptop,mongo_source
power_consumption,1704869002820000000,0.08586607206119343,paolo-laptop,mongo_source
power_consumption,1704869003824000000,0.09218165748125687,paolo-laptop,mongo_source
power_consumption,1704869004826000000,0.041042207273852105,paolo-laptop,mongo_source
power_consumption,1704869005828000000,0.04155224009437841,paolo-laptop,mongo_source
power_consumption,1704869007831000000,0.04847552743607915,paolo-laptop,mongo_source
power_consumption,1704869008833000000,0.1086447847050346,paolo-laptop,mongo_source
power_consumption,1704869009836000000,0.04943323521729892,paolo-laptop,mongo_source
power_consumption,1704869010842000000,0.02736986837858172,paolo-laptop,mongo_source
power_consumption,1704869012847000000,0.05318802773115182,paolo-laptop,mongo_source
power_consumption,1704869013848000000,0.035485683666252814,paolo-laptop,mongo_source
power_consumption,1704869014850000000,0.03658212527802093,paolo-laptop,mongo_source
power_consumption,1704869015852000000,0.03645830968062265,paolo-laptop,mongo_source
power_consumption,1704869016854000000,0.03533943795557474,paolo-laptop,mongo_source
power_consumption,1704869017856000000,0.03499968523656105,paolo-laptop,mongo_source
power_consumption,1704869018857000000,0.10728430498040539,paolo-laptop,mongo_source
power_consumption,1704869019861000000,0.03511028501723498,paolo-laptop,mongo_source
power_consumption,1704869020864000000,0.055582538203840126,paolo-laptop,mongo_source
power_consumption,1704869021866000000,0.039996325844226466,paolo-laptop,mongo_source
power_consumption,1704869022869000000,0.034960849036286844,paolo-laptop,mongo_source
power_consumption,1704869023876000000,0.12757464763315768,paolo-laptop,mongo_source
power_consumption,1704869025880000000,0.03689638843953161,paolo-laptop,mongo_source
power_consumption,1704869026881000000,0.06227364563828196,paolo-laptop,mongo_source
power_consumption,1704869027883000000,0.039826276988615905,paolo-laptop,mongo_source
power_consumption,1704869028885000000,0.1308447884334379,paolo-laptop,mongo_source
power_consumption,1704869029888000000,0.043261752439816725,paolo-laptop,mongo_source
power_consumption,1704869030891000000,0.03495509623626235,paolo-laptop,mongo_source
power_consumption,1704869031893000000,0.039855752308927,paolo-laptop,mongo_source
power_consumption,1704869032895000000,0.03870456802200391,paolo-laptop,mongo_source
power_consumption,1704869033897000000,0.043298911526093456,paolo-laptop,mongo_source
power_consumption,1704869034901000000,0.03532996255976921,paolo-laptop,mongo_source
power_consumption,1704869035903000000,0.03892307134544948,paolo-laptop,mongo_source
power_consumption,1704869036904000000,0.04365045396716566,paolo-laptop,mongo_source
power_consumption,1704869037910000000,0.032198830201383824,paolo-laptop,mongo_source
power_consumption,1704869038912000000,0.11149012291543017,paolo-laptop,mongo_source
power_consumption,1704869039914000000,0.04130607548383754,paolo-laptop,mongo_source
power_consumption,1704869040916000000,0.03759922155584021,paolo-laptop,mongo_source
power_consumption,1704869041918000000,0.03924937039023256,paolo-laptop,mongo_source
power_consumption,1704869042922000000,0.03448348218376996,paolo-laptop,mongo_source
power_consumption,1704869043925000000,0.04077018482202055,paolo-laptop,mongo_source
power_consumption,1704869044929000000,0.052207986414846565,paolo-laptop,mongo_source
power_consumption,1704869045931000000,0.04301869955298826,paolo-laptop,mongo_source
power_consumption,1704869046932000000,0.038323030689783974,paolo-laptop,mongo_source
power_consumption,1704869047935000000,0.03816542767675985,paolo-laptop,mongo_source
power_consumption,1704869048938000000,0.118436917163069,paolo-laptop,mongo_source
power_consumption,1704869049939000000,0.03520986981684697,paolo-laptop,mongo_source
power_consumption,1704869050940000000,0.04023733816882815,paolo-laptop,mongo_source
power_consumption,1704869051942000000,0.035001650344907036,paolo-laptop,mongo_source
power_consumption,1704869052944000000,0.041302098929907494,paolo-laptop,mongo_source
power_consumption,1704869053947000000,0.02851627596031981,paolo-laptop,mongo_source
power_consumption,1704869054949000000,0.041120704241786474,paolo-laptop,mongo_source
power_consumption,1704869055954000000,0.03481898389140447,paolo-laptop,mongo_source
power_consumption,1704869056956000000,0.18464825701886442,paolo-laptop,mongo_source
power_consumption,1704869057958000000,0.04552209953515446,paolo-laptop,mongo_source
power_consumption,1704869058960000000,0.12411211779016992,paolo-laptop,mongo_source
power_consumption,1704869059962000000,0.08576746357668627,paolo-laptop,mongo_source
power_consumption,1704869060963000000,0.04392288271792515,paolo-laptop,mongo_source
power_consumption,1704869061967000000,0.029083989649679946,paolo-laptop,mongo_source
power_consumption,1704869064976000000,0.060895122054651515,paolo-laptop,mongo_source
power_consumption,1704869065978000000,0.03971178325911489,paolo-laptop,mongo_source
power_consumption,1704869066980000000,0.03898914706694341,paolo-laptop,mongo_source
power_consumption,1704869067981000000,0.12487034758195288,paolo-laptop,mongo_source
power_consumption,1704869068985000000,0.04936030337356069,paolo-laptop,mongo_source
power_consumption,1704869069989000000,0.11558282970122014,paolo-laptop,mongo_source
power_consumption,1704869072998000000,0.047236254209309464,paolo-laptop,mongo_source
power_consumption,1704869074000000000,0.033689250090486844,paolo-laptop,mongo_source
power_consumption,1704869075002000000,0.042462550846104896,paolo-laptop,mongo_source
power_consumption,1704869076004000000,0.047375263177128285,paolo-laptop,mongo_source
power_consumption,1704869077005000000,0.03444138067434244,paolo-laptop,mongo_source
power_consumption,1704869078006000000,0.0667002159401224,paolo-laptop,mongo_source
power_consumption,1704869079009000000,0.07286838556367273,paolo-laptop,mongo_source
power_consumption,1704869080013000000,0.03791745817520044,paolo-laptop,mongo_source
power_consumption,1704869081015000000,0.06741751121363439,paolo-laptop,mongo_source
power_consumption,1704869082017000000,0.035383901089015686,paolo-laptop,mongo_source
power_consumption,1704869083019000000,0.03538697163174257,paolo-laptop,mongo_source
power_consumption,1704869084020000000,0.05172215461127332,paolo-laptop,mongo_source
power_consumption,1704869085022000000,0.0852766303907182,paolo-laptop,mongo_source
power_consumption,1704869086023000000,0.1081157481104521,paolo-laptop,mongo_source
power_consumption,1704869087025000000,0.03835133911409799,paolo-laptop,mongo_source
power_consumption,1704869088026000000,0.06682903340619176,paolo-laptop,mongo_source
power_consumption,1704869089028000000,0.07585756569725163,paolo-laptop,mongo_source
power_consumption,1704869090030000000,0.03762325880298248,paolo-laptop,mongo_source
power_consumption,1704869091032000000,0.08404850549472206,paolo-laptop,mongo_source
power_consumption,1704869092034000000,0.04867110875227039,paolo-laptop,mongo_source
power_consumption,1704869093035000000,0.048641146910200994,paolo-laptop,mongo_source
power_consumption,1704869094036000000,0.03894482797803285,paolo-laptop,mongo_source
power_consumption,1704869095038000000,0.035128638148216706,paolo-laptop,mongo_source
power_consumption,1704869096041000000,0.03976072068506633,paolo-laptop,mongo_source
power_consumption,1704869097043000000,0.03975100089910842,paolo-laptop,mongo_source
power_consumption,1704869098045000000,0.07378267498671705,paolo-laptop,mongo_source
power_consumption,1704869099047000000,0.03690501456668792,paolo-laptop,mongo_source
power_consumption,1704869100050000000,0.04188617124887902,paolo-laptop,mongo_source
power_consumption,1704869101053000000,0.047815650615168695,paolo-laptop,mongo_source
power_consumption,1704869102056000000,0.03616720856341386,paolo-laptop,mongo_source
power_consumption,1704869103059000000,0.037124332516045896,paolo-laptop,mongo_source
power_consumption,1704869104061000000,0.04133762059267505,paolo-laptop,mongo_source
power_consumption,1704869105062000000,0.049080183836859685,paolo-laptop,mongo_source
power_consumption,1704869106064000000,0.03108858417994752,paolo-laptop,mongo_source
power_consumption,1704869107070000000,0.03788287006666608,paolo-laptop,mongo_source
power_consumption,1704869108075000000,0.08354593287365397,paolo-laptop,mongo_source
power_consumption,1704869109079000000,0.039852752939213795,paolo-laptop,mongo_source
power_consumption,1704869111087000000,0.04914394622608499,paolo-laptop,mongo_source
power_consumption,1704869112089000000,0.04802559393678265,paolo-laptop,mongo_source
power_consumption,1704869113091000000,0.03499342634254364,paolo-laptop,mongo_source
power_consumption,1704869114095000000,0.0510027463692138,paolo-laptop,mongo_source
power_consumption,1704869115099000000,0.03409256760452988,paolo-laptop,mongo_source
power_consumption,1704869118105000000,0.06960685188155685,paolo-laptop,mongo_source
power_consumption,1704869119108000000,0.032814914330436186,paolo-laptop,mongo_source
power_consumption,1704869121113000000,0.04208575275906118,paolo-laptop,mongo_source
power_consumption,1704869122115000000,0.03597792325121761,paolo-laptop,mongo_source
power_consumption,1704869123117000000,0.058210013444889436,paolo-laptop,mongo_source
power_consumption,1704869124119000000,0.03753766085335496,paolo-laptop,mongo_source
power_consumption,1704869125122000000,0.045072091532693245,paolo-laptop,mongo_source
power_consumption,1704869126124000000,0.07465426709799054,paolo-laptop,mongo_source
power_consumption,1704869127127000000,0.035349151714401915,paolo-laptop,mongo_source
power_consumption,1704869128130000000,0.08389870142222425,paolo-laptop,mongo_source
power_consumption,1704869129135000000,0.03737142148778423,paolo-laptop,mongo_source
power_consumption,1704869130139000000,0.05845966819578645,paolo-laptop,mongo_source
power_consumption,1704869132144000000,0.09132014332386724,paolo-laptop,mongo_source
power_consumption,1704869133146000000,0.03758030760546771,paolo-laptop,mongo_source
power_consumption,1704869134148000000,0.038132561777495556,paolo-laptop,mongo_source
power_consumption,1704869135151000000,0.03540702279369656,paolo-laptop,mongo_source
power_consumption,1704869136153000000,0.04283674445090381,paolo-laptop,mongo_source
power_consumption,1704869137155000000,0.03594528896455062,paolo-laptop,mongo_source
power_consumption,1704869138157000000,0.0759222204916574,paolo-laptop,mongo_source
power_consumption,1704869139159000000,0.03567959529029867,paolo-laptop,mongo_source
power_consumption,1704869140162000000,0.03998038823886643,paolo-laptop,mongo_source
power_consumption,1704869141164000000,0.05527421952014511,paolo-laptop,mongo_source
power_consumption,1704869142166000000,0.039366998927486206,paolo-laptop,mongo_source
power_consumption,1704869143168000000,0.03492354079945517,paolo-laptop,mongo_source
power_consumption,1704869144170000000,0.03695240297632199,paolo-laptop,mongo_source
power_consumption,1704869145172000000,0.0361852821007481,paolo-laptop,mongo_source
power_consumption,1704869146174000000,0.03697493494839674,paolo-laptop,mongo_source
power_consumption,1704869147177000000,0.03326363866546116,paolo-laptop,mongo_source
power_consumption,1704869149184000000,0.03760153307225422,paolo-laptop,mongo_source
power_consumption,1704869150187000000,0.05045790228290731,paolo-laptop,mongo_source
power_consumption,1704869151191000000,0.04273568932264216,paolo-laptop,mongo_source
power_consumption,1704869152193000000,0.09372507333732541,paolo-laptop,mongo_source
power_consumption,1704869153194000000,0.07657228587293965,paolo-laptop,mongo_source
power_consumption,1704869155199000000,0.03117850055294421,paolo-laptop,mongo_source
power_consumption,1704869156202000000,0.037375061483843286,paolo-laptop,mongo_source
power_consumption,1704869157204000000,0.04005138846741379,paolo-laptop,mongo_source
power_consumption,1704869158206000000,0.08424627560260387,paolo-laptop,mongo_source
power_consumption,1704869159208000000,0.04112223682968359,paolo-laptop,mongo_source
power_consumption,1704869160210000000,0.04104540239359432,paolo-laptop,mongo_source
power_consumption,1704869162212000000,0.03669278876537713,paolo-laptop,mongo_source
power_consumption,1704869163214000000,0.03560687568400327,paolo-laptop,mongo_source
power_consumption,1704869164216000000,0.0363484531089512,paolo-laptop,mongo_source
power_consumption,1704869165217000000,0.03526432219078317,paolo-laptop,mongo_source
power_consumption,1704869166219000000,0.17789019466648465,paolo-laptop,mongo_source
power_consumption,1704869167220000000,0.03553362730368388,paolo-laptop,mongo_source
power_consumption,1704869168222000000,0.09975158710325349,paolo-laptop,mongo_source
power_consumption,1704869169224000000,0.05759012443506435,paolo-laptop,mongo_source
power_consumption,1704869170226000000,0.038808278989194,paolo-laptop,mongo_source
power_consumption,1704869171229000000,0.04027273111966771,paolo-laptop,mongo_source
power_consumption,1704869172231000000,0.0437398506842085,paolo-laptop,mongo_source
power_consumption,1704869173233000000,0.038443874381120624,paolo-laptop,mongo_source
power_consumption,1704869174234000000,0.035818985962755664,paolo-laptop,mongo_source
power_consumption,1704869175236000000,0.08288649045429604,paolo-laptop,mongo_source
power_consumption,1704869176237000000,0.05226259163101961,paolo-laptop,mongo_source
power_consumption,1704869177241000000,0.030729597802312474,paolo-laptop,mongo_source
power_consumption,1704869178243000000,0.09537427927995026,paolo-laptop,mongo_source
power_consumption,1704869179248000000,0.051084170198515105,paolo-laptop,mongo_source
power_consumption,1704869180255000000,0.05456187864405618,paolo-laptop,mongo_source
power_consumption,1704869182264000000,0.17333435677248954,paolo-laptop,mongo_source
power_consumption,1704869183268000000,0.20341755536965272,paolo-laptop,mongo_source
power_consumption,1704869184269000000,0.07875666888083076,paolo-laptop,mongo_source
power_consumption,1704869185273000000,0.08087398835610463,paolo-laptop,mongo_source
power_consumption,1704869187281000000,0.07946944032472285,paolo-laptop,mongo_source
power_consumption,1704869188284000000,0.31436227765437585,paolo-laptop,mongo_source
power_consumption,1704869189287000000,0.18796135077301984,paolo-laptop,mongo_source
power_consumption,1704869190291000000,0.05014053697988775,paolo-laptop,mongo_source
power_consumption,1704869191293000000,0.03648763970428109,paolo-laptop,mongo_source
power_consumption,1704869192295000000,0.03757881543809832,paolo-laptop,mongo_source
power_consumption,1704869193299000000,0.027773072658587774,paolo-laptop,mongo_source
power_consumption,1704869194302000000,0.12372279014975786,paolo-laptop,mongo_source
power_consumption,1704869195306000000,0.1693318823191281,paolo-laptop,mongo_source
power_consumption,1704869196310000000,0.16888132675397732,paolo-laptop,mongo_source
power_consumption,1704869198317000000,0.11134478995634767,paolo-laptop,mongo_source
power_consumption,1704869200320000000,0.043150470830192245,paolo-laptop,mongo_source
power_consumption,1704869202326000000,0.04373911997378499,paolo-laptop,mongo_source
power_consumption,1704869203328000000,0.02598637416253915,paolo-laptop,mongo_source
power_consumption,1704869204331000000,0.026580275326674323,paolo-laptop,mongo_source
power_consumption,1704869205335000000,0.19545429967876946,paolo-laptop,mongo_source
power_consumption,1704869206337000000,0.03947502386088843,paolo-laptop,mongo_source
power_consumption,1704869207338000000,0.044759347695639155,paolo-laptop,mongo_source
power_consumption,1704869208341000000,0.11613622284745509,paolo-laptop,mongo_source
power_consumption,1704869209345000000,0.1459370576138667,paolo-laptop,mongo_source
power_consumption,1704869210350000000,0.18998485948578991,paolo-laptop,mongo_source
power_consumption,1704869211353000000,0.04512425304194226,paolo-laptop,mongo_source
power_consumption,1704869212355000000,0.10555255708395292,paolo-laptop,mongo_source
power_consumption,1704869213357000000,0.03934640818573988,paolo-laptop,mongo_source
power_consumption,1704869214359000000,0.0315809596518615,paolo-laptop,mongo_source
power_consumption,1704869215361000000,0.034874427485654474,paolo-laptop,mongo_source
power_consumption,1704869216363000000,0.026668289465269085,paolo-laptop,mongo_source
power_consumption,1704869217365000000,0.037502617858223855,paolo-laptop,mongo_source
power_consumption,1704869218367000000,0.1051439922640724,paolo-laptop,mongo_source
power_consumption,1704869219369000000,0.03760526992011241,paolo-laptop,mongo_source
power_consumption,1704869220371000000,0.037908972253608744,paolo-laptop,mongo_source
power_consumption,1704869221373000000,0.04007340155477085,paolo-laptop,mongo_source
power_consumption,1704869222375000000,0.07620946289057995,paolo-laptop,mongo_source
power_consumption,1704869223378000000,0.03364791075144915,paolo-laptop,mongo_source
power_consumption,1704869224380000000,0.21474416881906983,paolo-laptop,mongo_source
power_consumption,1704869225381000000,0.22015221016224526,paolo-laptop,mongo_source
power_consumption,1704869226382000000,0.1676508544550666,paolo-laptop,mongo_source
power_consumption,1704869227384000000,0.03740008247098268,paolo-laptop,mongo_source
power_consumption,1704869228386000000,0.12032526947619367,paolo-laptop,mongo_source
power_consumption,1704869229387000000,0.046327769362766696,paolo-laptop,mongo_source
power_consumption,1704869230388000000,0.027028119695179955,paolo-laptop,mongo_source
power_consumption,1704869231391000000,0.05635336785419422,paolo-laptop,mongo_source
power_consumption,1704869232396000000,0.03764232417120937,paolo-laptop,mongo_source
power_consumption,1704869233398000000,0.03898912922964024,paolo-laptop,mongo_source
power_consumption,1704869234402000000,0.08285707970156697,paolo-laptop,mongo_source
power_consumption,1704869235405000000,0.11562193442637092,paolo-laptop,mongo_source
power_consumption,1704869236407000000,0.08613426444199339,paolo-laptop,mongo_source
power_consumption,1704869237409000000,0.050567711799952376,paolo-laptop,mongo_source
power_consumption,1704869238412000000,0.11407463650997612,paolo-laptop,mongo_source
power_consumption,1704869239414000000,0.035863628557850746,paolo-laptop,mongo_source
power_consumption,1704869240418000000,0.028145206640604322,paolo-laptop,mongo_source
power_consumption,1704869241420000000,0.04192928154690123,paolo-laptop,mongo_source
power_consumption,1704869242425000000,0.03700774116642781,paolo-laptop,mongo_source
power_consumption,1704869243430000000,0.02840840856559743,paolo-laptop,mongo_source
power_consumption,1704869244437000000,0.21524563923680393,paolo-laptop,mongo_source
power_consumption,1704869245442000000,0.03589996803661143,paolo-laptop,mongo_source
power_consumption,1704869246443000000,0.045669584248570386,paolo-laptop,mongo_source
power_consumption,1704869247448000000,0.04182903037713476,paolo-laptop,mongo_source
power_consumption,1704869248450000000,0.18085447047175762,paolo-laptop,mongo_source
power_consumption,1704869249452000000,0.05691245000502204,paolo-laptop,mongo_source
power_consumption,1704869250453000000,0.04369478698284558,paolo-laptop,mongo_source
power_consumption,1704869251457000000,0.04395012655348164,paolo-laptop,mongo_source
power_consumption,1704869252460000000,0.04701698001130039,paolo-laptop,mongo_source
power_consumption,1704869253462000000,0.03748871024180693,paolo-laptop,mongo_source
power_consumption,1704869254464000000,0.03863764239554491,paolo-laptop,mongo_source
power_consumption,1704869255466000000,0.03649913190231787,paolo-laptop,mongo_source
power_consumption,1704869256467000000,0.037338563934868105,paolo-laptop,mongo_source
power_consumption,1704869257469000000,0.03712376965911335,paolo-laptop,mongo_source
power_consumption,1704869258471000000,0.10214018111399709,paolo-laptop,mongo_source
power_consumption,1704869259473000000,0.038703943506918845,paolo-laptop,mongo_source
power_consumption,1704869260475000000,0.04181701175611823,paolo-laptop,mongo_source
power_consumption,1704869261479000000,0.03419810987231101,paolo-laptop,mongo_source
power_consumption,1704869262481000000,0.04064038721762115,paolo-laptop,mongo_source
power_consumption,1704869263483000000,0.041260852058745565,paolo-laptop,mongo_source
power_consumption,1704869264485000000,0.043197819399253976,paolo-laptop,mongo_source
power_consumption,1704869265487000000,0.03794522207373348,paolo-laptop,mongo_source
power_consumption,1704869266489000000,0.038905754960276026,paolo-laptop,mongo_source
power_consumption,1704869267492000000,0.036877066428689084,paolo-laptop,mongo_source
power_consumption,1704869268493000000,0.09940392532354914,paolo-laptop,mongo_source
power_consumption,1704869269495000000,0.03747325156682498,paolo-laptop,mongo_source
power_consumption,1704869270497000000,0.04160081579785908,paolo-laptop,mongo_source
power_consumption,1704869271498000000,0.0392002907434873,paolo-laptop,mongo_source
power_consumption,1704869272500000000,0.04025274277053082,paolo-laptop,mongo_source
power_consumption,1704869273501000000,0.040132776093557726,paolo-laptop,mongo_source
power_consumption,1704869274503000000,0.03843807440686589,paolo-laptop,mongo_source
power_consumption,1704869275505000000,0.041626292373926545,paolo-laptop,mongo_source
power_consumption,1704869276506000000,0.038447427542349796,paolo-laptop,mongo_source
power_consumption,1704869277508000000,0.026890944045219876,paolo-laptop,mongo_source
power_consumption,1704869278509000000,0.10557469521539617,paolo-laptop,mongo_source
power_consumption,1704869279511000000,0.0384671011187666,paolo-laptop,mongo_source
power_consumption,1704869280512000000,0.039978217839152286,paolo-laptop,mongo_source
power_consumption,1704869281514000000,0.03825849516864539,paolo-laptop,mongo_source
power_consumption,1704869282516000000,0.038511657397389286,paolo-laptop,mongo_source
power_consumption,1704869283518000000,0.03987629889908444,paolo-laptop,mongo_source
power_consumption,1704869284520000000,0.06866377128033135,paolo-laptop,mongo_source
power_consumption,1704869285521000000,0.058465164430707026,paolo-laptop,mongo_source
power_consumption,1704869286523000000,0.05960770624722205,paolo-laptop,mongo_source
power_consumption,1704869287526000000,0.06985845196786883,paolo-laptop,mongo_source
power_consumption,1704869288529000000,0.4516499136439778,paolo-laptop,mongo_source
power_consumption,1704869289531000000,0.06446296940814839,paolo-laptop,mongo_source
power_consumption,1704869290533000000,0.07157145995592316,paolo-laptop,mongo_source
power_consumption,1704869291536000000,0.03882840937014004,paolo-laptop,mongo_source
power_consumption,1704869292539000000,0.03364758712825819,paolo-laptop,mongo_source
power_consumption,1704869293541000000,0.04486828662199185,paolo-laptop,mongo_source
power_consumption,1704869294543000000,0.0905003956767608,paolo-laptop,mongo_source
power_consumption,1704869295545000000,0.08790214976378831,paolo-laptop,mongo_source
power_consumption,1704869296546000000,0.05485765287160488,paolo-laptop,mongo_source
power_consumption,1704869297548000000,0.041324894385164235,paolo-laptop,mongo_source
power_consumption,1704869298550000000,0.10657163539966992,paolo-laptop,mongo_source
power_consumption,1704869299551000000,0.07821289927130148,paolo-laptop,mongo_source
power_consumption,1704869300553000000,0.09148109019419041,paolo-laptop,mongo_source
power_consumption,1704869301555000000,0.03968341655502229,paolo-laptop,mongo_source
power_consumption,1704869302556000000,0.17395158154370832,paolo-laptop,mongo_source
power_consumption,1704869303558000000,0.03813334886152337,paolo-laptop,mongo_source
power_consumption,1704869304559000000,0.07236615375014191,paolo-laptop,mongo_source
power_consumption,1704869305561000000,0.07721496852081694,paolo-laptop,mongo_source
power_consumption,1704869306564000000,0.08218382865469465,paolo-laptop,mongo_source
power_consumption,1704869307566000000,0.04185264621784117,paolo-laptop,mongo_source
power_consumption,1704869308572000000,0.3092907447463244,paolo-laptop,mongo_source
power_consumption,1704869309575000000,0.05743098331222147,paolo-laptop,mongo_source
power_consumption,1704869310577000000,0.08764083613564325,paolo-laptop,mongo_source
power_consumption,1704869311581000000,0.1890829283545091,paolo-laptop,mongo_source
power_consumption,1704869312585000000,0.17727637506605576,paolo-laptop,mongo_source
power_consumption,1704869313586000000,0.34822996811967283,paolo-laptop,mongo_source
power_consumption,1704869314588000000,0.0672761009887157,paolo-laptop,mongo_source
power_consumption,1704869315590000000,0.061731462619693395,paolo-laptop,mongo_source
power_consumption,1704869316591000000,0.06964531463592133,paolo-laptop,mongo_source
power_consumption,1704869317596000000,0.035721292597281795,paolo-laptop,mongo_source
power_consumption,1704869318603000000,0.2568507857307589,paolo-laptop,mongo_source
power_consumption,1704869319606000000,0.04848953921735179,paolo-laptop,mongo_source
power_consumption,1704869320608000000,0.06891617400294961,paolo-laptop,mongo_source
power_consumption,1704869321610000000,0.027965219545444467,paolo-laptop,mongo_source
power_consumption,1704869322614000000,0.1079649519876925,paolo-laptop,mongo_source
power_consumption,1704869323618000000,0.1919260830279955,paolo-laptop,mongo_source
power_consumption,1704869324620000000,0.1968614107016651,paolo-laptop,mongo_source
power_consumption,1704869325621000000,0.06095631480188222,paolo-laptop,mongo_source
power_consumption,1704869326623000000,0.053626369224719306,paolo-laptop,mongo_source
power_consumption,1704869327624000000,0.05753277803914735,paolo-laptop,mongo_source
power_consumption,1704869328626000000,0.1247918869533067,paolo-laptop,mongo_source
power_consumption,1704869329627000000,0.057833431093595046,paolo-laptop,mongo_source
power_consumption,1704869330630000000,0.05998123884391153,paolo-laptop,mongo_source
power_consumption,1704869331632000000,0.06054622119087366,paolo-laptop,mongo_source
power_consumption,1704869332634000000,0.057885078421518465,paolo-laptop,mongo_source
power_consumption,1704869333637000000,0.05751694521550177,paolo-laptop,mongo_source
power_consumption,1704869334639000000,0.05747378533361515,paolo-laptop,mongo_source
power_consumption,1704869335641000000,0.05727584749201247,paolo-laptop,mongo_source
power_consumption,1704869336643000000,0.05544678113263286,paolo-laptop,mongo_source
power_consumption,1704869337645000000,0.05889734811365342,paolo-laptop,mongo_source
power_consumption,1704869338648000000,0.11832668589389544,paolo-laptop,mongo_source
power_consumption,1704869339649000000,0.05468776773031901,paolo-laptop,mongo_source
power_consumption,1704869340651000000,0.05655773925538758,paolo-laptop,mongo_source
power_consumption,1704869341653000000,0.057667580920404755,paolo-laptop,mongo_source
power_consumption,1704869342656000000,0.05861113045975776,paolo-laptop,mongo_source
power_consumption,1704869343657000000,0.05923660445407479,paolo-laptop,mongo_source
power_consumption,1704869344659000000,0.1904295503359517,paolo-laptop,mongo_source
power_consumption,1704869345663000000,0.050168884140992145,paolo-laptop,mongo_source
power_consumption,1704869346666000000,0.044791853688535735,paolo-laptop,mongo_source
power_consumption,1704869347668000000,0.07559578677921963,paolo-laptop,mongo_source
power_consumption,1704869348672000000,0.1412013849496363,paolo-laptop,mongo_source
power_consumption,1704869349674000000,0.03283980984333369,paolo-laptop,mongo_source
power_consumption,1704869350678000000,0.06073834638350992,paolo-laptop,mongo_source
power_consumption,1704869351682000000,0.047214567679418076,paolo-laptop,mongo_source
power_consumption,1704869352684000000,0.03184177558925293,paolo-laptop,mongo_source
power_consumption,1704869353686000000,0.04525974994420749,paolo-laptop,mongo_source
power_consumption,1704869354689000000,0.05325644459290249,paolo-laptop,mongo_source
power_consumption,1704869355692000000,0.057211031426786726,paolo-laptop,mongo_source
power_consumption,1704869356694000000,0.04478351918890142,paolo-laptop,mongo_source
power_consumption,1704869357695000000,0.05821404126027616,paolo-laptop,mongo_source
power_consumption,1704869358698000000,0.1548588049421844,paolo-laptop,mongo_source
power_consumption,1704869359702000000,0.08426206289455292,paolo-laptop,mongo_source
power_consumption,1704869360707000000,0.11151071526983193,paolo-laptop,mongo_source
power_consumption,1704869361709000000,0.07802625664907062,paolo-laptop,mongo_source
power_consumption,1704869362712000000,0.058139452262283384,paolo-laptop,mongo_source
power_consumption,1704869363713000000,0.06718630869997459,paolo-laptop,mongo_source
power_consumption,1704869364715000000,0.15803612664091862,paolo-laptop,mongo_source
power_consumption,1704869365718000000,0.05572967991284683,paolo-laptop,mongo_source
power_consumption,1704869366722000000,0.045566493337280106,paolo-laptop,mongo_source
power_consumption,1704869367724000000,0.2185035784364884,paolo-laptop,mongo_source
power_consumption,1704869368726000000,0.06290596529409148,paolo-laptop,mongo_source
power_consumption,1704869369727000000,0.0686228412594735,paolo-laptop,mongo_source
power_consumption,1704869370729000000,0.05395262696535569,paolo-laptop,mongo_source
power_consumption,1704869371731000000,0.04210023696078162,paolo-laptop,mongo_source
power_consumption,1704869372733000000,0.04827102729352369,paolo-laptop,mongo_source
power_consumption,1704869373735000000,0.05414185151151975,paolo-laptop,mongo_source
power_consumption,1704869374736000000,0.04582128951829062,paolo-laptop,mongo_source
power_consumption,1704869375739000000,0.052366180244517856,paolo-laptop,mongo_source
power_consumption,1704869376741000000,0.08933531471836793,paolo-laptop,mongo_source
power_consumption,1704869377744000000,0.10034577188948421,paolo-laptop,mongo_source
power_consumption,1704869378750000000,0.07490984440207903,paolo-laptop,mongo_source
power_consumption,1704869379752000000,0.0783821322938575,paolo-laptop,mongo_source
power_consumption,1704869380754000000,0.0545763961397039,paolo-laptop,mongo_source
power_consumption,1704869381759000000,0.05799662401660173,paolo-laptop,mongo_source
power_consumption,1704869382764000000,0.05333056772077847,paolo-laptop,mongo_source
power_consumption,1704869383765000000,0.19767112982472274,paolo-laptop,mongo_source
power_consumption,1704869384771000000,0.09196392972752657,paolo-laptop,mongo_source
power_consumption,1704869385777000000,0.3540396906324913,paolo-laptop,mongo_source
power_consumption,1704869386780000000,0.0626597384387525,paolo-laptop,mongo_source
power_consumption,1704869387783000000,0.10228484352006695,paolo-laptop,mongo_source
power_consumption,1704869388785000000,0.08087026719006002,paolo-laptop,mongo_source
power_consumption,1704869389787000000,0.05899895053154483,paolo-laptop,mongo_source
power_consumption,1704869390788000000,0.06521826495513472,paolo-laptop,mongo_source
power_consumption,1704869391792000000,0.09180882066330655,paolo-laptop,mongo_source
power_consumption,1704869392795000000,0.028151594777838337,paolo-laptop,mongo_source
power_consumption,1704869393798000000,0.1750465249155008,paolo-laptop,mongo_source
power_consumption,1704869394799000000,0.05952742122996898,paolo-laptop,mongo_source
power_consumption,1704869395801000000,0.06024256147624672,paolo-laptop,mongo_source
power_consumption,1704869396804000000,0.044274353263550316,paolo-laptop,mongo_source
power_consumption,1704869397805000000,0.042981485417696946,paolo-laptop,mongo_source
power_consumption,1704869398808000000,0.09513666363523521,paolo-laptop,mongo_source
power_consumption,1704869399810000000,0.1637706340696895,paolo-laptop,mongo_source
power_consumption,1704869400815000000,0.053801977905761675,paolo-laptop,mongo_source
power_consumption,1704869401820000000,0.08164960964657932,paolo-laptop,mongo_source
power_consumption,1704869402821000000,0.04554046398800248,paolo-laptop,mongo_source
power_consumption,1704869403822000000,0.057347173811847243,paolo-laptop,mongo_source
power_consumption,1704869404826000000,0.12891748741680054,paolo-laptop,mongo_source
power_consumption,1704869406832000000,0.17661968170292958,paolo-laptop,mongo_source
power_consumption,1704869407834000000,0.028710010389643846,paolo-laptop,mongo_source
power_consumption,1704869408835000000,0.0799382691535103,paolo-laptop,mongo_source
power_consumption,1704869409840000000,0.04428135034067706,paolo-laptop,mongo_source
power_consumption,1704869412852000000,0.07559743225685348,paolo-laptop,mongo_source
power_consumption,1704869413854000000,0.050985700729753086,paolo-laptop,mongo_source
power_consumption,1704869414859000000,0.09843076574838289,paolo-laptop,mongo_source
power_consumption,1704869415862000000,0.17541965727326791,paolo-laptop,mongo_source
power_consumption,1704869416865000000,0.06457468641177287,paolo-laptop,mongo_source
power_consumption,1704869417869000000,0.056306132878587885,paolo-laptop,mongo_source
power_consumption,1704869418871000000,0.10834764627202904,paolo-laptop,mongo_source
power_consumption,1704869419873000000,0.05336336147112472,paolo-laptop,mongo_source
power_consumption,1704869420875000000,0.02768058407594466,paolo-laptop,mongo_source
power_consumption,1704869421879000000,0.0420414181563699,paolo-laptop,mongo_source
power_consumption,1704869422881000000,0.08731509699190501,paolo-laptop,mongo_source
power_consumption,1704869423884000000,0.056601728053119624,paolo-laptop,mongo_source
power_consumption,1704869424886000000,0.04987061537200147,paolo-laptop,mongo_source
power_consumption,1704869425890000000,0.18684248190041503,paolo-laptop,mongo_source
power_consumption,1704869426893000000,0.05515778173374268,paolo-laptop,mongo_source
power_consumption,1704869427895000000,0.14686102117353989,paolo-laptop,mongo_source
power_consumption,1704869428897000000,0.09781613367671202,paolo-laptop,mongo_source
power_consumption,1704869429899000000,0.10397653280973289,paolo-laptop,mongo_source
power_consumption,1704869430901000000,0.06375733731919264,paolo-laptop,mongo_source
power_consumption,1704869431903000000,0.12634544096411973,paolo-laptop,mongo_source
power_consumption,1704869432905000000,0.05502176273416811,paolo-laptop,mongo_source
power_consumption,1704869433907000000,0.1421434667834441,paolo-laptop,mongo_source
power_consumption,1704869434908000000,0.04126576966689099,paolo-laptop,mongo_source
power_consumption,1704869435910000000,0.027587365990543122,paolo-laptop,mongo_source
power_consumption,1704869436912000000,0.16435644761840842,paolo-laptop,mongo_source
power_consumption,1704869437914000000,0.04131040876386403,paolo-laptop,mongo_source
power_consumption,1704869438916000000,0.10813855253353238,paolo-laptop,mongo_source
power_consumption,1704869439922000000,0.02604672623907057,paolo-laptop,mongo_source
power_consumption,1704869440928000000,0.1824307464310931,paolo-laptop,mongo_source
power_consumption,1704869441930000000,0.04644524223177157,paolo-laptop,mongo_source
power_consumption,1704869442932000000,0.055952651969315634,paolo-laptop,mongo_source
power_consumption,1704869443934000000,0.05943796369338282,paolo-laptop,mongo_source
power_consumption,1704869444937000000,0.06274131815869521,paolo-laptop,mongo_source
power_consumption,1704869445939000000,0.05887140168331392,paolo-laptop,mongo_source
power_consumption,1704869446941000000,0.06014397410569296,paolo-laptop,mongo_source
power_consumption,1704869447943000000,0.06175005534423138,paolo-laptop,mongo_source
power_consumption,1704869448946000000,0.09613881663613366,paolo-laptop,mongo_source
power_consumption,1704869449948000000,0.0629603068301763,paolo-laptop,mongo_source
power_consumption,1704869450950000000,0.06120530494662091,paolo-laptop,mongo_source
power_consumption,1704869451952000000,0.05876383743420547,paolo-laptop,mongo_source
power_consumption,1704869452953000000,0.05895670087627687,paolo-laptop,mongo_source
power_consumption,1704869453955000000,0.06439121812551876,paolo-laptop,mongo_source
power_consumption,1704869454957000000,0.0605218974999905,paolo-laptop,mongo_source
power_consumption,1704869455959000000,0.06216422543908487,paolo-laptop,mongo_source
power_consumption,1704869456960000000,0.05520113076407493,paolo-laptop,mongo_source
power_consumption,1704869457962000000,0.06362797420927677,paolo-laptop,mongo_source
power_consumption,1704869458964000000,0.10112823404612159,paolo-laptop,mongo_source
power_consumption,1704869459966000000,0.06297039884421834,paolo-laptop,mongo_source
power_consumption,1704869460967000000,0.06181015371470431,paolo-laptop,mongo_source
power_consumption,1704869461969000000,0.062084731541303353,paolo-laptop,mongo_source
power_consumption,1704869462971000000,0.062428653710615865,paolo-laptop,mongo_source
power_consumption,1704869463972000000,0.06139314505632996,paolo-laptop,mongo_source
power_consumption,1704869464976000000,0.0789726096149646,paolo-laptop,mongo_source
power_consumption,1704869465978000000,0.18223651002000704,paolo-laptop,mongo_source
power_consumption,1704869466980000000,0.35958099996345133,paolo-laptop,mongo_source
power_consumption,1704869467982000000,0.06408119725728262,paolo-laptop,mongo_source
power_consumption,1704869468983000000,0.10370715136239098,paolo-laptop,mongo_source
power_consumption,1704869469985000000,0.05976280052762789,paolo-laptop,mongo_source
power_consumption,1704869470987000000,0.06775117969128455,paolo-laptop,mongo_source
power_consumption,1704869471988000000,0.06488449491169798,paolo-laptop,mongo_source
power_consumption,1704869472989000000,0.06180806830851697,paolo-laptop,mongo_source
power_consumption,1704869473991000000,0.06304546785134328,paolo-laptop,mongo_source
power_consumption,1704869474993000000,0.05931266897702915,paolo-laptop,mongo_source
power_consumption,1704869475995000000,0.06180860950758016,paolo-laptop,mongo_source
power_consumption,1704869476997000000,0.06138640201978113,paolo-laptop,mongo_source
power_consumption,1704869477999000000,0.05923070927984669,paolo-laptop,mongo_source
power_consumption,1704869479001000000,0.11741862414609637,paolo-laptop,mongo_source
power_consumption,1704869480002000000,0.15631271582974332,paolo-laptop,mongo_source
power_consumption,1704869481005000000,0.027063904089540368,paolo-laptop,mongo_source
power_consumption,1704869482009000000,0.16341588594167794,paolo-laptop,mongo_source
power_consumption,1704869483013000000,0.1019459238264387,paolo-laptop,mongo_source
power_consumption,1704869484015000000,0.0410035244516649,paolo-laptop,mongo_source
power_consumption,1704869485019000000,0.04905749151761826,paolo-laptop,mongo_source
power_consumption,1704869486023000000,0.06501129916525529,paolo-laptop,mongo_source
power_consumption,1704869487025000000,0.03691587368283344,paolo-laptop,mongo_source
power_consumption,1704869488028000000,0.3185381747878888,paolo-laptop,mongo_source
power_consumption,1704869489032000000,0.0947325958382342,paolo-laptop,mongo_source
power_consumption,1704869491039000000,0.08454803736778771,paolo-laptop,mongo_source
power_consumption,1704869492042000000,0.0412131077529056,paolo-laptop,mongo_source
power_consumption,1704869493044000000,0.16601369041457426,paolo-laptop,mongo_source
power_consumption,1704869494048000000,0.09106959385102956,paolo-laptop,mongo_source
power_consumption,1704869495050000000,0.04758780227714764,paolo-laptop,mongo_source
power_consumption,1704869496052000000,0.026716764718237022,paolo-laptop,mongo_source
power_consumption,1704869497055000000,0.089621083015541,paolo-laptop,mongo_source
power_consumption,1704869498059000000,0.2201696957938785,paolo-laptop,mongo_source
power_consumption,1704869499061000000,0.045291659928361275,paolo-laptop,mongo_source
power_consumption,1704869500063000000,0.07351722747701143,paolo-laptop,mongo_source
power_consumption,1704869501066000000,0.04935009983437177,paolo-laptop,mongo_source
power_consumption,1704869502068000000,0.07537866624041456,paolo-laptop,mongo_source
power_consumption,1704869503070000000,0.07515877041175258,paolo-laptop,mongo_source
power_consumption,1704869504071000000,0.16029714658563063,paolo-laptop,mongo_source
power_consumption,1704869505073000000,0.08758811076302256,paolo-laptop,mongo_source
power_consumption,1704869506074000000,0.04857806470283689,paolo-laptop,mongo_source
power_consumption,1704869507077000000,0.05269984848203479,paolo-laptop,mongo_source
power_consumption,1704869508079000000,0.21918474470833482,paolo-laptop,mongo_source
power_consumption,1704869509081000000,0.06107486256449045,paolo-laptop,mongo_source
power_consumption,1704869510083000000,0.05313822317186065,paolo-laptop,mongo_source
power_consumption,1704869511085000000,0.0506837812816634,paolo-laptop,mongo_source
power_consumption,1704869512088000000,0.051954000235440195,paolo-laptop,mongo_source
power_consumption,1704869513090000000,0.0903061180046889,paolo-laptop,mongo_source
power_consumption,1704869514092000000,0.05067656564859002,paolo-laptop,mongo_source
power_consumption,1704869515102000000,0.17941736320478116,paolo-laptop,mongo_source
power_consumption,1704869516105000000,0.053279606886013194,paolo-laptop,mongo_source
power_consumption,1704869517106000000,0.17539059319011263,paolo-laptop,mongo_source
power_consumption,1704869518107000000,0.10824379900307693,paolo-laptop,mongo_source
power_consumption,1704869519111000000,0.03668698492845929,paolo-laptop,mongo_source
power_consumption,1704869520113000000,0.039869897834812935,paolo-laptop,mongo_source
power_consumption,1704869521116000000,0.05122821681804086,paolo-laptop,mongo_source
power_consumption,1704869522118000000,0.06172777178137119,paolo-laptop,mongo_source
power_consumption,1704869523122000000,0.05401495613068395,paolo-laptop,mongo_source
power_consumption,1704869524125000000,0.17139360152435107,paolo-laptop,mongo_source
power_consumption,1704869525129000000,0.05343273694595759,paolo-laptop,mongo_source
power_consumption,1704869526133000000,0.04094066395977482,paolo-laptop,mongo_source
power_consumption,1704869527135000000,0.09603704090756346,paolo-laptop,mongo_source
power_consumption,1704869528139000000,0.11255745927849405,paolo-laptop,mongo_source
power_consumption,1704869529143000000,0.17358849954436908,paolo-laptop,mongo_source
power_consumption,1704869530145000000,0.04935855217399326,paolo-laptop,mongo_source
power_consumption,1704869531150000000,0.04423810981070654,paolo-laptop,mongo_source
power_consumption,1704869532155000000,0.20943372813384853,paolo-laptop,mongo_source
power_consumption,1704869533159000000,0.1065239688838786,paolo-laptop,mongo_source
power_consumption,1704869534161000000,0.0773981551700071,paolo-laptop,mongo_source
power_consumption,1704869535163000000,0.05052452711722245,paolo-laptop,mongo_source
power_consumption,1704869536166000000,0.05716667402677893,paolo-laptop,mongo_source
power_consumption,1704869537168000000,0.03799142028483252,paolo-laptop,mongo_source
power_consumption,1704869538171000000,0.09670823006712681,paolo-laptop,mongo_source
power_consumption,1704869539174000000,0.05513043610862144,paolo-laptop,mongo_source
power_consumption,1704869540177000000,0.0484785934208372,paolo-laptop,mongo_source
power_consumption,1704869541181000000,0.11858372495569078,paolo-laptop,mongo_source
power_consumption,1704869542186000000,0.05354515969861888,paolo-laptop,mongo_source
power_consumption,1704869544192000000,0.05242323924135564,paolo-laptop,mongo_source
power_consumption,1704869545194000000,0.06041323173258843,paolo-laptop,mongo_source
power_consumption,1704869546196000000,0.0469976934484756,paolo-laptop,mongo_source
power_consumption,1704869547197000000,0.049092038554325104,paolo-laptop,mongo_source
power_consumption,1704869548199000000,0.1176316166974928,paolo-laptop,mongo_source
power_consumption,1704869549201000000,0.09788651960785234,paolo-laptop,mongo_source
power_consumption,1704869550202000000,0.0873434077916637,paolo-laptop,mongo_source
power_consumption,1704869551204000000,0.06003425152157549,paolo-laptop,mongo_source
power_consumption,1704869552206000000,0.07325408734842115,paolo-laptop,mongo_source
power_consumption,1704869553207000000,0.062071634617061285,paolo-laptop,mongo_source
power_consumption,1704869554211000000,0.025901928572608226,paolo-laptop,mongo_source
power_consumption,1704869555213000000,0.040812961585726996,paolo-laptop,mongo_source
power_consumption,1704869556216000000,0.09392696974192039,paolo-laptop,mongo_source
power_consumption,1704869558225000000,0.18688790391916593,paolo-laptop,mongo_source
power_consumption,1704869559227000000,0.03808670047770418,paolo-laptop,mongo_source
power_consumption,1704869560231000000,0.03943720617872563,paolo-laptop,mongo_source
power_consumption,1704869561232000000,0.08046910602640304,paolo-laptop,mongo_source
power_consumption,1704869562235000000,0.0795965067263517,paolo-laptop,mongo_source
power_consumption,1704869563237000000,0.04784965385702478,paolo-laptop,mongo_source
power_consumption,1704869564238000000,0.026409668080242147,paolo-laptop,mongo_source
power_consumption,1704869565240000000,0.10837949781503456,paolo-laptop,mongo_source
power_consumption,1704869566241000000,0.026026523080640823,paolo-laptop,mongo_source
power_consumption,1704869567244000000,0.18446408495294758,paolo-laptop,mongo_source
power_consumption,1704869568246000000,0.25203243234573836,paolo-laptop,mongo_source
power_consumption,1704869569247000000,0.04391643112058839,paolo-laptop,mongo_source
power_consumption,1704869570250000000,0.04925246112548179,paolo-laptop,mongo_source
power_consumption,1704869571252000000,0.07692615973294853,paolo-laptop,mongo_source
power_consumption,1704869572253000000,0.03898772328812472,paolo-laptop,mongo_source
power_consumption,1704869573256000000,0.06376708502495916,paolo-laptop,mongo_source
power_consumption,1704869574258000000,0.04897873052849226,paolo-laptop,mongo_source
power_consumption,1704869575260000000,0.18009667599139112,paolo-laptop,mongo_source
power_consumption,1704869576262000000,0.16663797183219067,paolo-laptop,mongo_source
power_consumption,1704869577267000000,0.17761203895120253,paolo-laptop,mongo_source
power_consumption,1704869578271000000,0.3485931965265814,paolo-laptop,mongo_source
power_consumption,1704869579275000000,0.17215738404063835,paolo-laptop,mongo_source
power_consumption,1704869581280000000,0.1797790588454322,paolo-laptop,mongo_source
power_consumption,1704869582283000000,0.1794809950423623,paolo-laptop,mongo_source
power_consumption,1704869584293000000,0.08081190220818088,paolo-laptop,mongo_source
power_consumption,1704869585297000000,0.07354944644227415,paolo-laptop,mongo_source
power_consumption,1704869586299000000,0.07360683501317723,paolo-laptop,mongo_source
power_consumption,1704869587301000000,0.06900475238315128,paolo-laptop,mongo_source
power_consumption,1704869588303000000,0.14622128677662027,paolo-laptop,mongo_source
power_consumption,1704869589307000000,0.07709159770569628,paolo-laptop,mongo_source
power_consumption,1704869590311000000,0.09828533401561568,paolo-laptop,mongo_source
power_consumption,1704869591314000000,0.11459942217884711,paolo-laptop,mongo_source
power_consumption,1704869592316000000,0.08644294479163782,paolo-laptop,mongo_source
power_consumption,1704869593317000000,0.04619540385771556,paolo-laptop,mongo_source
power_consumption,1704869594321000000,0.17718590611192186,paolo-laptop,mongo_source
power_consumption,1704869595325000000,0.15536594133184659,paolo-laptop,mongo_source
power_consumption,1704869596328000000,0.07886529437573951,paolo-laptop,mongo_source
power_consumption,1704869597332000000,0.11334935721073994,paolo-laptop,mongo_source
power_consumption,1704869598334000000,0.16805423871152658,paolo-laptop,mongo_source
power_consumption,1704869599335000000,0.060342230478384544,paolo-laptop,mongo_source
power_consumption,1704869600337000000,0.027490550270152465,paolo-laptop,mongo_source
power_consumption,1704869601338000000,0.07417768674780909,paolo-laptop,mongo_source
power_consumption,1704869602340000000,0.05159725394222564,paolo-laptop,mongo_source
power_consumption,1704869603341000000,0.027354059348540568,paolo-laptop,mongo_source
power_consumption,1704869604345000000,0.19477828621228127,paolo-laptop,mongo_source
power_consumption,1704869605347000000,0.046414660371574795,paolo-laptop,mongo_source
power_consumption,1704869606349000000,0.05689145806121407,paolo-laptop,mongo_source
power_consumption,1704869607350000000,0.060965038131169935,paolo-laptop,mongo_source
power_consumption,1704869608351000000,0.15177942188327553,paolo-laptop,mongo_source
power_consumption,1704869609353000000,0.08516780856028136,paolo-laptop,mongo_source
power_consumption,1704869610357000000,0.07604934773883107,paolo-laptop,mongo_source
power_consumption,1704869611359000000,0.17325122057410014,paolo-laptop,mongo_source
power_consumption,1704869612363000000,0.08157288312889555,paolo-laptop,mongo_source
power_consumption,1704869613366000000,0.07836666124149771,paolo-laptop,mongo_source
power_consumption,1704869614370000000,0.08846668304746304,paolo-laptop,mongo_source
power_consumption,1704869615374000000,0.10989664337453228,paolo-laptop,mongo_source
power_consumption,1704869616376000000,0.07870015852255637,paolo-laptop,mongo_source
power_consumption,1704869617379000000,0.159426046761474,paolo-laptop,mongo_source
power_consumption,1704869620391000000,0.13671384224313438,paolo-laptop,mongo_source
power_consumption,1704869621393000000,0.0494059833213589,paolo-laptop,mongo_source
power_consumption,1704869622396000000,0.1826631668807415,paolo-laptop,mongo_source
power_consumption,1704869623401000000,0.18013018664253314,paolo-laptop,mongo_source
power_consumption,1704869624403000000,0.027721523119982144,paolo-laptop,mongo_source
power_consumption,1704869625405000000,0.08180576146797289,paolo-laptop,mongo_source
power_consumption,1704869626408000000,0.15835921310948142,paolo-laptop,mongo_source
power_consumption,1704869627410000000,0.15551910172711642,paolo-laptop,mongo_source
power_consumption,1704869628411000000,0.19406732159226026,paolo-laptop,mongo_source
power_consumption,1704869629413000000,0.05562073427319303,paolo-laptop,mongo_source
power_consumption,1704869630415000000,0.3303430399345549,paolo-laptop,mongo_source
power_consumption,1704869632417000000,0.0810063685267802,paolo-laptop,mongo_source
power_consumption,1704869633419000000,0.186890806072769,paolo-laptop,mongo_source
power_consumption,1704869634420000000,0.1647537627494245,paolo-laptop,mongo_source
power_consumption,1704869635422000000,0.0807220239086302,paolo-laptop,mongo_source
power_consumption,1704869636424000000,0.0582623534490392,paolo-laptop,mongo_source
power_consumption,1704869637427000000,0.1678009549829517,paolo-laptop,mongo_source
power_consumption,1704869638429000000,0.23446166418222247,paolo-laptop,mongo_source
power_consumption,1704869639433000000,0.16991823866513517,paolo-laptop,mongo_source
power_consumption,1704869640435000000,0.11608717335422274,paolo-laptop,mongo_source
power_consumption,1704869641438000000,0.08155970711971472,paolo-laptop,mongo_source
power_consumption,1704869642440000000,0.02597174894241087,paolo-laptop,mongo_source
power_consumption,1704869643444000000,0.21355328293745668,paolo-laptop,mongo_source
power_consumption,1704869644450000000,0.06505924448782718,paolo-laptop,mongo_source
power_consumption,1704869645458000000,0.2829074649544686,paolo-laptop,mongo_source
power_consumption,1704869646460000000,0.06415021733646117,paolo-laptop,mongo_source
power_consumption,1704869647463000000,0.026723544656220757,paolo-laptop,mongo_source
power_consumption,1704869648466000000,0.13442207733051428,paolo-laptop,mongo_source
power_consumption,1704869649468000000,0.1821194425703297,paolo-laptop,mongo_source
power_consumption,1704869650470000000,0.06194061763670693,paolo-laptop,mongo_source
power_consumption,1704869651474000000,0.07790914775936938,paolo-laptop,mongo_source
power_consumption,1704869652476000000,0.11479516212904312,paolo-laptop,mongo_source
power_consumption,1704869653479000000,0.1403331230805386,paolo-laptop,mongo_source
power_consumption,1704869654483000000,0.30564744514424497,paolo-laptop,mongo_source
power_consumption,1704869655485000000,0.03937398663199429,paolo-laptop,mongo_source
power_consumption,1704869656486000000,0.06057568909443471,paolo-laptop,mongo_source
power_consumption,1704869657488000000,0.062062247885634816,paolo-laptop,mongo_source
power_consumption,1704869658492000000,0.19932641449738986,paolo-laptop,mongo_source
power_consumption,1704869659495000000,0.04722632118508123,paolo-laptop,mongo_source
power_consumption,1704869660501000000,0.10927264907423949,paolo-laptop,mongo_source
power_consumption,1704869661506000000,0.08006910884497527,paolo-laptop,mongo_source
power_consumption,1704869662509000000,0.18320836849442906,paolo-laptop,mongo_source
power_consumption,1704869663513000000,0.05347399186000933,paolo-laptop,mongo_source
power_consumption,1704869664515000000,0.04155882295076991,paolo-laptop,mongo_source
power_consumption,1704869665519000000,0.13519073641837873,paolo-laptop,mongo_source
power_consumption,1704869666524000000,0.09417391551885379,paolo-laptop,mongo_source
power_consumption,1704869667526000000,0.12547166347849034,paolo-laptop,mongo_source
power_consumption,1704869668528000000,0.06794872110916055,paolo-laptop,mongo_source
power_consumption,1704869669529000000,0.06356342382924907,paolo-laptop,mongo_source
power_consumption,1704869670531000000,0.07505376018972082,paolo-laptop,mongo_source
power_consumption,1704869671535000000,0.18254820493687446,paolo-laptop,mongo_source
power_consumption,1704869672537000000,0.12055906846328952,paolo-laptop,mongo_source
power_consumption,1704869673540000000,0.07963415284142551,paolo-laptop,mongo_source
power_consumption,1704869674544000000,0.07343827827634879,paolo-laptop,mongo_source
power_consumption,1704869675545000000,0.33936047450347734,paolo-laptop,mongo_source
power_consumption,1704869676550000000,0.05127133269123697,paolo-laptop,mongo_source
power_consumption,1704869677559000000,0.07729892891057576,paolo-laptop,mongo_source
power_consumption,1704869678564000000,0.058166828278775715,paolo-laptop,mongo_source
power_consumption,1704869679565000000,0.027141678030310763,paolo-laptop,mongo_source
power_consumption,1704869680566000000,0.029559079591684724,paolo-laptop,mongo_source
power_consumption,1704869681568000000,0.07471685429909938,paolo-laptop,mongo_source
power_consumption,1704869682570000000,0.0925626963581478,paolo-laptop,mongo_source
power_consumption,1704869683571000000,0.0927841686742337,paolo-laptop,mongo_source
power_consumption,1704869684573000000,0.17828518055641673,paolo-laptop,mongo_source
power_consumption,1704869685574000000,0.09928311320059413,paolo-laptop,mongo_source
power_consumption,1704869686575000000,0.02735345924880431,paolo-laptop,mongo_source
power_consumption,1704869687577000000,0.15695307198861483,paolo-laptop,mongo_source
power_consumption,1704869688579000000,0.12686844228222321,paolo-laptop,mongo_source
power_consumption,1704869689581000000,0.03496713073535634,paolo-laptop,mongo_source
power_consumption,1704869690584000000,0.049924138348186736,paolo-laptop,mongo_source
power_consumption,1704869691590000000,0.09801733995262712,paolo-laptop,mongo_source
power_consumption,1704869692593000000,0.07592728012906079,paolo-laptop,mongo_source
power_consumption,1704869693595000000,0.02799495227805514,paolo-laptop,mongo_source
power_consumption,1704869694598000000,0.057386346694841564,paolo-laptop,mongo_source
power_consumption,1704869695599000000,0.10608303910276684,paolo-laptop,mongo_source
power_consumption,1704869696601000000,0.02794055223682684,paolo-laptop,mongo_source
power_consumption,1704869697602000000,0.054373333293242336,paolo-laptop,mongo_source
power_consumption,1704869698606000000,0.12788901337279007,paolo-laptop,mongo_source
power_consumption,1704869700614000000,0.19889905597084293,paolo-laptop,mongo_source
power_consumption,1704869701619000000,0.17803981863032667,paolo-laptop,mongo_source
power_consumption,1704869702622000000,0.040737410816697905,paolo-laptop,mongo_source
power_consumption,1704869703623000000,0.17431291867031296,paolo-laptop,mongo_source
power_consumption,1704869704625000000,0.026230135958706435,paolo-laptop,mongo_source
power_consumption,1704869705626000000,0.057884815391799654,paolo-laptop,mongo_source
power_consumption,1704869706628000000,0.06519189963512309,paolo-laptop,mongo_source
power_consumption,1704869707630000000,0.05682591281539744,paolo-laptop,mongo_source
power_consumption,1704869708632000000,0.0793519453953884,paolo-laptop,mongo_source
power_consumption,1704869709634000000,0.03964638016797569,paolo-laptop,mongo_source
power_consumption,1704869710636000000,0.04672950064349978,paolo-laptop,mongo_source
power_consumption,1704869711639000000,0.039728930764552264,paolo-laptop,mongo_source
power_consumption,1704869712641000000,0.03598771221683205,paolo-laptop,mongo_source
power_consumption,1704869713643000000,0.037708875594823076,paolo-laptop,mongo_source
power_consumption,1704869714647000000,0.054450989854696985,paolo-laptop,mongo_source
