name,time,power,sensor,target
power_consumption,1704492053634000000,0.011194555849591182,paolo-laptop,hwpc-sensor-container
power_consumption,1704492054635000000,0.011391075200656423,paolo-laptop,hwpc-sensor-container
power_consumption,1704492055637000000,0.011419050199415536,paolo-laptop,hwpc-sensor-container
power_consumption,1704492056639000000,0.010524421715878914,paolo-laptop,hwpc-sensor-container
power_consumption,1704492057641000000,0.010258509452712896,paolo-laptop,hwpc-sensor-container
power_consumption,1704492060645000000,0.009010819978441472,paolo-laptop,hwpc-sensor-container
power_consumption,1704492061646000000,0.010949899263478348,paolo-laptop,hwpc-sensor-container
power_consumption,1704492062647000000,0.010342450913643945,paolo-laptop,hwpc-sensor-container
power_consumption,1704492063649000000,0.010515799014752664,paolo-laptop,hwpc-sensor-container
power_consumption,1704492064651000000,0.010246990587095047,paolo-laptop,hwpc-sensor-container
power_consumption,1704492065652000000,0.009865623476083121,paolo-laptop,hwpc-sensor-container
power_consumption,1704492066654000000,0.010447894352528254,paolo-laptop,hwpc-sensor-container
power_consumption,1704492067655000000,0.009297098250078524,paolo-laptop,hwpc-sensor-container
power_consumption,1704492068657000000,0.010369946477947083,paolo-laptop,hwpc-sensor-container
power_consumption,1704492069659000000,0.010301339687618274,paolo-laptop,hwpc-sensor-container
power_consumption,1704492070660000000,0.010106284681982292,paolo-laptop,hwpc-sensor-container
power_consumption,1704492071662000000,0.009126034935585971,paolo-laptop,hwpc-sensor-container
power_consumption,1704492073664000000,0.008886629137244433,paolo-laptop,hwpc-sensor-container
power_consumption,1704492076668000000,0.010083806888060078,paolo-laptop,hwpc-sensor-container
power_consumption,1704492077670000000,0.01000069479861772,paolo-laptop,hwpc-sensor-container
power_consumption,1704492078672000000,0.01050704506399491,paolo-laptop,hwpc-sensor-container
power_consumption,1704492081678000000,0.01091749319059996,paolo-laptop,hwpc-sensor-container
power_consumption,1704492082680000000,0.010064775618686858,paolo-laptop,hwpc-sensor-container
power_consumption,1704492083681000000,0.009775003947304243,paolo-laptop,hwpc-sensor-container
power_consumption,1704492084682000000,0.010101909444324776,paolo-laptop,hwpc-sensor-container
power_consumption,1704492085684000000,0.009672976146385247,paolo-laptop,hwpc-sensor-container
power_consumption,1704492089690000000,0.010654461546790523,paolo-laptop,hwpc-sensor-container
power_consumption,1704492090692000000,0.009757239758723366,paolo-laptop,hwpc-sensor-container
power_consumption,1704492091693000000,0.010132807546435684,paolo-laptop,hwpc-sensor-container
power_consumption,1704492093697000000,0.01205001710416043,paolo-laptop,hwpc-sensor-container
power_consumption,1704492095705000000,0.008627072020442083,paolo-laptop,hwpc-sensor-container
power_consumption,1704492096706000000,0.00905017863312811,paolo-laptop,hwpc-sensor-container
power_consumption,1704492097707000000,0.009334046733852868,paolo-laptop,hwpc-sensor-container
power_consumption,1704492099710000000,0.00963517068643717,paolo-laptop,hwpc-sensor-container
power_consumption,1704492100711000000,0.00888885741437087,paolo-laptop,hwpc-sensor-container
power_consumption,1704492101713000000,0.008879247440989665,paolo-laptop,hwpc-sensor-container
power_consumption,1704492103716000000,0.008716037344248116,paolo-laptop,hwpc-sensor-container
power_consumption,1704492104717000000,0.00864949323586586,paolo-laptop,hwpc-sensor-container
power_consumption,1704492105718000000,0.009916241500163653,paolo-laptop,hwpc-sensor-container
power_consumption,1704492106720000000,0.008901016555334793,paolo-laptop,hwpc-sensor-container
power_consumption,1704492108724000000,0.010281509333036589,paolo-laptop,hwpc-sensor-container
power_consumption,1704492109726000000,0.010308709953039306,paolo-laptop,hwpc-sensor-container
power_consumption,1704492110728000000,0.010080200338867296,paolo-laptop,hwpc-sensor-container
power_consumption,1704492112734000000,0.011256634206877517,paolo-laptop,hwpc-sensor-container
power_consumption,1704492115742000000,0.010411720888999786,paolo-laptop,hwpc-sensor-container
power_consumption,1704492116744000000,0.010517645009576995,paolo-laptop,hwpc-sensor-container
power_consumption,1704492117746000000,0.010365356357116013,paolo-laptop,hwpc-sensor-container
power_consumption,1704492118749000000,0.01094434700686731,paolo-laptop,hwpc-sensor-container
power_consumption,1704492119751000000,0.010006129260220766,paolo-laptop,hwpc-sensor-container
power_consumption,1704492120752000000,0.01045409820990291,paolo-laptop,hwpc-sensor-container
power_consumption,1704492121754000000,0.01019625853219624,paolo-laptop,hwpc-sensor-container
power_consumption,1704492122756000000,0.011627453650890414,paolo-laptop,hwpc-sensor-container
power_consumption,1704492123758000000,0.010905859267709326,paolo-laptop,hwpc-sensor-container
power_consumption,1704492124759000000,0.01042833036995315,paolo-laptop,hwpc-sensor-container
power_consumption,1704492125762000000,0.010930243697140622,paolo-laptop,hwpc-sensor-container
power_consumption,1704492126764000000,0.010651158519417506,paolo-laptop,hwpc-sensor-container
power_consumption,1704492127767000000,0.01066798300953797,paolo-laptop,hwpc-sensor-container
power_consumption,1704492128768000000,0.010591985647741959,paolo-laptop,hwpc-sensor-container
power_consumption,1704492129770000000,0.011097184597159521,paolo-laptop,hwpc-sensor-container
power_consumption,1704492130772000000,0.010835434618600672,paolo-laptop,hwpc-sensor-container
power_consumption,1704492131776000000,0.01058860235238177,paolo-laptop,hwpc-sensor-container
power_consumption,1704492132777000000,0.010484401546137424,paolo-laptop,hwpc-sensor-container
power_consumption,1704492133778000000,0.011247093960479283,paolo-laptop,hwpc-sensor-container
power_consumption,1704492134781000000,0.012414920457867627,paolo-laptop,hwpc-sensor-container
power_consumption,1704492135785000000,0.012755566997161426,paolo-laptop,hwpc-sensor-container
power_consumption,1704492136790000000,0.01180890474211855,paolo-laptop,hwpc-sensor-container
power_consumption,1704492137796000000,0.008876853165422624,paolo-laptop,hwpc-sensor-container
power_consumption,1704492138797000000,0.012744122637710308,paolo-laptop,hwpc-sensor-container
power_consumption,1704492139802000000,0.009253055279029735,paolo-laptop,hwpc-sensor-container
power_consumption,1704492140805000000,0.010703769392163557,paolo-laptop,hwpc-sensor-container
power_consumption,1704492141807000000,0.010824061546585705,paolo-laptop,hwpc-sensor-container
power_consumption,1704492142809000000,0.011193061762390552,paolo-laptop,hwpc-sensor-container
power_consumption,1704492143811000000,0.014624178615057437,paolo-laptop,hwpc-sensor-container
power_consumption,1704492144817000000,0.009600050400596525,paolo-laptop,hwpc-sensor-container
power_consumption,1704492145819000000,0.010984757169475844,paolo-laptop,hwpc-sensor-container
power_consumption,1704492146822000000,0.01128560158926565,paolo-laptop,hwpc-sensor-container
power_consumption,1704492147824000000,0.013228679344743997,paolo-laptop,hwpc-sensor-container
power_consumption,1704492148829000000,0.011792290937535428,paolo-laptop,hwpc-sensor-container
power_consumption,1704492149835000000,0.009438273204845794,paolo-laptop,hwpc-sensor-container
power_consumption,1704492150838000000,0.011226504530822388,paolo-laptop,hwpc-sensor-container
power_consumption,1704492151840000000,0.011552589942069562,paolo-laptop,hwpc-sensor-container
power_consumption,1704492152842000000,0.011437454894722877,paolo-laptop,hwpc-sensor-container
power_consumption,1704492153844000000,0.01175227814719117,paolo-laptop,hwpc-sensor-container
power_consumption,1704492154846000000,0.011578397237364361,paolo-laptop,hwpc-sensor-container
power_consumption,1704492155848000000,0.011223141744315965,paolo-laptop,hwpc-sensor-container
power_consumption,1704492156850000000,0.009901940069291897,paolo-laptop,hwpc-sensor-container
power_consumption,1704492157853000000,0.009808724637382318,paolo-laptop,hwpc-sensor-container
power_consumption,1704492158856000000,0.009798073002330298,paolo-laptop,hwpc-sensor-container
power_consumption,1704492159858000000,0.012035273646018486,paolo-laptop,hwpc-sensor-container
power_consumption,1704492160860000000,0.012126405893167273,paolo-laptop,hwpc-sensor-container
power_consumption,1704492161863000000,0.011708820187079614,paolo-laptop,hwpc-sensor-container
power_consumption,1704492162865000000,0.013584161016303739,paolo-laptop,hwpc-sensor-container
power_consumption,1704492163873000000,0.010628939571654415,paolo-laptop,hwpc-sensor-container
power_consumption,1704492164876000000,0.009998519701841365,paolo-laptop,hwpc-sensor-container
power_consumption,1704492165878000000,0.01015172725709991,paolo-laptop,hwpc-sensor-container
power_consumption,1704492166880000000,0.01440604455408195,paolo-laptop,hwpc-sensor-container
power_consumption,1704492167886000000,0.0098266608586775,paolo-laptop,hwpc-sensor-container
power_consumption,1704492168888000000,0.014212820269508198,paolo-laptop,hwpc-sensor-container
power_consumption,1704492169899000000,0.010551259294959774,paolo-laptop,hwpc-sensor-container
power_consumption,1704492170900000000,0.01011014211651703,paolo-laptop,hwpc-sensor-container
power_consumption,1704492171902000000,0.012755182939439206,paolo-laptop,hwpc-sensor-container
power_consumption,1704492172905000000,0.011571777738463159,paolo-laptop,hwpc-sensor-container
power_consumption,1704492173907000000,0.01265041563963411,paolo-laptop,hwpc-sensor-container
power_consumption,1704492174910000000,0.01138959772547012,paolo-laptop,hwpc-sensor-container
power_consumption,1704492175912000000,0.011384264421575007,paolo-laptop,hwpc-sensor-container
power_consumption,1704492176914000000,0.010903954741806329,paolo-laptop,hwpc-sensor-container
power_consumption,1704492177916000000,0.011086858711406147,paolo-laptop,hwpc-sensor-container
power_consumption,1704492178918000000,0.01066458887919548,paolo-laptop,hwpc-sensor-container
power_consumption,1704492179920000000,0.0133587937457377,paolo-laptop,hwpc-sensor-container
power_consumption,1704492180922000000,0.011810201851617547,paolo-laptop,hwpc-sensor-container
power_consumption,1704492181924000000,0.013344783792735071,paolo-laptop,hwpc-sensor-container
power_consumption,1704492182926000000,0.012657057843974735,paolo-laptop,hwpc-sensor-container
power_consumption,1704492183928000000,0.013767131511985359,paolo-laptop,hwpc-sensor-container
power_consumption,1704492184930000000,0.011998900918081857,paolo-laptop,hwpc-sensor-container
power_consumption,1704492185932000000,0.013368519155483939,paolo-laptop,hwpc-sensor-container
power_consumption,1704492186933000000,0.013638408294190073,paolo-laptop,hwpc-sensor-container
power_consumption,1704492187936000000,0.014599573234477503,paolo-laptop,hwpc-sensor-container
power_consumption,1704492188937000000,0.014260451584196853,paolo-laptop,hwpc-sensor-container
power_consumption,1704492189939000000,0.009263850800262137,paolo-laptop,hwpc-sensor-container
power_consumption,1704492190940000000,0.012430255258171808,paolo-laptop,hwpc-sensor-container
power_consumption,1704492191942000000,0.013425575860743777,paolo-laptop,hwpc-sensor-container
power_consumption,1704492192943000000,0.011426783569684927,paolo-laptop,hwpc-sensor-container
power_consumption,1704492193945000000,0.009028730464501093,paolo-laptop,hwpc-sensor-container
power_consumption,1704492194947000000,0.012289822389012524,paolo-laptop,hwpc-sensor-container
power_consumption,1704492195949000000,0.011053644543549321,paolo-laptop,hwpc-sensor-container
power_consumption,1704492196951000000,0.011179789752323475,paolo-laptop,hwpc-sensor-container
power_consumption,1704492197953000000,0.010599686246893742,paolo-laptop,hwpc-sensor-container
power_consumption,1704492198955000000,0.013369559940259262,paolo-laptop,hwpc-sensor-container
power_consumption,1704492199961000000,0.011655851592079786,paolo-laptop,hwpc-sensor-container
power_consumption,1704492200966000000,0.009540426399152997,paolo-laptop,hwpc-sensor-container
power_consumption,1704492201968000000,0.013811829435357212,paolo-laptop,hwpc-sensor-container
power_consumption,1704492202974000000,0.00997156959814033,paolo-laptop,hwpc-sensor-container
power_consumption,1704492203976000000,0.011609968493524884,paolo-laptop,hwpc-sensor-container
power_consumption,1704492204978000000,0.01169462148232255,paolo-laptop,hwpc-sensor-container
power_consumption,1704492205981000000,0.012180599851406007,paolo-laptop,hwpc-sensor-container
power_consumption,1704492206983000000,0.010954739271541062,paolo-laptop,hwpc-sensor-container
power_consumption,1704492207985000000,0.010935625318985707,paolo-laptop,hwpc-sensor-container
power_consumption,1704492212002000000,0.01226576362426349,paolo-laptop,hwpc-sensor-container
power_consumption,1704492213005000000,0.011806530634962412,paolo-laptop,hwpc-sensor-container
power_consumption,1704492214007000000,0.011859802904738957,paolo-laptop,hwpc-sensor-container
power_consumption,1704492215009000000,0.012283861463810513,paolo-laptop,hwpc-sensor-container
power_consumption,1704492216011000000,0.01153818440250027,paolo-laptop,hwpc-sensor-container
power_consumption,1704492217014000000,0.011949210332386558,paolo-laptop,hwpc-sensor-container
power_consumption,1704492218016000000,0.010999058471964761,paolo-laptop,hwpc-sensor-container
power_consumption,1704492219018000000,0.011655403623879205,paolo-laptop,hwpc-sensor-container
power_consumption,1704492220021000000,0.01172091488326197,paolo-laptop,hwpc-sensor-container
power_consumption,1704492221023000000,0.011608312766722405,paolo-laptop,hwpc-sensor-container
power_consumption,1704492222026000000,0.011150157638217424,paolo-laptop,hwpc-sensor-container
power_consumption,1704492223028000000,0.01223929887699288,paolo-laptop,hwpc-sensor-container
power_consumption,1704492224032000000,0.012672238265302544,paolo-laptop,hwpc-sensor-container
power_consumption,1704492225035000000,0.011705422882648593,paolo-laptop,hwpc-sensor-container
power_consumption,1704492226037000000,0.011710889638881707,paolo-laptop,hwpc-sensor-container
power_consumption,1704492227039000000,0.011282670716153563,paolo-laptop,hwpc-sensor-container
power_consumption,1704492228042000000,0.011445232246883114,paolo-laptop,hwpc-sensor-container
power_consumption,1704492229044000000,0.011581409191793245,paolo-laptop,hwpc-sensor-container
power_consumption,1704492230046000000,0.011981127510574454,paolo-laptop,hwpc-sensor-container
power_consumption,1704492231048000000,0.011263550894136547,paolo-laptop,hwpc-sensor-container
power_consumption,1704492232051000000,0.010626709043036772,paolo-laptop,hwpc-sensor-container
power_consumption,1704492233053000000,0.013169204921844417,paolo-laptop,hwpc-sensor-container
power_consumption,1704492234058000000,0.009919605242500518,paolo-laptop,hwpc-sensor-container
power_consumption,1704492235061000000,0.011526805329755108,paolo-laptop,hwpc-sensor-container
power_consumption,1704492236063000000,0.011485626725721744,paolo-laptop,hwpc-sensor-container
power_consumption,1704492237065000000,0.011397567868730467,paolo-laptop,hwpc-sensor-container
power_consumption,1704492238067000000,0.011767428306326023,paolo-laptop,hwpc-sensor-container
power_consumption,1704492241073000000,0.011181810378488585,paolo-laptop,hwpc-sensor-container
power_consumption,1704492242075000000,0.012180067002028973,paolo-laptop,hwpc-sensor-container
power_consumption,1704492243078000000,0.011732629203701363,paolo-laptop,hwpc-sensor-container
power_consumption,1704492251099000000,0.011585661178310822,paolo-laptop,hwpc-sensor-container
power_consumption,1704492252101000000,0.012129357582964722,paolo-laptop,hwpc-sensor-container
power_consumption,1704492253104000000,0.01141075064627457,paolo-laptop,hwpc-sensor-container
power_consumption,1704492254105000000,0.01125170256207506,paolo-laptop,hwpc-sensor-container
power_consumption,1704492255108000000,0.01185920217447885,paolo-laptop,hwpc-sensor-container
power_consumption,1704492257113000000,0.01132430679122205,paolo-laptop,hwpc-sensor-container
power_consumption,1704492258118000000,0.011308655911054682,paolo-laptop,hwpc-sensor-container
power_consumption,1704492259120000000,0.011571938934444203,paolo-laptop,hwpc-sensor-container
power_consumption,1704492260123000000,0.012005888645931877,paolo-laptop,hwpc-sensor-container
power_consumption,1704492261125000000,0.011483832395940152,paolo-laptop,hwpc-sensor-container
power_consumption,1704492262127000000,0.01167732085437752,paolo-laptop,hwpc-sensor-container
power_consumption,1704492263129000000,0.01149702449800052,paolo-laptop,hwpc-sensor-container
power_consumption,1704492264132000000,0.011995078612198843,paolo-laptop,hwpc-sensor-container
power_consumption,1704492265134000000,0.011519808253749944,paolo-laptop,hwpc-sensor-container
power_consumption,1704492266136000000,0.011844556219749752,paolo-laptop,hwpc-sensor-container
power_consumption,1704492267138000000,0.011654468083280951,paolo-laptop,hwpc-sensor-container
power_consumption,1704492268141000000,0.012135825351864471,paolo-laptop,hwpc-sensor-container
power_consumption,1704492269143000000,0.012064556295323641,paolo-laptop,hwpc-sensor-container
power_consumption,1704492270146000000,0.011193410240595694,paolo-laptop,hwpc-sensor-container
power_consumption,1704492271149000000,0.01172046484023298,paolo-laptop,hwpc-sensor-container
power_consumption,1704492272151000000,0.012797355528396538,paolo-laptop,hwpc-sensor-container
power_consumption,1704492273155000000,0.009715971807945048,paolo-laptop,hwpc-sensor-container
power_consumption,1704492274156000000,0.011917548552802013,paolo-laptop,hwpc-sensor-container
power_consumption,1704492275158000000,0.012683574234995595,paolo-laptop,hwpc-sensor-container
power_consumption,1704492276160000000,0.012034994209733573,paolo-laptop,hwpc-sensor-container
power_consumption,1704492277162000000,0.011351411127221912,paolo-laptop,hwpc-sensor-container
power_consumption,1704492278165000000,0.01263270635254322,paolo-laptop,hwpc-sensor-container
power_consumption,1704492279167000000,0.012049882562250532,paolo-laptop,hwpc-sensor-container
power_consumption,1704492280170000000,0.01171226527152372,paolo-laptop,hwpc-sensor-container
power_consumption,1704492281173000000,0.012164954086728089,paolo-laptop,hwpc-sensor-container
power_consumption,1704492282177000000,0.012564684985917512,paolo-laptop,hwpc-sensor-container
power_consumption,1704492284185000000,0.012086391169677108,paolo-laptop,hwpc-sensor-container
power_consumption,1704492285188000000,0.012225264968519358,paolo-laptop,hwpc-sensor-container
power_consumption,1704492292216000000,0.01293536314324043,paolo-laptop,hwpc-sensor-container
power_consumption,1704492295227000000,0.011222365266018972,paolo-laptop,hwpc-sensor-container
power_consumption,1704492296232000000,0.014552961943746624,paolo-laptop,hwpc-sensor-container
power_consumption,1704492297239000000,0.012293473259007013,paolo-laptop,hwpc-sensor-container
power_consumption,1704492298245000000,0.012098657985067221,paolo-laptop,hwpc-sensor-container
power_consumption,1704492299264000000,0.012188065681783489,paolo-laptop,hwpc-sensor-container
power_consumption,1704492300270000000,0.009523638114210541,paolo-laptop,hwpc-sensor-container
power_consumption,1704492301273000000,0.012467618487442374,paolo-laptop,hwpc-sensor-container
power_consumption,1704492302276000000,0.010999386555414742,paolo-laptop,hwpc-sensor-container
power_consumption,1704492303278000000,0.014934450164194868,paolo-laptop,hwpc-sensor-container
power_consumption,1704492304285000000,0.012375517681597562,paolo-laptop,hwpc-sensor-container
power_consumption,1704492305290000000,0.009196302595501336,paolo-laptop,hwpc-sensor-container
power_consumption,1704492306292000000,0.011708821408610876,paolo-laptop,hwpc-sensor-container
power_consumption,1704492307293000000,0.01222116445593192,paolo-laptop,hwpc-sensor-container
power_consumption,1704492308296000000,0.011525388598792853,paolo-laptop,hwpc-sensor-container
power_consumption,1704492309298000000,0.012333669184327638,paolo-laptop,hwpc-sensor-container
power_consumption,1704492310301000000,0.011468535371194606,paolo-laptop,hwpc-sensor-container
power_consumption,1704492311304000000,0.011028013138578447,paolo-laptop,hwpc-sensor-container
power_consumption,1704492312306000000,0.010753052804239034,paolo-laptop,hwpc-sensor-container
power_consumption,1704492321340000000,0.011898237086086647,paolo-laptop,hwpc-sensor-container
power_consumption,1704492322342000000,0.011318868210763909,paolo-laptop,hwpc-sensor-container
power_consumption,1704492323344000000,0.011561628394367824,paolo-laptop,hwpc-sensor-container
power_consumption,1704492324348000000,0.012418481819630215,paolo-laptop,hwpc-sensor-container
power_consumption,1704492328363000000,0.010735592500869199,paolo-laptop,hwpc-sensor-container
power_consumption,1704492329365000000,0.012138377509089266,paolo-laptop,hwpc-sensor-container
power_consumption,1704492330367000000,0.011695253076583458,paolo-laptop,hwpc-sensor-container
power_consumption,1704492331369000000,0.011857998507698232,paolo-laptop,hwpc-sensor-container
power_consumption,1704492334375000000,0.013577606057475385,paolo-laptop,hwpc-sensor-container
power_consumption,1704492335381000000,0.009912556699035345,paolo-laptop,hwpc-sensor-container
power_consumption,1704492336383000000,0.011470632852028765,paolo-laptop,hwpc-sensor-container
power_consumption,1704492337385000000,0.01164118079572949,paolo-laptop,hwpc-sensor-container
power_consumption,1704492338388000000,0.0116566111384575,paolo-laptop,hwpc-sensor-container
power_consumption,1704492339390000000,0.01226472026246204,paolo-laptop,hwpc-sensor-container
power_consumption,1704492340391000000,0.01096743101538537,paolo-laptop,hwpc-sensor-container
power_consumption,1704492346407000000,0.011170802461124004,paolo-laptop,hwpc-sensor-container
power_consumption,1704492348411000000,0.010694862979773494,paolo-laptop,hwpc-sensor-container
power_consumption,1704492349413000000,0.011166394089527468,paolo-laptop,hwpc-sensor-container
power_consumption,1704492353424000000,0.011386707696978245,paolo-laptop,hwpc-sensor-container
power_consumption,1704492354426000000,0.011401280968914452,paolo-laptop,hwpc-sensor-container
power_consumption,1704492355428000000,0.011930682875284128,paolo-laptop,hwpc-sensor-container
power_consumption,1704492365450000000,0.012692607788223662,paolo-laptop,hwpc-sensor-container
power_consumption,1704492366452000000,0.01135038883461845,paolo-laptop,hwpc-sensor-container
power_consumption,1704492367455000000,0.011637233404602628,paolo-laptop,hwpc-sensor-container
power_consumption,1704492369461000000,0.011641408646511916,paolo-laptop,hwpc-sensor-container
power_consumption,1704492370463000000,0.011733509771596736,paolo-laptop,hwpc-sensor-container
power_consumption,1704492371466000000,0.012918202510566124,paolo-laptop,hwpc-sensor-container
power_consumption,1704492372469000000,0.012513735238934436,paolo-laptop,hwpc-sensor-container
power_consumption,1704492373474000000,0.011300537275511408,paolo-laptop,hwpc-sensor-container
power_consumption,1704492374477000000,0.011914798468490088,paolo-laptop,hwpc-sensor-container
power_consumption,1704492375480000000,0.012701434817444037,paolo-laptop,hwpc-sensor-container
power_consumption,1704492376485000000,0.011952937877995758,paolo-laptop,hwpc-sensor-container
power_consumption,1704492377488000000,0.011598018467201534,paolo-laptop,hwpc-sensor-container
power_consumption,1704492378490000000,0.013630066972677058,paolo-laptop,hwpc-sensor-container
power_consumption,1704492379495000000,0.00952155531788298,paolo-laptop,hwpc-sensor-container
power_consumption,1704492380496000000,0.013183009839765706,paolo-laptop,hwpc-sensor-container
power_consumption,1704492381498000000,0.012494675382518399,paolo-laptop,hwpc-sensor-container
power_consumption,1704492382500000000,0.011884255915354167,paolo-laptop,hwpc-sensor-container
power_consumption,1704492383501000000,0.011452665612821045,paolo-laptop,hwpc-sensor-container
power_consumption,1704492384504000000,0.01213136738457404,paolo-laptop,hwpc-sensor-container
power_consumption,1704492388515000000,0.012206429682447204,paolo-laptop,hwpc-sensor-container
power_consumption,1704492389516000000,0.011991967600957854,paolo-laptop,hwpc-sensor-container
power_consumption,1704492390518000000,0.012826512188762917,paolo-laptop,hwpc-sensor-container
power_consumption,1704492391523000000,0.012968144947216863,paolo-laptop,hwpc-sensor-container
power_consumption,1704492393528000000,0.011946410698622938,paolo-laptop,hwpc-sensor-container
power_consumption,1704492394530000000,0.012746809127844871,paolo-laptop,hwpc-sensor-container
power_consumption,1704492395534000000,0.011161458925300896,paolo-laptop,hwpc-sensor-container
power_consumption,1704492396537000000,0.012668663980930278,paolo-laptop,hwpc-sensor-container
power_consumption,1704492397538000000,0.012614977994169397,paolo-laptop,hwpc-sensor-container
power_consumption,1704492398540000000,0.01146308923258517,paolo-laptop,hwpc-sensor-container
power_consumption,1704492399542000000,0.012147540230016098,paolo-laptop,hwpc-sensor-container
power_consumption,1704492400544000000,0.013325429218827465,paolo-laptop,hwpc-sensor-container
power_consumption,1704492401546000000,0.011707553905087702,paolo-laptop,hwpc-sensor-container
power_consumption,1704492402548000000,0.011813631863729076,paolo-laptop,hwpc-sensor-container
power_consumption,1704492403550000000,0.012471290488492813,paolo-laptop,hwpc-sensor-container
power_consumption,1704492404552000000,0.012482560625207709,paolo-laptop,hwpc-sensor-container
power_consumption,1704492405554000000,0.011743663542458711,paolo-laptop,hwpc-sensor-container
power_consumption,1704492407561000000,0.011691929832444997,paolo-laptop,hwpc-sensor-container
power_consumption,1704492408563000000,0.011032419703836869,paolo-laptop,hwpc-sensor-container
power_consumption,1704492409566000000,0.010891358238212499,paolo-laptop,hwpc-sensor-container
power_consumption,1704492410568000000,0.012261053872521084,paolo-laptop,hwpc-sensor-container
power_consumption,1704492411570000000,0.012660966314497746,paolo-laptop,hwpc-sensor-container
power_consumption,1704492412574000000,0.016466935117803123,paolo-laptop,hwpc-sensor-container
power_consumption,1704492416593000000,0.013343905487039493,paolo-laptop,hwpc-sensor-container
power_consumption,1704492429623000000,0.01106874732448726,paolo-laptop,hwpc-sensor-container
power_consumption,1704492430625000000,0.011325536503429788,paolo-laptop,hwpc-sensor-container
power_consumption,1704492431626000000,0.009631259853337444,paolo-laptop,hwpc-sensor-container
power_consumption,1704492432628000000,0.011476903904186792,paolo-laptop,hwpc-sensor-container
power_consumption,1704492439641000000,0.012412277947159055,paolo-laptop,hwpc-sensor-container
power_consumption,1704492441650000000,0.01210968135035665,paolo-laptop,hwpc-sensor-container
power_consumption,1704492442652000000,0.0108673907220622,paolo-laptop,hwpc-sensor-container
power_consumption,1704492451680000000,0.013885187545173434,paolo-laptop,hwpc-sensor-container
power_consumption,1704492456695000000,0.01265313948352281,paolo-laptop,hwpc-sensor-container
power_consumption,1704492457699000000,0.01559596813487276,paolo-laptop,hwpc-sensor-container
power_consumption,1704492459704000000,0.012855190575893361,paolo-laptop,hwpc-sensor-container
power_consumption,1704492460706000000,0.014528828755252073,paolo-laptop,hwpc-sensor-container
power_consumption,1704492461707000000,0.01368202419787461,paolo-laptop,hwpc-sensor-container
power_consumption,1704492462710000000,0.01306364732667915,paolo-laptop,hwpc-sensor-container
power_consumption,1704492463711000000,0.012043079730189423,paolo-laptop,hwpc-sensor-container
power_consumption,1704492464713000000,0.01456296158153322,paolo-laptop,hwpc-sensor-container
power_consumption,1704492465714000000,0.010440614520699982,paolo-laptop,hwpc-sensor-container
power_consumption,1704492466716000000,0.013364731350311108,paolo-laptop,hwpc-sensor-container
power_consumption,1704492467718000000,0.013903131663812539,paolo-laptop,hwpc-sensor-container
power_consumption,1704492468720000000,0.01147369664005356,paolo-laptop,hwpc-sensor-container
power_consumption,1704492469726000000,0.015533630444578185,paolo-laptop,hwpc-sensor-container
power_consumption,1704492470728000000,0.012362468964737368,paolo-laptop,hwpc-sensor-container
power_consumption,1704492471731000000,0.012774098361014338,paolo-laptop,hwpc-sensor-container
power_consumption,1704492472733000000,0.014807611728861,paolo-laptop,hwpc-sensor-container
power_consumption,1704492473735000000,0.014433170836973246,paolo-laptop,hwpc-sensor-container
power_consumption,1704492474739000000,0.012200507840469249,paolo-laptop,hwpc-sensor-container
power_consumption,1704492476742000000,0.012751108338338236,paolo-laptop,hwpc-sensor-container
power_consumption,1704492479754000000,0.013246813655033381,paolo-laptop,hwpc-sensor-container
power_consumption,1704492480757000000,0.011786368958305923,paolo-laptop,hwpc-sensor-container
power_consumption,1704492481760000000,0.011837330336473238,paolo-laptop,hwpc-sensor-container
power_consumption,1704492482762000000,0.011873982605169375,paolo-laptop,hwpc-sensor-container
power_consumption,1704492483767000000,0.012725250705657097,paolo-laptop,hwpc-sensor-container
power_consumption,1704492484770000000,0.012199594898801562,paolo-laptop,hwpc-sensor-container
power_consumption,1704492486774000000,0.011804011037016034,paolo-laptop,hwpc-sensor-container
power_consumption,1704492489782000000,0.013278330139330878,paolo-laptop,hwpc-sensor-container
power_consumption,1704492490784000000,0.011104903016453357,paolo-laptop,hwpc-sensor-container
power_consumption,1704492491787000000,0.011556890152502799,paolo-laptop,hwpc-sensor-container
power_consumption,1704492492789000000,0.010616060771784494,paolo-laptop,hwpc-sensor-container
power_consumption,1704492493790000000,0.01297487099218704,paolo-laptop,hwpc-sensor-container
power_consumption,1704492494793000000,0.012661956322745985,paolo-laptop,hwpc-sensor-container
power_consumption,1704492495794000000,0.011535573818670534,paolo-laptop,hwpc-sensor-container
power_consumption,1704492496797000000,0.011523215191008577,paolo-laptop,hwpc-sensor-container
power_consumption,1704492497799000000,0.012039358874551785,paolo-laptop,hwpc-sensor-container
power_consumption,1704492498802000000,0.017765213287814316,paolo-laptop,hwpc-sensor-container
power_consumption,1704492499803000000,0.0115058351568008,paolo-laptop,hwpc-sensor-container
power_consumption,1704492502808000000,0.013258995596487083,paolo-laptop,hwpc-sensor-container
power_consumption,1704492503810000000,0.010805481197419172,paolo-laptop,hwpc-sensor-container
power_consumption,1704492504811000000,0.012521506980571017,paolo-laptop,hwpc-sensor-container
power_consumption,1704492505813000000,0.0112966452425298,paolo-laptop,hwpc-sensor-container
power_consumption,1704492506815000000,0.013036658393127627,paolo-laptop,hwpc-sensor-container
power_consumption,1704492507820000000,0.013261654525582553,paolo-laptop,hwpc-sensor-container
power_consumption,1704492509826000000,0.012247393209818531,paolo-laptop,hwpc-sensor-container
power_consumption,1704492510828000000,0.012534046970655199,paolo-laptop,hwpc-sensor-container
power_consumption,1704492511830000000,0.012250887094153704,paolo-laptop,hwpc-sensor-container
power_consumption,1704492512835000000,0.0134268417146758,paolo-laptop,hwpc-sensor-container
power_consumption,1704492513837000000,0.012002186027678939,paolo-laptop,hwpc-sensor-container
power_consumption,1704492514839000000,0.01227252624944951,paolo-laptop,hwpc-sensor-container
power_consumption,1704492515841000000,0.010359419658546936,paolo-laptop,hwpc-sensor-container
power_consumption,1704492516843000000,0.011786671222964744,paolo-laptop,hwpc-sensor-container
power_consumption,1704492517848000000,0.015608038410876782,paolo-laptop,hwpc-sensor-container
power_consumption,1704492519852000000,0.012162534768893547,paolo-laptop,hwpc-sensor-container
power_consumption,1704492520855000000,0.012408901655510408,paolo-laptop,hwpc-sensor-container
power_consumption,1704492521858000000,0.014625228066494172,paolo-laptop,hwpc-sensor-container
power_consumption,1704492522861000000,0.012028912280792208,paolo-laptop,hwpc-sensor-container
power_consumption,1704492523865000000,0.011897784817731691,paolo-laptop,hwpc-sensor-container
power_consumption,1704492524867000000,0.011440199798537248,paolo-laptop,hwpc-sensor-container
power_consumption,1704492525869000000,0.011655634029801926,paolo-laptop,hwpc-sensor-container
power_consumption,1704492526871000000,0.010705235224975304,paolo-laptop,hwpc-sensor-container
power_consumption,1704492527873000000,0.011835872674452116,paolo-laptop,hwpc-sensor-container
power_consumption,1704492528877000000,0.012294052834873757,paolo-laptop,hwpc-sensor-container
power_consumption,1704492529879000000,0.011334387025977749,paolo-laptop,hwpc-sensor-container
power_consumption,1704492530882000000,0.011518527975654561,paolo-laptop,hwpc-sensor-container
power_consumption,1704492532886000000,0.01227558726930568,paolo-laptop,hwpc-sensor-container
power_consumption,1704492533891000000,0.013166901275153232,paolo-laptop,hwpc-sensor-container
power_consumption,1704492535896000000,0.011995126218835478,paolo-laptop,hwpc-sensor-container
power_consumption,1704492536898000000,0.011530448375390977,paolo-laptop,hwpc-sensor-container
power_consumption,1704492537900000000,0.011418987887994485,paolo-laptop,hwpc-sensor-container
power_consumption,1704492538902000000,0.013229192819637607,paolo-laptop,hwpc-sensor-container
power_consumption,1704492539903000000,0.01157071442664057,paolo-laptop,hwpc-sensor-container
power_consumption,1704492540905000000,0.015037443926390653,paolo-laptop,hwpc-sensor-container
power_consumption,1704492541907000000,0.010822712361247648,paolo-laptop,hwpc-sensor-container
power_consumption,1704492542909000000,0.014330026114437816,paolo-laptop,hwpc-sensor-container
power_consumption,1704492543912000000,0.011296394621012031,paolo-laptop,hwpc-sensor-container
power_consumption,1704492544913000000,0.014274521349229406,paolo-laptop,hwpc-sensor-container
power_consumption,1704492545917000000,0.012194542208177027,paolo-laptop,hwpc-sensor-container
power_consumption,1704492548926000000,0.013080095910607109,paolo-laptop,hwpc-sensor-container
power_consumption,1704492549930000000,0.012077921648175342,paolo-laptop,hwpc-sensor-container
power_consumption,1704492550933000000,0.013499572218584346,paolo-laptop,hwpc-sensor-container
power_consumption,1704492551934000000,0.012606110851331396,paolo-laptop,hwpc-sensor-container
power_consumption,1704492552936000000,0.012425544098608358,paolo-laptop,hwpc-sensor-container
power_consumption,1704492553938000000,0.013764969974187118,paolo-laptop,hwpc-sensor-container
power_consumption,1704492554941000000,0.013444541470855166,paolo-laptop,hwpc-sensor-container
power_consumption,1704492555943000000,0.011439754036546715,paolo-laptop,hwpc-sensor-container
power_consumption,1704492556944000000,0.011620933867231602,paolo-laptop,hwpc-sensor-container
power_consumption,1704492557946000000,0.013369172963961961,paolo-laptop,hwpc-sensor-container
power_consumption,1704492558948000000,0.012125194129401981,paolo-laptop,hwpc-sensor-container
power_consumption,1704492559949000000,0.013248319756190185,paolo-laptop,hwpc-sensor-container
power_consumption,1704492560951000000,0.011397981343010611,paolo-laptop,hwpc-sensor-container
power_consumption,1704492561954000000,0.012562803352062779,paolo-laptop,hwpc-sensor-container
power_consumption,1704492562956000000,0.01083257741616079,paolo-laptop,hwpc-sensor-container
power_consumption,1704492563958000000,0.012850934175077997,paolo-laptop,hwpc-sensor-container
power_consumption,1704492564960000000,0.012194168213838504,paolo-laptop,hwpc-sensor-container
power_consumption,1704492565961000000,0.011650375568589093,paolo-laptop,hwpc-sensor-container
power_consumption,1704492566963000000,0.01463195856689481,paolo-laptop,hwpc-sensor-container
power_consumption,1704492567967000000,0.012766771276110499,paolo-laptop,hwpc-sensor-container
power_consumption,1704492568969000000,0.014205353655701997,paolo-laptop,hwpc-sensor-container
power_consumption,1704492570972000000,0.014791525333510322,paolo-laptop,hwpc-sensor-container
power_consumption,1704492571973000000,0.011898431160316704,paolo-laptop,hwpc-sensor-container
power_consumption,1704492572976000000,0.014511781299488465,paolo-laptop,hwpc-sensor-container
power_consumption,1704492573978000000,0.012583359245128465,paolo-laptop,hwpc-sensor-container
power_consumption,1704492574980000000,0.01504753259020506,paolo-laptop,hwpc-sensor-container
power_consumption,1704492575982000000,0.014118476227047419,paolo-laptop,hwpc-sensor-container
power_consumption,1704492576984000000,0.014491368932885907,paolo-laptop,hwpc-sensor-container
power_consumption,1704492577986000000,0.01214624615435862,paolo-laptop,hwpc-sensor-container
power_consumption,1704492578991000000,0.013941993929033034,paolo-laptop,hwpc-sensor-container
power_consumption,1704492579993000000,0.011625429409983332,paolo-laptop,hwpc-sensor-container
power_consumption,1704492580994000000,0.015220967070026546,paolo-laptop,hwpc-sensor-container
power_consumption,1704492582000000000,0.011287343137504336,paolo-laptop,hwpc-sensor-container
power_consumption,1704492583003000000,0.013206941257471301,paolo-laptop,hwpc-sensor-container
power_consumption,1704492584007000000,0.01447929665385123,paolo-laptop,hwpc-sensor-container
power_consumption,1704492586013000000,0.01466437629364986,paolo-laptop,hwpc-sensor-container
power_consumption,1704492588018000000,0.012085722552135362,paolo-laptop,hwpc-sensor-container
power_consumption,1704492589022000000,0.015392176049810361,paolo-laptop,hwpc-sensor-container
power_consumption,1704492590026000000,0.01309481881043807,paolo-laptop,hwpc-sensor-container
power_consumption,1704492591030000000,0.014732933858513049,paolo-laptop,hwpc-sensor-container
power_consumption,1704492592045000000,0.010605566881004717,paolo-laptop,hwpc-sensor-container
power_consumption,1704492593049000000,0.012954273582281397,paolo-laptop,hwpc-sensor-container
power_consumption,1704492594051000000,0.0125074131935874,paolo-laptop,hwpc-sensor-container
power_consumption,1704492595053000000,0.011743684713807292,paolo-laptop,hwpc-sensor-container
power_consumption,1704492596055000000,0.012320615461115191,paolo-laptop,hwpc-sensor-container
power_consumption,1704492597057000000,0.012962455591689294,paolo-laptop,hwpc-sensor-container
power_consumption,1704492598060000000,0.012535571360259302,paolo-laptop,hwpc-sensor-container
power_consumption,1704492599063000000,0.01139450106951204,paolo-laptop,hwpc-sensor-container
power_consumption,1704492600067000000,0.010711845131823373,paolo-laptop,hwpc-sensor-container
power_consumption,1704492601069000000,0.012008586472438828,paolo-laptop,hwpc-sensor-container
power_consumption,1704492602070000000,0.009191707906961596,paolo-laptop,hwpc-sensor-container
power_consumption,1704492603074000000,0.012026678466321347,paolo-laptop,hwpc-sensor-container
power_consumption,1704492605080000000,0.012072739900353072,paolo-laptop,hwpc-sensor-container
power_consumption,1704492606084000000,0.012261639054209378,paolo-laptop,hwpc-sensor-container
power_consumption,1704492607086000000,0.011387825551152496,paolo-laptop,hwpc-sensor-container
power_consumption,1704492609092000000,0.012554229973737882,paolo-laptop,hwpc-sensor-container
power_consumption,1704492610094000000,0.012378648265036188,paolo-laptop,hwpc-sensor-container
power_consumption,1704492611096000000,0.012430922213932858,paolo-laptop,hwpc-sensor-container
power_consumption,1704492612100000000,0.012073847666668346,paolo-laptop,hwpc-sensor-container
power_consumption,1704492613104000000,0.01195791800326435,paolo-laptop,hwpc-sensor-container
power_consumption,1704492614106000000,0.01381316424984357,paolo-laptop,hwpc-sensor-container
power_consumption,1704492615108000000,0.012139555359926056,paolo-laptop,hwpc-sensor-container
power_consumption,1704492616110000000,0.011594376319785556,paolo-laptop,hwpc-sensor-container
power_consumption,1704492617114000000,0.014001498851528602,paolo-laptop,hwpc-sensor-container
power_consumption,1704492618117000000,0.0124234983215097,paolo-laptop,hwpc-sensor-container
power_consumption,1704492619120000000,0.01173678140048047,paolo-laptop,hwpc-sensor-container
power_consumption,1704492620123000000,0.014315340482255143,paolo-laptop,hwpc-sensor-container
power_consumption,1704492621128000000,0.01343305718746943,paolo-laptop,hwpc-sensor-container
power_consumption,1704492622131000000,0.011839146220121338,paolo-laptop,hwpc-sensor-container
power_consumption,1704492623135000000,0.012610355891748335,paolo-laptop,hwpc-sensor-container
power_consumption,1704492624139000000,0.012073332389396193,paolo-laptop,hwpc-sensor-container
power_consumption,1704492625141000000,0.011809744458273461,paolo-laptop,hwpc-sensor-container
power_consumption,1704492626144000000,0.012169310284051084,paolo-laptop,hwpc-sensor-container
power_consumption,1704492627148000000,0.012090603618914578,paolo-laptop,hwpc-sensor-container
power_consumption,1704492628151000000,0.011279257793740043,paolo-laptop,hwpc-sensor-container
power_consumption,1704492629154000000,0.012353894509203149,paolo-laptop,hwpc-sensor-container
power_consumption,1704492630156000000,0.012054414485745589,paolo-laptop,hwpc-sensor-container
power_consumption,1704492633162000000,0.012925684383668347,paolo-laptop,hwpc-sensor-container
power_consumption,1704492635169000000,0.012169347922688627,paolo-laptop,hwpc-sensor-container
power_consumption,1704492637172000000,0.011624702366939943,paolo-laptop,hwpc-sensor-container
power_consumption,1704492638174000000,0.011320479295537263,paolo-laptop,hwpc-sensor-container
power_consumption,1704492639176000000,0.012289245525264348,paolo-laptop,hwpc-sensor-container
power_consumption,1704492641180000000,0.011933828806027388,paolo-laptop,hwpc-sensor-container
power_consumption,1704492642184000000,0.01240303845147822,paolo-laptop,hwpc-sensor-container
power_consumption,1704492643186000000,0.011722500625023405,paolo-laptop,hwpc-sensor-container
power_consumption,1704492644188000000,0.012390539975346029,paolo-laptop,hwpc-sensor-container
power_consumption,1704492645190000000,0.013004678226504245,paolo-laptop,hwpc-sensor-container
power_consumption,1704492646192000000,0.011771498484521508,paolo-laptop,hwpc-sensor-container
power_consumption,1704492647194000000,0.013938024081875989,paolo-laptop,hwpc-sensor-container
power_consumption,1704492648196000000,0.01253261159613096,paolo-laptop,hwpc-sensor-container
power_consumption,1704492649200000000,0.012325587955896767,paolo-laptop,hwpc-sensor-container
power_consumption,1704492650202000000,0.013352613021770186,paolo-laptop,hwpc-sensor-container
power_consumption,1704492651203000000,0.011867605786484322,paolo-laptop,hwpc-sensor-container
power_consumption,1704492653209000000,0.015513663398826549,paolo-laptop,hwpc-sensor-container
power_consumption,1704492654213000000,0.01083626491942126,paolo-laptop,hwpc-sensor-container
power_consumption,1704492655216000000,0.01147526110847894,paolo-laptop,hwpc-sensor-container
power_consumption,1704492656218000000,0.013138798318177037,paolo-laptop,hwpc-sensor-container
power_consumption,1704492657220000000,0.009606219913699612,paolo-laptop,hwpc-sensor-container
power_consumption,1704492658222000000,0.011366666754661518,paolo-laptop,hwpc-sensor-container
power_consumption,1704492659223000000,0.010054275158266308,paolo-laptop,hwpc-sensor-container
power_consumption,1704492660225000000,0.014298269000810443,paolo-laptop,hwpc-sensor-container
power_consumption,1704492661229000000,0.01181886409564475,paolo-laptop,hwpc-sensor-container
power_consumption,1704492662232000000,0.01225206948921842,paolo-laptop,hwpc-sensor-container
power_consumption,1704492663234000000,0.012661784543183775,paolo-laptop,hwpc-sensor-container
power_consumption,1704492664236000000,0.011084215281763496,paolo-laptop,hwpc-sensor-container
power_consumption,1704492665238000000,0.012000989145055565,paolo-laptop,hwpc-sensor-container
power_consumption,1704492666240000000,0.011373663488123542,paolo-laptop,hwpc-sensor-container
power_consumption,1704492667242000000,0.012330412002395059,paolo-laptop,hwpc-sensor-container
power_consumption,1704492668243000000,0.012933334585098464,paolo-laptop,hwpc-sensor-container
power_consumption,1704492669247000000,0.013288036834214133,paolo-laptop,hwpc-sensor-container
power_consumption,1704492670250000000,0.012974753270902238,paolo-laptop,hwpc-sensor-container
power_consumption,1704492671254000000,0.01118486647952176,paolo-laptop,hwpc-sensor-container
power_consumption,1704492673260000000,0.013158135479559145,paolo-laptop,hwpc-sensor-container
power_consumption,1704492674264000000,0.011916681676142685,paolo-laptop,hwpc-sensor-container
power_consumption,1704492676270000000,0.013014114713949722,paolo-laptop,hwpc-sensor-container
power_consumption,1704492677272000000,0.013302988858814455,paolo-laptop,hwpc-sensor-container
power_consumption,1704492678275000000,0.011299116789947647,paolo-laptop,hwpc-sensor-container
power_consumption,1704492683294000000,0.015046714951119426,paolo-laptop,hwpc-sensor-container
power_consumption,1704492689314000000,0.012042390787098041,paolo-laptop,hwpc-sensor-container
power_consumption,1704492690316000000,0.014574126927437666,paolo-laptop,hwpc-sensor-container
power_consumption,1704492691318000000,0.01252560370447777,paolo-laptop,hwpc-sensor-container
power_consumption,1704492692320000000,0.012344383352835313,paolo-laptop,hwpc-sensor-container
power_consumption,1704492693321000000,0.011303360455857942,paolo-laptop,hwpc-sensor-container
power_consumption,1704492694324000000,0.011673153701006663,paolo-laptop,hwpc-sensor-container
power_consumption,1704492695326000000,0.012275745702416258,paolo-laptop,hwpc-sensor-container
power_consumption,1704492696329000000,0.011149215906823759,paolo-laptop,hwpc-sensor-container
power_consumption,1704492697331000000,0.012571814855452279,paolo-laptop,hwpc-sensor-container
power_consumption,1704492698336000000,0.013409100269513512,paolo-laptop,hwpc-sensor-container
power_consumption,1704492700341000000,0.01306741395935006,paolo-laptop,hwpc-sensor-container
power_consumption,1704492701343000000,0.01178593823704422,paolo-laptop,hwpc-sensor-container
power_consumption,1704492702345000000,0.012381687672337952,paolo-laptop,hwpc-sensor-container
power_consumption,1704492703348000000,0.009589456218640461,paolo-laptop,hwpc-sensor-container
power_consumption,1704492704350000000,0.01447205579875062,paolo-laptop,hwpc-sensor-container
power_consumption,1704492705352000000,0.012665423833016817,paolo-laptop,hwpc-sensor-container
power_consumption,1704492706354000000,0.014590355729916833,paolo-laptop,hwpc-sensor-container
power_consumption,1704492707356000000,0.013828745334276502,paolo-laptop,hwpc-sensor-container
power_consumption,1704492708358000000,0.01201111546542739,paolo-laptop,hwpc-sensor-container
power_consumption,1704492709359000000,0.012007123822908933,paolo-laptop,hwpc-sensor-container
power_consumption,1704492710360000000,0.011467512694949111,paolo-laptop,hwpc-sensor-container
power_consumption,1704492711362000000,0.012649318861016529,paolo-laptop,hwpc-sensor-container
power_consumption,1704492712365000000,0.017860281424779308,paolo-laptop,hwpc-sensor-container
power_consumption,1704492713367000000,0.017750816735254284,paolo-laptop,hwpc-sensor-container
power_consumption,1704492714372000000,0.02188722666228566,paolo-laptop,hwpc-sensor-container
power_consumption,1704492715375000000,0.010749473731659234,paolo-laptop,hwpc-sensor-container
power_consumption,1704492716379000000,0.01190398018472228,paolo-laptop,hwpc-sensor-container
power_consumption,1704492718384000000,0.01431674422783034,paolo-laptop,hwpc-sensor-container
power_consumption,1704492720389000000,0.01215978013607124,paolo-laptop,hwpc-sensor-container
power_consumption,1704492723402000000,0.021852572132548605,paolo-laptop,hwpc-sensor-container
power_consumption,1704492724406000000,0.017020649696101346,paolo-laptop,hwpc-sensor-container
power_consumption,1704492725411000000,0.01188533267880261,paolo-laptop,hwpc-sensor-container
power_consumption,1704492726413000000,0.012345534591492487,paolo-laptop,hwpc-sensor-container
power_consumption,1704492727416000000,0.0115882266458648,paolo-laptop,hwpc-sensor-container
power_consumption,1704492729424000000,0.013211568393816802,paolo-laptop,hwpc-sensor-container
power_consumption,1704492732435000000,0.012227364080283592,paolo-laptop,hwpc-sensor-container
power_consumption,1704492733440000000,0.015773168936184145,paolo-laptop,hwpc-sensor-container
power_consumption,1704492734443000000,0.015030215809906378,paolo-laptop,hwpc-sensor-container
power_consumption,1704492735446000000,0.013510650465822263,paolo-laptop,hwpc-sensor-container
power_consumption,1704492736447000000,0.010922748496738358,paolo-laptop,hwpc-sensor-container
power_consumption,1704492737451000000,0.012671295099680454,paolo-laptop,hwpc-sensor-container
power_consumption,1704492738455000000,0.014116050617055207,paolo-laptop,hwpc-sensor-container
power_consumption,1704492739457000000,0.012355554482534203,paolo-laptop,hwpc-sensor-container
power_consumption,1704492740459000000,0.013810169592905343,paolo-laptop,hwpc-sensor-container
power_consumption,1704492741463000000,0.014152584225170038,paolo-laptop,hwpc-sensor-container
power_consumption,1704492743470000000,0.015198113115400763,paolo-laptop,hwpc-sensor-container
power_consumption,1704492744474000000,0.011647105567521191,paolo-laptop,hwpc-sensor-container
power_consumption,1704492746482000000,0.014268550437590434,paolo-laptop,hwpc-sensor-container
power_consumption,1704492747486000000,0.011696578377787308,paolo-laptop,hwpc-sensor-container
power_consumption,1704492748490000000,0.015128846275995492,paolo-laptop,hwpc-sensor-container
power_consumption,1704492749492000000,0.012095781965965549,paolo-laptop,hwpc-sensor-container
power_consumption,1704492750493000000,0.01035763619946628,paolo-laptop,hwpc-sensor-container
power_consumption,1704492751496000000,0.01478706848755173,paolo-laptop,hwpc-sensor-container
power_consumption,1704492753501000000,0.014023978975798112,paolo-laptop,hwpc-sensor-container
power_consumption,1704492754503000000,0.012951931165269184,paolo-laptop,hwpc-sensor-container
power_consumption,1704492755508000000,0.013895853841585634,paolo-laptop,hwpc-sensor-container
power_consumption,1704492756512000000,0.012237171142681018,paolo-laptop,hwpc-sensor-container
power_consumption,1704492757516000000,0.01298383111678982,paolo-laptop,hwpc-sensor-container
power_consumption,1704492758520000000,0.011420326033446424,paolo-laptop,hwpc-sensor-container
power_consumption,1704492759522000000,0.011923186124445465,paolo-laptop,hwpc-sensor-container
power_consumption,1704492761530000000,0.014758872772264292,paolo-laptop,hwpc-sensor-container
power_consumption,1704492762532000000,0.012123912893061311,paolo-laptop,hwpc-sensor-container
power_consumption,1704492763534000000,0.012224701316863925,paolo-laptop,hwpc-sensor-container
power_consumption,1704492764535000000,0.01118356617935963,paolo-laptop,hwpc-sensor-container
power_consumption,1704492765537000000,0.015229563958162738,paolo-laptop,hwpc-sensor-container
power_consumption,1704492766539000000,0.011762095066238215,paolo-laptop,hwpc-sensor-container
power_consumption,1704492767541000000,0.014632321279975375,paolo-laptop,hwpc-sensor-container
power_consumption,1704492768543000000,0.011263944243067116,paolo-laptop,hwpc-sensor-container
power_consumption,1704492769545000000,0.010392728912291817,paolo-laptop,hwpc-sensor-container
power_consumption,1704492770546000000,0.011218179183527913,paolo-laptop,hwpc-sensor-container
power_consumption,1704492771548000000,0.01413260987192623,paolo-laptop,hwpc-sensor-container
power_consumption,1704492772554000000,0.01273860271053916,paolo-laptop,hwpc-sensor-container
power_consumption,1704492773555000000,0.014223717790423418,paolo-laptop,hwpc-sensor-container
power_consumption,1704492774558000000,0.012264388095568879,paolo-laptop,hwpc-sensor-container
power_consumption,1704492775564000000,0.010907893065208339,paolo-laptop,hwpc-sensor-container
power_consumption,1704492776567000000,0.014639210678994746,paolo-laptop,hwpc-sensor-container
power_consumption,1704492777571000000,0.014501165141433608,paolo-laptop,hwpc-sensor-container
power_consumption,1704492778573000000,0.011568801471628823,paolo-laptop,hwpc-sensor-container
power_consumption,1704492779577000000,0.012010455015676479,paolo-laptop,hwpc-sensor-container
power_consumption,1704492780578000000,0.01329682175301046,paolo-laptop,hwpc-sensor-container
power_consumption,1704492781580000000,0.01215842499811914,paolo-laptop,hwpc-sensor-container
power_consumption,1704492782582000000,0.01658230443389775,paolo-laptop,hwpc-sensor-container
power_consumption,1704492783586000000,0.012041140410644628,paolo-laptop,hwpc-sensor-container
power_consumption,1704492784591000000,0.017140927274225382,paolo-laptop,hwpc-sensor-container
power_consumption,1704492785604000000,0.011273697516933648,paolo-laptop,hwpc-sensor-container
power_consumption,1704492786606000000,0.015479061621368789,paolo-laptop,hwpc-sensor-container
power_consumption,1704492787612000000,0.010537642059882451,paolo-laptop,hwpc-sensor-container
power_consumption,1704492788615000000,0.0120846029272196,paolo-laptop,hwpc-sensor-container
power_consumption,1704492789617000000,0.012489207185293833,paolo-laptop,hwpc-sensor-container
power_consumption,1704492790619000000,0.011040932423556419,paolo-laptop,hwpc-sensor-container
power_consumption,1704492791620000000,0.012544528095984003,paolo-laptop,hwpc-sensor-container
power_consumption,1704492792622000000,0.009996495886627836,paolo-laptop,hwpc-sensor-container
power_consumption,1704492793623000000,0.013332459847583822,paolo-laptop,hwpc-sensor-container
power_consumption,1704492794625000000,0.012911649877193768,paolo-laptop,hwpc-sensor-container
power_consumption,1704492795628000000,0.013401479617942767,paolo-laptop,hwpc-sensor-container
power_consumption,1704492796629000000,0.012647353354811696,paolo-laptop,hwpc-sensor-container
power_consumption,1704492797631000000,0.015660518018870858,paolo-laptop,hwpc-sensor-container
power_consumption,1704492798636000000,0.005911189634968099,paolo-laptop,hwpc-sensor-container
power_consumption,1704492799638000000,0.013675559387677321,paolo-laptop,hwpc-sensor-container
power_consumption,1704492800639000000,0.01231158615799626,paolo-laptop,hwpc-sensor-container
power_consumption,1704492801641000000,0.014069293312827427,paolo-laptop,hwpc-sensor-container
power_consumption,1704492802642000000,0.010843936338386654,paolo-laptop,hwpc-sensor-container
power_consumption,1704492803645000000,0.012518661368001758,paolo-laptop,hwpc-sensor-container
power_consumption,1704492804647000000,0.012040703055082109,paolo-laptop,hwpc-sensor-container
power_consumption,1704492805649000000,0.01381052830252579,paolo-laptop,hwpc-sensor-container
power_consumption,1704492806652000000,0.010728034719381302,paolo-laptop,hwpc-sensor-container
power_consumption,1704492807654000000,0.01272001122230762,paolo-laptop,hwpc-sensor-container
power_consumption,1704492808656000000,0.011858853680987295,paolo-laptop,hwpc-sensor-container
power_consumption,1704492809658000000,0.012930060080822408,paolo-laptop,hwpc-sensor-container
power_consumption,1704492810660000000,0.011547997190873297,paolo-laptop,hwpc-sensor-container
power_consumption,1704492811662000000,0.012176558429682658,paolo-laptop,hwpc-sensor-container
power_consumption,1704492812664000000,0.012261481800098773,paolo-laptop,hwpc-sensor-container
power_consumption,1704492813668000000,0.010720703868059707,paolo-laptop,hwpc-sensor-container
power_consumption,1704492814672000000,0.01600615462774188,paolo-laptop,hwpc-sensor-container
power_consumption,1704492815674000000,0.01271888926116567,paolo-laptop,hwpc-sensor-container
power_consumption,1704492816675000000,0.013094776795465269,paolo-laptop,hwpc-sensor-container
power_consumption,1704492817679000000,0.01186243007070726,paolo-laptop,hwpc-sensor-container
power_consumption,1704492818683000000,0.011456507426336185,paolo-laptop,hwpc-sensor-container
power_consumption,1704492819685000000,0.013209051081597069,paolo-laptop,hwpc-sensor-container
power_consumption,1704492820688000000,0.012668658153123097,paolo-laptop,hwpc-sensor-container
power_consumption,1704492822693000000,0.019507204929424548,paolo-laptop,hwpc-sensor-container
power_consumption,1704492823695000000,0.014046895582789527,paolo-laptop,hwpc-sensor-container
power_consumption,1704492824699000000,0.020820723642460605,paolo-laptop,hwpc-sensor-container
power_consumption,1704492825701000000,0.01280939385622417,paolo-laptop,hwpc-sensor-container
power_consumption,1704492826703000000,0.01158036364645049,paolo-laptop,hwpc-sensor-container
power_consumption,1704492827705000000,0.01600223763810931,paolo-laptop,hwpc-sensor-container
power_consumption,1704492828707000000,0.014382734213849996,paolo-laptop,hwpc-sensor-container
power_consumption,1704492829712000000,0.013002304893722692,paolo-laptop,hwpc-sensor-container
power_consumption,1704492830717000000,0.015795891344029575,paolo-laptop,hwpc-sensor-container
power_consumption,1704492831722000000,0.012959616033596915,paolo-laptop,hwpc-sensor-container
power_consumption,1704492832724000000,0.010762073419198907,paolo-laptop,hwpc-sensor-container
power_consumption,1704492833726000000,0.01754212532549862,paolo-laptop,hwpc-sensor-container
power_consumption,1704492834730000000,0.012691864927271703,paolo-laptop,hwpc-sensor-container
power_consumption,1704492835732000000,0.014298361791914314,paolo-laptop,hwpc-sensor-container
power_consumption,1704492836734000000,0.019865457728649893,paolo-laptop,hwpc-sensor-container
power_consumption,1704492837736000000,0.01106195704691246,paolo-laptop,hwpc-sensor-container
power_consumption,1704492838739000000,0.010779411832784122,paolo-laptop,hwpc-sensor-container
power_consumption,1704492839742000000,0.012871668334495465,paolo-laptop,hwpc-sensor-container
power_consumption,1704492840743000000,0.012895702067976604,paolo-laptop,hwpc-sensor-container
power_consumption,1704492841745000000,0.014275848564773926,paolo-laptop,hwpc-sensor-container
power_consumption,1704492842747000000,0.012372281301683016,paolo-laptop,hwpc-sensor-container
power_consumption,1704492843749000000,0.017063849957186076,paolo-laptop,hwpc-sensor-container
power_consumption,1704492844751000000,0.014830171810735124,paolo-laptop,hwpc-sensor-container
power_consumption,1704492845753000000,0.015777550747095324,paolo-laptop,hwpc-sensor-container
power_consumption,1704492846756000000,0.014755607915550067,paolo-laptop,hwpc-sensor-container
power_consumption,1704492847761000000,0.01451115990579032,paolo-laptop,hwpc-sensor-container
power_consumption,1704492848764000000,0.01730214479185407,paolo-laptop,hwpc-sensor-container
power_consumption,1704492849767000000,0.015892041340251857,paolo-laptop,hwpc-sensor-container
power_consumption,1704492850770000000,0.010816851545561253,paolo-laptop,hwpc-sensor-container
power_consumption,1704492851773000000,0.012105038055802032,paolo-laptop,hwpc-sensor-container
power_consumption,1704492852775000000,0.012559632360670375,paolo-laptop,hwpc-sensor-container
power_consumption,1704492853776000000,0.013392846775824974,paolo-laptop,hwpc-sensor-container
power_consumption,1704492854778000000,0.014630821576969825,paolo-laptop,hwpc-sensor-container
power_consumption,1704492855781000000,0.012318535813996567,paolo-laptop,hwpc-sensor-container
power_consumption,1704492856783000000,0.011618372788437914,paolo-laptop,hwpc-sensor-container
power_consumption,1704492857785000000,0.011749160018387116,paolo-laptop,hwpc-sensor-container
power_consumption,1704492858788000000,0.015032004389827611,paolo-laptop,hwpc-sensor-container
power_consumption,1704492859790000000,0.0142900515545951,paolo-laptop,hwpc-sensor-container
power_consumption,1704492860793000000,0.015884509797846485,paolo-laptop,hwpc-sensor-container
power_consumption,1704492861800000000,0.010293775489589825,paolo-laptop,hwpc-sensor-container
power_consumption,1704492862803000000,0.010548517430418876,paolo-laptop,hwpc-sensor-container
power_consumption,1704492863805000000,0.013620963377133907,paolo-laptop,hwpc-sensor-container
power_consumption,1704492864807000000,0.013716164683227405,paolo-laptop,hwpc-sensor-container
power_consumption,1704492865809000000,0.015069318921225459,paolo-laptop,hwpc-sensor-container
power_consumption,1704492866812000000,0.012139580631995342,paolo-laptop,hwpc-sensor-container
power_consumption,1704492867816000000,0.012225745614881278,paolo-laptop,hwpc-sensor-container
power_consumption,1704492868820000000,0.012790548211941645,paolo-laptop,hwpc-sensor-container
power_consumption,1704492869821000000,0.013218452708061811,paolo-laptop,hwpc-sensor-container
power_consumption,1704492870823000000,0.011180028394378955,paolo-laptop,hwpc-sensor-container
power_consumption,1704492871826000000,0.011720202015352336,paolo-laptop,hwpc-sensor-container
power_consumption,1704492872828000000,0.012241868110841733,paolo-laptop,hwpc-sensor-container
power_consumption,1704492873831000000,0.013287266949108697,paolo-laptop,hwpc-sensor-container
power_consumption,1704492874836000000,0.02264772511594394,paolo-laptop,hwpc-sensor-container
power_consumption,1704492875840000000,0.01692642721150084,paolo-laptop,hwpc-sensor-container
power_consumption,1704492876844000000,0.02021729144950254,paolo-laptop,hwpc-sensor-container
power_consumption,1704492878852000000,0.02630836821439233,paolo-laptop,hwpc-sensor-container
power_consumption,1704492879854000000,0.012251293408431417,paolo-laptop,hwpc-sensor-container
power_consumption,1704492880856000000,0.01141647389586429,paolo-laptop,hwpc-sensor-container
power_consumption,1704492881858000000,0.011593093709160413,paolo-laptop,hwpc-sensor-container
power_consumption,1704492882860000000,0.011802108910589096,paolo-laptop,hwpc-sensor-container
power_consumption,1704492883862000000,0.011771054545769627,paolo-laptop,hwpc-sensor-container
power_consumption,1704492884864000000,0.009585655333472887,paolo-laptop,hwpc-sensor-container
power_consumption,1704492885867000000,0.012197807530342551,paolo-laptop,hwpc-sensor-container
power_consumption,1704492886872000000,0.018680086645979678,paolo-laptop,hwpc-sensor-container
power_consumption,1704492887875000000,0.021693421151370438,paolo-laptop,hwpc-sensor-container
power_consumption,1704492889883000000,0.014701078251184028,paolo-laptop,hwpc-sensor-container
power_consumption,1704492890885000000,0.012193468009800559,paolo-laptop,hwpc-sensor-container
power_consumption,1704492891893000000,0.012124338660580089,paolo-laptop,hwpc-sensor-container
power_consumption,1704492892895000000,0.012393232730774632,paolo-laptop,hwpc-sensor-container
power_consumption,1704492893897000000,0.010749575615153656,paolo-laptop,hwpc-sensor-container
power_consumption,1704492894898000000,0.01083427742740969,paolo-laptop,hwpc-sensor-container
power_consumption,1704492895900000000,0.012359249948261817,paolo-laptop,hwpc-sensor-container
power_consumption,1704492896904000000,0.01197538255267368,paolo-laptop,hwpc-sensor-container
power_consumption,1704492897908000000,0.020491508719471134,paolo-laptop,hwpc-sensor-container
power_consumption,1704492899916000000,0.016922829234200406,paolo-laptop,hwpc-sensor-container
power_consumption,1704492900920000000,0.02867497208135438,paolo-laptop,hwpc-sensor-container
power_consumption,1704492901922000000,0.01536019548437215,paolo-laptop,hwpc-sensor-container
power_consumption,1704492902926000000,0.014720610127957797,paolo-laptop,hwpc-sensor-container
power_consumption,1704492903928000000,0.013233969871446134,paolo-laptop,hwpc-sensor-container
power_consumption,1704492904929000000,0.01470923995593602,paolo-laptop,hwpc-sensor-container
power_consumption,1704492905932000000,0.019273524603029536,paolo-laptop,hwpc-sensor-container
power_consumption,1704492906934000000,0.013120456720192146,paolo-laptop,hwpc-sensor-container
power_consumption,1704492907936000000,0.012802273338605183,paolo-laptop,hwpc-sensor-container
power_consumption,1704492908938000000,0.011337808829228186,paolo-laptop,hwpc-sensor-container
power_consumption,1704492909940000000,0.010634887645561981,paolo-laptop,hwpc-sensor-container
power_consumption,1704492910943000000,0.010045958677654863,paolo-laptop,hwpc-sensor-container
power_consumption,1704492911949000000,0.013050331832849597,paolo-laptop,hwpc-sensor-container
power_consumption,1704492912954000000,0.0158148079241363,paolo-laptop,hwpc-sensor-container
power_consumption,1704492913958000000,0.010061504496887868,paolo-laptop,hwpc-sensor-container
power_consumption,1704492914961000000,0.012877971824654128,paolo-laptop,hwpc-sensor-container
power_consumption,1704492915963000000,0.015076441007604944,paolo-laptop,hwpc-sensor-container
power_consumption,1704492916965000000,0.013360851624873724,paolo-laptop,hwpc-sensor-container
power_consumption,1704492917967000000,0.011696013616041591,paolo-laptop,hwpc-sensor-container
power_consumption,1704492918969000000,0.01341732443486423,paolo-laptop,hwpc-sensor-container
power_consumption,1704492919972000000,0.013747473442648608,paolo-laptop,hwpc-sensor-container
power_consumption,1704492920978000000,0.011375879077181638,paolo-laptop,hwpc-sensor-container
power_consumption,1704492921982000000,0.01308647576595439,paolo-laptop,hwpc-sensor-container
power_consumption,1704492922984000000,0.014293395161210122,paolo-laptop,hwpc-sensor-container
power_consumption,1704492923986000000,0.011902101631953023,paolo-laptop,hwpc-sensor-container
power_consumption,1704492924989000000,0.014302018483854331,paolo-laptop,hwpc-sensor-container
power_consumption,1704492925990000000,0.011408806343597097,paolo-laptop,hwpc-sensor-container
power_consumption,1704492926992000000,0.01137997457399446,paolo-laptop,hwpc-sensor-container
power_consumption,1704492927994000000,0.013808590309971603,paolo-laptop,hwpc-sensor-container
power_consumption,1704492928998000000,0.011131308027241127,paolo-laptop,hwpc-sensor-container
power_consumption,1704492930004000000,0.013536091012151613,paolo-laptop,hwpc-sensor-container
power_consumption,1704492931006000000,0.012973370296632827,paolo-laptop,hwpc-sensor-container
power_consumption,1704492932008000000,0.01229733476591106,paolo-laptop,hwpc-sensor-container
power_consumption,1704492933010000000,0.014180562429902184,paolo-laptop,hwpc-sensor-container
power_consumption,1704492934012000000,0.012900291414536975,paolo-laptop,hwpc-sensor-container
power_consumption,1704492935014000000,0.014373630011402863,paolo-laptop,hwpc-sensor-container
power_consumption,1704492936016000000,0.012412824169340525,paolo-laptop,hwpc-sensor-container
power_consumption,1704492937018000000,0.012642526934650605,paolo-laptop,hwpc-sensor-container
power_consumption,1704492938019000000,0.011429024547630017,paolo-laptop,hwpc-sensor-container
power_consumption,1704492939021000000,0.013466309993468196,paolo-laptop,hwpc-sensor-container
power_consumption,1704492940022000000,0.012833987553243043,paolo-laptop,hwpc-sensor-container
power_consumption,1704492941024000000,0.014141655298540567,paolo-laptop,hwpc-sensor-container
power_consumption,1704492942026000000,0.013336347439353172,paolo-laptop,hwpc-sensor-container
power_consumption,1704492943028000000,0.011723310545598345,paolo-laptop,hwpc-sensor-container
power_consumption,1704492944030000000,0.012323194863116234,paolo-laptop,hwpc-sensor-container
power_consumption,1704492945032000000,0.014542333972312868,paolo-laptop,hwpc-sensor-container
power_consumption,1704492946033000000,0.013294997605446411,paolo-laptop,hwpc-sensor-container
power_consumption,1704492947035000000,0.013833081860878404,paolo-laptop,hwpc-sensor-container
power_consumption,1704492948037000000,0.017724019908575077,paolo-laptop,hwpc-sensor-container
power_consumption,1704492949042000000,0.010520299689697692,paolo-laptop,hwpc-sensor-container
power_consumption,1704492950043000000,0.01239747051060271,paolo-laptop,hwpc-sensor-container
power_consumption,1704492951045000000,0.01490126751388876,paolo-laptop,hwpc-sensor-container
power_consumption,1704492952047000000,0.012997406263474107,paolo-laptop,hwpc-sensor-container
power_consumption,1704492953050000000,0.014533087202423859,paolo-laptop,hwpc-sensor-container
power_consumption,1704492954052000000,0.013286532965489262,paolo-laptop,hwpc-sensor-container
power_consumption,1704492955053000000,0.012551204330696862,paolo-laptop,hwpc-sensor-container
power_consumption,1704492956055000000,0.014941882661047682,paolo-laptop,hwpc-sensor-container
power_consumption,1704492957056000000,0.015348972603996723,paolo-laptop,hwpc-sensor-container
power_consumption,1704492958058000000,0.014448572610291128,paolo-laptop,hwpc-sensor-container
power_consumption,1704492959061000000,0.017022439820760633,paolo-laptop,hwpc-sensor-container
power_consumption,1704492960067000000,0.01166470036509127,paolo-laptop,hwpc-sensor-container
power_consumption,1704492961069000000,0.012852022816779066,paolo-laptop,hwpc-sensor-container
power_consumption,1704492962070000000,0.011285758717504923,paolo-laptop,hwpc-sensor-container
power_consumption,1704492963072000000,0.011949513789930144,paolo-laptop,hwpc-sensor-container
power_consumption,1704492964076000000,0.015573979976121451,paolo-laptop,hwpc-sensor-container
power_consumption,1704492965077000000,0.0125136293298331,paolo-laptop,hwpc-sensor-container
power_consumption,1704492966079000000,0.01707637333698407,paolo-laptop,hwpc-sensor-container
power_consumption,1704492967081000000,0.013068410157700248,paolo-laptop,hwpc-sensor-container
power_consumption,1704492968084000000,0.012267307851948041,paolo-laptop,hwpc-sensor-container
power_consumption,1704492969086000000,0.009558699405693455,paolo-laptop,hwpc-sensor-container
power_consumption,1704492970088000000,0.012545624217710123,paolo-laptop,hwpc-sensor-container
power_consumption,1704492971090000000,0.012506174441834425,paolo-laptop,hwpc-sensor-container
power_consumption,1704492972091000000,0.009699993729253013,paolo-laptop,hwpc-sensor-container
power_consumption,1704492973093000000,0.012172235832234682,paolo-laptop,hwpc-sensor-container
power_consumption,1704492974098000000,0.012067167357913178,paolo-laptop,hwpc-sensor-container
power_consumption,1704492975103000000,0.012466504669722652,paolo-laptop,hwpc-sensor-container
power_consumption,1704492976107000000,0.01292275956166333,paolo-laptop,hwpc-sensor-container
power_consumption,1704492977111000000,0.013615286051712435,paolo-laptop,hwpc-sensor-container
power_consumption,1704492978112000000,0.018496649294050524,paolo-laptop,hwpc-sensor-container
power_consumption,1704492979114000000,0.021612583393222837,paolo-laptop,hwpc-sensor-container
power_consumption,1704492980116000000,0.013083436183728009,paolo-laptop,hwpc-sensor-container
power_consumption,1704492981117000000,0.021886752916902702,paolo-laptop,hwpc-sensor-container
power_consumption,1704492982119000000,0.009163179786221403,paolo-laptop,hwpc-sensor-container
power_consumption,1704492983121000000,0.01283890535315777,paolo-laptop,hwpc-sensor-container
power_consumption,1704492985124000000,0.011795087926702764,paolo-laptop,hwpc-sensor-container
power_consumption,1704492986125000000,0.01336209206515127,paolo-laptop,hwpc-sensor-container
power_consumption,1704492987127000000,0.012147420416480675,paolo-laptop,hwpc-sensor-container
power_consumption,1704492988129000000,0.014822315220343241,paolo-laptop,hwpc-sensor-container
power_consumption,1704492989132000000,0.0122831926519019,paolo-laptop,hwpc-sensor-container
power_consumption,1704492990134000000,0.015757474481201954,paolo-laptop,hwpc-sensor-container
power_consumption,1704492991135000000,0.011976356337102529,paolo-laptop,hwpc-sensor-container
power_consumption,1704492992137000000,0.012425441879870632,paolo-laptop,hwpc-sensor-container
power_consumption,1704492993141000000,0.011468563093460138,paolo-laptop,hwpc-sensor-container
power_consumption,1704492994142000000,0.013563020398272247,paolo-laptop,hwpc-sensor-container
power_consumption,1704492995144000000,0.012519422170932175,paolo-laptop,hwpc-sensor-container
power_consumption,1704492996146000000,0.011061593962981557,paolo-laptop,hwpc-sensor-container
power_consumption,1704492997151000000,0.026316865835168485,paolo-laptop,hwpc-sensor-container
power_consumption,1704492998156000000,0.018353545148982138,paolo-laptop,hwpc-sensor-container
power_consumption,1704492999158000000,0.011993139335226402,paolo-laptop,hwpc-sensor-container
power_consumption,1704493000163000000,0.016191102112035678,paolo-laptop,hwpc-sensor-container
power_consumption,1704493001169000000,0.03074514147597352,paolo-laptop,hwpc-sensor-container
power_consumption,1704493002179000000,0.016150846916791348,paolo-laptop,hwpc-sensor-container
power_consumption,1704493003185000000,0.01327892600414182,paolo-laptop,hwpc-sensor-container
power_consumption,1704493004192000000,0.022957665160538245,paolo-laptop,hwpc-sensor-container
power_consumption,1704493005201000000,0.0108071513394227,paolo-laptop,hwpc-sensor-container
power_consumption,1704493006205000000,0.021160167875745133,paolo-laptop,hwpc-sensor-container
power_consumption,1704493007207000000,0.01231738684776756,paolo-laptop,hwpc-sensor-container
power_consumption,1704493008210000000,0.011226292736270887,paolo-laptop,hwpc-sensor-container
power_consumption,1704493009213000000,0.013648307358598207,paolo-laptop,hwpc-sensor-container
power_consumption,1704493010218000000,0.012595743373312873,paolo-laptop,hwpc-sensor-container
power_consumption,1704493011220000000,0.01270134013137841,paolo-laptop,hwpc-sensor-container
power_consumption,1704493012221000000,0.020874693301967076,paolo-laptop,hwpc-sensor-container
power_consumption,1704493013225000000,0.013855173053637941,paolo-laptop,hwpc-sensor-container
power_consumption,1704493014229000000,0.011868061736888834,paolo-laptop,hwpc-sensor-container
power_consumption,1704493015231000000,0.011348829155669822,paolo-laptop,hwpc-sensor-container
power_consumption,1704493016235000000,0.012033528656575851,paolo-laptop,hwpc-sensor-container
power_consumption,1704493017240000000,0.013758596361760682,paolo-laptop,hwpc-sensor-container
power_consumption,1704493018246000000,0.011776651401574321,paolo-laptop,hwpc-sensor-container
power_consumption,1704493019248000000,0.01296357412327879,paolo-laptop,hwpc-sensor-container
power_consumption,1704493020249000000,0.012156612252084129,paolo-laptop,hwpc-sensor-container
power_consumption,1704493021251000000,0.012668797847386,paolo-laptop,hwpc-sensor-container
power_consumption,1704493022256000000,0.01792417894951263,paolo-laptop,hwpc-sensor-container
power_consumption,1704493023259000000,0.012520972148035395,paolo-laptop,hwpc-sensor-container
power_consumption,1704493024263000000,0.012400961448861443,paolo-laptop,hwpc-sensor-container
power_consumption,1704493025267000000,0.013239643216896576,paolo-laptop,hwpc-sensor-container
power_consumption,1704493026271000000,0.01642517943503113,paolo-laptop,hwpc-sensor-container
power_consumption,1704493027273000000,0.0125537545888575,paolo-laptop,hwpc-sensor-container
power_consumption,1704493028277000000,0.01121032257970637,paolo-laptop,hwpc-sensor-container
power_consumption,1704493029279000000,0.013390500387401142,paolo-laptop,hwpc-sensor-container
power_consumption,1704493030283000000,0.012028455560481202,paolo-laptop,hwpc-sensor-container
power_consumption,1704493031287000000,0.01472085611303127,paolo-laptop,hwpc-sensor-container
power_consumption,1704493032289000000,0.017864927518453765,paolo-laptop,hwpc-sensor-container
power_consumption,1704493033291000000,0.01177357594843043,paolo-laptop,hwpc-sensor-container
power_consumption,1704493034296000000,0.02648436906535258,paolo-laptop,hwpc-sensor-container
power_consumption,1704493035302000000,0.012923925049746394,paolo-laptop,hwpc-sensor-container
power_consumption,1704493036304000000,0.0137747881060932,paolo-laptop,hwpc-sensor-container
power_consumption,1704493037308000000,0.010309933727400356,paolo-laptop,hwpc-sensor-container
power_consumption,1704493038310000000,0.011609495447112492,paolo-laptop,hwpc-sensor-container
power_consumption,1704493039311000000,0.01340861341769268,paolo-laptop,hwpc-sensor-container
power_consumption,1704493041314000000,0.011946675567420134,paolo-laptop,hwpc-sensor-container
power_consumption,1704493042316000000,0.019726167547993657,paolo-laptop,hwpc-sensor-container
power_consumption,1704493043319000000,0.0155959225448851,paolo-laptop,hwpc-sensor-container
power_consumption,1704493044321000000,0.014181346995098269,paolo-laptop,hwpc-sensor-container
power_consumption,1704493045322000000,0.011868308336617762,paolo-laptop,hwpc-sensor-container
power_consumption,1704493046323000000,0.011813935692582565,paolo-laptop,hwpc-sensor-container
power_consumption,1704493047325000000,0.012823965132928673,paolo-laptop,hwpc-sensor-container
power_consumption,1704493048327000000,0.01132430433894872,paolo-laptop,hwpc-sensor-container
power_consumption,1704493049330000000,0.016582641276984986,paolo-laptop,hwpc-sensor-container
power_consumption,1704493050334000000,0.011769493476276214,paolo-laptop,hwpc-sensor-container
power_consumption,1704493051338000000,0.012977751495011495,paolo-laptop,hwpc-sensor-container
power_consumption,1704493052342000000,0.01178738102076968,paolo-laptop,hwpc-sensor-container
power_consumption,1704493053347000000,0.012108086152798887,paolo-laptop,hwpc-sensor-container
power_consumption,1704493054351000000,0.014411272620067295,paolo-laptop,hwpc-sensor-container
power_consumption,1704493055353000000,0.011220691994869109,paolo-laptop,hwpc-sensor-container
power_consumption,1704493056354000000,0.014873310559956122,paolo-laptop,hwpc-sensor-container
power_consumption,1704493057356000000,0.014796156836282411,paolo-laptop,hwpc-sensor-container
power_consumption,1704493058358000000,0.01684839287908579,paolo-laptop,hwpc-sensor-container
power_consumption,1704493059360000000,0.009382228664239762,paolo-laptop,hwpc-sensor-container
power_consumption,1704493060362000000,0.014363810176612589,paolo-laptop,hwpc-sensor-container
power_consumption,1704493061366000000,0.012591449190210543,paolo-laptop,hwpc-sensor-container
power_consumption,1704493062368000000,0.011497448110532823,paolo-laptop,hwpc-sensor-container
power_consumption,1704493063371000000,0.008752634724165768,paolo-laptop,hwpc-sensor-container
power_consumption,1704493064375000000,0.02186028208390667,paolo-laptop,hwpc-sensor-container
power_consumption,1704493065377000000,0.013155953423616668,paolo-laptop,hwpc-sensor-container
power_consumption,1704493066381000000,0.009936608520147286,paolo-laptop,hwpc-sensor-container
power_consumption,1704493067385000000,0.014823810595396869,paolo-laptop,hwpc-sensor-container
power_consumption,1704493068387000000,0.012562020692899672,paolo-laptop,hwpc-sensor-container
power_consumption,1704493069389000000,0.011049030027907837,paolo-laptop,hwpc-sensor-container
power_consumption,1704493070392000000,0.011270883359901082,paolo-laptop,hwpc-sensor-container
power_consumption,1704493071397000000,0.026112146634546304,paolo-laptop,hwpc-sensor-container
power_consumption,1704493073405000000,0.022250919619382078,paolo-laptop,hwpc-sensor-container
power_consumption,1704493074411000000,0.02228895537941521,paolo-laptop,hwpc-sensor-container
power_consumption,1704493075414000000,0.013000295302127948,paolo-laptop,hwpc-sensor-container
power_consumption,1704493076416000000,0.011714836552268149,paolo-laptop,hwpc-sensor-container
power_consumption,1704493077420000000,0.013033363634843236,paolo-laptop,hwpc-sensor-container
power_consumption,1704493078422000000,0.011843017567360378,paolo-laptop,hwpc-sensor-container
power_consumption,1704493080429000000,0.024094987198842704,paolo-laptop,hwpc-sensor-container
power_consumption,1704493081433000000,0.015884041787890147,paolo-laptop,hwpc-sensor-container
power_consumption,1704493082437000000,0.026582156999296277,paolo-laptop,hwpc-sensor-container
power_consumption,1704493084444000000,0.018293231951408143,paolo-laptop,hwpc-sensor-container
power_consumption,1704493085448000000,0.014745115473861238,paolo-laptop,hwpc-sensor-container
power_consumption,1704493087456000000,0.014923381848674967,paolo-laptop,hwpc-sensor-container
power_consumption,1704493088458000000,0.013150941026282632,paolo-laptop,hwpc-sensor-container
power_consumption,1704493089461000000,0.012225924773455908,paolo-laptop,hwpc-sensor-container
power_consumption,1704493090465000000,0.011197516178223474,paolo-laptop,hwpc-sensor-container
power_consumption,1704493091467000000,0.013185119301984878,paolo-laptop,hwpc-sensor-container
power_consumption,1704493092471000000,0.012091830673145796,paolo-laptop,hwpc-sensor-container
power_consumption,1704493093473000000,0.01323088460284984,paolo-laptop,hwpc-sensor-container
power_consumption,1704493094474000000,0.011971606887698565,paolo-laptop,hwpc-sensor-container
power_consumption,1704493095476000000,0.01634363690725088,paolo-laptop,hwpc-sensor-container
power_consumption,1704493096478000000,0.016193076920785532,paolo-laptop,hwpc-sensor-container
power_consumption,1704493097481000000,0.012285962215629699,paolo-laptop,hwpc-sensor-container
power_consumption,1704493098482000000,0.013497063967833622,paolo-laptop,hwpc-sensor-container
power_consumption,1704493099484000000,0.014583589443166345,paolo-laptop,hwpc-sensor-container
power_consumption,1704493100485000000,0.01194783344674755,paolo-laptop,hwpc-sensor-container
power_consumption,1704493101487000000,0.011894829305474908,paolo-laptop,hwpc-sensor-container
power_consumption,1704493102488000000,0.012267612045980569,paolo-laptop,hwpc-sensor-container
power_consumption,1704493103491000000,0.01324795877142055,paolo-laptop,hwpc-sensor-container
power_consumption,1704493104492000000,0.011219705378685356,paolo-laptop,hwpc-sensor-container
power_consumption,1704493105494000000,0.013054836084200145,paolo-laptop,hwpc-sensor-container
power_consumption,1704493106496000000,0.012454261333978374,paolo-laptop,hwpc-sensor-container
power_consumption,1704493107500000000,0.013561077556780831,paolo-laptop,hwpc-sensor-container
power_consumption,1704493108502000000,0.013757034175223205,paolo-laptop,hwpc-sensor-container
power_consumption,1704493109504000000,0.013230611528392944,paolo-laptop,hwpc-sensor-container
power_consumption,1704493110506000000,0.017328848231116717,paolo-laptop,hwpc-sensor-container
power_consumption,1704493111507000000,0.01103740475951259,paolo-laptop,hwpc-sensor-container
power_consumption,1704493112508000000,0.011497811813999888,paolo-laptop,hwpc-sensor-container
power_consumption,1704493113512000000,0.01431768389913519,paolo-laptop,hwpc-sensor-container
power_consumption,1704493114514000000,0.012041347070981237,paolo-laptop,hwpc-sensor-container
power_consumption,1704493115519000000,0.03110249564568275,paolo-laptop,hwpc-sensor-container
power_consumption,1704493116526000000,0.016639066129009256,paolo-laptop,hwpc-sensor-container
power_consumption,1704493117530000000,0.013795156259209533,paolo-laptop,hwpc-sensor-container
power_consumption,1704493118534000000,0.014703548567237773,paolo-laptop,hwpc-sensor-container
power_consumption,1704493119539000000,0.011523232276888801,paolo-laptop,hwpc-sensor-container
power_consumption,1704493120541000000,0.014330229590860992,paolo-laptop,hwpc-sensor-container
power_consumption,1704493121542000000,0.01741061215678746,paolo-laptop,hwpc-sensor-container
power_consumption,1704493122544000000,0.012648242965351641,paolo-laptop,hwpc-sensor-container
power_consumption,1704493123545000000,0.01338298454514105,paolo-laptop,hwpc-sensor-container
power_consumption,1704493124550000000,0.012914258088594529,paolo-laptop,hwpc-sensor-container
power_consumption,1704493125553000000,0.01802726934889021,paolo-laptop,hwpc-sensor-container
power_consumption,1704493126555000000,0.014341267630189496,paolo-laptop,hwpc-sensor-container
power_consumption,1704493127559000000,0.01029528704785718,paolo-laptop,hwpc-sensor-container
power_consumption,1704493128560000000,0.02428711777304764,paolo-laptop,hwpc-sensor-container
power_consumption,1704493129562000000,0.013746974347332078,paolo-laptop,hwpc-sensor-container
power_consumption,1704493130566000000,0.013600674471963569,paolo-laptop,hwpc-sensor-container
power_consumption,1704493131570000000,0.011427480625449515,paolo-laptop,hwpc-sensor-container
power_consumption,1704493132574000000,0.0165818781823592,paolo-laptop,hwpc-sensor-container
power_consumption,1704493133578000000,0.02500543338855032,paolo-laptop,hwpc-sensor-container
power_consumption,1704493134582000000,0.018074695967095652,paolo-laptop,hwpc-sensor-container
power_consumption,1704493135584000000,0.013837344070181723,paolo-laptop,hwpc-sensor-container
power_consumption,1704493136586000000,0.014077826502396446,paolo-laptop,hwpc-sensor-container
power_consumption,1704493137590000000,0.010783189665405618,paolo-laptop,hwpc-sensor-container
power_consumption,1704493138595000000,0.01441380735987751,paolo-laptop,hwpc-sensor-container
power_consumption,1704493139598000000,0.01670011330535668,paolo-laptop,hwpc-sensor-container
power_consumption,1704493140602000000,0.015935441463610592,paolo-laptop,hwpc-sensor-container
power_consumption,1704493141609000000,0.014058822783696644,paolo-laptop,hwpc-sensor-container
power_consumption,1704493142612000000,0.012380096014183075,paolo-laptop,hwpc-sensor-container
power_consumption,1704493143614000000,0.019208829811867344,paolo-laptop,hwpc-sensor-container
power_consumption,1704493144618000000,0.01196192881713081,paolo-laptop,hwpc-sensor-container
power_consumption,1704493145622000000,0.01378979022686071,paolo-laptop,hwpc-sensor-container
power_consumption,1704493146624000000,0.013421868110693683,paolo-laptop,hwpc-sensor-container
power_consumption,1704493147626000000,0.010527091128044654,paolo-laptop,hwpc-sensor-container
power_consumption,1704493148627000000,0.014807622476061112,paolo-laptop,hwpc-sensor-container
power_consumption,1704493149629000000,0.01522519899522249,paolo-laptop,hwpc-sensor-container
power_consumption,1704493150631000000,0.02168830701132235,paolo-laptop,hwpc-sensor-container
power_consumption,1704493151633000000,0.01404541373673707,paolo-laptop,hwpc-sensor-container
power_consumption,1704493152635000000,0.013187100802838221,paolo-laptop,hwpc-sensor-container
power_consumption,1704493153637000000,0.014998782832969359,paolo-laptop,hwpc-sensor-container
power_consumption,1704493154639000000,0.013736814147784836,paolo-laptop,hwpc-sensor-container
power_consumption,1704493155640000000,0.010752358191993078,paolo-laptop,hwpc-sensor-container
power_consumption,1704493156642000000,0.012896761017649533,paolo-laptop,hwpc-sensor-container
power_consumption,1704493157646000000,0.013008586626472467,paolo-laptop,hwpc-sensor-container
power_consumption,1704493158651000000,0.015412348780271113,paolo-laptop,hwpc-sensor-container
power_consumption,1704493159656000000,0.01436372269712623,paolo-laptop,hwpc-sensor-container
power_consumption,1704493160660000000,0.012728764672885922,paolo-laptop,hwpc-sensor-container
power_consumption,1704493161665000000,0.014374250767230205,paolo-laptop,hwpc-sensor-container
power_consumption,1704493162670000000,0.017982953515373164,paolo-laptop,hwpc-sensor-container
power_consumption,1704493163672000000,0.016276966975403494,paolo-laptop,hwpc-sensor-container
power_consumption,1704493164674000000,0.015597426796481559,paolo-laptop,hwpc-sensor-container
power_consumption,1704493165680000000,0.028480488596470382,paolo-laptop,hwpc-sensor-container
power_consumption,1704493166683000000,0.014411285829140004,paolo-laptop,hwpc-sensor-container
power_consumption,1704493167687000000,0.019609917684997643,paolo-laptop,hwpc-sensor-container
power_consumption,1704493168689000000,0.012082753302593684,paolo-laptop,hwpc-sensor-container
power_consumption,1704493169692000000,0.012651406882576287,paolo-laptop,hwpc-sensor-container
power_consumption,1704493170694000000,0.012332652339645781,paolo-laptop,hwpc-sensor-container
power_consumption,1704493171698000000,0.013979172218963453,paolo-laptop,hwpc-sensor-container
power_consumption,1704493172700000000,0.013061741806523955,paolo-laptop,hwpc-sensor-container
power_consumption,1704493173702000000,0.012277965746335188,paolo-laptop,hwpc-sensor-container
power_consumption,1704493174704000000,0.014572162345155421,paolo-laptop,hwpc-sensor-container
power_consumption,1704493175707000000,0.01167154323161232,paolo-laptop,hwpc-sensor-container
power_consumption,1704493176710000000,0.01267293530944506,paolo-laptop,hwpc-sensor-container
power_consumption,1704493177712000000,0.012997990532271388,paolo-laptop,hwpc-sensor-container
power_consumption,1704493178714000000,0.012393762300485285,paolo-laptop,hwpc-sensor-container
power_consumption,1704493179718000000,0.010450975843522045,paolo-laptop,hwpc-sensor-container
power_consumption,1704493180722000000,0.016257400269709604,paolo-laptop,hwpc-sensor-container
power_consumption,1704493181725000000,0.013029749666212453,paolo-laptop,hwpc-sensor-container
power_consumption,1704493182727000000,0.013946424056871125,paolo-laptop,hwpc-sensor-container
power_consumption,1704493183728000000,0.01158184810194282,paolo-laptop,hwpc-sensor-container
power_consumption,1704493184732000000,0.011211700245612017,paolo-laptop,hwpc-sensor-container
power_consumption,1704493185734000000,0.024858682167059026,paolo-laptop,hwpc-sensor-container
power_consumption,1704493186736000000,0.012754740487748594,paolo-laptop,hwpc-sensor-container
power_consumption,1704493187739000000,0.012166985058520699,paolo-laptop,hwpc-sensor-container
power_consumption,1704493188740000000,0.011815141858482724,paolo-laptop,hwpc-sensor-container
power_consumption,1704493189741000000,0.011893884324226413,paolo-laptop,hwpc-sensor-container
power_consumption,1704493190745000000,0.012487318597129052,paolo-laptop,hwpc-sensor-container
power_consumption,1704493191750000000,0.015216150278092928,paolo-laptop,hwpc-sensor-container
power_consumption,1704493192756000000,0.012936191489629134,paolo-laptop,hwpc-sensor-container
power_consumption,1704493193759000000,0.011669689282633136,paolo-laptop,hwpc-sensor-container
power_consumption,1704493194763000000,0.011791935611437663,paolo-laptop,hwpc-sensor-container
power_consumption,1704493195769000000,0.013059102300152598,paolo-laptop,hwpc-sensor-container
power_consumption,1704493196772000000,0.009406084851342996,paolo-laptop,hwpc-sensor-container
power_consumption,1704493197774000000,0.01976113546839732,paolo-laptop,hwpc-sensor-container
power_consumption,1704493198778000000,0.012015267615654237,paolo-laptop,hwpc-sensor-container
power_consumption,1704493199779000000,0.012675052357372193,paolo-laptop,hwpc-sensor-container
power_consumption,1704493200785000000,0.013510505117731123,paolo-laptop,hwpc-sensor-container
power_consumption,1704493201790000000,0.01433379479342431,paolo-laptop,hwpc-sensor-container
power_consumption,1704493202792000000,0.01617324340740151,paolo-laptop,hwpc-sensor-container
power_consumption,1704493203794000000,0.012374791029851794,paolo-laptop,hwpc-sensor-container
power_consumption,1704493204797000000,0.012883143181764272,paolo-laptop,hwpc-sensor-container
power_consumption,1704493205798000000,0.01102740536198689,paolo-laptop,hwpc-sensor-container
power_consumption,1704493206800000000,0.015524305589711063,paolo-laptop,hwpc-sensor-container
power_consumption,1704493207802000000,0.013406783314617098,paolo-laptop,hwpc-sensor-container
power_consumption,1704493208804000000,0.012210682800664983,paolo-laptop,hwpc-sensor-container
power_consumption,1704493209808000000,0.011477430247402574,paolo-laptop,hwpc-sensor-container
power_consumption,1704493210809000000,0.022051904395845295,paolo-laptop,hwpc-sensor-container
power_consumption,1704493211811000000,0.012675018704871177,paolo-laptop,hwpc-sensor-container
power_consumption,1704493212812000000,0.014237420228852327,paolo-laptop,hwpc-sensor-container
power_consumption,1704493213814000000,0.01416854534426882,paolo-laptop,hwpc-sensor-container
power_consumption,1704493214815000000,0.011618490806004819,paolo-laptop,hwpc-sensor-container
power_consumption,1704493215817000000,0.012935090488364049,paolo-laptop,hwpc-sensor-container
power_consumption,1704493216819000000,0.013112257392101007,paolo-laptop,hwpc-sensor-container
power_consumption,1704493217825000000,0.012585871580476074,paolo-laptop,hwpc-sensor-container
power_consumption,1704493218829000000,0.011884749726127406,paolo-laptop,hwpc-sensor-container
power_consumption,1704493219831000000,0.014862154385401349,paolo-laptop,hwpc-sensor-container
power_consumption,1704493220833000000,0.016411171556809826,paolo-laptop,hwpc-sensor-container
power_consumption,1704493221837000000,0.02057571648280975,paolo-laptop,hwpc-sensor-container
power_consumption,1704493222839000000,0.015524596508666994,paolo-laptop,hwpc-sensor-container
power_consumption,1704493223840000000,0.012161129354290248,paolo-laptop,hwpc-sensor-container
power_consumption,1704493224842000000,0.015522263574942415,paolo-laptop,hwpc-sensor-container
power_consumption,1704493225844000000,0.012931877954376598,paolo-laptop,hwpc-sensor-container
power_consumption,1704493226846000000,0.01209184775431797,paolo-laptop,hwpc-sensor-container
power_consumption,1704493227847000000,0.012720024727560298,paolo-laptop,hwpc-sensor-container
power_consumption,1704493228849000000,0.011533674967038875,paolo-laptop,hwpc-sensor-container
power_consumption,1704493229854000000,0.024956757119736148,paolo-laptop,hwpc-sensor-container
power_consumption,1704493230856000000,0.0124983716782314,paolo-laptop,hwpc-sensor-container
power_consumption,1704493231857000000,0.01608980219932965,paolo-laptop,hwpc-sensor-container
power_consumption,1704493232858000000,0.011688101994564291,paolo-laptop,hwpc-sensor-container
power_consumption,1704493233863000000,0.017824130278774546,paolo-laptop,hwpc-sensor-container
power_consumption,1704493234869000000,0.011593840887863222,paolo-laptop,hwpc-sensor-container
