name,time,power,sensor,target
power_consumption,1705313790839000000,13.232105793071579,paolo-laptop,crate-mio-container-master
power_consumption,1705313791841000000,13.185297148999476,paolo-laptop,crate-mio-container-master
power_consumption,1705313792843000000,12.794804700151916,paolo-laptop,crate-mio-container-master
power_consumption,1705313793845000000,13.165552610208014,paolo-laptop,crate-mio-container-master
power_consumption,1705313796854000000,8.89034253402789,paolo-laptop,crate-mio-container-master
power_consumption,1705313800864000000,16.03248174348517,paolo-laptop,crate-mio-container-master
power_consumption,1705313801867000000,14.054973948889923,paolo-laptop,crate-mio-container-master
power_consumption,1705313802869000000,14.091252685407822,paolo-laptop,crate-mio-container-master
power_consumption,1705313803871000000,14.602123339347365,paolo-laptop,crate-mio-container-master
power_consumption,1705313804873000000,14.339926871649155,paolo-laptop,crate-mio-container-master
power_consumption,1705313805876000000,14.629066739580429,paolo-laptop,crate-mio-container-master
power_consumption,1705313806878000000,14.31188111849619,paolo-laptop,crate-mio-container-master
power_consumption,1705313807882000000,14.851821888382071,paolo-laptop,crate-mio-container-master
power_consumption,1705313808884000000,13.197034109156316,paolo-laptop,crate-mio-container-master
power_consumption,1705313809886000000,13.479357206214962,paolo-laptop,crate-mio-container-master
power_consumption,1705313810888000000,12.436116039121929,paolo-laptop,crate-mio-container-master
power_consumption,1705313811890000000,12.7401498845217,paolo-laptop,crate-mio-container-master
power_consumption,1705313812892000000,13.095699951500372,paolo-laptop,crate-mio-container-master
power_consumption,1705313813894000000,13.22482692900638,paolo-laptop,crate-mio-container-master
power_consumption,1705313814897000000,12.687034053379087,paolo-laptop,crate-mio-container-master
power_consumption,1705313815899000000,13.641758596334824,paolo-laptop,crate-mio-container-master
power_consumption,1705313816900000000,13.028277180637993,paolo-laptop,crate-mio-container-master
power_consumption,1705313817902000000,12.237943817036067,paolo-laptop,crate-mio-container-master
power_consumption,1705313819906000000,12.783870848800369,paolo-laptop,crate-mio-container-master
power_consumption,1705313820908000000,13.174597250603993,paolo-laptop,crate-mio-container-master
power_consumption,1705313821909000000,11.370307471023438,paolo-laptop,crate-mio-container-master
power_consumption,1705313823912000000,12.579188070938008,paolo-laptop,crate-mio-container-master
power_consumption,1705313831933000000,13.866669236832145,paolo-laptop,crate-mio-container-master
power_consumption,1705313832936000000,13.993276693937991,paolo-laptop,crate-mio-container-master
power_consumption,1705313833938000000,13.894941429894665,paolo-laptop,crate-mio-container-master
power_consumption,1705313834940000000,13.578740355545559,paolo-laptop,crate-mio-container-master
power_consumption,1705313835942000000,13.724451157082958,paolo-laptop,crate-mio-container-master
power_consumption,1705313836944000000,14.229848738489213,paolo-laptop,crate-mio-container-master
power_consumption,1705313837946000000,13.419116374559108,paolo-laptop,crate-mio-container-master
power_consumption,1705313838948000000,12.831012837277992,paolo-laptop,crate-mio-container-master
power_consumption,1705313839950000000,13.355235250815763,paolo-laptop,crate-mio-container-master
power_consumption,1705313840953000000,13.493601835723432,paolo-laptop,crate-mio-container-master
power_consumption,1705313841955000000,13.22185976129483,paolo-laptop,crate-mio-container-master
power_consumption,1705313842957000000,14.491471294632632,paolo-laptop,crate-mio-container-master
power_consumption,1705313843959000000,13.454116330768388,paolo-laptop,crate-mio-container-master
power_consumption,1705313844962000000,13.922291881080476,paolo-laptop,crate-mio-container-master
power_consumption,1705313845964000000,13.414102552619468,paolo-laptop,crate-mio-container-master
power_consumption,1705313846966000000,13.749850187035054,paolo-laptop,crate-mio-container-master
power_consumption,1705313847968000000,13.393165706876177,paolo-laptop,crate-mio-container-master
power_consumption,1705313848971000000,14.227122730671194,paolo-laptop,crate-mio-container-master
power_consumption,1705313849973000000,13.26467121057529,paolo-laptop,crate-mio-container-master
power_consumption,1705313850976000000,13.922723726883603,paolo-laptop,crate-mio-container-master
power_consumption,1705313851978000000,13.294364345348075,paolo-laptop,crate-mio-container-master
power_consumption,1705313852981000000,13.801908809747278,paolo-laptop,crate-mio-container-master
power_consumption,1705313853983000000,13.467263555936071,paolo-laptop,crate-mio-container-master
power_consumption,1705313854985000000,14.438549861714401,paolo-laptop,crate-mio-container-master
power_consumption,1705313855987000000,13.73122273708935,paolo-laptop,crate-mio-container-master
power_consumption,1705313857991000000,13.17671451049182,paolo-laptop,crate-mio-container-master
power_consumption,1705313858994000000,14.222642529453,paolo-laptop,crate-mio-container-master
power_consumption,1705313859996000000,13.956247905163277,paolo-laptop,crate-mio-container-master
power_consumption,1705313860999000000,14.340632263194683,paolo-laptop,crate-mio-container-master
power_consumption,1705313862001000000,12.85042917664244,paolo-laptop,crate-mio-container-master
power_consumption,1705313863002000000,14.014452095601783,paolo-laptop,crate-mio-container-master
power_consumption,1705313864004000000,13.084346593670354,paolo-laptop,crate-mio-container-master
power_consumption,1705313865006000000,13.804155197962167,paolo-laptop,crate-mio-container-master
power_consumption,1705313866008000000,13.276885509506116,paolo-laptop,crate-mio-container-master
power_consumption,1705313869016000000,13.879369423635794,paolo-laptop,crate-mio-container-master
power_consumption,1705313870018000000,13.388611413975081,paolo-laptop,crate-mio-container-master
power_consumption,1705313871020000000,12.027488036355725,paolo-laptop,crate-mio-container-master
power_consumption,1705313879040000000,11.371755485967872,paolo-laptop,crate-mio-container-master
power_consumption,1705313880042000000,9.651809327939464,paolo-laptop,crate-mio-container-master
power_consumption,1705313883050000000,13.177410140923664,paolo-laptop,crate-mio-container-master
power_consumption,1705313884052000000,12.830549141175283,paolo-laptop,crate-mio-container-master
power_consumption,1705313885055000000,12.9627964149645,paolo-laptop,crate-mio-container-master
power_consumption,1705313886057000000,12.78563027021267,paolo-laptop,crate-mio-container-master
power_consumption,1705313887059000000,13.140508450531955,paolo-laptop,crate-mio-container-master
power_consumption,1705313888061000000,12.983744468504021,paolo-laptop,crate-mio-container-master
power_consumption,1705313889063000000,13.040149886936922,paolo-laptop,crate-mio-container-master
power_consumption,1705313890066000000,12.807142217868359,paolo-laptop,crate-mio-container-master
power_consumption,1705313891068000000,12.968788504111052,paolo-laptop,crate-mio-container-master
power_consumption,1705313892080000000,12.88595001879248,paolo-laptop,crate-mio-container-master
power_consumption,1705313893083000000,13.072031849990873,paolo-laptop,crate-mio-container-master
power_consumption,1705313894085000000,13.157875606697417,paolo-laptop,crate-mio-container-master
power_consumption,1705313895087000000,13.045987143361229,paolo-laptop,crate-mio-container-master
power_consumption,1705313896089000000,12.99749137248504,paolo-laptop,crate-mio-container-master
power_consumption,1705313897091000000,13.134902097557996,paolo-laptop,crate-mio-container-master
power_consumption,1705313898093000000,12.980471938582046,paolo-laptop,crate-mio-container-master
power_consumption,1705313899101000000,13.120512956005083,paolo-laptop,crate-mio-container-master
power_consumption,1705313900103000000,12.744649039132327,paolo-laptop,crate-mio-container-master
power_consumption,1705313901105000000,13.051363150498597,paolo-laptop,crate-mio-container-master
power_consumption,1705313902108000000,12.967474871026335,paolo-laptop,crate-mio-container-master
power_consumption,1705313903117000000,13.073302461019631,paolo-laptop,crate-mio-container-master
power_consumption,1705313904121000000,13.023618990782563,paolo-laptop,crate-mio-container-master
power_consumption,1705313905124000000,13.147953407797718,paolo-laptop,crate-mio-container-master
power_consumption,1705313906126000000,12.938639792967612,paolo-laptop,crate-mio-container-master
power_consumption,1705313907129000000,13.18351035404012,paolo-laptop,crate-mio-container-master
power_consumption,1705313908132000000,12.894605825677719,paolo-laptop,crate-mio-container-master
power_consumption,1705313909135000000,12.92493254514045,paolo-laptop,crate-mio-container-master
power_consumption,1705313910138000000,12.84280711929058,paolo-laptop,crate-mio-container-master
power_consumption,1705313911142000000,12.21878061048127,paolo-laptop,crate-mio-container-master
power_consumption,1705313918164000000,12.747478916137235,paolo-laptop,crate-mio-container-master
power_consumption,1705313921174000000,12.4223770801435,paolo-laptop,crate-mio-container-master
power_consumption,1705313922176000000,12.904028057973504,paolo-laptop,crate-mio-container-master
power_consumption,1705313923178000000,12.636295951195994,paolo-laptop,crate-mio-container-master
power_consumption,1705313926187000000,9.492206272195459,paolo-laptop,crate-mio-container-master
power_consumption,1705313927189000000,12.683298649212825,paolo-laptop,crate-mio-container-master
power_consumption,1705313929194000000,5.751236885962743,paolo-laptop,crate-mio-container-master
power_consumption,1705313931198000000,13.066946648905574,paolo-laptop,crate-mio-container-master
power_consumption,1705313932200000000,13.156618610556691,paolo-laptop,crate-mio-container-master
power_consumption,1705313933203000000,12.820717863898214,paolo-laptop,crate-mio-container-master
power_consumption,1705313934205000000,13.113345589871669,paolo-laptop,crate-mio-container-master
power_consumption,1705313935207000000,13.002688078979574,paolo-laptop,crate-mio-container-master
power_consumption,1705313936209000000,13.02831883750845,paolo-laptop,crate-mio-container-master
power_consumption,1705313937211000000,12.908821663763769,paolo-laptop,crate-mio-container-master
power_consumption,1705313938214000000,13.042917552938366,paolo-laptop,crate-mio-container-master
power_consumption,1705313939219000000,10.323774582353202,paolo-laptop,crate-mio-container-master
power_consumption,1705313945237000000,12.84075517873517,paolo-laptop,crate-mio-container-master
power_consumption,1705313946240000000,13.077182081613675,paolo-laptop,crate-mio-container-master
power_consumption,1705313948243000000,13.223422405210806,paolo-laptop,crate-mio-container-master
power_consumption,1705313949246000000,13.013520500111586,paolo-laptop,crate-mio-container-master
power_consumption,1705313952251000000,12.779846352577279,paolo-laptop,crate-mio-container-master
power_consumption,1705313955259000000,12.955697614595755,paolo-laptop,crate-mio-container-master
power_consumption,1705313956261000000,12.846525992307203,paolo-laptop,crate-mio-container-master
power_consumption,1705313957263000000,13.016380352179272,paolo-laptop,crate-mio-container-master
power_consumption,1705313958265000000,12.840661776563048,paolo-laptop,crate-mio-container-master
power_consumption,1705313959269000000,12.711334013953795,paolo-laptop,crate-mio-container-master
power_consumption,1705313960271000000,12.7358122563474,paolo-laptop,crate-mio-container-master
power_consumption,1705313961274000000,12.908720240728107,paolo-laptop,crate-mio-container-master
power_consumption,1705313962277000000,12.78525191243993,paolo-laptop,crate-mio-container-master
power_consumption,1705313963279000000,12.852843293440344,paolo-laptop,crate-mio-container-master
power_consumption,1705313964281000000,12.466349300944762,paolo-laptop,crate-mio-container-master
power_consumption,1705313965283000000,12.58177611626087,paolo-laptop,crate-mio-container-master
power_consumption,1705313966286000000,12.680419993012249,paolo-laptop,crate-mio-container-master
power_consumption,1705313967288000000,12.70529967159198,paolo-laptop,crate-mio-container-master
power_consumption,1705313968290000000,12.931464626881022,paolo-laptop,crate-mio-container-master
power_consumption,1705313969292000000,12.572290180206204,paolo-laptop,crate-mio-container-master
power_consumption,1705313970294000000,12.347897347624833,paolo-laptop,crate-mio-container-master
power_consumption,1705313971296000000,12.662444965180196,paolo-laptop,crate-mio-container-master
power_consumption,1705313972301000000,12.506958457031253,paolo-laptop,crate-mio-container-master
power_consumption,1705313973303000000,12.078250764037808,paolo-laptop,crate-mio-container-master
power_consumption,1705313974311000000,12.50513342250753,paolo-laptop,crate-mio-container-master
power_consumption,1705313975321000000,12.766281938068778,paolo-laptop,crate-mio-container-master
power_consumption,1705313987362000000,12.162067913012423,paolo-laptop,crate-mio-container-master
power_consumption,1705313989366000000,12.181803441983277,paolo-laptop,crate-mio-container-master
power_consumption,1705313990368000000,12.39885581541764,paolo-laptop,crate-mio-container-master
power_consumption,1705313991370000000,12.707838659560972,paolo-laptop,crate-mio-container-master
power_consumption,1705313992372000000,12.644928910322502,paolo-laptop,crate-mio-container-master
power_consumption,1705313993374000000,12.0584762903524,paolo-laptop,crate-mio-container-master
power_consumption,1705313994375000000,12.421559588907257,paolo-laptop,crate-mio-container-master
power_consumption,1705313995377000000,12.450026529161585,paolo-laptop,crate-mio-container-master
power_consumption,1705313996379000000,12.10071470937405,paolo-laptop,crate-mio-container-master
power_consumption,1705313997380000000,11.920966638237797,paolo-laptop,crate-mio-container-master
power_consumption,1705313998382000000,12.075853517791035,paolo-laptop,crate-mio-container-master
power_consumption,1705313999386000000,11.672089347488155,paolo-laptop,crate-mio-container-master
power_consumption,1705314001390000000,12.416383418873696,paolo-laptop,crate-mio-container-master
power_consumption,1705314006405000000,12.059134375938195,paolo-laptop,crate-mio-container-master
power_consumption,1705314007407000000,12.61147687025447,paolo-laptop,crate-mio-container-master
power_consumption,1705314008409000000,12.545790643550488,paolo-laptop,crate-mio-container-master
power_consumption,1705314009411000000,12.673096702215254,paolo-laptop,crate-mio-container-master
power_consumption,1705314010413000000,12.628554818280357,paolo-laptop,crate-mio-container-master
power_consumption,1705314011415000000,12.863637934028233,paolo-laptop,crate-mio-container-master
power_consumption,1705314012418000000,12.464961032519364,paolo-laptop,crate-mio-container-master
power_consumption,1705314013419000000,12.32612745564232,paolo-laptop,crate-mio-container-master
power_consumption,1705314014421000000,12.34304914464523,paolo-laptop,crate-mio-container-master
power_consumption,1705314015423000000,12.402391569748048,paolo-laptop,crate-mio-container-master
power_consumption,1705314016425000000,12.368155269254196,paolo-laptop,crate-mio-container-master
power_consumption,1705314018429000000,12.382921207777324,paolo-laptop,crate-mio-container-master
power_consumption,1705314019431000000,12.329442058703899,paolo-laptop,crate-mio-container-master
power_consumption,1705314020432000000,12.488017204842063,paolo-laptop,crate-mio-container-master
power_consumption,1705314025445000000,12.551499612994526,paolo-laptop,crate-mio-container-master
power_consumption,1705314026447000000,12.681517144729055,paolo-laptop,crate-mio-container-master
power_consumption,1705314030458000000,4.940044072259301,paolo-laptop,crate-mio-container-master
power_consumption,1705314033464000000,9.723069044370892,paolo-laptop,crate-mio-container-master
power_consumption,1705314034465000000,6.028713767563383,paolo-laptop,crate-mio-container-master
power_consumption,1705314035467000000,5.360454694851615,paolo-laptop,crate-mio-container-master
power_consumption,1705314039478000000,5.842689715223776,paolo-laptop,crate-mio-container-master
power_consumption,1705314051538000000,6.564252647905966,paolo-laptop,crate-mio-container-master
power_consumption,1705314053553000000,9.670132061782029,paolo-laptop,crate-mio-container-master
power_consumption,1705314054559000000,5.251751014417663,paolo-laptop,crate-mio-container-master
power_consumption,1705314063591000000,7.807640785101627,paolo-laptop,crate-mio-container-master
power_consumption,1705314064595000000,6.3972675277738835,paolo-laptop,crate-mio-container-master
power_consumption,1705314066601000000,8.611726456845977,paolo-laptop,crate-mio-container-master
power_consumption,1705314067605000000,11.666870640180075,paolo-laptop,crate-mio-container-master
power_consumption,1705314068607000000,6.352372468141149,paolo-laptop,crate-mio-container-master
power_consumption,1705314069610000000,12.498653261365739,paolo-laptop,crate-mio-container-master
power_consumption,1705314070613000000,11.506589624365066,paolo-laptop,crate-mio-container-master
power_consumption,1705314071615000000,11.369352039682283,paolo-laptop,crate-mio-container-master
power_consumption,1705314072618000000,12.022000644307141,paolo-laptop,crate-mio-container-master
power_consumption,1705314073620000000,11.521535497753327,paolo-laptop,crate-mio-container-master
power_consumption,1705314074622000000,11.112787094794921,paolo-laptop,crate-mio-container-master
power_consumption,1705314075623000000,11.430658396437696,paolo-laptop,crate-mio-container-master
power_consumption,1705314076625000000,12.364885409092501,paolo-laptop,crate-mio-container-master
power_consumption,1705314077627000000,11.751541778728342,paolo-laptop,crate-mio-container-master
power_consumption,1705314078629000000,11.61947970151246,paolo-laptop,crate-mio-container-master
power_consumption,1705314079631000000,11.226352880062896,paolo-laptop,crate-mio-container-master
power_consumption,1705314080633000000,11.279018611657555,paolo-laptop,crate-mio-container-master
power_consumption,1705314081635000000,10.433243418561826,paolo-laptop,crate-mio-container-master
power_consumption,1705314082637000000,12.092698588113855,paolo-laptop,crate-mio-container-master
power_consumption,1705314083639000000,11.525653554717557,paolo-laptop,crate-mio-container-master
power_consumption,1705314084641000000,3.7525711419656007,paolo-laptop,crate-mio-container-master
power_consumption,1705314085642000000,11.526252033288646,paolo-laptop,crate-mio-container-master
power_consumption,1705314086646000000,2.103737804834699,paolo-laptop,crate-mio-container-master
power_consumption,1705314088652000000,7.115815073371034,paolo-laptop,crate-mio-container-master
power_consumption,1705314089654000000,12.845408892477892,paolo-laptop,crate-mio-container-master
power_consumption,1705314090657000000,12.69242665554949,paolo-laptop,crate-mio-container-master
power_consumption,1705314093670000000,8.344463807000142,paolo-laptop,crate-mio-container-master
power_consumption,1705314094672000000,11.773721868677555,paolo-laptop,crate-mio-container-master
power_consumption,1705314096679000000,1.6131714866936742,paolo-laptop,crate-mio-container-master
power_consumption,1705314097681000000,12.636889730731689,paolo-laptop,crate-mio-container-master
power_consumption,1705314098683000000,13.493738613967889,paolo-laptop,crate-mio-container-master
power_consumption,1705314099685000000,13.002449609776747,paolo-laptop,crate-mio-container-master
power_consumption,1705314100687000000,13.343328148212056,paolo-laptop,crate-mio-container-master
power_consumption,1705314101690000000,4.208744862484025,paolo-laptop,crate-mio-container-master
power_consumption,1705314102692000000,9.289080298929708,paolo-laptop,crate-mio-container-master
power_consumption,1705314103694000000,11.78717967927766,paolo-laptop,crate-mio-container-master
power_consumption,1705314104696000000,10.016047651942571,paolo-laptop,crate-mio-container-master
power_consumption,1705314105698000000,0.9147611927864692,paolo-laptop,crate-mio-container-master
power_consumption,1705314106700000000,5.328960011348311,paolo-laptop,crate-mio-container-master
power_consumption,1705314107702000000,7.2170954113840216,paolo-laptop,crate-mio-container-master
power_consumption,1705314108703000000,3.3891651148173625,paolo-laptop,crate-mio-container-master
power_consumption,1705314110706000000,6.371702343991882,paolo-laptop,crate-mio-container-master
power_consumption,1705314111708000000,6.684762468865594,paolo-laptop,crate-mio-container-master
power_consumption,1705314112710000000,13.45393162520201,paolo-laptop,crate-mio-container-master
power_consumption,1705314113712000000,12.989511226218667,paolo-laptop,crate-mio-container-master
power_consumption,1705314114715000000,13.358872770587084,paolo-laptop,crate-mio-container-master
power_consumption,1705314116720000000,13.155962817988769,paolo-laptop,crate-mio-container-master
power_consumption,1705314117723000000,7.35406068567486,paolo-laptop,crate-mio-container-master
power_consumption,1705314120732000000,12.91654999359774,paolo-laptop,crate-mio-container-master
power_consumption,1705314121734000000,13.208892738370857,paolo-laptop,crate-mio-container-master
power_consumption,1705314122736000000,4.410103020466403,paolo-laptop,crate-mio-container-master
power_consumption,1705314123737000000,10.98273575109416,paolo-laptop,crate-mio-container-master
power_consumption,1705314124741000000,7.636858964020213,paolo-laptop,crate-mio-container-master
power_consumption,1705314125744000000,4.714670358096054,paolo-laptop,crate-mio-container-master
power_consumption,1705314126746000000,13.214969132494929,paolo-laptop,crate-mio-container-master
power_consumption,1705314127748000000,12.577156257554224,paolo-laptop,crate-mio-container-master
power_consumption,1705314128751000000,12.934194777490063,paolo-laptop,crate-mio-container-master
power_consumption,1705314129754000000,11.9500694696565,paolo-laptop,crate-mio-container-master
power_consumption,1705314130755000000,12.137364394588051,paolo-laptop,crate-mio-container-master
power_consumption,1705314131757000000,9.375203235848986,paolo-laptop,crate-mio-container-master
power_consumption,1705314132761000000,4.523878549086579,paolo-laptop,crate-mio-container-master
power_consumption,1705314135770000000,10.606040795538313,paolo-laptop,crate-mio-container-master
power_consumption,1705314136772000000,5.730125066234676,paolo-laptop,crate-mio-container-master
power_consumption,1705314138775000000,12.581865445444729,paolo-laptop,crate-mio-container-master
power_consumption,1705314139779000000,7.735794588059914,paolo-laptop,crate-mio-container-master
power_consumption,1705314141782000000,12.586200206825717,paolo-laptop,crate-mio-container-master
power_consumption,1705314142784000000,13.286512649069046,paolo-laptop,crate-mio-container-master
power_consumption,1705314143786000000,10.494699887758147,paolo-laptop,crate-mio-container-master
power_consumption,1705314144790000000,9.934994665846357,paolo-laptop,crate-mio-container-master
power_consumption,1705314145792000000,5.233837653804536,paolo-laptop,crate-mio-container-master
power_consumption,1705314146796000000,5.019674179702213,paolo-laptop,crate-mio-container-master
power_consumption,1705314147798000000,6.909978107953669,paolo-laptop,crate-mio-container-master
power_consumption,1705314148800000000,11.644149326140301,paolo-laptop,crate-mio-container-master
power_consumption,1705314149807000000,4.4923651826921445,paolo-laptop,crate-mio-container-master
power_consumption,1705314150811000000,8.569564385356664,paolo-laptop,crate-mio-container-master
power_consumption,1705314152819000000,4.800952244757212,paolo-laptop,crate-mio-container-master
power_consumption,1705314153821000000,9.587824292004012,paolo-laptop,crate-mio-container-master
power_consumption,1705314154823000000,10.810695424243882,paolo-laptop,crate-mio-container-master
power_consumption,1705314155827000000,3.355920703578465,paolo-laptop,crate-mio-container-master
power_consumption,1705314156831000000,1.9359986463771173,paolo-laptop,crate-mio-container-master
power_consumption,1705314157833000000,7.0270105234952585,paolo-laptop,crate-mio-container-master
power_consumption,1705314158835000000,11.935994861146046,paolo-laptop,crate-mio-container-master
power_consumption,1705314159836000000,12.355421876806851,paolo-laptop,crate-mio-container-master
power_consumption,1705314161843000000,2.7388144425611447,paolo-laptop,crate-mio-container-master
power_consumption,1705314162847000000,3.4955535840411707,paolo-laptop,crate-mio-container-master
power_consumption,1705314163849000000,3.7550711623890387,paolo-laptop,crate-mio-container-master
power_consumption,1705314164852000000,8.178056332826186,paolo-laptop,crate-mio-container-master
power_consumption,1705314166856000000,12.11516494848457,paolo-laptop,crate-mio-container-master
power_consumption,1705314167858000000,13.038022250816327,paolo-laptop,crate-mio-container-master
power_consumption,1705314168860000000,13.001685634578182,paolo-laptop,crate-mio-container-master
power_consumption,1705314169865000000,12.745069917670186,paolo-laptop,crate-mio-container-master
power_consumption,1705314170867000000,12.394292528785623,paolo-laptop,crate-mio-container-master
power_consumption,1705314171870000000,12.773655761394348,paolo-laptop,crate-mio-container-master
power_consumption,1705314172872000000,12.924494620641672,paolo-laptop,crate-mio-container-master
power_consumption,1705314173875000000,12.304987814638991,paolo-laptop,crate-mio-container-master
power_consumption,1705314174877000000,12.408820735368607,paolo-laptop,crate-mio-container-master
power_consumption,1705314175879000000,12.422925087130718,paolo-laptop,crate-mio-container-master
power_consumption,1705314176881000000,12.042650669767529,paolo-laptop,crate-mio-container-master
power_consumption,1705314177882000000,12.559096286673,paolo-laptop,crate-mio-container-master
power_consumption,1705314179886000000,6.303222525726404,paolo-laptop,crate-mio-container-master
power_consumption,1705314180887000000,3.3509358563418052,paolo-laptop,crate-mio-container-master
power_consumption,1705314181890000000,12.488130901537119,paolo-laptop,crate-mio-container-master
power_consumption,1705314182897000000,12.515332008267311,paolo-laptop,crate-mio-container-master
power_consumption,1705314183899000000,12.122859032015343,paolo-laptop,crate-mio-container-master
power_consumption,1705314184901000000,12.904849981102993,paolo-laptop,crate-mio-container-master
power_consumption,1705314185903000000,12.985543255858174,paolo-laptop,crate-mio-container-master
power_consumption,1705314186905000000,12.604120762470085,paolo-laptop,crate-mio-container-master
power_consumption,1705314187907000000,12.423078716908845,paolo-laptop,crate-mio-container-master
power_consumption,1705314188909000000,12.290168223598254,paolo-laptop,crate-mio-container-master
power_consumption,1705314189911000000,12.696825750317895,paolo-laptop,crate-mio-container-master
power_consumption,1705314191914000000,11.637666243095195,paolo-laptop,crate-mio-container-master
power_consumption,1705314192916000000,12.172305897740525,paolo-laptop,crate-mio-container-master
power_consumption,1705314193919000000,12.097764063165762,paolo-laptop,crate-mio-container-master
power_consumption,1705314194921000000,13.037743283328043,paolo-laptop,crate-mio-container-master
power_consumption,1705314195925000000,1.4975599179557886,paolo-laptop,crate-mio-container-master
power_consumption,1705314196927000000,7.511740966208739,paolo-laptop,crate-mio-container-master
power_consumption,1705314197928000000,6.327498766794804,paolo-laptop,crate-mio-container-master
power_consumption,1705314198930000000,7.164018847121031,paolo-laptop,crate-mio-container-master
power_consumption,1705314199932000000,12.70078181429631,paolo-laptop,crate-mio-container-master
power_consumption,1705314200934000000,12.537486831924925,paolo-laptop,crate-mio-container-master
power_consumption,1705314201936000000,12.902771549422063,paolo-laptop,crate-mio-container-master
power_consumption,1705314202939000000,11.939112142356784,paolo-laptop,crate-mio-container-master
power_consumption,1705314203941000000,1.2744206942169074,paolo-laptop,crate-mio-container-master
power_consumption,1705314204943000000,1.3225691755982025,paolo-laptop,crate-mio-container-master
power_consumption,1705314205946000000,3.1680260028276095,paolo-laptop,crate-mio-container-master
power_consumption,1705314206950000000,6.806561464509358,paolo-laptop,crate-mio-container-master
power_consumption,1705314207952000000,10.87458428337773,paolo-laptop,crate-mio-container-master
power_consumption,1705314208954000000,13.306170901653772,paolo-laptop,crate-mio-container-master
power_consumption,1705314210958000000,13.140407825736556,paolo-laptop,crate-mio-container-master
power_consumption,1705314211962000000,5.586996255368539,paolo-laptop,crate-mio-container-master
power_consumption,1705314212966000000,5.763743106672298,paolo-laptop,crate-mio-container-master
power_consumption,1705314213967000000,9.116480846736604,paolo-laptop,crate-mio-container-master
power_consumption,1705314214969000000,13.120211094629973,paolo-laptop,crate-mio-container-master
power_consumption,1705314215971000000,13.135214627966057,paolo-laptop,crate-mio-container-master
power_consumption,1705314216975000000,4.040691808109938,paolo-laptop,crate-mio-container-master
power_consumption,1705314217977000000,20.06342591994511,paolo-laptop,crate-mio-container-master
power_consumption,1705314219983000000,3.0814410733655535,paolo-laptop,crate-mio-container-master
power_consumption,1705314220987000000,2.082012605282515,paolo-laptop,crate-mio-container-master
power_consumption,1705314221989000000,9.619318835807917,paolo-laptop,crate-mio-container-master
power_consumption,1705314223999000000,4.493715936590627,paolo-laptop,crate-mio-container-master
power_consumption,1705314225002000000,10.655193871017001,paolo-laptop,crate-mio-container-master
power_consumption,1705314226006000000,7.157905143684343,paolo-laptop,crate-mio-container-master
power_consumption,1705314227009000000,7.051016852269047,paolo-laptop,crate-mio-container-master
power_consumption,1705314228013000000,11.717480903031651,paolo-laptop,crate-mio-container-master
power_consumption,1705314229014000000,4.1949453343866,paolo-laptop,crate-mio-container-master
power_consumption,1705314230016000000,10.549571453177153,paolo-laptop,crate-mio-container-master
power_consumption,1705314231017000000,4.12749262243775,paolo-laptop,crate-mio-container-master
power_consumption,1705314232019000000,11.743673711160294,paolo-laptop,crate-mio-container-master
power_consumption,1705314233021000000,12.046184124995676,paolo-laptop,crate-mio-container-master
power_consumption,1705314235025000000,1.6158846545507928,paolo-laptop,crate-mio-container-master
power_consumption,1705314236026000000,11.338422644102932,paolo-laptop,crate-mio-container-master
power_consumption,1705314237030000000,6.565163697050577,paolo-laptop,crate-mio-container-master
power_consumption,1705314239034000000,9.534501187601162,paolo-laptop,crate-mio-container-master
power_consumption,1705314240037000000,2.7270932255228804,paolo-laptop,crate-mio-container-master
power_consumption,1705314241039000000,8.302843339104072,paolo-laptop,crate-mio-container-master
power_consumption,1705314243044000000,11.2614090031447,paolo-laptop,crate-mio-container-master
power_consumption,1705314244048000000,5.394203820515203,paolo-laptop,crate-mio-container-master
power_consumption,1705314245050000000,7.070039009372395,paolo-laptop,crate-mio-container-master
power_consumption,1705314246051000000,11.744201599621231,paolo-laptop,crate-mio-container-master
power_consumption,1705314247053000000,2.398496081433444,paolo-laptop,crate-mio-container-master
power_consumption,1705314249058000000,7.322262230137869,paolo-laptop,crate-mio-container-master
power_consumption,1705314250060000000,10.459810992308343,paolo-laptop,crate-mio-container-master
power_consumption,1705314251061000000,13.377466968527933,paolo-laptop,crate-mio-container-master
power_consumption,1705314252063000000,10.772437994012183,paolo-laptop,crate-mio-container-master
power_consumption,1705314253065000000,8.801317757841584,paolo-laptop,crate-mio-container-master
power_consumption,1705314254066000000,2.325580761011189,paolo-laptop,crate-mio-container-master
power_consumption,1705314255068000000,4.0018619515640905,paolo-laptop,crate-mio-container-master
power_consumption,1705314256071000000,3.4699599616468086,paolo-laptop,crate-mio-container-master
power_consumption,1705314257073000000,13.329589314249262,paolo-laptop,crate-mio-container-master
power_consumption,1705314258075000000,13.369268668310525,paolo-laptop,crate-mio-container-master
power_consumption,1705314259077000000,13.204471147829725,paolo-laptop,crate-mio-container-master
power_consumption,1705314260080000000,13.246208231668966,paolo-laptop,crate-mio-container-master
power_consumption,1705314261081000000,12.786668411097391,paolo-laptop,crate-mio-container-master
power_consumption,1705314262084000000,12.902867375356088,paolo-laptop,crate-mio-container-master
power_consumption,1705314263086000000,12.974114373628398,paolo-laptop,crate-mio-container-master
power_consumption,1705314264088000000,13.321129581585819,paolo-laptop,crate-mio-container-master
power_consumption,1705314265091000000,13.491315064532603,paolo-laptop,crate-mio-container-master
power_consumption,1705314266093000000,12.919008946214657,paolo-laptop,crate-mio-container-master
power_consumption,1705314267096000000,13.40657803696417,paolo-laptop,crate-mio-container-master
power_consumption,1705314268098000000,12.251001337776144,paolo-laptop,crate-mio-container-master
power_consumption,1705314269100000000,13.203717164407275,paolo-laptop,crate-mio-container-master
power_consumption,1705314270103000000,12.91824182439496,paolo-laptop,crate-mio-container-master
power_consumption,1705314271105000000,12.510653150105371,paolo-laptop,crate-mio-container-master
power_consumption,1705314272107000000,12.300859158049892,paolo-laptop,crate-mio-container-master
power_consumption,1705314273110000000,13.014059320285298,paolo-laptop,crate-mio-container-master
power_consumption,1705314274114000000,6.750114796692046,paolo-laptop,crate-mio-container-master
power_consumption,1705314276119000000,4.630582335710818,paolo-laptop,crate-mio-container-master
power_consumption,1705314277122000000,12.48180958659565,paolo-laptop,crate-mio-container-master
power_consumption,1705314278124000000,9.420227093419602,paolo-laptop,crate-mio-container-master
power_consumption,1705314279128000000,1.6202019837054642,paolo-laptop,crate-mio-container-master
power_consumption,1705314280129000000,2.193088634650613,paolo-laptop,crate-mio-container-master
power_consumption,1705314281133000000,0.29757820629314385,paolo-laptop,crate-mio-container-master
power_consumption,1705314282137000000,3.897585372608072,paolo-laptop,crate-mio-container-master
power_consumption,1705314283140000000,10.228878809516953,paolo-laptop,crate-mio-container-master
power_consumption,1705314284142000000,13.584864088582261,paolo-laptop,crate-mio-container-master
power_consumption,1705314285145000000,13.506407055647518,paolo-laptop,crate-mio-container-master
power_consumption,1705314286148000000,13.308944686544102,paolo-laptop,crate-mio-container-master
power_consumption,1705314287150000000,13.103210669324524,paolo-laptop,crate-mio-container-master
power_consumption,1705314288152000000,13.480909061086216,paolo-laptop,crate-mio-container-master
power_consumption,1705314289155000000,13.44577957648466,paolo-laptop,crate-mio-container-master
power_consumption,1705314290157000000,15.61275509137456,paolo-laptop,crate-mio-container-master
power_consumption,1705314291160000000,13.411265979355402,paolo-laptop,crate-mio-container-master
power_consumption,1705314292162000000,15.304268818795741,paolo-laptop,crate-mio-container-master
power_consumption,1705314293165000000,15.353934930348888,paolo-laptop,crate-mio-container-master
power_consumption,1705314294167000000,13.394751892077654,paolo-laptop,crate-mio-container-master
power_consumption,1705314295170000000,12.898742484788535,paolo-laptop,crate-mio-container-master
power_consumption,1705314296171000000,11.83034659705613,paolo-laptop,crate-mio-container-master
power_consumption,1705314297173000000,13.518783529991158,paolo-laptop,crate-mio-container-master
power_consumption,1705314298175000000,13.7328599097861,paolo-laptop,crate-mio-container-master
power_consumption,1705314299177000000,13.413656403438317,paolo-laptop,crate-mio-container-master
power_consumption,1705314300179000000,13.385069788336859,paolo-laptop,crate-mio-container-master
power_consumption,1705314301181000000,13.165145374473564,paolo-laptop,crate-mio-container-master
power_consumption,1705314302185000000,11.728481794403688,paolo-laptop,crate-mio-container-master
power_consumption,1705314304189000000,11.601669621600877,paolo-laptop,crate-mio-container-master
power_consumption,1705314305191000000,13.068142140499456,paolo-laptop,crate-mio-container-master
power_consumption,1705314306194000000,11.85978482908782,paolo-laptop,crate-mio-container-master
power_consumption,1705314307197000000,3.3973728853928034,paolo-laptop,crate-mio-container-master
power_consumption,1705314309202000000,4.167958059363838,paolo-laptop,crate-mio-container-master
power_consumption,1705314310204000000,11.13228550340186,paolo-laptop,crate-mio-container-master
power_consumption,1705314311205000000,7.57797819703239,paolo-laptop,crate-mio-container-master
power_consumption,1705314312209000000,9.448151118862064,paolo-laptop,crate-mio-container-master
power_consumption,1705314313215000000,3.1364595731387923,paolo-laptop,crate-mio-container-master
power_consumption,1705314315220000000,12.324815601873386,paolo-laptop,crate-mio-container-master
power_consumption,1705314316225000000,1.2715658594890291,paolo-laptop,crate-mio-container-master
power_consumption,1705314317229000000,3.980667744782801,paolo-laptop,crate-mio-container-master
power_consumption,1705314318233000000,7.3574522508140126,paolo-laptop,crate-mio-container-master
power_consumption,1705314319234000000,7.733526574916811,paolo-laptop,crate-mio-container-master
power_consumption,1705314320237000000,12.225176913045564,paolo-laptop,crate-mio-container-master
power_consumption,1705314321239000000,12.091561960683904,paolo-laptop,crate-mio-container-master
power_consumption,1705314322241000000,12.322783862790601,paolo-laptop,crate-mio-container-master
power_consumption,1705314323243000000,9.694364173920421,paolo-laptop,crate-mio-container-master
power_consumption,1705314324245000000,5.866624270436686,paolo-laptop,crate-mio-container-master
power_consumption,1705314325249000000,5.811235184418249,paolo-laptop,crate-mio-container-master
power_consumption,1705314327252000000,1.5403251456156384,paolo-laptop,crate-mio-container-master
power_consumption,1705314329256000000,2.547233007757364,paolo-laptop,crate-mio-container-master
power_consumption,1705314330258000000,1.640221474197393,paolo-laptop,crate-mio-container-master
power_consumption,1705314331260000000,2.380798292251451,paolo-laptop,crate-mio-container-master
power_consumption,1705314335267000000,2.732705825667108,paolo-laptop,crate-mio-container-master
power_consumption,1705314336269000000,3.63121821757662,paolo-laptop,crate-mio-container-master
power_consumption,1705314337271000000,11.5150288264858,paolo-laptop,crate-mio-container-master
power_consumption,1705314338274000000,5.739788640802213,paolo-laptop,crate-mio-container-master
power_consumption,1705314339278000000,2.5180658778505345,paolo-laptop,crate-mio-container-master
power_consumption,1705314340280000000,1.7903469975470678,paolo-laptop,crate-mio-container-master
power_consumption,1705314341281000000,0.7491879909512985,paolo-laptop,crate-mio-container-master
power_consumption,1705314342283000000,2.113557031209218,paolo-laptop,crate-mio-container-master
power_consumption,1705314343285000000,3.0066673110114976,paolo-laptop,crate-mio-container-master
power_consumption,1705314344287000000,3.5918547527386804,paolo-laptop,crate-mio-container-master
power_consumption,1705314345290000000,1.7377443516320021,paolo-laptop,crate-mio-container-master
power_consumption,1705314346292000000,10.533485376767949,paolo-laptop,crate-mio-container-master
power_consumption,1705314347296000000,0.8830316388987662,paolo-laptop,crate-mio-container-master
power_consumption,1705314348300000000,3.515202047653274,paolo-laptop,crate-mio-container-master
power_consumption,1705314349302000000,8.156630764145508,paolo-laptop,crate-mio-container-master
power_consumption,1705314350304000000,12.186562864698136,paolo-laptop,crate-mio-container-master
power_consumption,1705314351308000000,3.130482159653507,paolo-laptop,crate-mio-container-master
power_consumption,1705314352312000000,1.9349441095833462,paolo-laptop,crate-mio-container-master
power_consumption,1705314353316000000,0.9947998786169785,paolo-laptop,crate-mio-container-master
power_consumption,1705314354320000000,1.9228233624121152,paolo-laptop,crate-mio-container-master
power_consumption,1705314355324000000,2.8536951852326844,paolo-laptop,crate-mio-container-master
power_consumption,1705314357328000000,4.162464606631428,paolo-laptop,crate-mio-container-master
power_consumption,1705314358331000000,1.1954988963776028,paolo-laptop,crate-mio-container-master
power_consumption,1705314359333000000,12.443752473077199,paolo-laptop,crate-mio-container-master
power_consumption,1705314360335000000,13.266465216098954,paolo-laptop,crate-mio-container-master
power_consumption,1705314361340000000,5.889967561072686,paolo-laptop,crate-mio-container-master
power_consumption,1705314363346000000,4.935649634052272,paolo-laptop,crate-mio-container-master
power_consumption,1705314364349000000,9.815912048213477,paolo-laptop,crate-mio-container-master
power_consumption,1705314365351000000,2.635126499811422,paolo-laptop,crate-mio-container-master
power_consumption,1705314366355000000,3.9751556531039296,paolo-laptop,crate-mio-container-master
power_consumption,1705314367357000000,1.211733124009513,paolo-laptop,crate-mio-container-master
power_consumption,1705314368360000000,2.543300541132497,paolo-laptop,crate-mio-container-master
power_consumption,1705314369362000000,6.152697751579804,paolo-laptop,crate-mio-container-master
power_consumption,1705314370364000000,12.293143348388025,paolo-laptop,crate-mio-container-master
power_consumption,1705314371368000000,3.9483355677603154,paolo-laptop,crate-mio-container-master
power_consumption,1705314372371000000,2.6531559223878993,paolo-laptop,crate-mio-container-master
power_consumption,1705314373373000000,4.047595283195211,paolo-laptop,crate-mio-container-master
power_consumption,1705314374378000000,9.348365826230445,paolo-laptop,crate-mio-container-master
power_consumption,1705314375383000000,1.8630087166523743,paolo-laptop,crate-mio-container-master
power_consumption,1705314376387000000,1.3087192650189325,paolo-laptop,crate-mio-container-master
power_consumption,1705314377389000000,9.28794083554606,paolo-laptop,crate-mio-container-master
power_consumption,1705314378390000000,6.564672964928911,paolo-laptop,crate-mio-container-master
power_consumption,1705314379394000000,5.5886975061064,paolo-laptop,crate-mio-container-master
power_consumption,1705314380396000000,3.85112996238229,paolo-laptop,crate-mio-container-master
power_consumption,1705314381398000000,12.636494343176029,paolo-laptop,crate-mio-container-master
power_consumption,1705314382402000000,4.147779209572475,paolo-laptop,crate-mio-container-master
power_consumption,1705314383404000000,11.73938345906741,paolo-laptop,crate-mio-container-master
power_consumption,1705314384406000000,13.492403221357423,paolo-laptop,crate-mio-container-master
power_consumption,1705314385408000000,13.596419936794039,paolo-laptop,crate-mio-container-master
power_consumption,1705314386410000000,10.418871540358573,paolo-laptop,crate-mio-container-master
power_consumption,1705314387412000000,5.244151892049664,paolo-laptop,crate-mio-container-master
power_consumption,1705314388419000000,9.219527066210192,paolo-laptop,crate-mio-container-master
power_consumption,1705314389421000000,3.106974723876229,paolo-laptop,crate-mio-container-master
power_consumption,1705314390424000000,12.80465751171153,paolo-laptop,crate-mio-container-master
power_consumption,1705314391427000000,13.422270932199329,paolo-laptop,crate-mio-container-master
power_consumption,1705314392430000000,11.796455440917292,paolo-laptop,crate-mio-container-master
power_consumption,1705314393432000000,1.0912400925736583,paolo-laptop,crate-mio-container-master
power_consumption,1705314394434000000,11.647156094279811,paolo-laptop,crate-mio-container-master
power_consumption,1705314395435000000,11.111715254654833,paolo-laptop,crate-mio-container-master
power_consumption,1705314396438000000,8.717465300545268,paolo-laptop,crate-mio-container-master
power_consumption,1705314397443000000,1.388246698229038,paolo-laptop,crate-mio-container-master
power_consumption,1705314398445000000,8.098261087562891,paolo-laptop,crate-mio-container-master
power_consumption,1705314399447000000,12.157579922391275,paolo-laptop,crate-mio-container-master
power_consumption,1705314400449000000,11.409311498446879,paolo-laptop,crate-mio-container-master
power_consumption,1705314401451000000,10.799973582207633,paolo-laptop,crate-mio-container-master
power_consumption,1705314402453000000,10.775026965294714,paolo-laptop,crate-mio-container-master
power_consumption,1705314403455000000,11.402457890618752,paolo-laptop,crate-mio-container-master
power_consumption,1705314404457000000,11.192825003592269,paolo-laptop,crate-mio-container-master
power_consumption,1705314405459000000,10.107993940455689,paolo-laptop,crate-mio-container-master
power_consumption,1705314406461000000,10.166634805519037,paolo-laptop,crate-mio-container-master
power_consumption,1705314407462000000,5.599334279277043,paolo-laptop,crate-mio-container-master
power_consumption,1705314408464000000,10.373867178580717,paolo-laptop,crate-mio-container-master
power_consumption,1705314409466000000,11.115380736824925,paolo-laptop,crate-mio-container-master
power_consumption,1705314410468000000,10.165538676237958,paolo-laptop,crate-mio-container-master
power_consumption,1705314411473000000,6.172182644041153,paolo-laptop,crate-mio-container-master
power_consumption,1705314412475000000,5.507832324148691,paolo-laptop,crate-mio-container-master
power_consumption,1705314413477000000,12.268561049895789,paolo-laptop,crate-mio-container-master
power_consumption,1705314414481000000,3.5999431314125876,paolo-laptop,crate-mio-container-master
power_consumption,1705314415485000000,2.2287134977381915,paolo-laptop,crate-mio-container-master
power_consumption,1705314416487000000,5.563546689953646,paolo-laptop,crate-mio-container-master
power_consumption,1705314417489000000,5.770097215632788,paolo-laptop,crate-mio-container-master
power_consumption,1705314418491000000,9.726877721217482,paolo-laptop,crate-mio-container-master
power_consumption,1705314419492000000,12.374280304281273,paolo-laptop,crate-mio-container-master
power_consumption,1705314420496000000,2.2053130673575554,paolo-laptop,crate-mio-container-master
power_consumption,1705314421498000000,6.183638357262265,paolo-laptop,crate-mio-container-master
power_consumption,1705314422500000000,6.534922096820984,paolo-laptop,crate-mio-container-master
power_consumption,1705314423501000000,5.105857976766338,paolo-laptop,crate-mio-container-master
power_consumption,1705314424503000000,5.60112911163763,paolo-laptop,crate-mio-container-master
power_consumption,1705314425507000000,4.621425777196137,paolo-laptop,crate-mio-container-master
power_consumption,1705314427513000000,2.9981327652753524,paolo-laptop,crate-mio-container-master
power_consumption,1705314428514000000,11.892252532077228,paolo-laptop,crate-mio-container-master
power_consumption,1705314429518000000,11.785636723214001,paolo-laptop,crate-mio-container-master
power_consumption,1705314430520000000,7.601546598962365,paolo-laptop,crate-mio-container-master
power_consumption,1705314431523000000,4.412069996517603,paolo-laptop,crate-mio-container-master
power_consumption,1705314433529000000,3.2292197002390006,paolo-laptop,crate-mio-container-master
power_consumption,1705314434531000000,12.477278630203347,paolo-laptop,crate-mio-container-master
power_consumption,1705314435533000000,6.75119394870061,paolo-laptop,crate-mio-container-master
power_consumption,1705314436534000000,5.795178402064926,paolo-laptop,crate-mio-container-master
power_consumption,1705314437538000000,4.875422350927879,paolo-laptop,crate-mio-container-master
power_consumption,1705314439544000000,8.14271907790369,paolo-laptop,crate-mio-container-master
power_consumption,1705314440546000000,5.470951060467082,paolo-laptop,crate-mio-container-master
power_consumption,1705314441550000000,8.074364306147459,paolo-laptop,crate-mio-container-master
power_consumption,1705314443555000000,3.3258307805702887,paolo-laptop,crate-mio-container-master
power_consumption,1705314444557000000,9.052435013206445,paolo-laptop,crate-mio-container-master
power_consumption,1705314445559000000,11.966358361412578,paolo-laptop,crate-mio-container-master
power_consumption,1705314446561000000,11.024136605819976,paolo-laptop,crate-mio-container-master
power_consumption,1705314447563000000,12.742163594834793,paolo-laptop,crate-mio-container-master
power_consumption,1705314448565000000,11.478490273071632,paolo-laptop,crate-mio-container-master
power_consumption,1705314449567000000,10.400438812151263,paolo-laptop,crate-mio-container-master
power_consumption,1705314450569000000,1.537761406517244,paolo-laptop,crate-mio-container-master
power_consumption,1705314451571000000,12.606440191408819,paolo-laptop,crate-mio-container-master
power_consumption,1705314452574000000,12.444705984650785,paolo-laptop,crate-mio-container-master
power_consumption,1705314453576000000,13.625761971717093,paolo-laptop,crate-mio-container-master
power_consumption,1705314454578000000,13.731044309582416,paolo-laptop,crate-mio-container-master
power_consumption,1705314455580000000,13.431429372534591,paolo-laptop,crate-mio-container-master
power_consumption,1705314456582000000,13.673593854829505,paolo-laptop,crate-mio-container-master
power_consumption,1705314457584000000,13.483757160377813,paolo-laptop,crate-mio-container-master
power_consumption,1705314458587000000,13.918223100267834,paolo-laptop,crate-mio-container-master
power_consumption,1705314459589000000,13.460067716363202,paolo-laptop,crate-mio-container-master
power_consumption,1705314460592000000,13.584471044021285,paolo-laptop,crate-mio-container-master
power_consumption,1705314461594000000,13.470303329781276,paolo-laptop,crate-mio-container-master
power_consumption,1705314462596000000,13.662460442687175,paolo-laptop,crate-mio-container-master
power_consumption,1705314463598000000,13.769524700595433,paolo-laptop,crate-mio-container-master
power_consumption,1705314464600000000,13.83462848163838,paolo-laptop,crate-mio-container-master
power_consumption,1705314465602000000,13.512760524610265,paolo-laptop,crate-mio-container-master
power_consumption,1705314466605000000,13.708041752858836,paolo-laptop,crate-mio-container-master
power_consumption,1705314467607000000,13.263468853372832,paolo-laptop,crate-mio-container-master
power_consumption,1705314468610000000,13.593949686657862,paolo-laptop,crate-mio-container-master
power_consumption,1705314469612000000,13.26355646576909,paolo-laptop,crate-mio-container-master
power_consumption,1705314470629000000,13.664118286943609,paolo-laptop,crate-mio-container-master
power_consumption,1705314471633000000,13.8254541992093,paolo-laptop,crate-mio-container-master
power_consumption,1705314472635000000,8.670196685010719,paolo-laptop,crate-mio-container-master
power_consumption,1705314473637000000,6.349206301945133,paolo-laptop,crate-mio-container-master
power_consumption,1705314474639000000,12.29685215569531,paolo-laptop,crate-mio-container-master
power_consumption,1705314475641000000,12.81727951645911,paolo-laptop,crate-mio-container-master
power_consumption,1705314476643000000,11.333845526502461,paolo-laptop,crate-mio-container-master
power_consumption,1705314477645000000,13.406068208683948,paolo-laptop,crate-mio-container-master
power_consumption,1705314478648000000,11.782510875265228,paolo-laptop,crate-mio-container-master
power_consumption,1705314479651000000,13.235550451633497,paolo-laptop,crate-mio-container-master
power_consumption,1705314480653000000,8.6957058403679,paolo-laptop,crate-mio-container-master
power_consumption,1705314481655000000,12.39027998822781,paolo-laptop,crate-mio-container-master
power_consumption,1705314482658000000,9.455814292175065,paolo-laptop,crate-mio-container-master
power_consumption,1705314483663000000,10.476882149306622,paolo-laptop,crate-mio-container-master
power_consumption,1705314484667000000,8.444025289633007,paolo-laptop,crate-mio-container-master
power_consumption,1705314485670000000,13.740100230451688,paolo-laptop,crate-mio-container-master
power_consumption,1705314486672000000,11.812936800690187,paolo-laptop,crate-mio-container-master
power_consumption,1705314487673000000,11.619484576011011,paolo-laptop,crate-mio-container-master
power_consumption,1705314488675000000,7.270443741629716,paolo-laptop,crate-mio-container-master
power_consumption,1705314489680000000,10.85736059378397,paolo-laptop,crate-mio-container-master
power_consumption,1705314490683000000,11.036839747846535,paolo-laptop,crate-mio-container-master
power_consumption,1705314491685000000,2.0672138525469252,paolo-laptop,crate-mio-container-master
power_consumption,1705314492687000000,15.14504750622568,paolo-laptop,crate-mio-container-master
power_consumption,1705314493691000000,10.52137707055341,paolo-laptop,crate-mio-container-master
power_consumption,1705314494694000000,8.253147253493127,paolo-laptop,crate-mio-container-master
power_consumption,1705314495697000000,2.144945301562006,paolo-laptop,crate-mio-container-master
power_consumption,1705314496699000000,10.825641072683963,paolo-laptop,crate-mio-container-master
power_consumption,1705314497701000000,6.864427682482875,paolo-laptop,crate-mio-container-master
power_consumption,1705314499704000000,14.586277028914344,paolo-laptop,crate-mio-container-master
power_consumption,1705314500708000000,4.078008962383126,paolo-laptop,crate-mio-container-master
power_consumption,1705314501712000000,7.24819951102958,paolo-laptop,crate-mio-container-master
power_consumption,1705314503718000000,10.04377905472056,paolo-laptop,crate-mio-container-master
power_consumption,1705314504722000000,7.05609746559537,paolo-laptop,crate-mio-container-master
power_consumption,1705314505725000000,4.387307195715077,paolo-laptop,crate-mio-container-master
power_consumption,1705314506729000000,3.9000715802118284,paolo-laptop,crate-mio-container-master
power_consumption,1705314507731000000,9.955946745643464,paolo-laptop,crate-mio-container-master
power_consumption,1705314508732000000,5.291663931700216,paolo-laptop,crate-mio-container-master
power_consumption,1705314509736000000,11.108507740502251,paolo-laptop,crate-mio-container-master
power_consumption,1705314510738000000,8.730023726214178,paolo-laptop,crate-mio-container-master
power_consumption,1705314512749000000,5.5680777824096355,paolo-laptop,crate-mio-container-master
power_consumption,1705314513751000000,10.439525925834781,paolo-laptop,crate-mio-container-master
power_consumption,1705314514755000000,5.932288138867159,paolo-laptop,crate-mio-container-master
power_consumption,1705314515758000000,5.6912550810455045,paolo-laptop,crate-mio-container-master
power_consumption,1705314516760000000,5.673520991497504,paolo-laptop,crate-mio-container-master
power_consumption,1705314517762000000,9.26839188749081,paolo-laptop,crate-mio-container-master
power_consumption,1705314518764000000,6.6089800429987395,paolo-laptop,crate-mio-container-master
power_consumption,1705314519766000000,13.163734454687543,paolo-laptop,crate-mio-container-master
power_consumption,1705314520768000000,13.5767229901247,paolo-laptop,crate-mio-container-master
power_consumption,1705314521771000000,12.860660975059739,paolo-laptop,crate-mio-container-master
power_consumption,1705314522774000000,13.046388832306883,paolo-laptop,crate-mio-container-master
power_consumption,1705314523776000000,14.169328706429209,paolo-laptop,crate-mio-container-master
power_consumption,1705314524779000000,10.494426341977917,paolo-laptop,crate-mio-container-master
power_consumption,1705314525781000000,4.560063160658504,paolo-laptop,crate-mio-container-master
power_consumption,1705314526783000000,9.088410495461096,paolo-laptop,crate-mio-container-master
power_consumption,1705314527787000000,6.548279540002562,paolo-laptop,crate-mio-container-master
power_consumption,1705314528792000000,2.443157616120783,paolo-laptop,crate-mio-container-master
power_consumption,1705314529795000000,1.5575999704619021,paolo-laptop,crate-mio-container-master
power_consumption,1705314530797000000,13.208591932483877,paolo-laptop,crate-mio-container-master
power_consumption,1705314531799000000,14.214086788634953,paolo-laptop,crate-mio-container-master
power_consumption,1705314532801000000,3.9085937914683786,paolo-laptop,crate-mio-container-master
power_consumption,1705314533802000000,3.7048112496910464,paolo-laptop,crate-mio-container-master
power_consumption,1705314534804000000,8.244679337891531,paolo-laptop,crate-mio-container-master
power_consumption,1705314538811000000,7.547896379288593,paolo-laptop,crate-mio-container-master
power_consumption,1705314539813000000,14.45660516027606,paolo-laptop,crate-mio-container-master
power_consumption,1705314540816000000,14.512301565090535,paolo-laptop,crate-mio-container-master
power_consumption,1705314541819000000,5.033179695511751,paolo-laptop,crate-mio-container-master
power_consumption,1705314542821000000,2.038936831238095,paolo-laptop,crate-mio-container-master
power_consumption,1705314543827000000,2.2566900595960013,paolo-laptop,crate-mio-container-master
power_consumption,1705314544830000000,2.3012598414231937,paolo-laptop,crate-mio-container-master
power_consumption,1705314545832000000,9.574392940859358,paolo-laptop,crate-mio-container-master
power_consumption,1705314546837000000,14.439247563491076,paolo-laptop,crate-mio-container-master
power_consumption,1705314547840000000,5.423055593178804,paolo-laptop,crate-mio-container-master
power_consumption,1705314549853000000,1.7584377880255486,paolo-laptop,crate-mio-container-master
power_consumption,1705314550858000000,1.8434411116811087,paolo-laptop,crate-mio-container-master
power_consumption,1705314551863000000,10.061100569896032,paolo-laptop,crate-mio-container-master
power_consumption,1705314552869000000,5.447868346742265,paolo-laptop,crate-mio-container-master
power_consumption,1705314553876000000,2.2415123798220264,paolo-laptop,crate-mio-container-master
power_consumption,1705314554884000000,3.9993199318906782,paolo-laptop,crate-mio-container-master
power_consumption,1705314555886000000,11.42115601710318,paolo-laptop,crate-mio-container-master
power_consumption,1705314556888000000,13.519004578337018,paolo-laptop,crate-mio-container-master
power_consumption,1705314557890000000,14.35269610847969,paolo-laptop,crate-mio-container-master
power_consumption,1705314558894000000,9.170572386774229,paolo-laptop,crate-mio-container-master
power_consumption,1705314559896000000,5.60758873313526,paolo-laptop,crate-mio-container-master
power_consumption,1705314560900000000,10.592695647972073,paolo-laptop,crate-mio-container-master
power_consumption,1705314561904000000,3.4159051907706104,paolo-laptop,crate-mio-container-master
power_consumption,1705314562907000000,3.9302764182070566,paolo-laptop,crate-mio-container-master
power_consumption,1705314563912000000,12.602803942150286,paolo-laptop,crate-mio-container-master
power_consumption,1705314564914000000,10.985175146265618,paolo-laptop,crate-mio-container-master
power_consumption,1705314565917000000,2.1845970377301476,paolo-laptop,crate-mio-container-master
power_consumption,1705314566919000000,2.0752505065324085,paolo-laptop,crate-mio-container-master
power_consumption,1705314567921000000,11.416345007714341,paolo-laptop,crate-mio-container-master
power_consumption,1705314568927000000,11.699784144201749,paolo-laptop,crate-mio-container-master
power_consumption,1705314569929000000,10.946359353533458,paolo-laptop,crate-mio-container-master
power_consumption,1705314570933000000,3.7476285687464896,paolo-laptop,crate-mio-container-master
power_consumption,1705314571938000000,4.836073480373715,paolo-laptop,crate-mio-container-master
power_consumption,1705314572942000000,2.9524021068047874,paolo-laptop,crate-mio-container-master
power_consumption,1705314573944000000,9.750521020135281,paolo-laptop,crate-mio-container-master
power_consumption,1705314574945000000,12.497519694989453,paolo-laptop,crate-mio-container-master
power_consumption,1705314575949000000,1.949248384033052,paolo-laptop,crate-mio-container-master
power_consumption,1705314576952000000,12.93500513111842,paolo-laptop,crate-mio-container-master
power_consumption,1705314577954000000,11.689788285450144,paolo-laptop,crate-mio-container-master
power_consumption,1705314578956000000,11.953120966587425,paolo-laptop,crate-mio-container-master
power_consumption,1705314579957000000,11.278249155427837,paolo-laptop,crate-mio-container-master
power_consumption,1705314580959000000,12.210431179486338,paolo-laptop,crate-mio-container-master
power_consumption,1705314581961000000,11.588081149631856,paolo-laptop,crate-mio-container-master
power_consumption,1705314582963000000,12.736644399391366,paolo-laptop,crate-mio-container-master
power_consumption,1705314583965000000,12.287473848266266,paolo-laptop,crate-mio-container-master
power_consumption,1705314584967000000,12.866236067537063,paolo-laptop,crate-mio-container-master
power_consumption,1705314585969000000,12.155209020307904,paolo-laptop,crate-mio-container-master
power_consumption,1705314586971000000,12.764558585471551,paolo-laptop,crate-mio-container-master
power_consumption,1705314587973000000,10.539063818845221,paolo-laptop,crate-mio-container-master
power_consumption,1705314588974000000,12.007520477992188,paolo-laptop,crate-mio-container-master
power_consumption,1705314589976000000,10.876110522792438,paolo-laptop,crate-mio-container-master
power_consumption,1705314590978000000,11.64260135442369,paolo-laptop,crate-mio-container-master
power_consumption,1705314591980000000,10.56466780911914,paolo-laptop,crate-mio-container-master
power_consumption,1705314592981000000,11.625381047343057,paolo-laptop,crate-mio-container-master
power_consumption,1705314593983000000,11.094608030552783,paolo-laptop,crate-mio-container-master
power_consumption,1705314594988000000,11.83089194565503,paolo-laptop,crate-mio-container-master
power_consumption,1705314595990000000,11.939083753116378,paolo-laptop,crate-mio-container-master
power_consumption,1705314596992000000,12.688504939021938,paolo-laptop,crate-mio-container-master
power_consumption,1705314597996000000,8.851777470799373,paolo-laptop,crate-mio-container-master
power_consumption,1705314599000000000,1.3260817000033094,paolo-laptop,crate-mio-container-master
power_consumption,1705314600003000000,3.7335464958633864,paolo-laptop,crate-mio-container-master
power_consumption,1705314601005000000,10.294589193264434,paolo-laptop,crate-mio-container-master
power_consumption,1705314602007000000,10.149654952547028,paolo-laptop,crate-mio-container-master
power_consumption,1705314603010000000,3.7482663198586215,paolo-laptop,crate-mio-container-master
power_consumption,1705314604012000000,8.211828044848719,paolo-laptop,crate-mio-container-master
power_consumption,1705314605013000000,3.413785323107982,paolo-laptop,crate-mio-container-master
power_consumption,1705314606015000000,2.76877210163407,paolo-laptop,crate-mio-container-master
power_consumption,1705314607017000000,1.3405370902518947,paolo-laptop,crate-mio-container-master
power_consumption,1705314608019000000,1.1398777592634,paolo-laptop,crate-mio-container-master
power_consumption,1705314609021000000,5.401319457822217,paolo-laptop,crate-mio-container-master
power_consumption,1705314610023000000,4.698179481350811,paolo-laptop,crate-mio-container-master
power_consumption,1705314611025000000,6.704481944973521,paolo-laptop,crate-mio-container-master
power_consumption,1705314612027000000,4.2415745659744175,paolo-laptop,crate-mio-container-master
power_consumption,1705314613029000000,1.4340558527085894,paolo-laptop,crate-mio-container-master
power_consumption,1705314614031000000,1.4939632530520597,paolo-laptop,crate-mio-container-master
power_consumption,1705314615034000000,11.022660796093303,paolo-laptop,crate-mio-container-master
power_consumption,1705314616039000000,0.7776401403446167,paolo-laptop,crate-mio-container-master
power_consumption,1705314617042000000,9.829359976829906,paolo-laptop,crate-mio-container-master
power_consumption,1705314618044000000,8.958225127297528,paolo-laptop,crate-mio-container-master
power_consumption,1705314619047000000,8.370898788258126,paolo-laptop,crate-mio-container-master
power_consumption,1705314620049000000,2.1381286060448663,paolo-laptop,crate-mio-container-master
power_consumption,1705314621051000000,1.1173268060451882,paolo-laptop,crate-mio-container-master
power_consumption,1705314622053000000,10.594352648765543,paolo-laptop,crate-mio-container-master
power_consumption,1705314623055000000,13.51063547362985,paolo-laptop,crate-mio-container-master
power_consumption,1705314624056000000,11.879706945052767,paolo-laptop,crate-mio-container-master
power_consumption,1705314625058000000,11.130728063054036,paolo-laptop,crate-mio-container-master
power_consumption,1705314626060000000,1.7839655348164192,paolo-laptop,crate-mio-container-master
power_consumption,1705314627062000000,0.9124558116406728,paolo-laptop,crate-mio-container-master
power_consumption,1705314628072000000,1.9726725851198108,paolo-laptop,crate-mio-container-master
power_consumption,1705314629074000000,4.472596733668925,paolo-laptop,crate-mio-container-master
power_consumption,1705314630076000000,1.9857152719597886,paolo-laptop,crate-mio-container-master
power_consumption,1705314631078000000,12.700026712239406,paolo-laptop,crate-mio-container-master
power_consumption,1705314632081000000,9.003357060184431,paolo-laptop,crate-mio-container-master
power_consumption,1705314633082000000,1.8099491132221215,paolo-laptop,crate-mio-container-master
power_consumption,1705314634087000000,4.811251508634807,paolo-laptop,crate-mio-container-master
power_consumption,1705314635091000000,2.1438314321722105,paolo-laptop,crate-mio-container-master
power_consumption,1705314636093000000,7.8158410772969376,paolo-laptop,crate-mio-container-master
power_consumption,1705314637094000000,11.724612227411487,paolo-laptop,crate-mio-container-master
power_consumption,1705314638096000000,7.836760574374923,paolo-laptop,crate-mio-container-master
power_consumption,1705314639100000000,1.796783502955781,paolo-laptop,crate-mio-container-master
power_consumption,1705314640103000000,1.3953591894699704,paolo-laptop,crate-mio-container-master
power_consumption,1705314641105000000,10.923111117421954,paolo-laptop,crate-mio-container-master
power_consumption,1705314642111000000,0.3830273931301065,paolo-laptop,crate-mio-container-master
power_consumption,1705314643116000000,1.920150072850872,paolo-laptop,crate-mio-container-master
power_consumption,1705314644120000000,5.519110593893657,paolo-laptop,crate-mio-container-master
power_consumption,1705314645121000000,4.208838430168245,paolo-laptop,crate-mio-container-master
power_consumption,1705314646125000000,1.874228205646701,paolo-laptop,crate-mio-container-master
power_consumption,1705314647127000000,8.201377864666465,paolo-laptop,crate-mio-container-master
power_consumption,1705314648129000000,12.607169991292347,paolo-laptop,crate-mio-container-master
power_consumption,1705314649134000000,4.681693856323873,paolo-laptop,crate-mio-container-master
power_consumption,1705314650136000000,8.766518668593271,paolo-laptop,crate-mio-container-master
power_consumption,1705314651139000000,5.740635694533092,paolo-laptop,crate-mio-container-master
power_consumption,1705314652141000000,3.592685638766192,paolo-laptop,crate-mio-container-master
power_consumption,1705314653145000000,4.475327450228346,paolo-laptop,crate-mio-container-master
power_consumption,1705314654147000000,9.7899665950858,paolo-laptop,crate-mio-container-master
power_consumption,1705314655151000000,6.158963627341586,paolo-laptop,crate-mio-container-master
power_consumption,1705314656153000000,3.907268146996378,paolo-laptop,crate-mio-container-master
power_consumption,1705314657155000000,3.984510427189816,paolo-laptop,crate-mio-container-master
power_consumption,1705314658157000000,9.454336351823073,paolo-laptop,crate-mio-container-master
power_consumption,1705314659161000000,6.366653506028146,paolo-laptop,crate-mio-container-master
power_consumption,1705314660163000000,3.801883129365058,paolo-laptop,crate-mio-container-master
power_consumption,1705314661168000000,5.996553693803888,paolo-laptop,crate-mio-container-master
power_consumption,1705314662173000000,3.0138733651415435,paolo-laptop,crate-mio-container-master
power_consumption,1705314663176000000,2.1645567801672914,paolo-laptop,crate-mio-container-master
power_consumption,1705314664178000000,11.804791625599734,paolo-laptop,crate-mio-container-master
power_consumption,1705314665182000000,4.601223800053527,paolo-laptop,crate-mio-container-master
power_consumption,1705314666184000000,5.115611631305204,paolo-laptop,crate-mio-container-master
power_consumption,1705314667186000000,0.7505299581337139,paolo-laptop,crate-mio-container-master
power_consumption,1705314668188000000,0.6203879550354174,paolo-laptop,crate-mio-container-master
power_consumption,1705314669190000000,9.82525761584269,paolo-laptop,crate-mio-container-master
power_consumption,1705314670192000000,6.484864487812778,paolo-laptop,crate-mio-container-master
power_consumption,1705314671194000000,2.8713191068761605,paolo-laptop,crate-mio-container-master
power_consumption,1705314672196000000,3.692557779137539,paolo-laptop,crate-mio-container-master
power_consumption,1705314673197000000,4.760920320825426,paolo-laptop,crate-mio-container-master
power_consumption,1705314674199000000,3.9336301244118896,paolo-laptop,crate-mio-container-master
power_consumption,1705314675200000000,8.068526155312924,paolo-laptop,crate-mio-container-master
power_consumption,1705314676202000000,8.819682579344438,paolo-laptop,crate-mio-container-master
power_consumption,1705314677203000000,4.454287033288553,paolo-laptop,crate-mio-container-master
power_consumption,1705314678205000000,12.064191954399632,paolo-laptop,crate-mio-container-master
power_consumption,1705314679207000000,8.158574058288632,paolo-laptop,crate-mio-container-master
power_consumption,1705314680209000000,10.320665087130385,paolo-laptop,crate-mio-container-master
power_consumption,1705314681211000000,9.543982152487041,paolo-laptop,crate-mio-container-master
power_consumption,1705314682213000000,9.529310421595905,paolo-laptop,crate-mio-container-master
power_consumption,1705314683215000000,12.110216239626578,paolo-laptop,crate-mio-container-master
power_consumption,1705314684219000000,1.452234450125919,paolo-laptop,crate-mio-container-master
power_consumption,1705314685221000000,12.774734307424472,paolo-laptop,crate-mio-container-master
power_consumption,1705314686225000000,14.140303985801157,paolo-laptop,crate-mio-container-master
power_consumption,1705314687228000000,1.1541496342621218,paolo-laptop,crate-mio-container-master
power_consumption,1705314688233000000,2.6986721134548226,paolo-laptop,crate-mio-container-master
power_consumption,1705314689240000000,9.521410237331514,paolo-laptop,crate-mio-container-master
power_consumption,1705314690243000000,4.536219089636846,paolo-laptop,crate-mio-container-master
power_consumption,1705314691245000000,12.949058428851997,paolo-laptop,crate-mio-container-master
power_consumption,1705314692250000000,1.8515322168274024,paolo-laptop,crate-mio-container-master
power_consumption,1705314693253000000,5.416302202882877,paolo-laptop,crate-mio-container-master
power_consumption,1705314694259000000,12.841653149298965,paolo-laptop,crate-mio-container-master
power_consumption,1705314695263000000,5.069331981523188,paolo-laptop,crate-mio-container-master
power_consumption,1705314696265000000,6.567635951705742,paolo-laptop,crate-mio-container-master
power_consumption,1705314697268000000,0.5153234357634144,paolo-laptop,crate-mio-container-master
power_consumption,1705314698272000000,1.0115309668090657,paolo-laptop,crate-mio-container-master
power_consumption,1705314699276000000,4.278071661640571,paolo-laptop,crate-mio-container-master
power_consumption,1705314700278000000,9.41217236590677,paolo-laptop,crate-mio-container-master
power_consumption,1705314701282000000,1.7380137802656939,paolo-laptop,crate-mio-container-master
power_consumption,1705314702286000000,6.809557236626123,paolo-laptop,crate-mio-container-master
power_consumption,1705314703298000000,5.6316140968466435,paolo-laptop,crate-mio-container-master
power_consumption,1705314704299000000,6.796347711650549,paolo-laptop,crate-mio-container-master
power_consumption,1705314705300000000,0.8810314624296864,paolo-laptop,crate-mio-container-master
power_consumption,1705314706304000000,1.1260610904290935,paolo-laptop,crate-mio-container-master
power_consumption,1705314707308000000,0.14928775246058568,paolo-laptop,crate-mio-container-master
power_consumption,1705314708312000000,0.289723157782927,paolo-laptop,crate-mio-container-master
power_consumption,1705314709316000000,2.515908590712664,paolo-laptop,crate-mio-container-master
power_consumption,1705314710319000000,0.3038096564379428,paolo-laptop,crate-mio-container-master
power_consumption,1705314711323000000,0.34404451058716357,paolo-laptop,crate-mio-container-master
power_consumption,1705314712327000000,0.4684382164143325,paolo-laptop,crate-mio-container-master
power_consumption,1705314714335000000,2.5552130189124425,paolo-laptop,crate-mio-container-master
power_consumption,1705314715337000000,7.729963798476934,paolo-laptop,crate-mio-container-master
power_consumption,1705314716339000000,10.631285163763067,paolo-laptop,crate-mio-container-master
power_consumption,1705314717341000000,10.31280593845678,paolo-laptop,crate-mio-container-master
power_consumption,1705314718345000000,5.497565779810042,paolo-laptop,crate-mio-container-master
power_consumption,1705314719347000000,6.2674799152872165,paolo-laptop,crate-mio-container-master
power_consumption,1705314720349000000,8.42030473945009,paolo-laptop,crate-mio-container-master
power_consumption,1705314721351000000,10.473249242176994,paolo-laptop,crate-mio-container-master
power_consumption,1705314722355000000,4.17760275901282,paolo-laptop,crate-mio-container-master
power_consumption,1705314723361000000,6.507223441318381,paolo-laptop,crate-mio-container-master
power_consumption,1705314724366000000,3.232209609172055,paolo-laptop,crate-mio-container-master
power_consumption,1705314726372000000,1.0285173165160229,paolo-laptop,crate-mio-container-master
power_consumption,1705314727375000000,7.403134221690828,paolo-laptop,crate-mio-container-master
power_consumption,1705314728376000000,7.474529047967288,paolo-laptop,crate-mio-container-master
power_consumption,1705314729378000000,2.6634006120406113,paolo-laptop,crate-mio-container-master
power_consumption,1705314730380000000,11.182793510737774,paolo-laptop,crate-mio-container-master
power_consumption,1705314731384000000,2.618895668940301,paolo-laptop,crate-mio-container-master
power_consumption,1705314732389000000,2.287754432644532,paolo-laptop,crate-mio-container-master
power_consumption,1705314733391000000,5.260686049186031,paolo-laptop,crate-mio-container-master
power_consumption,1705314734393000000,4.982461758774059,paolo-laptop,crate-mio-container-master
power_consumption,1705314735395000000,6.881111839967098,paolo-laptop,crate-mio-container-master
power_consumption,1705314736396000000,8.386623574325633,paolo-laptop,crate-mio-container-master
power_consumption,1705314737398000000,9.828696229334447,paolo-laptop,crate-mio-container-master
power_consumption,1705314738399000000,9.005660423661157,paolo-laptop,crate-mio-container-master
power_consumption,1705314739401000000,2.8035934904335686,paolo-laptop,crate-mio-container-master
power_consumption,1705314740402000000,6.090113064768843,paolo-laptop,crate-mio-container-master
power_consumption,1705314741404000000,10.716728966814207,paolo-laptop,crate-mio-container-master
power_consumption,1705314742406000000,11.832350189209219,paolo-laptop,crate-mio-container-master
power_consumption,1705314743409000000,12.730770915619253,paolo-laptop,crate-mio-container-master
power_consumption,1705314744413000000,7.765976691950175,paolo-laptop,crate-mio-container-master
power_consumption,1705314745417000000,4.83856273392431,paolo-laptop,crate-mio-container-master
power_consumption,1705314746419000000,3.120667591542044,paolo-laptop,crate-mio-container-master
power_consumption,1705314747421000000,14.160802152085576,paolo-laptop,crate-mio-container-master
power_consumption,1705314748426000000,7.751036887362359,paolo-laptop,crate-mio-container-master
power_consumption,1705314749429000000,3.1671662022437426,paolo-laptop,crate-mio-container-master
power_consumption,1705314750431000000,2.457390551562852,paolo-laptop,crate-mio-container-master
power_consumption,1705314751433000000,2.610963604128702,paolo-laptop,crate-mio-container-master
power_consumption,1705314752436000000,9.110423594091092,paolo-laptop,crate-mio-container-master
power_consumption,1705314753442000000,1.6352131211690875,paolo-laptop,crate-mio-container-master
power_consumption,1705314754449000000,1.5572438545499785,paolo-laptop,crate-mio-container-master
power_consumption,1705314755458000000,0.36347976059173137,paolo-laptop,crate-mio-container-master
power_consumption,1705314756460000000,2.1498624708303127,paolo-laptop,crate-mio-container-master
power_consumption,1705314757462000000,12.669223385333973,paolo-laptop,crate-mio-container-master
power_consumption,1705314758466000000,11.883740615351893,paolo-laptop,crate-mio-container-master
power_consumption,1705314759470000000,6.212120491147569,paolo-laptop,crate-mio-container-master
power_consumption,1705314760474000000,1.497344836859816,paolo-laptop,crate-mio-container-master
power_consumption,1705314761478000000,0.3704574970232267,paolo-laptop,crate-mio-container-master
power_consumption,1705314762481000000,0.4228539242587145,paolo-laptop,crate-mio-container-master
power_consumption,1705314763484000000,0.378820030760694,paolo-laptop,crate-mio-container-master
power_consumption,1705314764488000000,0.335944873132185,paolo-laptop,crate-mio-container-master
power_consumption,1705314765490000000,0.3510289967338286,paolo-laptop,crate-mio-container-master
power_consumption,1705314766495000000,0.39846655527594943,paolo-laptop,crate-mio-container-master
power_consumption,1705314767499000000,1.6080964723798081,paolo-laptop,crate-mio-container-master
power_consumption,1705314768501000000,2.0168842477316593,paolo-laptop,crate-mio-container-master
power_consumption,1705314769506000000,2.4346451430780762,paolo-laptop,crate-mio-container-master
power_consumption,1705314770508000000,2.7969127781799337,paolo-laptop,crate-mio-container-master
power_consumption,1705314771513000000,1.6029277764367946,paolo-laptop,crate-mio-container-master
power_consumption,1705314772517000000,1.3384065115726156,paolo-laptop,crate-mio-container-master
power_consumption,1705314773518000000,5.484740929782321,paolo-laptop,crate-mio-container-master
power_consumption,1705314774522000000,0.8945764859647696,paolo-laptop,crate-mio-container-master
power_consumption,1705314775526000000,6.606756376874145,paolo-laptop,crate-mio-container-master
power_consumption,1705314776528000000,0.5551269347330605,paolo-laptop,crate-mio-container-master
power_consumption,1705314777532000000,1.0272406326795835,paolo-laptop,crate-mio-container-master
power_consumption,1705314778535000000,2.042793888048467,paolo-laptop,crate-mio-container-master
power_consumption,1705314779538000000,0.3233127374638177,paolo-laptop,crate-mio-container-master
power_consumption,1705314781544000000,6.266387965256804,paolo-laptop,crate-mio-container-master
power_consumption,1705314782548000000,9.561827680554448,paolo-laptop,crate-mio-container-master
power_consumption,1705314783550000000,3.504171079597027,paolo-laptop,crate-mio-container-master
power_consumption,1705314784555000000,2.7736442683360973,paolo-laptop,crate-mio-container-master
power_consumption,1705314785561000000,6.119647278198192,paolo-laptop,crate-mio-container-master
power_consumption,1705314786563000000,13.034940187263226,paolo-laptop,crate-mio-container-master
power_consumption,1705314787565000000,11.145135288476434,paolo-laptop,crate-mio-container-master
power_consumption,1705314788567000000,11.555295682720018,paolo-laptop,crate-mio-container-master
power_consumption,1705314789570000000,2.643988464159586,paolo-laptop,crate-mio-container-master
power_consumption,1705314790572000000,5.063827142722725,paolo-laptop,crate-mio-container-master
power_consumption,1705314791574000000,10.368468765439252,paolo-laptop,crate-mio-container-master
power_consumption,1705314792576000000,5.330470003788173,paolo-laptop,crate-mio-container-master
power_consumption,1705314793580000000,5.20014032312272,paolo-laptop,crate-mio-container-master
power_consumption,1705314794581000000,1.2999363383807199,paolo-laptop,crate-mio-container-master
power_consumption,1705314795583000000,2.623477030775719,paolo-laptop,crate-mio-container-master
power_consumption,1705314796585000000,6.570875442064947,paolo-laptop,crate-mio-container-master
power_consumption,1705314797586000000,6.034147728468497,paolo-laptop,crate-mio-container-master
power_consumption,1705314798588000000,10.58074072528753,paolo-laptop,crate-mio-container-master
power_consumption,1705314799589000000,11.366447950518921,paolo-laptop,crate-mio-container-master
power_consumption,1705314800591000000,11.689040289227645,paolo-laptop,crate-mio-container-master
power_consumption,1705314801593000000,8.222374757379868,paolo-laptop,crate-mio-container-master
power_consumption,1705314802597000000,1.3324018093634495,paolo-laptop,crate-mio-container-master
power_consumption,1705314803598000000,6.880472741360917,paolo-laptop,crate-mio-container-master
power_consumption,1705314804602000000,7.383164079086287,paolo-laptop,crate-mio-container-master
power_consumption,1705314805605000000,7.320152778272314,paolo-laptop,crate-mio-container-master
power_consumption,1705314806607000000,11.15496220234894,paolo-laptop,crate-mio-container-master
power_consumption,1705314807608000000,7.555003212089672,paolo-laptop,crate-mio-container-master
power_consumption,1705314808611000000,4.44164726544635,paolo-laptop,crate-mio-container-master
power_consumption,1705314809612000000,7.255111934070429,paolo-laptop,crate-mio-container-master
power_consumption,1705314810618000000,8.977938213982137,paolo-laptop,crate-mio-container-master
power_consumption,1705314811623000000,6.596220010503115,paolo-laptop,crate-mio-container-master
power_consumption,1705314812625000000,7.088886809021189,paolo-laptop,crate-mio-container-master
power_consumption,1705314813626000000,9.024719204377618,paolo-laptop,crate-mio-container-master
power_consumption,1705314814630000000,6.108778229358527,paolo-laptop,crate-mio-container-master
power_consumption,1705314815632000000,8.493667598697703,paolo-laptop,crate-mio-container-master
power_consumption,1705314816635000000,7.0376362176553595,paolo-laptop,crate-mio-container-master
power_consumption,1705314817639000000,3.110057038817152,paolo-laptop,crate-mio-container-master
power_consumption,1705314818640000000,7.099244598464753,paolo-laptop,crate-mio-container-master
power_consumption,1705314819644000000,2.4893183197777464,paolo-laptop,crate-mio-container-master
power_consumption,1705314820648000000,1.8269691706529472,paolo-laptop,crate-mio-container-master
power_consumption,1705314821649000000,6.51289439715837,paolo-laptop,crate-mio-container-master
power_consumption,1705314822650000000,3.4474458139580464,paolo-laptop,crate-mio-container-master
power_consumption,1705314823654000000,2.184600691323764,paolo-laptop,crate-mio-container-master
power_consumption,1705314824656000000,10.098630390161786,paolo-laptop,crate-mio-container-master
power_consumption,1705314825658000000,3.67670608257343,paolo-laptop,crate-mio-container-master
power_consumption,1705314826660000000,10.163263226888187,paolo-laptop,crate-mio-container-master
power_consumption,1705314827661000000,11.776485587127976,paolo-laptop,crate-mio-container-master
power_consumption,1705314828665000000,3.297870870565355,paolo-laptop,crate-mio-container-master
power_consumption,1705314829667000000,5.141251821245072,paolo-laptop,crate-mio-container-master
power_consumption,1705314830669000000,13.078989340699094,paolo-laptop,crate-mio-container-master
power_consumption,1705314831670000000,10.949240224404175,paolo-laptop,crate-mio-container-master
power_consumption,1705314832672000000,10.37184143718428,paolo-laptop,crate-mio-container-master
power_consumption,1705314833674000000,11.161164052917552,paolo-laptop,crate-mio-container-master
power_consumption,1705314834675000000,11.674795873984813,paolo-laptop,crate-mio-container-master
power_consumption,1705314836678000000,10.41171820486137,paolo-laptop,crate-mio-container-master
power_consumption,1705314837680000000,15.143503162011829,paolo-laptop,crate-mio-container-master
power_consumption,1705314838682000000,17.227378772397753,paolo-laptop,crate-mio-container-master
power_consumption,1705314839684000000,10.741361407810452,paolo-laptop,crate-mio-container-master
power_consumption,1705314840687000000,10.880577443875895,paolo-laptop,crate-mio-container-master
power_consumption,1705314841689000000,5.204226885683873,paolo-laptop,crate-mio-container-master
power_consumption,1705314842693000000,8.81431836209211,paolo-laptop,crate-mio-container-master
power_consumption,1705314843695000000,4.094900324667395,paolo-laptop,crate-mio-container-master
power_consumption,1705314844697000000,11.040163400004126,paolo-laptop,crate-mio-container-master
power_consumption,1705314845702000000,1.79293434934847,paolo-laptop,crate-mio-container-master
power_consumption,1705314846704000000,6.283355952156704,paolo-laptop,crate-mio-container-master
power_consumption,1705314847708000000,6.960354089082248,paolo-laptop,crate-mio-container-master
