name,time,power,sensor,target
power_consumption,1704888707702000000,12.291618986811299,paolo-laptop,crate-container-cd
power_consumption,1704888708703000000,10.86456255712191,paolo-laptop,crate-container-cd
power_consumption,1704888709705000000,11.813027911529641,paolo-laptop,crate-container-cd
power_consumption,1704888711709000000,13.933764306606687,paolo-laptop,crate-container-cd
power_consumption,1704888713712000000,11.024738982537631,paolo-laptop,crate-container-cd
power_consumption,1704888714714000000,13.000376978597597,paolo-laptop,crate-container-cd
power_consumption,1704888715715000000,10.590616563495352,paolo-laptop,crate-container-cd
power_consumption,1704888718725000000,10.042589188221584,paolo-laptop,crate-container-cd
power_consumption,1704888719726000000,12.252068252029371,paolo-laptop,crate-container-cd
power_consumption,1704888720728000000,12.058986871674648,paolo-laptop,crate-container-cd
power_consumption,1704888721729000000,12.721985460175091,paolo-laptop,crate-container-cd
power_consumption,1704888722731000000,11.72397950533815,paolo-laptop,crate-container-cd
power_consumption,1704888723732000000,10.6883301334326,paolo-laptop,crate-container-cd
power_consumption,1704888726737000000,12.99926777558753,paolo-laptop,crate-container-cd
power_consumption,1704888729740000000,10.247517005714856,paolo-laptop,crate-container-cd
power_consumption,1704888731743000000,10.773121743645733,paolo-laptop,crate-container-cd
power_consumption,1704888732744000000,11.49196869751357,paolo-laptop,crate-container-cd
power_consumption,1704888734747000000,13.265209145925729,paolo-laptop,crate-container-cd
power_consumption,1704888735753000000,13.684853326585099,paolo-laptop,crate-container-cd
power_consumption,1704888736754000000,12.601553478971331,paolo-laptop,crate-container-cd
power_consumption,1704888739758000000,12.483588665519477,paolo-laptop,crate-container-cd
power_consumption,1704888740759000000,13.150366718052183,paolo-laptop,crate-container-cd
power_consumption,1704888741760000000,11.078074353115937,paolo-laptop,crate-container-cd
power_consumption,1704888742762000000,12.022582821592843,paolo-laptop,crate-container-cd
power_consumption,1704888743763000000,11.830376148295478,paolo-laptop,crate-container-cd
power_consumption,1704888744765000000,13.22789026284477,paolo-laptop,crate-container-cd
power_consumption,1704888746768000000,18.337170269336013,paolo-laptop,crate-container-cd
power_consumption,1704888747769000000,10.688069948774407,paolo-laptop,crate-container-cd
power_consumption,1704888748770000000,11.9839143123585,paolo-laptop,crate-container-cd
power_consumption,1704888749772000000,11.328511292195016,paolo-laptop,crate-container-cd
power_consumption,1704888750773000000,11.297026411304333,paolo-laptop,crate-container-cd
power_consumption,1704888751774000000,10.36504101801875,paolo-laptop,crate-container-cd
power_consumption,1704888752775000000,10.980482742137117,paolo-laptop,crate-container-cd
power_consumption,1704888753776000000,9.420909288324388,paolo-laptop,crate-container-cd
power_consumption,1704888754777000000,12.023758045969192,paolo-laptop,crate-container-cd
power_consumption,1704888755780000000,10.195981291069192,paolo-laptop,crate-container-cd
power_consumption,1704888756781000000,12.638679818703276,paolo-laptop,crate-container-cd
power_consumption,1704888757784000000,9.578721571139113,paolo-laptop,crate-container-cd
power_consumption,1704888758786000000,11.950479190843007,paolo-laptop,crate-container-cd
power_consumption,1704888759788000000,9.106992028324449,paolo-laptop,crate-container-cd
power_consumption,1704888760789000000,10.265748590009812,paolo-laptop,crate-container-cd
power_consumption,1704888761791000000,13.095236911109646,paolo-laptop,crate-container-cd
power_consumption,1704888762793000000,14.41045578664303,paolo-laptop,crate-container-cd
power_consumption,1704888763794000000,11.201781687763036,paolo-laptop,crate-container-cd
power_consumption,1704888764796000000,13.111238861251834,paolo-laptop,crate-container-cd
power_consumption,1704888765797000000,14.548337310571643,paolo-laptop,crate-container-cd
power_consumption,1704888766799000000,14.95401908221076,paolo-laptop,crate-container-cd
power_consumption,1704888767801000000,15.010707810594502,paolo-laptop,crate-container-cd
power_consumption,1704888768814000000,14.602741022145128,paolo-laptop,crate-container-cd
power_consumption,1704888769815000000,13.865822425881214,paolo-laptop,crate-container-cd
power_consumption,1704888770817000000,16.54366973587501,paolo-laptop,crate-container-cd
power_consumption,1704888771819000000,14.878355705012503,paolo-laptop,crate-container-cd
power_consumption,1704888772820000000,12.442830690011652,paolo-laptop,crate-container-cd
power_consumption,1704888773823000000,13.108532355946227,paolo-laptop,crate-container-cd
power_consumption,1704888774825000000,14.410807835074941,paolo-laptop,crate-container-cd
power_consumption,1704888775826000000,14.767090242863397,paolo-laptop,crate-container-cd
power_consumption,1704888776828000000,12.158458556216063,paolo-laptop,crate-container-cd
power_consumption,1704888777829000000,14.111260548782727,paolo-laptop,crate-container-cd
power_consumption,1704888778831000000,14.050856520069651,paolo-laptop,crate-container-cd
power_consumption,1704888779834000000,14.265723972018423,paolo-laptop,crate-container-cd
power_consumption,1704888780846000000,14.029661413215408,paolo-laptop,crate-container-cd
power_consumption,1704888781848000000,13.748437859013265,paolo-laptop,crate-container-cd
power_consumption,1704888782851000000,13.907999915250805,paolo-laptop,crate-container-cd
power_consumption,1704888783853000000,14.29250849900637,paolo-laptop,crate-container-cd
power_consumption,1704888784854000000,15.000698036435523,paolo-laptop,crate-container-cd
power_consumption,1704888785856000000,14.32288463517245,paolo-laptop,crate-container-cd
power_consumption,1704888786859000000,13.915870594882545,paolo-laptop,crate-container-cd
power_consumption,1704888787861000000,13.756023196787934,paolo-laptop,crate-container-cd
power_consumption,1704888788863000000,14.018930163104788,paolo-laptop,crate-container-cd
power_consumption,1704888789864000000,14.217997233357076,paolo-laptop,crate-container-cd
power_consumption,1704888790866000000,13.192776279477235,paolo-laptop,crate-container-cd
power_consumption,1704888791868000000,14.139116203885001,paolo-laptop,crate-container-cd
power_consumption,1704888792870000000,13.849319649687597,paolo-laptop,crate-container-cd
power_consumption,1704888793872000000,12.648424122253367,paolo-laptop,crate-container-cd
power_consumption,1704888794874000000,14.395899318533477,paolo-laptop,crate-container-cd
power_consumption,1704888795876000000,14.383386156947088,paolo-laptop,crate-container-cd
power_consumption,1704888796879000000,13.798960901646595,paolo-laptop,crate-container-cd
power_consumption,1704888797881000000,13.456478516952465,paolo-laptop,crate-container-cd
power_consumption,1704888798885000000,14.178158573497168,paolo-laptop,crate-container-cd
power_consumption,1704888799887000000,16.095061110933216,paolo-laptop,crate-container-cd
power_consumption,1704888800893000000,15.133068245628602,paolo-laptop,crate-container-cd
power_consumption,1704888801899000000,13.032212124431581,paolo-laptop,crate-container-cd
power_consumption,1704888802902000000,10.47842546484741,paolo-laptop,crate-container-cd
power_consumption,1704888803904000000,12.835936245132539,paolo-laptop,crate-container-cd
power_consumption,1704888804906000000,14.399759214769691,paolo-laptop,crate-container-cd
power_consumption,1704888805908000000,15.760650667424702,paolo-laptop,crate-container-cd
power_consumption,1704888806911000000,13.78705497319993,paolo-laptop,crate-container-cd
power_consumption,1704888807912000000,14.624690349177644,paolo-laptop,crate-container-cd
power_consumption,1704888808914000000,13.838785845115446,paolo-laptop,crate-container-cd
power_consumption,1704888809916000000,17.19186669049477,paolo-laptop,crate-container-cd
power_consumption,1704888810918000000,13.894984369471697,paolo-laptop,crate-container-cd
power_consumption,1704888811920000000,15.150011743337695,paolo-laptop,crate-container-cd
power_consumption,1704888812922000000,11.935955617703247,paolo-laptop,crate-container-cd
power_consumption,1704888813925000000,13.551653434482054,paolo-laptop,crate-container-cd
power_consumption,1704888814927000000,11.578933364220424,paolo-laptop,crate-container-cd
power_consumption,1704888815929000000,14.194577612563236,paolo-laptop,crate-container-cd
power_consumption,1704888816932000000,13.840604328345606,paolo-laptop,crate-container-cd
power_consumption,1704888817934000000,14.18362772114136,paolo-laptop,crate-container-cd
power_consumption,1704888818937000000,13.60478388143149,paolo-laptop,crate-container-cd
power_consumption,1704888819939000000,17.619952852455892,paolo-laptop,crate-container-cd
power_consumption,1704888820942000000,16.93465119794576,paolo-laptop,crate-container-cd
power_consumption,1704888821945000000,17.2524135476,paolo-laptop,crate-container-cd
power_consumption,1704888822948000000,13.357707046762899,paolo-laptop,crate-container-cd
power_consumption,1704888823950000000,14.285020628131175,paolo-laptop,crate-container-cd
power_consumption,1704888824952000000,14.012495631348918,paolo-laptop,crate-container-cd
power_consumption,1704888825954000000,13.368104088349279,paolo-laptop,crate-container-cd
power_consumption,1704888826956000000,13.494913374594237,paolo-laptop,crate-container-cd
power_consumption,1704888827958000000,13.77736785651323,paolo-laptop,crate-container-cd
power_consumption,1704888828960000000,14.624937688475413,paolo-laptop,crate-container-cd
power_consumption,1704888829962000000,13.843569867905623,paolo-laptop,crate-container-cd
power_consumption,1704888830965000000,12.564472239531549,paolo-laptop,crate-container-cd
power_consumption,1704888831967000000,13.71378005439503,paolo-laptop,crate-container-cd
power_consumption,1704888832969000000,13.38264100770605,paolo-laptop,crate-container-cd
power_consumption,1704888833971000000,14.193137142498228,paolo-laptop,crate-container-cd
power_consumption,1704888834973000000,13.467185112130759,paolo-laptop,crate-container-cd
power_consumption,1704888835975000000,12.29649226044871,paolo-laptop,crate-container-cd
power_consumption,1704888836978000000,11.25229841688634,paolo-laptop,crate-container-cd
power_consumption,1704888837984000000,9.90428529814258,paolo-laptop,crate-container-cd
power_consumption,1704888838987000000,12.663855621026874,paolo-laptop,crate-container-cd
power_consumption,1704888839993000000,13.059413289944878,paolo-laptop,crate-container-cd
power_consumption,1704888840995000000,11.9359582131017,paolo-laptop,crate-container-cd
power_consumption,1704888841997000000,11.496973882916746,paolo-laptop,crate-container-cd
power_consumption,1704888843000000000,11.848100547742334,paolo-laptop,crate-container-cd
power_consumption,1704888844002000000,11.874993581151271,paolo-laptop,crate-container-cd
power_consumption,1704888845004000000,9.249684253114737,paolo-laptop,crate-container-cd
power_consumption,1704888846007000000,11.494941940318917,paolo-laptop,crate-container-cd
power_consumption,1704888847011000000,11.757156294961524,paolo-laptop,crate-container-cd
power_consumption,1704888848014000000,13.099377577686221,paolo-laptop,crate-container-cd
power_consumption,1704888849020000000,14.336805215419124,paolo-laptop,crate-container-cd
power_consumption,1704888850024000000,14.498860524379415,paolo-laptop,crate-container-cd
power_consumption,1704888851030000000,14.473169933069148,paolo-laptop,crate-container-cd
power_consumption,1704888852032000000,12.58870288267016,paolo-laptop,crate-container-cd
power_consumption,1704888853038000000,14.351475501236568,paolo-laptop,crate-container-cd
power_consumption,1704888854040000000,14.097831667030785,paolo-laptop,crate-container-cd
power_consumption,1704888855042000000,13.955376914707516,paolo-laptop,crate-container-cd
power_consumption,1704888856044000000,14.221363399003849,paolo-laptop,crate-container-cd
power_consumption,1704888857047000000,13.142420345106897,paolo-laptop,crate-container-cd
power_consumption,1704888858049000000,14.248887101544963,paolo-laptop,crate-container-cd
power_consumption,1704888859051000000,14.042051443489754,paolo-laptop,crate-container-cd
power_consumption,1704888860053000000,12.569818157860055,paolo-laptop,crate-container-cd
power_consumption,1704888861056000000,12.793367173851347,paolo-laptop,crate-container-cd
power_consumption,1704888862059000000,13.939053277268423,paolo-laptop,crate-container-cd
power_consumption,1704888863061000000,13.112696537132582,paolo-laptop,crate-container-cd
power_consumption,1704888866068000000,14.030152142621013,paolo-laptop,crate-container-cd
power_consumption,1704888867070000000,13.465382700247945,paolo-laptop,crate-container-cd
power_consumption,1704888868072000000,13.734445759583927,paolo-laptop,crate-container-cd
power_consumption,1704888869085000000,13.447747517139643,paolo-laptop,crate-container-cd
power_consumption,1704888870089000000,14.133428014831983,paolo-laptop,crate-container-cd
power_consumption,1704888871098000000,14.114983660794671,paolo-laptop,crate-container-cd
power_consumption,1704888872100000000,13.96759430932561,paolo-laptop,crate-container-cd
power_consumption,1704888873102000000,13.787053264589742,paolo-laptop,crate-container-cd
power_consumption,1704888874104000000,13.426670946964437,paolo-laptop,crate-container-cd
power_consumption,1704888875107000000,14.633231190598426,paolo-laptop,crate-container-cd
power_consumption,1704888876110000000,13.307985128153355,paolo-laptop,crate-container-cd
power_consumption,1704888877113000000,14.256381126905584,paolo-laptop,crate-container-cd
power_consumption,1704888878115000000,11.187639943373075,paolo-laptop,crate-container-cd
power_consumption,1704888879118000000,13.145405468149596,paolo-laptop,crate-container-cd
power_consumption,1704888880121000000,13.162992948607071,paolo-laptop,crate-container-cd
power_consumption,1704888881123000000,13.184721614746383,paolo-laptop,crate-container-cd
power_consumption,1704888882125000000,13.180503883079991,paolo-laptop,crate-container-cd
power_consumption,1704888883128000000,13.182333603964207,paolo-laptop,crate-container-cd
power_consumption,1704888884130000000,13.251734518552546,paolo-laptop,crate-container-cd
power_consumption,1704888885133000000,13.190997097358894,paolo-laptop,crate-container-cd
power_consumption,1704888886135000000,13.175327614720594,paolo-laptop,crate-container-cd
power_consumption,1704888887137000000,13.137997271100788,paolo-laptop,crate-container-cd
power_consumption,1704888888140000000,13.179001783983283,paolo-laptop,crate-container-cd
power_consumption,1704888889142000000,13.186614885853466,paolo-laptop,crate-container-cd
power_consumption,1704888890145000000,13.242898474335751,paolo-laptop,crate-container-cd
power_consumption,1704888891147000000,13.14611126364251,paolo-laptop,crate-container-cd
power_consumption,1704888892149000000,13.251614150591697,paolo-laptop,crate-container-cd
power_consumption,1704888893151000000,13.299634070179387,paolo-laptop,crate-container-cd
power_consumption,1704888894154000000,13.28535682322607,paolo-laptop,crate-container-cd
power_consumption,1704888895157000000,13.233696152965639,paolo-laptop,crate-container-cd
power_consumption,1704888896159000000,13.390348670319224,paolo-laptop,crate-container-cd
power_consumption,1704888897162000000,13.182306518824305,paolo-laptop,crate-container-cd
power_consumption,1704888901175000000,13.417079207023157,paolo-laptop,crate-container-cd
power_consumption,1704888911202000000,13.342778182526377,paolo-laptop,crate-container-cd
power_consumption,1704888912204000000,13.194927733350617,paolo-laptop,crate-container-cd
power_consumption,1704888913205000000,13.233228982321453,paolo-laptop,crate-container-cd
power_consumption,1704888914207000000,13.254856619063744,paolo-laptop,crate-container-cd
power_consumption,1704888915209000000,13.473420080318535,paolo-laptop,crate-container-cd
power_consumption,1704888916211000000,13.208666424855656,paolo-laptop,crate-container-cd
power_consumption,1704888917213000000,13.085008500769224,paolo-laptop,crate-container-cd
power_consumption,1704888918215000000,13.381139639340587,paolo-laptop,crate-container-cd
power_consumption,1704888919218000000,12.93350655166972,paolo-laptop,crate-container-cd
power_consumption,1704888920220000000,13.190808849481014,paolo-laptop,crate-container-cd
power_consumption,1704888921222000000,13.311613818515864,paolo-laptop,crate-container-cd
power_consumption,1704888922224000000,13.29177865153555,paolo-laptop,crate-container-cd
power_consumption,1704888923227000000,13.423950926203132,paolo-laptop,crate-container-cd
power_consumption,1704888924229000000,13.188415570460219,paolo-laptop,crate-container-cd
power_consumption,1704888925231000000,13.384504180383988,paolo-laptop,crate-container-cd
power_consumption,1704888926234000000,13.303942547059563,paolo-laptop,crate-container-cd
power_consumption,1704888927236000000,13.224187933566807,paolo-laptop,crate-container-cd
power_consumption,1704888928238000000,13.328957406249783,paolo-laptop,crate-container-cd
power_consumption,1704888929240000000,13.3583679191956,paolo-laptop,crate-container-cd
power_consumption,1704888930242000000,13.286464082592415,paolo-laptop,crate-container-cd
power_consumption,1704888931244000000,13.380836501113029,paolo-laptop,crate-container-cd
power_consumption,1704888932246000000,13.486026297229225,paolo-laptop,crate-container-cd
power_consumption,1704888933248000000,13.370232334414762,paolo-laptop,crate-container-cd
power_consumption,1704888934252000000,13.34373739410916,paolo-laptop,crate-container-cd
power_consumption,1704888935258000000,13.35999491213134,paolo-laptop,crate-container-cd
power_consumption,1704888936260000000,13.508858202225538,paolo-laptop,crate-container-cd
power_consumption,1704888937262000000,13.261371753622653,paolo-laptop,crate-container-cd
power_consumption,1704888938264000000,13.516439288667403,paolo-laptop,crate-container-cd
power_consumption,1704888939267000000,13.378770159747475,paolo-laptop,crate-container-cd
power_consumption,1704888940269000000,13.082309514513222,paolo-laptop,crate-container-cd
power_consumption,1704888941271000000,13.319921829348239,paolo-laptop,crate-container-cd
power_consumption,1704888942273000000,13.429807597110774,paolo-laptop,crate-container-cd
power_consumption,1704888943275000000,13.3802633664625,paolo-laptop,crate-container-cd
power_consumption,1704888944277000000,13.530214370565691,paolo-laptop,crate-container-cd
power_consumption,1704888945280000000,13.245924188772012,paolo-laptop,crate-container-cd
power_consumption,1704888946282000000,13.419894338303699,paolo-laptop,crate-container-cd
power_consumption,1704888947284000000,13.36818937088662,paolo-laptop,crate-container-cd
power_consumption,1704888948286000000,13.593607826287837,paolo-laptop,crate-container-cd
power_consumption,1704888949288000000,13.43289438789173,paolo-laptop,crate-container-cd
power_consumption,1704888950291000000,13.656018519238811,paolo-laptop,crate-container-cd
power_consumption,1704888951294000000,13.616289493236643,paolo-laptop,crate-container-cd
power_consumption,1704888952296000000,13.618906230201874,paolo-laptop,crate-container-cd
power_consumption,1704888953299000000,13.37114564414838,paolo-laptop,crate-container-cd
power_consumption,1704888954302000000,13.722468589182697,paolo-laptop,crate-container-cd
power_consumption,1704888955304000000,13.639080529831764,paolo-laptop,crate-container-cd
power_consumption,1704888956306000000,13.728045815776543,paolo-laptop,crate-container-cd
power_consumption,1704888957308000000,13.561937297680492,paolo-laptop,crate-container-cd
power_consumption,1704888958310000000,13.732904242575756,paolo-laptop,crate-container-cd
power_consumption,1704888959312000000,13.47232927898713,paolo-laptop,crate-container-cd
power_consumption,1704888960314000000,13.419267686415324,paolo-laptop,crate-container-cd
power_consumption,1704888961316000000,13.235890988121833,paolo-laptop,crate-container-cd
power_consumption,1704888962319000000,13.472801790128369,paolo-laptop,crate-container-cd
power_consumption,1704888963321000000,13.384208171330993,paolo-laptop,crate-container-cd
power_consumption,1704888964323000000,13.590370678288702,paolo-laptop,crate-container-cd
power_consumption,1704888965325000000,13.585823609047196,paolo-laptop,crate-container-cd
power_consumption,1704888966327000000,13.481060448956686,paolo-laptop,crate-container-cd
power_consumption,1704888967329000000,13.31189362450135,paolo-laptop,crate-container-cd
power_consumption,1704888970333000000,13.371090721176232,paolo-laptop,crate-container-cd
power_consumption,1704888974343000000,13.273717654882972,paolo-laptop,crate-container-cd
power_consumption,1704888975345000000,13.429318435491506,paolo-laptop,crate-container-cd
power_consumption,1704888980361000000,13.010753636052659,paolo-laptop,crate-container-cd
power_consumption,1704888983369000000,13.395610649893845,paolo-laptop,crate-container-cd
power_consumption,1704888984371000000,13.481221854730626,paolo-laptop,crate-container-cd
power_consumption,1704888985373000000,13.30928207907467,paolo-laptop,crate-container-cd
power_consumption,1704888986375000000,13.305461091147585,paolo-laptop,crate-container-cd
power_consumption,1704888987377000000,13.330180955850247,paolo-laptop,crate-container-cd
power_consumption,1704888988379000000,13.415435646283806,paolo-laptop,crate-container-cd
power_consumption,1704888989381000000,13.42234973952453,paolo-laptop,crate-container-cd
power_consumption,1704888990383000000,13.377459574270636,paolo-laptop,crate-container-cd
power_consumption,1704888991385000000,13.34631878709677,paolo-laptop,crate-container-cd
power_consumption,1704888992388000000,13.421737032238795,paolo-laptop,crate-container-cd
power_consumption,1704888993391000000,13.335236440534196,paolo-laptop,crate-container-cd
power_consumption,1704888994395000000,13.382057292195352,paolo-laptop,crate-container-cd
power_consumption,1704888995397000000,13.457429305684022,paolo-laptop,crate-container-cd
power_consumption,1704888996399000000,13.438678912571476,paolo-laptop,crate-container-cd
power_consumption,1704888997405000000,13.476146755437645,paolo-laptop,crate-container-cd
power_consumption,1704888998412000000,13.468561258035614,paolo-laptop,crate-container-cd
power_consumption,1704888999414000000,13.350313778066978,paolo-laptop,crate-container-cd
power_consumption,1704889004424000000,13.364005380782396,paolo-laptop,crate-container-cd
power_consumption,1704889005427000000,12.05507484464876,paolo-laptop,crate-container-cd
power_consumption,1704889008434000000,12.886231990178384,paolo-laptop,crate-container-cd
power_consumption,1704889012447000000,13.057818489535022,paolo-laptop,crate-container-cd
power_consumption,1704889013449000000,12.53306511483019,paolo-laptop,crate-container-cd
power_consumption,1704889014453000000,10.852994714866742,paolo-laptop,crate-container-cd
power_consumption,1704889017461000000,13.462387338935493,paolo-laptop,crate-container-cd
power_consumption,1704889018464000000,13.358238096072435,paolo-laptop,crate-container-cd
power_consumption,1704889019466000000,12.775045074717717,paolo-laptop,crate-container-cd
power_consumption,1704889020468000000,12.935725359310641,paolo-laptop,crate-container-cd
power_consumption,1704889021470000000,12.53801009147481,paolo-laptop,crate-container-cd
power_consumption,1704889022472000000,12.147447025876833,paolo-laptop,crate-container-cd
power_consumption,1704889023474000000,12.429192391485422,paolo-laptop,crate-container-cd
power_consumption,1704889024479000000,10.040152867975715,paolo-laptop,crate-container-cd
power_consumption,1704889030497000000,13.074397247092506,paolo-laptop,crate-container-cd
power_consumption,1704889031499000000,14.350214089739879,paolo-laptop,crate-container-cd
power_consumption,1704889034507000000,14.214463845943794,paolo-laptop,crate-container-cd
power_consumption,1704889035510000000,11.81019557353707,paolo-laptop,crate-container-cd
power_consumption,1704889038519000000,13.08973941412125,paolo-laptop,crate-container-cd
power_consumption,1704889042528000000,13.094108057418813,paolo-laptop,crate-container-cd
power_consumption,1704889043530000000,12.766028449114405,paolo-laptop,crate-container-cd
power_consumption,1704889044533000000,12.878471381942148,paolo-laptop,crate-container-cd
power_consumption,1704889045535000000,13.434859375000658,paolo-laptop,crate-container-cd
power_consumption,1704889046537000000,13.076248671286677,paolo-laptop,crate-container-cd
power_consumption,1704889047540000000,13.497572895263945,paolo-laptop,crate-container-cd
power_consumption,1704889048542000000,13.1934601143601,paolo-laptop,crate-container-cd
power_consumption,1704889049544000000,13.405494211680868,paolo-laptop,crate-container-cd
power_consumption,1704889050546000000,13.107439361531927,paolo-laptop,crate-container-cd
power_consumption,1704889051548000000,13.538652330834756,paolo-laptop,crate-container-cd
power_consumption,1704889052550000000,12.703381123755065,paolo-laptop,crate-container-cd
power_consumption,1704889053552000000,13.517808688058562,paolo-laptop,crate-container-cd
power_consumption,1704889054554000000,13.093018087611755,paolo-laptop,crate-container-cd
power_consumption,1704889055557000000,13.512443209034803,paolo-laptop,crate-container-cd
power_consumption,1704889056559000000,13.049219058101663,paolo-laptop,crate-container-cd
power_consumption,1704889057561000000,13.020805885189,paolo-laptop,crate-container-cd
power_consumption,1704889058563000000,13.062015507012351,paolo-laptop,crate-container-cd
power_consumption,1704889059565000000,13.113186151705719,paolo-laptop,crate-container-cd
power_consumption,1704889060567000000,13.102465520183848,paolo-laptop,crate-container-cd
power_consumption,1704889061569000000,13.480522876571737,paolo-laptop,crate-container-cd
power_consumption,1704889062571000000,12.946376222298664,paolo-laptop,crate-container-cd
power_consumption,1704889064575000000,12.298857986091726,paolo-laptop,crate-container-cd
power_consumption,1704889065582000000,13.044838432829557,paolo-laptop,crate-container-cd
power_consumption,1704889066584000000,12.758617890577792,paolo-laptop,crate-container-cd
power_consumption,1704889067590000000,13.383039767418229,paolo-laptop,crate-container-cd
power_consumption,1704889069598000000,12.380539417931807,paolo-laptop,crate-container-cd
power_consumption,1704889070600000000,12.884151465618626,paolo-laptop,crate-container-cd
power_consumption,1704889071606000000,12.292499200822506,paolo-laptop,crate-container-cd
power_consumption,1704889072611000000,13.23698279702927,paolo-laptop,crate-container-cd
power_consumption,1704889073616000000,12.724937612965379,paolo-laptop,crate-container-cd
power_consumption,1704889075624000000,12.541061004206604,paolo-laptop,crate-container-cd
power_consumption,1704889076626000000,12.119459969803287,paolo-laptop,crate-container-cd
power_consumption,1704889077628000000,12.764506656125157,paolo-laptop,crate-container-cd
power_consumption,1704889078631000000,13.216895567197511,paolo-laptop,crate-container-cd
power_consumption,1704889079633000000,13.160482271338214,paolo-laptop,crate-container-cd
power_consumption,1704889080635000000,12.654273195940782,paolo-laptop,crate-container-cd
power_consumption,1704889081638000000,12.737483938176055,paolo-laptop,crate-container-cd
power_consumption,1704889082640000000,12.778799502686141,paolo-laptop,crate-container-cd
power_consumption,1704889083642000000,12.525303215940468,paolo-laptop,crate-container-cd
power_consumption,1704889090667000000,10.284450007749504,paolo-laptop,crate-container-cd
power_consumption,1704889091669000000,11.292042998927169,paolo-laptop,crate-container-cd
power_consumption,1704889092671000000,12.838987683561866,paolo-laptop,crate-container-cd
power_consumption,1704889093674000000,12.362047801833384,paolo-laptop,crate-container-cd
power_consumption,1704889094676000000,12.131410276841851,paolo-laptop,crate-container-cd
power_consumption,1704889095678000000,12.966947640103319,paolo-laptop,crate-container-cd
power_consumption,1704889096680000000,12.79246432784664,paolo-laptop,crate-container-cd
power_consumption,1704889097683000000,12.932455995127441,paolo-laptop,crate-container-cd
power_consumption,1704889098686000000,12.087175704540439,paolo-laptop,crate-container-cd
power_consumption,1704889099688000000,12.132018268891542,paolo-laptop,crate-container-cd
power_consumption,1704889100690000000,12.691642941162318,paolo-laptop,crate-container-cd
power_consumption,1704889101692000000,12.881581958483011,paolo-laptop,crate-container-cd
power_consumption,1704889102695000000,11.839231638657743,paolo-laptop,crate-container-cd
power_consumption,1704889103697000000,12.016358702975722,paolo-laptop,crate-container-cd
power_consumption,1704889104699000000,11.628443283668222,paolo-laptop,crate-container-cd
power_consumption,1704889105701000000,12.788940632401417,paolo-laptop,crate-container-cd
power_consumption,1704889106705000000,1.326077282839477,paolo-laptop,crate-container-cd
power_consumption,1704889109718000000,4.255409050971575,paolo-laptop,crate-container-cd
power_consumption,1704889113731000000,5.029884028910649,paolo-laptop,crate-container-cd
power_consumption,1704889116739000000,8.458273024735687,paolo-laptop,crate-container-cd
power_consumption,1704889118742000000,7.605989141419195,paolo-laptop,crate-container-cd
power_consumption,1704889119746000000,6.710670309952755,paolo-laptop,crate-container-cd
power_consumption,1704889121750000000,9.363184348150135,paolo-laptop,crate-container-cd
power_consumption,1704889129774000000,8.193073459302134,paolo-laptop,crate-container-cd
power_consumption,1704889132784000000,3.244459292791707,paolo-laptop,crate-container-cd
power_consumption,1704889138796000000,6.566379425422407,paolo-laptop,crate-container-cd
power_consumption,1704889142803000000,10.774832366668052,paolo-laptop,crate-container-cd
power_consumption,1704889144806000000,2.7440844207052857,paolo-laptop,crate-container-cd
power_consumption,1704889145808000000,3.290953111275413,paolo-laptop,crate-container-cd
power_consumption,1704889149818000000,8.203557166274619,paolo-laptop,crate-container-cd
power_consumption,1704889150822000000,1.6236933534683866,paolo-laptop,crate-container-cd
power_consumption,1704889151823000000,10.61887680019074,paolo-laptop,crate-container-cd
power_consumption,1704889152825000000,11.985651163212985,paolo-laptop,crate-container-cd
power_consumption,1704889153827000000,8.9432086579723,paolo-laptop,crate-container-cd
power_consumption,1704889154829000000,12.15553931320252,paolo-laptop,crate-container-cd
power_consumption,1704889155832000000,9.50011863050214,paolo-laptop,crate-container-cd
power_consumption,1704889156834000000,12.63400706007195,paolo-laptop,crate-container-cd
power_consumption,1704889157835000000,11.686786310951291,paolo-laptop,crate-container-cd
power_consumption,1704889158837000000,12.33876872784434,paolo-laptop,crate-container-cd
power_consumption,1704889159840000000,11.244195934780752,paolo-laptop,crate-container-cd
power_consumption,1704889160841000000,9.20825858416993,paolo-laptop,crate-container-cd
power_consumption,1704889161843000000,10.810811403504061,paolo-laptop,crate-container-cd
power_consumption,1704889162844000000,8.91003723276488,paolo-laptop,crate-container-cd
power_consumption,1704889163846000000,11.151677746375798,paolo-laptop,crate-container-cd
power_consumption,1704889164848000000,9.545735870893047,paolo-laptop,crate-container-cd
power_consumption,1704889165851000000,9.514376132497269,paolo-laptop,crate-container-cd
power_consumption,1704889166854000000,8.480962669230525,paolo-laptop,crate-container-cd
power_consumption,1704889167856000000,6.677805615680149,paolo-laptop,crate-container-cd
power_consumption,1704889168860000000,8.047090107448318,paolo-laptop,crate-container-cd
power_consumption,1704889171867000000,12.98527332818609,paolo-laptop,crate-container-cd
power_consumption,1704889172869000000,12.984415029342355,paolo-laptop,crate-container-cd
power_consumption,1704889173873000000,12.834402834729572,paolo-laptop,crate-container-cd
power_consumption,1704889174875000000,5.020442595900869,paolo-laptop,crate-container-cd
power_consumption,1704889176879000000,13.895041565253793,paolo-laptop,crate-container-cd
power_consumption,1704889177885000000,11.718766856516867,paolo-laptop,crate-container-cd
power_consumption,1704889180892000000,13.451670173329116,paolo-laptop,crate-container-cd
power_consumption,1704889181894000000,13.593768026371848,paolo-laptop,crate-container-cd
power_consumption,1704889182896000000,13.205285039439321,paolo-laptop,crate-container-cd
power_consumption,1704889183899000000,11.930483638518645,paolo-laptop,crate-container-cd
power_consumption,1704889185905000000,2.0413637181876836,paolo-laptop,crate-container-cd
power_consumption,1704889186907000000,12.021482552311898,paolo-laptop,crate-container-cd
power_consumption,1704889187909000000,12.994082605365808,paolo-laptop,crate-container-cd
power_consumption,1704889188910000000,12.700599813874394,paolo-laptop,crate-container-cd
power_consumption,1704889192921000000,5.548198078062501,paolo-laptop,crate-container-cd
power_consumption,1704889194924000000,12.076096192653523,paolo-laptop,crate-container-cd
power_consumption,1704889195926000000,12.812293366021063,paolo-laptop,crate-container-cd
power_consumption,1704889196928000000,12.88586093966311,paolo-laptop,crate-container-cd
power_consumption,1704889197931000000,10.797360372652273,paolo-laptop,crate-container-cd
power_consumption,1704889201938000000,11.676398350145098,paolo-laptop,crate-container-cd
power_consumption,1704889202940000000,11.00397984111278,paolo-laptop,crate-container-cd
power_consumption,1704889203949000000,3.4621271343438265,paolo-laptop,crate-container-cd
power_consumption,1704889207956000000,5.004076471987104,paolo-laptop,crate-container-cd
power_consumption,1704889208957000000,6.810226912539181,paolo-laptop,crate-container-cd
power_consumption,1704889209959000000,12.627296865081803,paolo-laptop,crate-container-cd
power_consumption,1704889211970000000,12.560327338378002,paolo-laptop,crate-container-cd
power_consumption,1704889212971000000,14.465612214400464,paolo-laptop,crate-container-cd
power_consumption,1704889213974000000,10.28696245571906,paolo-laptop,crate-container-cd
power_consumption,1704889214976000000,6.193268149400063,paolo-laptop,crate-container-cd
power_consumption,1704889215978000000,13.84578151199765,paolo-laptop,crate-container-cd
power_consumption,1704889216980000000,7.709739464149726,paolo-laptop,crate-container-cd
power_consumption,1704889217982000000,12.928614599909482,paolo-laptop,crate-container-cd
power_consumption,1704889218985000000,4.802535004132442,paolo-laptop,crate-container-cd
power_consumption,1704889219988000000,8.46965682621458,paolo-laptop,crate-container-cd
power_consumption,1704889220990000000,8.625327894240073,paolo-laptop,crate-container-cd
power_consumption,1704889221992000000,11.752573703369723,paolo-laptop,crate-container-cd
power_consumption,1704889222997000000,6.858933703585697,paolo-laptop,crate-container-cd
power_consumption,1704889225005000000,13.178418808351086,paolo-laptop,crate-container-cd
power_consumption,1704889226010000000,11.846683934693793,paolo-laptop,crate-container-cd
power_consumption,1704889227011000000,11.85889325149715,paolo-laptop,crate-container-cd
power_consumption,1704889228015000000,8.567207942531512,paolo-laptop,crate-container-cd
power_consumption,1704889229017000000,6.125729420975583,paolo-laptop,crate-container-cd
power_consumption,1704889230020000000,4.065854660086788,paolo-laptop,crate-container-cd
power_consumption,1704889232027000000,7.112748420479989,paolo-laptop,crate-container-cd
power_consumption,1704889233029000000,13.251355808160103,paolo-laptop,crate-container-cd
power_consumption,1704889234031000000,9.61660915835807,paolo-laptop,crate-container-cd
power_consumption,1704889235033000000,13.355092092786712,paolo-laptop,crate-container-cd
power_consumption,1704889236034000000,6.761337822696936,paolo-laptop,crate-container-cd
power_consumption,1704889237036000000,10.235786128876633,paolo-laptop,crate-container-cd
power_consumption,1704889239039000000,12.21825690034179,paolo-laptop,crate-container-cd
power_consumption,1704889240041000000,11.046691770173899,paolo-laptop,crate-container-cd
power_consumption,1704889241044000000,7.087728947895499,paolo-laptop,crate-container-cd
power_consumption,1704889242048000000,6.5725773074911,paolo-laptop,crate-container-cd
power_consumption,1704889243050000000,2.8243220398052413,paolo-laptop,crate-container-cd
power_consumption,1704889244051000000,5.345786787127999,paolo-laptop,crate-container-cd
power_consumption,1704889245055000000,2.376174574370862,paolo-laptop,crate-container-cd
power_consumption,1704889246057000000,12.548337316980446,paolo-laptop,crate-container-cd
power_consumption,1704889247060000000,11.146821818343003,paolo-laptop,crate-container-cd
power_consumption,1704889248061000000,5.3454966547940055,paolo-laptop,crate-container-cd
power_consumption,1704889249064000000,4.232774712743131,paolo-laptop,crate-container-cd
power_consumption,1704889250067000000,9.509303266712717,paolo-laptop,crate-container-cd
power_consumption,1704889251069000000,12.79757733349437,paolo-laptop,crate-container-cd
power_consumption,1704889252070000000,11.821152038753313,paolo-laptop,crate-container-cd
power_consumption,1704889253073000000,13.45999414728506,paolo-laptop,crate-container-cd
power_consumption,1704889254077000000,11.868641977480955,paolo-laptop,crate-container-cd
power_consumption,1704889256081000000,12.29808368170734,paolo-laptop,crate-container-cd
power_consumption,1704889257083000000,12.71404354963249,paolo-laptop,crate-container-cd
power_consumption,1704889258086000000,13.340747636986892,paolo-laptop,crate-container-cd
power_consumption,1704889259087000000,13.177429745329778,paolo-laptop,crate-container-cd
power_consumption,1704889260090000000,11.880781808965027,paolo-laptop,crate-container-cd
power_consumption,1704889261092000000,12.742164527535007,paolo-laptop,crate-container-cd
power_consumption,1704889262093000000,12.83217310553863,paolo-laptop,crate-container-cd
power_consumption,1704889263098000000,12.400781644129832,paolo-laptop,crate-container-cd
power_consumption,1704889264099000000,12.140388460516249,paolo-laptop,crate-container-cd
power_consumption,1704889265102000000,12.402038362091169,paolo-laptop,crate-container-cd
power_consumption,1704889266104000000,13.077847352934434,paolo-laptop,crate-container-cd
power_consumption,1704889267106000000,13.381422510050221,paolo-laptop,crate-container-cd
power_consumption,1704889268108000000,12.519553079609166,paolo-laptop,crate-container-cd
power_consumption,1704889269110000000,12.025515464731754,paolo-laptop,crate-container-cd
power_consumption,1704889270112000000,6.525510486253562,paolo-laptop,crate-container-cd
power_consumption,1704889271114000000,5.943153129144965,paolo-laptop,crate-container-cd
power_consumption,1704889272116000000,2.3797638650040227,paolo-laptop,crate-container-cd
power_consumption,1704889273118000000,12.870953654522738,paolo-laptop,crate-container-cd
power_consumption,1704889274121000000,12.597553053052302,paolo-laptop,crate-container-cd
power_consumption,1704889275123000000,13.267089880120118,paolo-laptop,crate-container-cd
power_consumption,1704889276125000000,11.759636564586097,paolo-laptop,crate-container-cd
power_consumption,1704889277127000000,13.239977079852657,paolo-laptop,crate-container-cd
power_consumption,1704889278129000000,12.173352517784302,paolo-laptop,crate-container-cd
power_consumption,1704889279131000000,12.522273115074508,paolo-laptop,crate-container-cd
power_consumption,1704889280133000000,12.678341686824506,paolo-laptop,crate-container-cd
power_consumption,1704889281135000000,12.680607571860133,paolo-laptop,crate-container-cd
power_consumption,1704889282138000000,12.291767361504885,paolo-laptop,crate-container-cd
power_consumption,1704889283141000000,12.235381939268937,paolo-laptop,crate-container-cd
power_consumption,1704889284144000000,12.181735829766726,paolo-laptop,crate-container-cd
power_consumption,1704889285146000000,13.609244952719038,paolo-laptop,crate-container-cd
power_consumption,1704889286148000000,12.762364040408006,paolo-laptop,crate-container-cd
power_consumption,1704889287150000000,12.94757614270045,paolo-laptop,crate-container-cd
power_consumption,1704889288153000000,12.96811707581736,paolo-laptop,crate-container-cd
power_consumption,1704889289155000000,12.91345712547802,paolo-laptop,crate-container-cd
power_consumption,1704889290158000000,11.248556097079089,paolo-laptop,crate-container-cd
power_consumption,1704889291161000000,6.560679322259999,paolo-laptop,crate-container-cd
power_consumption,1704889292162000000,11.792060505151301,paolo-laptop,crate-container-cd
power_consumption,1704889293166000000,8.028027277159612,paolo-laptop,crate-container-cd
power_consumption,1704889296175000000,1.5262419529737135,paolo-laptop,crate-container-cd
power_consumption,1704889297177000000,5.583821148803419,paolo-laptop,crate-container-cd
power_consumption,1704889298179000000,8.051053905493026,paolo-laptop,crate-container-cd
power_consumption,1704889300187000000,14.112221718570511,paolo-laptop,crate-container-cd
power_consumption,1704889301189000000,12.395617616576038,paolo-laptop,crate-container-cd
power_consumption,1704889302191000000,15.022386250042299,paolo-laptop,crate-container-cd
power_consumption,1704889303195000000,1.9345889640874878,paolo-laptop,crate-container-cd
power_consumption,1704889304198000000,3.0885764630030588,paolo-laptop,crate-container-cd
power_consumption,1704889305200000000,12.854172423564624,paolo-laptop,crate-container-cd
power_consumption,1704889306203000000,12.980907480366387,paolo-laptop,crate-container-cd
power_consumption,1704889307206000000,11.680324852337888,paolo-laptop,crate-container-cd
power_consumption,1704889308208000000,5.082689202667564,paolo-laptop,crate-container-cd
power_consumption,1704889309211000000,14.59257348632202,paolo-laptop,crate-container-cd
power_consumption,1704889311219000000,7.868393881028635,paolo-laptop,crate-container-cd
power_consumption,1704889312221000000,8.698160830191838,paolo-laptop,crate-container-cd
power_consumption,1704889313224000000,4.273101319050111,paolo-laptop,crate-container-cd
power_consumption,1704889314229000000,5.484340595716281,paolo-laptop,crate-container-cd
power_consumption,1704889315232000000,6.759089256453703,paolo-laptop,crate-container-cd
power_consumption,1704889316233000000,5.269212052837737,paolo-laptop,crate-container-cd
power_consumption,1704889317235000000,13.115331834846447,paolo-laptop,crate-container-cd
power_consumption,1704889318237000000,13.512354798170346,paolo-laptop,crate-container-cd
power_consumption,1704889319239000000,12.301332060282997,paolo-laptop,crate-container-cd
power_consumption,1704889320242000000,11.448355578867838,paolo-laptop,crate-container-cd
power_consumption,1704889321243000000,4.780842899233118,paolo-laptop,crate-container-cd
power_consumption,1704889323252000000,4.372509626541545,paolo-laptop,crate-container-cd
power_consumption,1704889324254000000,9.237347983513866,paolo-laptop,crate-container-cd
power_consumption,1704889325257000000,5.019827519340937,paolo-laptop,crate-container-cd
power_consumption,1704889326261000000,5.3552273872514276,paolo-laptop,crate-container-cd
power_consumption,1704889327263000000,5.036348112245628,paolo-laptop,crate-container-cd
power_consumption,1704889328266000000,12.068627712218296,paolo-laptop,crate-container-cd
power_consumption,1704889329268000000,10.793337928305274,paolo-laptop,crate-container-cd
power_consumption,1704889330271000000,3.7195476221788035,paolo-laptop,crate-container-cd
power_consumption,1704889331275000000,6.105930522815709,paolo-laptop,crate-container-cd
power_consumption,1704889332277000000,8.858729953207487,paolo-laptop,crate-container-cd
power_consumption,1704889333280000000,8.997668279668972,paolo-laptop,crate-container-cd
power_consumption,1704889334282000000,3.0168994243200933,paolo-laptop,crate-container-cd
power_consumption,1704889335286000000,2.3601497059236447,paolo-laptop,crate-container-cd
power_consumption,1704889336290000000,3.7974340635686277,paolo-laptop,crate-container-cd
power_consumption,1704889337292000000,4.291644595791777,paolo-laptop,crate-container-cd
power_consumption,1704889339297000000,9.496119302123965,paolo-laptop,crate-container-cd
power_consumption,1704889340298000000,3.5093691959049096,paolo-laptop,crate-container-cd
power_consumption,1704889342301000000,7.185574049445863,paolo-laptop,crate-container-cd
power_consumption,1704889343302000000,3.1792550161292046,paolo-laptop,crate-container-cd
power_consumption,1704889345306000000,7.980755182643369,paolo-laptop,crate-container-cd
power_consumption,1704889346307000000,2.9632856066979287,paolo-laptop,crate-container-cd
power_consumption,1704889347308000000,2.9284944136699735,paolo-laptop,crate-container-cd
power_consumption,1704889348309000000,10.784858854696292,paolo-laptop,crate-container-cd
power_consumption,1704889349311000000,10.104166915020908,paolo-laptop,crate-container-cd
power_consumption,1704889351320000000,11.440383392202495,paolo-laptop,crate-container-cd
power_consumption,1704889352322000000,13.761046541084745,paolo-laptop,crate-container-cd
power_consumption,1704889353325000000,13.235972613015678,paolo-laptop,crate-container-cd
power_consumption,1704889354327000000,13.294176786001174,paolo-laptop,crate-container-cd
power_consumption,1704889355329000000,12.23239132551566,paolo-laptop,crate-container-cd
power_consumption,1704889356331000000,11.073645403538798,paolo-laptop,crate-container-cd
power_consumption,1704889357333000000,3.7079809216005355,paolo-laptop,crate-container-cd
power_consumption,1704889358335000000,11.51084579654188,paolo-laptop,crate-container-cd
power_consumption,1704889359337000000,11.871683235775148,paolo-laptop,crate-container-cd
power_consumption,1704889360339000000,11.535428540873244,paolo-laptop,crate-container-cd
power_consumption,1704889361341000000,12.596891450489586,paolo-laptop,crate-container-cd
power_consumption,1704889362343000000,12.276330901840222,paolo-laptop,crate-container-cd
power_consumption,1704889363345000000,11.807159386701457,paolo-laptop,crate-container-cd
power_consumption,1704889364346000000,11.305546858504606,paolo-laptop,crate-container-cd
power_consumption,1704889365348000000,10.627001973973842,paolo-laptop,crate-container-cd
power_consumption,1704889366351000000,5.023905915949223,paolo-laptop,crate-container-cd
power_consumption,1704889367353000000,2.480148847843568,paolo-laptop,crate-container-cd
power_consumption,1704889368355000000,4.186860412502973,paolo-laptop,crate-container-cd
power_consumption,1704889369356000000,12.29372657271157,paolo-laptop,crate-container-cd
power_consumption,1704889370360000000,10.471268691481683,paolo-laptop,crate-container-cd
power_consumption,1704889371362000000,1.9460986857004305,paolo-laptop,crate-container-cd
power_consumption,1704889372365000000,0.39867177600612147,paolo-laptop,crate-container-cd
power_consumption,1704889373369000000,3.7304487265277126,paolo-laptop,crate-container-cd
power_consumption,1704889374373000000,3.203308625777752,paolo-laptop,crate-container-cd
power_consumption,1704889375375000000,6.882619545400814,paolo-laptop,crate-container-cd
power_consumption,1704889376377000000,11.799896119030532,paolo-laptop,crate-container-cd
power_consumption,1704889377379000000,12.900038768939451,paolo-laptop,crate-container-cd
power_consumption,1704889378381000000,12.266166065373142,paolo-laptop,crate-container-cd
power_consumption,1704889379385000000,13.338700864630724,paolo-laptop,crate-container-cd
power_consumption,1704889380386000000,12.418774512345077,paolo-laptop,crate-container-cd
power_consumption,1704889381388000000,12.832705900602363,paolo-laptop,crate-container-cd
power_consumption,1704889382391000000,12.572123282709718,paolo-laptop,crate-container-cd
power_consumption,1704889383393000000,12.437825857309548,paolo-laptop,crate-container-cd
power_consumption,1704889384396000000,12.519719714963554,paolo-laptop,crate-container-cd
power_consumption,1704889385398000000,12.60716541432324,paolo-laptop,crate-container-cd
power_consumption,1704889386401000000,13.03697459634423,paolo-laptop,crate-container-cd
power_consumption,1704889387405000000,10.885168150445992,paolo-laptop,crate-container-cd
power_consumption,1704889389411000000,4.428141832832374,paolo-laptop,crate-container-cd
power_consumption,1704889390413000000,12.168096268852876,paolo-laptop,crate-container-cd
power_consumption,1704889391414000000,11.947602505927007,paolo-laptop,crate-container-cd
power_consumption,1704889393419000000,8.067009437933251,paolo-laptop,crate-container-cd
power_consumption,1704889394421000000,11.746195307666891,paolo-laptop,crate-container-cd
power_consumption,1704889395423000000,12.075015922296283,paolo-laptop,crate-container-cd
power_consumption,1704889397428000000,10.853249002305827,paolo-laptop,crate-container-cd
power_consumption,1704889400436000000,0.9289849219294535,paolo-laptop,crate-container-cd
power_consumption,1704889401438000000,5.582919712133925,paolo-laptop,crate-container-cd
power_consumption,1704889402439000000,9.86645534427112,paolo-laptop,crate-container-cd
power_consumption,1704889403444000000,9.320625214457314,paolo-laptop,crate-container-cd
power_consumption,1704889404446000000,1.6837103559644802,paolo-laptop,crate-container-cd
power_consumption,1704889405449000000,1.5974017466241321,paolo-laptop,crate-container-cd
power_consumption,1704889406453000000,0.7116761488551883,paolo-laptop,crate-container-cd
power_consumption,1704889407457000000,1.2037743171492787,paolo-laptop,crate-container-cd
power_consumption,1704889408461000000,3.471425349730726,paolo-laptop,crate-container-cd
power_consumption,1704889409464000000,1.9835945696635737,paolo-laptop,crate-container-cd
power_consumption,1704889413471000000,1.6644336054641151,paolo-laptop,crate-container-cd
power_consumption,1704889414473000000,2.3241812497140706,paolo-laptop,crate-container-cd
power_consumption,1704889415475000000,6.704348322465208,paolo-laptop,crate-container-cd
power_consumption,1704889416477000000,6.517607637397861,paolo-laptop,crate-container-cd
power_consumption,1704889417479000000,8.960961226288484,paolo-laptop,crate-container-cd
power_consumption,1704889418481000000,3.0420003233261563,paolo-laptop,crate-container-cd
power_consumption,1704889419483000000,3.1217009194937124,paolo-laptop,crate-container-cd
power_consumption,1704889420484000000,2.6246322066674805,paolo-laptop,crate-container-cd
power_consumption,1704889422488000000,3.0199635048184126,paolo-laptop,crate-container-cd
power_consumption,1704889423491000000,2.249172684551292,paolo-laptop,crate-container-cd
power_consumption,1704889424493000000,5.219628407293634,paolo-laptop,crate-container-cd
power_consumption,1704889425497000000,8.515020267066468,paolo-laptop,crate-container-cd
power_consumption,1704889426500000000,2.565745699527921,paolo-laptop,crate-container-cd
power_consumption,1704889427502000000,2.3463003777825286,paolo-laptop,crate-container-cd
power_consumption,1704889428504000000,11.822729766631056,paolo-laptop,crate-container-cd
power_consumption,1704889429505000000,2.999194045858882,paolo-laptop,crate-container-cd
power_consumption,1704889430509000000,2.741090971461974,paolo-laptop,crate-container-cd
power_consumption,1704889431511000000,11.121336923740639,paolo-laptop,crate-container-cd
power_consumption,1704889432513000000,13.291356781052148,paolo-laptop,crate-container-cd
power_consumption,1704889433517000000,13.248899796372283,paolo-laptop,crate-container-cd
power_consumption,1704889434521000000,0.8303201913743836,paolo-laptop,crate-container-cd
power_consumption,1704889435524000000,1.8124148373198206,paolo-laptop,crate-container-cd
power_consumption,1704889436528000000,0.7851333837521415,paolo-laptop,crate-container-cd
power_consumption,1704889437532000000,1.7216550507367308,paolo-laptop,crate-container-cd
power_consumption,1704889438537000000,3.445294413822796,paolo-laptop,crate-container-cd
power_consumption,1704889439538000000,2.57483827749134,paolo-laptop,crate-container-cd
power_consumption,1704889440542000000,2.650330323489699,paolo-laptop,crate-container-cd
power_consumption,1704889441544000000,1.2491593175438391,paolo-laptop,crate-container-cd
power_consumption,1704889442545000000,13.954929522884168,paolo-laptop,crate-container-cd
power_consumption,1704889443549000000,11.85820769246586,paolo-laptop,crate-container-cd
power_consumption,1704889444551000000,1.534783467762163,paolo-laptop,crate-container-cd
power_consumption,1704889445554000000,1.0902903923749072,paolo-laptop,crate-container-cd
power_consumption,1704889446556000000,10.8582156444652,paolo-laptop,crate-container-cd
power_consumption,1704889447560000000,3.2298673215054303,paolo-laptop,crate-container-cd
power_consumption,1704889448562000000,3.8718662737238536,paolo-laptop,crate-container-cd
power_consumption,1704889449565000000,1.874041600156796,paolo-laptop,crate-container-cd
power_consumption,1704889450567000000,4.659183091043083,paolo-laptop,crate-container-cd
power_consumption,1704889452576000000,1.93237897141344,paolo-laptop,crate-container-cd
power_consumption,1704889453578000000,8.27080192847808,paolo-laptop,crate-container-cd
power_consumption,1704889454581000000,5.3571696213595,paolo-laptop,crate-container-cd
power_consumption,1704889455583000000,4.268575723273992,paolo-laptop,crate-container-cd
power_consumption,1704889456586000000,4.315341661574143,paolo-laptop,crate-container-cd
power_consumption,1704889457590000000,2.352078766148106,paolo-laptop,crate-container-cd
power_consumption,1704889458591000000,4.195776933393246,paolo-laptop,crate-container-cd
power_consumption,1704889459594000000,9.804511027411884,paolo-laptop,crate-container-cd
power_consumption,1704889460597000000,1.9946884031511387,paolo-laptop,crate-container-cd
power_consumption,1704889461598000000,10.414758531402489,paolo-laptop,crate-container-cd
power_consumption,1704889462600000000,3.1208317940698267,paolo-laptop,crate-container-cd
power_consumption,1704889463601000000,3.415013749181533,paolo-laptop,crate-container-cd
power_consumption,1704889464603000000,4.278318272692595,paolo-laptop,crate-container-cd
power_consumption,1704889466609000000,7.219143336792612,paolo-laptop,crate-container-cd
power_consumption,1704889467611000000,9.193084441697787,paolo-laptop,crate-container-cd
power_consumption,1704889468613000000,2.7273884531285293,paolo-laptop,crate-container-cd
power_consumption,1704889469614000000,7.80396586879489,paolo-laptop,crate-container-cd
power_consumption,1704889470616000000,9.064635585033457,paolo-laptop,crate-container-cd
power_consumption,1704889471618000000,6.506342531389537,paolo-laptop,crate-container-cd
power_consumption,1704889472620000000,7.884180561675959,paolo-laptop,crate-container-cd
power_consumption,1704889473621000000,3.3675585459267054,paolo-laptop,crate-container-cd
power_consumption,1704889475625000000,5.285284851713073,paolo-laptop,crate-container-cd
power_consumption,1704889476627000000,6.633206033361173,paolo-laptop,crate-container-cd
power_consumption,1704889477628000000,8.292855008978563,paolo-laptop,crate-container-cd
power_consumption,1704889478629000000,5.926142688389605,paolo-laptop,crate-container-cd
power_consumption,1704889479631000000,3.2315641600646132,paolo-laptop,crate-container-cd
power_consumption,1704889480633000000,12.090128355594803,paolo-laptop,crate-container-cd
power_consumption,1704889481635000000,10.888410661455673,paolo-laptop,crate-container-cd
power_consumption,1704889482640000000,11.521650547036671,paolo-laptop,crate-container-cd
power_consumption,1704889483644000000,1.59596220638398,paolo-laptop,crate-container-cd
power_consumption,1704889484646000000,6.027887488629302,paolo-laptop,crate-container-cd
power_consumption,1704889485648000000,12.379290444009229,paolo-laptop,crate-container-cd
power_consumption,1704889486650000000,12.799668169614444,paolo-laptop,crate-container-cd
power_consumption,1704889487652000000,12.21581760284678,paolo-laptop,crate-container-cd
power_consumption,1704889488655000000,11.41264890975799,paolo-laptop,crate-container-cd
power_consumption,1704889489657000000,9.890956240116715,paolo-laptop,crate-container-cd
power_consumption,1704889490659000000,10.516356484226911,paolo-laptop,crate-container-cd
power_consumption,1704889491660000000,11.414897277620764,paolo-laptop,crate-container-cd
power_consumption,1704889492662000000,6.3070498451338155,paolo-laptop,crate-container-cd
power_consumption,1704889493663000000,5.388302179333808,paolo-laptop,crate-container-cd
power_consumption,1704889494665000000,10.14941186778978,paolo-laptop,crate-container-cd
power_consumption,1704889495667000000,10.406274707430537,paolo-laptop,crate-container-cd
power_consumption,1704889496669000000,9.318718960459872,paolo-laptop,crate-container-cd
power_consumption,1704889497673000000,10.630296774746395,paolo-laptop,crate-container-cd
power_consumption,1704889498675000000,10.646999415189168,paolo-laptop,crate-container-cd
power_consumption,1704889499678000000,10.980131249117203,paolo-laptop,crate-container-cd
power_consumption,1704889500680000000,9.489285109315766,paolo-laptop,crate-container-cd
power_consumption,1704889501684000000,7.022879587689189,paolo-laptop,crate-container-cd
power_consumption,1704889502688000000,2.9750266418407674,paolo-laptop,crate-container-cd
power_consumption,1704889503690000000,4.108237666854771,paolo-laptop,crate-container-cd
power_consumption,1704889504691000000,10.22498512132578,paolo-laptop,crate-container-cd
power_consumption,1704889506696000000,2.208170838548748,paolo-laptop,crate-container-cd
power_consumption,1704889507698000000,9.257840002648223,paolo-laptop,crate-container-cd
power_consumption,1704889508700000000,11.993765239692983,paolo-laptop,crate-container-cd
power_consumption,1704889509702000000,9.705730491298274,paolo-laptop,crate-container-cd
power_consumption,1704889510704000000,11.61731796128519,paolo-laptop,crate-container-cd
power_consumption,1704889511705000000,11.981888914997654,paolo-laptop,crate-container-cd
power_consumption,1704889512707000000,12.033151843746802,paolo-laptop,crate-container-cd
power_consumption,1704889513709000000,10.321450508615207,paolo-laptop,crate-container-cd
power_consumption,1704889514712000000,2.7756098659445816,paolo-laptop,crate-container-cd
power_consumption,1704889516718000000,8.574481617383857,paolo-laptop,crate-container-cd
power_consumption,1704889517720000000,11.875241467294604,paolo-laptop,crate-container-cd
power_consumption,1704889518722000000,10.730488844029287,paolo-laptop,crate-container-cd
power_consumption,1704889519724000000,11.230532276950534,paolo-laptop,crate-container-cd
power_consumption,1704889520728000000,1.3346986691865854,paolo-laptop,crate-container-cd
power_consumption,1704889521731000000,0.28001953248625433,paolo-laptop,crate-container-cd
power_consumption,1704889522733000000,7.9728170816689685,paolo-laptop,crate-container-cd
power_consumption,1704889523734000000,11.038979938016938,paolo-laptop,crate-container-cd
power_consumption,1704889524738000000,3.407140927649264,paolo-laptop,crate-container-cd
power_consumption,1704889526744000000,8.372010997802303,paolo-laptop,crate-container-cd
power_consumption,1704889527745000000,11.010622740697713,paolo-laptop,crate-container-cd
power_consumption,1704889528747000000,10.503475381299747,paolo-laptop,crate-container-cd
power_consumption,1704889529749000000,12.742058955525954,paolo-laptop,crate-container-cd
power_consumption,1704889530753000000,5.641200090124285,paolo-laptop,crate-container-cd
power_consumption,1704889531755000000,3.9459002091736988,paolo-laptop,crate-container-cd
power_consumption,1704889532756000000,10.713641287812973,paolo-laptop,crate-container-cd
power_consumption,1704889533759000000,6.389753299055968,paolo-laptop,crate-container-cd
power_consumption,1704889536771000000,10.188096074915213,paolo-laptop,crate-container-cd
power_consumption,1704889537775000000,2.9372395020199535,paolo-laptop,crate-container-cd
power_consumption,1704889538777000000,3.602048731644839,paolo-laptop,crate-container-cd
power_consumption,1704889539779000000,10.670500922472815,paolo-laptop,crate-container-cd
power_consumption,1704889540781000000,12.25357262828961,paolo-laptop,crate-container-cd
power_consumption,1704889541783000000,11.314634918803156,paolo-laptop,crate-container-cd
power_consumption,1704889542785000000,10.376256890083567,paolo-laptop,crate-container-cd
power_consumption,1704889543789000000,8.872717084479806,paolo-laptop,crate-container-cd
power_consumption,1704889544791000000,1.8633369614685216,paolo-laptop,crate-container-cd
power_consumption,1704889545793000000,1.4822636077951352,paolo-laptop,crate-container-cd
power_consumption,1704889546794000000,3.453568168749474,paolo-laptop,crate-container-cd
power_consumption,1704889547796000000,4.481752000283268,paolo-laptop,crate-container-cd
power_consumption,1704889548797000000,2.792824159366783,paolo-laptop,crate-container-cd
power_consumption,1704889549798000000,1.3282965211837592,paolo-laptop,crate-container-cd
power_consumption,1704889550801000000,14.106989274162423,paolo-laptop,crate-container-cd
power_consumption,1704889551807000000,5.328177594159846,paolo-laptop,crate-container-cd
power_consumption,1704889552808000000,4.3759869252730095,paolo-laptop,crate-container-cd
power_consumption,1704889553810000000,3.0158958486939804,paolo-laptop,crate-container-cd
power_consumption,1704889554811000000,4.449612686665587,paolo-laptop,crate-container-cd
power_consumption,1704889555813000000,4.597106457039763,paolo-laptop,crate-container-cd
power_consumption,1704889556817000000,2.2122144584627987,paolo-laptop,crate-container-cd
power_consumption,1704889557819000000,12.53106536909096,paolo-laptop,crate-container-cd
power_consumption,1704889558825000000,5.411989902831006,paolo-laptop,crate-container-cd
power_consumption,1704889559829000000,3.2153466193860303,paolo-laptop,crate-container-cd
power_consumption,1704889560832000000,3.07095625754409,paolo-laptop,crate-container-cd
power_consumption,1704889561833000000,2.2311934903465076,paolo-laptop,crate-container-cd
power_consumption,1704889562836000000,9.856587939189462,paolo-laptop,crate-container-cd
power_consumption,1704889563838000000,3.2711439656697694,paolo-laptop,crate-container-cd
power_consumption,1704889564839000000,1.0715872268573297,paolo-laptop,crate-container-cd
power_consumption,1704889565842000000,1.720326197249666,paolo-laptop,crate-container-cd
power_consumption,1704889566848000000,6.301308710811152,paolo-laptop,crate-container-cd
power_consumption,1704889567853000000,4.786942144082986,paolo-laptop,crate-container-cd
power_consumption,1704889568855000000,2.3973352968723307,paolo-laptop,crate-container-cd
power_consumption,1704889569859000000,1.5819384526781808,paolo-laptop,crate-container-cd
power_consumption,1704889570863000000,4.035319541344422,paolo-laptop,crate-container-cd
power_consumption,1704889571865000000,10.29610197125173,paolo-laptop,crate-container-cd
power_consumption,1704889572867000000,12.577196561875333,paolo-laptop,crate-container-cd
power_consumption,1704889573870000000,2.3960657316262863,paolo-laptop,crate-container-cd
power_consumption,1704889574874000000,3.987191617329772,paolo-laptop,crate-container-cd
power_consumption,1704889575875000000,6.3011279291355065,paolo-laptop,crate-container-cd
power_consumption,1704889576880000000,3.5558825695372414,paolo-laptop,crate-container-cd
power_consumption,1704889577883000000,11.899725305153959,paolo-laptop,crate-container-cd
power_consumption,1704889578888000000,4.744609330133581,paolo-laptop,crate-container-cd
power_consumption,1704889579892000000,6.233033917962275,paolo-laptop,crate-container-cd
power_consumption,1704889580894000000,9.649553504920695,paolo-laptop,crate-container-cd
power_consumption,1704889581895000000,10.836587248445614,paolo-laptop,crate-container-cd
power_consumption,1704889582900000000,4.913452949602652,paolo-laptop,crate-container-cd
power_consumption,1704889583903000000,8.709234390980988,paolo-laptop,crate-container-cd
power_consumption,1704889585906000000,12.136023071535748,paolo-laptop,crate-container-cd
power_consumption,1704889586908000000,12.11955803600793,paolo-laptop,crate-container-cd
power_consumption,1704889587912000000,1.5945639508668856,paolo-laptop,crate-container-cd
power_consumption,1704889588914000000,8.018391100128822,paolo-laptop,crate-container-cd
power_consumption,1704889590919000000,3.138749441729632,paolo-laptop,crate-container-cd
power_consumption,1704889592926000000,3.406965055259543,paolo-laptop,crate-container-cd
power_consumption,1704889593927000000,10.18511193523522,paolo-laptop,crate-container-cd
power_consumption,1704889594931000000,4.355973525866796,paolo-laptop,crate-container-cd
power_consumption,1704889595934000000,3.070096696948281,paolo-laptop,crate-container-cd
power_consumption,1704889596936000000,7.9748727750300805,paolo-laptop,crate-container-cd
power_consumption,1704889597938000000,13.14841927068344,paolo-laptop,crate-container-cd
power_consumption,1704889598942000000,1.7186830309290713,paolo-laptop,crate-container-cd
power_consumption,1704889599948000000,5.47196802433972,paolo-laptop,crate-container-cd
power_consumption,1704889600953000000,6.293122086628536,paolo-laptop,crate-container-cd
power_consumption,1704889601955000000,5.580051443634512,paolo-laptop,crate-container-cd
power_consumption,1704889602958000000,1.8069424052219776,paolo-laptop,crate-container-cd
power_consumption,1704889603962000000,5.789655506063745,paolo-laptop,crate-container-cd
power_consumption,1704889604964000000,16.790700165148163,paolo-laptop,crate-container-cd
power_consumption,1704889605966000000,14.211124500082626,paolo-laptop,crate-container-cd
power_consumption,1704889606968000000,6.272832102790208,paolo-laptop,crate-container-cd
power_consumption,1704889607969000000,5.485018250951033,paolo-laptop,crate-container-cd
power_consumption,1704889608970000000,1.7275741405179423,paolo-laptop,crate-container-cd
power_consumption,1704889610974000000,2.9701215057910924,paolo-laptop,crate-container-cd
power_consumption,1704889611975000000,2.2293234237076582,paolo-laptop,crate-container-cd
power_consumption,1704889612976000000,3.9165109925492967,paolo-laptop,crate-container-cd
power_consumption,1704889613978000000,12.853580892291726,paolo-laptop,crate-container-cd
power_consumption,1704889614981000000,5.616114735544649,paolo-laptop,crate-container-cd
power_consumption,1704889615983000000,3.338151012287787,paolo-laptop,crate-container-cd
power_consumption,1704889616985000000,9.631303278119692,paolo-laptop,crate-container-cd
power_consumption,1704889617989000000,8.746902384310692,paolo-laptop,crate-container-cd
power_consumption,1704889618994000000,1.7813001992108393,paolo-laptop,crate-container-cd
power_consumption,1704889619996000000,7.1233867204104815,paolo-laptop,crate-container-cd
power_consumption,1704889620999000000,2.105140202839151,paolo-laptop,crate-container-cd
power_consumption,1704889622001000000,6.796274876872382,paolo-laptop,crate-container-cd
power_consumption,1704889623003000000,0.8835495716251558,paolo-laptop,crate-container-cd
power_consumption,1704889624008000000,0.17951360974300834,paolo-laptop,crate-container-cd
power_consumption,1704889625011000000,3.2737086098260066,paolo-laptop,crate-container-cd
power_consumption,1704889626013000000,8.524556558982667,paolo-laptop,crate-container-cd
power_consumption,1704889627014000000,0.23653862058901481,paolo-laptop,crate-container-cd
power_consumption,1704889628016000000,12.46095032395148,paolo-laptop,crate-container-cd
power_consumption,1704889629018000000,12.457795840410508,paolo-laptop,crate-container-cd
power_consumption,1704889630020000000,12.309419726557664,paolo-laptop,crate-container-cd
power_consumption,1704889631023000000,4.630131189182106,paolo-laptop,crate-container-cd
power_consumption,1704889632027000000,2.5925162071301258,paolo-laptop,crate-container-cd
power_consumption,1704889633029000000,6.321113461725545,paolo-laptop,crate-container-cd
power_consumption,1704889634030000000,13.963548312789428,paolo-laptop,crate-container-cd
power_consumption,1704889635032000000,12.898738049007019,paolo-laptop,crate-container-cd
power_consumption,1704889636036000000,9.395343837396943,paolo-laptop,crate-container-cd
power_consumption,1704889637039000000,2.6091798944264695,paolo-laptop,crate-container-cd
power_consumption,1704889638041000000,8.103849241868243,paolo-laptop,crate-container-cd
power_consumption,1704889639043000000,12.74903027783919,paolo-laptop,crate-container-cd
power_consumption,1704889640044000000,13.461564980400306,paolo-laptop,crate-container-cd
power_consumption,1704889641046000000,11.77092217552767,paolo-laptop,crate-container-cd
power_consumption,1704889642048000000,13.126858245253814,paolo-laptop,crate-container-cd
power_consumption,1704889643051000000,12.221373562384713,paolo-laptop,crate-container-cd
power_consumption,1704889644053000000,11.862778570622396,paolo-laptop,crate-container-cd
power_consumption,1704889645055000000,11.830973276057007,paolo-laptop,crate-container-cd
power_consumption,1704889646057000000,12.86939753187415,paolo-laptop,crate-container-cd
power_consumption,1704889647059000000,11.463476255333067,paolo-laptop,crate-container-cd
power_consumption,1704889648061000000,11.450517381539235,paolo-laptop,crate-container-cd
power_consumption,1704889649062000000,13.01263885604904,paolo-laptop,crate-container-cd
power_consumption,1704889650064000000,13.26181399949596,paolo-laptop,crate-container-cd
power_consumption,1704889651066000000,13.034706309296011,paolo-laptop,crate-container-cd
power_consumption,1704889652068000000,13.65349782681524,paolo-laptop,crate-container-cd
power_consumption,1704889653070000000,13.185712246760701,paolo-laptop,crate-container-cd
power_consumption,1704889654072000000,13.17606741897773,paolo-laptop,crate-container-cd
power_consumption,1704889655074000000,12.666754694969208,paolo-laptop,crate-container-cd
power_consumption,1704889656076000000,12.70185516030504,paolo-laptop,crate-container-cd
power_consumption,1704889657078000000,11.707981441575594,paolo-laptop,crate-container-cd
power_consumption,1704889658081000000,12.494473736133223,paolo-laptop,crate-container-cd
power_consumption,1704889659084000000,4.379647673792129,paolo-laptop,crate-container-cd
power_consumption,1704889660088000000,3.705471220060329,paolo-laptop,crate-container-cd
power_consumption,1704889661090000000,7.001661048815345,paolo-laptop,crate-container-cd
power_consumption,1704889662092000000,14.400961973676344,paolo-laptop,crate-container-cd
power_consumption,1704889663094000000,13.389835238069555,paolo-laptop,crate-container-cd
power_consumption,1704889664099000000,14.1094559385244,paolo-laptop,crate-container-cd
power_consumption,1704889665103000000,12.945622090791918,paolo-laptop,crate-container-cd
power_consumption,1704889666105000000,13.917384701991004,paolo-laptop,crate-container-cd
power_consumption,1704889667109000000,1.8038353559401907,paolo-laptop,crate-container-cd
power_consumption,1704889668113000000,5.43973819573438,paolo-laptop,crate-container-cd
power_consumption,1704889669117000000,2.0256443373613164,paolo-laptop,crate-container-cd
power_consumption,1704889670119000000,2.3123893451891115,paolo-laptop,crate-container-cd
power_consumption,1704889671122000000,6.294862328778571,paolo-laptop,crate-container-cd
power_consumption,1704889672125000000,4.289012597047132,paolo-laptop,crate-container-cd
power_consumption,1704889673127000000,4.873843125103644,paolo-laptop,crate-container-cd
power_consumption,1704889674129000000,1.6438430745168944,paolo-laptop,crate-container-cd
power_consumption,1704889675130000000,3.9852076936747434,paolo-laptop,crate-container-cd
power_consumption,1704889676132000000,8.079064592655458,paolo-laptop,crate-container-cd
power_consumption,1704889677133000000,1.812339290192286,paolo-laptop,crate-container-cd
power_consumption,1704889678135000000,2.3833944769711093,paolo-laptop,crate-container-cd
power_consumption,1704889679137000000,10.635045241571095,paolo-laptop,crate-container-cd
power_consumption,1704889680139000000,6.005536654113992,paolo-laptop,crate-container-cd
power_consumption,1704889681141000000,1.5037633367290693,paolo-laptop,crate-container-cd
power_consumption,1704889682144000000,5.0087474488786805,paolo-laptop,crate-container-cd
power_consumption,1704889683145000000,11.517420295837702,paolo-laptop,crate-container-cd
power_consumption,1704889684147000000,12.49154119337883,paolo-laptop,crate-container-cd
power_consumption,1704889685149000000,12.040620177686183,paolo-laptop,crate-container-cd
power_consumption,1704889686151000000,12.395613216393613,paolo-laptop,crate-container-cd
power_consumption,1704889687152000000,7.542877393483314,paolo-laptop,crate-container-cd
power_consumption,1704889688156000000,2.169936159895809,paolo-laptop,crate-container-cd
power_consumption,1704889689157000000,3.069292380867731,paolo-laptop,crate-container-cd
power_consumption,1704889690160000000,2.7895357722254297,paolo-laptop,crate-container-cd
power_consumption,1704889691165000000,3.6070564770017977,paolo-laptop,crate-container-cd
power_consumption,1704889692169000000,7.092564542760583,paolo-laptop,crate-container-cd
power_consumption,1704889693171000000,11.76813629439799,paolo-laptop,crate-container-cd
power_consumption,1704889694175000000,3.079049899712364,paolo-laptop,crate-container-cd
power_consumption,1704889695178000000,8.685630023902249,paolo-laptop,crate-container-cd
power_consumption,1704889696182000000,2.001957221166801,paolo-laptop,crate-container-cd
power_consumption,1704889697186000000,1.656391040464098,paolo-laptop,crate-container-cd
power_consumption,1704889698188000000,5.900924736107438,paolo-laptop,crate-container-cd
power_consumption,1704889699191000000,1.29970274312629,paolo-laptop,crate-container-cd
power_consumption,1704889700195000000,11.180070941045313,paolo-laptop,crate-container-cd
power_consumption,1704889701198000000,0.8467267906711575,paolo-laptop,crate-container-cd
power_consumption,1704889702200000000,8.93075513495405,paolo-laptop,crate-container-cd
power_consumption,1704889703202000000,8.848382392275685,paolo-laptop,crate-container-cd
power_consumption,1704889705207000000,0.9450907158032457,paolo-laptop,crate-container-cd
power_consumption,1704889706212000000,9.166779173885821,paolo-laptop,crate-container-cd
power_consumption,1704889707215000000,2.494966964069229,paolo-laptop,crate-container-cd
power_consumption,1704889709224000000,9.394482419115601,paolo-laptop,crate-container-cd
power_consumption,1704889710226000000,5.500773094174564,paolo-laptop,crate-container-cd
power_consumption,1704889711230000000,5.287170875814121,paolo-laptop,crate-container-cd
power_consumption,1704889712232000000,5.741418163431557,paolo-laptop,crate-container-cd
power_consumption,1704889713235000000,7.919981922697492,paolo-laptop,crate-container-cd
power_consumption,1704889714238000000,6.5781256854937125,paolo-laptop,crate-container-cd
power_consumption,1704889715241000000,2.515298359649488,paolo-laptop,crate-container-cd
power_consumption,1704889716246000000,7.337418902868831,paolo-laptop,crate-container-cd
power_consumption,1704889717251000000,6.419554389121789,paolo-laptop,crate-container-cd
power_consumption,1704889718253000000,7.213512004852906,paolo-laptop,crate-container-cd
power_consumption,1704889719257000000,5.618049999586607,paolo-laptop,crate-container-cd
power_consumption,1704889720259000000,5.331935525062366,paolo-laptop,crate-container-cd
power_consumption,1704889721263000000,2.9086439246112468,paolo-laptop,crate-container-cd
power_consumption,1704889722268000000,4.784764301019429,paolo-laptop,crate-container-cd
power_consumption,1704889723271000000,3.769159728995542,paolo-laptop,crate-container-cd
power_consumption,1704889725278000000,2.5564796206006095,paolo-laptop,crate-container-cd
power_consumption,1704889726281000000,12.156949079805031,paolo-laptop,crate-container-cd
power_consumption,1704889727283000000,7.964103864397492,paolo-laptop,crate-container-cd
power_consumption,1704889728287000000,0.8089956392470998,paolo-laptop,crate-container-cd
power_consumption,1704889729292000000,9.19981838534986,paolo-laptop,crate-container-cd
power_consumption,1704889730296000000,2.1743001203240215,paolo-laptop,crate-container-cd
power_consumption,1704889731299000000,8.988144047348122,paolo-laptop,crate-container-cd
power_consumption,1704889732300000000,4.735775985232941,paolo-laptop,crate-container-cd
power_consumption,1704889733301000000,5.612787368223739,paolo-laptop,crate-container-cd
power_consumption,1704889734303000000,0.40350473483328775,paolo-laptop,crate-container-cd
power_consumption,1704889735305000000,10.805274273222928,paolo-laptop,crate-container-cd
power_consumption,1704889737309000000,7.383172513647281,paolo-laptop,crate-container-cd
power_consumption,1704889738311000000,0.7911165040078858,paolo-laptop,crate-container-cd
power_consumption,1704889739313000000,2.5345573118585807,paolo-laptop,crate-container-cd
power_consumption,1704889740314000000,1.8794090923236082,paolo-laptop,crate-container-cd
power_consumption,1704889741316000000,12.893424140056696,paolo-laptop,crate-container-cd
power_consumption,1704889742318000000,13.051973750265242,paolo-laptop,crate-container-cd
power_consumption,1704889743320000000,11.011990495733983,paolo-laptop,crate-container-cd
power_consumption,1704889744321000000,11.977463974286263,paolo-laptop,crate-container-cd
power_consumption,1704889745323000000,11.461587886944878,paolo-laptop,crate-container-cd
power_consumption,1704889746324000000,11.624081493409667,paolo-laptop,crate-container-cd
power_consumption,1704889747326000000,6.604311196462681,paolo-laptop,crate-container-cd
power_consumption,1704889748328000000,6.851445263882879,paolo-laptop,crate-container-cd
power_consumption,1704889749334000000,13.671945606919152,paolo-laptop,crate-container-cd
power_consumption,1704889751339000000,9.8060023666195,paolo-laptop,crate-container-cd
power_consumption,1704889752343000000,11.402729873164194,paolo-laptop,crate-container-cd
power_consumption,1704889753346000000,1.8191459716242249,paolo-laptop,crate-container-cd
power_consumption,1704889754350000000,0.8976161835250496,paolo-laptop,crate-container-cd
power_consumption,1704889755352000000,2.2588678336576042,paolo-laptop,crate-container-cd
power_consumption,1704889756354000000,12.00170849537492,paolo-laptop,crate-container-cd
power_consumption,1704889757358000000,11.24398969789826,paolo-laptop,crate-container-cd
power_consumption,1704889758359000000,3.360230586078196,paolo-laptop,crate-container-cd
power_consumption,1704889759361000000,5.361619855316812,paolo-laptop,crate-container-cd
power_consumption,1704889760363000000,0.20279493215254807,paolo-laptop,crate-container-cd
power_consumption,1704889761367000000,0.530558576813926,paolo-laptop,crate-container-cd
power_consumption,1704889762369000000,3.7320818238449736,paolo-laptop,crate-container-cd
power_consumption,1704889763370000000,3.9790640493248572,paolo-laptop,crate-container-cd
power_consumption,1704889764373000000,8.917733703789057,paolo-laptop,crate-container-cd
power_consumption,1704889765376000000,4.493939463604541,paolo-laptop,crate-container-cd
power_consumption,1704889766378000000,11.274962459578362,paolo-laptop,crate-container-cd
power_consumption,1704889767379000000,10.974889281745924,paolo-laptop,crate-container-cd
power_consumption,1704889768383000000,4.66977372336011,paolo-laptop,crate-container-cd
power_consumption,1704889769387000000,0.3747756673507589,paolo-laptop,crate-container-cd
power_consumption,1704889771395000000,0.27458623232746937,paolo-laptop,crate-container-cd
power_consumption,1704889772398000000,0.5173139129461224,paolo-laptop,crate-container-cd
power_consumption,1704889774407000000,0.42622763861989144,paolo-laptop,crate-container-cd
power_consumption,1704889775411000000,0.39957577285862467,paolo-laptop,crate-container-cd
power_consumption,1704889776415000000,0.37833995500604894,paolo-laptop,crate-container-cd
power_consumption,1704889777419000000,0.35432014453455124,paolo-laptop,crate-container-cd
power_consumption,1704889778422000000,6.512313257227044,paolo-laptop,crate-container-cd
power_consumption,1704889779423000000,3.708719455134624,paolo-laptop,crate-container-cd
power_consumption,1704889780425000000,6.578524885713731,paolo-laptop,crate-container-cd
power_consumption,1704889781426000000,11.189202541022471,paolo-laptop,crate-container-cd
power_consumption,1704889782428000000,11.319609442372911,paolo-laptop,crate-container-cd
power_consumption,1704889783429000000,12.986155586060294,paolo-laptop,crate-container-cd
power_consumption,1704889784430000000,3.508325501606982,paolo-laptop,crate-container-cd
power_consumption,1704889785432000000,4.964730422709904,paolo-laptop,crate-container-cd
power_consumption,1704889786435000000,1.9274601774121178,paolo-laptop,crate-container-cd
power_consumption,1704889787441000000,5.598354394170602,paolo-laptop,crate-container-cd
power_consumption,1704889788444000000,11.991035301860782,paolo-laptop,crate-container-cd
power_consumption,1704889789448000000,3.0579514521494047,paolo-laptop,crate-container-cd
power_consumption,1704889790452000000,0.07170844405081121,paolo-laptop,crate-container-cd
power_consumption,1704889791457000000,1.0328455940460795,paolo-laptop,crate-container-cd
power_consumption,1704889792459000000,2.103199761760374,paolo-laptop,crate-container-cd
power_consumption,1704889793462000000,3.5466031997608516,paolo-laptop,crate-container-cd
power_consumption,1704889794464000000,6.136433889360191,paolo-laptop,crate-container-cd
power_consumption,1704889795468000000,4.707165224063573,paolo-laptop,crate-container-cd
power_consumption,1704889796470000000,5.572738551144708,paolo-laptop,crate-container-cd
power_consumption,1704889797471000000,12.05202917655258,paolo-laptop,crate-container-cd
power_consumption,1704889798473000000,11.25020156906834,paolo-laptop,crate-container-cd
power_consumption,1704889799474000000,7.231906340407748,paolo-laptop,crate-container-cd
power_consumption,1704889800478000000,4.43258632089694,paolo-laptop,crate-container-cd
power_consumption,1704889801479000000,2.4664245740716995,paolo-laptop,crate-container-cd
power_consumption,1704889802481000000,3.3018192771934407,paolo-laptop,crate-container-cd
power_consumption,1704889803483000000,13.111838957913143,paolo-laptop,crate-container-cd
power_consumption,1704889804486000000,11.98192480487943,paolo-laptop,crate-container-cd
power_consumption,1704889805488000000,12.055359616227442,paolo-laptop,crate-container-cd
power_consumption,1704889806491000000,12.292074777593939,paolo-laptop,crate-container-cd
power_consumption,1704889807493000000,5.966962775620335,paolo-laptop,crate-container-cd
power_consumption,1704889808496000000,5.040050769206005,paolo-laptop,crate-container-cd
power_consumption,1704889809498000000,2.6437247254054603,paolo-laptop,crate-container-cd
power_consumption,1704889810500000000,14.26789087386586,paolo-laptop,crate-container-cd
power_consumption,1704889811502000000,9.825905157482792,paolo-laptop,crate-container-cd
power_consumption,1704889812505000000,2.9632328522237312,paolo-laptop,crate-container-cd
power_consumption,1704889813506000000,4.890545870713273,paolo-laptop,crate-container-cd
power_consumption,1704889814510000000,1.2473602812649283,paolo-laptop,crate-container-cd
power_consumption,1704889815513000000,1.1749940511788557,paolo-laptop,crate-container-cd
power_consumption,1704889816515000000,1.1550797876289842,paolo-laptop,crate-container-cd
power_consumption,1704889817517000000,13.983419494602677,paolo-laptop,crate-container-cd
power_consumption,1704889818519000000,14.202303674973665,paolo-laptop,crate-container-cd
power_consumption,1704889819521000000,13.78275770656241,paolo-laptop,crate-container-cd
power_consumption,1704889820525000000,8.337278149808187,paolo-laptop,crate-container-cd
power_consumption,1704889821528000000,0.6847856465364797,paolo-laptop,crate-container-cd
power_consumption,1704889822533000000,0.13635418761766113,paolo-laptop,crate-container-cd
power_consumption,1704889823536000000,0.25541345922072395,paolo-laptop,crate-container-cd
power_consumption,1704889824540000000,0.73176170031809,paolo-laptop,crate-container-cd
power_consumption,1704889825544000000,8.01442140980127,paolo-laptop,crate-container-cd
power_consumption,1704889826547000000,3.5075531738776493,paolo-laptop,crate-container-cd
power_consumption,1704889827551000000,1.8177408068618397,paolo-laptop,crate-container-cd
power_consumption,1704889828555000000,2.300927482919745,paolo-laptop,crate-container-cd
power_consumption,1704889829557000000,4.9321430516878095,paolo-laptop,crate-container-cd
power_consumption,1704889830560000000,6.375381318443535,paolo-laptop,crate-container-cd
power_consumption,1704889831562000000,1.594977743388595,paolo-laptop,crate-container-cd
power_consumption,1704889832566000000,2.6063907823031456,paolo-laptop,crate-container-cd
power_consumption,1704889833571000000,0.4436332645838494,paolo-laptop,crate-container-cd
power_consumption,1704889834575000000,0.4468728170452761,paolo-laptop,crate-container-cd
power_consumption,1704889835579000000,1.2000990892098153,paolo-laptop,crate-container-cd
power_consumption,1704889836583000000,2.8404912432618925,paolo-laptop,crate-container-cd
power_consumption,1704889837586000000,3.1238218338450614,paolo-laptop,crate-container-cd
power_consumption,1704889838590000000,2.1691899198479137,paolo-laptop,crate-container-cd
power_consumption,1704889839592000000,0.7210364758302971,paolo-laptop,crate-container-cd
power_consumption,1704889840595000000,2.1127651825938507,paolo-laptop,crate-container-cd
power_consumption,1704889841598000000,13.67350455464485,paolo-laptop,crate-container-cd
power_consumption,1704889842602000000,10.773213225732441,paolo-laptop,crate-container-cd
power_consumption,1704889843604000000,2.81695534141672,paolo-laptop,crate-container-cd
power_consumption,1704889844608000000,5.545780641020681,paolo-laptop,crate-container-cd
power_consumption,1704889845610000000,10.770735066619988,paolo-laptop,crate-container-cd
power_consumption,1704889846612000000,12.36315213617024,paolo-laptop,crate-container-cd
power_consumption,1704889847615000000,9.044759807790578,paolo-laptop,crate-container-cd
power_consumption,1704889848616000000,9.75082107547053,paolo-laptop,crate-container-cd
power_consumption,1704889849618000000,8.133375354786976,paolo-laptop,crate-container-cd
power_consumption,1704889850623000000,2.6546122846690836,paolo-laptop,crate-container-cd
power_consumption,1704889851627000000,1.4700201657703869,paolo-laptop,crate-container-cd
power_consumption,1704889852629000000,4.830447729875395,paolo-laptop,crate-container-cd
power_consumption,1704889853632000000,7.293723090640719,paolo-laptop,crate-container-cd
power_consumption,1704889854638000000,6.06642208622133,paolo-laptop,crate-container-cd
power_consumption,1704889855641000000,8.414486362546782,paolo-laptop,crate-container-cd
power_consumption,1704889856643000000,10.711663279943897,paolo-laptop,crate-container-cd
power_consumption,1704889857644000000,7.302134611497906,paolo-laptop,crate-container-cd
power_consumption,1704889858646000000,5.728701256118865,paolo-laptop,crate-container-cd
power_consumption,1704889859647000000,9.196468261307539,paolo-laptop,crate-container-cd
power_consumption,1704889860649000000,11.655303719702982,paolo-laptop,crate-container-cd
power_consumption,1704889861650000000,6.718340214494679,paolo-laptop,crate-container-cd
power_consumption,1704889862652000000,6.335040645094918,paolo-laptop,crate-container-cd
power_consumption,1704889864655000000,4.420769193738319,paolo-laptop,crate-container-cd
power_consumption,1704889865656000000,5.67103068872499,paolo-laptop,crate-container-cd
power_consumption,1704889866659000000,9.345793497728843,paolo-laptop,crate-container-cd
power_consumption,1704889867662000000,7.367540506342733,paolo-laptop,crate-container-cd
power_consumption,1704889868664000000,7.895102318787213,paolo-laptop,crate-container-cd
power_consumption,1704889869666000000,4.072644841187567,paolo-laptop,crate-container-cd
power_consumption,1704889870667000000,7.461786922278526,paolo-laptop,crate-container-cd
power_consumption,1704889871669000000,7.051720925215915,paolo-laptop,crate-container-cd
power_consumption,1704889872672000000,4.233565818985612,paolo-laptop,crate-container-cd
power_consumption,1704889873675000000,1.5070944953981809,paolo-laptop,crate-container-cd
power_consumption,1704889874678000000,8.856933012629652,paolo-laptop,crate-container-cd
power_consumption,1704889875681000000,5.591263426946583,paolo-laptop,crate-container-cd
power_consumption,1704889876682000000,5.160983525779121,paolo-laptop,crate-container-cd
power_consumption,1704889877684000000,6.350305019674209,paolo-laptop,crate-container-cd
power_consumption,1704889878687000000,1.6633740065784737,paolo-laptop,crate-container-cd
power_consumption,1704889879691000000,1.9618166027738584,paolo-laptop,crate-container-cd
power_consumption,1704889880696000000,6.412047708761472,paolo-laptop,crate-container-cd
power_consumption,1704889883711000000,4.875931752054325,paolo-laptop,crate-container-cd
power_consumption,1704889884717000000,7.653288329435558,paolo-laptop,crate-container-cd
power_consumption,1704889885721000000,3.9192857160977996,paolo-laptop,crate-container-cd
power_consumption,1704889886723000000,5.282456386011598,paolo-laptop,crate-container-cd
power_consumption,1704889887727000000,1.0852824363266576,paolo-laptop,crate-container-cd
power_consumption,1704889888728000000,8.006994269776783,paolo-laptop,crate-container-cd
power_consumption,1704889889730000000,9.755159578014483,paolo-laptop,crate-container-cd
power_consumption,1704889890731000000,8.07761039319819,paolo-laptop,crate-container-cd
power_consumption,1704889891736000000,5.302758789613133,paolo-laptop,crate-container-cd
power_consumption,1704889892739000000,7.6981740491008885,paolo-laptop,crate-container-cd
power_consumption,1704889893743000000,7.750452927877621,paolo-laptop,crate-container-cd
power_consumption,1704889894746000000,7.124416740161673,paolo-laptop,crate-container-cd
power_consumption,1704889895749000000,8.060578495517507,paolo-laptop,crate-container-cd
power_consumption,1704889896751000000,9.140361596654758,paolo-laptop,crate-container-cd
power_consumption,1704889897753000000,7.352303693903109,paolo-laptop,crate-container-cd
power_consumption,1704889898755000000,7.417554065438767,paolo-laptop,crate-container-cd
power_consumption,1704889899758000000,5.256325509791059,paolo-laptop,crate-container-cd
power_consumption,1704889900761000000,7.073203645960143,paolo-laptop,crate-container-cd
power_consumption,1704889901762000000,10.165328783871647,paolo-laptop,crate-container-cd
power_consumption,1704889902765000000,0.2645313125921782,paolo-laptop,crate-container-cd
power_consumption,1704889903771000000,5.805788466728464,paolo-laptop,crate-container-cd
power_consumption,1704889904777000000,6.6911785829074875,paolo-laptop,crate-container-cd
