name,time,power,sensor,target
power_consumption,1705267855935000000,0.07054498513659535,paolo-laptop,smartwatts-formula
power_consumption,1705267857938000000,0.06807445538419354,paolo-laptop,smartwatts-formula
power_consumption,1705267858940000000,0.06794727621159047,paolo-laptop,smartwatts-formula
power_consumption,1705267863950000000,0.08680796418736933,paolo-laptop,smartwatts-formula
power_consumption,1705267864952000000,0.09273962687463225,paolo-laptop,smartwatts-formula
power_consumption,1705267865954000000,0.0760784908968058,paolo-laptop,smartwatts-formula
power_consumption,1705267866955000000,0.06507266402712956,paolo-laptop,smartwatts-formula
power_consumption,1705267867957000000,0.07001441059850294,paolo-laptop,smartwatts-formula
power_consumption,1705267868960000000,0.0772399696294744,paolo-laptop,smartwatts-formula
power_consumption,1705267870964000000,0.10795025684976695,paolo-laptop,smartwatts-formula
power_consumption,1705267871966000000,0.09786889812544841,paolo-laptop,smartwatts-formula
power_consumption,1705267872968000000,0.10930059195014051,paolo-laptop,smartwatts-formula
power_consumption,1705267873970000000,0.11234428403643389,paolo-laptop,smartwatts-formula
power_consumption,1705267874972000000,0.09698824003189756,paolo-laptop,smartwatts-formula
power_consumption,1705267877978000000,0.09905413539788246,paolo-laptop,smartwatts-formula
power_consumption,1705267878980000000,0.10372143035372189,paolo-laptop,smartwatts-formula
power_consumption,1705267879982000000,0.09949692698288012,paolo-laptop,smartwatts-formula
power_consumption,1705267880984000000,0.09958410049462833,paolo-laptop,smartwatts-formula
power_consumption,1705267881986000000,0.07802812600858765,paolo-laptop,smartwatts-formula
power_consumption,1705267882988000000,0.07489763958608983,paolo-laptop,smartwatts-formula
power_consumption,1705267886993000000,0.10494012051852618,paolo-laptop,smartwatts-formula
power_consumption,1705267887995000000,0.10478666293887237,paolo-laptop,smartwatts-formula
power_consumption,1705267897028000000,0.07831191764092024,paolo-laptop,smartwatts-formula
power_consumption,1705267898030000000,0.07541530000466756,paolo-laptop,smartwatts-formula
power_consumption,1705267899032000000,0.07170407029395688,paolo-laptop,smartwatts-formula
power_consumption,1705267900034000000,0.07563090173438278,paolo-laptop,smartwatts-formula
power_consumption,1705267901036000000,0.07817530470879286,paolo-laptop,smartwatts-formula
power_consumption,1705267902038000000,0.07203985848977522,paolo-laptop,smartwatts-formula
power_consumption,1705267903040000000,0.09861960116970996,paolo-laptop,smartwatts-formula
power_consumption,1705267904042000000,0.09979258965234653,paolo-laptop,smartwatts-formula
power_consumption,1705267905043000000,0.10609814541368467,paolo-laptop,smartwatts-formula
power_consumption,1705267906045000000,0.10088624815471864,paolo-laptop,smartwatts-formula
power_consumption,1705267907047000000,0.1065133881335868,paolo-laptop,smartwatts-formula
power_consumption,1705267908049000000,0.10259481041912649,paolo-laptop,smartwatts-formula
power_consumption,1705267909051000000,0.10981006340183422,paolo-laptop,smartwatts-formula
power_consumption,1705267910054000000,0.1011094262144914,paolo-laptop,smartwatts-formula
power_consumption,1705267911057000000,0.09797388223605845,paolo-laptop,smartwatts-formula
power_consumption,1705267912059000000,0.10674088013901213,paolo-laptop,smartwatts-formula
power_consumption,1705267913061000000,0.09897530803336883,paolo-laptop,smartwatts-formula
power_consumption,1705267914064000000,0.10100892642143981,paolo-laptop,smartwatts-formula
power_consumption,1705267915066000000,0.10912023061523891,paolo-laptop,smartwatts-formula
power_consumption,1705267916068000000,0.11177723259469668,paolo-laptop,smartwatts-formula
power_consumption,1705267917070000000,0.1047711211929257,paolo-laptop,smartwatts-formula
power_consumption,1705267918072000000,0.10572226487810332,paolo-laptop,smartwatts-formula
power_consumption,1705267920076000000,0.10699940547248196,paolo-laptop,smartwatts-formula
power_consumption,1705267921078000000,0.10345177596852412,paolo-laptop,smartwatts-formula
power_consumption,1705267922080000000,0.10392606055339403,paolo-laptop,smartwatts-formula
power_consumption,1705267923082000000,0.1075888579951296,paolo-laptop,smartwatts-formula
power_consumption,1705267924084000000,0.10512956614376867,paolo-laptop,smartwatts-formula
power_consumption,1705267925086000000,0.08914152553741286,paolo-laptop,smartwatts-formula
power_consumption,1705267926088000000,0.09810412873619481,paolo-laptop,smartwatts-formula
power_consumption,1705267927090000000,0.10433985232150819,paolo-laptop,smartwatts-formula
power_consumption,1705267928092000000,0.1022436203820197,paolo-laptop,smartwatts-formula
power_consumption,1705267929094000000,0.10715067244921621,paolo-laptop,smartwatts-formula
power_consumption,1705267930105000000,0.0702641598903337,paolo-laptop,smartwatts-formula
power_consumption,1705267931107000000,0.10054231797406428,paolo-laptop,smartwatts-formula
power_consumption,1705267932108000000,0.0984856433492893,paolo-laptop,smartwatts-formula
power_consumption,1705267933110000000,0.10174178201188738,paolo-laptop,smartwatts-formula
power_consumption,1705267935116000000,0.0686520774117752,paolo-laptop,smartwatts-formula
power_consumption,1705267936119000000,0.10620191692527274,paolo-laptop,smartwatts-formula
power_consumption,1705267938123000000,0.10523070045208333,paolo-laptop,smartwatts-formula
power_consumption,1705267940133000000,0.052633070385385124,paolo-laptop,smartwatts-formula
power_consumption,1705267942137000000,0.10495029955331014,paolo-laptop,smartwatts-formula
power_consumption,1705267945144000000,0.0836936620542015,paolo-laptop,smartwatts-formula
power_consumption,1705267946146000000,0.1021556940444491,paolo-laptop,smartwatts-formula
power_consumption,1705267947148000000,0.08440885264726752,paolo-laptop,smartwatts-formula
power_consumption,1705267948150000000,0.10007233927987073,paolo-laptop,smartwatts-formula
power_consumption,1705267949153000000,0.08397751904453113,paolo-laptop,smartwatts-formula
power_consumption,1705267950154000000,0.08039561366740709,paolo-laptop,smartwatts-formula
power_consumption,1705267951157000000,0.09989151895918334,paolo-laptop,smartwatts-formula
power_consumption,1705267952158000000,0.09993125823311556,paolo-laptop,smartwatts-formula
power_consumption,1705267953160000000,0.10513988755844608,paolo-laptop,smartwatts-formula
power_consumption,1705267954162000000,0.09610977384355524,paolo-laptop,smartwatts-formula
power_consumption,1705267955164000000,0.10789519444071767,paolo-laptop,smartwatts-formula
power_consumption,1705267956169000000,0.09836878830065911,paolo-laptop,smartwatts-formula
power_consumption,1705267957177000000,0.09678170110343186,paolo-laptop,smartwatts-formula
power_consumption,1705267958181000000,0.10366073681612406,paolo-laptop,smartwatts-formula
power_consumption,1705267959183000000,0.102049817550812,paolo-laptop,smartwatts-formula
power_consumption,1705267960189000000,0.1030684857538326,paolo-laptop,smartwatts-formula
power_consumption,1705267961195000000,0.10268821951844646,paolo-laptop,smartwatts-formula
power_consumption,1705267962197000000,0.09984769477932266,paolo-laptop,smartwatts-formula
power_consumption,1705267963199000000,0.10107976262841709,paolo-laptop,smartwatts-formula
power_consumption,1705267964201000000,0.11243511513750895,paolo-laptop,smartwatts-formula
power_consumption,1705267965203000000,0.1076698530280441,paolo-laptop,smartwatts-formula
power_consumption,1705267966205000000,0.1076184174884696,paolo-laptop,smartwatts-formula
power_consumption,1705267967209000000,0.09597944535122202,paolo-laptop,smartwatts-formula
power_consumption,1705267971219000000,0.09832909959870521,paolo-laptop,smartwatts-formula
power_consumption,1705267973224000000,0.09504859306388261,paolo-laptop,smartwatts-formula
power_consumption,1705267974226000000,0.06254153157618783,paolo-laptop,smartwatts-formula
power_consumption,1705267978245000000,0.06266376873145535,paolo-laptop,smartwatts-formula
power_consumption,1705267979247000000,0.0884133402388615,paolo-laptop,smartwatts-formula
power_consumption,1705267982255000000,0.057973264283443016,paolo-laptop,smartwatts-formula
power_consumption,1705267983257000000,0.055501886690261924,paolo-laptop,smartwatts-formula
power_consumption,1705267987269000000,0.052466027103160666,paolo-laptop,smartwatts-formula
power_consumption,1705267988272000000,0.07384351119433794,paolo-laptop,smartwatts-formula
power_consumption,1705267989274000000,0.0749653819300451,paolo-laptop,smartwatts-formula
power_consumption,1705267990276000000,0.062306711657061684,paolo-laptop,smartwatts-formula
power_consumption,1705267991278000000,0.05298153361286277,paolo-laptop,smartwatts-formula
power_consumption,1705267992282000000,0.060606813000321946,paolo-laptop,smartwatts-formula
power_consumption,1705267994287000000,0.06839961996164717,paolo-laptop,smartwatts-formula
power_consumption,1705267997294000000,0.0661050585349509,paolo-laptop,smartwatts-formula
power_consumption,1705267998298000000,0.06672812612137585,paolo-laptop,smartwatts-formula
power_consumption,1705268001307000000,0.05743100143645994,paolo-laptop,smartwatts-formula
power_consumption,1705268002310000000,0.059729485745157136,paolo-laptop,smartwatts-formula
power_consumption,1705268004313000000,0.07840091227763772,paolo-laptop,smartwatts-formula
power_consumption,1705268005315000000,0.06412620839157948,paolo-laptop,smartwatts-formula
power_consumption,1705268006317000000,0.055471797539946174,paolo-laptop,smartwatts-formula
power_consumption,1705268007319000000,0.0730908991014598,paolo-laptop,smartwatts-formula
power_consumption,1705268008321000000,0.07827067404892686,paolo-laptop,smartwatts-formula
power_consumption,1705268009323000000,0.05795346329375639,paolo-laptop,smartwatts-formula
power_consumption,1705268010325000000,0.07200042476279256,paolo-laptop,smartwatts-formula
power_consumption,1705268011327000000,0.08715711311065412,paolo-laptop,smartwatts-formula
power_consumption,1705268012329000000,0.07971250281911563,paolo-laptop,smartwatts-formula
power_consumption,1705268013331000000,0.08382094387570513,paolo-laptop,smartwatts-formula
power_consumption,1705268014333000000,0.07517391474159428,paolo-laptop,smartwatts-formula
power_consumption,1705268015335000000,0.08095497915233806,paolo-laptop,smartwatts-formula
power_consumption,1705268016337000000,0.0771696125525558,paolo-laptop,smartwatts-formula
power_consumption,1705268017340000000,0.07841866407391207,paolo-laptop,smartwatts-formula
power_consumption,1705268018346000000,0.07798780858066826,paolo-laptop,smartwatts-formula
power_consumption,1705268019348000000,0.07839911295531832,paolo-laptop,smartwatts-formula
power_consumption,1705268020350000000,0.08688584275449168,paolo-laptop,smartwatts-formula
power_consumption,1705268021353000000,0.0782963520140278,paolo-laptop,smartwatts-formula
power_consumption,1705268022355000000,0.08074828544191001,paolo-laptop,smartwatts-formula
power_consumption,1705268023357000000,0.07843954240075701,paolo-laptop,smartwatts-formula
power_consumption,1705268024359000000,0.08513559521132921,paolo-laptop,smartwatts-formula
power_consumption,1705268025361000000,0.08814921274742996,paolo-laptop,smartwatts-formula
power_consumption,1705268026364000000,0.08421495131597781,paolo-laptop,smartwatts-formula
power_consumption,1705268027366000000,0.07918388314467459,paolo-laptop,smartwatts-formula
power_consumption,1705268028369000000,0.08387671484925825,paolo-laptop,smartwatts-formula
power_consumption,1705268029370000000,0.0854266367944132,paolo-laptop,smartwatts-formula
power_consumption,1705268031375000000,0.08068911142130389,paolo-laptop,smartwatts-formula
power_consumption,1705268032377000000,0.08572915488946557,paolo-laptop,smartwatts-formula
power_consumption,1705268033379000000,0.07644067228132097,paolo-laptop,smartwatts-formula
power_consumption,1705268044402000000,0.044900142156611145,paolo-laptop,smartwatts-formula
power_consumption,1705268045404000000,0.0563576872149756,paolo-laptop,smartwatts-formula
power_consumption,1705268046406000000,0.056486406542568285,paolo-laptop,smartwatts-formula
power_consumption,1705268047408000000,0.06078121138636364,paolo-laptop,smartwatts-formula
power_consumption,1705268048410000000,0.057586292390904535,paolo-laptop,smartwatts-formula
power_consumption,1705268049412000000,0.05636400896071105,paolo-laptop,smartwatts-formula
power_consumption,1705268050414000000,0.07764420298999747,paolo-laptop,smartwatts-formula
power_consumption,1705268051417000000,0.08252245711114684,paolo-laptop,smartwatts-formula
power_consumption,1705268052422000000,0.09228821917267971,paolo-laptop,smartwatts-formula
power_consumption,1705268053427000000,0.08739513854462053,paolo-laptop,smartwatts-formula
power_consumption,1705268054433000000,0.08792534325669503,paolo-laptop,smartwatts-formula
power_consumption,1705268055435000000,0.09383060009668623,paolo-laptop,smartwatts-formula
power_consumption,1705268056436000000,0.0883675425674817,paolo-laptop,smartwatts-formula
power_consumption,1705268057438000000,0.08280424405426298,paolo-laptop,smartwatts-formula
power_consumption,1705268058443000000,0.07706729416657394,paolo-laptop,smartwatts-formula
power_consumption,1705268059446000000,0.09661682916274619,paolo-laptop,smartwatts-formula
power_consumption,1705268061452000000,0.08613567384670849,paolo-laptop,smartwatts-formula
power_consumption,1705268062455000000,0.08750879028089284,paolo-laptop,smartwatts-formula
power_consumption,1705268063459000000,0.09515769618976412,paolo-laptop,smartwatts-formula
power_consumption,1705268066466000000,0.058945429108506565,paolo-laptop,smartwatts-formula
power_consumption,1705268067468000000,0.08060044325363216,paolo-laptop,smartwatts-formula
power_consumption,1705268068470000000,0.08305271448071025,paolo-laptop,smartwatts-formula
power_consumption,1705268069473000000,0.08199278866994444,paolo-laptop,smartwatts-formula
power_consumption,1705268070478000000,0.06175601165074493,paolo-laptop,smartwatts-formula
power_consumption,1705268071480000000,0.06301072138340177,paolo-laptop,smartwatts-formula
power_consumption,1705268072482000000,0.0784643806295614,paolo-laptop,smartwatts-formula
power_consumption,1705268073484000000,0.0811344255898859,paolo-laptop,smartwatts-formula
power_consumption,1705268074488000000,0.08256874588932434,paolo-laptop,smartwatts-formula
power_consumption,1705268075492000000,0.09293019484588519,paolo-laptop,smartwatts-formula
power_consumption,1705268076494000000,0.08827356725410043,paolo-laptop,smartwatts-formula
power_consumption,1705268077497000000,0.08423477470507981,paolo-laptop,smartwatts-formula
power_consumption,1705268078499000000,0.07986958806608718,paolo-laptop,smartwatts-formula
power_consumption,1705268082513000000,0.10124911683478473,paolo-laptop,smartwatts-formula
power_consumption,1705268091537000000,0.1306049994754469,paolo-laptop,smartwatts-formula
power_consumption,1705268095549000000,0.047382119396331863,paolo-laptop,smartwatts-formula
power_consumption,1705268105574000000,0.05445669071954028,paolo-laptop,smartwatts-formula
power_consumption,1705268110585000000,0.05486982903266692,paolo-laptop,smartwatts-formula
power_consumption,1705268111587000000,0.15623419812433614,paolo-laptop,smartwatts-formula
power_consumption,1705268113591000000,0.12769437087316088,paolo-laptop,smartwatts-formula
power_consumption,1705268114597000000,0.0917048536501188,paolo-laptop,smartwatts-formula
power_consumption,1705268118606000000,0.050955141079120865,paolo-laptop,smartwatts-formula
power_consumption,1705268120611000000,0.07773158345613063,paolo-laptop,smartwatts-formula
power_consumption,1705268122617000000,0.08779463468332643,paolo-laptop,smartwatts-formula
power_consumption,1705268124624000000,0.16428592757394717,paolo-laptop,smartwatts-formula
power_consumption,1705268125626000000,0.06720334827473785,paolo-laptop,smartwatts-formula
power_consumption,1705268127630000000,0.10570305002971711,paolo-laptop,smartwatts-formula
power_consumption,1705268128632000000,0.14078774851544268,paolo-laptop,smartwatts-formula
power_consumption,1705268129634000000,0.10234042237109717,paolo-laptop,smartwatts-formula
power_consumption,1705268130636000000,0.12694626239875112,paolo-laptop,smartwatts-formula
power_consumption,1705268131638000000,0.13253076693442584,paolo-laptop,smartwatts-formula
power_consumption,1705268132640000000,0.11838807255861682,paolo-laptop,smartwatts-formula
power_consumption,1705268133642000000,0.11942161347185233,paolo-laptop,smartwatts-formula
power_consumption,1705268134644000000,0.12721307487064384,paolo-laptop,smartwatts-formula
power_consumption,1705268136647000000,0.12155253865042201,paolo-laptop,smartwatts-formula
power_consumption,1705268137650000000,0.1640456295847646,paolo-laptop,smartwatts-formula
power_consumption,1705268138652000000,0.11085414749436537,paolo-laptop,smartwatts-formula
power_consumption,1705268140656000000,0.07728622057221549,paolo-laptop,smartwatts-formula
power_consumption,1705268141657000000,0.10806327400639736,paolo-laptop,smartwatts-formula
power_consumption,1705268142661000000,0.060356016733712416,paolo-laptop,smartwatts-formula
power_consumption,1705268145669000000,0.09945542616349394,paolo-laptop,smartwatts-formula
power_consumption,1705268146670000000,0.12011866906849604,paolo-laptop,smartwatts-formula
power_consumption,1705268147672000000,0.12189231405049733,paolo-laptop,smartwatts-formula
power_consumption,1705268148676000000,0.06650341066100092,paolo-laptop,smartwatts-formula
power_consumption,1705268150681000000,0.08834321810118567,paolo-laptop,smartwatts-formula
power_consumption,1705268151685000000,0.06242033731552873,paolo-laptop,smartwatts-formula
power_consumption,1705268154695000000,0.1179079312469632,paolo-laptop,smartwatts-formula
power_consumption,1705268155697000000,0.09800091305033404,paolo-laptop,smartwatts-formula
power_consumption,1705268156699000000,0.10907514085528175,paolo-laptop,smartwatts-formula
power_consumption,1705268157702000000,0.14196196944232228,paolo-laptop,smartwatts-formula
power_consumption,1705268158705000000,0.0608240696377365,paolo-laptop,smartwatts-formula
power_consumption,1705268159707000000,0.07899551875981528,paolo-laptop,smartwatts-formula
power_consumption,1705268161712000000,0.126180320905808,paolo-laptop,smartwatts-formula
power_consumption,1705268162714000000,0.13462472872868353,paolo-laptop,smartwatts-formula
power_consumption,1705268163716000000,0.12241625194450476,paolo-laptop,smartwatts-formula
power_consumption,1705268165720000000,0.1396448712840681,paolo-laptop,smartwatts-formula
power_consumption,1705268168724000000,0.07527689153853159,paolo-laptop,smartwatts-formula
power_consumption,1705268169726000000,0.11992398544843147,paolo-laptop,smartwatts-formula
power_consumption,1705268170730000000,0.06033915503829719,paolo-laptop,smartwatts-formula
power_consumption,1705268172734000000,0.2223601704340079,paolo-laptop,smartwatts-formula
power_consumption,1705268174738000000,0.14212788456121786,paolo-laptop,smartwatts-formula
power_consumption,1705268175741000000,0.0847092889169423,paolo-laptop,smartwatts-formula
power_consumption,1705268176745000000,0.152307121246123,paolo-laptop,smartwatts-formula
power_consumption,1705268177747000000,0.21497390549346881,paolo-laptop,smartwatts-formula
power_consumption,1705268178753000000,0.07118672571490545,paolo-laptop,smartwatts-formula
power_consumption,1705268179758000000,0.13461023718991566,paolo-laptop,smartwatts-formula
power_consumption,1705268180760000000,0.11736523834765342,paolo-laptop,smartwatts-formula
power_consumption,1705268181762000000,0.12151110467191607,paolo-laptop,smartwatts-formula
power_consumption,1705268182765000000,0.14820523350712833,paolo-laptop,smartwatts-formula
power_consumption,1705268183767000000,0.0833849577223161,paolo-laptop,smartwatts-formula
power_consumption,1705268185774000000,0.13441216882059326,paolo-laptop,smartwatts-formula
power_consumption,1705268186779000000,0.07654156135084585,paolo-laptop,smartwatts-formula
power_consumption,1705268188789000000,0.1072254541714657,paolo-laptop,smartwatts-formula
power_consumption,1705268189791000000,0.12465475816197708,paolo-laptop,smartwatts-formula
power_consumption,1705268190795000000,0.060649022223493214,paolo-laptop,smartwatts-formula
power_consumption,1705268191800000000,0.11499170956980576,paolo-laptop,smartwatts-formula
power_consumption,1705268192804000000,0.25622158269325734,paolo-laptop,smartwatts-formula
power_consumption,1705268193808000000,0.06692119171461403,paolo-laptop,smartwatts-formula
power_consumption,1705268194810000000,0.11883451948367177,paolo-laptop,smartwatts-formula
power_consumption,1705268195812000000,0.12360049158656522,paolo-laptop,smartwatts-formula
power_consumption,1705268196814000000,0.11736737661207627,paolo-laptop,smartwatts-formula
power_consumption,1705268197816000000,0.12932138505961643,paolo-laptop,smartwatts-formula
power_consumption,1705268198820000000,0.12728001171492584,paolo-laptop,smartwatts-formula
power_consumption,1705268199822000000,0.11314304062201569,paolo-laptop,smartwatts-formula
power_consumption,1705268200824000000,0.12793586327887907,paolo-laptop,smartwatts-formula
power_consumption,1705268202827000000,0.13707959564062486,paolo-laptop,smartwatts-formula
power_consumption,1705268204835000000,0.13484013490974972,paolo-laptop,smartwatts-formula
power_consumption,1705268206839000000,0.12190574307665483,paolo-laptop,smartwatts-formula
power_consumption,1705268207841000000,0.05760844715905765,paolo-laptop,smartwatts-formula
power_consumption,1705268208845000000,0.09593456832173049,paolo-laptop,smartwatts-formula
power_consumption,1705268210851000000,0.07875991099817757,paolo-laptop,smartwatts-formula
power_consumption,1705268211853000000,0.09488562067211709,paolo-laptop,smartwatts-formula
power_consumption,1705268212856000000,0.14357214376435753,paolo-laptop,smartwatts-formula
power_consumption,1705268213860000000,0.16596114842210832,paolo-laptop,smartwatts-formula
power_consumption,1705268215865000000,0.07125058765221282,paolo-laptop,smartwatts-formula
power_consumption,1705268217869000000,0.11421273903113147,paolo-laptop,smartwatts-formula
power_consumption,1705268218873000000,0.08261209770598667,paolo-laptop,smartwatts-formula
power_consumption,1705268219877000000,0.11007750818298828,paolo-laptop,smartwatts-formula
power_consumption,1705268220881000000,0.10856802123637668,paolo-laptop,smartwatts-formula
power_consumption,1705268221883000000,0.12928684448100108,paolo-laptop,smartwatts-formula
power_consumption,1705268222885000000,0.09838892875752865,paolo-laptop,smartwatts-formula
power_consumption,1705268223888000000,0.12097076667158968,paolo-laptop,smartwatts-formula
power_consumption,1705268224891000000,0.12072892467438882,paolo-laptop,smartwatts-formula
power_consumption,1705268225893000000,0.14912912065218742,paolo-laptop,smartwatts-formula
power_consumption,1705268226894000000,0.08134696788613135,paolo-laptop,smartwatts-formula
power_consumption,1705268227896000000,0.08282934338377179,paolo-laptop,smartwatts-formula
power_consumption,1705268228898000000,0.12345983300405879,paolo-laptop,smartwatts-formula
power_consumption,1705268229901000000,0.1344451100453709,paolo-laptop,smartwatts-formula
power_consumption,1705268230904000000,0.12784813780986426,paolo-laptop,smartwatts-formula
power_consumption,1705268231906000000,0.11442971057883639,paolo-laptop,smartwatts-formula
power_consumption,1705268232908000000,0.11930104355588446,paolo-laptop,smartwatts-formula
power_consumption,1705268233910000000,0.13292161408763611,paolo-laptop,smartwatts-formula
power_consumption,1705268234913000000,0.12553986629719907,paolo-laptop,smartwatts-formula
power_consumption,1705268235914000000,0.14412858091904787,paolo-laptop,smartwatts-formula
power_consumption,1705268236916000000,0.13234259642641627,paolo-laptop,smartwatts-formula
power_consumption,1705268237918000000,0.12350426912446141,paolo-laptop,smartwatts-formula
power_consumption,1705268238920000000,0.12675433184023094,paolo-laptop,smartwatts-formula
power_consumption,1705268239923000000,0.13570773653643076,paolo-laptop,smartwatts-formula
power_consumption,1705268240925000000,0.12823785117253528,paolo-laptop,smartwatts-formula
power_consumption,1705268241927000000,0.1502150390264637,paolo-laptop,smartwatts-formula
power_consumption,1705268242930000000,0.08097178236101432,paolo-laptop,smartwatts-formula
power_consumption,1705268243932000000,0.07881548448111908,paolo-laptop,smartwatts-formula
power_consumption,1705268244934000000,0.2126169542501068,paolo-laptop,smartwatts-formula
power_consumption,1705268245941000000,0.13493539678654679,paolo-laptop,smartwatts-formula
power_consumption,1705268246943000000,0.13091682625072432,paolo-laptop,smartwatts-formula
power_consumption,1705268247945000000,0.13033037726206506,paolo-laptop,smartwatts-formula
power_consumption,1705268248947000000,0.13593092832151812,paolo-laptop,smartwatts-formula
power_consumption,1705268249949000000,0.13257106845755529,paolo-laptop,smartwatts-formula
power_consumption,1705268250951000000,0.14790662295194296,paolo-laptop,smartwatts-formula
power_consumption,1705268251955000000,0.14575109995549557,paolo-laptop,smartwatts-formula
power_consumption,1705268252957000000,0.11880855450104305,paolo-laptop,smartwatts-formula
power_consumption,1705268253960000000,0.08514457896515874,paolo-laptop,smartwatts-formula
power_consumption,1705268254962000000,0.12756683213317271,paolo-laptop,smartwatts-formula
power_consumption,1705268255964000000,0.12661426463283693,paolo-laptop,smartwatts-formula
power_consumption,1705268256966000000,0.1415237504396678,paolo-laptop,smartwatts-formula
power_consumption,1705268257969000000,0.1242483856115742,paolo-laptop,smartwatts-formula
power_consumption,1705268258970000000,0.15590337489216355,paolo-laptop,smartwatts-formula
power_consumption,1705268259974000000,0.08192153039614221,paolo-laptop,smartwatts-formula
power_consumption,1705268260976000000,0.2058683214064246,paolo-laptop,smartwatts-formula
power_consumption,1705268261980000000,0.08282893877060876,paolo-laptop,smartwatts-formula
power_consumption,1705268262982000000,0.21277883343627385,paolo-laptop,smartwatts-formula
power_consumption,1705268263988000000,0.08194516268031991,paolo-laptop,smartwatts-formula
power_consumption,1705268264992000000,0.12387258230973168,paolo-laptop,smartwatts-formula
power_consumption,1705268265995000000,0.08241573707741741,paolo-laptop,smartwatts-formula
power_consumption,1705268266997000000,0.14857117294013952,paolo-laptop,smartwatts-formula
power_consumption,1705268267999000000,0.13967278052182142,paolo-laptop,smartwatts-formula
power_consumption,1705268269001000000,0.11192549339015964,paolo-laptop,smartwatts-formula
power_consumption,1705268270006000000,0.15863333094245355,paolo-laptop,smartwatts-formula
power_consumption,1705268271008000000,0.10140470750366101,paolo-laptop,smartwatts-formula
power_consumption,1705268272010000000,0.12137854399014389,paolo-laptop,smartwatts-formula
power_consumption,1705268273012000000,0.13758155901766161,paolo-laptop,smartwatts-formula
power_consumption,1705268274014000000,0.12561416434574987,paolo-laptop,smartwatts-formula
power_consumption,1705268275017000000,0.1288421649871462,paolo-laptop,smartwatts-formula
power_consumption,1705268276020000000,0.12804296348126115,paolo-laptop,smartwatts-formula
power_consumption,1705268277021000000,0.12373409511916614,paolo-laptop,smartwatts-formula
power_consumption,1705268278023000000,0.15261752174246823,paolo-laptop,smartwatts-formula
power_consumption,1705268279024000000,0.10861096160546538,paolo-laptop,smartwatts-formula
power_consumption,1705268281030000000,0.16283089703976644,paolo-laptop,smartwatts-formula
power_consumption,1705268282032000000,0.11029911635711451,paolo-laptop,smartwatts-formula
power_consumption,1705268283036000000,0.13488872425847082,paolo-laptop,smartwatts-formula
power_consumption,1705268284038000000,0.19511538628191488,paolo-laptop,smartwatts-formula
power_consumption,1705268285040000000,0.11958278176483157,paolo-laptop,smartwatts-formula
power_consumption,1705268286042000000,0.10381303084544419,paolo-laptop,smartwatts-formula
power_consumption,1705268287044000000,0.07611081750533523,paolo-laptop,smartwatts-formula
power_consumption,1705268288049000000,0.08634610716544155,paolo-laptop,smartwatts-formula
power_consumption,1705268289051000000,0.0881374518691691,paolo-laptop,smartwatts-formula
power_consumption,1705268290054000000,0.07821340635180979,paolo-laptop,smartwatts-formula
power_consumption,1705268291056000000,0.22049892032579538,paolo-laptop,smartwatts-formula
power_consumption,1705268292060000000,0.08547460443965896,paolo-laptop,smartwatts-formula
power_consumption,1705268293063000000,0.08879928257462708,paolo-laptop,smartwatts-formula
power_consumption,1705268294065000000,0.11154826614115003,paolo-laptop,smartwatts-formula
power_consumption,1705268295069000000,0.16428639898221167,paolo-laptop,smartwatts-formula
power_consumption,1705268296071000000,0.08930858786353428,paolo-laptop,smartwatts-formula
power_consumption,1705268297073000000,0.08362141672273181,paolo-laptop,smartwatts-formula
power_consumption,1705268298075000000,0.12448909352220724,paolo-laptop,smartwatts-formula
power_consumption,1705268299077000000,0.12951170586042218,paolo-laptop,smartwatts-formula
power_consumption,1705268300081000000,0.08121347150526277,paolo-laptop,smartwatts-formula
power_consumption,1705268301084000000,0.17525296729324766,paolo-laptop,smartwatts-formula
power_consumption,1705268302086000000,0.08736765550467612,paolo-laptop,smartwatts-formula
power_consumption,1705268303089000000,0.08554478588229679,paolo-laptop,smartwatts-formula
power_consumption,1705268304091000000,0.10920129683144487,paolo-laptop,smartwatts-formula
power_consumption,1705268305093000000,0.16293489735242353,paolo-laptop,smartwatts-formula
power_consumption,1705268306097000000,0.08150420691201643,paolo-laptop,smartwatts-formula
power_consumption,1705268307099000000,0.19222823118117718,paolo-laptop,smartwatts-formula
power_consumption,1705268308101000000,0.109673798338935,paolo-laptop,smartwatts-formula
power_consumption,1705268309103000000,0.1208534499742083,paolo-laptop,smartwatts-formula
power_consumption,1705268310105000000,0.11733932984360165,paolo-laptop,smartwatts-formula
power_consumption,1705268311108000000,0.08536317769022253,paolo-laptop,smartwatts-formula
power_consumption,1705268312110000000,0.09110334847355084,paolo-laptop,smartwatts-formula
power_consumption,1705268314113000000,0.1063173082297699,paolo-laptop,smartwatts-formula
power_consumption,1705268315115000000,0.11037628243146286,paolo-laptop,smartwatts-formula
power_consumption,1705268316117000000,0.09829543511523259,paolo-laptop,smartwatts-formula
power_consumption,1705268317119000000,0.0832442936866727,paolo-laptop,smartwatts-formula
power_consumption,1705268318123000000,0.18856589889390848,paolo-laptop,smartwatts-formula
power_consumption,1705268319129000000,0.18401802888078517,paolo-laptop,smartwatts-formula
power_consumption,1705268320131000000,0.11148892833277801,paolo-laptop,smartwatts-formula
power_consumption,1705268321133000000,0.14023026270754124,paolo-laptop,smartwatts-formula
power_consumption,1705268322135000000,0.14663458166626991,paolo-laptop,smartwatts-formula
power_consumption,1705268323137000000,0.11751477783604464,paolo-laptop,smartwatts-formula
power_consumption,1705268324139000000,0.1309737749881102,paolo-laptop,smartwatts-formula
power_consumption,1705268325141000000,0.12978767203124364,paolo-laptop,smartwatts-formula
power_consumption,1705268326143000000,0.08228972002211553,paolo-laptop,smartwatts-formula
power_consumption,1705268327144000000,0.0824073987811732,paolo-laptop,smartwatts-formula
power_consumption,1705268328146000000,0.19820385357066547,paolo-laptop,smartwatts-formula
power_consumption,1705268329148000000,0.12804139704958548,paolo-laptop,smartwatts-formula
power_consumption,1705268330150000000,0.13384283483770484,paolo-laptop,smartwatts-formula
power_consumption,1705268331152000000,0.1495744870980726,paolo-laptop,smartwatts-formula
power_consumption,1705268332153000000,0.14842860577464,paolo-laptop,smartwatts-formula
power_consumption,1705268333156000000,0.14637990978458534,paolo-laptop,smartwatts-formula
power_consumption,1705268334158000000,0.15586635819701583,paolo-laptop,smartwatts-formula
power_consumption,1705268335162000000,0.08010044795459739,paolo-laptop,smartwatts-formula
power_consumption,1705268336167000000,0.08623476469632896,paolo-laptop,smartwatts-formula
power_consumption,1705268337169000000,0.0869659449394942,paolo-laptop,smartwatts-formula
power_consumption,1705268338170000000,0.12174186115239669,paolo-laptop,smartwatts-formula
power_consumption,1705268339172000000,0.12939955565522768,paolo-laptop,smartwatts-formula
power_consumption,1705268340178000000,0.12490753800955973,paolo-laptop,smartwatts-formula
power_consumption,1705268342184000000,0.1452244202524612,paolo-laptop,smartwatts-formula
power_consumption,1705268343187000000,0.09073817602980175,paolo-laptop,smartwatts-formula
power_consumption,1705268345190000000,0.13140303316822916,paolo-laptop,smartwatts-formula
power_consumption,1705268346192000000,0.08317086329498305,paolo-laptop,smartwatts-formula
power_consumption,1705268347194000000,0.09783251973954872,paolo-laptop,smartwatts-formula
power_consumption,1705268348196000000,0.13852205044062113,paolo-laptop,smartwatts-formula
power_consumption,1705268349197000000,0.14484226434104347,paolo-laptop,smartwatts-formula
power_consumption,1705268350199000000,0.12213334938711969,paolo-laptop,smartwatts-formula
power_consumption,1705268351201000000,0.12332169303783666,paolo-laptop,smartwatts-formula
power_consumption,1705268352205000000,0.08032999761752528,paolo-laptop,smartwatts-formula
power_consumption,1705268353206000000,0.08713263211573596,paolo-laptop,smartwatts-formula
power_consumption,1705268354208000000,0.13534633344655342,paolo-laptop,smartwatts-formula
power_consumption,1705268355210000000,0.13991478132359708,paolo-laptop,smartwatts-formula
power_consumption,1705268356214000000,0.16250475952250587,paolo-laptop,smartwatts-formula
power_consumption,1705268357218000000,0.07938404159257544,paolo-laptop,smartwatts-formula
power_consumption,1705268359221000000,0.12787689717955292,paolo-laptop,smartwatts-formula
power_consumption,1705268360223000000,0.12658945026028395,paolo-laptop,smartwatts-formula
power_consumption,1705268361225000000,0.13344915530271123,paolo-laptop,smartwatts-formula
power_consumption,1705268362229000000,0.16073501978323101,paolo-laptop,smartwatts-formula
power_consumption,1705268363233000000,0.23913596736708723,paolo-laptop,smartwatts-formula
power_consumption,1705268364235000000,0.06616752591452325,paolo-laptop,smartwatts-formula
power_consumption,1705268365238000000,0.12469903293334031,paolo-laptop,smartwatts-formula
power_consumption,1705268366240000000,0.1896669291453295,paolo-laptop,smartwatts-formula
power_consumption,1705268367242000000,0.09051365497797903,paolo-laptop,smartwatts-formula
power_consumption,1705268368245000000,0.15561264243825998,paolo-laptop,smartwatts-formula
power_consumption,1705268369247000000,0.13247287231707008,paolo-laptop,smartwatts-formula
power_consumption,1705268370249000000,0.16896563132715953,paolo-laptop,smartwatts-formula
power_consumption,1705268372256000000,0.11644588047218143,paolo-laptop,smartwatts-formula
power_consumption,1705268373261000000,0.21519562632494588,paolo-laptop,smartwatts-formula
power_consumption,1705268374266000000,0.191636142223822,paolo-laptop,smartwatts-formula
power_consumption,1705268375270000000,0.19900357525239928,paolo-laptop,smartwatts-formula
power_consumption,1705268377276000000,0.16487151762041027,paolo-laptop,smartwatts-formula
power_consumption,1705268381288000000,0.08240252745127125,paolo-laptop,smartwatts-formula
power_consumption,1705268382290000000,0.06380909609158934,paolo-laptop,smartwatts-formula
power_consumption,1705268383292000000,0.16203603256879676,paolo-laptop,smartwatts-formula
power_consumption,1705268385295000000,0.09240067167273279,paolo-laptop,smartwatts-formula
power_consumption,1705268386297000000,0.13405986900001834,paolo-laptop,smartwatts-formula
power_consumption,1705268387298000000,0.27103591410646133,paolo-laptop,smartwatts-formula
power_consumption,1705268389300000000,0.07606339083421937,paolo-laptop,smartwatts-formula
power_consumption,1705268390302000000,0.05781458457583052,paolo-laptop,smartwatts-formula
power_consumption,1705268391304000000,0.1441015354690643,paolo-laptop,smartwatts-formula
power_consumption,1705268392306000000,0.10816990178105648,paolo-laptop,smartwatts-formula
power_consumption,1705268393308000000,0.12823636606239122,paolo-laptop,smartwatts-formula
power_consumption,1705268394314000000,0.08223167702474071,paolo-laptop,smartwatts-formula
power_consumption,1705268395317000000,0.24010108400083519,paolo-laptop,smartwatts-formula
power_consumption,1705268397324000000,0.09106945500395439,paolo-laptop,smartwatts-formula
power_consumption,1705268398328000000,0.1390623699495846,paolo-laptop,smartwatts-formula
power_consumption,1705268399331000000,0.0818625808054016,paolo-laptop,smartwatts-formula
power_consumption,1705268400336000000,0.15179816264502932,paolo-laptop,smartwatts-formula
power_consumption,1705268401344000000,0.23228941246317997,paolo-laptop,smartwatts-formula
power_consumption,1705268402346000000,0.13974277390843962,paolo-laptop,smartwatts-formula
power_consumption,1705268403348000000,0.09368543306627805,paolo-laptop,smartwatts-formula
power_consumption,1705268404353000000,0.07871069973010078,paolo-laptop,smartwatts-formula
power_consumption,1705268405356000000,0.17091132038614462,paolo-laptop,smartwatts-formula
power_consumption,1705268406358000000,0.12582902055942677,paolo-laptop,smartwatts-formula
power_consumption,1705268407360000000,0.1343191086672473,paolo-laptop,smartwatts-formula
power_consumption,1705268408364000000,0.08516663547334784,paolo-laptop,smartwatts-formula
power_consumption,1705268410370000000,0.10455314614455344,paolo-laptop,smartwatts-formula
power_consumption,1705268411372000000,0.12740098225360552,paolo-laptop,smartwatts-formula
power_consumption,1705268412376000000,0.1464662477306738,paolo-laptop,smartwatts-formula
power_consumption,1705268414381000000,0.11626824869888208,paolo-laptop,smartwatts-formula
power_consumption,1705268416386000000,0.11900683541697159,paolo-laptop,smartwatts-formula
power_consumption,1705268417390000000,0.24464713578574757,paolo-laptop,smartwatts-formula
power_consumption,1705268418392000000,0.08483385197311749,paolo-laptop,smartwatts-formula
power_consumption,1705268419394000000,0.09925542515707365,paolo-laptop,smartwatts-formula
power_consumption,1705268420399000000,0.08632665689452321,paolo-laptop,smartwatts-formula
power_consumption,1705268421401000000,0.12188085914037436,paolo-laptop,smartwatts-formula
power_consumption,1705268422405000000,0.19587431988404205,paolo-laptop,smartwatts-formula
power_consumption,1705268423409000000,0.1939083833031247,paolo-laptop,smartwatts-formula
power_consumption,1705268424412000000,0.09494768275433382,paolo-laptop,smartwatts-formula
power_consumption,1705268426418000000,0.09422887862003676,paolo-laptop,smartwatts-formula
power_consumption,1705268427420000000,0.1469039529868752,paolo-laptop,smartwatts-formula
power_consumption,1705268428422000000,0.09990616679558331,paolo-laptop,smartwatts-formula
power_consumption,1705268429423000000,0.1445459618889787,paolo-laptop,smartwatts-formula
power_consumption,1705268430425000000,0.18847425458640613,paolo-laptop,smartwatts-formula
power_consumption,1705268432428000000,0.1166158785211304,paolo-laptop,smartwatts-formula
power_consumption,1705268433430000000,0.102936870444887,paolo-laptop,smartwatts-formula
power_consumption,1705268434433000000,0.12894128736597868,paolo-laptop,smartwatts-formula
power_consumption,1705268435438000000,0.1813713109683485,paolo-laptop,smartwatts-formula
power_consumption,1705268436440000000,0.08919502343878663,paolo-laptop,smartwatts-formula
power_consumption,1705268437442000000,0.11216295045516513,paolo-laptop,smartwatts-formula
power_consumption,1705268438444000000,0.1384065851149952,paolo-laptop,smartwatts-formula
power_consumption,1705268439446000000,0.2034565262701096,paolo-laptop,smartwatts-formula
power_consumption,1705268440448000000,0.12597462052790034,paolo-laptop,smartwatts-formula
power_consumption,1705268441450000000,0.1207601838822124,paolo-laptop,smartwatts-formula
power_consumption,1705268442453000000,0.12592079986954052,paolo-laptop,smartwatts-formula
power_consumption,1705268443456000000,0.13531970879841854,paolo-laptop,smartwatts-formula
power_consumption,1705268444458000000,0.12760149479060212,paolo-laptop,smartwatts-formula
power_consumption,1705268445460000000,0.1460876234987937,paolo-laptop,smartwatts-formula
power_consumption,1705268447464000000,0.1347001504471958,paolo-laptop,smartwatts-formula
power_consumption,1705268448467000000,0.08162183016253027,paolo-laptop,smartwatts-formula
power_consumption,1705268449469000000,0.08417409146054812,paolo-laptop,smartwatts-formula
power_consumption,1705268450472000000,0.1253908606521828,paolo-laptop,smartwatts-formula
power_consumption,1705268451473000000,0.1645837385453845,paolo-laptop,smartwatts-formula
power_consumption,1705268452475000000,0.13060779118313703,paolo-laptop,smartwatts-formula
power_consumption,1705268453477000000,0.11594582540839962,paolo-laptop,smartwatts-formula
power_consumption,1705268454480000000,0.12975004427017645,paolo-laptop,smartwatts-formula
power_consumption,1705268455485000000,0.1392255555666737,paolo-laptop,smartwatts-formula
power_consumption,1705268456488000000,0.12878772056474674,paolo-laptop,smartwatts-formula
power_consumption,1705268457490000000,0.12457305024163648,paolo-laptop,smartwatts-formula
power_consumption,1705268458493000000,0.13284337226548926,paolo-laptop,smartwatts-formula
power_consumption,1705268459496000000,0.1459389310882926,paolo-laptop,smartwatts-formula
power_consumption,1705268460498000000,0.13849697915867012,paolo-laptop,smartwatts-formula
power_consumption,1705268461500000000,0.1433040301923382,paolo-laptop,smartwatts-formula
power_consumption,1705268462501000000,0.14463407734359715,paolo-laptop,smartwatts-formula
power_consumption,1705268463505000000,0.14879905600461807,paolo-laptop,smartwatts-formula
power_consumption,1705268464507000000,0.12768907664542883,paolo-laptop,smartwatts-formula
power_consumption,1705268465509000000,0.15883193339574575,paolo-laptop,smartwatts-formula
power_consumption,1705268466511000000,0.15018265384216242,paolo-laptop,smartwatts-formula
power_consumption,1705268467512000000,0.15021947818461176,paolo-laptop,smartwatts-formula
power_consumption,1705268468514000000,0.13544366521104434,paolo-laptop,smartwatts-formula
power_consumption,1705268469516000000,0.13314374005163304,paolo-laptop,smartwatts-formula
power_consumption,1705268470518000000,0.13150487897761295,paolo-laptop,smartwatts-formula
power_consumption,1705268471520000000,0.13553746332884636,paolo-laptop,smartwatts-formula
power_consumption,1705268472522000000,0.13094946121600934,paolo-laptop,smartwatts-formula
power_consumption,1705268473524000000,0.12928361641065989,paolo-laptop,smartwatts-formula
power_consumption,1705268474526000000,0.14343620991922973,paolo-laptop,smartwatts-formula
power_consumption,1705268475528000000,0.13557757304762708,paolo-laptop,smartwatts-formula
power_consumption,1705268476530000000,0.13583969166974047,paolo-laptop,smartwatts-formula
power_consumption,1705268477532000000,0.13655966888500043,paolo-laptop,smartwatts-formula
power_consumption,1705268478534000000,0.14240709330655793,paolo-laptop,smartwatts-formula
power_consumption,1705268479536000000,0.1375411830147647,paolo-laptop,smartwatts-formula
power_consumption,1705268480538000000,0.13445726957619464,paolo-laptop,smartwatts-formula
power_consumption,1705268481539000000,0.1394186781051482,paolo-laptop,smartwatts-formula
power_consumption,1705268482542000000,0.130900899262402,paolo-laptop,smartwatts-formula
power_consumption,1705268483543000000,0.13848589807328182,paolo-laptop,smartwatts-formula
power_consumption,1705268484547000000,0.23088687493861718,paolo-laptop,smartwatts-formula
power_consumption,1705268485549000000,0.2053326184113076,paolo-laptop,smartwatts-formula
power_consumption,1705268486550000000,0.15831253934069245,paolo-laptop,smartwatts-formula
power_consumption,1705268488553000000,0.1401334318797285,paolo-laptop,smartwatts-formula
power_consumption,1705268489554000000,0.21160232237263818,paolo-laptop,smartwatts-formula
power_consumption,1705268490556000000,0.12193631176447915,paolo-laptop,smartwatts-formula
power_consumption,1705268491558000000,0.11044569598220655,paolo-laptop,smartwatts-formula
power_consumption,1705268492561000000,0.09148186708103803,paolo-laptop,smartwatts-formula
power_consumption,1705268494567000000,0.30087621232564304,paolo-laptop,smartwatts-formula
power_consumption,1705268495569000000,0.1253497451531586,paolo-laptop,smartwatts-formula
power_consumption,1705268496571000000,0.1322122688798829,paolo-laptop,smartwatts-formula
power_consumption,1705268497574000000,0.15062102436194894,paolo-laptop,smartwatts-formula
power_consumption,1705268498576000000,0.14542491279974276,paolo-laptop,smartwatts-formula
power_consumption,1705268499578000000,0.09493735105992798,paolo-laptop,smartwatts-formula
power_consumption,1705268500580000000,0.1053940208561378,paolo-laptop,smartwatts-formula
power_consumption,1705268501583000000,0.09509428662715105,paolo-laptop,smartwatts-formula
power_consumption,1705268503589000000,0.0874157231582666,paolo-laptop,smartwatts-formula
power_consumption,1705268504591000000,0.1505943681163448,paolo-laptop,smartwatts-formula
power_consumption,1705268505592000000,0.181384783705968,paolo-laptop,smartwatts-formula
power_consumption,1705268506596000000,0.11792670941764644,paolo-laptop,smartwatts-formula
power_consumption,1705268509604000000,0.12981246773114224,paolo-laptop,smartwatts-formula
power_consumption,1705268510605000000,0.1421659005860353,paolo-laptop,smartwatts-formula
power_consumption,1705268511607000000,0.12160952753707721,paolo-laptop,smartwatts-formula
power_consumption,1705268512609000000,0.11721819376138251,paolo-laptop,smartwatts-formula
power_consumption,1705268513610000000,0.10986500338737677,paolo-laptop,smartwatts-formula
power_consumption,1705268514614000000,0.10395227812373731,paolo-laptop,smartwatts-formula
power_consumption,1705268515616000000,0.1961321653669212,paolo-laptop,smartwatts-formula
power_consumption,1705268516619000000,0.13101125824167442,paolo-laptop,smartwatts-formula
power_consumption,1705268517621000000,0.11820730597940296,paolo-laptop,smartwatts-formula
power_consumption,1705268518622000000,0.11388306324500617,paolo-laptop,smartwatts-formula
power_consumption,1705268519626000000,0.07587681655763823,paolo-laptop,smartwatts-formula
power_consumption,1705268521636000000,0.24689020029105135,paolo-laptop,smartwatts-formula
power_consumption,1705268522639000000,0.24640824923728002,paolo-laptop,smartwatts-formula
power_consumption,1705268523642000000,0.20272298909776298,paolo-laptop,smartwatts-formula
power_consumption,1705268524643000000,0.09586206498877681,paolo-laptop,smartwatts-formula
power_consumption,1705268525645000000,0.14461426249915063,paolo-laptop,smartwatts-formula
power_consumption,1705268526656000000,0.0952367538256024,paolo-laptop,smartwatts-formula
power_consumption,1705268527658000000,0.12864616169413276,paolo-laptop,smartwatts-formula
power_consumption,1705268528661000000,0.12474284274846488,paolo-laptop,smartwatts-formula
power_consumption,1705268529663000000,0.12821424494949846,paolo-laptop,smartwatts-formula
power_consumption,1705268530665000000,0.11858594237693151,paolo-laptop,smartwatts-formula
power_consumption,1705268531668000000,0.12132327927033247,paolo-laptop,smartwatts-formula
power_consumption,1705268532671000000,0.1325654982445132,paolo-laptop,smartwatts-formula
power_consumption,1705268533675000000,0.12712588600045205,paolo-laptop,smartwatts-formula
power_consumption,1705268534678000000,0.12633776494797067,paolo-laptop,smartwatts-formula
power_consumption,1705268535680000000,0.13338050671019283,paolo-laptop,smartwatts-formula
power_consumption,1705268536682000000,0.08139870602323393,paolo-laptop,smartwatts-formula
power_consumption,1705268537687000000,0.14709705516209287,paolo-laptop,smartwatts-formula
power_consumption,1705268538690000000,0.31077838730168383,paolo-laptop,smartwatts-formula
power_consumption,1705268539695000000,0.10037041637238131,paolo-laptop,smartwatts-formula
power_consumption,1705268540698000000,0.201126099791525,paolo-laptop,smartwatts-formula
power_consumption,1705268541702000000,0.10386552898133325,paolo-laptop,smartwatts-formula
power_consumption,1705268542707000000,0.07471985273686313,paolo-laptop,smartwatts-formula
power_consumption,1705268543710000000,0.30171911198884405,paolo-laptop,smartwatts-formula
power_consumption,1705268544712000000,0.08780185374246677,paolo-laptop,smartwatts-formula
power_consumption,1705268545713000000,0.09404856029734388,paolo-laptop,smartwatts-formula
power_consumption,1705268546715000000,0.11513480012116223,paolo-laptop,smartwatts-formula
power_consumption,1705268547719000000,0.09345829050958962,paolo-laptop,smartwatts-formula
power_consumption,1705268548722000000,0.1083516883859307,paolo-laptop,smartwatts-formula
power_consumption,1705268549724000000,0.16946941019469378,paolo-laptop,smartwatts-formula
power_consumption,1705268550729000000,0.10245203600459946,paolo-laptop,smartwatts-formula
power_consumption,1705268551733000000,0.09589595790810194,paolo-laptop,smartwatts-formula
power_consumption,1705268552738000000,0.08601024154217539,paolo-laptop,smartwatts-formula
power_consumption,1705268553742000000,0.10860310797196855,paolo-laptop,smartwatts-formula
power_consumption,1705268554750000000,0.13497268704207124,paolo-laptop,smartwatts-formula
power_consumption,1705268555754000000,0.23351710128459433,paolo-laptop,smartwatts-formula
power_consumption,1705268556758000000,0.09790675946853207,paolo-laptop,smartwatts-formula
power_consumption,1705268557762000000,0.21159306488097573,paolo-laptop,smartwatts-formula
power_consumption,1705268558764000000,0.2109541766280578,paolo-laptop,smartwatts-formula
power_consumption,1705268559768000000,0.18019766877668086,paolo-laptop,smartwatts-formula
power_consumption,1705268560770000000,0.13067862715662157,paolo-laptop,smartwatts-formula
power_consumption,1705268561773000000,0.09507445870353862,paolo-laptop,smartwatts-formula
power_consumption,1705268562778000000,0.22505040852746871,paolo-laptop,smartwatts-formula
power_consumption,1705268563779000000,0.17888577763410776,paolo-laptop,smartwatts-formula
power_consumption,1705268564783000000,0.10157325392775396,paolo-laptop,smartwatts-formula
power_consumption,1705268565787000000,0.20199784191997897,paolo-laptop,smartwatts-formula
power_consumption,1705268566788000000,0.15231154269257433,paolo-laptop,smartwatts-formula
power_consumption,1705268567792000000,0.11691618643855996,paolo-laptop,smartwatts-formula
power_consumption,1705268568796000000,0.09806169226585466,paolo-laptop,smartwatts-formula
power_consumption,1705268570801000000,0.10989077637186678,paolo-laptop,smartwatts-formula
power_consumption,1705268571803000000,0.09947713056727743,paolo-laptop,smartwatts-formula
power_consumption,1705268572807000000,0.15855712555102613,paolo-laptop,smartwatts-formula
power_consumption,1705268573808000000,0.09925166310759975,paolo-laptop,smartwatts-formula
power_consumption,1705268574812000000,0.36213668483806266,paolo-laptop,smartwatts-formula
power_consumption,1705268575816000000,0.10856153568035988,paolo-laptop,smartwatts-formula
power_consumption,1705268576820000000,0.3021383388458441,paolo-laptop,smartwatts-formula
power_consumption,1705268577825000000,0.08591443941406945,paolo-laptop,smartwatts-formula
power_consumption,1705268578829000000,0.2964404626552887,paolo-laptop,smartwatts-formula
power_consumption,1705268579831000000,0.2558595091429731,paolo-laptop,smartwatts-formula
power_consumption,1705268580834000000,0.17254547906436313,paolo-laptop,smartwatts-formula
power_consumption,1705268581837000000,0.1076994124891091,paolo-laptop,smartwatts-formula
power_consumption,1705268582839000000,0.13872334747321646,paolo-laptop,smartwatts-formula
power_consumption,1705268583841000000,0.31523715129731333,paolo-laptop,smartwatts-formula
power_consumption,1705268584842000000,0.11993797380491554,paolo-laptop,smartwatts-formula
power_consumption,1705268585846000000,0.08281153775163397,paolo-laptop,smartwatts-formula
power_consumption,1705268586848000000,0.10047758412217556,paolo-laptop,smartwatts-formula
power_consumption,1705268587854000000,0.0807316638595246,paolo-laptop,smartwatts-formula
power_consumption,1705268588856000000,0.11620273979852488,paolo-laptop,smartwatts-formula
power_consumption,1705268590860000000,0.2946686211355286,paolo-laptop,smartwatts-formula
power_consumption,1705268591863000000,0.17538002113832035,paolo-laptop,smartwatts-formula
power_consumption,1705268592865000000,0.18394183082591187,paolo-laptop,smartwatts-formula
power_consumption,1705268594868000000,0.3205968738221788,paolo-laptop,smartwatts-formula
power_consumption,1705268595869000000,0.08066699595560084,paolo-laptop,smartwatts-formula
power_consumption,1705268596871000000,0.08420845086295176,paolo-laptop,smartwatts-formula
power_consumption,1705268598875000000,0.1011463206285303,paolo-laptop,smartwatts-formula
power_consumption,1705268599877000000,0.0915126589075847,paolo-laptop,smartwatts-formula
power_consumption,1705268601880000000,0.12109106035407692,paolo-laptop,smartwatts-formula
power_consumption,1705268602882000000,0.20209860163802787,paolo-laptop,smartwatts-formula
power_consumption,1705268603884000000,0.07225502004154065,paolo-laptop,smartwatts-formula
power_consumption,1705268604886000000,0.1203127793329671,paolo-laptop,smartwatts-formula
power_consumption,1705268605888000000,0.15265576682150467,paolo-laptop,smartwatts-formula
power_consumption,1705268606893000000,0.10203012337342665,paolo-laptop,smartwatts-formula
power_consumption,1705268607895000000,0.09010419094839103,paolo-laptop,smartwatts-formula
power_consumption,1705268608897000000,0.16733444825602564,paolo-laptop,smartwatts-formula
power_consumption,1705268609899000000,0.3124131889754876,paolo-laptop,smartwatts-formula
power_consumption,1705268610901000000,0.15245695865902623,paolo-laptop,smartwatts-formula
power_consumption,1705268611903000000,0.09858776852692483,paolo-laptop,smartwatts-formula
power_consumption,1705268612905000000,0.10976592714326724,paolo-laptop,smartwatts-formula
power_consumption,1705268613907000000,0.09833374508331429,paolo-laptop,smartwatts-formula
power_consumption,1705268614911000000,0.0857857134346739,paolo-laptop,smartwatts-formula
power_consumption,1705268615913000000,0.2048552919927301,paolo-laptop,smartwatts-formula
power_consumption,1705268616916000000,0.09119146933587305,paolo-laptop,smartwatts-formula
power_consumption,1705268617918000000,0.12600102050520331,paolo-laptop,smartwatts-formula
power_consumption,1705268618920000000,0.1250257380533115,paolo-laptop,smartwatts-formula
power_consumption,1705268619924000000,0.14347927186554482,paolo-laptop,smartwatts-formula
power_consumption,1705268620926000000,0.16372420461365772,paolo-laptop,smartwatts-formula
power_consumption,1705268621931000000,0.11697743020535664,paolo-laptop,smartwatts-formula
power_consumption,1705268622933000000,0.09354213261394739,paolo-laptop,smartwatts-formula
power_consumption,1705268623935000000,0.11467410032602754,paolo-laptop,smartwatts-formula
power_consumption,1705268624939000000,0.15579796965735554,paolo-laptop,smartwatts-formula
power_consumption,1705268625941000000,0.21257313690209503,paolo-laptop,smartwatts-formula
power_consumption,1705268627944000000,0.128965082827444,paolo-laptop,smartwatts-formula
power_consumption,1705268628948000000,0.08217788239959758,paolo-laptop,smartwatts-formula
power_consumption,1705268629952000000,0.2157295421342152,paolo-laptop,smartwatts-formula
power_consumption,1705268630953000000,0.18103291268340033,paolo-laptop,smartwatts-formula
power_consumption,1705268631955000000,0.12771000463427373,paolo-laptop,smartwatts-formula
power_consumption,1705268632957000000,0.12338022500836104,paolo-laptop,smartwatts-formula
power_consumption,1705268633959000000,0.11961186429283575,paolo-laptop,smartwatts-formula
power_consumption,1705268634961000000,0.13021259765830737,paolo-laptop,smartwatts-formula
power_consumption,1705268635963000000,0.1295874687603742,paolo-laptop,smartwatts-formula
power_consumption,1705268636965000000,0.13500210378870753,paolo-laptop,smartwatts-formula
power_consumption,1705268637967000000,0.1410443613683086,paolo-laptop,smartwatts-formula
power_consumption,1705268638969000000,0.12850002580452982,paolo-laptop,smartwatts-formula
power_consumption,1705268639971000000,0.13768147194120312,paolo-laptop,smartwatts-formula
power_consumption,1705268640972000000,0.14066618650275725,paolo-laptop,smartwatts-formula
power_consumption,1705268641973000000,0.12976740312376603,paolo-laptop,smartwatts-formula
power_consumption,1705268642975000000,0.13646645571518687,paolo-laptop,smartwatts-formula
power_consumption,1705268643977000000,0.13381435651698653,paolo-laptop,smartwatts-formula
power_consumption,1705268644979000000,0.12850820450276618,paolo-laptop,smartwatts-formula
power_consumption,1705268645980000000,0.1299934060124071,paolo-laptop,smartwatts-formula
power_consumption,1705268646982000000,0.1445216507991326,paolo-laptop,smartwatts-formula
power_consumption,1705268647984000000,0.14110629094435762,paolo-laptop,smartwatts-formula
power_consumption,1705268648986000000,0.14269614969936562,paolo-laptop,smartwatts-formula
power_consumption,1705268649989000000,0.1538561146216278,paolo-laptop,smartwatts-formula
power_consumption,1705268650990000000,0.3017567717938397,paolo-laptop,smartwatts-formula
power_consumption,1705268652994000000,0.118568202782089,paolo-laptop,smartwatts-formula
power_consumption,1705268653996000000,0.1347997226259848,paolo-laptop,smartwatts-formula
power_consumption,1705268654999000000,0.12058421453299481,paolo-laptop,smartwatts-formula
power_consumption,1705268656001000000,0.12660698718680125,paolo-laptop,smartwatts-formula
power_consumption,1705268657003000000,0.1284383208563539,paolo-laptop,smartwatts-formula
power_consumption,1705268658006000000,0.10038524297969179,paolo-laptop,smartwatts-formula
power_consumption,1705268659008000000,0.12252459000976915,paolo-laptop,smartwatts-formula
power_consumption,1705268660010000000,0.12811928955836707,paolo-laptop,smartwatts-formula
power_consumption,1705268661012000000,0.15094399954596582,paolo-laptop,smartwatts-formula
power_consumption,1705268662013000000,0.11298795841122457,paolo-laptop,smartwatts-formula
power_consumption,1705268663018000000,0.1719960254180426,paolo-laptop,smartwatts-formula
power_consumption,1705268664022000000,0.10115205621932409,paolo-laptop,smartwatts-formula
power_consumption,1705268665026000000,0.18161827423127033,paolo-laptop,smartwatts-formula
power_consumption,1705268667031000000,0.19823207797705766,paolo-laptop,smartwatts-formula
power_consumption,1705268668033000000,0.1584792045680361,paolo-laptop,smartwatts-formula
power_consumption,1705268669035000000,0.09048779925543851,paolo-laptop,smartwatts-formula
power_consumption,1705268670037000000,0.2937744622933058,paolo-laptop,smartwatts-formula
power_consumption,1705268671038000000,0.09493788289347899,paolo-laptop,smartwatts-formula
power_consumption,1705268672039000000,0.09814399625400398,paolo-laptop,smartwatts-formula
power_consumption,1705268673041000000,0.10051839849872007,paolo-laptop,smartwatts-formula
power_consumption,1705268674043000000,0.11638910822958223,paolo-laptop,smartwatts-formula
power_consumption,1705268675046000000,0.1037572196293104,paolo-laptop,smartwatts-formula
power_consumption,1705268676048000000,0.22078402342631165,paolo-laptop,smartwatts-formula
power_consumption,1705268677050000000,0.1871385260525682,paolo-laptop,smartwatts-formula
power_consumption,1705268678053000000,0.13125895477165261,paolo-laptop,smartwatts-formula
power_consumption,1705268679055000000,0.16265253275771585,paolo-laptop,smartwatts-formula
power_consumption,1705268680058000000,0.14960844344279425,paolo-laptop,smartwatts-formula
power_consumption,1705268681064000000,0.14157214456329265,paolo-laptop,smartwatts-formula
power_consumption,1705268682067000000,0.12004322302633887,paolo-laptop,smartwatts-formula
power_consumption,1705268683069000000,0.19512563886525566,paolo-laptop,smartwatts-formula
power_consumption,1705268684074000000,0.21019969124143426,paolo-laptop,smartwatts-formula
power_consumption,1705268685079000000,0.11061711643129091,paolo-laptop,smartwatts-formula
power_consumption,1705268686081000000,0.24970260260612764,paolo-laptop,smartwatts-formula
power_consumption,1705268687086000000,0.22622780387751906,paolo-laptop,smartwatts-formula
power_consumption,1705268688097000000,0.09530217690133726,paolo-laptop,smartwatts-formula
power_consumption,1705268689099000000,0.08137363300484377,paolo-laptop,smartwatts-formula
power_consumption,1705268690101000000,0.21464031963050664,paolo-laptop,smartwatts-formula
power_consumption,1705268691103000000,0.0957351214597283,paolo-laptop,smartwatts-formula
power_consumption,1705268692107000000,0.10332711791861424,paolo-laptop,smartwatts-formula
power_consumption,1705268693108000000,0.10409213274916479,paolo-laptop,smartwatts-formula
power_consumption,1705268694112000000,0.10206656985644952,paolo-laptop,smartwatts-formula
power_consumption,1705268695114000000,0.33440389982870483,paolo-laptop,smartwatts-formula
power_consumption,1705268696117000000,0.15770960163054004,paolo-laptop,smartwatts-formula
power_consumption,1705268697121000000,0.1045887266589871,paolo-laptop,smartwatts-formula
power_consumption,1705268698126000000,0.24127725053042054,paolo-laptop,smartwatts-formula
power_consumption,1705268699128000000,0.08856135829388767,paolo-laptop,smartwatts-formula
power_consumption,1705268700132000000,0.09214470763245976,paolo-laptop,smartwatts-formula
power_consumption,1705268701134000000,0.250246446812901,paolo-laptop,smartwatts-formula
power_consumption,1705268702136000000,0.10192064815959889,paolo-laptop,smartwatts-formula
power_consumption,1705268703138000000,0.3030905565541019,paolo-laptop,smartwatts-formula
power_consumption,1705268704142000000,0.08159582994696007,paolo-laptop,smartwatts-formula
power_consumption,1705268705143000000,0.09700864630793257,paolo-laptop,smartwatts-formula
power_consumption,1705268706147000000,0.25238222872578825,paolo-laptop,smartwatts-formula
power_consumption,1705268707150000000,0.18591143298634166,paolo-laptop,smartwatts-formula
power_consumption,1705268708154000000,0.2162265279159182,paolo-laptop,smartwatts-formula
power_consumption,1705268709155000000,0.1893781321163435,paolo-laptop,smartwatts-formula
power_consumption,1705268710157000000,0.1056615546869672,paolo-laptop,smartwatts-formula
power_consumption,1705268711159000000,0.11473344354474546,paolo-laptop,smartwatts-formula
power_consumption,1705268713168000000,0.09669521903530942,paolo-laptop,smartwatts-formula
power_consumption,1705268714176000000,0.22067133119157653,paolo-laptop,smartwatts-formula
power_consumption,1705268715177000000,0.08744521290002283,paolo-laptop,smartwatts-formula
power_consumption,1705268716179000000,0.10517440976111744,paolo-laptop,smartwatts-formula
power_consumption,1705268717180000000,0.1126271788129406,paolo-laptop,smartwatts-formula
power_consumption,1705268718184000000,0.09578614433222046,paolo-laptop,smartwatts-formula
power_consumption,1705268719188000000,0.18184022675176578,paolo-laptop,smartwatts-formula
power_consumption,1705268720190000000,0.0902206572863443,paolo-laptop,smartwatts-formula
power_consumption,1705268721195000000,0.22269931660519274,paolo-laptop,smartwatts-formula
power_consumption,1705268722200000000,0.2521345265558659,paolo-laptop,smartwatts-formula
power_consumption,1705268723202000000,0.09007526309099165,paolo-laptop,smartwatts-formula
power_consumption,1705268724204000000,0.11140461251567112,paolo-laptop,smartwatts-formula
power_consumption,1705268725206000000,0.20865164467902503,paolo-laptop,smartwatts-formula
power_consumption,1705268726210000000,0.24224118576642267,paolo-laptop,smartwatts-formula
power_consumption,1705268727211000000,0.15496138612776983,paolo-laptop,smartwatts-formula
power_consumption,1705268728213000000,0.21997190522486929,paolo-laptop,smartwatts-formula
power_consumption,1705268729215000000,0.1452776016208378,paolo-laptop,smartwatts-formula
power_consumption,1705268730216000000,0.1531141221242467,paolo-laptop,smartwatts-formula
power_consumption,1705268731218000000,0.20577313056208174,paolo-laptop,smartwatts-formula
power_consumption,1705268732220000000,0.1356281970242616,paolo-laptop,smartwatts-formula
power_consumption,1705268733223000000,0.1292342339617819,paolo-laptop,smartwatts-formula
power_consumption,1705268734225000000,0.13918322711132686,paolo-laptop,smartwatts-formula
power_consumption,1705268735227000000,0.126524909406956,paolo-laptop,smartwatts-formula
power_consumption,1705268736229000000,0.15937442445872022,paolo-laptop,smartwatts-formula
power_consumption,1705268737231000000,0.11316554544268764,paolo-laptop,smartwatts-formula
power_consumption,1705268738233000000,0.07876842400185925,paolo-laptop,smartwatts-formula
power_consumption,1705268739234000000,0.10764668778018806,paolo-laptop,smartwatts-formula
power_consumption,1705268740236000000,0.16357109147026636,paolo-laptop,smartwatts-formula
power_consumption,1705268741237000000,0.12821153763569712,paolo-laptop,smartwatts-formula
power_consumption,1705268742239000000,0.12932586122443968,paolo-laptop,smartwatts-formula
power_consumption,1705268743241000000,0.28433623519269735,paolo-laptop,smartwatts-formula
power_consumption,1705268744243000000,0.09885013846929151,paolo-laptop,smartwatts-formula
power_consumption,1705268745245000000,0.0806446465636102,paolo-laptop,smartwatts-formula
power_consumption,1705268746247000000,0.18282184096446744,paolo-laptop,smartwatts-formula
power_consumption,1705268747250000000,0.1891491496046673,paolo-laptop,smartwatts-formula
power_consumption,1705268748252000000,0.09166772973307039,paolo-laptop,smartwatts-formula
power_consumption,1705268749254000000,0.12069682169685365,paolo-laptop,smartwatts-formula
power_consumption,1705268750260000000,0.27596229604172645,paolo-laptop,smartwatts-formula
power_consumption,1705268751265000000,0.09398878427271179,paolo-laptop,smartwatts-formula
power_consumption,1705268752267000000,0.29312849202706115,paolo-laptop,smartwatts-formula
power_consumption,1705268753272000000,0.14679092427853874,paolo-laptop,smartwatts-formula
power_consumption,1705268754274000000,0.20484964798181093,paolo-laptop,smartwatts-formula
power_consumption,1705268755277000000,0.11718386409593994,paolo-laptop,smartwatts-formula
power_consumption,1705268756279000000,0.12075942345251467,paolo-laptop,smartwatts-formula
power_consumption,1705268757281000000,0.1193614782743751,paolo-laptop,smartwatts-formula
power_consumption,1705268758283000000,0.10848328947683933,paolo-laptop,smartwatts-formula
power_consumption,1705268759286000000,0.1217160743227969,paolo-laptop,smartwatts-formula
power_consumption,1705268761295000000,0.3054822156977486,paolo-laptop,smartwatts-formula
power_consumption,1705268762299000000,0.33577278247527054,paolo-laptop,smartwatts-formula
power_consumption,1705268763301000000,0.22087349368922754,paolo-laptop,smartwatts-formula
power_consumption,1705268764304000000,0.22299758469939035,paolo-laptop,smartwatts-formula
power_consumption,1705268767314000000,0.2162266339450725,paolo-laptop,smartwatts-formula
power_consumption,1705268768317000000,0.21901044756963187,paolo-laptop,smartwatts-formula
power_consumption,1705268769319000000,0.07922942627932864,paolo-laptop,smartwatts-formula
power_consumption,1705268770321000000,0.15445515651979072,paolo-laptop,smartwatts-formula
power_consumption,1705268771322000000,0.19841825704331945,paolo-laptop,smartwatts-formula
power_consumption,1705268772324000000,0.09656352532730617,paolo-laptop,smartwatts-formula
power_consumption,1705268773326000000,0.15288021016298536,paolo-laptop,smartwatts-formula
power_consumption,1705268774327000000,0.1466500344809082,paolo-laptop,smartwatts-formula
power_consumption,1705268775329000000,0.15381151263034593,paolo-laptop,smartwatts-formula
power_consumption,1705268776330000000,0.11458355162873432,paolo-laptop,smartwatts-formula
power_consumption,1705268777332000000,0.13215068078082878,paolo-laptop,smartwatts-formula
power_consumption,1705268778334000000,0.15440398809461098,paolo-laptop,smartwatts-formula
power_consumption,1705268779338000000,0.08468975650009533,paolo-laptop,smartwatts-formula
power_consumption,1705268780340000000,0.11542698451576369,paolo-laptop,smartwatts-formula
power_consumption,1705268781344000000,0.08161475534834325,paolo-laptop,smartwatts-formula
power_consumption,1705268782347000000,0.23226969192677943,paolo-laptop,smartwatts-formula
power_consumption,1705268783352000000,0.22010188194251032,paolo-laptop,smartwatts-formula
power_consumption,1705268784356000000,0.2431758379940378,paolo-laptop,smartwatts-formula
power_consumption,1705268785359000000,0.13600256602539698,paolo-laptop,smartwatts-formula
power_consumption,1705268786362000000,0.20763046525257003,paolo-laptop,smartwatts-formula
power_consumption,1705268787367000000,0.22255480242752354,paolo-laptop,smartwatts-formula
power_consumption,1705268788372000000,0.11569993359965763,paolo-laptop,smartwatts-formula
power_consumption,1705268789374000000,0.13019665427109053,paolo-laptop,smartwatts-formula
power_consumption,1705268790376000000,0.08634860271824371,paolo-laptop,smartwatts-formula
power_consumption,1705268791377000000,0.10265436319946208,paolo-laptop,smartwatts-formula
power_consumption,1705268792379000000,0.14554886434588143,paolo-laptop,smartwatts-formula
power_consumption,1705268793381000000,0.1643904863800028,paolo-laptop,smartwatts-formula
power_consumption,1705268794385000000,0.11133193568683872,paolo-laptop,smartwatts-formula
power_consumption,1705268795387000000,0.17643381681419873,paolo-laptop,smartwatts-formula
power_consumption,1705268796388000000,0.10428517642856225,paolo-laptop,smartwatts-formula
power_consumption,1705268798392000000,0.16743818917373982,paolo-laptop,smartwatts-formula
power_consumption,1705268799393000000,0.10815031116409898,paolo-laptop,smartwatts-formula
power_consumption,1705268800395000000,0.11618844346980636,paolo-laptop,smartwatts-formula
power_consumption,1705268801397000000,0.1439560359751239,paolo-laptop,smartwatts-formula
power_consumption,1705268803400000000,0.17719939487327896,paolo-laptop,smartwatts-formula
power_consumption,1705268804402000000,0.11637430646352731,paolo-laptop,smartwatts-formula
power_consumption,1705268805406000000,0.14075982676941742,paolo-laptop,smartwatts-formula
power_consumption,1705268806408000000,0.12986646538248436,paolo-laptop,smartwatts-formula
power_consumption,1705268807412000000,0.11227073428559023,paolo-laptop,smartwatts-formula
power_consumption,1705268808415000000,0.1518946914778329,paolo-laptop,smartwatts-formula
power_consumption,1705268809418000000,0.2402977441241658,paolo-laptop,smartwatts-formula
power_consumption,1705268810422000000,0.10259786858557329,paolo-laptop,smartwatts-formula
power_consumption,1705268811426000000,0.16062510363583646,paolo-laptop,smartwatts-formula
power_consumption,1705268812430000000,0.30388141245901035,paolo-laptop,smartwatts-formula
power_consumption,1705268813432000000,0.21412672518828715,paolo-laptop,smartwatts-formula
power_consumption,1705268814434000000,0.12368300520524714,paolo-laptop,smartwatts-formula
power_consumption,1705268815436000000,0.10534374556536849,paolo-laptop,smartwatts-formula
power_consumption,1705268816441000000,0.14190966521356937,paolo-laptop,smartwatts-formula
power_consumption,1705268818461000000,0.20170878075963378,paolo-laptop,smartwatts-formula
power_consumption,1705268819465000000,0.19774478190043093,paolo-laptop,smartwatts-formula
power_consumption,1705268820468000000,0.29044579483208116,paolo-laptop,smartwatts-formula
power_consumption,1705268821471000000,0.10781712704661472,paolo-laptop,smartwatts-formula
power_consumption,1705268822475000000,0.19569562198573967,paolo-laptop,smartwatts-formula
power_consumption,1705268823477000000,0.09272004923145312,paolo-laptop,smartwatts-formula
power_consumption,1705268824481000000,0.12177907761085786,paolo-laptop,smartwatts-formula
power_consumption,1705268825483000000,0.23239153020246966,paolo-laptop,smartwatts-formula
power_consumption,1705268826488000000,0.1287238848440853,paolo-laptop,smartwatts-formula
power_consumption,1705268827493000000,0.5033077215169619,paolo-laptop,smartwatts-formula
power_consumption,1705268828496000000,0.271454579262991,paolo-laptop,smartwatts-formula
power_consumption,1705268829500000000,0.32765764240141065,paolo-laptop,smartwatts-formula
power_consumption,1705268830504000000,0.2754475061848496,paolo-laptop,smartwatts-formula
power_consumption,1705268831508000000,0.2651649724184406,paolo-laptop,smartwatts-formula
power_consumption,1705268832512000000,0.2564004129279335,paolo-laptop,smartwatts-formula
power_consumption,1705268833513000000,0.15466800988369622,paolo-laptop,smartwatts-formula
power_consumption,1705268834517000000,0.16598894273634726,paolo-laptop,smartwatts-formula
power_consumption,1705268835520000000,0.5374844201111314,paolo-laptop,smartwatts-formula
power_consumption,1705268836524000000,0.37489147664901434,paolo-laptop,smartwatts-formula
power_consumption,1705268837527000000,0.30112649311300993,paolo-laptop,smartwatts-formula
power_consumption,1705268838532000000,0.15355166772741774,paolo-laptop,smartwatts-formula
power_consumption,1705268839534000000,0.15628568036828444,paolo-laptop,smartwatts-formula
power_consumption,1705268840538000000,0.23666176500686567,paolo-laptop,smartwatts-formula
power_consumption,1705268841542000000,0.37760495056384674,paolo-laptop,smartwatts-formula
power_consumption,1705268842546000000,0.12233952364727124,paolo-laptop,smartwatts-formula
power_consumption,1705268843548000000,0.10957419350634787,paolo-laptop,smartwatts-formula
power_consumption,1705268844553000000,0.22297655108233194,paolo-laptop,smartwatts-formula
power_consumption,1705268845557000000,0.12536483894627043,paolo-laptop,smartwatts-formula
power_consumption,1705268846562000000,0.16291291976835162,paolo-laptop,smartwatts-formula
power_consumption,1705268847564000000,0.11910007106848411,paolo-laptop,smartwatts-formula
power_consumption,1705268848566000000,0.1278568459968214,paolo-laptop,smartwatts-formula
power_consumption,1705268849568000000,0.1313957453435406,paolo-laptop,smartwatts-formula
power_consumption,1705268850570000000,0.2023057439574832,paolo-laptop,smartwatts-formula
power_consumption,1705268851573000000,0.1132972689055738,paolo-laptop,smartwatts-formula
power_consumption,1705268852575000000,0.14210731491853718,paolo-laptop,smartwatts-formula
power_consumption,1705268853577000000,0.12828107823970414,paolo-laptop,smartwatts-formula
power_consumption,1705268854579000000,0.09553128693352825,paolo-laptop,smartwatts-formula
power_consumption,1705268855580000000,0.21310432505935106,paolo-laptop,smartwatts-formula
power_consumption,1705268856581000000,0.161081056372078,paolo-laptop,smartwatts-formula
power_consumption,1705268857583000000,0.08374338894005086,paolo-laptop,smartwatts-formula
power_consumption,1705268858585000000,0.1063318446975804,paolo-laptop,smartwatts-formula
power_consumption,1705268859587000000,0.11789695000000491,paolo-laptop,smartwatts-formula
power_consumption,1705268860589000000,0.08028907978313773,paolo-laptop,smartwatts-formula
power_consumption,1705268861591000000,0.10065760498897106,paolo-laptop,smartwatts-formula
power_consumption,1705268862593000000,0.14614607348052316,paolo-laptop,smartwatts-formula
power_consumption,1705268863595000000,0.13082125730118682,paolo-laptop,smartwatts-formula
power_consumption,1705268864597000000,0.12238341550947465,paolo-laptop,smartwatts-formula
power_consumption,1705268865599000000,0.13423704985215115,paolo-laptop,smartwatts-formula
power_consumption,1705268866601000000,0.14855460890632338,paolo-laptop,smartwatts-formula
power_consumption,1705268867607000000,0.11744102194221273,paolo-laptop,smartwatts-formula
power_consumption,1705268868609000000,0.35459086293848513,paolo-laptop,smartwatts-formula
power_consumption,1705268869613000000,0.2009149268232171,paolo-laptop,smartwatts-formula
power_consumption,1705268870615000000,0.12066757732825659,paolo-laptop,smartwatts-formula
power_consumption,1705268871617000000,0.10182348933519086,paolo-laptop,smartwatts-formula
power_consumption,1705268872619000000,0.19776333297172735,paolo-laptop,smartwatts-formula
power_consumption,1705268873621000000,0.11198085611527003,paolo-laptop,smartwatts-formula
power_consumption,1705268874623000000,0.13215845547306054,paolo-laptop,smartwatts-formula
power_consumption,1705268875629000000,0.3187918184466239,paolo-laptop,smartwatts-formula
power_consumption,1705268876632000000,0.1365298849342996,paolo-laptop,smartwatts-formula
power_consumption,1705268877634000000,0.17104176763287732,paolo-laptop,smartwatts-formula
power_consumption,1705268878644000000,0.12353704996967795,paolo-laptop,smartwatts-formula
power_consumption,1705268879648000000,0.13747927549072067,paolo-laptop,smartwatts-formula
power_consumption,1705268880650000000,0.09901470635262857,paolo-laptop,smartwatts-formula
power_consumption,1705268881654000000,0.1620121365537097,paolo-laptop,smartwatts-formula
power_consumption,1705268882656000000,0.2002468925297536,paolo-laptop,smartwatts-formula
power_consumption,1705268883657000000,0.20191026221490335,paolo-laptop,smartwatts-formula
power_consumption,1705268884659000000,0.11692961365321289,paolo-laptop,smartwatts-formula
power_consumption,1705268885661000000,0.12681534619945953,paolo-laptop,smartwatts-formula
power_consumption,1705268886666000000,0.12723391258686648,paolo-laptop,smartwatts-formula
power_consumption,1705268887670000000,0.355804386228986,paolo-laptop,smartwatts-formula
power_consumption,1705268888672000000,0.183915608774791,paolo-laptop,smartwatts-formula
power_consumption,1705268889674000000,0.19769160841027084,paolo-laptop,smartwatts-formula
power_consumption,1705268890675000000,0.11302412323970963,paolo-laptop,smartwatts-formula
power_consumption,1705268891678000000,0.1470990006407078,paolo-laptop,smartwatts-formula
power_consumption,1705268892683000000,0.10885776936114033,paolo-laptop,smartwatts-formula
power_consumption,1705268893687000000,0.1753590894375112,paolo-laptop,smartwatts-formula
power_consumption,1705268894689000000,0.12427392016556982,paolo-laptop,smartwatts-formula
power_consumption,1705268895691000000,0.18011037336130203,paolo-laptop,smartwatts-formula
power_consumption,1705268896694000000,0.15922232387747087,paolo-laptop,smartwatts-formula
power_consumption,1705268897696000000,0.11116784141930855,paolo-laptop,smartwatts-formula
power_consumption,1705268898700000000,0.11600943390198021,paolo-laptop,smartwatts-formula
power_consumption,1705268899702000000,0.19095384743564478,paolo-laptop,smartwatts-formula
power_consumption,1705268900706000000,0.11056696762391235,paolo-laptop,smartwatts-formula
power_consumption,1705268901708000000,0.3251349822698843,paolo-laptop,smartwatts-formula
power_consumption,1705268902710000000,0.1419203694170571,paolo-laptop,smartwatts-formula
power_consumption,1705268903713000000,0.12498385329406754,paolo-laptop,smartwatts-formula
power_consumption,1705268904715000000,0.18592062591409045,paolo-laptop,smartwatts-formula
power_consumption,1705268905717000000,0.13721336630377173,paolo-laptop,smartwatts-formula
power_consumption,1705268906720000000,0.17946660212248594,paolo-laptop,smartwatts-formula
