name,time,power,sensor,target
power_consumption,1705304360622000000,11.842817859293588,paolo-laptop,crate-mio-container-master
power_consumption,1705304361626000000,10.96439120562367,paolo-laptop,crate-mio-container-master
power_consumption,1705304363634000000,13.289525021870972,paolo-laptop,crate-mio-container-master
power_consumption,1705304365637000000,12.433764987344768,paolo-laptop,crate-mio-container-master
power_consumption,1705304366639000000,14.155377502399922,paolo-laptop,crate-mio-container-master
power_consumption,1705304367641000000,13.708350147862657,paolo-laptop,crate-mio-container-master
power_consumption,1705304368642000000,14.955930882000501,paolo-laptop,crate-mio-container-master
power_consumption,1705304369644000000,12.740045470616677,paolo-laptop,crate-mio-container-master
power_consumption,1705304370646000000,13.787985158289782,paolo-laptop,crate-mio-container-master
power_consumption,1705304371648000000,13.124761957348072,paolo-laptop,crate-mio-container-master
power_consumption,1705304372650000000,13.532360720935188,paolo-laptop,crate-mio-container-master
power_consumption,1705304373652000000,12.779736901283044,paolo-laptop,crate-mio-container-master
power_consumption,1705304374653000000,13.520911416796935,paolo-laptop,crate-mio-container-master
power_consumption,1705304375655000000,12.88281587031955,paolo-laptop,crate-mio-container-master
power_consumption,1705304376657000000,13.336956959474191,paolo-laptop,crate-mio-container-master
power_consumption,1705304377659000000,12.72829376770348,paolo-laptop,crate-mio-container-master
power_consumption,1705304378661000000,13.641807992000743,paolo-laptop,crate-mio-container-master
power_consumption,1705304379668000000,13.41334261084942,paolo-laptop,crate-mio-container-master
power_consumption,1705304380670000000,13.435099801514035,paolo-laptop,crate-mio-container-master
power_consumption,1705304381672000000,11.897227772597166,paolo-laptop,crate-mio-container-master
power_consumption,1705304383675000000,12.074965451721107,paolo-laptop,crate-mio-container-master
power_consumption,1705304385679000000,13.235239376315285,paolo-laptop,crate-mio-container-master
power_consumption,1705304386681000000,13.866564168654461,paolo-laptop,crate-mio-container-master
power_consumption,1705304387685000000,13.901776977715699,paolo-laptop,crate-mio-container-master
power_consumption,1705304388687000000,12.531426735333646,paolo-laptop,crate-mio-container-master
power_consumption,1705304396701000000,15.043447920594465,paolo-laptop,crate-mio-container-master
power_consumption,1705304399709000000,13.704493212365971,paolo-laptop,crate-mio-container-master
power_consumption,1705304400710000000,13.63478165767008,paolo-laptop,crate-mio-container-master
power_consumption,1705304401714000000,13.490152660119545,paolo-laptop,crate-mio-container-master
power_consumption,1705304402716000000,12.285530488954238,paolo-laptop,crate-mio-container-master
power_consumption,1705304403720000000,13.915599842353368,paolo-laptop,crate-mio-container-master
power_consumption,1705304404722000000,13.622002010477388,paolo-laptop,crate-mio-container-master
power_consumption,1705304405724000000,13.818142853469023,paolo-laptop,crate-mio-container-master
power_consumption,1705304406726000000,13.40672107479099,paolo-laptop,crate-mio-container-master
power_consumption,1705304407728000000,13.7665321021914,paolo-laptop,crate-mio-container-master
power_consumption,1705304408730000000,13.586172244362814,paolo-laptop,crate-mio-container-master
power_consumption,1705304409732000000,14.157588952935633,paolo-laptop,crate-mio-container-master
power_consumption,1705304410734000000,13.271943165972457,paolo-laptop,crate-mio-container-master
power_consumption,1705304411736000000,14.109844637764079,paolo-laptop,crate-mio-container-master
power_consumption,1705304412738000000,13.548778380102402,paolo-laptop,crate-mio-container-master
power_consumption,1705304413740000000,14.130266899216256,paolo-laptop,crate-mio-container-master
power_consumption,1705304414743000000,13.860581804916329,paolo-laptop,crate-mio-container-master
power_consumption,1705304415745000000,14.094663405394225,paolo-laptop,crate-mio-container-master
power_consumption,1705304416747000000,14.266051453384193,paolo-laptop,crate-mio-container-master
power_consumption,1705304417749000000,13.921482365870677,paolo-laptop,crate-mio-container-master
power_consumption,1705304418751000000,13.847472682849732,paolo-laptop,crate-mio-container-master
power_consumption,1705304419753000000,14.169196648921119,paolo-laptop,crate-mio-container-master
power_consumption,1705304420755000000,13.369820059036456,paolo-laptop,crate-mio-container-master
power_consumption,1705304421759000000,14.077311478485925,paolo-laptop,crate-mio-container-master
power_consumption,1705304422761000000,14.18893522187604,paolo-laptop,crate-mio-container-master
power_consumption,1705304423767000000,12.547900862751995,paolo-laptop,crate-mio-container-master
power_consumption,1705304424770000000,12.956140956346363,paolo-laptop,crate-mio-container-master
power_consumption,1705304425772000000,13.022704500988542,paolo-laptop,crate-mio-container-master
power_consumption,1705304428782000000,13.37552659165715,paolo-laptop,crate-mio-container-master
power_consumption,1705304429784000000,13.898016671152428,paolo-laptop,crate-mio-container-master
power_consumption,1705304438806000000,10.505998836763105,paolo-laptop,crate-mio-container-master
power_consumption,1705304442815000000,13.541705231518272,paolo-laptop,crate-mio-container-master
power_consumption,1705304443817000000,14.350211003742015,paolo-laptop,crate-mio-container-master
power_consumption,1705304444819000000,12.175356134917827,paolo-laptop,crate-mio-container-master
power_consumption,1705304445824000000,14.01237015788411,paolo-laptop,crate-mio-container-master
power_consumption,1705304446829000000,13.741603983756686,paolo-laptop,crate-mio-container-master
power_consumption,1705304447832000000,14.128764006500798,paolo-laptop,crate-mio-container-master
power_consumption,1705304448835000000,13.504120640998888,paolo-laptop,crate-mio-container-master
power_consumption,1705304449837000000,14.176002353287524,paolo-laptop,crate-mio-container-master
power_consumption,1705304450839000000,13.334130165761328,paolo-laptop,crate-mio-container-master
power_consumption,1705304451843000000,13.733140898196133,paolo-laptop,crate-mio-container-master
power_consumption,1705304452848000000,13.437750073612978,paolo-laptop,crate-mio-container-master
power_consumption,1705304453850000000,13.968461797667107,paolo-laptop,crate-mio-container-master
power_consumption,1705304454852000000,13.5882881026015,paolo-laptop,crate-mio-container-master
power_consumption,1705304455853000000,13.867025685261739,paolo-laptop,crate-mio-container-master
power_consumption,1705304456856000000,13.3558686430651,paolo-laptop,crate-mio-container-master
power_consumption,1705304457858000000,13.946588987790111,paolo-laptop,crate-mio-container-master
power_consumption,1705304458860000000,13.064013158775882,paolo-laptop,crate-mio-container-master
power_consumption,1705304459862000000,13.999731641629312,paolo-laptop,crate-mio-container-master
power_consumption,1705304460866000000,13.248508047735072,paolo-laptop,crate-mio-container-master
power_consumption,1705304461868000000,12.94606485461344,paolo-laptop,crate-mio-container-master
power_consumption,1705304462870000000,13.315830565573371,paolo-laptop,crate-mio-container-master
power_consumption,1705304470890000000,12.648612381502252,paolo-laptop,crate-mio-container-master
power_consumption,1705304471893000000,9.94081696382752,paolo-laptop,crate-mio-container-master
power_consumption,1705304473897000000,13.782536938398572,paolo-laptop,crate-mio-container-master
power_consumption,1705304474899000000,13.237702064185772,paolo-laptop,crate-mio-container-master
power_consumption,1705304477906000000,12.320507123282784,paolo-laptop,crate-mio-container-master
power_consumption,1705304478908000000,13.712217994460559,paolo-laptop,crate-mio-container-master
power_consumption,1705304479911000000,13.731620520243892,paolo-laptop,crate-mio-container-master
power_consumption,1705304480913000000,13.922145338104203,paolo-laptop,crate-mio-container-master
power_consumption,1705304481915000000,13.345137800317424,paolo-laptop,crate-mio-container-master
power_consumption,1705304482920000000,13.830666134795633,paolo-laptop,crate-mio-container-master
power_consumption,1705304483924000000,13.242339904912143,paolo-laptop,crate-mio-container-master
power_consumption,1705304484926000000,13.809919264724744,paolo-laptop,crate-mio-container-master
power_consumption,1705304485930000000,7.52787602517566,paolo-laptop,crate-mio-container-master
power_consumption,1705304491947000000,14.044551270514354,paolo-laptop,crate-mio-container-master
power_consumption,1705304492949000000,15.464802987708602,paolo-laptop,crate-mio-container-master
power_consumption,1705304493951000000,15.25586717595967,paolo-laptop,crate-mio-container-master
power_consumption,1705304494955000000,10.433545199103948,paolo-laptop,crate-mio-container-master
power_consumption,1705304496959000000,15.57386332659336,paolo-laptop,crate-mio-container-master
power_consumption,1705304497961000000,15.508733265643826,paolo-laptop,crate-mio-container-master
power_consumption,1705304500968000000,10.081086727978988,paolo-laptop,crate-mio-container-master
power_consumption,1705304504982000000,14.230995459198237,paolo-laptop,crate-mio-container-master
power_consumption,1705304505984000000,13.063178150484763,paolo-laptop,crate-mio-container-master
power_consumption,1705304506986000000,14.2103188435391,paolo-laptop,crate-mio-container-master
power_consumption,1705304507988000000,13.76656215632711,paolo-laptop,crate-mio-container-master
power_consumption,1705304509992000000,13.623352644614158,paolo-laptop,crate-mio-container-master
power_consumption,1705304510994000000,13.934420445009343,paolo-laptop,crate-mio-container-master
power_consumption,1705304511996000000,13.280610930524428,paolo-laptop,crate-mio-container-master
power_consumption,1705304512998000000,13.671364820253876,paolo-laptop,crate-mio-container-master
power_consumption,1705304514001000000,13.67756731310561,paolo-laptop,crate-mio-container-master
power_consumption,1705304515003000000,14.405993259459667,paolo-laptop,crate-mio-container-master
power_consumption,1705304516007000000,8.185589560657045,paolo-laptop,crate-mio-container-master
power_consumption,1705304525036000000,13.405859158845612,paolo-laptop,crate-mio-container-master
power_consumption,1705304526039000000,13.063321594774617,paolo-laptop,crate-mio-container-master
power_consumption,1705304527041000000,14.054779247782632,paolo-laptop,crate-mio-container-master
power_consumption,1705304528044000000,13.414543000414884,paolo-laptop,crate-mio-container-master
power_consumption,1705304529046000000,14.211512547815985,paolo-laptop,crate-mio-container-master
power_consumption,1705304530049000000,13.630384584924903,paolo-laptop,crate-mio-container-master
power_consumption,1705304531051000000,13.926110902747107,paolo-laptop,crate-mio-container-master
power_consumption,1705304532055000000,13.93881420459693,paolo-laptop,crate-mio-container-master
power_consumption,1705304533057000000,13.576575796583828,paolo-laptop,crate-mio-container-master
power_consumption,1705304534060000000,13.519490968635266,paolo-laptop,crate-mio-container-master
power_consumption,1705304535063000000,14.289638962753383,paolo-laptop,crate-mio-container-master
power_consumption,1705304536065000000,13.252164408959704,paolo-laptop,crate-mio-container-master
power_consumption,1705304537068000000,13.909742757186788,paolo-laptop,crate-mio-container-master
power_consumption,1705304538074000000,13.86160468114223,paolo-laptop,crate-mio-container-master
power_consumption,1705304539078000000,13.96289426273865,paolo-laptop,crate-mio-container-master
power_consumption,1705304540081000000,13.075801998711341,paolo-laptop,crate-mio-container-master
power_consumption,1705304541084000000,14.007722507634256,paolo-laptop,crate-mio-container-master
power_consumption,1705304542086000000,13.794604451004059,paolo-laptop,crate-mio-container-master
power_consumption,1705304543088000000,14.149260856022948,paolo-laptop,crate-mio-container-master
power_consumption,1705304544091000000,13.684722889823806,paolo-laptop,crate-mio-container-master
power_consumption,1705304545093000000,13.984074158713966,paolo-laptop,crate-mio-container-master
power_consumption,1705304546095000000,12.084191629028087,paolo-laptop,crate-mio-container-master
power_consumption,1705304547097000000,13.234186669864407,paolo-laptop,crate-mio-container-master
power_consumption,1705304548099000000,12.24275634199629,paolo-laptop,crate-mio-container-master
power_consumption,1705304549102000000,13.847892671790039,paolo-laptop,crate-mio-container-master
power_consumption,1705304550107000000,12.18453033161168,paolo-laptop,crate-mio-container-master
power_consumption,1705304552112000000,10.784679820467721,paolo-laptop,crate-mio-container-master
power_consumption,1705304557121000000,13.18103929054088,paolo-laptop,crate-mio-container-master
power_consumption,1705304558123000000,14.405331162526556,paolo-laptop,crate-mio-container-master
power_consumption,1705304559125000000,13.58254757995219,paolo-laptop,crate-mio-container-master
power_consumption,1705304560127000000,14.296862524647395,paolo-laptop,crate-mio-container-master
power_consumption,1705304561129000000,13.83986144026726,paolo-laptop,crate-mio-container-master
power_consumption,1705304562131000000,14.753891399507685,paolo-laptop,crate-mio-container-master
power_consumption,1705304563133000000,13.762770718566378,paolo-laptop,crate-mio-container-master
power_consumption,1705304564136000000,13.799670121012333,paolo-laptop,crate-mio-container-master
power_consumption,1705304565138000000,13.34490531408515,paolo-laptop,crate-mio-container-master
power_consumption,1705304566140000000,12.485914015615718,paolo-laptop,crate-mio-container-master
power_consumption,1705304567142000000,13.153691035801373,paolo-laptop,crate-mio-container-master
power_consumption,1705304568144000000,13.592079190139888,paolo-laptop,crate-mio-container-master
power_consumption,1705304569146000000,12.927638088803763,paolo-laptop,crate-mio-container-master
power_consumption,1705304570147000000,13.55269044907304,paolo-laptop,crate-mio-container-master
power_consumption,1705304571149000000,13.072707507431183,paolo-laptop,crate-mio-container-master
power_consumption,1705304572154000000,13.41563639174846,paolo-laptop,crate-mio-container-master
power_consumption,1705304573156000000,13.5597752721139,paolo-laptop,crate-mio-container-master
power_consumption,1705304574158000000,13.757019206358592,paolo-laptop,crate-mio-container-master
power_consumption,1705304581185000000,7.89859150415404,paolo-laptop,crate-mio-container-master
power_consumption,1705304587205000000,9.16054453467616,paolo-laptop,crate-mio-container-master
power_consumption,1705304590212000000,5.483078396966091,paolo-laptop,crate-mio-container-master
power_consumption,1705304599236000000,2.148832499458351,paolo-laptop,crate-mio-container-master
power_consumption,1705304602245000000,3.88826966992912,paolo-laptop,crate-mio-container-master
power_consumption,1705304611265000000,5.707816047417781,paolo-laptop,crate-mio-container-master
power_consumption,1705304613268000000,2.740275997889479,paolo-laptop,crate-mio-container-master
power_consumption,1705304614272000000,1.8170386457200476,paolo-laptop,crate-mio-container-master
power_consumption,1705304615276000000,3.988155507362214,paolo-laptop,crate-mio-container-master
power_consumption,1705304616278000000,8.620676927416957,paolo-laptop,crate-mio-container-master
power_consumption,1705304617280000000,9.460305791491683,paolo-laptop,crate-mio-container-master
power_consumption,1705304618282000000,11.015142700523182,paolo-laptop,crate-mio-container-master
power_consumption,1705304619284000000,10.922866423469792,paolo-laptop,crate-mio-container-master
power_consumption,1705304620288000000,10.835040990247665,paolo-laptop,crate-mio-container-master
power_consumption,1705304621291000000,9.727311155132693,paolo-laptop,crate-mio-container-master
power_consumption,1705304622293000000,10.55678766030862,paolo-laptop,crate-mio-container-master
power_consumption,1705304623298000000,10.123114341352508,paolo-laptop,crate-mio-container-master
power_consumption,1705304624300000000,11.274708254988637,paolo-laptop,crate-mio-container-master
power_consumption,1705304625302000000,9.22617238458065,paolo-laptop,crate-mio-container-master
power_consumption,1705304627306000000,11.257273143580996,paolo-laptop,crate-mio-container-master
power_consumption,1705304628307000000,11.56159570144035,paolo-laptop,crate-mio-container-master
power_consumption,1705304629309000000,12.04941498748768,paolo-laptop,crate-mio-container-master
power_consumption,1705304630310000000,11.454479431331732,paolo-laptop,crate-mio-container-master
power_consumption,1705304631312000000,11.775094164305882,paolo-laptop,crate-mio-container-master
power_consumption,1705304633315000000,12.506728662312566,paolo-laptop,crate-mio-container-master
power_consumption,1705304636325000000,9.663829771572939,paolo-laptop,crate-mio-container-master
power_consumption,1705304637327000000,12.94860767086784,paolo-laptop,crate-mio-container-master
power_consumption,1705304638329000000,12.41208293721847,paolo-laptop,crate-mio-container-master
power_consumption,1705304639331000000,5.150377069719329,paolo-laptop,crate-mio-container-master
power_consumption,1705304641334000000,12.586397382250727,paolo-laptop,crate-mio-container-master
power_consumption,1705304642339000000,9.802171259800703,paolo-laptop,crate-mio-container-master
power_consumption,1705304643342000000,4.986555440828117,paolo-laptop,crate-mio-container-master
power_consumption,1705304645348000000,12.797141903984192,paolo-laptop,crate-mio-container-master
power_consumption,1705304646350000000,13.166805380739525,paolo-laptop,crate-mio-container-master
power_consumption,1705304647352000000,13.441236832276665,paolo-laptop,crate-mio-container-master
power_consumption,1705304648354000000,13.35983168041471,paolo-laptop,crate-mio-container-master
power_consumption,1705304649358000000,7.916944565185566,paolo-laptop,crate-mio-container-master
power_consumption,1705304650360000000,6.313286469703988,paolo-laptop,crate-mio-container-master
power_consumption,1705304651363000000,3.683386373456999,paolo-laptop,crate-mio-container-master
power_consumption,1705304652365000000,12.735894334384643,paolo-laptop,crate-mio-container-master
power_consumption,1705304653367000000,12.984507267022202,paolo-laptop,crate-mio-container-master
power_consumption,1705304654369000000,12.10197528186838,paolo-laptop,crate-mio-container-master
power_consumption,1705304659393000000,9.31037011859631,paolo-laptop,crate-mio-container-master
power_consumption,1705304660395000000,12.820427975941442,paolo-laptop,crate-mio-container-master
power_consumption,1705304661397000000,10.56210512313207,paolo-laptop,crate-mio-container-master
power_consumption,1705304663401000000,5.621544394362011,paolo-laptop,crate-mio-container-master
power_consumption,1705304664403000000,11.433678081626772,paolo-laptop,crate-mio-container-master
power_consumption,1705304665405000000,12.268406861202571,paolo-laptop,crate-mio-container-master
power_consumption,1705304669416000000,12.65793874480848,paolo-laptop,crate-mio-container-master
power_consumption,1705304670418000000,11.001748921182589,paolo-laptop,crate-mio-container-master
power_consumption,1705304671420000000,12.735518235667033,paolo-laptop,crate-mio-container-master
power_consumption,1705304672422000000,11.67596916485165,paolo-laptop,crate-mio-container-master
power_consumption,1705304673424000000,12.978667679302134,paolo-laptop,crate-mio-container-master
power_consumption,1705304674426000000,12.636497247858562,paolo-laptop,crate-mio-container-master
power_consumption,1705304675428000000,2.970606380186068,paolo-laptop,crate-mio-container-master
power_consumption,1705304676431000000,11.946864255814006,paolo-laptop,crate-mio-container-master
power_consumption,1705304677434000000,2.3971568200719457,paolo-laptop,crate-mio-container-master
power_consumption,1705304678436000000,12.3076811346485,paolo-laptop,crate-mio-container-master
power_consumption,1705304679438000000,12.291529830121025,paolo-laptop,crate-mio-container-master
power_consumption,1705304681441000000,10.85788382831424,paolo-laptop,crate-mio-container-master
power_consumption,1705304682444000000,10.666180673125847,paolo-laptop,crate-mio-container-master
power_consumption,1705304683447000000,10.93754310018608,paolo-laptop,crate-mio-container-master
power_consumption,1705304684449000000,10.919989032887147,paolo-laptop,crate-mio-container-master
power_consumption,1705304685452000000,3.3634931633202143,paolo-laptop,crate-mio-container-master
power_consumption,1705304686454000000,11.912425943777894,paolo-laptop,crate-mio-container-master
power_consumption,1705304687456000000,11.001551864589068,paolo-laptop,crate-mio-container-master
power_consumption,1705304688458000000,5.658860283319156,paolo-laptop,crate-mio-container-master
power_consumption,1705304689460000000,5.158675498771819,paolo-laptop,crate-mio-container-master
power_consumption,1705304690462000000,13.035018342188945,paolo-laptop,crate-mio-container-master
power_consumption,1705304691465000000,13.329527256388715,paolo-laptop,crate-mio-container-master
power_consumption,1705304692467000000,9.32297151639819,paolo-laptop,crate-mio-container-master
power_consumption,1705304693469000000,12.420111978776154,paolo-laptop,crate-mio-container-master
power_consumption,1705304694470000000,2.1342141574253013,paolo-laptop,crate-mio-container-master
power_consumption,1705304695472000000,11.218381735870992,paolo-laptop,crate-mio-container-master
power_consumption,1705304697478000000,11.080272855119805,paolo-laptop,crate-mio-container-master
power_consumption,1705304698482000000,4.227379162921639,paolo-laptop,crate-mio-container-master
power_consumption,1705304699484000000,1.387630412321888,paolo-laptop,crate-mio-container-master
power_consumption,1705304700488000000,7.462435944501667,paolo-laptop,crate-mio-container-master
power_consumption,1705304701492000000,2.842198845055756,paolo-laptop,crate-mio-container-master
power_consumption,1705304702497000000,4.006561569332552,paolo-laptop,crate-mio-container-master
power_consumption,1705304703498000000,10.578694336060742,paolo-laptop,crate-mio-container-master
power_consumption,1705304704500000000,12.800606260549372,paolo-laptop,crate-mio-container-master
power_consumption,1705304705502000000,12.52422002955066,paolo-laptop,crate-mio-container-master
power_consumption,1705304706507000000,12.919524857739082,paolo-laptop,crate-mio-container-master
power_consumption,1705304707509000000,11.846373073403434,paolo-laptop,crate-mio-container-master
power_consumption,1705304708511000000,9.207115438648334,paolo-laptop,crate-mio-container-master
power_consumption,1705304709513000000,8.563598920856089,paolo-laptop,crate-mio-container-master
power_consumption,1705304710515000000,11.838147355589514,paolo-laptop,crate-mio-container-master
power_consumption,1705304711517000000,12.157725411695704,paolo-laptop,crate-mio-container-master
power_consumption,1705304712519000000,12.336103270002704,paolo-laptop,crate-mio-container-master
power_consumption,1705304713521000000,10.271279229357246,paolo-laptop,crate-mio-container-master
power_consumption,1705304714522000000,12.382322950460493,paolo-laptop,crate-mio-container-master
power_consumption,1705304715524000000,12.556563138836676,paolo-laptop,crate-mio-container-master
power_consumption,1705304716526000000,11.606520108291527,paolo-laptop,crate-mio-container-master
power_consumption,1705304717528000000,11.12107643504515,paolo-laptop,crate-mio-container-master
power_consumption,1705304718529000000,11.532344889372368,paolo-laptop,crate-mio-container-master
power_consumption,1705304719531000000,12.038793187966965,paolo-laptop,crate-mio-container-master
power_consumption,1705304720532000000,12.034717361139348,paolo-laptop,crate-mio-container-master
power_consumption,1705304721534000000,10.133017582408145,paolo-laptop,crate-mio-container-master
power_consumption,1705304722538000000,5.946174860164474,paolo-laptop,crate-mio-container-master
power_consumption,1705304723540000000,6.982299088443229,paolo-laptop,crate-mio-container-master
power_consumption,1705304724542000000,2.7938187023631964,paolo-laptop,crate-mio-container-master
power_consumption,1705304725543000000,12.734978080752299,paolo-laptop,crate-mio-container-master
power_consumption,1705304726545000000,12.035111469557373,paolo-laptop,crate-mio-container-master
power_consumption,1705304727547000000,11.774249098853753,paolo-laptop,crate-mio-container-master
power_consumption,1705304728549000000,11.590286188892708,paolo-laptop,crate-mio-container-master
power_consumption,1705304729551000000,11.938710021384587,paolo-laptop,crate-mio-container-master
power_consumption,1705304730553000000,11.681196241721612,paolo-laptop,crate-mio-container-master
power_consumption,1705304731555000000,12.52789594501222,paolo-laptop,crate-mio-container-master
power_consumption,1705304732557000000,11.978317648747538,paolo-laptop,crate-mio-container-master
power_consumption,1705304733558000000,10.346148673042483,paolo-laptop,crate-mio-container-master
power_consumption,1705304734561000000,12.38839677115114,paolo-laptop,crate-mio-container-master
power_consumption,1705304735568000000,6.464429788028001,paolo-laptop,crate-mio-container-master
power_consumption,1705304737574000000,3.806916344532952,paolo-laptop,crate-mio-container-master
power_consumption,1705304738578000000,8.013940085510704,paolo-laptop,crate-mio-container-master
power_consumption,1705304741590000000,3.7594507514384716,paolo-laptop,crate-mio-container-master
power_consumption,1705304742592000000,7.875512646272891,paolo-laptop,crate-mio-container-master
power_consumption,1705304743597000000,10.41020283783266,paolo-laptop,crate-mio-container-master
power_consumption,1705304744601000000,7.663153674634772,paolo-laptop,crate-mio-container-master
power_consumption,1705304745602000000,8.590624301923974,paolo-laptop,crate-mio-container-master
power_consumption,1705304746604000000,12.732625828414688,paolo-laptop,crate-mio-container-master
power_consumption,1705304747606000000,11.974464661190252,paolo-laptop,crate-mio-container-master
power_consumption,1705304748608000000,8.520131407208035,paolo-laptop,crate-mio-container-master
power_consumption,1705304749610000000,8.503548369769023,paolo-laptop,crate-mio-container-master
power_consumption,1705304750612000000,13.319722618967823,paolo-laptop,crate-mio-container-master
power_consumption,1705304751618000000,12.99848024000764,paolo-laptop,crate-mio-container-master
power_consumption,1705304752623000000,13.291918704410225,paolo-laptop,crate-mio-container-master
power_consumption,1705304753630000000,12.709423310166878,paolo-laptop,crate-mio-container-master
power_consumption,1705304754636000000,13.29366292957524,paolo-laptop,crate-mio-container-master
power_consumption,1705304755637000000,5.971576578450474,paolo-laptop,crate-mio-container-master
power_consumption,1705304756639000000,12.40880874323444,paolo-laptop,crate-mio-container-master
power_consumption,1705304757640000000,13.940407549535658,paolo-laptop,crate-mio-container-master
power_consumption,1705304758642000000,0.8975342825255841,paolo-laptop,crate-mio-container-master
power_consumption,1705304759645000000,11.559015284017615,paolo-laptop,crate-mio-container-master
power_consumption,1705304760649000000,8.527870149498696,paolo-laptop,crate-mio-container-master
power_consumption,1705304761651000000,4.300781011342862,paolo-laptop,crate-mio-container-master
power_consumption,1705304762654000000,12.255125041118614,paolo-laptop,crate-mio-container-master
power_consumption,1705304763659000000,10.08638799686505,paolo-laptop,crate-mio-container-master
power_consumption,1705304764661000000,11.974630561807702,paolo-laptop,crate-mio-container-master
power_consumption,1705304766666000000,7.834072744902572,paolo-laptop,crate-mio-container-master
power_consumption,1705304767672000000,8.535522566492126,paolo-laptop,crate-mio-container-master
power_consumption,1705304768675000000,8.1116620307408,paolo-laptop,crate-mio-container-master
power_consumption,1705304769677000000,13.187879187341576,paolo-laptop,crate-mio-container-master
power_consumption,1705304770680000000,6.630522692024416,paolo-laptop,crate-mio-container-master
power_consumption,1705304771685000000,5.023960179163135,paolo-laptop,crate-mio-container-master
power_consumption,1705304772690000000,3.7873283818928547,paolo-laptop,crate-mio-container-master
power_consumption,1705304773692000000,8.437211158319345,paolo-laptop,crate-mio-container-master
power_consumption,1705304774696000000,6.600285439405111,paolo-laptop,crate-mio-container-master
power_consumption,1705304775698000000,7.486224037879153,paolo-laptop,crate-mio-container-master
power_consumption,1705304776702000000,9.926423898839234,paolo-laptop,crate-mio-container-master
power_consumption,1705304777706000000,2.6068483792640613,paolo-laptop,crate-mio-container-master
power_consumption,1705304778708000000,8.130875096541795,paolo-laptop,crate-mio-container-master
power_consumption,1705304779711000000,7.102505116309192,paolo-laptop,crate-mio-container-master
power_consumption,1705304781720000000,10.177572365099387,paolo-laptop,crate-mio-container-master
power_consumption,1705304783724000000,9.958269678958482,paolo-laptop,crate-mio-container-master
power_consumption,1705304784727000000,10.600921997208903,paolo-laptop,crate-mio-container-master
power_consumption,1705304785730000000,0.6717568531203401,paolo-laptop,crate-mio-container-master
power_consumption,1705304786734000000,0.6074607387948454,paolo-laptop,crate-mio-container-master
power_consumption,1705304787736000000,8.738140458252744,paolo-laptop,crate-mio-container-master
power_consumption,1705304788738000000,14.265489506657461,paolo-laptop,crate-mio-container-master
power_consumption,1705304789740000000,12.610305162763275,paolo-laptop,crate-mio-container-master
power_consumption,1705304790742000000,12.42270683550824,paolo-laptop,crate-mio-container-master
power_consumption,1705304791747000000,6.22650173461472,paolo-laptop,crate-mio-container-master
power_consumption,1705304793751000000,3.9950694633719914,paolo-laptop,crate-mio-container-master
power_consumption,1705304795755000000,13.283610066554331,paolo-laptop,crate-mio-container-master
power_consumption,1705304796757000000,12.757558858338651,paolo-laptop,crate-mio-container-master
power_consumption,1705304797759000000,13.321096475827922,paolo-laptop,crate-mio-container-master
power_consumption,1705304798761000000,12.87530201223834,paolo-laptop,crate-mio-container-master
power_consumption,1705304799763000000,11.88000157317847,paolo-laptop,crate-mio-container-master
power_consumption,1705304800765000000,12.796586421780994,paolo-laptop,crate-mio-container-master
power_consumption,1705304801767000000,12.665676045452386,paolo-laptop,crate-mio-container-master
power_consumption,1705304802772000000,13.016813995367162,paolo-laptop,crate-mio-container-master
power_consumption,1705304803777000000,12.782061371282225,paolo-laptop,crate-mio-container-master
power_consumption,1705304804782000000,12.882548125865036,paolo-laptop,crate-mio-container-master
power_consumption,1705304805785000000,12.4964353198502,paolo-laptop,crate-mio-container-master
power_consumption,1705304806786000000,12.492534605285549,paolo-laptop,crate-mio-container-master
power_consumption,1705304807789000000,12.645495316371179,paolo-laptop,crate-mio-container-master
power_consumption,1705304808792000000,11.917392283080165,paolo-laptop,crate-mio-container-master
power_consumption,1705304809797000000,4.296345586062768,paolo-laptop,crate-mio-container-master
power_consumption,1705304810800000000,9.950123287440876,paolo-laptop,crate-mio-container-master
power_consumption,1705304811805000000,5.394144499551499,paolo-laptop,crate-mio-container-master
power_consumption,1705304812809000000,3.261475112222164,paolo-laptop,crate-mio-container-master
power_consumption,1705304815817000000,11.990196024304609,paolo-laptop,crate-mio-container-master
power_consumption,1705304816819000000,12.765213081224026,paolo-laptop,crate-mio-container-master
power_consumption,1705304817820000000,12.369316411787874,paolo-laptop,crate-mio-container-master
power_consumption,1705304818822000000,11.86037207358399,paolo-laptop,crate-mio-container-master
power_consumption,1705304819825000000,12.68340346474071,paolo-laptop,crate-mio-container-master
power_consumption,1705304820827000000,12.501833135030264,paolo-laptop,crate-mio-container-master
power_consumption,1705304821829000000,13.188808235957639,paolo-laptop,crate-mio-container-master
power_consumption,1705304822831000000,12.544374903162861,paolo-laptop,crate-mio-container-master
power_consumption,1705304823834000000,12.341478206788496,paolo-laptop,crate-mio-container-master
power_consumption,1705304824836000000,12.167577184944133,paolo-laptop,crate-mio-container-master
power_consumption,1705304825839000000,11.745630321112248,paolo-laptop,crate-mio-container-master
power_consumption,1705304826842000000,12.776984424932275,paolo-laptop,crate-mio-container-master
power_consumption,1705304827844000000,10.000000320445523,paolo-laptop,crate-mio-container-master
power_consumption,1705304828846000000,12.33128158140552,paolo-laptop,crate-mio-container-master
power_consumption,1705304829848000000,12.2163769108178,paolo-laptop,crate-mio-container-master
power_consumption,1705304830851000000,11.926188395313897,paolo-laptop,crate-mio-container-master
power_consumption,1705304831853000000,12.805958238670309,paolo-laptop,crate-mio-container-master
power_consumption,1705304832855000000,13.07436936633147,paolo-laptop,crate-mio-container-master
power_consumption,1705304833861000000,1.8885891952298093,paolo-laptop,crate-mio-container-master
power_consumption,1705304834863000000,10.214903394081812,paolo-laptop,crate-mio-container-master
power_consumption,1705304835866000000,12.491517573000465,paolo-laptop,crate-mio-container-master
power_consumption,1705304836868000000,11.337073631852046,paolo-laptop,crate-mio-container-master
power_consumption,1705304837872000000,2.5444690921644986,paolo-laptop,crate-mio-container-master
power_consumption,1705304839876000000,8.080036496639279,paolo-laptop,crate-mio-container-master
power_consumption,1705304840877000000,7.814801201448005,paolo-laptop,crate-mio-container-master
power_consumption,1705304841879000000,7.419832006598809,paolo-laptop,crate-mio-container-master
power_consumption,1705304843883000000,1.800827307542446,paolo-laptop,crate-mio-container-master
power_consumption,1705304844889000000,3.269330302865365,paolo-laptop,crate-mio-container-master
power_consumption,1705304845904000000,11.440370033688568,paolo-laptop,crate-mio-container-master
power_consumption,1705304846906000000,5.164336450934762,paolo-laptop,crate-mio-container-master
power_consumption,1705304847910000000,4.560012637696683,paolo-laptop,crate-mio-container-master
power_consumption,1705304848912000000,4.0373223981814546,paolo-laptop,crate-mio-container-master
power_consumption,1705304849917000000,4.534761404137505,paolo-laptop,crate-mio-container-master
power_consumption,1705304850919000000,11.056282995226248,paolo-laptop,crate-mio-container-master
power_consumption,1705304851923000000,8.623169307107059,paolo-laptop,crate-mio-container-master
power_consumption,1705304852927000000,3.9028572653560465,paolo-laptop,crate-mio-container-master
power_consumption,1705304853931000000,2.83963128216983,paolo-laptop,crate-mio-container-master
power_consumption,1705304854933000000,3.193106725065591,paolo-laptop,crate-mio-container-master
power_consumption,1705304855937000000,0.10768270828221749,paolo-laptop,crate-mio-container-master
power_consumption,1705304857945000000,0.07205879318597005,paolo-laptop,crate-mio-container-master
power_consumption,1705304859954000000,3.612744272228334,paolo-laptop,crate-mio-container-master
power_consumption,1705304861960000000,7.240568223798753,paolo-laptop,crate-mio-container-master
power_consumption,1705304862961000000,12.205947316319104,paolo-laptop,crate-mio-container-master
power_consumption,1705304864974000000,5.30492249373679,paolo-laptop,crate-mio-container-master
power_consumption,1705304865978000000,1.8240031050491021,paolo-laptop,crate-mio-container-master
power_consumption,1705304867985000000,2.5758162587054194,paolo-laptop,crate-mio-container-master
power_consumption,1705304868989000000,1.3005628075086142,paolo-laptop,crate-mio-container-master
power_consumption,1705304869990000000,6.854643134184082,paolo-laptop,crate-mio-container-master
power_consumption,1705304870995000000,0.6912753477156274,paolo-laptop,crate-mio-container-master
power_consumption,1705304872003000000,3.0312164282548935,paolo-laptop,crate-mio-container-master
power_consumption,1705304873005000000,10.036489517338897,paolo-laptop,crate-mio-container-master
power_consumption,1705304874009000000,6.714563069291494,paolo-laptop,crate-mio-container-master
power_consumption,1705304875010000000,3.656258182118836,paolo-laptop,crate-mio-container-master
power_consumption,1705304876012000000,2.924238224749568,paolo-laptop,crate-mio-container-master
power_consumption,1705304877015000000,10.788509307768921,paolo-laptop,crate-mio-container-master
power_consumption,1705304878017000000,9.867633908441896,paolo-laptop,crate-mio-container-master
power_consumption,1705304879020000000,5.8387081510844965,paolo-laptop,crate-mio-container-master
power_consumption,1705304880024000000,0.9194225546463723,paolo-laptop,crate-mio-container-master
power_consumption,1705304882036000000,2.132600478530667,paolo-laptop,crate-mio-container-master
power_consumption,1705304883038000000,2.5313105403294696,paolo-laptop,crate-mio-container-master
power_consumption,1705304885047000000,4.572571965887822,paolo-laptop,crate-mio-container-master
power_consumption,1705304886050000000,1.5672564567512102,paolo-laptop,crate-mio-container-master
power_consumption,1705304887052000000,12.634439905215272,paolo-laptop,crate-mio-container-master
power_consumption,1705304888053000000,10.550118600071894,paolo-laptop,crate-mio-container-master
power_consumption,1705304889055000000,0.8290578661670346,paolo-laptop,crate-mio-container-master
power_consumption,1705304890057000000,3.4754285215225815,paolo-laptop,crate-mio-container-master
power_consumption,1705304891059000000,11.327999040226654,paolo-laptop,crate-mio-container-master
power_consumption,1705304892060000000,13.111669702651508,paolo-laptop,crate-mio-container-master
power_consumption,1705304893062000000,12.866397894509731,paolo-laptop,crate-mio-container-master
power_consumption,1705304894064000000,12.477372762238033,paolo-laptop,crate-mio-container-master
power_consumption,1705304895066000000,0.3825133136589778,paolo-laptop,crate-mio-container-master
power_consumption,1705304896067000000,4.1195030591011,paolo-laptop,crate-mio-container-master
power_consumption,1705304897068000000,2.055884194261898,paolo-laptop,crate-mio-container-master
power_consumption,1705304898070000000,4.026015298194997,paolo-laptop,crate-mio-container-master
power_consumption,1705304899071000000,3.1428484611749656,paolo-laptop,crate-mio-container-master
power_consumption,1705304900073000000,1.3946449105936702,paolo-laptop,crate-mio-container-master
power_consumption,1705304901076000000,7.407039918814641,paolo-laptop,crate-mio-container-master
power_consumption,1705304902078000000,10.680138632549177,paolo-laptop,crate-mio-container-master
power_consumption,1705304903081000000,3.749511089758155,paolo-laptop,crate-mio-container-master
power_consumption,1705304905087000000,3.9079338393887717,paolo-laptop,crate-mio-container-master
power_consumption,1705304906093000000,2.6016344618231333,paolo-laptop,crate-mio-container-master
power_consumption,1705304907100000000,5.218787109408568,paolo-laptop,crate-mio-container-master
power_consumption,1705304908102000000,4.927485943746303,paolo-laptop,crate-mio-container-master
power_consumption,1705304909108000000,5.1857852405996745,paolo-laptop,crate-mio-container-master
power_consumption,1705304910116000000,5.821989872272406,paolo-laptop,crate-mio-container-master
power_consumption,1705304911126000000,8.244342753157639,paolo-laptop,crate-mio-container-master
power_consumption,1705304912130000000,5.865591468620497,paolo-laptop,crate-mio-container-master
power_consumption,1705304913132000000,2.61464900013449,paolo-laptop,crate-mio-container-master
power_consumption,1705304914136000000,5.3884231819192365,paolo-laptop,crate-mio-container-master
power_consumption,1705304915138000000,3.5826592027222057,paolo-laptop,crate-mio-container-master
power_consumption,1705304916139000000,7.618447645969257,paolo-laptop,crate-mio-container-master
power_consumption,1705304917141000000,10.547591882429046,paolo-laptop,crate-mio-container-master
power_consumption,1705304918143000000,12.863575619494707,paolo-laptop,crate-mio-container-master
power_consumption,1705304919145000000,11.414909554668519,paolo-laptop,crate-mio-container-master
power_consumption,1705304920147000000,2.045423881202116,paolo-laptop,crate-mio-container-master
power_consumption,1705304921149000000,3.922535404483023,paolo-laptop,crate-mio-container-master
power_consumption,1705304922150000000,12.358117777378183,paolo-laptop,crate-mio-container-master
power_consumption,1705304923152000000,11.355170246774804,paolo-laptop,crate-mio-container-master
power_consumption,1705304924154000000,12.946725302112526,paolo-laptop,crate-mio-container-master
power_consumption,1705304925158000000,11.5561008390671,paolo-laptop,crate-mio-container-master
power_consumption,1705304926160000000,11.948142159903988,paolo-laptop,crate-mio-container-master
power_consumption,1705304927162000000,11.3323288170334,paolo-laptop,crate-mio-container-master
power_consumption,1705304928164000000,11.777027772322594,paolo-laptop,crate-mio-container-master
power_consumption,1705304929165000000,12.116320123276752,paolo-laptop,crate-mio-container-master
power_consumption,1705304930168000000,10.612499228352885,paolo-laptop,crate-mio-container-master
power_consumption,1705304931169000000,9.088000702803352,paolo-laptop,crate-mio-container-master
power_consumption,1705304932171000000,8.469226163013047,paolo-laptop,crate-mio-container-master
power_consumption,1705304933173000000,10.696297362559356,paolo-laptop,crate-mio-container-master
power_consumption,1705304934177000000,7.934859305804275,paolo-laptop,crate-mio-container-master
power_consumption,1705304935179000000,7.272643842791131,paolo-laptop,crate-mio-container-master
power_consumption,1705304936180000000,11.699829987962467,paolo-laptop,crate-mio-container-master
power_consumption,1705304937182000000,10.403467549372369,paolo-laptop,crate-mio-container-master
power_consumption,1705304938183000000,10.549814823676677,paolo-laptop,crate-mio-container-master
power_consumption,1705304939185000000,9.819624970918282,paolo-laptop,crate-mio-container-master
power_consumption,1705304940191000000,8.10199599265338,paolo-laptop,crate-mio-container-master
power_consumption,1705304942195000000,11.518924319822153,paolo-laptop,crate-mio-container-master
power_consumption,1705304943198000000,7.676047397332844,paolo-laptop,crate-mio-container-master
power_consumption,1705304945206000000,4.119317260647852,paolo-laptop,crate-mio-container-master
power_consumption,1705304946207000000,11.228972747418915,paolo-laptop,crate-mio-container-master
power_consumption,1705304947209000000,12.230979947820199,paolo-laptop,crate-mio-container-master
power_consumption,1705304948212000000,5.487330488392045,paolo-laptop,crate-mio-container-master
power_consumption,1705304949217000000,1.5671851760516589,paolo-laptop,crate-mio-container-master
power_consumption,1705304950220000000,4.4125004503387855,paolo-laptop,crate-mio-container-master
power_consumption,1705304951224000000,3.545469554744255,paolo-laptop,crate-mio-container-master
power_consumption,1705304952228000000,0.16994992923598232,paolo-laptop,crate-mio-container-master
power_consumption,1705304953230000000,5.3299947411600845,paolo-laptop,crate-mio-container-master
power_consumption,1705304954232000000,12.098739105018542,paolo-laptop,crate-mio-container-master
power_consumption,1705304955234000000,5.4526036450560085,paolo-laptop,crate-mio-container-master
power_consumption,1705304956235000000,3.281855536664098,paolo-laptop,crate-mio-container-master
power_consumption,1705304957237000000,9.271226005382786,paolo-laptop,crate-mio-container-master
power_consumption,1705304958240000000,11.442704573414847,paolo-laptop,crate-mio-container-master
power_consumption,1705304959242000000,8.29082608181277,paolo-laptop,crate-mio-container-master
power_consumption,1705304960244000000,12.238711782067586,paolo-laptop,crate-mio-container-master
power_consumption,1705304961246000000,10.238366306844894,paolo-laptop,crate-mio-container-master
power_consumption,1705304962249000000,10.427601088720284,paolo-laptop,crate-mio-container-master
power_consumption,1705304964253000000,5.287875729606241,paolo-laptop,crate-mio-container-master
power_consumption,1705304965254000000,8.399286011649396,paolo-laptop,crate-mio-container-master
power_consumption,1705304968259000000,1.0842252400733339,paolo-laptop,crate-mio-container-master
power_consumption,1705304969261000000,1.4679634468869622,paolo-laptop,crate-mio-container-master
power_consumption,1705304970263000000,11.251237265645504,paolo-laptop,crate-mio-container-master
power_consumption,1705304971265000000,10.802915342400407,paolo-laptop,crate-mio-container-master
power_consumption,1705304972268000000,10.741584157821372,paolo-laptop,crate-mio-container-master
power_consumption,1705304973270000000,10.731797310973672,paolo-laptop,crate-mio-container-master
power_consumption,1705304974273000000,10.394377906004241,paolo-laptop,crate-mio-container-master
power_consumption,1705304975277000000,2.5758026336278768,paolo-laptop,crate-mio-container-master
power_consumption,1705304976281000000,3.8132263768288976,paolo-laptop,crate-mio-container-master
power_consumption,1705304977283000000,5.840835371131217,paolo-laptop,crate-mio-container-master
power_consumption,1705304978287000000,4.372060696369368,paolo-laptop,crate-mio-container-master
power_consumption,1705304979292000000,5.16887973922049,paolo-laptop,crate-mio-container-master
power_consumption,1705304980296000000,5.053560368846464,paolo-laptop,crate-mio-container-master
power_consumption,1705304982306000000,5.586469897229741,paolo-laptop,crate-mio-container-master
power_consumption,1705304983308000000,5.482062854517024,paolo-laptop,crate-mio-container-master
power_consumption,1705304984312000000,1.72841298262516,paolo-laptop,crate-mio-container-master
power_consumption,1705304985317000000,6.500075065756416,paolo-laptop,crate-mio-container-master
power_consumption,1705304986319000000,5.277463354342962,paolo-laptop,crate-mio-container-master
power_consumption,1705304987323000000,3.406732247571689,paolo-laptop,crate-mio-container-master
power_consumption,1705304988326000000,6.8556981176144935,paolo-laptop,crate-mio-container-master
power_consumption,1705304989329000000,5.386242502103816,paolo-laptop,crate-mio-container-master
power_consumption,1705304990333000000,4.485781391247522,paolo-laptop,crate-mio-container-master
power_consumption,1705304991336000000,9.40918313826136,paolo-laptop,crate-mio-container-master
power_consumption,1705304993343000000,5.887703226819793,paolo-laptop,crate-mio-container-master
power_consumption,1705304994347000000,5.333170165869963,paolo-laptop,crate-mio-container-master
power_consumption,1705304995349000000,2.6509108511085686,paolo-laptop,crate-mio-container-master
power_consumption,1705304996352000000,2.8243477386508427,paolo-laptop,crate-mio-container-master
power_consumption,1705304997356000000,5.873875086314551,paolo-laptop,crate-mio-container-master
power_consumption,1705304998358000000,3.6862081713922064,paolo-laptop,crate-mio-container-master
power_consumption,1705304999361000000,7.874329062381297,paolo-laptop,crate-mio-container-master
power_consumption,1705305000363000000,4.681172893314188,paolo-laptop,crate-mio-container-master
power_consumption,1705305001367000000,1.149946899299894,paolo-laptop,crate-mio-container-master
power_consumption,1705305002372000000,5.044951578648294,paolo-laptop,crate-mio-container-master
power_consumption,1705305003374000000,10.331340589155733,paolo-laptop,crate-mio-container-master
power_consumption,1705305004376000000,11.972215624698514,paolo-laptop,crate-mio-container-master
power_consumption,1705305005378000000,2.060535795225358,paolo-laptop,crate-mio-container-master
power_consumption,1705305006381000000,5.463169917396872,paolo-laptop,crate-mio-container-master
power_consumption,1705305007383000000,12.708018903411462,paolo-laptop,crate-mio-container-master
power_consumption,1705305008385000000,13.52267522727708,paolo-laptop,crate-mio-container-master
power_consumption,1705305009387000000,4.1279664474719056,paolo-laptop,crate-mio-container-master
power_consumption,1705305010390000000,5.508510734771579,paolo-laptop,crate-mio-container-master
power_consumption,1705305011392000000,8.604457429225954,paolo-laptop,crate-mio-container-master
power_consumption,1705305012394000000,9.738199445823035,paolo-laptop,crate-mio-container-master
power_consumption,1705305013397000000,7.485591403672499,paolo-laptop,crate-mio-container-master
power_consumption,1705305014400000000,3.9966817956190677,paolo-laptop,crate-mio-container-master
power_consumption,1705305015402000000,8.296600892497214,paolo-laptop,crate-mio-container-master
power_consumption,1705305016407000000,12.561486899562425,paolo-laptop,crate-mio-container-master
power_consumption,1705305017408000000,2.280500538343469,paolo-laptop,crate-mio-container-master
power_consumption,1705305018409000000,2.3096828566837324,paolo-laptop,crate-mio-container-master
power_consumption,1705305019411000000,0.6306358644516276,paolo-laptop,crate-mio-container-master
power_consumption,1705305020413000000,11.688880947835303,paolo-laptop,crate-mio-container-master
power_consumption,1705305021416000000,3.1443069512497583,paolo-laptop,crate-mio-container-master
power_consumption,1705305022420000000,1.597075678029894,paolo-laptop,crate-mio-container-master
power_consumption,1705305023422000000,5.473669803910391,paolo-laptop,crate-mio-container-master
power_consumption,1705305024423000000,1.9232895992779895,paolo-laptop,crate-mio-container-master
power_consumption,1705305025425000000,0.8722211835780961,paolo-laptop,crate-mio-container-master
power_consumption,1705305026426000000,5.994777683550152,paolo-laptop,crate-mio-container-master
power_consumption,1705305027428000000,2.2753756768360707,paolo-laptop,crate-mio-container-master
power_consumption,1705305028430000000,12.311137649114121,paolo-laptop,crate-mio-container-master
power_consumption,1705305032436000000,13.69254850764544,paolo-laptop,crate-mio-container-master
power_consumption,1705305033439000000,12.210581373508967,paolo-laptop,crate-mio-container-master
power_consumption,1705305034442000000,2.0432915013320114,paolo-laptop,crate-mio-container-master
power_consumption,1705305035446000000,0.6336737400897495,paolo-laptop,crate-mio-container-master
power_consumption,1705305036448000000,5.026580530523711,paolo-laptop,crate-mio-container-master
power_consumption,1705305037451000000,10.101593992316861,paolo-laptop,crate-mio-container-master
power_consumption,1705305038453000000,13.615863513249206,paolo-laptop,crate-mio-container-master
power_consumption,1705305039456000000,12.56755050747705,paolo-laptop,crate-mio-container-master
power_consumption,1705305040458000000,2.353550566566809,paolo-laptop,crate-mio-container-master
power_consumption,1705305043484000000,0.6584613141230163,paolo-laptop,crate-mio-container-master
power_consumption,1705305044490000000,0.8009069143280996,paolo-laptop,crate-mio-container-master
power_consumption,1705305045497000000,0.6782595921572335,paolo-laptop,crate-mio-container-master
power_consumption,1705305047505000000,0.8114280103634072,paolo-laptop,crate-mio-container-master
power_consumption,1705305049513000000,0.788907393114563,paolo-laptop,crate-mio-container-master
power_consumption,1705305056541000000,1.3539462042748938,paolo-laptop,crate-mio-container-master
power_consumption,1705305057545000000,1.3224458533234402,paolo-laptop,crate-mio-container-master
power_consumption,1705305059553000000,0.9921003435578705,paolo-laptop,crate-mio-container-master
power_consumption,1705305060558000000,1.695737331830806,paolo-laptop,crate-mio-container-master
power_consumption,1705305061562000000,1.6223932943832478,paolo-laptop,crate-mio-container-master
power_consumption,1705305062566000000,1.2465607558833063,paolo-laptop,crate-mio-container-master
power_consumption,1705305063570000000,1.0377644377815978,paolo-laptop,crate-mio-container-master
power_consumption,1705305064574000000,1.4170199361160312,paolo-laptop,crate-mio-container-master
power_consumption,1705305065578000000,1.3724098670301448,paolo-laptop,crate-mio-container-master
power_consumption,1705305066584000000,1.6297277885948194,paolo-laptop,crate-mio-container-master
power_consumption,1705305067588000000,1.2819693434095467,paolo-laptop,crate-mio-container-master
power_consumption,1705305068592000000,1.3657799497359149,paolo-laptop,crate-mio-container-master
power_consumption,1705305070600000000,1.4800156242691382,paolo-laptop,crate-mio-container-master
power_consumption,1705305071604000000,1.0661235371232907,paolo-laptop,crate-mio-container-master
power_consumption,1705305072610000000,1.484018151821782,paolo-laptop,crate-mio-container-master
power_consumption,1705305073612000000,1.389347362293096,paolo-laptop,crate-mio-container-master
power_consumption,1705305074613000000,0.687856945494924,paolo-laptop,crate-mio-container-master
power_consumption,1705305075614000000,1.4213801342931218,paolo-laptop,crate-mio-container-master
power_consumption,1705305076616000000,1.2308014846283148,paolo-laptop,crate-mio-container-master
power_consumption,1705305077617000000,0.681307069683166,paolo-laptop,crate-mio-container-master
power_consumption,1705305078618000000,1.331285214508987,paolo-laptop,crate-mio-container-master
power_consumption,1705305079620000000,1.1463067801737958,paolo-laptop,crate-mio-container-master
power_consumption,1705305080624000000,1.2641665926712164,paolo-laptop,crate-mio-container-master
power_consumption,1705305081631000000,0.8249657137446629,paolo-laptop,crate-mio-container-master
power_consumption,1705305082635000000,1.327284678955838,paolo-laptop,crate-mio-container-master
power_consumption,1705305083637000000,1.1648507844197236,paolo-laptop,crate-mio-container-master
power_consumption,1705305084641000000,1.5968862741665748,paolo-laptop,crate-mio-container-master
power_consumption,1705305085642000000,0.6881379362852705,paolo-laptop,crate-mio-container-master
power_consumption,1705305086647000000,1.4500200762124387,paolo-laptop,crate-mio-container-master
power_consumption,1705305087650000000,0.7426348108464934,paolo-laptop,crate-mio-container-master
power_consumption,1705305088656000000,0.658724074467691,paolo-laptop,crate-mio-container-master
power_consumption,1705305089660000000,1.3783963783055004,paolo-laptop,crate-mio-container-master
power_consumption,1705305090664000000,0.6319026681014894,paolo-laptop,crate-mio-container-master
power_consumption,1705305091668000000,1.3986327228927993,paolo-laptop,crate-mio-container-master
power_consumption,1705305092672000000,1.1899272637687084,paolo-laptop,crate-mio-container-master
power_consumption,1705305093676000000,1.2740056207631016,paolo-laptop,crate-mio-container-master
power_consumption,1705305094679000000,1.423955409868529,paolo-laptop,crate-mio-container-master
power_consumption,1705305095683000000,0.9458226911928074,paolo-laptop,crate-mio-container-master
power_consumption,1705305096688000000,1.365423763257046,paolo-laptop,crate-mio-container-master
power_consumption,1705305097694000000,1.2322538801240337,paolo-laptop,crate-mio-container-master
power_consumption,1705305098699000000,1.147751650444769,paolo-laptop,crate-mio-container-master
power_consumption,1705305099701000000,8.877468190700835,paolo-laptop,crate-mio-container-master
power_consumption,1705305100703000000,5.951888609875295,paolo-laptop,crate-mio-container-master
power_consumption,1705305101704000000,10.005947091120598,paolo-laptop,crate-mio-container-master
power_consumption,1705305102706000000,9.149650937333517,paolo-laptop,crate-mio-container-master
power_consumption,1705305103710000000,2.3758572734840815,paolo-laptop,crate-mio-container-master
power_consumption,1705305104714000000,4.8402524431956735,paolo-laptop,crate-mio-container-master
power_consumption,1705305105718000000,2.9214143459743473,paolo-laptop,crate-mio-container-master
power_consumption,1705305106724000000,4.637856080868233,paolo-laptop,crate-mio-container-master
power_consumption,1705305107726000000,10.664146126509351,paolo-laptop,crate-mio-container-master
power_consumption,1705305108730000000,9.597296033542658,paolo-laptop,crate-mio-container-master
power_consumption,1705305109733000000,2.5157354384982296,paolo-laptop,crate-mio-container-master
power_consumption,1705305110734000000,2.073892693117779,paolo-laptop,crate-mio-container-master
power_consumption,1705305111739000000,10.420829438868953,paolo-laptop,crate-mio-container-master
power_consumption,1705305112742000000,2.4693667096983773,paolo-laptop,crate-mio-container-master
power_consumption,1705305113744000000,2.9371926457365967,paolo-laptop,crate-mio-container-master
power_consumption,1705305114745000000,11.698235562844431,paolo-laptop,crate-mio-container-master
power_consumption,1705305115747000000,12.119450840975182,paolo-laptop,crate-mio-container-master
power_consumption,1705305116751000000,11.005836493231216,paolo-laptop,crate-mio-container-master
power_consumption,1705305117753000000,1.517527954662579,paolo-laptop,crate-mio-container-master
power_consumption,1705305118755000000,11.584382774020572,paolo-laptop,crate-mio-container-master
power_consumption,1705305119757000000,2.0597078348725635,paolo-laptop,crate-mio-container-master
power_consumption,1705305120759000000,11.628474144213868,paolo-laptop,crate-mio-container-master
power_consumption,1705305121760000000,11.755195407584651,paolo-laptop,crate-mio-container-master
power_consumption,1705305122762000000,12.187051390365529,paolo-laptop,crate-mio-container-master
power_consumption,1705305123764000000,11.37143667187254,paolo-laptop,crate-mio-container-master
power_consumption,1705305124766000000,11.448948160264269,paolo-laptop,crate-mio-container-master
power_consumption,1705305125769000000,0.8534185059432947,paolo-laptop,crate-mio-container-master
power_consumption,1705305126770000000,8.418614464619072,paolo-laptop,crate-mio-container-master
power_consumption,1705305127774000000,3.3249441720576987,paolo-laptop,crate-mio-container-master
power_consumption,1705305128777000000,7.0838421324273115,paolo-laptop,crate-mio-container-master
power_consumption,1705305129779000000,12.217162265968676,paolo-laptop,crate-mio-container-master
power_consumption,1705305130781000000,11.724395628610543,paolo-laptop,crate-mio-container-master
power_consumption,1705305131784000000,11.897004275030856,paolo-laptop,crate-mio-container-master
power_consumption,1705305132786000000,11.22511200967535,paolo-laptop,crate-mio-container-master
power_consumption,1705305133792000000,11.480128301601717,paolo-laptop,crate-mio-container-master
power_consumption,1705305134797000000,11.33195567435229,paolo-laptop,crate-mio-container-master
power_consumption,1705305135802000000,11.550221487395854,paolo-laptop,crate-mio-container-master
power_consumption,1705305136808000000,11.965004291509423,paolo-laptop,crate-mio-container-master
power_consumption,1705305137810000000,12.22280555905741,paolo-laptop,crate-mio-container-master
power_consumption,1705305138812000000,10.791777161076258,paolo-laptop,crate-mio-container-master
power_consumption,1705305139815000000,10.411289791888297,paolo-laptop,crate-mio-container-master
power_consumption,1705305140817000000,10.676071892826837,paolo-laptop,crate-mio-container-master
power_consumption,1705305141819000000,11.378623567175694,paolo-laptop,crate-mio-container-master
power_consumption,1705305142825000000,11.322562804632852,paolo-laptop,crate-mio-container-master
power_consumption,1705305143827000000,11.202988673141299,paolo-laptop,crate-mio-container-master
power_consumption,1705305144829000000,11.858968146283775,paolo-laptop,crate-mio-container-master
power_consumption,1705305145832000000,11.78829500269243,paolo-laptop,crate-mio-container-master
power_consumption,1705305146834000000,11.666094906755035,paolo-laptop,crate-mio-container-master
power_consumption,1705305147837000000,7.880756618815854,paolo-laptop,crate-mio-container-master
power_consumption,1705305148839000000,2.841006422506838,paolo-laptop,crate-mio-container-master
power_consumption,1705305149841000000,1.7398722405998797,paolo-laptop,crate-mio-container-master
power_consumption,1705305150844000000,13.206286243803678,paolo-laptop,crate-mio-container-master
power_consumption,1705305151846000000,13.505672702937126,paolo-laptop,crate-mio-container-master
power_consumption,1705305152848000000,13.016332493304155,paolo-laptop,crate-mio-container-master
power_consumption,1705305153851000000,15.8158244999115,paolo-laptop,crate-mio-container-master
power_consumption,1705305154853000000,13.155333411512391,paolo-laptop,crate-mio-container-master
power_consumption,1705305155855000000,13.42585388250767,paolo-laptop,crate-mio-container-master
power_consumption,1705305156857000000,15.431325087068519,paolo-laptop,crate-mio-container-master
power_consumption,1705305157862000000,10.390857712640889,paolo-laptop,crate-mio-container-master
power_consumption,1705305158864000000,3.906156888063923,paolo-laptop,crate-mio-container-master
power_consumption,1705305159867000000,5.293065489307597,paolo-laptop,crate-mio-container-master
power_consumption,1705305160873000000,10.175300253736225,paolo-laptop,crate-mio-container-master
power_consumption,1705305161878000000,2.0034846917201303,paolo-laptop,crate-mio-container-master
power_consumption,1705305162880000000,6.601024078726579,paolo-laptop,crate-mio-container-master
power_consumption,1705305163881000000,2.29052087530339,paolo-laptop,crate-mio-container-master
power_consumption,1705305164885000000,9.258327956061997,paolo-laptop,crate-mio-container-master
power_consumption,1705305165886000000,1.595654113570383,paolo-laptop,crate-mio-container-master
power_consumption,1705305166890000000,0.5883689362225341,paolo-laptop,crate-mio-container-master
power_consumption,1705305167893000000,11.424743783031657,paolo-laptop,crate-mio-container-master
power_consumption,1705305168895000000,0.946701472597014,paolo-laptop,crate-mio-container-master
power_consumption,1705305169899000000,1.821484476606146,paolo-laptop,crate-mio-container-master
power_consumption,1705305170901000000,9.831086551500078,paolo-laptop,crate-mio-container-master
power_consumption,1705305171903000000,11.706894316069128,paolo-laptop,crate-mio-container-master
power_consumption,1705305172906000000,5.976212695181919,paolo-laptop,crate-mio-container-master
power_consumption,1705305173910000000,2.4767130299123177,paolo-laptop,crate-mio-container-master
power_consumption,1705305174912000000,2.2764949409270776,paolo-laptop,crate-mio-container-master
power_consumption,1705305175914000000,11.429713533260788,paolo-laptop,crate-mio-container-master
power_consumption,1705305176916000000,9.9191414150271,paolo-laptop,crate-mio-container-master
power_consumption,1705305177918000000,11.476192039079537,paolo-laptop,crate-mio-container-master
power_consumption,1705305178923000000,0.5061787368047177,paolo-laptop,crate-mio-container-master
power_consumption,1705305179928000000,4.547290714011187,paolo-laptop,crate-mio-container-master
power_consumption,1705305180931000000,5.81463437373154,paolo-laptop,crate-mio-container-master
power_consumption,1705305181933000000,2.61544586752278,paolo-laptop,crate-mio-container-master
power_consumption,1705305182935000000,10.791356355228277,paolo-laptop,crate-mio-container-master
power_consumption,1705305183939000000,6.935986990950002,paolo-laptop,crate-mio-container-master
power_consumption,1705305184942000000,2.8129085871906665,paolo-laptop,crate-mio-container-master
power_consumption,1705305185946000000,3.0524226167680544,paolo-laptop,crate-mio-container-master
power_consumption,1705305186948000000,6.339696382685121,paolo-laptop,crate-mio-container-master
power_consumption,1705305187952000000,4.581356147854651,paolo-laptop,crate-mio-container-master
power_consumption,1705305188954000000,3.627865735761327,paolo-laptop,crate-mio-container-master
power_consumption,1705305189958000000,2.3718844878827516,paolo-laptop,crate-mio-container-master
power_consumption,1705305190959000000,8.686690647025312,paolo-laptop,crate-mio-container-master
power_consumption,1705305191964000000,5.161004318864512,paolo-laptop,crate-mio-container-master
power_consumption,1705305192965000000,3.882798105903165,paolo-laptop,crate-mio-container-master
power_consumption,1705305193969000000,3.6483825987964162,paolo-laptop,crate-mio-container-master
power_consumption,1705305194971000000,6.153962407547088,paolo-laptop,crate-mio-container-master
power_consumption,1705305195975000000,5.861605178101768,paolo-laptop,crate-mio-container-master
power_consumption,1705305196977000000,7.913369771405777,paolo-laptop,crate-mio-container-master
power_consumption,1705305197981000000,1.2306485091921808,paolo-laptop,crate-mio-container-master
power_consumption,1705305198983000000,8.139456857719575,paolo-laptop,crate-mio-container-master
power_consumption,1705305199987000000,4.318512026580852,paolo-laptop,crate-mio-container-master
power_consumption,1705305200992000000,2.5874886246131323,paolo-laptop,crate-mio-container-master
power_consumption,1705305201994000000,4.396913588749744,paolo-laptop,crate-mio-container-master
power_consumption,1705305202997000000,7.48475268636896,paolo-laptop,crate-mio-container-master
power_consumption,1705305203999000000,6.392326464309255,paolo-laptop,crate-mio-container-master
power_consumption,1705305205001000000,2.3140218263997023,paolo-laptop,crate-mio-container-master
power_consumption,1705305206002000000,7.547049139926025,paolo-laptop,crate-mio-container-master
power_consumption,1705305207004000000,1.0244024964855027,paolo-laptop,crate-mio-container-master
power_consumption,1705305208006000000,2.4880360226394034,paolo-laptop,crate-mio-container-master
power_consumption,1705305209008000000,8.98895007335898,paolo-laptop,crate-mio-container-master
power_consumption,1705305210010000000,1.0927156278095427,paolo-laptop,crate-mio-container-master
power_consumption,1705305211011000000,9.440211036648329,paolo-laptop,crate-mio-container-master
power_consumption,1705305212013000000,6.309955165690694,paolo-laptop,crate-mio-container-master
power_consumption,1705305213016000000,3.0504427688076463,paolo-laptop,crate-mio-container-master
power_consumption,1705305214018000000,5.7251487021484415,paolo-laptop,crate-mio-container-master
power_consumption,1705305215020000000,1.4069464979019008,paolo-laptop,crate-mio-container-master
power_consumption,1705305216025000000,2.810405088851703,paolo-laptop,crate-mio-container-master
power_consumption,1705305217031000000,6.886558923210373,paolo-laptop,crate-mio-container-master
power_consumption,1705305218033000000,1.0114650723946381,paolo-laptop,crate-mio-container-master
power_consumption,1705305219035000000,6.608632965920332,paolo-laptop,crate-mio-container-master
power_consumption,1705305220036000000,4.327739309930416,paolo-laptop,crate-mio-container-master
power_consumption,1705305221041000000,1.1681631711606302,paolo-laptop,crate-mio-container-master
power_consumption,1705305222045000000,12.1973262361525,paolo-laptop,crate-mio-container-master
power_consumption,1705305223047000000,11.857422068487871,paolo-laptop,crate-mio-container-master
power_consumption,1705305224048000000,8.603218044917423,paolo-laptop,crate-mio-container-master
power_consumption,1705305225050000000,6.820999669713593,paolo-laptop,crate-mio-container-master
power_consumption,1705305226052000000,5.8916140623917475,paolo-laptop,crate-mio-container-master
power_consumption,1705305228057000000,3.035114049482037,paolo-laptop,crate-mio-container-master
power_consumption,1705305229062000000,2.2582343747562765,paolo-laptop,crate-mio-container-master
power_consumption,1705305230064000000,7.199817972185083,paolo-laptop,crate-mio-container-master
power_consumption,1705305231068000000,0.8388456721158662,paolo-laptop,crate-mio-container-master
power_consumption,1705305232072000000,1.6647928280572493,paolo-laptop,crate-mio-container-master
power_consumption,1705305233075000000,8.56560082235079,paolo-laptop,crate-mio-container-master
power_consumption,1705305234077000000,2.9437880001169994,paolo-laptop,crate-mio-container-master
power_consumption,1705305235081000000,2.735298716454308,paolo-laptop,crate-mio-container-master
power_consumption,1705305236085000000,3.022333167526644,paolo-laptop,crate-mio-container-master
power_consumption,1705305237086000000,7.569313280088664,paolo-laptop,crate-mio-container-master
power_consumption,1705305238090000000,8.77876200396069,paolo-laptop,crate-mio-container-master
power_consumption,1705305239092000000,5.131826646522474,paolo-laptop,crate-mio-container-master
power_consumption,1705305240096000000,7.043752543959038,paolo-laptop,crate-mio-container-master
power_consumption,1705305241099000000,0.11541769691843382,paolo-laptop,crate-mio-container-master
power_consumption,1705305242103000000,0.7830354304629328,paolo-laptop,crate-mio-container-master
power_consumption,1705305243105000000,7.163069287059829,paolo-laptop,crate-mio-container-master
power_consumption,1705305244110000000,4.7266510571918445,paolo-laptop,crate-mio-container-master
power_consumption,1705305245115000000,5.950173588583035,paolo-laptop,crate-mio-container-master
power_consumption,1705305246117000000,6.516978652064187,paolo-laptop,crate-mio-container-master
power_consumption,1705305247121000000,3.3003228547889205,paolo-laptop,crate-mio-container-master
power_consumption,1705305248125000000,1.5661151765361678,paolo-laptop,crate-mio-container-master
power_consumption,1705305249130000000,0.3747081140450233,paolo-laptop,crate-mio-container-master
power_consumption,1705305250132000000,0.6049697912782925,paolo-laptop,crate-mio-container-master
power_consumption,1705305251136000000,0.6644478841795205,paolo-laptop,crate-mio-container-master
power_consumption,1705305252139000000,1.4071515169116742,paolo-laptop,crate-mio-container-master
power_consumption,1705305253143000000,0.24523862573912586,paolo-laptop,crate-mio-container-master
power_consumption,1705305254147000000,0.8549246065893992,paolo-laptop,crate-mio-container-master
power_consumption,1705305255151000000,0.28529761920903446,paolo-laptop,crate-mio-container-master
power_consumption,1705305256155000000,0.9166539796070017,paolo-laptop,crate-mio-container-master
power_consumption,1705305257157000000,6.122394505023391,paolo-laptop,crate-mio-container-master
power_consumption,1705305258158000000,8.647258492997562,paolo-laptop,crate-mio-container-master
power_consumption,1705305259159000000,9.242511353592167,paolo-laptop,crate-mio-container-master
power_consumption,1705305260161000000,2.8087742612166915,paolo-laptop,crate-mio-container-master
power_consumption,1705305261164000000,7.359455726390615,paolo-laptop,crate-mio-container-master
power_consumption,1705305262167000000,6.4069279624420785,paolo-laptop,crate-mio-container-master
power_consumption,1705305263170000000,8.945239615563107,paolo-laptop,crate-mio-container-master
power_consumption,1705305264172000000,7.484242212793077,paolo-laptop,crate-mio-container-master
power_consumption,1705305265174000000,10.332986350970144,paolo-laptop,crate-mio-container-master
power_consumption,1705305266178000000,1.8522517712668487,paolo-laptop,crate-mio-container-master
power_consumption,1705305267182000000,5.373699034798089,paolo-laptop,crate-mio-container-master
power_consumption,1705305268186000000,0.010144380448953008,paolo-laptop,crate-mio-container-master
power_consumption,1705305269188000000,2.8662695734332218,paolo-laptop,crate-mio-container-master
power_consumption,1705305270190000000,8.536830290009835,paolo-laptop,crate-mio-container-master
power_consumption,1705305271192000000,3.7779378875747445,paolo-laptop,crate-mio-container-master
power_consumption,1705305272194000000,5.124223873501555,paolo-laptop,crate-mio-container-master
power_consumption,1705305273196000000,7.093907183975336,paolo-laptop,crate-mio-container-master
power_consumption,1705305274198000000,8.987776416810863,paolo-laptop,crate-mio-container-master
power_consumption,1705305275200000000,10.225946207141547,paolo-laptop,crate-mio-container-master
power_consumption,1705305276201000000,9.744875400534653,paolo-laptop,crate-mio-container-master
power_consumption,1705305277202000000,2.233944157449074,paolo-laptop,crate-mio-container-master
power_consumption,1705305278204000000,2.813923220129456,paolo-laptop,crate-mio-container-master
power_consumption,1705305279205000000,5.603312075633152,paolo-laptop,crate-mio-container-master
power_consumption,1705305281212000000,4.97974338131348,paolo-laptop,crate-mio-container-master
power_consumption,1705305282214000000,12.562810180508084,paolo-laptop,crate-mio-container-master
power_consumption,1705305283216000000,12.237817613467591,paolo-laptop,crate-mio-container-master
power_consumption,1705305284219000000,13.307154673554464,paolo-laptop,crate-mio-container-master
power_consumption,1705305285221000000,12.81999094474115,paolo-laptop,crate-mio-container-master
power_consumption,1705305286223000000,14.11621713437113,paolo-laptop,crate-mio-container-master
power_consumption,1705305287227000000,8.599952088358808,paolo-laptop,crate-mio-container-master
power_consumption,1705305288230000000,2.9731938882756452,paolo-laptop,crate-mio-container-master
power_consumption,1705305289234000000,1.7438897134068752,paolo-laptop,crate-mio-container-master
power_consumption,1705305290237000000,0.6612520755713145,paolo-laptop,crate-mio-container-master
power_consumption,1705305291241000000,0.4555275250887504,paolo-laptop,crate-mio-container-master
power_consumption,1705305292244000000,5.727338475968373,paolo-laptop,crate-mio-container-master
power_consumption,1705305293245000000,15.71069674618803,paolo-laptop,crate-mio-container-master
power_consumption,1705305294249000000,9.499028639588136,paolo-laptop,crate-mio-container-master
power_consumption,1705305295252000000,0.20397204075712447,paolo-laptop,crate-mio-container-master
power_consumption,1705305296256000000,0.11528992216085882,paolo-laptop,crate-mio-container-master
power_consumption,1705305297259000000,0.20628822978173975,paolo-laptop,crate-mio-container-master
power_consumption,1705305298262000000,2.418960946393416,paolo-laptop,crate-mio-container-master
power_consumption,1705305299265000000,0.7285012369844673,paolo-laptop,crate-mio-container-master
power_consumption,1705305300269000000,1.6918731828343334,paolo-laptop,crate-mio-container-master
power_consumption,1705305301273000000,0.09135911373684813,paolo-laptop,crate-mio-container-master
power_consumption,1705305302277000000,2.4269445538153978,paolo-laptop,crate-mio-container-master
power_consumption,1705305303279000000,2.0080437006389515,paolo-laptop,crate-mio-container-master
power_consumption,1705305304283000000,3.7568821185713195,paolo-laptop,crate-mio-container-master
power_consumption,1705305305285000000,0.5847010997027655,paolo-laptop,crate-mio-container-master
power_consumption,1705305306289000000,1.1600827743328097,paolo-laptop,crate-mio-container-master
power_consumption,1705305307293000000,0.3348449271054213,paolo-laptop,crate-mio-container-master
power_consumption,1705305308297000000,3.5457738144450257,paolo-laptop,crate-mio-container-master
power_consumption,1705305309301000000,0.5798514838676518,paolo-laptop,crate-mio-container-master
power_consumption,1705305310305000000,0.4986333082637498,paolo-laptop,crate-mio-container-master
power_consumption,1705305311310000000,0.14659919753640946,paolo-laptop,crate-mio-container-master
power_consumption,1705305312314000000,0.178062456699104,paolo-laptop,crate-mio-container-master
power_consumption,1705305313317000000,0.12198213823121563,paolo-laptop,crate-mio-container-master
power_consumption,1705305314321000000,0.1588462822726551,paolo-laptop,crate-mio-container-master
power_consumption,1705305315325000000,0.5936223969356256,paolo-laptop,crate-mio-container-master
power_consumption,1705305316329000000,1.8698887267058324,paolo-laptop,crate-mio-container-master
power_consumption,1705305317331000000,9.479028657942788,paolo-laptop,crate-mio-container-master
power_consumption,1705305318335000000,1.5363220851905106,paolo-laptop,crate-mio-container-master
power_consumption,1705305319340000000,2.948746760685389,paolo-laptop,crate-mio-container-master
power_consumption,1705305320345000000,2.780995635826986,paolo-laptop,crate-mio-container-master
power_consumption,1705305321347000000,6.667566554724383,paolo-laptop,crate-mio-container-master
power_consumption,1705305322352000000,2.7778158130596102,paolo-laptop,crate-mio-container-master
power_consumption,1705305323354000000,10.378778250470829,paolo-laptop,crate-mio-container-master
power_consumption,1705305324355000000,11.794212192608281,paolo-laptop,crate-mio-container-master
power_consumption,1705305325359000000,7.623523137867102,paolo-laptop,crate-mio-container-master
power_consumption,1705305326360000000,4.019393513018342,paolo-laptop,crate-mio-container-master
power_consumption,1705305327362000000,11.072448941624097,paolo-laptop,crate-mio-container-master
power_consumption,1705305328363000000,5.976518251092769,paolo-laptop,crate-mio-container-master
power_consumption,1705305329365000000,2.187642248661011,paolo-laptop,crate-mio-container-master
power_consumption,1705305330366000000,3.8368389907157385,paolo-laptop,crate-mio-container-master
power_consumption,1705305331367000000,6.822053888323367,paolo-laptop,crate-mio-container-master
power_consumption,1705305332369000000,1.1327218465663118,paolo-laptop,crate-mio-container-master
power_consumption,1705305333370000000,4.011371768616736,paolo-laptop,crate-mio-container-master
power_consumption,1705305334371000000,1.800875314903628,paolo-laptop,crate-mio-container-master
power_consumption,1705305335373000000,6.9267662303131265,paolo-laptop,crate-mio-container-master
power_consumption,1705305336376000000,4.8029355734017365,paolo-laptop,crate-mio-container-master
power_consumption,1705305337378000000,10.529098652185038,paolo-laptop,crate-mio-container-master
power_consumption,1705305338382000000,7.02067181344094,paolo-laptop,crate-mio-container-master
power_consumption,1705305339384000000,4.053832436034836,paolo-laptop,crate-mio-container-master
power_consumption,1705305340390000000,4.914044364062286,paolo-laptop,crate-mio-container-master
power_consumption,1705305341397000000,5.6632381692318265,paolo-laptop,crate-mio-container-master
power_consumption,1705305342399000000,6.5878318692278,paolo-laptop,crate-mio-container-master
power_consumption,1705305343405000000,7.319875479280124,paolo-laptop,crate-mio-container-master
power_consumption,1705305344407000000,5.236435020889818,paolo-laptop,crate-mio-container-master
power_consumption,1705305345408000000,6.1548297889013295,paolo-laptop,crate-mio-container-master
power_consumption,1705305346410000000,5.106548983951984,paolo-laptop,crate-mio-container-master
power_consumption,1705305347412000000,5.013832477728304,paolo-laptop,crate-mio-container-master
power_consumption,1705305348415000000,6.342055176203841,paolo-laptop,crate-mio-container-master
power_consumption,1705305349418000000,12.760777102954059,paolo-laptop,crate-mio-container-master
power_consumption,1705305350423000000,7.71109899715947,paolo-laptop,crate-mio-container-master
power_consumption,1705305351426000000,9.28647089701445,paolo-laptop,crate-mio-container-master
power_consumption,1705305352429000000,9.61636086185739,paolo-laptop,crate-mio-container-master
power_consumption,1705305353431000000,11.75548962564703,paolo-laptop,crate-mio-container-master
power_consumption,1705305354435000000,9.150090324040644,paolo-laptop,crate-mio-container-master
power_consumption,1705305355440000000,5.280992819511393,paolo-laptop,crate-mio-container-master
power_consumption,1705305356444000000,1.408889823515767,paolo-laptop,crate-mio-container-master
power_consumption,1705305357447000000,4.3404861346550145,paolo-laptop,crate-mio-container-master
power_consumption,1705305358450000000,6.765653843155503,paolo-laptop,crate-mio-container-master
power_consumption,1705305359454000000,6.496437703694064,paolo-laptop,crate-mio-container-master
power_consumption,1705305360458000000,3.8290551352181157,paolo-laptop,crate-mio-container-master
power_consumption,1705305361460000000,8.358176861497617,paolo-laptop,crate-mio-container-master
power_consumption,1705305362464000000,7.9410171782214505,paolo-laptop,crate-mio-container-master
power_consumption,1705305363465000000,5.5656727008677205,paolo-laptop,crate-mio-container-master
power_consumption,1705305364471000000,8.203841386393075,paolo-laptop,crate-mio-container-master
power_consumption,1705305365473000000,10.388047994134418,paolo-laptop,crate-mio-container-master
power_consumption,1705305366474000000,11.713175989237158,paolo-laptop,crate-mio-container-master
power_consumption,1705305367479000000,9.619809954352977,paolo-laptop,crate-mio-container-master
power_consumption,1705305368481000000,1.1285213121070654,paolo-laptop,crate-mio-container-master
power_consumption,1705305369483000000,6.432115508491137,paolo-laptop,crate-mio-container-master
power_consumption,1705305370484000000,9.166141581722908,paolo-laptop,crate-mio-container-master
power_consumption,1705305371486000000,6.695966229804145,paolo-laptop,crate-mio-container-master
power_consumption,1705305372487000000,7.0615546659909,paolo-laptop,crate-mio-container-master
power_consumption,1705305373489000000,9.306633268179993,paolo-laptop,crate-mio-container-master
power_consumption,1705305374491000000,6.427681589316909,paolo-laptop,crate-mio-container-master
power_consumption,1705305375493000000,10.829530836601315,paolo-laptop,crate-mio-container-master
power_consumption,1705305376496000000,9.77744582283757,paolo-laptop,crate-mio-container-master
power_consumption,1705305377502000000,7.535717745363932,paolo-laptop,crate-mio-container-master
power_consumption,1705305378505000000,9.585012063145527,paolo-laptop,crate-mio-container-master
power_consumption,1705305379509000000,2.958250831926136,paolo-laptop,crate-mio-container-master
power_consumption,1705305380511000000,4.170872173105196,paolo-laptop,crate-mio-container-master
