name,time,power,sensor,target
power_consumption,1705304360622000000,0.010504455248285832,paolo-laptop,influx_dest
power_consumption,1705304361626000000,0.006072414237450171,paolo-laptop,influx_dest
power_consumption,1705304363634000000,0.004493523456729047,paolo-laptop,influx_dest
power_consumption,1705304365637000000,0.004645737573886925,paolo-laptop,influx_dest
power_consumption,1705304366639000000,0.006352551194478765,paolo-laptop,influx_dest
power_consumption,1705304367641000000,0.006739774043814805,paolo-laptop,influx_dest
power_consumption,1705304368642000000,0.006348549273499988,paolo-laptop,influx_dest
power_consumption,1705304369644000000,0.004241305059134603,paolo-laptop,influx_dest
power_consumption,1705304370646000000,0.012392428280163861,paolo-laptop,influx_dest
power_consumption,1705304371648000000,0.00546799451032621,paolo-laptop,influx_dest
power_consumption,1705304372650000000,0.004645478513872703,paolo-laptop,influx_dest
power_consumption,1705304373652000000,0.0053532116806235125,paolo-laptop,influx_dest
power_consumption,1705304374653000000,0.004623895152649121,paolo-laptop,influx_dest
power_consumption,1705304375655000000,0.005212998445246699,paolo-laptop,influx_dest
power_consumption,1705304376657000000,0.006492410656694891,paolo-laptop,influx_dest
power_consumption,1705304377659000000,0.0051202037033222896,paolo-laptop,influx_dest
power_consumption,1705304378661000000,0.005031589723379732,paolo-laptop,influx_dest
power_consumption,1705304379668000000,0.0054586515232256634,paolo-laptop,influx_dest
power_consumption,1705304380670000000,0.0128500538659337,paolo-laptop,influx_dest
power_consumption,1705304381672000000,0.00524253244054964,paolo-laptop,influx_dest
power_consumption,1705304383675000000,0.005068617284551529,paolo-laptop,influx_dest
power_consumption,1705304385679000000,0.004912484741076864,paolo-laptop,influx_dest
power_consumption,1705304386681000000,0.0052116421801609554,paolo-laptop,influx_dest
power_consumption,1705304387685000000,0.004510735637889967,paolo-laptop,influx_dest
power_consumption,1705304388687000000,0.004305767891123187,paolo-laptop,influx_dest
power_consumption,1705304396701000000,0.004641942228434967,paolo-laptop,influx_dest
power_consumption,1705304399709000000,0.003301594463182943,paolo-laptop,influx_dest
power_consumption,1705304400710000000,0.012619296351953229,paolo-laptop,influx_dest
power_consumption,1705304401714000000,0.004848321445726256,paolo-laptop,influx_dest
power_consumption,1705304402716000000,0.005109946640716791,paolo-laptop,influx_dest
power_consumption,1705304403720000000,0.005276570501639621,paolo-laptop,influx_dest
power_consumption,1705304404722000000,0.0048345555477092355,paolo-laptop,influx_dest
power_consumption,1705304405724000000,0.004438761961380732,paolo-laptop,influx_dest
power_consumption,1705304406726000000,0.006153544422309602,paolo-laptop,influx_dest
power_consumption,1705304407728000000,0.0049312057382870315,paolo-laptop,influx_dest
power_consumption,1705304408730000000,0.004254341099920541,paolo-laptop,influx_dest
power_consumption,1705304409732000000,0.005363518454595545,paolo-laptop,influx_dest
power_consumption,1705304410734000000,0.01334903120676803,paolo-laptop,influx_dest
power_consumption,1705304411736000000,0.0044897708402265105,paolo-laptop,influx_dest
power_consumption,1705304412738000000,0.004510726332433299,paolo-laptop,influx_dest
power_consumption,1705304413740000000,0.005006824359039637,paolo-laptop,influx_dest
power_consumption,1705304414743000000,0.0042485487720019645,paolo-laptop,influx_dest
power_consumption,1705304415745000000,0.005402210829177675,paolo-laptop,influx_dest
power_consumption,1705304416747000000,0.005588352249887274,paolo-laptop,influx_dest
power_consumption,1705304417749000000,0.0044583834543659665,paolo-laptop,influx_dest
power_consumption,1705304418751000000,0.004161842160604133,paolo-laptop,influx_dest
power_consumption,1705304419753000000,0.005414517456381912,paolo-laptop,influx_dest
power_consumption,1705304420755000000,0.012157052511913588,paolo-laptop,influx_dest
power_consumption,1705304421759000000,0.005518109748799317,paolo-laptop,influx_dest
power_consumption,1705304422761000000,0.0054860134415343955,paolo-laptop,influx_dest
power_consumption,1705304423767000000,0.005009059621025259,paolo-laptop,influx_dest
power_consumption,1705304424770000000,0.005033862808211426,paolo-laptop,influx_dest
power_consumption,1705304425772000000,0.005507419997690438,paolo-laptop,influx_dest
power_consumption,1705304428782000000,0.005122469538317674,paolo-laptop,influx_dest
power_consumption,1705304429784000000,0.003931754778587791,paolo-laptop,influx_dest
power_consumption,1705304438806000000,0.004222921004758313,paolo-laptop,influx_dest
power_consumption,1705304442815000000,0.005133576999191043,paolo-laptop,influx_dest
power_consumption,1705304443817000000,0.00447294077029803,paolo-laptop,influx_dest
power_consumption,1705304444819000000,0.004765550498121332,paolo-laptop,influx_dest
power_consumption,1705304445824000000,0.0040065599252627855,paolo-laptop,influx_dest
power_consumption,1705304446829000000,0.005000152141889846,paolo-laptop,influx_dest
power_consumption,1705304447832000000,0.004499384722844163,paolo-laptop,influx_dest
power_consumption,1705304448835000000,0.004014907449687787,paolo-laptop,influx_dest
power_consumption,1705304449837000000,0.004151373402344732,paolo-laptop,influx_dest
power_consumption,1705304450839000000,0.012049750252977495,paolo-laptop,influx_dest
power_consumption,1705304451843000000,0.004185971843290014,paolo-laptop,influx_dest
power_consumption,1705304452848000000,0.004862264609406047,paolo-laptop,influx_dest
power_consumption,1705304453850000000,0.005393592362504064,paolo-laptop,influx_dest
power_consumption,1705304454852000000,0.005477045357665559,paolo-laptop,influx_dest
power_consumption,1705304455853000000,0.0042572505931931705,paolo-laptop,influx_dest
power_consumption,1705304456856000000,0.006110391135029694,paolo-laptop,influx_dest
power_consumption,1705304457858000000,0.00398641169113023,paolo-laptop,influx_dest
power_consumption,1705304458860000000,0.004720806844589399,paolo-laptop,influx_dest
power_consumption,1705304459862000000,0.005117731734041562,paolo-laptop,influx_dest
power_consumption,1705304460866000000,0.011620550891782627,paolo-laptop,influx_dest
power_consumption,1705304461868000000,0.004891686383113547,paolo-laptop,influx_dest
power_consumption,1705304462870000000,0.005356895761690418,paolo-laptop,influx_dest
power_consumption,1705304470890000000,0.00972828073713246,paolo-laptop,influx_dest
power_consumption,1705304471893000000,0.0038683547427373374,paolo-laptop,influx_dest
power_consumption,1705304473897000000,0.004252558895395608,paolo-laptop,influx_dest
power_consumption,1705304474899000000,0.003886076807438413,paolo-laptop,influx_dest
power_consumption,1705304477906000000,0.0036685402158072927,paolo-laptop,influx_dest
power_consumption,1705304478908000000,0.005273703301206305,paolo-laptop,influx_dest
power_consumption,1705304479911000000,0.004486292911095689,paolo-laptop,influx_dest
power_consumption,1705304480913000000,0.011403533004930964,paolo-laptop,influx_dest
power_consumption,1705304481915000000,0.004126201965306988,paolo-laptop,influx_dest
power_consumption,1705304482920000000,0.003988982989064026,paolo-laptop,influx_dest
power_consumption,1705304483924000000,0.004192666062826537,paolo-laptop,influx_dest
power_consumption,1705304484926000000,0.004704098130800894,paolo-laptop,influx_dest
power_consumption,1705304485930000000,0.003777772162879638,paolo-laptop,influx_dest
power_consumption,1705304491947000000,0.005362126186325571,paolo-laptop,influx_dest
power_consumption,1705304492949000000,0.0045370603128809,paolo-laptop,influx_dest
power_consumption,1705304493951000000,0.00465884639550725,paolo-laptop,influx_dest
power_consumption,1705304494955000000,0.004936133290767795,paolo-laptop,influx_dest
power_consumption,1705304496959000000,0.00548819771589405,paolo-laptop,influx_dest
power_consumption,1705304497961000000,0.004767524686253938,paolo-laptop,influx_dest
power_consumption,1705304500968000000,0.01102399528228147,paolo-laptop,influx_dest
power_consumption,1705304504982000000,0.004760630992875025,paolo-laptop,influx_dest
power_consumption,1705304505984000000,0.004393278507412917,paolo-laptop,influx_dest
power_consumption,1705304506986000000,0.004586093959413314,paolo-laptop,influx_dest
power_consumption,1705304507988000000,0.005333520179015496,paolo-laptop,influx_dest
power_consumption,1705304509992000000,0.0037450608315482206,paolo-laptop,influx_dest
power_consumption,1705304510994000000,0.012049730620749741,paolo-laptop,influx_dest
power_consumption,1705304511996000000,0.006313616362964736,paolo-laptop,influx_dest
power_consumption,1705304512998000000,0.0045595226530626455,paolo-laptop,influx_dest
power_consumption,1705304514001000000,0.005046488560341442,paolo-laptop,influx_dest
power_consumption,1705304515003000000,0.005114272486461198,paolo-laptop,influx_dest
power_consumption,1705304516007000000,0.0027744236221327644,paolo-laptop,influx_dest
power_consumption,1705304525036000000,0.004414657822289987,paolo-laptop,influx_dest
power_consumption,1705304526039000000,0.004057057027245301,paolo-laptop,influx_dest
power_consumption,1705304527041000000,0.005335859871288398,paolo-laptop,influx_dest
power_consumption,1705304528044000000,0.004666047910476388,paolo-laptop,influx_dest
power_consumption,1705304529046000000,0.004875778243176802,paolo-laptop,influx_dest
power_consumption,1705304530049000000,0.012165726171578534,paolo-laptop,influx_dest
power_consumption,1705304531051000000,0.004003841976791317,paolo-laptop,influx_dest
power_consumption,1705304532055000000,0.005728826244006675,paolo-laptop,influx_dest
power_consumption,1705304533057000000,0.005354993919936536,paolo-laptop,influx_dest
power_consumption,1705304534060000000,0.004268712994315665,paolo-laptop,influx_dest
power_consumption,1705304535063000000,0.0054866665851771475,paolo-laptop,influx_dest
power_consumption,1705304536065000000,0.00485598413105441,paolo-laptop,influx_dest
power_consumption,1705304537068000000,0.0042080002508540154,paolo-laptop,influx_dest
power_consumption,1705304538074000000,0.004560033895101626,paolo-laptop,influx_dest
power_consumption,1705304539078000000,0.0049309108238364055,paolo-laptop,influx_dest
power_consumption,1705304540081000000,0.012201637561347662,paolo-laptop,influx_dest
power_consumption,1705304541084000000,0.004743426601212865,paolo-laptop,influx_dest
power_consumption,1705304542086000000,0.005405509499947105,paolo-laptop,influx_dest
power_consumption,1705304543088000000,0.0048952754402956785,paolo-laptop,influx_dest
power_consumption,1705304544091000000,0.004531694118692275,paolo-laptop,influx_dest
power_consumption,1705304545093000000,0.004887332180315016,paolo-laptop,influx_dest
power_consumption,1705304546095000000,0.004577077823017477,paolo-laptop,influx_dest
power_consumption,1705304547097000000,0.05754876202304694,paolo-laptop,influx_dest
power_consumption,1705304548099000000,0.00432189609277981,paolo-laptop,influx_dest
power_consumption,1705304549102000000,0.004422688358109984,paolo-laptop,influx_dest
power_consumption,1705304550107000000,0.009925419803240965,paolo-laptop,influx_dest
power_consumption,1705304552112000000,0.004356833497573731,paolo-laptop,influx_dest
power_consumption,1705304557121000000,0.004725510951203037,paolo-laptop,influx_dest
power_consumption,1705304558123000000,0.0050281414595665045,paolo-laptop,influx_dest
power_consumption,1705304559125000000,0.0052944492290278615,paolo-laptop,influx_dest
power_consumption,1705304560127000000,0.012045209607917946,paolo-laptop,influx_dest
power_consumption,1705304561129000000,0.004233327171524824,paolo-laptop,influx_dest
power_consumption,1705304562131000000,0.004887381063273373,paolo-laptop,influx_dest
power_consumption,1705304563133000000,0.0036871480459822765,paolo-laptop,influx_dest
power_consumption,1705304564136000000,0.004313651952413831,paolo-laptop,influx_dest
power_consumption,1705304565138000000,0.00472146956074519,paolo-laptop,influx_dest
power_consumption,1705304566140000000,0.004648868475665784,paolo-laptop,influx_dest
power_consumption,1705304567142000000,0.00463786481144155,paolo-laptop,influx_dest
power_consumption,1705304568144000000,0.004744697290464012,paolo-laptop,influx_dest
power_consumption,1705304569146000000,0.005301944623570324,paolo-laptop,influx_dest
power_consumption,1705304570147000000,0.012266636435936836,paolo-laptop,influx_dest
power_consumption,1705304571149000000,0.003997829760275214,paolo-laptop,influx_dest
power_consumption,1705304572154000000,0.00412120525354631,paolo-laptop,influx_dest
power_consumption,1705304573156000000,0.0038451753634632523,paolo-laptop,influx_dest
power_consumption,1705304574158000000,0.004399771978699812,paolo-laptop,influx_dest
power_consumption,1705304581185000000,0.003108398220686813,paolo-laptop,influx_dest
power_consumption,1705304587205000000,0.004748040655513124,paolo-laptop,influx_dest
power_consumption,1705304590212000000,0.011389015450921776,paolo-laptop,influx_dest
power_consumption,1705304599236000000,0.0034700928276881083,paolo-laptop,influx_dest
power_consumption,1705304602245000000,0.00473350431929038,paolo-laptop,influx_dest
power_consumption,1705304611265000000,0.0025286755630537323,paolo-laptop,influx_dest
power_consumption,1705304613268000000,0.0038775829895165044,paolo-laptop,influx_dest
power_consumption,1705304614272000000,0.0024039832336460636,paolo-laptop,influx_dest
power_consumption,1705304615276000000,0.0024631543379879583,paolo-laptop,influx_dest
power_consumption,1705304616278000000,0.0025324829685970914,paolo-laptop,influx_dest
power_consumption,1705304617280000000,0.0028959644537321035,paolo-laptop,influx_dest
power_consumption,1705304618282000000,0.00476852298615845,paolo-laptop,influx_dest
power_consumption,1705304619284000000,0.004375349663136109,paolo-laptop,influx_dest
power_consumption,1705304620288000000,0.011478205591676175,paolo-laptop,influx_dest
power_consumption,1705304621291000000,0.004683254878775089,paolo-laptop,influx_dest
power_consumption,1705304622293000000,0.00423115072704903,paolo-laptop,influx_dest
power_consumption,1705304623298000000,0.005124124376967589,paolo-laptop,influx_dest
power_consumption,1705304624300000000,0.00466724131435318,paolo-laptop,influx_dest
power_consumption,1705304625302000000,0.004616868099124606,paolo-laptop,influx_dest
power_consumption,1705304627306000000,0.008705568446868678,paolo-laptop,influx_dest
power_consumption,1705304628307000000,0.007064260991910728,paolo-laptop,influx_dest
power_consumption,1705304629309000000,0.007746567963458984,paolo-laptop,influx_dest
power_consumption,1705304630310000000,0.016748769421105467,paolo-laptop,influx_dest
power_consumption,1705304631312000000,0.008111816638367048,paolo-laptop,influx_dest
power_consumption,1705304633315000000,0.002441781811312017,paolo-laptop,influx_dest
power_consumption,1705304636325000000,0.003856246771740628,paolo-laptop,influx_dest
power_consumption,1705304637327000000,0.006976516837082631,paolo-laptop,influx_dest
power_consumption,1705304638329000000,0.0076925732519852515,paolo-laptop,influx_dest
power_consumption,1705304639331000000,0.0026987106347413437,paolo-laptop,influx_dest
power_consumption,1705304641334000000,0.006385083688268122,paolo-laptop,influx_dest
power_consumption,1705304642339000000,0.012135325854291478,paolo-laptop,influx_dest
power_consumption,1705304643342000000,0.003166898511183628,paolo-laptop,influx_dest
power_consumption,1705304645348000000,0.005639255954719912,paolo-laptop,influx_dest
power_consumption,1705304646350000000,0.006807109888126849,paolo-laptop,influx_dest
power_consumption,1705304647352000000,0.005596889163223921,paolo-laptop,influx_dest
power_consumption,1705304648354000000,0.00649359248457552,paolo-laptop,influx_dest
power_consumption,1705304649358000000,0.003510425732230886,paolo-laptop,influx_dest
power_consumption,1705304650360000000,0.010633499275700672,paolo-laptop,influx_dest
power_consumption,1705304651363000000,0.0025460926637223156,paolo-laptop,influx_dest
power_consumption,1705304652365000000,0.00494370330064991,paolo-laptop,influx_dest
power_consumption,1705304653367000000,0.00646418973043411,paolo-laptop,influx_dest
power_consumption,1705304654369000000,0.006617280082472819,paolo-laptop,influx_dest
power_consumption,1705304659393000000,0.003377803136617598,paolo-laptop,influx_dest
power_consumption,1705304660395000000,0.013279928853078122,paolo-laptop,influx_dest
power_consumption,1705304661397000000,0.009170238909724751,paolo-laptop,influx_dest
power_consumption,1705304663401000000,0.0027467799975625525,paolo-laptop,influx_dest
power_consumption,1705304664403000000,0.008640025067032663,paolo-laptop,influx_dest
power_consumption,1705304665405000000,0.005569780000195873,paolo-laptop,influx_dest
power_consumption,1705304669416000000,0.006070428030075129,paolo-laptop,influx_dest
power_consumption,1705304670418000000,0.01205737891271252,paolo-laptop,influx_dest
power_consumption,1705304671420000000,0.006072829797609087,paolo-laptop,influx_dest
power_consumption,1705304672422000000,0.008042077593680946,paolo-laptop,influx_dest
power_consumption,1705304673424000000,0.006449870516197978,paolo-laptop,influx_dest
power_consumption,1705304674426000000,0.006567581832395799,paolo-laptop,influx_dest
power_consumption,1705304675428000000,0.004005039964569355,paolo-laptop,influx_dest
power_consumption,1705304676431000000,0.007064783874388627,paolo-laptop,influx_dest
power_consumption,1705304677434000000,0.00337748873513911,paolo-laptop,influx_dest
power_consumption,1705304678436000000,0.006629093377297329,paolo-laptop,influx_dest
power_consumption,1705304679438000000,0.00799065331647085,paolo-laptop,influx_dest
power_consumption,1705304681441000000,0.005050736530759625,paolo-laptop,influx_dest
power_consumption,1705304682444000000,0.003371417348690289,paolo-laptop,influx_dest
power_consumption,1705304683447000000,0.003263494131297609,paolo-laptop,influx_dest
power_consumption,1705304684449000000,0.0026793313255854497,paolo-laptop,influx_dest
power_consumption,1705304685452000000,0.0048812058018760495,paolo-laptop,influx_dest
power_consumption,1705304686454000000,0.008178672202803763,paolo-laptop,influx_dest
power_consumption,1705304687456000000,0.009105695902011955,paolo-laptop,influx_dest
power_consumption,1705304688458000000,0.004468955801863103,paolo-laptop,influx_dest
power_consumption,1705304689460000000,0.004220577112466127,paolo-laptop,influx_dest
power_consumption,1705304690462000000,0.012915157371341088,paolo-laptop,influx_dest
power_consumption,1705304691465000000,0.005477900209841596,paolo-laptop,influx_dest
power_consumption,1705304692467000000,0.002798940906342944,paolo-laptop,influx_dest
power_consumption,1705304693469000000,0.005935445236445169,paolo-laptop,influx_dest
power_consumption,1705304694470000000,0.005251708344765146,paolo-laptop,influx_dest
power_consumption,1705304695472000000,0.006511374410660355,paolo-laptop,influx_dest
power_consumption,1705304697478000000,0.008648575850861094,paolo-laptop,influx_dest
power_consumption,1705304698482000000,0.0031562896141374445,paolo-laptop,influx_dest
power_consumption,1705304699484000000,0.003231483039194532,paolo-laptop,influx_dest
power_consumption,1705304700488000000,0.009927545861387702,paolo-laptop,influx_dest
power_consumption,1705304701492000000,0.00535185073650336,paolo-laptop,influx_dest
power_consumption,1705304702497000000,0.0037105718510083803,paolo-laptop,influx_dest
power_consumption,1705304703498000000,0.00506643317138249,paolo-laptop,influx_dest
power_consumption,1705304704500000000,0.00859616187804401,paolo-laptop,influx_dest
power_consumption,1705304705502000000,0.007148830866674647,paolo-laptop,influx_dest
power_consumption,1705304706507000000,0.007313367416742974,paolo-laptop,influx_dest
power_consumption,1705304707509000000,0.007108363839524376,paolo-laptop,influx_dest
power_consumption,1705304708511000000,0.005493850482258759,paolo-laptop,influx_dest
power_consumption,1705304709513000000,0.006706134268623829,paolo-laptop,influx_dest
power_consumption,1705304710515000000,0.01652049217922892,paolo-laptop,influx_dest
power_consumption,1705304711517000000,0.006470206099141796,paolo-laptop,influx_dest
power_consumption,1705304712519000000,0.007360666975296006,paolo-laptop,influx_dest
power_consumption,1705304713521000000,0.00683494684103356,paolo-laptop,influx_dest
power_consumption,1705304714522000000,0.007467330148230839,paolo-laptop,influx_dest
power_consumption,1705304715524000000,0.005030353443729405,paolo-laptop,influx_dest
power_consumption,1705304716526000000,0.008426314589608526,paolo-laptop,influx_dest
power_consumption,1705304717528000000,0.005786954138951021,paolo-laptop,influx_dest
power_consumption,1705304718529000000,0.007967698137040615,paolo-laptop,influx_dest
power_consumption,1705304719531000000,0.007134603000606925,paolo-laptop,influx_dest
power_consumption,1705304720532000000,0.015346172651737062,paolo-laptop,influx_dest
power_consumption,1705304721534000000,0.005529072730315603,paolo-laptop,influx_dest
power_consumption,1705304722538000000,0.002904514405281478,paolo-laptop,influx_dest
power_consumption,1705304723540000000,0.003715063793229638,paolo-laptop,influx_dest
power_consumption,1705304724542000000,0.002985926066667536,paolo-laptop,influx_dest
power_consumption,1705304725543000000,0.005970435047252682,paolo-laptop,influx_dest
power_consumption,1705304726545000000,0.009294921874810121,paolo-laptop,influx_dest
power_consumption,1705304727547000000,0.006769454131555982,paolo-laptop,influx_dest
power_consumption,1705304728549000000,0.055297976652122285,paolo-laptop,influx_dest
power_consumption,1705304729551000000,0.007634235950446591,paolo-laptop,influx_dest
power_consumption,1705304730553000000,0.018370307813598667,paolo-laptop,influx_dest
power_consumption,1705304731555000000,0.006301336143320146,paolo-laptop,influx_dest
power_consumption,1705304732557000000,0.007498082287246998,paolo-laptop,influx_dest
power_consumption,1705304733558000000,0.005732724226230717,paolo-laptop,influx_dest
power_consumption,1705304734561000000,0.006816489273039093,paolo-laptop,influx_dest
power_consumption,1705304735568000000,0.0029236742475358844,paolo-laptop,influx_dest
power_consumption,1705304737574000000,0.005763586887594463,paolo-laptop,influx_dest
power_consumption,1705304738578000000,0.003875614200731739,paolo-laptop,influx_dest
power_consumption,1705304741590000000,0.0036834660170025975,paolo-laptop,influx_dest
power_consumption,1705304742592000000,0.0036847353762428483,paolo-laptop,influx_dest
power_consumption,1705304743597000000,0.0033460257107556708,paolo-laptop,influx_dest
power_consumption,1705304744601000000,0.005676270069302815,paolo-laptop,influx_dest
power_consumption,1705304745602000000,0.005578738313271055,paolo-laptop,influx_dest
power_consumption,1705304746604000000,0.007563501857392305,paolo-laptop,influx_dest
power_consumption,1705304747606000000,0.0048823564475618106,paolo-laptop,influx_dest
power_consumption,1705304748608000000,0.005620804613978868,paolo-laptop,influx_dest
power_consumption,1705304749610000000,0.0034891864093033916,paolo-laptop,influx_dest
power_consumption,1705304750612000000,0.012892877600596143,paolo-laptop,influx_dest
power_consumption,1705304751618000000,0.006616142608583528,paolo-laptop,influx_dest
power_consumption,1705304752623000000,0.005381659749497488,paolo-laptop,influx_dest
power_consumption,1705304753630000000,0.003250209790115849,paolo-laptop,influx_dest
power_consumption,1705304754636000000,0.006271239932055435,paolo-laptop,influx_dest
power_consumption,1705304755637000000,0.006121131268330449,paolo-laptop,influx_dest
power_consumption,1705304756639000000,0.008720622206216933,paolo-laptop,influx_dest
power_consumption,1705304757640000000,0.0065353009422427204,paolo-laptop,influx_dest
power_consumption,1705304758642000000,0.006531158651687904,paolo-laptop,influx_dest
power_consumption,1705304759645000000,0.0031954218056455042,paolo-laptop,influx_dest
power_consumption,1705304760649000000,0.01475076123602874,paolo-laptop,influx_dest
power_consumption,1705304761651000000,0.004026707219895852,paolo-laptop,influx_dest
power_consumption,1705304762654000000,0.008581284815978517,paolo-laptop,influx_dest
power_consumption,1705304763659000000,0.012136209568820944,paolo-laptop,influx_dest
power_consumption,1705304764661000000,0.0036025446167181636,paolo-laptop,influx_dest
power_consumption,1705304766666000000,0.004123678038522597,paolo-laptop,influx_dest
power_consumption,1705304767672000000,0.004946779158088548,paolo-laptop,influx_dest
power_consumption,1705304768675000000,0.003121067695352997,paolo-laptop,influx_dest
power_consumption,1705304769677000000,0.005115128696040578,paolo-laptop,influx_dest
power_consumption,1705304770680000000,0.009980084233347161,paolo-laptop,influx_dest
power_consumption,1705304771685000000,0.004308935827820963,paolo-laptop,influx_dest
power_consumption,1705304772690000000,0.005647189089642307,paolo-laptop,influx_dest
power_consumption,1705304773692000000,0.0029609825244607743,paolo-laptop,influx_dest
power_consumption,1705304774696000000,0.0037095057649999723,paolo-laptop,influx_dest
power_consumption,1705304775698000000,0.00895862805358164,paolo-laptop,influx_dest
power_consumption,1705304776702000000,0.009819669399612752,paolo-laptop,influx_dest
power_consumption,1705304777706000000,0.006568449104620369,paolo-laptop,influx_dest
power_consumption,1705304778708000000,0.005634937833661709,paolo-laptop,influx_dest
power_consumption,1705304779711000000,0.0055399494479829465,paolo-laptop,influx_dest
power_consumption,1705304781720000000,0.006596762836376319,paolo-laptop,influx_dest
power_consumption,1705304783724000000,0.0034374016567480757,paolo-laptop,influx_dest
power_consumption,1705304784727000000,0.007428286800036378,paolo-laptop,influx_dest
power_consumption,1705304785730000000,0.008441195160803393,paolo-laptop,influx_dest
power_consumption,1705304786734000000,0.007608599688898397,paolo-laptop,influx_dest
power_consumption,1705304787736000000,0.0023706058345895264,paolo-laptop,influx_dest
power_consumption,1705304788738000000,0.05454864049958116,paolo-laptop,influx_dest
power_consumption,1705304789740000000,0.00622689907135136,paolo-laptop,influx_dest
power_consumption,1705304790742000000,0.013494687954796001,paolo-laptop,influx_dest
power_consumption,1705304791747000000,0.0034078096338053254,paolo-laptop,influx_dest
power_consumption,1705304793751000000,0.0032958765756530835,paolo-laptop,influx_dest
power_consumption,1705304795755000000,0.005272440682611379,paolo-laptop,influx_dest
power_consumption,1705304796757000000,0.00654638162916198,paolo-laptop,influx_dest
power_consumption,1705304797759000000,0.006182210505039636,paolo-laptop,influx_dest
power_consumption,1705304798761000000,0.006108751935922925,paolo-laptop,influx_dest
power_consumption,1705304799763000000,0.005731200391866096,paolo-laptop,influx_dest
power_consumption,1705304800765000000,0.01367097913837639,paolo-laptop,influx_dest
power_consumption,1705304801767000000,0.007021624456088888,paolo-laptop,influx_dest
power_consumption,1705304802772000000,0.007029280526408934,paolo-laptop,influx_dest
power_consumption,1705304803777000000,0.006525915095563687,paolo-laptop,influx_dest
power_consumption,1705304804782000000,0.006387288592393995,paolo-laptop,influx_dest
power_consumption,1705304805785000000,0.00680609022564238,paolo-laptop,influx_dest
power_consumption,1705304806786000000,0.0059502148588878034,paolo-laptop,influx_dest
power_consumption,1705304807789000000,0.006668880931167203,paolo-laptop,influx_dest
power_consumption,1705304808792000000,0.007584819240761873,paolo-laptop,influx_dest
power_consumption,1705304809797000000,0.00569946530989226,paolo-laptop,influx_dest
power_consumption,1705304810800000000,0.01632719669964156,paolo-laptop,influx_dest
power_consumption,1705304811805000000,0.006584262977365184,paolo-laptop,influx_dest
power_consumption,1705304812809000000,0.003146861122132606,paolo-laptop,influx_dest
power_consumption,1705304815817000000,0.0032598637328479898,paolo-laptop,influx_dest
power_consumption,1705304816819000000,0.008364782355792015,paolo-laptop,influx_dest
power_consumption,1705304817820000000,0.006354858920118699,paolo-laptop,influx_dest
power_consumption,1705304818822000000,0.008083909081508437,paolo-laptop,influx_dest
power_consumption,1705304819825000000,0.006446461597919976,paolo-laptop,influx_dest
power_consumption,1705304820827000000,0.01359070489249966,paolo-laptop,influx_dest
power_consumption,1705304821829000000,0.00586437850674237,paolo-laptop,influx_dest
power_consumption,1705304822831000000,0.006298012841905711,paolo-laptop,influx_dest
power_consumption,1705304823834000000,0.005778448777416045,paolo-laptop,influx_dest
power_consumption,1705304824836000000,0.006505271581439471,paolo-laptop,influx_dest
power_consumption,1705304825839000000,0.007147409143446876,paolo-laptop,influx_dest
power_consumption,1705304826842000000,0.006471973556411067,paolo-laptop,influx_dest
power_consumption,1705304827844000000,0.005780714624125416,paolo-laptop,influx_dest
power_consumption,1705304828846000000,0.005439930545669602,paolo-laptop,influx_dest
power_consumption,1705304829848000000,0.0065214252887619275,paolo-laptop,influx_dest
power_consumption,1705304830851000000,0.013869564955495947,paolo-laptop,influx_dest
power_consumption,1705304831853000000,0.0057055865609773136,paolo-laptop,influx_dest
power_consumption,1705304832855000000,0.005914602095956279,paolo-laptop,influx_dest
power_consumption,1705304833861000000,0.003528539546397369,paolo-laptop,influx_dest
power_consumption,1705304834863000000,0.008340764758320138,paolo-laptop,influx_dest
power_consumption,1705304835866000000,0.005349665964668496,paolo-laptop,influx_dest
power_consumption,1705304836868000000,0.007757251515275739,paolo-laptop,influx_dest
power_consumption,1705304837872000000,0.0034530802532286692,paolo-laptop,influx_dest
power_consumption,1705304839876000000,0.003938210549530411,paolo-laptop,influx_dest
power_consumption,1705304840877000000,0.012594394950442615,paolo-laptop,influx_dest
power_consumption,1705304841879000000,0.006823979486702705,paolo-laptop,influx_dest
power_consumption,1705304843883000000,0.0034532087157377075,paolo-laptop,influx_dest
power_consumption,1705304844889000000,0.0067142196444577714,paolo-laptop,influx_dest
power_consumption,1705304845904000000,0.006049569354365743,paolo-laptop,influx_dest
power_consumption,1705304846906000000,0.008120111444394151,paolo-laptop,influx_dest
power_consumption,1705304847910000000,0.0032082937264073593,paolo-laptop,influx_dest
power_consumption,1705304848912000000,0.0044400912629682255,paolo-laptop,influx_dest
power_consumption,1705304849917000000,0.005640483691101335,paolo-laptop,influx_dest
power_consumption,1705304850919000000,0.05921538925144541,paolo-laptop,influx_dest
power_consumption,1705304851923000000,0.012213072674068855,paolo-laptop,influx_dest
power_consumption,1705304852927000000,0.007020240416944875,paolo-laptop,influx_dest
power_consumption,1705304853931000000,0.007458073703647827,paolo-laptop,influx_dest
power_consumption,1705304854933000000,0.006224785126676914,paolo-laptop,influx_dest
power_consumption,1705304855937000000,0.006147437141600774,paolo-laptop,influx_dest
power_consumption,1705304857945000000,0.006369044590519828,paolo-laptop,influx_dest
power_consumption,1705304859954000000,0.0034030669114964766,paolo-laptop,influx_dest
power_consumption,1705304861960000000,0.0033405842289238145,paolo-laptop,influx_dest
power_consumption,1705304862961000000,0.006857091530461443,paolo-laptop,influx_dest
power_consumption,1705304864974000000,0.011489567223039144,paolo-laptop,influx_dest
power_consumption,1705304865978000000,0.006133470163923103,paolo-laptop,influx_dest
power_consumption,1705304867985000000,0.009299701864910895,paolo-laptop,influx_dest
power_consumption,1705304868989000000,0.006640865769362068,paolo-laptop,influx_dest
power_consumption,1705304869990000000,0.009428878482981854,paolo-laptop,influx_dest
power_consumption,1705304870995000000,0.017309337098644233,paolo-laptop,influx_dest
power_consumption,1705304872003000000,0.006083479664650006,paolo-laptop,influx_dest
power_consumption,1705304873005000000,0.003755544046698493,paolo-laptop,influx_dest
power_consumption,1705304874009000000,0.002947409412177275,paolo-laptop,influx_dest
power_consumption,1705304875010000000,0.0034779558940320034,paolo-laptop,influx_dest
power_consumption,1705304876012000000,0.0055564411688304146,paolo-laptop,influx_dest
power_consumption,1705304877015000000,0.008260519802868276,paolo-laptop,influx_dest
power_consumption,1705304878017000000,0.007654661330643403,paolo-laptop,influx_dest
power_consumption,1705304879020000000,0.005473353599822395,paolo-laptop,influx_dest
power_consumption,1705304880024000000,0.02034668191845837,paolo-laptop,influx_dest
power_consumption,1705304882036000000,0.004630288450680678,paolo-laptop,influx_dest
power_consumption,1705304883038000000,0.009080231059325155,paolo-laptop,influx_dest
power_consumption,1705304885047000000,0.0027603922522336176,paolo-laptop,influx_dest
power_consumption,1705304886050000000,0.008322635391595352,paolo-laptop,influx_dest
power_consumption,1705304887052000000,0.0030417094346386155,paolo-laptop,influx_dest
power_consumption,1705304888053000000,0.006757865980636182,paolo-laptop,influx_dest
power_consumption,1705304889055000000,0.007236470661465691,paolo-laptop,influx_dest
power_consumption,1705304890057000000,0.018623616921190835,paolo-laptop,influx_dest
power_consumption,1705304891059000000,0.004338953823104357,paolo-laptop,influx_dest
power_consumption,1705304892060000000,0.006653446162073146,paolo-laptop,influx_dest
power_consumption,1705304893062000000,0.005681551216465898,paolo-laptop,influx_dest
power_consumption,1705304894064000000,0.005996346117165872,paolo-laptop,influx_dest
power_consumption,1705304895066000000,0.005983102384043572,paolo-laptop,influx_dest
power_consumption,1705304896067000000,0.010619944220474785,paolo-laptop,influx_dest
power_consumption,1705304897068000000,0.005375398635843421,paolo-laptop,influx_dest
power_consumption,1705304898070000000,0.0027820819649941935,paolo-laptop,influx_dest
power_consumption,1705304899071000000,0.0036046893474861127,paolo-laptop,influx_dest
power_consumption,1705304900073000000,0.015973877526852764,paolo-laptop,influx_dest
power_consumption,1705304901076000000,0.004760874001742297,paolo-laptop,influx_dest
power_consumption,1705304902078000000,0.004882382222941684,paolo-laptop,influx_dest
power_consumption,1705304903081000000,0.011488105567176794,paolo-laptop,influx_dest
power_consumption,1705304905087000000,0.004447373669657065,paolo-laptop,influx_dest
power_consumption,1705304906093000000,0.005658146678033733,paolo-laptop,influx_dest
power_consumption,1705304907100000000,0.0039058390492116677,paolo-laptop,influx_dest
power_consumption,1705304908102000000,0.0034422642547023664,paolo-laptop,influx_dest
power_consumption,1705304909108000000,0.004222473372248238,paolo-laptop,influx_dest
power_consumption,1705304910116000000,0.012025007374341765,paolo-laptop,influx_dest
power_consumption,1705304911126000000,0.004214622095425077,paolo-laptop,influx_dest
power_consumption,1705304912130000000,0.004988478374370444,paolo-laptop,influx_dest
power_consumption,1705304913132000000,0.005712280238461416,paolo-laptop,influx_dest
power_consumption,1705304914136000000,0.005622612315155295,paolo-laptop,influx_dest
power_consumption,1705304915138000000,0.011123426043837984,paolo-laptop,influx_dest
power_consumption,1705304916139000000,0.0026466273016747936,paolo-laptop,influx_dest
power_consumption,1705304917141000000,0.008492870698986662,paolo-laptop,influx_dest
power_consumption,1705304918143000000,0.0055334942534935325,paolo-laptop,influx_dest
power_consumption,1705304919145000000,0.006412047638189769,paolo-laptop,influx_dest
power_consumption,1705304920147000000,0.05563821655106269,paolo-laptop,influx_dest
power_consumption,1705304921149000000,0.003981902683222813,paolo-laptop,influx_dest
power_consumption,1705304922150000000,0.005243865845504697,paolo-laptop,influx_dest
power_consumption,1705304923152000000,0.007006438735251688,paolo-laptop,influx_dest
power_consumption,1705304924154000000,0.006233446953191182,paolo-laptop,influx_dest
power_consumption,1705304925158000000,0.00795928644441845,paolo-laptop,influx_dest
power_consumption,1705304926160000000,0.0058290265906827555,paolo-laptop,influx_dest
power_consumption,1705304927162000000,0.00784760783704204,paolo-laptop,influx_dest
power_consumption,1705304928164000000,0.007086364999356603,paolo-laptop,influx_dest
power_consumption,1705304929165000000,0.007060736285611503,paolo-laptop,influx_dest
power_consumption,1705304930168000000,0.01643467600841978,paolo-laptop,influx_dest
power_consumption,1705304931169000000,0.006524084582565105,paolo-laptop,influx_dest
power_consumption,1705304932171000000,0.006349644645987,paolo-laptop,influx_dest
power_consumption,1705304933173000000,0.007088591539902523,paolo-laptop,influx_dest
power_consumption,1705304934177000000,0.005213257351045095,paolo-laptop,influx_dest
power_consumption,1705304935179000000,0.005211747818263716,paolo-laptop,influx_dest
power_consumption,1705304936180000000,0.007014193961277108,paolo-laptop,influx_dest
power_consumption,1705304937182000000,0.0075110362711499805,paolo-laptop,influx_dest
power_consumption,1705304938183000000,0.006947241514104362,paolo-laptop,influx_dest
power_consumption,1705304939185000000,0.006847418422110495,paolo-laptop,influx_dest
power_consumption,1705304940191000000,0.010404109015725683,paolo-laptop,influx_dest
power_consumption,1705304942195000000,0.006126039617299845,paolo-laptop,influx_dest
power_consumption,1705304943198000000,0.003312018243363796,paolo-laptop,influx_dest
power_consumption,1705304945206000000,0.006828841744663288,paolo-laptop,influx_dest
power_consumption,1705304946207000000,0.006264558498672726,paolo-laptop,influx_dest
power_consumption,1705304947209000000,0.007441626653108408,paolo-laptop,influx_dest
power_consumption,1705304948212000000,0.005060760276290707,paolo-laptop,influx_dest
power_consumption,1705304949217000000,0.006687727013610076,paolo-laptop,influx_dest
power_consumption,1705304950220000000,0.012308206709838532,paolo-laptop,influx_dest
power_consumption,1705304951224000000,0.0032759223659296053,paolo-laptop,influx_dest
power_consumption,1705304952228000000,0.006051039456580995,paolo-laptop,influx_dest
power_consumption,1705304953230000000,0.004222537638345608,paolo-laptop,influx_dest
power_consumption,1705304954232000000,0.007192610315819087,paolo-laptop,influx_dest
power_consumption,1705304955234000000,0.002558456766345999,paolo-laptop,influx_dest
power_consumption,1705304956235000000,0.011070655009951288,paolo-laptop,influx_dest
power_consumption,1705304957237000000,0.005710511327675406,paolo-laptop,influx_dest
power_consumption,1705304958240000000,0.00666770500265309,paolo-laptop,influx_dest
power_consumption,1705304959242000000,0.0034167087851775316,paolo-laptop,influx_dest
power_consumption,1705304960244000000,0.012948636975827335,paolo-laptop,influx_dest
power_consumption,1705304961246000000,0.007488948981522726,paolo-laptop,influx_dest
power_consumption,1705304962249000000,0.00856457037676186,paolo-laptop,influx_dest
power_consumption,1705304964253000000,0.0051301508049969545,paolo-laptop,influx_dest
power_consumption,1705304965254000000,0.004068289224572903,paolo-laptop,influx_dest
power_consumption,1705304968259000000,0.01027670923529632,paolo-laptop,influx_dest
power_consumption,1705304969261000000,0.0029059328380754883,paolo-laptop,influx_dest
power_consumption,1705304970263000000,0.015798727355625836,paolo-laptop,influx_dest
power_consumption,1705304971265000000,0.00849611636071969,paolo-laptop,influx_dest
power_consumption,1705304972268000000,0.008068211237606012,paolo-laptop,influx_dest
power_consumption,1705304973270000000,0.008088954957707895,paolo-laptop,influx_dest
power_consumption,1705304974273000000,0.007804051535611054,paolo-laptop,influx_dest
power_consumption,1705304975277000000,0.005222937044509815,paolo-laptop,influx_dest
power_consumption,1705304976281000000,0.004306422518607145,paolo-laptop,influx_dest
power_consumption,1705304977283000000,0.004193959501173714,paolo-laptop,influx_dest
power_consumption,1705304978287000000,0.003977262518363392,paolo-laptop,influx_dest
power_consumption,1705304979292000000,0.005137927517847472,paolo-laptop,influx_dest
power_consumption,1705304980296000000,0.01942621386688742,paolo-laptop,influx_dest
power_consumption,1705304982306000000,0.003485579992738982,paolo-laptop,influx_dest
power_consumption,1705304983308000000,0.08731928840463397,paolo-laptop,influx_dest
power_consumption,1705304984312000000,0.011314238733094836,paolo-laptop,influx_dest
power_consumption,1705304985317000000,0.003913043380329354,paolo-laptop,influx_dest
power_consumption,1705304986319000000,0.007030202378833093,paolo-laptop,influx_dest
power_consumption,1705304987323000000,0.004188803884061524,paolo-laptop,influx_dest
power_consumption,1705304988326000000,0.005016497972473211,paolo-laptop,influx_dest
power_consumption,1705304989329000000,0.004387280155023801,paolo-laptop,influx_dest
power_consumption,1705304990333000000,0.013899657607128585,paolo-laptop,influx_dest
power_consumption,1705304991336000000,0.003553416382948675,paolo-laptop,influx_dest
power_consumption,1705304993343000000,0.003571335721358869,paolo-laptop,influx_dest
power_consumption,1705304994347000000,0.004314428393069112,paolo-laptop,influx_dest
power_consumption,1705304995349000000,0.005714038944306035,paolo-laptop,influx_dest
power_consumption,1705304996352000000,0.006210525685221565,paolo-laptop,influx_dest
power_consumption,1705304997356000000,0.004319252094564659,paolo-laptop,influx_dest
power_consumption,1705304998358000000,0.006436155643462781,paolo-laptop,influx_dest
power_consumption,1705304999361000000,0.0031915782104242245,paolo-laptop,influx_dest
power_consumption,1705305000363000000,0.022802427698932724,paolo-laptop,influx_dest
power_consumption,1705305001367000000,0.006526998770344232,paolo-laptop,influx_dest
power_consumption,1705305002372000000,0.005487327234441159,paolo-laptop,influx_dest
power_consumption,1705305003374000000,0.00590232482562229,paolo-laptop,influx_dest
power_consumption,1705305004376000000,0.007071114685311285,paolo-laptop,influx_dest
power_consumption,1705305005378000000,0.007444725907464956,paolo-laptop,influx_dest
power_consumption,1705305006381000000,0.0040974144282641305,paolo-laptop,influx_dest
power_consumption,1705305007383000000,0.0038391195825026093,paolo-laptop,influx_dest
power_consumption,1705305008385000000,0.005669051439083666,paolo-laptop,influx_dest
power_consumption,1705305009387000000,0.004846363417950073,paolo-laptop,influx_dest
power_consumption,1705305010390000000,0.01149835056252935,paolo-laptop,influx_dest
power_consumption,1705305011392000000,0.004859683938518185,paolo-laptop,influx_dest
power_consumption,1705305012394000000,0.008867742773042954,paolo-laptop,influx_dest
power_consumption,1705305013397000000,0.004951154959950507,paolo-laptop,influx_dest
power_consumption,1705305014400000000,0.011279386411895343,paolo-laptop,influx_dest
power_consumption,1705305015402000000,0.004266755088640213,paolo-laptop,influx_dest
power_consumption,1705305016407000000,0.00755704733656691,paolo-laptop,influx_dest
power_consumption,1705305017408000000,0.006688916883719091,paolo-laptop,influx_dest
power_consumption,1705305018409000000,0.011451419386261015,paolo-laptop,influx_dest
power_consumption,1705305019411000000,0.0059061751179971395,paolo-laptop,influx_dest
power_consumption,1705305020413000000,0.011289034040498757,paolo-laptop,influx_dest
power_consumption,1705305021416000000,0.004671049062570428,paolo-laptop,influx_dest
power_consumption,1705305022420000000,0.006629542938870694,paolo-laptop,influx_dest
power_consumption,1705305023422000000,0.006519285835441462,paolo-laptop,influx_dest
power_consumption,1705305024423000000,0.005257923749282836,paolo-laptop,influx_dest
power_consumption,1705305025425000000,0.014010566091230442,paolo-laptop,influx_dest
power_consumption,1705305026426000000,0.004557006352394043,paolo-laptop,influx_dest
power_consumption,1705305027428000000,0.006856368330680401,paolo-laptop,influx_dest
power_consumption,1705305028430000000,0.006473558999393436,paolo-laptop,influx_dest
power_consumption,1705305032436000000,0.004726562638687192,paolo-laptop,influx_dest
power_consumption,1705305033439000000,0.006740435629367358,paolo-laptop,influx_dest
power_consumption,1705305034442000000,0.006989014047206741,paolo-laptop,influx_dest
power_consumption,1705305035446000000,0.005996161249959641,paolo-laptop,influx_dest
power_consumption,1705305036448000000,0.007277066548850981,paolo-laptop,influx_dest
power_consumption,1705305037451000000,0.0047349066868635145,paolo-laptop,influx_dest
power_consumption,1705305038453000000,0.00469372233425625,paolo-laptop,influx_dest
power_consumption,1705305039456000000,0.006271285013936432,paolo-laptop,influx_dest
power_consumption,1705305040458000000,0.020609753367950557,paolo-laptop,influx_dest
power_consumption,1705305043484000000,0.005525766815212559,paolo-laptop,influx_dest
power_consumption,1705305044490000000,0.005667132286861153,paolo-laptop,influx_dest
power_consumption,1705305045497000000,0.004911588297419263,paolo-laptop,influx_dest
power_consumption,1705305047505000000,0.006911415689001974,paolo-laptop,influx_dest
power_consumption,1705305049513000000,0.006782645877683022,paolo-laptop,influx_dest
power_consumption,1705305056541000000,0.036805000438377464,paolo-laptop,influx_dest
power_consumption,1705305057545000000,0.031325692277824856,paolo-laptop,influx_dest
power_consumption,1705305059553000000,0.02125795719820596,paolo-laptop,influx_dest
power_consumption,1705305060558000000,0.04021394828310031,paolo-laptop,influx_dest
power_consumption,1705305061562000000,0.029801556059959933,paolo-laptop,influx_dest
power_consumption,1705305062566000000,0.021542392822108368,paolo-laptop,influx_dest
power_consumption,1705305063570000000,0.016443831064974896,paolo-laptop,influx_dest
power_consumption,1705305064574000000,0.028870891945489842,paolo-laptop,influx_dest
power_consumption,1705305065578000000,0.027562067413557052,paolo-laptop,influx_dest
power_consumption,1705305066584000000,0.03850925538033879,paolo-laptop,influx_dest
power_consumption,1705305067588000000,0.027519512289940602,paolo-laptop,influx_dest
power_consumption,1705305068592000000,0.020677500459485746,paolo-laptop,influx_dest
power_consumption,1705305070600000000,0.059120344519814995,paolo-laptop,influx_dest
power_consumption,1705305071604000000,0.0189808282284928,paolo-laptop,influx_dest
power_consumption,1705305072610000000,0.028457658039744663,paolo-laptop,influx_dest
power_consumption,1705305073612000000,0.026923348369404295,paolo-laptop,influx_dest
power_consumption,1705305074613000000,0.0055982196182436765,paolo-laptop,influx_dest
power_consumption,1705305075614000000,0.030564068023199026,paolo-laptop,influx_dest
power_consumption,1705305076616000000,0.03448966145331384,paolo-laptop,influx_dest
power_consumption,1705305077617000000,0.005082835884215289,paolo-laptop,influx_dest
power_consumption,1705305078618000000,0.010089071078586642,paolo-laptop,influx_dest
power_consumption,1705305079620000000,0.013846837222655596,paolo-laptop,influx_dest
power_consumption,1705305080624000000,0.06414572131092214,paolo-laptop,influx_dest
power_consumption,1705305081631000000,0.006546550374963256,paolo-laptop,influx_dest
power_consumption,1705305082635000000,0.03439151217734635,paolo-laptop,influx_dest
power_consumption,1705305083637000000,0.01210997848339845,paolo-laptop,influx_dest
power_consumption,1705305084641000000,0.030237545152709135,paolo-laptop,influx_dest
power_consumption,1705305085642000000,0.0073629084193076524,paolo-laptop,influx_dest
power_consumption,1705305086647000000,0.040442871781523435,paolo-laptop,influx_dest
power_consumption,1705305087650000000,0.006232966635992347,paolo-laptop,influx_dest
power_consumption,1705305088656000000,0.006426261646935903,paolo-laptop,influx_dest
power_consumption,1705305089660000000,0.03252664725907109,paolo-laptop,influx_dest
power_consumption,1705305090664000000,0.016719537760803354,paolo-laptop,influx_dest
power_consumption,1705305091668000000,0.028563899636700855,paolo-laptop,influx_dest
power_consumption,1705305092672000000,0.018089574937554566,paolo-laptop,influx_dest
power_consumption,1705305093676000000,0.03383951766375422,paolo-laptop,influx_dest
power_consumption,1705305094679000000,0.027982132452281528,paolo-laptop,influx_dest
power_consumption,1705305095683000000,0.019914276690610452,paolo-laptop,influx_dest
power_consumption,1705305096688000000,0.0368088031940005,paolo-laptop,influx_dest
power_consumption,1705305097694000000,0.028887347350712477,paolo-laptop,influx_dest
power_consumption,1705305098699000000,0.01627217664855499,paolo-laptop,influx_dest
power_consumption,1705305099701000000,0.004981058561433679,paolo-laptop,influx_dest
power_consumption,1705305100703000000,0.011780838460190485,paolo-laptop,influx_dest
power_consumption,1705305101704000000,0.0031153979673332346,paolo-laptop,influx_dest
power_consumption,1705305102706000000,0.00740061257172493,paolo-laptop,influx_dest
power_consumption,1705305103710000000,0.00564779356832348,paolo-laptop,influx_dest
power_consumption,1705305104714000000,0.003905978044605498,paolo-laptop,influx_dest
power_consumption,1705305105718000000,0.007128474612969376,paolo-laptop,influx_dest
power_consumption,1705305106724000000,0.007520821776562034,paolo-laptop,influx_dest
power_consumption,1705305107726000000,0.004243699541964708,paolo-laptop,influx_dest
power_consumption,1705305108730000000,0.008522580414492931,paolo-laptop,influx_dest
power_consumption,1705305109733000000,0.005133202536387166,paolo-laptop,influx_dest
power_consumption,1705305110734000000,0.020337038370575378,paolo-laptop,influx_dest
power_consumption,1705305111739000000,0.0035629959247478037,paolo-laptop,influx_dest
power_consumption,1705305112742000000,0.01791355821334333,paolo-laptop,influx_dest
power_consumption,1705305113744000000,0.004056771929235096,paolo-laptop,influx_dest
power_consumption,1705305114745000000,0.007429381747448428,paolo-laptop,influx_dest
power_consumption,1705305115747000000,0.007124436288768219,paolo-laptop,influx_dest
power_consumption,1705305116751000000,0.009305768558471306,paolo-laptop,influx_dest
power_consumption,1705305117753000000,0.011029347173959168,paolo-laptop,influx_dest
power_consumption,1705305118755000000,0.007148701081493038,paolo-laptop,influx_dest
power_consumption,1705305119757000000,0.004735904065080184,paolo-laptop,influx_dest
power_consumption,1705305120759000000,0.017745773555026205,paolo-laptop,influx_dest
power_consumption,1705305121760000000,0.006419940119225016,paolo-laptop,influx_dest
power_consumption,1705305122762000000,0.005837895423973205,paolo-laptop,influx_dest
power_consumption,1705305123764000000,0.006443239740510271,paolo-laptop,influx_dest
power_consumption,1705305124766000000,0.007063935721349709,paolo-laptop,influx_dest
power_consumption,1705305125769000000,0.006703571001393084,paolo-laptop,influx_dest
power_consumption,1705305126770000000,0.08127250303625903,paolo-laptop,influx_dest
power_consumption,1705305127774000000,0.004213050075363395,paolo-laptop,influx_dest
power_consumption,1705305128777000000,0.0036423681172786703,paolo-laptop,influx_dest
power_consumption,1705305129779000000,0.006745954681275267,paolo-laptop,influx_dest
power_consumption,1705305130781000000,0.013103370092733898,paolo-laptop,influx_dest
power_consumption,1705305131784000000,0.007015531220894305,paolo-laptop,influx_dest
power_consumption,1705305132786000000,0.007865207974533113,paolo-laptop,influx_dest
power_consumption,1705305133792000000,0.006298989849469123,paolo-laptop,influx_dest
power_consumption,1705305134797000000,0.007759015335517243,paolo-laptop,influx_dest
power_consumption,1705305135802000000,0.007369038500951047,paolo-laptop,influx_dest
power_consumption,1705305136808000000,0.008083474001142146,paolo-laptop,influx_dest
power_consumption,1705305137810000000,0.006506515599879898,paolo-laptop,influx_dest
power_consumption,1705305138812000000,0.0075011860232028745,paolo-laptop,influx_dest
power_consumption,1705305139815000000,0.007829327124649583,paolo-laptop,influx_dest
power_consumption,1705305140817000000,0.016490280004704268,paolo-laptop,influx_dest
power_consumption,1705305141819000000,0.006962186184737389,paolo-laptop,influx_dest
power_consumption,1705305142825000000,0.006993083038713674,paolo-laptop,influx_dest
power_consumption,1705305143827000000,0.007292555255389769,paolo-laptop,influx_dest
power_consumption,1705305144829000000,0.00767289319471535,paolo-laptop,influx_dest
power_consumption,1705305145832000000,0.006700404309651995,paolo-laptop,influx_dest
power_consumption,1705305146834000000,0.007729697289247767,paolo-laptop,influx_dest
power_consumption,1705305147837000000,0.0036758136368117912,paolo-laptop,influx_dest
power_consumption,1705305148839000000,0.005052105049324333,paolo-laptop,influx_dest
power_consumption,1705305149841000000,0.006334019864807061,paolo-laptop,influx_dest
power_consumption,1705305150844000000,0.013012861277950318,paolo-laptop,influx_dest
power_consumption,1705305151846000000,0.005437437672143537,paolo-laptop,influx_dest
power_consumption,1705305152848000000,0.0064905021299531745,paolo-laptop,influx_dest
power_consumption,1705305153851000000,0.006982248076032326,paolo-laptop,influx_dest
power_consumption,1705305154853000000,0.0063285010929762155,paolo-laptop,influx_dest
power_consumption,1705305155855000000,0.006257775431824552,paolo-laptop,influx_dest
power_consumption,1705305156857000000,0.009230029186659015,paolo-laptop,influx_dest
power_consumption,1705305157862000000,0.008761231524963617,paolo-laptop,influx_dest
power_consumption,1705305158864000000,0.017708844403675213,paolo-laptop,influx_dest
power_consumption,1705305159867000000,0.0053762363807908845,paolo-laptop,influx_dest
power_consumption,1705305160873000000,0.018256398010861607,paolo-laptop,influx_dest
power_consumption,1705305161878000000,0.02012071572460897,paolo-laptop,influx_dest
power_consumption,1705305162880000000,0.0032726484194562436,paolo-laptop,influx_dest
power_consumption,1705305163881000000,0.005302782448689099,paolo-laptop,influx_dest
power_consumption,1705305164885000000,0.008390773699405447,paolo-laptop,influx_dest
power_consumption,1705305165886000000,0.021957576611120733,paolo-laptop,influx_dest
power_consumption,1705305166890000000,0.00814967338804354,paolo-laptop,influx_dest
power_consumption,1705305167893000000,0.005930362314057341,paolo-laptop,influx_dest
power_consumption,1705305168895000000,0.020879828878137476,paolo-laptop,influx_dest
power_consumption,1705305169899000000,0.005485722723545985,paolo-laptop,influx_dest
power_consumption,1705305170901000000,0.010407558061588367,paolo-laptop,influx_dest
power_consumption,1705305171903000000,0.005289109687545106,paolo-laptop,influx_dest
power_consumption,1705305172906000000,0.005098640383180853,paolo-laptop,influx_dest
power_consumption,1705305173910000000,0.016627163370740498,paolo-laptop,influx_dest
power_consumption,1705305174912000000,0.005296940660597434,paolo-laptop,influx_dest
power_consumption,1705305175914000000,0.0069379034656503,paolo-laptop,influx_dest
power_consumption,1705305176916000000,0.004427222129486503,paolo-laptop,influx_dest
power_consumption,1705305177918000000,0.005702690527910621,paolo-laptop,influx_dest
power_consumption,1705305178923000000,0.015602727782609004,paolo-laptop,influx_dest
power_consumption,1705305179928000000,0.004477924087997042,paolo-laptop,influx_dest
power_consumption,1705305180931000000,0.012075105205637518,paolo-laptop,influx_dest
power_consumption,1705305181933000000,0.007120505374908225,paolo-laptop,influx_dest
power_consumption,1705305182935000000,0.007832928117805518,paolo-laptop,influx_dest
power_consumption,1705305183939000000,0.011657741357501644,paolo-laptop,influx_dest
power_consumption,1705305184942000000,0.010979220206079688,paolo-laptop,influx_dest
power_consumption,1705305185946000000,0.006628201479549649,paolo-laptop,influx_dest
power_consumption,1705305186948000000,0.005150126577009194,paolo-laptop,influx_dest
power_consumption,1705305187952000000,0.00556397262367587,paolo-laptop,influx_dest
power_consumption,1705305188954000000,0.003942072642327956,paolo-laptop,influx_dest
power_consumption,1705305189958000000,0.0076962466084830395,paolo-laptop,influx_dest
power_consumption,1705305190959000000,0.014948728510355017,paolo-laptop,influx_dest
power_consumption,1705305191964000000,0.005616491605583122,paolo-laptop,influx_dest
power_consumption,1705305192965000000,0.003759507838730681,paolo-laptop,influx_dest
power_consumption,1705305193969000000,0.007880575793144879,paolo-laptop,influx_dest
power_consumption,1705305194971000000,0.00449534307138663,paolo-laptop,influx_dest
power_consumption,1705305195975000000,0.08114783789171562,paolo-laptop,influx_dest
power_consumption,1705305196977000000,0.004571901510968706,paolo-laptop,influx_dest
power_consumption,1705305197981000000,0.01178910968303212,paolo-laptop,influx_dest
power_consumption,1705305198983000000,0.003552570969261061,paolo-laptop,influx_dest
power_consumption,1705305199987000000,0.004066422665766066,paolo-laptop,influx_dest
power_consumption,1705305200992000000,0.011864285026455075,paolo-laptop,influx_dest
power_consumption,1705305201994000000,0.004502749312165558,paolo-laptop,influx_dest
power_consumption,1705305202997000000,0.0038885409198495813,paolo-laptop,influx_dest
power_consumption,1705305203999000000,0.005959373403365862,paolo-laptop,influx_dest
power_consumption,1705305205001000000,0.007382223486932904,paolo-laptop,influx_dest
power_consumption,1705305206002000000,0.005366323168101327,paolo-laptop,influx_dest
power_consumption,1705305207004000000,0.008833642605950119,paolo-laptop,influx_dest
power_consumption,1705305208006000000,0.011018347525835144,paolo-laptop,influx_dest
power_consumption,1705305209008000000,0.005800745073056755,paolo-laptop,influx_dest
power_consumption,1705305210010000000,0.01317376496471849,paolo-laptop,influx_dest
power_consumption,1705305211011000000,0.0028539254926160367,paolo-laptop,influx_dest
power_consumption,1705305212013000000,0.004187042756701369,paolo-laptop,influx_dest
power_consumption,1705305213016000000,0.006531280461260332,paolo-laptop,influx_dest
power_consumption,1705305214018000000,0.004033697676411899,paolo-laptop,influx_dest
power_consumption,1705305215020000000,0.005580616671010175,paolo-laptop,influx_dest
power_consumption,1705305216025000000,0.0036263363022341665,paolo-laptop,influx_dest
power_consumption,1705305217031000000,0.006760023797731017,paolo-laptop,influx_dest
power_consumption,1705305218033000000,0.007266559826008148,paolo-laptop,influx_dest
power_consumption,1705305219035000000,0.0042559890425598705,paolo-laptop,influx_dest
power_consumption,1705305220036000000,0.01705139686147493,paolo-laptop,influx_dest
power_consumption,1705305221041000000,0.005590730667923471,paolo-laptop,influx_dest
power_consumption,1705305222045000000,0.005736263829915085,paolo-laptop,influx_dest
power_consumption,1705305223047000000,0.0062773166805518196,paolo-laptop,influx_dest
power_consumption,1705305224048000000,0.00822982439281242,paolo-laptop,influx_dest
power_consumption,1705305225050000000,0.00617948538627437,paolo-laptop,influx_dest
power_consumption,1705305226052000000,0.005774959861743315,paolo-laptop,influx_dest
power_consumption,1705305228057000000,0.005877966571131537,paolo-laptop,influx_dest
power_consumption,1705305229062000000,0.01711287962841688,paolo-laptop,influx_dest
power_consumption,1705305230064000000,0.013807648955055134,paolo-laptop,influx_dest
power_consumption,1705305231068000000,0.0037292615512194392,paolo-laptop,influx_dest
power_consumption,1705305232072000000,0.004826596169745815,paolo-laptop,influx_dest
power_consumption,1705305233075000000,0.004772014677416214,paolo-laptop,influx_dest
power_consumption,1705305234077000000,0.006391405795859449,paolo-laptop,influx_dest
power_consumption,1705305235081000000,0.004830876311685884,paolo-laptop,influx_dest
power_consumption,1705305236085000000,0.005789949141666629,paolo-laptop,influx_dest
power_consumption,1705305237086000000,0.0040924705170243296,paolo-laptop,influx_dest
power_consumption,1705305238090000000,0.011435813813554623,paolo-laptop,influx_dest
power_consumption,1705305239092000000,0.007482552951499329,paolo-laptop,influx_dest
power_consumption,1705305240096000000,0.01450812781839914,paolo-laptop,influx_dest
power_consumption,1705305241099000000,0.005571568924447549,paolo-laptop,influx_dest
power_consumption,1705305242103000000,0.02001236188627366,paolo-laptop,influx_dest
power_consumption,1705305243105000000,0.00423595532587056,paolo-laptop,influx_dest
power_consumption,1705305244110000000,0.005969705308953876,paolo-laptop,influx_dest
power_consumption,1705305245115000000,0.004262290764138605,paolo-laptop,influx_dest
power_consumption,1705305246117000000,0.010554162375001319,paolo-laptop,influx_dest
power_consumption,1705305247121000000,0.00468654198678586,paolo-laptop,influx_dest
power_consumption,1705305248125000000,0.00636060650425275,paolo-laptop,influx_dest
power_consumption,1705305249130000000,0.014586369501070215,paolo-laptop,influx_dest
power_consumption,1705305250132000000,0.060092622445004185,paolo-laptop,influx_dest
power_consumption,1705305251136000000,0.01662067077821533,paolo-laptop,influx_dest
power_consumption,1705305252139000000,0.015930898126496326,paolo-laptop,influx_dest
power_consumption,1705305253143000000,0.007620891649134626,paolo-laptop,influx_dest
power_consumption,1705305254147000000,0.0280405408986382,paolo-laptop,influx_dest
power_consumption,1705305255151000000,0.007071961741724601,paolo-laptop,influx_dest
power_consumption,1705305256155000000,0.03283844604905186,paolo-laptop,influx_dest
power_consumption,1705305257157000000,0.006487309318083322,paolo-laptop,influx_dest
power_consumption,1705305258158000000,0.003133943239535259,paolo-laptop,influx_dest
power_consumption,1705305259159000000,0.005551922779752703,paolo-laptop,influx_dest
power_consumption,1705305260161000000,0.01581533392489165,paolo-laptop,influx_dest
power_consumption,1705305261164000000,0.003461038067338131,paolo-laptop,influx_dest
power_consumption,1705305262167000000,0.0032002541725493264,paolo-laptop,influx_dest
power_consumption,1705305263170000000,0.0065358931688963735,paolo-laptop,influx_dest
power_consumption,1705305264172000000,0.004205522146606303,paolo-laptop,influx_dest
power_consumption,1705305265174000000,0.05729264308807418,paolo-laptop,influx_dest
power_consumption,1705305266178000000,0.005960798700064744,paolo-laptop,influx_dest
power_consumption,1705305267182000000,0.007383680413613258,paolo-laptop,influx_dest
power_consumption,1705305268186000000,0.005847289209230216,paolo-laptop,influx_dest
power_consumption,1705305269188000000,0.005227814050175281,paolo-laptop,influx_dest
power_consumption,1705305270190000000,0.01439442786523144,paolo-laptop,influx_dest
power_consumption,1705305271192000000,0.012348676397520712,paolo-laptop,influx_dest
power_consumption,1705305272194000000,0.006086183656770291,paolo-laptop,influx_dest
power_consumption,1705305273196000000,0.005391663408866475,paolo-laptop,influx_dest
power_consumption,1705305274198000000,0.006180501568298326,paolo-laptop,influx_dest
power_consumption,1705305275200000000,0.007869354967773894,paolo-laptop,influx_dest
power_consumption,1705305276201000000,0.007881135562480084,paolo-laptop,influx_dest
power_consumption,1705305277202000000,0.006738547510219758,paolo-laptop,influx_dest
power_consumption,1705305278204000000,0.005561387328580643,paolo-laptop,influx_dest
power_consumption,1705305279205000000,0.005284443483934599,paolo-laptop,influx_dest
power_consumption,1705305281212000000,0.004670207126075634,paolo-laptop,influx_dest
power_consumption,1705305282214000000,0.005930342997868349,paolo-laptop,influx_dest
power_consumption,1705305283216000000,0.005900172013246838,paolo-laptop,influx_dest
power_consumption,1705305284219000000,0.0047043369231059345,paolo-laptop,influx_dest
power_consumption,1705305285221000000,0.0050263599424608535,paolo-laptop,influx_dest
power_consumption,1705305286223000000,0.0070371138612994235,paolo-laptop,influx_dest
power_consumption,1705305287227000000,0.004365236025065019,paolo-laptop,influx_dest
power_consumption,1705305288230000000,0.010998862434872587,paolo-laptop,influx_dest
power_consumption,1705305289234000000,0.01032709821015539,paolo-laptop,influx_dest
power_consumption,1705305290237000000,0.020648462502839707,paolo-laptop,influx_dest
power_consumption,1705305291241000000,0.029569248370991907,paolo-laptop,influx_dest
power_consumption,1705305292244000000,0.00376215856247395,paolo-laptop,influx_dest
power_consumption,1705305293245000000,0.006821615568410304,paolo-laptop,influx_dest
power_consumption,1705305294249000000,0.0086876735830471,paolo-laptop,influx_dest
power_consumption,1705305295252000000,0.007386542321503877,paolo-laptop,influx_dest
power_consumption,1705305296256000000,0.00504033062551294,paolo-laptop,influx_dest
power_consumption,1705305297259000000,0.014465137145684634,paolo-laptop,influx_dest
power_consumption,1705305298262000000,0.006849093878444704,paolo-laptop,influx_dest
power_consumption,1705305299265000000,0.005734112058177483,paolo-laptop,influx_dest
power_consumption,1705305300269000000,0.013477055729630495,paolo-laptop,influx_dest
power_consumption,1705305301273000000,0.0073470919790183525,paolo-laptop,influx_dest
power_consumption,1705305302277000000,0.004595250365931081,paolo-laptop,influx_dest
power_consumption,1705305303279000000,0.006277497256452196,paolo-laptop,influx_dest
power_consumption,1705305304283000000,0.0029721951348937138,paolo-laptop,influx_dest
power_consumption,1705305305285000000,0.01796552098955416,paolo-laptop,influx_dest
power_consumption,1705305306289000000,0.00596726647813964,paolo-laptop,influx_dest
power_consumption,1705305307293000000,0.007954496947798954,paolo-laptop,influx_dest
power_consumption,1705305308297000000,0.011161500089277803,paolo-laptop,influx_dest
power_consumption,1705305309301000000,0.03591988154313809,paolo-laptop,influx_dest
power_consumption,1705305310305000000,0.06096018408079663,paolo-laptop,influx_dest
power_consumption,1705305311310000000,0.0066042439645009,paolo-laptop,influx_dest
power_consumption,1705305312314000000,0.006550948467460968,paolo-laptop,influx_dest
power_consumption,1705305313317000000,0.006781587378601694,paolo-laptop,influx_dest
power_consumption,1705305314321000000,0.0052309247004768186,paolo-laptop,influx_dest
power_consumption,1705305315325000000,0.006879307367373414,paolo-laptop,influx_dest
power_consumption,1705305316329000000,0.013144090499299127,paolo-laptop,influx_dest
power_consumption,1705305317331000000,0.005197065389024362,paolo-laptop,influx_dest
power_consumption,1705305318335000000,0.014292494013481625,paolo-laptop,influx_dest
power_consumption,1705305319340000000,0.0061405669296919155,paolo-laptop,influx_dest
power_consumption,1705305320345000000,0.01642064112905947,paolo-laptop,influx_dest
power_consumption,1705305321347000000,0.004686641243841183,paolo-laptop,influx_dest
power_consumption,1705305322352000000,0.007965700119865922,paolo-laptop,influx_dest
power_consumption,1705305323354000000,0.004560689158649966,paolo-laptop,influx_dest
power_consumption,1705305324355000000,0.006188425277233817,paolo-laptop,influx_dest
power_consumption,1705305325359000000,0.006976665960395249,paolo-laptop,influx_dest
power_consumption,1705305326360000000,0.006408267929198118,paolo-laptop,influx_dest
power_consumption,1705305327362000000,0.008043936045696982,paolo-laptop,influx_dest
power_consumption,1705305328363000000,0.004040854015543575,paolo-laptop,influx_dest
power_consumption,1705305329365000000,0.004671024480692175,paolo-laptop,influx_dest
power_consumption,1705305330366000000,0.014310972652381689,paolo-laptop,influx_dest
power_consumption,1705305331367000000,0.00545332319089876,paolo-laptop,influx_dest
power_consumption,1705305332369000000,0.006232934077604635,paolo-laptop,influx_dest
power_consumption,1705305333370000000,0.004410979300702721,paolo-laptop,influx_dest
power_consumption,1705305334371000000,0.011097143031924769,paolo-laptop,influx_dest
power_consumption,1705305335373000000,0.006308337403864914,paolo-laptop,influx_dest
power_consumption,1705305336376000000,0.003888406347073393,paolo-laptop,influx_dest
power_consumption,1705305337378000000,0.06443186474563295,paolo-laptop,influx_dest
power_consumption,1705305338382000000,0.006858947233659644,paolo-laptop,influx_dest
power_consumption,1705305339384000000,0.009199833037451265,paolo-laptop,influx_dest
power_consumption,1705305340390000000,0.01304043479700484,paolo-laptop,influx_dest
power_consumption,1705305341397000000,0.0051484741446600705,paolo-laptop,influx_dest
power_consumption,1705305342399000000,0.006040724769529919,paolo-laptop,influx_dest
power_consumption,1705305343405000000,0.004827633274962861,paolo-laptop,influx_dest
power_consumption,1705305344407000000,0.004632493883485345,paolo-laptop,influx_dest
power_consumption,1705305345408000000,0.0051627058090569136,paolo-laptop,influx_dest
power_consumption,1705305346410000000,0.004989397674620817,paolo-laptop,influx_dest
power_consumption,1705305347412000000,0.005153129858204157,paolo-laptop,influx_dest
power_consumption,1705305348415000000,0.006390811605212205,paolo-laptop,influx_dest
power_consumption,1705305349418000000,0.0061222401042697015,paolo-laptop,influx_dest
power_consumption,1705305350423000000,0.013533090381584675,paolo-laptop,influx_dest
power_consumption,1705305351426000000,0.004943656326680304,paolo-laptop,influx_dest
power_consumption,1705305352429000000,0.00639042387719793,paolo-laptop,influx_dest
power_consumption,1705305353431000000,0.006620898475023302,paolo-laptop,influx_dest
power_consumption,1705305354435000000,0.0048644011637480455,paolo-laptop,influx_dest
power_consumption,1705305355440000000,0.011386992875820302,paolo-laptop,influx_dest
power_consumption,1705305356444000000,0.007496145396478771,paolo-laptop,influx_dest
power_consumption,1705305357447000000,0.010410066984576602,paolo-laptop,influx_dest
power_consumption,1705305358450000000,0.005007356062153433,paolo-laptop,influx_dest
power_consumption,1705305359454000000,0.009148982367608392,paolo-laptop,influx_dest
power_consumption,1705305360458000000,0.015896211073649247,paolo-laptop,influx_dest
power_consumption,1705305361460000000,0.004569801897675717,paolo-laptop,influx_dest
power_consumption,1705305362464000000,0.00606845306320835,paolo-laptop,influx_dest
power_consumption,1705305363465000000,0.007497613717825078,paolo-laptop,influx_dest
power_consumption,1705305364471000000,0.004813158992855089,paolo-laptop,influx_dest
power_consumption,1705305365473000000,0.005947624362026191,paolo-laptop,influx_dest
power_consumption,1705305366474000000,0.00730745532503017,paolo-laptop,influx_dest
power_consumption,1705305367479000000,0.009733682608442745,paolo-laptop,influx_dest
power_consumption,1705305368481000000,0.01852073029787169,paolo-laptop,influx_dest
power_consumption,1705305369483000000,0.0045543524325552176,paolo-laptop,influx_dest
power_consumption,1705305370484000000,0.014997573654918208,paolo-laptop,influx_dest
power_consumption,1705305371486000000,0.007051236429890563,paolo-laptop,influx_dest
power_consumption,1705305372487000000,0.006287061179323686,paolo-laptop,influx_dest
power_consumption,1705305373489000000,0.00850690403715956,paolo-laptop,influx_dest
power_consumption,1705305374491000000,0.005848068765902178,paolo-laptop,influx_dest
power_consumption,1705305375493000000,0.00664910849785142,paolo-laptop,influx_dest
power_consumption,1705305376496000000,0.01020641714243883,paolo-laptop,influx_dest
power_consumption,1705305377502000000,0.019875794846651064,paolo-laptop,influx_dest
power_consumption,1705305378505000000,0.007985073356811194,paolo-laptop,influx_dest
power_consumption,1705305379509000000,0.0059779789662263196,paolo-laptop,influx_dest
power_consumption,1705305380511000000,0.013160019037238074,paolo-laptop,influx_dest
