name,time,power,sensor,target
power_consumption,1704891604641000000,0.006112324828089574,paolo-laptop,influx_dest
power_consumption,1704891605642000000,0.006350615024384645,paolo-laptop,influx_dest
power_consumption,1704891606644000000,0.005324731655264169,paolo-laptop,influx_dest
power_consumption,1704891607646000000,0.005856236976149926,paolo-laptop,influx_dest
power_consumption,1704891608647000000,0.004523694194920538,paolo-laptop,influx_dest
power_consumption,1704891610652000000,0.013645715470299632,paolo-laptop,influx_dest
power_consumption,1704891611654000000,0.006008305815773848,paolo-laptop,influx_dest
power_consumption,1704891612656000000,0.005357307147174668,paolo-laptop,influx_dest
power_consumption,1704891613658000000,0.004124666567242256,paolo-laptop,influx_dest
power_consumption,1704891614659000000,0.00424913931046008,paolo-laptop,influx_dest
power_consumption,1704891615661000000,0.0055585545706429585,paolo-laptop,influx_dest
power_consumption,1704891616665000000,0.0029199623721183577,paolo-laptop,influx_dest
power_consumption,1704891617666000000,0.0036803267359758773,paolo-laptop,influx_dest
power_consumption,1704891618667000000,0.0038567311464229163,paolo-laptop,influx_dest
power_consumption,1704891619669000000,0.0035506440182968475,paolo-laptop,influx_dest
power_consumption,1704891621672000000,0.003570771609722161,paolo-laptop,influx_dest
power_consumption,1704891623676000000,0.00337095066340195,paolo-laptop,influx_dest
power_consumption,1704891624677000000,0.004021503720682336,paolo-laptop,influx_dest
power_consumption,1704891626680000000,0.003947735361033096,paolo-laptop,influx_dest
power_consumption,1704891628682000000,0.0037049380830997984,paolo-laptop,influx_dest
power_consumption,1704891629684000000,0.11198002808464362,paolo-laptop,influx_dest
power_consumption,1704891630685000000,0.00985449691414685,paolo-laptop,influx_dest
power_consumption,1704891633689000000,0.003768482429873232,paolo-laptop,influx_dest
power_consumption,1704891636694000000,0.0035909707073257372,paolo-laptop,influx_dest
power_consumption,1704891637695000000,0.0029904887418571212,paolo-laptop,influx_dest
power_consumption,1704891639697000000,0.002261531208821303,paolo-laptop,influx_dest
power_consumption,1704891641700000000,0.012612189246792848,paolo-laptop,influx_dest
power_consumption,1704891642701000000,0.002874068290242799,paolo-laptop,influx_dest
power_consumption,1704891643703000000,0.008109570814659895,paolo-laptop,influx_dest
power_consumption,1704891644704000000,0.003064206082270294,paolo-laptop,influx_dest
power_consumption,1704891645706000000,0.0033939726966372243,paolo-laptop,influx_dest
power_consumption,1704891646708000000,0.0033997209648436813,paolo-laptop,influx_dest
power_consumption,1704891647709000000,0.007900889325038497,paolo-laptop,influx_dest
power_consumption,1704891648710000000,0.00925725591955176,paolo-laptop,influx_dest
power_consumption,1704891649711000000,0.008510572945181523,paolo-laptop,influx_dest
power_consumption,1704891650712000000,0.017665452875220384,paolo-laptop,influx_dest
power_consumption,1704891651714000000,0.007978759203273431,paolo-laptop,influx_dest
power_consumption,1704891652715000000,0.007752676298120469,paolo-laptop,influx_dest
power_consumption,1704891653716000000,0.007775231740478437,paolo-laptop,influx_dest
power_consumption,1704891654718000000,0.0026539508973611385,paolo-laptop,influx_dest
power_consumption,1704891655719000000,0.008589929182013647,paolo-laptop,influx_dest
power_consumption,1704891656721000000,0.0031527722403640597,paolo-laptop,influx_dest
power_consumption,1704891657723000000,0.008195179516896519,paolo-laptop,influx_dest
power_consumption,1704891658725000000,0.003188053895220506,paolo-laptop,influx_dest
power_consumption,1704891660730000000,0.009885280969106236,paolo-laptop,influx_dest
power_consumption,1704891661731000000,0.0032336835243542213,paolo-laptop,influx_dest
power_consumption,1704891662733000000,0.003125289234521799,paolo-laptop,influx_dest
power_consumption,1704891664738000000,0.003538786157313087,paolo-laptop,influx_dest
power_consumption,1704891666742000000,0.0027960749603995424,paolo-laptop,influx_dest
power_consumption,1704891667744000000,0.0031811928797934406,paolo-laptop,influx_dest
power_consumption,1704891668746000000,0.002892225763803401,paolo-laptop,influx_dest
power_consumption,1704891669748000000,0.0033702836280146004,paolo-laptop,influx_dest
power_consumption,1704891670751000000,0.0099231350222663,paolo-laptop,influx_dest
power_consumption,1704891671753000000,0.0031661868181860056,paolo-laptop,influx_dest
power_consumption,1704891672755000000,0.003150675135057233,paolo-laptop,influx_dest
power_consumption,1704891673761000000,0.003193852914051491,paolo-laptop,influx_dest
power_consumption,1704891675767000000,0.009918649620389701,paolo-laptop,influx_dest
power_consumption,1704891676770000000,0.00629348995005129,paolo-laptop,influx_dest
power_consumption,1704891677774000000,0.005499302277835777,paolo-laptop,influx_dest
power_consumption,1704891678783000000,0.006029990486693708,paolo-laptop,influx_dest
power_consumption,1704891679785000000,0.005372796035247319,paolo-laptop,influx_dest
power_consumption,1704891680787000000,0.009097708107441718,paolo-laptop,influx_dest
power_consumption,1704891681789000000,0.004660502255798527,paolo-laptop,influx_dest
power_consumption,1704891682791000000,0.005186326306325036,paolo-laptop,influx_dest
power_consumption,1704891683793000000,0.006344071500073448,paolo-laptop,influx_dest
power_consumption,1704891684796000000,0.052311613475246474,paolo-laptop,influx_dest
power_consumption,1704891685798000000,0.006038237180743795,paolo-laptop,influx_dest
power_consumption,1704891686801000000,0.0051829137257147105,paolo-laptop,influx_dest
power_consumption,1704891687803000000,0.00573426783969196,paolo-laptop,influx_dest
power_consumption,1704891688805000000,0.004962971835451068,paolo-laptop,influx_dest
power_consumption,1704891689807000000,0.0052968636942566484,paolo-laptop,influx_dest
power_consumption,1704891690808000000,0.011429846667817802,paolo-laptop,influx_dest
power_consumption,1704891691810000000,0.004846772778931328,paolo-laptop,influx_dest
power_consumption,1704891692812000000,0.005029399970041212,paolo-laptop,influx_dest
power_consumption,1704891693814000000,0.0029401266844717522,paolo-laptop,influx_dest
power_consumption,1704891694816000000,0.004932358141006855,paolo-laptop,influx_dest
power_consumption,1704891695817000000,0.007113293542524311,paolo-laptop,influx_dest
power_consumption,1704891696819000000,0.004826843007667872,paolo-laptop,influx_dest
power_consumption,1704891697821000000,0.006623492391404649,paolo-laptop,influx_dest
power_consumption,1704891698824000000,0.003679055022416889,paolo-laptop,influx_dest
power_consumption,1704891699825000000,0.0032779599510205154,paolo-laptop,influx_dest
power_consumption,1704891700828000000,0.013275370463446795,paolo-laptop,influx_dest
power_consumption,1704891701833000000,0.0058665888024461875,paolo-laptop,influx_dest
power_consumption,1704891702838000000,0.003391773800833066,paolo-laptop,influx_dest
power_consumption,1704891703844000000,0.003478764289830424,paolo-laptop,influx_dest
power_consumption,1704891704848000000,0.006031729145374327,paolo-laptop,influx_dest
power_consumption,1704891705853000000,0.003148722641063182,paolo-laptop,influx_dest
power_consumption,1704891706858000000,0.0056868221323485325,paolo-laptop,influx_dest
power_consumption,1704891707863000000,0.0035569248377895664,paolo-laptop,influx_dest
power_consumption,1704891708868000000,0.00366713320971694,paolo-laptop,influx_dest
power_consumption,1704891709873000000,0.003701800732992872,paolo-laptop,influx_dest
power_consumption,1704891710875000000,0.008698622356698415,paolo-laptop,influx_dest
power_consumption,1704891711880000000,0.005622859386963014,paolo-laptop,influx_dest
power_consumption,1704891712886000000,0.006206207018897192,paolo-laptop,influx_dest
power_consumption,1704891713888000000,0.004725459308685856,paolo-laptop,influx_dest
power_consumption,1704891714890000000,0.005410124431996051,paolo-laptop,influx_dest
power_consumption,1704891715892000000,0.00640922041475798,paolo-laptop,influx_dest
power_consumption,1704891716894000000,0.005828908823280433,paolo-laptop,influx_dest
power_consumption,1704891717896000000,0.002963137065458545,paolo-laptop,influx_dest
power_consumption,1704891718897000000,0.004580722360351374,paolo-laptop,influx_dest
power_consumption,1704891719899000000,0.006364533041558211,paolo-laptop,influx_dest
power_consumption,1704891720901000000,0.01268365275982695,paolo-laptop,influx_dest
power_consumption,1704891721903000000,0.0057368847979107985,paolo-laptop,influx_dest
power_consumption,1704891722906000000,0.005423482936187804,paolo-laptop,influx_dest
power_consumption,1704891723908000000,0.0059513337238643925,paolo-laptop,influx_dest
power_consumption,1704891724910000000,0.005720555940686586,paolo-laptop,influx_dest
power_consumption,1704891725912000000,0.006773193714552397,paolo-laptop,influx_dest
power_consumption,1704891726914000000,0.005581905507183554,paolo-laptop,influx_dest
power_consumption,1704891727917000000,0.006424019212609931,paolo-laptop,influx_dest
power_consumption,1704891728919000000,0.006090869835049222,paolo-laptop,influx_dest
power_consumption,1704891729922000000,0.005175239173108976,paolo-laptop,influx_dest
power_consumption,1704891730925000000,0.01430102891150901,paolo-laptop,influx_dest
power_consumption,1704891731927000000,0.006354317194902157,paolo-laptop,influx_dest
power_consumption,1704891732929000000,0.005734690894806485,paolo-laptop,influx_dest
power_consumption,1704891733931000000,0.006323549506071861,paolo-laptop,influx_dest
power_consumption,1704891734933000000,0.007385723598465348,paolo-laptop,influx_dest
power_consumption,1704891735934000000,0.011390031924024374,paolo-laptop,influx_dest
power_consumption,1704891736939000000,0.008600539182622258,paolo-laptop,influx_dest
power_consumption,1704891737941000000,0.0068300029804170105,paolo-laptop,influx_dest
power_consumption,1704891738944000000,0.007705044210092456,paolo-laptop,influx_dest
power_consumption,1704891739945000000,0.006480112165576845,paolo-laptop,influx_dest
power_consumption,1704891740947000000,0.017369676357763035,paolo-laptop,influx_dest
power_consumption,1704891741950000000,0.07131728110724386,paolo-laptop,influx_dest
power_consumption,1704891742951000000,0.008496751376629568,paolo-laptop,influx_dest
power_consumption,1704891743953000000,0.008201556801554405,paolo-laptop,influx_dest
power_consumption,1704891744955000000,0.006341316951819881,paolo-laptop,influx_dest
power_consumption,1704891745958000000,0.008488752166637041,paolo-laptop,influx_dest
power_consumption,1704891746960000000,0.007230851694242199,paolo-laptop,influx_dest
power_consumption,1704891747962000000,0.004593214865092081,paolo-laptop,influx_dest
power_consumption,1704891748964000000,0.004776031374069213,paolo-laptop,influx_dest
power_consumption,1704891749966000000,0.005278475727461648,paolo-laptop,influx_dest
power_consumption,1704891750969000000,0.01160609896529953,paolo-laptop,influx_dest
power_consumption,1704891751971000000,0.005283975173615899,paolo-laptop,influx_dest
power_consumption,1704891752973000000,0.005061372879682765,paolo-laptop,influx_dest
power_consumption,1704891753975000000,0.006171980407313779,paolo-laptop,influx_dest
power_consumption,1704891754976000000,0.005646056474287849,paolo-laptop,influx_dest
power_consumption,1704891755978000000,0.007248290904310018,paolo-laptop,influx_dest
power_consumption,1704891756980000000,0.004750556163598129,paolo-laptop,influx_dest
power_consumption,1704891757986000000,0.005928489097550879,paolo-laptop,influx_dest
power_consumption,1704891758988000000,0.0051826455294081576,paolo-laptop,influx_dest
power_consumption,1704891766015000000,0.006348606973691585,paolo-laptop,influx_dest
power_consumption,1704891767017000000,0.005056157398686373,paolo-laptop,influx_dest
power_consumption,1704891768019000000,0.005150105666342244,paolo-laptop,influx_dest
power_consumption,1704891771026000000,0.005694541986873178,paolo-laptop,influx_dest
power_consumption,1704891773031000000,0.005863644793759282,paolo-laptop,influx_dest
power_consumption,1704891775036000000,0.006168476896575447,paolo-laptop,influx_dest
power_consumption,1704891776038000000,0.00695932164173808,paolo-laptop,influx_dest
power_consumption,1704891777040000000,0.005306804676096758,paolo-laptop,influx_dest
power_consumption,1704891778043000000,0.006841894636605407,paolo-laptop,influx_dest
power_consumption,1704891779045000000,0.0060342101928343396,paolo-laptop,influx_dest
power_consumption,1704891780048000000,0.013101242058225784,paolo-laptop,influx_dest
power_consumption,1704891781050000000,0.004880652258680036,paolo-laptop,influx_dest
power_consumption,1704891782052000000,0.005348174828974588,paolo-laptop,influx_dest
power_consumption,1704891783054000000,0.005784005110084024,paolo-laptop,influx_dest
power_consumption,1704891784057000000,0.005742603250531254,paolo-laptop,influx_dest
power_consumption,1704891785059000000,0.004986789378434903,paolo-laptop,influx_dest
power_consumption,1704891786061000000,0.005701200960200794,paolo-laptop,influx_dest
power_consumption,1704891787063000000,0.005134521947293654,paolo-laptop,influx_dest
power_consumption,1704891791073000000,0.005395641220840338,paolo-laptop,influx_dest
power_consumption,1704891792075000000,0.006557357180906309,paolo-laptop,influx_dest
power_consumption,1704891801100000000,0.004769123182392936,paolo-laptop,influx_dest
power_consumption,1704891802105000000,0.004442463257244739,paolo-laptop,influx_dest
power_consumption,1704891803107000000,0.005104054997903214,paolo-laptop,influx_dest
power_consumption,1704891804110000000,0.005827365889438573,paolo-laptop,influx_dest
power_consumption,1704891805115000000,0.005063634266669346,paolo-laptop,influx_dest
power_consumption,1704891806120000000,0.005885841762278588,paolo-laptop,influx_dest
power_consumption,1704891808134000000,0.06266117493501742,paolo-laptop,influx_dest
power_consumption,1704891809139000000,0.005676092919372516,paolo-laptop,influx_dest
power_consumption,1704891810142000000,0.01348321499111285,paolo-laptop,influx_dest
power_consumption,1704891811144000000,0.0057236482175880635,paolo-laptop,influx_dest
power_consumption,1704891812146000000,0.006020300647071027,paolo-laptop,influx_dest
power_consumption,1704891813148000000,0.003022757340375401,paolo-laptop,influx_dest
power_consumption,1704891814153000000,0.0029944368644438005,paolo-laptop,influx_dest
power_consumption,1704891815156000000,0.0034018961489802975,paolo-laptop,influx_dest
power_consumption,1704891816157000000,0.00320128780185908,paolo-laptop,influx_dest
power_consumption,1704891817162000000,0.0033534972399789117,paolo-laptop,influx_dest
power_consumption,1704891818164000000,0.003274475259216442,paolo-laptop,influx_dest
power_consumption,1704891819166000000,0.002378814587179437,paolo-laptop,influx_dest
power_consumption,1704891820168000000,0.010044130184024898,paolo-laptop,influx_dest
power_consumption,1704891821173000000,0.002817323225527221,paolo-laptop,influx_dest
power_consumption,1704891822175000000,0.0027605757203094435,paolo-laptop,influx_dest
power_consumption,1704891823178000000,0.0032562017478522977,paolo-laptop,influx_dest
power_consumption,1704891824180000000,0.002392707828853595,paolo-laptop,influx_dest
power_consumption,1704891825182000000,0.0029033445268060883,paolo-laptop,influx_dest
power_consumption,1704891826184000000,0.002975038854471546,paolo-laptop,influx_dest
power_consumption,1704891827186000000,0.002963306915715765,paolo-laptop,influx_dest
power_consumption,1704891828188000000,0.002479504842375471,paolo-laptop,influx_dest
power_consumption,1704891829190000000,0.0026592625475707603,paolo-laptop,influx_dest
power_consumption,1704891830192000000,0.008812860511995417,paolo-laptop,influx_dest
power_consumption,1704891831194000000,0.0024170479904002296,paolo-laptop,influx_dest
power_consumption,1704891832196000000,0.003279213550816392,paolo-laptop,influx_dest
power_consumption,1704891833198000000,0.0029173185304386313,paolo-laptop,influx_dest
power_consumption,1704891834201000000,0.0021227512599881044,paolo-laptop,influx_dest
power_consumption,1704891835203000000,0.002517673933532648,paolo-laptop,influx_dest
power_consumption,1704891836205000000,0.002547629970080095,paolo-laptop,influx_dest
power_consumption,1704891837211000000,0.0027844626111842327,paolo-laptop,influx_dest
power_consumption,1704891838215000000,0.004662167936499037,paolo-laptop,influx_dest
power_consumption,1704891841228000000,0.0025774055959976293,paolo-laptop,influx_dest
power_consumption,1704891842231000000,0.003244722522680029,paolo-laptop,influx_dest
power_consumption,1704891843233000000,0.0027414227949686377,paolo-laptop,influx_dest
power_consumption,1704891845237000000,0.004649484714621552,paolo-laptop,influx_dest
power_consumption,1704891846238000000,0.003379811192888251,paolo-laptop,influx_dest
power_consumption,1704891850247000000,0.011616080659993642,paolo-laptop,influx_dest
power_consumption,1704891851248000000,0.004382988352136285,paolo-laptop,influx_dest
power_consumption,1704891852250000000,0.003544821302527975,paolo-laptop,influx_dest
power_consumption,1704891853252000000,0.002660068220961264,paolo-laptop,influx_dest
power_consumption,1704891854253000000,0.0028437140864486844,paolo-laptop,influx_dest
power_consumption,1704891855255000000,0.0022698272427979166,paolo-laptop,influx_dest
power_consumption,1704891856257000000,0.0033502133999455054,paolo-laptop,influx_dest
power_consumption,1704891857259000000,0.002445084385610987,paolo-laptop,influx_dest
power_consumption,1704891858261000000,0.003296777380493078,paolo-laptop,influx_dest
power_consumption,1704891859267000000,0.002857558725524517,paolo-laptop,influx_dest
power_consumption,1704891860269000000,0.009647491456802243,paolo-laptop,influx_dest
power_consumption,1704891861272000000,0.0030634136735637123,paolo-laptop,influx_dest
power_consumption,1704891862274000000,0.003026125468696517,paolo-laptop,influx_dest
power_consumption,1704891863277000000,0.0029302008977974392,paolo-laptop,influx_dest
power_consumption,1704891864285000000,0.003278654084257608,paolo-laptop,influx_dest
power_consumption,1704891865290000000,0.0030827398435301872,paolo-laptop,influx_dest
power_consumption,1704891867295000000,0.05999722016100632,paolo-laptop,influx_dest
power_consumption,1704891870301000000,0.009505586126674041,paolo-laptop,influx_dest
power_consumption,1704891875312000000,0.0024878102036224254,paolo-laptop,influx_dest
power_consumption,1704891876314000000,0.003100862939340769,paolo-laptop,influx_dest
power_consumption,1704891877317000000,0.0030428259883388004,paolo-laptop,influx_dest
power_consumption,1704891881332000000,0.002550762103809142,paolo-laptop,influx_dest
power_consumption,1704891882335000000,0.0036878391040171938,paolo-laptop,influx_dest
power_consumption,1704891885343000000,0.003478857316176494,paolo-laptop,influx_dest
power_consumption,1704891886345000000,0.004435970253777642,paolo-laptop,influx_dest
power_consumption,1704891887347000000,0.0031680077157850953,paolo-laptop,influx_dest
power_consumption,1704891888349000000,0.005142118983955079,paolo-laptop,influx_dest
power_consumption,1704891889351000000,0.0039931352012767115,paolo-laptop,influx_dest
power_consumption,1704891890357000000,0.010210450481766957,paolo-laptop,influx_dest
power_consumption,1704891891358000000,0.0036174749378238107,paolo-laptop,influx_dest
power_consumption,1704891892361000000,0.004451640635274565,paolo-laptop,influx_dest
power_consumption,1704891895370000000,0.004343549628772033,paolo-laptop,influx_dest
power_consumption,1704891897373000000,0.003376462965941557,paolo-laptop,influx_dest
power_consumption,1704891898375000000,0.004733417255605665,paolo-laptop,influx_dest
power_consumption,1704891900378000000,0.01021538523682882,paolo-laptop,influx_dest
power_consumption,1704891901384000000,0.004680156358659909,paolo-laptop,influx_dest
power_consumption,1704891903388000000,0.004518689993063761,paolo-laptop,influx_dest
power_consumption,1704891904390000000,0.006182471873805921,paolo-laptop,influx_dest
power_consumption,1704891906393000000,0.0045421393454472695,paolo-laptop,influx_dest
power_consumption,1704891907396000000,0.004193754423903749,paolo-laptop,influx_dest
power_consumption,1704891908398000000,0.004061911932514929,paolo-laptop,influx_dest
power_consumption,1704891909400000000,0.003936919186753679,paolo-laptop,influx_dest
power_consumption,1704891910402000000,0.011700959339233302,paolo-laptop,influx_dest
power_consumption,1704891911404000000,0.004395943842606556,paolo-laptop,influx_dest
power_consumption,1704891912408000000,0.0038653070186619462,paolo-laptop,influx_dest
power_consumption,1704891913410000000,0.003838060694241164,paolo-laptop,influx_dest
power_consumption,1704891914415000000,0.003996583380273601,paolo-laptop,influx_dest
power_consumption,1704891915417000000,0.0048051208994620035,paolo-laptop,influx_dest
power_consumption,1704891916419000000,0.004833501387089684,paolo-laptop,influx_dest
power_consumption,1704891917420000000,0.0049703369432729655,paolo-laptop,influx_dest
power_consumption,1704891918423000000,0.004258069665421418,paolo-laptop,influx_dest
power_consumption,1704891919425000000,0.0040405528177420895,paolo-laptop,influx_dest
power_consumption,1704891920427000000,0.011555831939863556,paolo-laptop,influx_dest
power_consumption,1704891921433000000,0.004320974564766482,paolo-laptop,influx_dest
power_consumption,1704891922438000000,0.00461660689700226,paolo-laptop,influx_dest
power_consumption,1704891923442000000,0.004169172634363338,paolo-laptop,influx_dest
power_consumption,1704891924444000000,0.058989418141748774,paolo-laptop,influx_dest
power_consumption,1704891925446000000,0.005888298843818523,paolo-laptop,influx_dest
power_consumption,1704891926448000000,0.0053309260123199035,paolo-laptop,influx_dest
power_consumption,1704891927451000000,0.004521296383057852,paolo-laptop,influx_dest
power_consumption,1704891928453000000,0.005192377487553693,paolo-laptop,influx_dest
power_consumption,1704891929455000000,0.004440210855631661,paolo-laptop,influx_dest
power_consumption,1704891930458000000,0.011722861588825888,paolo-laptop,influx_dest
power_consumption,1704891931459000000,0.004380166152483088,paolo-laptop,influx_dest
power_consumption,1704891934467000000,0.005038133813060657,paolo-laptop,influx_dest
power_consumption,1704891935469000000,0.004833045366655462,paolo-laptop,influx_dest
power_consumption,1704891936472000000,0.005259545029802952,paolo-laptop,influx_dest
power_consumption,1704891939479000000,0.003931514214462018,paolo-laptop,influx_dest
power_consumption,1704891940481000000,0.011060914813040853,paolo-laptop,influx_dest
power_consumption,1704891941482000000,0.004042366717828399,paolo-laptop,influx_dest
power_consumption,1704891942484000000,0.003752044081528498,paolo-laptop,influx_dest
power_consumption,1704891943486000000,0.005373010615702144,paolo-laptop,influx_dest
power_consumption,1704891944488000000,0.004482125326400977,paolo-laptop,influx_dest
power_consumption,1704891945490000000,0.005049386430885157,paolo-laptop,influx_dest
power_consumption,1704891946492000000,0.004574552409804185,paolo-laptop,influx_dest
power_consumption,1704891947494000000,0.004668373695423126,paolo-laptop,influx_dest
power_consumption,1704891948495000000,0.0042713469155994215,paolo-laptop,influx_dest
power_consumption,1704891949497000000,0.004487447351125641,paolo-laptop,influx_dest
power_consumption,1704891950499000000,0.012543808286450775,paolo-laptop,influx_dest
power_consumption,1704891961529000000,0.005177802220803492,paolo-laptop,influx_dest
power_consumption,1704891964535000000,0.0030334316828668877,paolo-laptop,influx_dest
power_consumption,1704891967540000000,0.006074759283323139,paolo-laptop,influx_dest
power_consumption,1704891968541000000,0.006214441274333654,paolo-laptop,influx_dest
power_consumption,1704891971548000000,0.004753363064987866,paolo-laptop,influx_dest
power_consumption,1704891973551000000,0.004368548658813686,paolo-laptop,influx_dest
power_consumption,1704891975556000000,0.005879085959617257,paolo-laptop,influx_dest
power_consumption,1704891978562000000,0.006715805396735587,paolo-laptop,influx_dest
power_consumption,1704891980569000000,0.014236150832712957,paolo-laptop,influx_dest
power_consumption,1704891985592000000,0.005947950203178735,paolo-laptop,influx_dest
power_consumption,1704891988606000000,0.004135676752796089,paolo-laptop,influx_dest
power_consumption,1704891993625000000,0.003698146014086004,paolo-laptop,influx_dest
power_consumption,1704891995631000000,0.006931352615880374,paolo-laptop,influx_dest
power_consumption,1704891996633000000,0.004140939852669293,paolo-laptop,influx_dest
power_consumption,1704891997637000000,0.0056726229986923974,paolo-laptop,influx_dest
power_consumption,1704891998639000000,0.0037843437712537426,paolo-laptop,influx_dest
power_consumption,1704891999641000000,0.003561321281275826,paolo-laptop,influx_dest
power_consumption,1704892000643000000,0.012537983116839096,paolo-laptop,influx_dest
power_consumption,1704892001649000000,0.005313977694447757,paolo-laptop,influx_dest
power_consumption,1704892002651000000,0.00521776610171334,paolo-laptop,influx_dest
power_consumption,1704892003659000000,0.008077562277031713,paolo-laptop,influx_dest
power_consumption,1704892004661000000,0.0049605112707386285,paolo-laptop,influx_dest
power_consumption,1704892005662000000,0.005203201383731152,paolo-laptop,influx_dest
power_consumption,1704892006663000000,0.005587919423132637,paolo-laptop,influx_dest
power_consumption,1704892007665000000,0.005070273897495451,paolo-laptop,influx_dest
power_consumption,1704892008666000000,0.0054122318052450425,paolo-laptop,influx_dest
power_consumption,1704892009667000000,0.004818246096488088,paolo-laptop,influx_dest
power_consumption,1704892010669000000,0.014112586756623786,paolo-laptop,influx_dest
power_consumption,1704892011671000000,0.0031748844079391653,paolo-laptop,influx_dest
power_consumption,1704892012672000000,0.005764756959621885,paolo-laptop,influx_dest
power_consumption,1704892013674000000,0.005816119823931947,paolo-laptop,influx_dest
power_consumption,1704892014676000000,0.005507228967542786,paolo-laptop,influx_dest
power_consumption,1704892015679000000,0.006267042115314111,paolo-laptop,influx_dest
power_consumption,1704892016681000000,0.0035253143413233796,paolo-laptop,influx_dest
power_consumption,1704892017685000000,0.004069648625704024,paolo-laptop,influx_dest
power_consumption,1704892018688000000,0.004340200730793829,paolo-laptop,influx_dest
power_consumption,1704892019689000000,0.004802666161961927,paolo-laptop,influx_dest
power_consumption,1704892020691000000,0.011689161929094787,paolo-laptop,influx_dest
power_consumption,1704892021694000000,0.0042023657573136315,paolo-laptop,influx_dest
power_consumption,1704892022696000000,0.004154506231683929,paolo-laptop,influx_dest
power_consumption,1704892023698000000,0.005757737302122204,paolo-laptop,influx_dest
power_consumption,1704892026710000000,0.003987862021030466,paolo-laptop,influx_dest
power_consumption,1704892027712000000,0.003447697645684723,paolo-laptop,influx_dest
power_consumption,1704892028714000000,0.004541030223934052,paolo-laptop,influx_dest
power_consumption,1704892029716000000,0.0042442013880967765,paolo-laptop,influx_dest
power_consumption,1704892030719000000,0.012564836851116439,paolo-laptop,influx_dest
power_consumption,1704892033724000000,0.0054719668942280275,paolo-laptop,influx_dest
power_consumption,1704892034726000000,0.006336196584917755,paolo-laptop,influx_dest
power_consumption,1704892035727000000,0.006194186379246464,paolo-laptop,influx_dest
power_consumption,1704892037730000000,0.005103444696137176,paolo-laptop,influx_dest
power_consumption,1704892040735000000,0.010579232465509264,paolo-laptop,influx_dest
power_consumption,1704892042740000000,0.003852154476580166,paolo-laptop,influx_dest
power_consumption,1704892046749000000,0.004297738424883357,paolo-laptop,influx_dest
power_consumption,1704892047751000000,0.004217488017251341,paolo-laptop,influx_dest
power_consumption,1704892048753000000,0.004743772459023923,paolo-laptop,influx_dest
power_consumption,1704892050758000000,0.011339838637190604,paolo-laptop,influx_dest
power_consumption,1704892052763000000,0.004057131845027187,paolo-laptop,influx_dest
power_consumption,1704892053764000000,0.005386876751660165,paolo-laptop,influx_dest
power_consumption,1704892054766000000,0.004839032999760896,paolo-laptop,influx_dest
power_consumption,1704892055768000000,0.004172438489870642,paolo-laptop,influx_dest
power_consumption,1704892056771000000,0.004621985082997781,paolo-laptop,influx_dest
power_consumption,1704892057777000000,0.004937724582557137,paolo-laptop,influx_dest
power_consumption,1704892058780000000,0.0033646728512278156,paolo-laptop,influx_dest
power_consumption,1704892059782000000,0.0044599800657483535,paolo-laptop,influx_dest
power_consumption,1704892060784000000,0.011451913142947901,paolo-laptop,influx_dest
power_consumption,1704892061787000000,0.06930508671530992,paolo-laptop,influx_dest
power_consumption,1704892062789000000,0.004746842539703137,paolo-laptop,influx_dest
power_consumption,1704892063792000000,0.004779893904112369,paolo-laptop,influx_dest
power_consumption,1704892064796000000,0.00891279199949771,paolo-laptop,influx_dest
power_consumption,1704892066804000000,0.0051905524175823795,paolo-laptop,influx_dest
power_consumption,1704892067807000000,0.006341370269211158,paolo-laptop,influx_dest
power_consumption,1704892079850000000,0.025282103699954123,paolo-laptop,influx_dest
power_consumption,1704892092899000000,0.017298872050274795,paolo-laptop,influx_dest
power_consumption,1704892094904000000,0.01621399643421623,paolo-laptop,influx_dest
power_consumption,1704892096907000000,0.024177615088746454,paolo-laptop,influx_dest
power_consumption,1704892100912000000,0.011713066453843521,paolo-laptop,influx_dest
power_consumption,1704892101915000000,0.003829107846789061,paolo-laptop,influx_dest
power_consumption,1704892102916000000,0.0025354279361822873,paolo-laptop,influx_dest
power_consumption,1704892103918000000,0.014225276416199339,paolo-laptop,influx_dest
power_consumption,1704892104925000000,0.0035773290716421364,paolo-laptop,influx_dest
power_consumption,1704892105930000000,0.005977628255689224,paolo-laptop,influx_dest
power_consumption,1704892106932000000,0.0030257262718982004,paolo-laptop,influx_dest
power_consumption,1704892107934000000,0.003097896256836447,paolo-laptop,influx_dest
power_consumption,1704892108936000000,0.0048275197399992725,paolo-laptop,influx_dest
power_consumption,1704892109939000000,0.008919128055301786,paolo-laptop,influx_dest
power_consumption,1704892110941000000,0.01158411178759695,paolo-laptop,influx_dest
power_consumption,1704892111946000000,0.0038623850225336736,paolo-laptop,influx_dest
power_consumption,1704892112950000000,0.0043332423954989645,paolo-laptop,influx_dest
power_consumption,1704892113956000000,0.0051400382193531585,paolo-laptop,influx_dest
power_consumption,1704892114960000000,0.007331210577784659,paolo-laptop,influx_dest
power_consumption,1704892115965000000,0.005408609529249286,paolo-laptop,influx_dest
power_consumption,1704892116969000000,0.004719440078350922,paolo-laptop,influx_dest
power_consumption,1704892117971000000,0.0040957501956088525,paolo-laptop,influx_dest
power_consumption,1704892118976000000,0.005490368655398809,paolo-laptop,influx_dest
power_consumption,1704892120998000000,0.011775351798709264,paolo-laptop,influx_dest
power_consumption,1704892122002000000,0.004863720495454476,paolo-laptop,influx_dest
power_consumption,1704892123005000000,0.004057903641321453,paolo-laptop,influx_dest
power_consumption,1704892124007000000,0.004445784539959093,paolo-laptop,influx_dest
power_consumption,1704892126015000000,0.0033664259759932967,paolo-laptop,influx_dest
power_consumption,1704892127017000000,0.003633860011160069,paolo-laptop,influx_dest
power_consumption,1704892128019000000,0.004416990750686948,paolo-laptop,influx_dest
power_consumption,1704892129021000000,0.005020028142140916,paolo-laptop,influx_dest
power_consumption,1704892130023000000,0.011406522220193921,paolo-laptop,influx_dest
power_consumption,1704892131026000000,0.05705527093475474,paolo-laptop,influx_dest
power_consumption,1704892132028000000,0.004888536645825672,paolo-laptop,influx_dest
power_consumption,1704892133030000000,0.004792667215953575,paolo-laptop,influx_dest
power_consumption,1704892134032000000,0.004233495797683817,paolo-laptop,influx_dest
power_consumption,1704892135034000000,0.00400199230458495,paolo-laptop,influx_dest
power_consumption,1704892136036000000,0.0045196905426563,paolo-laptop,influx_dest
power_consumption,1704892137037000000,0.0041630310400365975,paolo-laptop,influx_dest
power_consumption,1704892138039000000,0.005248597819242912,paolo-laptop,influx_dest
power_consumption,1704892139041000000,0.004189894887102998,paolo-laptop,influx_dest
power_consumption,1704892140044000000,0.011910232138838898,paolo-laptop,influx_dest
power_consumption,1704892141046000000,0.004606700536758174,paolo-laptop,influx_dest
power_consumption,1704892142048000000,0.0046231481822059575,paolo-laptop,influx_dest
power_consumption,1704892143049000000,0.0041135908038106685,paolo-laptop,influx_dest
power_consumption,1704892144051000000,0.00476653606936654,paolo-laptop,influx_dest
power_consumption,1704892145054000000,0.00478093516504698,paolo-laptop,influx_dest
power_consumption,1704892146057000000,0.005168923393535632,paolo-laptop,influx_dest
power_consumption,1704892147059000000,0.0037298019616707435,paolo-laptop,influx_dest
power_consumption,1704892148061000000,0.004715220924984972,paolo-laptop,influx_dest
power_consumption,1704892149063000000,0.004720846326144885,paolo-laptop,influx_dest
power_consumption,1704892150064000000,0.011006243219158475,paolo-laptop,influx_dest
power_consumption,1704892151066000000,0.005043696827154149,paolo-laptop,influx_dest
power_consumption,1704892152068000000,0.004337422877633307,paolo-laptop,influx_dest
power_consumption,1704892153070000000,0.004026773746078711,paolo-laptop,influx_dest
power_consumption,1704892154071000000,0.005188930675902696,paolo-laptop,influx_dest
power_consumption,1704892155073000000,0.00491970048507984,paolo-laptop,influx_dest
power_consumption,1704892156075000000,0.0057070298187717056,paolo-laptop,influx_dest
power_consumption,1704892157077000000,0.004203942783757058,paolo-laptop,influx_dest
power_consumption,1704892158079000000,0.004121745163063333,paolo-laptop,influx_dest
power_consumption,1704892159080000000,0.004555366804150777,paolo-laptop,influx_dest
power_consumption,1704892160082000000,0.011303376498681766,paolo-laptop,influx_dest
power_consumption,1704892161085000000,0.004073524721345921,paolo-laptop,influx_dest
power_consumption,1704892162088000000,0.005580498381160247,paolo-laptop,influx_dest
power_consumption,1704892163090000000,0.003946732334252795,paolo-laptop,influx_dest
power_consumption,1704892164092000000,0.004882731771330355,paolo-laptop,influx_dest
power_consumption,1704892165094000000,0.004639137224572632,paolo-laptop,influx_dest
power_consumption,1704892166096000000,0.005093858166624535,paolo-laptop,influx_dest
power_consumption,1704892167098000000,0.004762726174805529,paolo-laptop,influx_dest
power_consumption,1704892168100000000,0.004569923014785342,paolo-laptop,influx_dest
power_consumption,1704892169102000000,0.005165370433615885,paolo-laptop,influx_dest
power_consumption,1704892170104000000,0.013210595005641895,paolo-laptop,influx_dest
power_consumption,1704892172107000000,0.004841888922718416,paolo-laptop,influx_dest
power_consumption,1704892173109000000,0.004586179711034976,paolo-laptop,influx_dest
power_consumption,1704892174111000000,0.003419617556046588,paolo-laptop,influx_dest
power_consumption,1704892175113000000,0.004438488454670681,paolo-laptop,influx_dest
power_consumption,1704892176115000000,0.007655472418084876,paolo-laptop,influx_dest
power_consumption,1704892177119000000,0.006707200764740438,paolo-laptop,influx_dest
power_consumption,1704892178121000000,0.003449866765367673,paolo-laptop,influx_dest
power_consumption,1704892179123000000,0.005211966834738573,paolo-laptop,influx_dest
power_consumption,1704892180124000000,0.01732453483203841,paolo-laptop,influx_dest
power_consumption,1704892181125000000,0.0048270233165905955,paolo-laptop,influx_dest
power_consumption,1704892183133000000,0.0028430204329872935,paolo-laptop,influx_dest
power_consumption,1704892184135000000,0.00353765208377274,paolo-laptop,influx_dest
power_consumption,1704892185137000000,0.005228946539138163,paolo-laptop,influx_dest
power_consumption,1704892186141000000,0.005498097571428414,paolo-laptop,influx_dest
power_consumption,1704892188145000000,0.003807483827162831,paolo-laptop,influx_dest
power_consumption,1704892189146000000,0.004264066425959199,paolo-laptop,influx_dest
power_consumption,1704892190147000000,0.010750251024568194,paolo-laptop,influx_dest
power_consumption,1704892191149000000,0.004968711642844041,paolo-laptop,influx_dest
power_consumption,1704892193153000000,0.00566501566949398,paolo-laptop,influx_dest
power_consumption,1704892194156000000,0.005339364615395097,paolo-laptop,influx_dest
power_consumption,1704892195160000000,0.006286769198214997,paolo-laptop,influx_dest
power_consumption,1704892197176000000,0.01577229334424203,paolo-laptop,influx_dest
power_consumption,1704892198178000000,0.005903435137964938,paolo-laptop,influx_dest
power_consumption,1704892199180000000,0.04843176069396768,paolo-laptop,influx_dest
power_consumption,1704892200184000000,0.013220188353682882,paolo-laptop,influx_dest
power_consumption,1704892201189000000,0.007355316923993476,paolo-laptop,influx_dest
power_consumption,1704892202191000000,0.006686792773527779,paolo-laptop,influx_dest
power_consumption,1704892203193000000,0.00566369878212959,paolo-laptop,influx_dest
power_consumption,1704892204198000000,0.0033338442587504775,paolo-laptop,influx_dest
power_consumption,1704892205200000000,0.0038906545198849913,paolo-laptop,influx_dest
power_consumption,1704892206201000000,0.0060830693900819745,paolo-laptop,influx_dest
power_consumption,1704892207205000000,0.007972566401455343,paolo-laptop,influx_dest
power_consumption,1704892209211000000,0.004035508363568573,paolo-laptop,influx_dest
power_consumption,1704892210214000000,0.024994872094677073,paolo-laptop,influx_dest
power_consumption,1704892211218000000,0.004351889710649898,paolo-laptop,influx_dest
power_consumption,1704892212220000000,0.0047810615239224225,paolo-laptop,influx_dest
power_consumption,1704892213222000000,0.005271459370181507,paolo-laptop,influx_dest
power_consumption,1704892214225000000,0.007162868290440291,paolo-laptop,influx_dest
power_consumption,1704892215226000000,0.0028768384144021606,paolo-laptop,influx_dest
power_consumption,1704892217231000000,0.005241592909236196,paolo-laptop,influx_dest
power_consumption,1704892218233000000,0.003384815610480168,paolo-laptop,influx_dest
power_consumption,1704892219237000000,0.004784147918382228,paolo-laptop,influx_dest
power_consumption,1704892220241000000,0.01264555809559401,paolo-laptop,influx_dest
power_consumption,1704892221243000000,0.003933102095141685,paolo-laptop,influx_dest
power_consumption,1704892222246000000,0.0037284569420817626,paolo-laptop,influx_dest
power_consumption,1704892223250000000,0.00298272654907582,paolo-laptop,influx_dest
power_consumption,1704892224252000000,0.0071396636061677,paolo-laptop,influx_dest
power_consumption,1704892225254000000,0.007393645208143925,paolo-laptop,influx_dest
power_consumption,1704892226256000000,0.006808174418016579,paolo-laptop,influx_dest
power_consumption,1704892227260000000,0.009016992867278539,paolo-laptop,influx_dest
power_consumption,1704892228266000000,0.0069745032241608235,paolo-laptop,influx_dest
power_consumption,1704892229270000000,0.0044919862053208835,paolo-laptop,influx_dest
power_consumption,1704892230272000000,0.012291238876222159,paolo-laptop,influx_dest
power_consumption,1704892231276000000,0.03308634247041242,paolo-laptop,influx_dest
power_consumption,1704892232279000000,0.004937834872380905,paolo-laptop,influx_dest
power_consumption,1704892233281000000,0.005506800676367981,paolo-laptop,influx_dest
power_consumption,1704892234283000000,0.0069946042284891735,paolo-laptop,influx_dest
power_consumption,1704892235285000000,0.006722899982944664,paolo-laptop,influx_dest
power_consumption,1704892236287000000,0.009591822072191773,paolo-laptop,influx_dest
power_consumption,1704892237289000000,0.004017870064024127,paolo-laptop,influx_dest
power_consumption,1704892238291000000,0.0030404680832308312,paolo-laptop,influx_dest
power_consumption,1704892239293000000,0.0061845255562121984,paolo-laptop,influx_dest
power_consumption,1704892240294000000,0.011814311114008236,paolo-laptop,influx_dest
power_consumption,1704892241296000000,0.005615741167572042,paolo-laptop,influx_dest
power_consumption,1704892242298000000,0.0066998921643797536,paolo-laptop,influx_dest
power_consumption,1704892243300000000,0.006685585713126602,paolo-laptop,influx_dest
power_consumption,1704892244301000000,0.006046237282198368,paolo-laptop,influx_dest
power_consumption,1704892245303000000,0.0050352632995545165,paolo-laptop,influx_dest
power_consumption,1704892246304000000,0.004288437190847485,paolo-laptop,influx_dest
power_consumption,1704892247306000000,0.011172652101077755,paolo-laptop,influx_dest
power_consumption,1704892248308000000,0.006703892447408277,paolo-laptop,influx_dest
power_consumption,1704892249310000000,0.0068592656309195196,paolo-laptop,influx_dest
power_consumption,1704892250312000000,0.013093581085831663,paolo-laptop,influx_dest
power_consumption,1704892251315000000,0.005661399216067864,paolo-laptop,influx_dest
power_consumption,1704892252317000000,0.0033232598585147067,paolo-laptop,influx_dest
power_consumption,1704892253319000000,0.053489511747180016,paolo-laptop,influx_dest
power_consumption,1704892254321000000,0.005826827369976853,paolo-laptop,influx_dest
power_consumption,1704892255323000000,0.006640945097561987,paolo-laptop,influx_dest
power_consumption,1704892256327000000,0.0072794528025417506,paolo-laptop,influx_dest
power_consumption,1704892257328000000,0.0061500502025890035,paolo-laptop,influx_dest
power_consumption,1704892258330000000,0.00481116516821639,paolo-laptop,influx_dest
power_consumption,1704892259332000000,0.00600708983379372,paolo-laptop,influx_dest
power_consumption,1704892260338000000,0.012071846299437937,paolo-laptop,influx_dest
power_consumption,1704892261340000000,0.004096061319129098,paolo-laptop,influx_dest
power_consumption,1704892262341000000,0.006472419707310686,paolo-laptop,influx_dest
power_consumption,1704892263345000000,0.007071488696029573,paolo-laptop,influx_dest
power_consumption,1704892264347000000,0.005654409164837395,paolo-laptop,influx_dest
power_consumption,1704892265349000000,0.0053697445006563056,paolo-laptop,influx_dest
power_consumption,1704892266351000000,0.0057711581669155805,paolo-laptop,influx_dest
power_consumption,1704892267353000000,0.006633080938436198,paolo-laptop,influx_dest
power_consumption,1704892268354000000,0.006695782408571899,paolo-laptop,influx_dest
power_consumption,1704892269356000000,0.004566165792097298,paolo-laptop,influx_dest
power_consumption,1704892270358000000,0.01278396582116654,paolo-laptop,influx_dest
power_consumption,1704892271360000000,0.007335973344551784,paolo-laptop,influx_dest
power_consumption,1704892272363000000,0.006676067368439675,paolo-laptop,influx_dest
power_consumption,1704892273365000000,0.006756854468517358,paolo-laptop,influx_dest
power_consumption,1704892274367000000,0.006535008393838323,paolo-laptop,influx_dest
power_consumption,1704892275368000000,0.006702165354713154,paolo-laptop,influx_dest
power_consumption,1704892276370000000,0.0065928458097106735,paolo-laptop,influx_dest
power_consumption,1704892277372000000,0.005894963828763061,paolo-laptop,influx_dest
power_consumption,1704892278381000000,0.004641957662846119,paolo-laptop,influx_dest
power_consumption,1704892279388000000,0.006410519881158558,paolo-laptop,influx_dest
power_consumption,1704892280394000000,0.013537249661384886,paolo-laptop,influx_dest
power_consumption,1704892281398000000,0.005194804200617141,paolo-laptop,influx_dest
power_consumption,1704892282401000000,0.006109815897063111,paolo-laptop,influx_dest
power_consumption,1704892283403000000,0.011183895059510571,paolo-laptop,influx_dest
power_consumption,1704892284405000000,0.006899849082851111,paolo-laptop,influx_dest
power_consumption,1704892285409000000,0.0051757252456653274,paolo-laptop,influx_dest
power_consumption,1704892286413000000,0.006874277368290899,paolo-laptop,influx_dest
power_consumption,1704892287416000000,0.005649739546439262,paolo-laptop,influx_dest
power_consumption,1704892288418000000,0.027820217861744267,paolo-laptop,influx_dest
power_consumption,1704892289422000000,0.005778920141088156,paolo-laptop,influx_dest
power_consumption,1704892290425000000,0.015074676043812551,paolo-laptop,influx_dest
power_consumption,1704892291427000000,0.006527984462214522,paolo-laptop,influx_dest
power_consumption,1704892292429000000,0.006648225491479278,paolo-laptop,influx_dest
power_consumption,1704892293433000000,0.0065173750104296335,paolo-laptop,influx_dest
power_consumption,1704892294437000000,0.006771427491909907,paolo-laptop,influx_dest
power_consumption,1704892295439000000,0.007835801656768438,paolo-laptop,influx_dest
power_consumption,1704892296441000000,0.006831659958395939,paolo-laptop,influx_dest
power_consumption,1704892297444000000,0.006947583358065477,paolo-laptop,influx_dest
power_consumption,1704892298447000000,0.006391567212719514,paolo-laptop,influx_dest
power_consumption,1704892299449000000,0.006894807705664424,paolo-laptop,influx_dest
power_consumption,1704892300451000000,0.012570815949145737,paolo-laptop,influx_dest
power_consumption,1704892301454000000,0.006092181021485569,paolo-laptop,influx_dest
power_consumption,1704892302459000000,0.009087492574590541,paolo-laptop,influx_dest
power_consumption,1704892303461000000,0.003958811041297094,paolo-laptop,influx_dest
power_consumption,1704892304464000000,0.006352053137540714,paolo-laptop,influx_dest
power_consumption,1704892305465000000,0.007069537708304217,paolo-laptop,influx_dest
power_consumption,1704892306469000000,0.009146252221283773,paolo-laptop,influx_dest
power_consumption,1704892307470000000,0.0026798151215821062,paolo-laptop,influx_dest
power_consumption,1704892308472000000,0.007009619016084589,paolo-laptop,influx_dest
power_consumption,1704892309474000000,0.007558803695456834,paolo-laptop,influx_dest
power_consumption,1704892310475000000,0.014361185225498495,paolo-laptop,influx_dest
power_consumption,1704892311477000000,0.0074914138061582475,paolo-laptop,influx_dest
power_consumption,1704892312478000000,0.015736498651192664,paolo-laptop,influx_dest
power_consumption,1704892313479000000,0.013486785021655151,paolo-laptop,influx_dest
power_consumption,1704892314481000000,0.006137574741293918,paolo-laptop,influx_dest
power_consumption,1704892315483000000,0.004957770056171339,paolo-laptop,influx_dest
power_consumption,1704892316485000000,0.006624530598871111,paolo-laptop,influx_dest
power_consumption,1704892317486000000,0.0032074116091969167,paolo-laptop,influx_dest
power_consumption,1704892318488000000,0.006510874888767689,paolo-laptop,influx_dest
power_consumption,1704892319490000000,0.0031424608547553157,paolo-laptop,influx_dest
power_consumption,1704892320491000000,0.019039591661650163,paolo-laptop,influx_dest
power_consumption,1704892321495000000,0.09123991276741443,paolo-laptop,influx_dest
power_consumption,1704892322499000000,0.013309001626104669,paolo-laptop,influx_dest
power_consumption,1704892323502000000,0.006828018843087076,paolo-laptop,influx_dest
power_consumption,1704892324504000000,0.01649947248006663,paolo-laptop,influx_dest
power_consumption,1704892325507000000,0.007057512091858529,paolo-laptop,influx_dest
power_consumption,1704892327513000000,0.007902394823870748,paolo-laptop,influx_dest
power_consumption,1704892328515000000,0.006783310339051531,paolo-laptop,influx_dest
power_consumption,1704892329518000000,0.007157812943460493,paolo-laptop,influx_dest
power_consumption,1704892330519000000,0.01476130377050966,paolo-laptop,influx_dest
power_consumption,1704892331521000000,0.004662893661936665,paolo-laptop,influx_dest
power_consumption,1704892332524000000,0.0038452393819078112,paolo-laptop,influx_dest
power_consumption,1704892333528000000,0.01314338567189945,paolo-laptop,influx_dest
power_consumption,1704892334531000000,0.01320938117914984,paolo-laptop,influx_dest
power_consumption,1704892335534000000,0.004112427379975836,paolo-laptop,influx_dest
power_consumption,1704892336538000000,0.019343487723696245,paolo-laptop,influx_dest
power_consumption,1704892337541000000,0.0031165315036677634,paolo-laptop,influx_dest
power_consumption,1704892339546000000,0.014555398938957933,paolo-laptop,influx_dest
power_consumption,1704892340548000000,0.016095984036743373,paolo-laptop,influx_dest
power_consumption,1704892341550000000,0.007380119416902862,paolo-laptop,influx_dest
power_consumption,1704892342551000000,0.00403012900226531,paolo-laptop,influx_dest
power_consumption,1704892343553000000,0.008122954833049263,paolo-laptop,influx_dest
power_consumption,1704892344555000000,0.0064891731340953485,paolo-laptop,influx_dest
power_consumption,1704892345557000000,0.007076979775214401,paolo-laptop,influx_dest
power_consumption,1704892346561000000,0.006766491287147244,paolo-laptop,influx_dest
power_consumption,1704892347563000000,0.011971469338721327,paolo-laptop,influx_dest
power_consumption,1704892349571000000,0.014505843804749589,paolo-laptop,influx_dest
power_consumption,1704892350574000000,0.01773059638030506,paolo-laptop,influx_dest
power_consumption,1704892351579000000,0.006962911392104258,paolo-laptop,influx_dest
power_consumption,1704892353584000000,0.003115680744967208,paolo-laptop,influx_dest
power_consumption,1704892354586000000,0.01948194871261031,paolo-laptop,influx_dest
power_consumption,1704892355587000000,0.006400718546933059,paolo-laptop,influx_dest
power_consumption,1704892356592000000,0.006328627986200083,paolo-laptop,influx_dest
power_consumption,1704892357594000000,0.007044804442516586,paolo-laptop,influx_dest
power_consumption,1704892359598000000,0.005696066126818783,paolo-laptop,influx_dest
power_consumption,1704892360600000000,0.013256141043735317,paolo-laptop,influx_dest
power_consumption,1704892361602000000,0.007131655275054189,paolo-laptop,influx_dest
power_consumption,1704892362605000000,0.003586695978033916,paolo-laptop,influx_dest
power_consumption,1704892363615000000,0.021948204828912084,paolo-laptop,influx_dest
power_consumption,1704892364624000000,0.012685593261690498,paolo-laptop,influx_dest
power_consumption,1704892365628000000,0.0038116880633239994,paolo-laptop,influx_dest
power_consumption,1704892366629000000,0.028188350762322907,paolo-laptop,influx_dest
power_consumption,1704892367633000000,0.002761379571079837,paolo-laptop,influx_dest
power_consumption,1704892368635000000,0.003101580140653284,paolo-laptop,influx_dest
power_consumption,1704892369639000000,0.010719858146736753,paolo-laptop,influx_dest
power_consumption,1704892370641000000,0.037575616667778214,paolo-laptop,influx_dest
power_consumption,1704892371643000000,0.007382299260589196,paolo-laptop,influx_dest
power_consumption,1704892372644000000,0.0038837426430572432,paolo-laptop,influx_dest
power_consumption,1704892373646000000,0.00669190472871992,paolo-laptop,influx_dest
power_consumption,1704892374647000000,0.0032408191714851414,paolo-laptop,influx_dest
power_consumption,1704892376650000000,0.0029830787330561146,paolo-laptop,influx_dest
power_consumption,1704892377652000000,0.003158643372246689,paolo-laptop,influx_dest
power_consumption,1704892378654000000,0.021042402307712166,paolo-laptop,influx_dest
power_consumption,1704892379655000000,0.0038402624402592844,paolo-laptop,influx_dest
power_consumption,1704892380657000000,0.018440822117229055,paolo-laptop,influx_dest
power_consumption,1704892381659000000,0.0034756208033885913,paolo-laptop,influx_dest
power_consumption,1704892382660000000,0.006941949318483073,paolo-laptop,influx_dest
power_consumption,1704892383662000000,0.006761567678316308,paolo-laptop,influx_dest
power_consumption,1704892384664000000,0.009250115155669618,paolo-laptop,influx_dest
power_consumption,1704892385666000000,0.003758397437689266,paolo-laptop,influx_dest
power_consumption,1704892386667000000,0.0038424838207850535,paolo-laptop,influx_dest
power_consumption,1704892387669000000,0.005686163474092456,paolo-laptop,influx_dest
power_consumption,1704892388670000000,0.006486925751430946,paolo-laptop,influx_dest
power_consumption,1704892389674000000,0.005145162579280874,paolo-laptop,influx_dest
power_consumption,1704892390675000000,0.010696069172053974,paolo-laptop,influx_dest
power_consumption,1704892391677000000,0.0031063036635001137,paolo-laptop,influx_dest
power_consumption,1704892392682000000,0.005618803460657728,paolo-laptop,influx_dest
power_consumption,1704892393684000000,0.005496376152314585,paolo-laptop,influx_dest
power_consumption,1704892394687000000,0.08730886320665639,paolo-laptop,influx_dest
power_consumption,1704892395691000000,0.014207073696714765,paolo-laptop,influx_dest
power_consumption,1704892396693000000,0.005451490424643281,paolo-laptop,influx_dest
power_consumption,1704892397695000000,0.005346263824753348,paolo-laptop,influx_dest
power_consumption,1704892398696000000,0.00610429328578282,paolo-laptop,influx_dest
power_consumption,1704892399698000000,0.005820991340504919,paolo-laptop,influx_dest
power_consumption,1704892400700000000,0.013093365132298862,paolo-laptop,influx_dest
power_consumption,1704892401705000000,0.0036096658697737215,paolo-laptop,influx_dest
power_consumption,1704892402707000000,0.005718875537758654,paolo-laptop,influx_dest
power_consumption,1704892403709000000,0.007499092744011612,paolo-laptop,influx_dest
power_consumption,1704892404710000000,0.00685992810391131,paolo-laptop,influx_dest
power_consumption,1704892405712000000,0.006769900304660658,paolo-laptop,influx_dest
power_consumption,1704892406714000000,0.007216617512803279,paolo-laptop,influx_dest
power_consumption,1704892407715000000,0.006889181923946951,paolo-laptop,influx_dest
power_consumption,1704892408717000000,0.00686257472324458,paolo-laptop,influx_dest
power_consumption,1704892409719000000,0.007408274138688739,paolo-laptop,influx_dest
power_consumption,1704892410720000000,0.01609410513748836,paolo-laptop,influx_dest
power_consumption,1704892411722000000,0.006562978143458744,paolo-laptop,influx_dest
power_consumption,1704892412724000000,0.005757018710890828,paolo-laptop,influx_dest
power_consumption,1704892413725000000,0.006904591323279005,paolo-laptop,influx_dest
power_consumption,1704892414727000000,0.005271108140677019,paolo-laptop,influx_dest
power_consumption,1704892415728000000,0.0063282479726962035,paolo-laptop,influx_dest
power_consumption,1704892416730000000,0.005074773257521608,paolo-laptop,influx_dest
power_consumption,1704892417732000000,0.006450390467262602,paolo-laptop,influx_dest
power_consumption,1704892418733000000,0.0068955506179773605,paolo-laptop,influx_dest
power_consumption,1704892419735000000,0.007760665762973556,paolo-laptop,influx_dest
power_consumption,1704892420737000000,0.013006698571098808,paolo-laptop,influx_dest
power_consumption,1704892421738000000,0.006594624197369185,paolo-laptop,influx_dest
power_consumption,1704892422740000000,0.006206413425335399,paolo-laptop,influx_dest
power_consumption,1704892423742000000,0.007368181457018924,paolo-laptop,influx_dest
power_consumption,1704892424744000000,0.006873179270887338,paolo-laptop,influx_dest
power_consumption,1704892425745000000,0.0065935565470940215,paolo-laptop,influx_dest
power_consumption,1704892426747000000,0.007193726612022812,paolo-laptop,influx_dest
power_consumption,1704892427749000000,0.006439402214368422,paolo-laptop,influx_dest
power_consumption,1704892428750000000,0.006242007670752867,paolo-laptop,influx_dest
power_consumption,1704892429752000000,0.005493349945786952,paolo-laptop,influx_dest
power_consumption,1704892430756000000,0.01111099987029011,paolo-laptop,influx_dest
power_consumption,1704892431761000000,0.009961719366703339,paolo-laptop,influx_dest
power_consumption,1704892432763000000,0.00293446902446889,paolo-laptop,influx_dest
power_consumption,1704892433765000000,0.0068570070017062576,paolo-laptop,influx_dest
power_consumption,1704892434769000000,0.004618612963175546,paolo-laptop,influx_dest
power_consumption,1704892435773000000,0.01657976128397246,paolo-laptop,influx_dest
power_consumption,1704892436775000000,0.0033346775887846567,paolo-laptop,influx_dest
power_consumption,1704892437777000000,0.00752485051998933,paolo-laptop,influx_dest
power_consumption,1704892438779000000,0.008056521862106713,paolo-laptop,influx_dest
power_consumption,1704892439782000000,0.0038892262607662224,paolo-laptop,influx_dest
power_consumption,1704892440785000000,0.036424254006434835,paolo-laptop,influx_dest
power_consumption,1704892441787000000,0.007793627449939215,paolo-laptop,influx_dest
power_consumption,1704892442789000000,0.0038762823502565174,paolo-laptop,influx_dest
power_consumption,1704892443791000000,0.007980624118880496,paolo-laptop,influx_dest
power_consumption,1704892444794000000,0.008736872563562884,paolo-laptop,influx_dest
power_consumption,1704892445797000000,0.011875079056559882,paolo-laptop,influx_dest
power_consumption,1704892446798000000,0.006892367542738842,paolo-laptop,influx_dest
power_consumption,1704892447801000000,0.012701768338990057,paolo-laptop,influx_dest
power_consumption,1704892449804000000,0.008639221627505014,paolo-laptop,influx_dest
power_consumption,1704892450806000000,0.013443145566393706,paolo-laptop,influx_dest
power_consumption,1704892451809000000,0.008762362379480715,paolo-laptop,influx_dest
power_consumption,1704892452810000000,0.013709566523719569,paolo-laptop,influx_dest
power_consumption,1704892453812000000,0.0033692554002042532,paolo-laptop,influx_dest
power_consumption,1704892454814000000,0.00875265015819083,paolo-laptop,influx_dest
power_consumption,1704892455815000000,0.009264450235032539,paolo-laptop,influx_dest
power_consumption,1704892456819000000,0.010401124284351462,paolo-laptop,influx_dest
power_consumption,1704892457820000000,0.003115038214071897,paolo-laptop,influx_dest
power_consumption,1704892458822000000,0.01494734769884987,paolo-laptop,influx_dest
power_consumption,1704892459824000000,0.0030436326793455344,paolo-laptop,influx_dest
power_consumption,1704892460826000000,0.014813865934606847,paolo-laptop,influx_dest
power_consumption,1704892461828000000,0.008262557356853256,paolo-laptop,influx_dest
power_consumption,1704892462830000000,0.006746333787710486,paolo-laptop,influx_dest
power_consumption,1704892463831000000,0.05795331738102033,paolo-laptop,influx_dest
power_consumption,1704892464833000000,0.006720423166810438,paolo-laptop,influx_dest
power_consumption,1704892465834000000,0.008724564711057044,paolo-laptop,influx_dest
power_consumption,1704892466836000000,0.007349783476040029,paolo-laptop,influx_dest
power_consumption,1704892467838000000,0.006510942020026186,paolo-laptop,influx_dest
power_consumption,1704892468840000000,0.006944309915076025,paolo-laptop,influx_dest
power_consumption,1704892469842000000,0.006808711623518192,paolo-laptop,influx_dest
power_consumption,1704892470843000000,0.016413819437660956,paolo-laptop,influx_dest
power_consumption,1704892471845000000,0.007306520492002304,paolo-laptop,influx_dest
power_consumption,1704892472847000000,0.0069802574245894766,paolo-laptop,influx_dest
power_consumption,1704892473853000000,0.006287857880921988,paolo-laptop,influx_dest
power_consumption,1704892474857000000,0.00561517500964754,paolo-laptop,influx_dest
power_consumption,1704892475859000000,0.006908914153878623,paolo-laptop,influx_dest
power_consumption,1704892476860000000,0.007359966067490745,paolo-laptop,influx_dest
power_consumption,1704892477862000000,0.005982490827000672,paolo-laptop,influx_dest
power_consumption,1704892478864000000,0.006673857456517326,paolo-laptop,influx_dest
power_consumption,1704892479866000000,0.00548710166874085,paolo-laptop,influx_dest
power_consumption,1704892480867000000,0.01397395018050433,paolo-laptop,influx_dest
power_consumption,1704892481871000000,0.008864008148042064,paolo-laptop,influx_dest
power_consumption,1704892482875000000,0.004509515581045279,paolo-laptop,influx_dest
power_consumption,1704892483876000000,0.004832955108717996,paolo-laptop,influx_dest
power_consumption,1704892484880000000,0.01230016512133795,paolo-laptop,influx_dest
power_consumption,1704892485883000000,0.003967679764074908,paolo-laptop,influx_dest
power_consumption,1704892486885000000,0.004061309881679196,paolo-laptop,influx_dest
power_consumption,1704892487888000000,0.0056651227260551,paolo-laptop,influx_dest
power_consumption,1704892488892000000,0.008790270221275246,paolo-laptop,influx_dest
power_consumption,1704892489894000000,0.003617123110212584,paolo-laptop,influx_dest
power_consumption,1704892490898000000,0.019287096996437735,paolo-laptop,influx_dest
power_consumption,1704892491902000000,0.003966139186703906,paolo-laptop,influx_dest
power_consumption,1704892492904000000,0.007689720491647866,paolo-laptop,influx_dest
power_consumption,1704892493906000000,0.00663784703941184,paolo-laptop,influx_dest
power_consumption,1704892494908000000,0.018519271980268013,paolo-laptop,influx_dest
power_consumption,1704892495911000000,0.005723477066019198,paolo-laptop,influx_dest
power_consumption,1704892496912000000,0.007854650543348222,paolo-laptop,influx_dest
power_consumption,1704892497915000000,0.010438100169782314,paolo-laptop,influx_dest
power_consumption,1704892498919000000,0.0035365574180185465,paolo-laptop,influx_dest
power_consumption,1704892499924000000,0.006642809500554249,paolo-laptop,influx_dest
power_consumption,1704892500926000000,0.032884553948758,paolo-laptop,influx_dest
power_consumption,1704892501928000000,0.005887880355022751,paolo-laptop,influx_dest
power_consumption,1704892502932000000,0.006923102031950096,paolo-laptop,influx_dest
power_consumption,1704892503934000000,0.00766330596165927,paolo-laptop,influx_dest
power_consumption,1704892504937000000,0.01652574741760709,paolo-laptop,influx_dest
power_consumption,1704892505942000000,0.013589839996433426,paolo-laptop,influx_dest
power_consumption,1704892506945000000,0.0032986952073447554,paolo-laptop,influx_dest
power_consumption,1704892507946000000,0.011903372649112185,paolo-laptop,influx_dest
power_consumption,1704892508950000000,0.011950571469952546,paolo-laptop,influx_dest
power_consumption,1704892509951000000,0.004564450405418741,paolo-laptop,influx_dest
power_consumption,1704892510954000000,0.02259350221929754,paolo-laptop,influx_dest
power_consumption,1704892511957000000,0.010572988544391256,paolo-laptop,influx_dest
power_consumption,1704892512958000000,0.002818492609527677,paolo-laptop,influx_dest
power_consumption,1704892513960000000,0.006697668805278835,paolo-laptop,influx_dest
power_consumption,1704892514963000000,0.004693930516681981,paolo-laptop,influx_dest
power_consumption,1704892515965000000,0.009019297654745089,paolo-laptop,influx_dest
power_consumption,1704892516967000000,0.004252708649671272,paolo-laptop,influx_dest
power_consumption,1704892517969000000,0.009611723203558102,paolo-laptop,influx_dest
power_consumption,1704892518970000000,0.0076921121735522464,paolo-laptop,influx_dest
power_consumption,1704892519971000000,0.01178664170062235,paolo-laptop,influx_dest
power_consumption,1704892520974000000,0.015795843516696193,paolo-laptop,influx_dest
power_consumption,1704892521975000000,0.009996522217345125,paolo-laptop,influx_dest
power_consumption,1704892522977000000,0.010170685631070342,paolo-laptop,influx_dest
power_consumption,1704892523978000000,0.004463912376917428,paolo-laptop,influx_dest
power_consumption,1704892524981000000,0.005669180556800809,paolo-laptop,influx_dest
power_consumption,1704892525983000000,0.007498302262042829,paolo-laptop,influx_dest
power_consumption,1704892526985000000,0.00304830487006793,paolo-laptop,influx_dest
power_consumption,1704892527988000000,0.0047899970506673165,paolo-laptop,influx_dest
power_consumption,1704892528990000000,0.006518058730815372,paolo-laptop,influx_dest
power_consumption,1704892529992000000,0.006576771366173559,paolo-laptop,influx_dest
power_consumption,1704892530993000000,0.021978600751157814,paolo-laptop,influx_dest
power_consumption,1704892531995000000,0.0064629610677674355,paolo-laptop,influx_dest
power_consumption,1704892532997000000,0.0027731438034148655,paolo-laptop,influx_dest
power_consumption,1704892534001000000,0.009541805734306184,paolo-laptop,influx_dest
power_consumption,1704892535007000000,0.020387296581418076,paolo-laptop,influx_dest
power_consumption,1704892536013000000,0.03252686207648692,paolo-laptop,influx_dest
power_consumption,1704892537019000000,0.006720408613620563,paolo-laptop,influx_dest
power_consumption,1704892538029000000,0.07967971710159305,paolo-laptop,influx_dest
power_consumption,1704892539031000000,0.004132920030205899,paolo-laptop,influx_dest
power_consumption,1704892540038000000,0.01201017458376932,paolo-laptop,influx_dest
power_consumption,1704892541042000000,0.005761898547900159,paolo-laptop,influx_dest
power_consumption,1704892542043000000,0.023500819894937262,paolo-laptop,influx_dest
power_consumption,1704892543047000000,0.009483695015999386,paolo-laptop,influx_dest
power_consumption,1704892544051000000,0.007885990838243786,paolo-laptop,influx_dest
power_consumption,1704892545054000000,0.018081812061463566,paolo-laptop,influx_dest
power_consumption,1704892546057000000,0.010969622307195132,paolo-laptop,influx_dest
power_consumption,1704892548065000000,0.007041697700235273,paolo-laptop,influx_dest
power_consumption,1704892549067000000,0.008424572713146452,paolo-laptop,influx_dest
power_consumption,1704892550069000000,0.014196461700274547,paolo-laptop,influx_dest
power_consumption,1704892551070000000,0.0052658882025156,paolo-laptop,influx_dest
power_consumption,1704892552074000000,0.0034207435888823864,paolo-laptop,influx_dest
power_consumption,1704892553078000000,0.01935963499831545,paolo-laptop,influx_dest
power_consumption,1704892556088000000,0.004315733674338289,paolo-laptop,influx_dest
power_consumption,1704892557092000000,0.00803871915043608,paolo-laptop,influx_dest
power_consumption,1704892558096000000,0.009181403377949803,paolo-laptop,influx_dest
power_consumption,1704892559099000000,0.01961283902355943,paolo-laptop,influx_dest
power_consumption,1704892560101000000,0.01757262947343045,paolo-laptop,influx_dest
power_consumption,1704892561103000000,0.005580098049618938,paolo-laptop,influx_dest
power_consumption,1704892562104000000,0.005398039984425097,paolo-laptop,influx_dest
power_consumption,1704892563108000000,0.005176664298716946,paolo-laptop,influx_dest
power_consumption,1704892564111000000,0.009895925814297303,paolo-laptop,influx_dest
power_consumption,1704892565114000000,0.0035140695705581496,paolo-laptop,influx_dest
power_consumption,1704892566117000000,0.0227140123195125,paolo-laptop,influx_dest
power_consumption,1704892567120000000,0.0035751570994836295,paolo-laptop,influx_dest
power_consumption,1704892568122000000,0.003859597142997139,paolo-laptop,influx_dest
power_consumption,1704892569127000000,0.01135018260394421,paolo-laptop,influx_dest
power_consumption,1704892570132000000,0.022708709482092485,paolo-laptop,influx_dest
power_consumption,1704892571134000000,0.0029429325324047797,paolo-laptop,influx_dest
power_consumption,1704892572138000000,0.0037139165096913476,paolo-laptop,influx_dest
power_consumption,1704892573143000000,0.01120292592908917,paolo-laptop,influx_dest
power_consumption,1704892574144000000,0.002664506942223336,paolo-laptop,influx_dest
power_consumption,1704892575147000000,0.003987644055941928,paolo-laptop,influx_dest
power_consumption,1704892576149000000,0.004454670644783658,paolo-laptop,influx_dest
power_consumption,1704892577150000000,0.008380986932690872,paolo-laptop,influx_dest
power_consumption,1704892578152000000,0.01003384050932558,paolo-laptop,influx_dest
power_consumption,1704892579154000000,0.007093592297914111,paolo-laptop,influx_dest
power_consumption,1704892580156000000,0.01199497327656228,paolo-laptop,influx_dest
power_consumption,1704892581157000000,0.007019029156473354,paolo-laptop,influx_dest
power_consumption,1704892582159000000,0.0032138643733408893,paolo-laptop,influx_dest
power_consumption,1704892583160000000,0.00302684318519511,paolo-laptop,influx_dest
power_consumption,1704892584162000000,0.00456097124423597,paolo-laptop,influx_dest
power_consumption,1704892585164000000,0.006714895370092013,paolo-laptop,influx_dest
power_consumption,1704892586166000000,0.0073601203547385636,paolo-laptop,influx_dest
power_consumption,1704892587168000000,0.0060340676305011874,paolo-laptop,influx_dest
power_consumption,1704892588170000000,0.007681904787982129,paolo-laptop,influx_dest
power_consumption,1704892589172000000,0.005063428726788482,paolo-laptop,influx_dest
power_consumption,1704892590174000000,0.017242504867635552,paolo-laptop,influx_dest
power_consumption,1704892591177000000,0.008304867667729181,paolo-laptop,influx_dest
power_consumption,1704892592178000000,0.0063535874306101525,paolo-laptop,influx_dest
power_consumption,1704892593180000000,0.007023662010888861,paolo-laptop,influx_dest
power_consumption,1704892594182000000,0.007242415981904419,paolo-laptop,influx_dest
power_consumption,1704892595184000000,0.008110628931078886,paolo-laptop,influx_dest
power_consumption,1704892596188000000,0.008489247888294338,paolo-laptop,influx_dest
power_consumption,1704892597192000000,0.005651509351674554,paolo-laptop,influx_dest
power_consumption,1704892598194000000,0.007828777071649789,paolo-laptop,influx_dest
power_consumption,1704892599195000000,0.008221327658472628,paolo-laptop,influx_dest
power_consumption,1704892600197000000,0.01612489346711459,paolo-laptop,influx_dest
power_consumption,1704892601198000000,0.0067461799803327,paolo-laptop,influx_dest
power_consumption,1704892602199000000,0.006760907440302791,paolo-laptop,influx_dest
power_consumption,1704892603203000000,0.0038171671818019665,paolo-laptop,influx_dest
power_consumption,1704892604206000000,0.008295470271396592,paolo-laptop,influx_dest
power_consumption,1704892605209000000,0.004052884286133582,paolo-laptop,influx_dest
power_consumption,1704892606210000000,0.009410984953348706,paolo-laptop,influx_dest
power_consumption,1704892607212000000,0.008244696168674893,paolo-laptop,influx_dest
power_consumption,1704892608213000000,0.05894618038300811,paolo-laptop,influx_dest
power_consumption,1704892609215000000,0.006768132651891491,paolo-laptop,influx_dest
power_consumption,1704892610217000000,0.016487073251928122,paolo-laptop,influx_dest
power_consumption,1704892611226000000,0.005823914855777774,paolo-laptop,influx_dest
power_consumption,1704892612231000000,0.007606639430703924,paolo-laptop,influx_dest
power_consumption,1704892613237000000,0.01588282709619239,paolo-laptop,influx_dest
power_consumption,1704892614239000000,0.0030214695600103924,paolo-laptop,influx_dest
power_consumption,1704892615243000000,0.0029941350915555875,paolo-laptop,influx_dest
power_consumption,1704892616246000000,0.01485228094635683,paolo-laptop,influx_dest
power_consumption,1704892617250000000,0.012876447485666685,paolo-laptop,influx_dest
power_consumption,1704892618254000000,0.002800553145788665,paolo-laptop,influx_dest
power_consumption,1704892619259000000,0.003419259979201619,paolo-laptop,influx_dest
power_consumption,1704892621267000000,0.009447256776712532,paolo-laptop,influx_dest
power_consumption,1704892622269000000,0.004028072564915283,paolo-laptop,influx_dest
power_consumption,1704892624274000000,0.010188205799288237,paolo-laptop,influx_dest
power_consumption,1704892625276000000,0.0037692585136366477,paolo-laptop,influx_dest
power_consumption,1704892626278000000,0.007761160037312289,paolo-laptop,influx_dest
power_consumption,1704892627279000000,0.004752758395929177,paolo-laptop,influx_dest
power_consumption,1704892628283000000,0.012511290046053362,paolo-laptop,influx_dest
power_consumption,1704892629285000000,0.0035432656478346994,paolo-laptop,influx_dest
power_consumption,1704892630286000000,0.01658033995658128,paolo-laptop,influx_dest
power_consumption,1704892631289000000,0.0067522783027186796,paolo-laptop,influx_dest
power_consumption,1704892632293000000,0.0040154018137095885,paolo-laptop,influx_dest
power_consumption,1704892633296000000,0.00298862216436799,paolo-laptop,influx_dest
power_consumption,1704892634300000000,0.008239485135247962,paolo-laptop,influx_dest
power_consumption,1704892635304000000,0.020059588981504756,paolo-laptop,influx_dest
power_consumption,1704892636307000000,0.004274753690767198,paolo-laptop,influx_dest
power_consumption,1704892637309000000,0.007308749229384133,paolo-laptop,influx_dest
power_consumption,1704892638312000000,0.010316938753592268,paolo-laptop,influx_dest
power_consumption,1704892639315000000,0.00502982960164364,paolo-laptop,influx_dest
power_consumption,1704892640319000000,0.028777668779270654,paolo-laptop,influx_dest
power_consumption,1704892641321000000,0.006862181389427789,paolo-laptop,influx_dest
power_consumption,1704892642324000000,0.011231920497734598,paolo-laptop,influx_dest
power_consumption,1704892643329000000,0.014441778583673064,paolo-laptop,influx_dest
power_consumption,1704892644332000000,0.0031866438467683853,paolo-laptop,influx_dest
power_consumption,1704892645334000000,0.0038967925957418383,paolo-laptop,influx_dest
power_consumption,1704892646337000000,0.01618206506148166,paolo-laptop,influx_dest
power_consumption,1704892647339000000,0.0037050981250702627,paolo-laptop,influx_dest
power_consumption,1704892648341000000,0.008604210793930613,paolo-laptop,influx_dest
power_consumption,1704892649342000000,0.012061573596458559,paolo-laptop,influx_dest
power_consumption,1704892650344000000,0.013050769964855564,paolo-laptop,influx_dest
power_consumption,1704892651346000000,0.002908268754816765,paolo-laptop,influx_dest
power_consumption,1704892652347000000,0.009956548378181572,paolo-laptop,influx_dest
power_consumption,1704892653349000000,0.0029298161586194154,paolo-laptop,influx_dest
power_consumption,1704892654351000000,0.014543932021003677,paolo-laptop,influx_dest
power_consumption,1704892655352000000,0.0035881699212352586,paolo-laptop,influx_dest
power_consumption,1704892656354000000,0.00345172009292244,paolo-laptop,influx_dest
power_consumption,1704892657357000000,0.004361346476944811,paolo-laptop,influx_dest
power_consumption,1704892658359000000,0.002853735132721842,paolo-laptop,influx_dest
power_consumption,1704892659363000000,0.004335570734227396,paolo-laptop,influx_dest
power_consumption,1704892660367000000,0.011035966237167516,paolo-laptop,influx_dest
power_consumption,1704892661368000000,0.005428458712564082,paolo-laptop,influx_dest
power_consumption,1704892662370000000,0.01481455213529432,paolo-laptop,influx_dest
power_consumption,1704892663373000000,0.012428537171595255,paolo-laptop,influx_dest
power_consumption,1704892664376000000,0.005718684519738327,paolo-laptop,influx_dest
power_consumption,1704892665380000000,0.003391218584582693,paolo-laptop,influx_dest
power_consumption,1704892666382000000,0.009885631758910563,paolo-laptop,influx_dest
power_consumption,1704892667384000000,0.010202036298578583,paolo-laptop,influx_dest
power_consumption,1704892668387000000,0.010124167758827775,paolo-laptop,influx_dest
power_consumption,1704892669389000000,0.006707698355382804,paolo-laptop,influx_dest
power_consumption,1704892670391000000,0.010951470700557785,paolo-laptop,influx_dest
power_consumption,1704892671393000000,0.008447095365816299,paolo-laptop,influx_dest
power_consumption,1704892672395000000,0.004178031020342858,paolo-laptop,influx_dest
power_consumption,1704892673398000000,0.0075633593190098415,paolo-laptop,influx_dest
power_consumption,1704892675406000000,0.0032871041242117822,paolo-laptop,influx_dest
power_consumption,1704892676409000000,0.003001961947829993,paolo-laptop,influx_dest
power_consumption,1704892677411000000,0.010430793026983937,paolo-laptop,influx_dest
power_consumption,1704892678413000000,0.003893210188105647,paolo-laptop,influx_dest
power_consumption,1704892679415000000,0.08862279887160103,paolo-laptop,influx_dest
power_consumption,1704892680416000000,0.010823791161645007,paolo-laptop,influx_dest
power_consumption,1704892681419000000,0.005914793709653926,paolo-laptop,influx_dest
power_consumption,1704892682423000000,0.004733027668349941,paolo-laptop,influx_dest
power_consumption,1704892683425000000,0.003863560195030722,paolo-laptop,influx_dest
power_consumption,1704892685433000000,0.015668656099175796,paolo-laptop,influx_dest
power_consumption,1704892686434000000,0.006721376425397696,paolo-laptop,influx_dest
power_consumption,1704892687435000000,0.007012017704055474,paolo-laptop,influx_dest
power_consumption,1704892688437000000,0.00839022108847655,paolo-laptop,influx_dest
power_consumption,1704892689439000000,0.010259920411845511,paolo-laptop,influx_dest
power_consumption,1704892690440000000,0.017152307626654612,paolo-laptop,influx_dest
power_consumption,1704892691441000000,0.0035705758590886317,paolo-laptop,influx_dest
power_consumption,1704892692445000000,0.004064021912045084,paolo-laptop,influx_dest
power_consumption,1704892693449000000,0.015033445434958732,paolo-laptop,influx_dest
power_consumption,1704892694451000000,0.0057573796481701625,paolo-laptop,influx_dest
power_consumption,1704892695453000000,0.006037757504490873,paolo-laptop,influx_dest
power_consumption,1704892696455000000,0.020047337590487234,paolo-laptop,influx_dest
power_consumption,1704892697459000000,0.006499839013525353,paolo-laptop,influx_dest
power_consumption,1704892698463000000,0.0036078534205726586,paolo-laptop,influx_dest
power_consumption,1704892699465000000,0.0032971474093832012,paolo-laptop,influx_dest
power_consumption,1704892700469000000,0.012073914889513605,paolo-laptop,influx_dest
power_consumption,1704892701472000000,0.018709016226329516,paolo-laptop,influx_dest
power_consumption,1704892702474000000,0.0036612874646130625,paolo-laptop,influx_dest
power_consumption,1704892703475000000,0.0073818523575752805,paolo-laptop,influx_dest
power_consumption,1704892704479000000,0.014388806651193891,paolo-laptop,influx_dest
power_consumption,1704892705481000000,0.0030214482071736827,paolo-laptop,influx_dest
power_consumption,1704892706482000000,0.0076969576635073905,paolo-laptop,influx_dest
power_consumption,1704892707487000000,0.012279508814230745,paolo-laptop,influx_dest
power_consumption,1704892708488000000,0.006612462491486787,paolo-laptop,influx_dest
power_consumption,1704892709494000000,0.004759921044483983,paolo-laptop,influx_dest
power_consumption,1704892710495000000,0.011918443026119316,paolo-laptop,influx_dest
power_consumption,1704892711498000000,0.00817631241282108,paolo-laptop,influx_dest
power_consumption,1704892712501000000,0.0038861486912047495,paolo-laptop,influx_dest
power_consumption,1704892713503000000,0.004255242706556559,paolo-laptop,influx_dest
power_consumption,1704892714504000000,0.007782078170059247,paolo-laptop,influx_dest
power_consumption,1704892715507000000,0.009000340844261264,paolo-laptop,influx_dest
power_consumption,1704892716511000000,0.017041259655110108,paolo-laptop,influx_dest
power_consumption,1704892717513000000,0.016262447709864177,paolo-laptop,influx_dest
power_consumption,1704892718515000000,0.018069565520266114,paolo-laptop,influx_dest
power_consumption,1704892719516000000,0.01829601646585534,paolo-laptop,influx_dest
power_consumption,1704892720517000000,0.03928931096220749,paolo-laptop,influx_dest
power_consumption,1704892722520000000,0.016003249971752936,paolo-laptop,influx_dest
power_consumption,1704892723522000000,0.01844134195321693,paolo-laptop,influx_dest
power_consumption,1704892724523000000,0.014290104373791572,paolo-laptop,influx_dest
power_consumption,1704892725525000000,0.005482950501779221,paolo-laptop,influx_dest
power_consumption,1704892726526000000,0.004020234100978146,paolo-laptop,influx_dest
power_consumption,1704892727528000000,0.004256134474334281,paolo-laptop,influx_dest
power_consumption,1704892728534000000,0.006120277683327659,paolo-laptop,influx_dest
power_consumption,1704892729536000000,0.004527127897418029,paolo-laptop,influx_dest
power_consumption,1704892730538000000,0.011951037013962353,paolo-laptop,influx_dest
power_consumption,1704892731539000000,0.004509885118356498,paolo-laptop,influx_dest
power_consumption,1704892732542000000,0.009917719078691012,paolo-laptop,influx_dest
power_consumption,1704892733547000000,0.01191791367975668,paolo-laptop,influx_dest
power_consumption,1704892734549000000,0.0115069144352621,paolo-laptop,influx_dest
power_consumption,1704892735551000000,0.00450387502442119,paolo-laptop,influx_dest
power_consumption,1704892736554000000,0.004325230886216332,paolo-laptop,influx_dest
power_consumption,1704892737556000000,0.003899343530540998,paolo-laptop,influx_dest
power_consumption,1704892738560000000,0.0038987203305733626,paolo-laptop,influx_dest
power_consumption,1704892739561000000,0.010031967760291555,paolo-laptop,influx_dest
power_consumption,1704892740565000000,0.012628427589165585,paolo-laptop,influx_dest
power_consumption,1704892741566000000,0.0043716264560511265,paolo-laptop,influx_dest
power_consumption,1704892742568000000,0.005592514787347456,paolo-laptop,influx_dest
power_consumption,1704892743569000000,0.0073829272300896835,paolo-laptop,influx_dest
power_consumption,1704892744571000000,0.008824051761813428,paolo-laptop,influx_dest
power_consumption,1704892745575000000,0.010055220109994448,paolo-laptop,influx_dest
power_consumption,1704892746577000000,0.011090995191032457,paolo-laptop,influx_dest
power_consumption,1704892747578000000,0.012424457286358038,paolo-laptop,influx_dest
power_consumption,1704892748581000000,0.005343981719560503,paolo-laptop,influx_dest
power_consumption,1704892749585000000,0.008616696061361352,paolo-laptop,influx_dest
power_consumption,1704892750587000000,0.09310214066416046,paolo-laptop,influx_dest
power_consumption,1704892751589000000,0.005683267573536013,paolo-laptop,influx_dest
power_consumption,1704892752591000000,0.007102608688449289,paolo-laptop,influx_dest
power_consumption,1704892753593000000,0.007375081350168285,paolo-laptop,influx_dest
power_consumption,1704892754595000000,0.00531038863382946,paolo-laptop,influx_dest
power_consumption,1704892755597000000,0.010512403063443355,paolo-laptop,influx_dest
power_consumption,1704892756598000000,0.005952986021088657,paolo-laptop,influx_dest
power_consumption,1704892757600000000,0.007048671079841589,paolo-laptop,influx_dest
power_consumption,1704892758601000000,0.007081275622181126,paolo-laptop,influx_dest
power_consumption,1704892759603000000,0.00661252854523475,paolo-laptop,influx_dest
power_consumption,1704892760604000000,0.01337274135984443,paolo-laptop,influx_dest
power_consumption,1704892761608000000,0.004305161249828196,paolo-laptop,influx_dest
power_consumption,1704892762611000000,0.017485774474229696,paolo-laptop,influx_dest
power_consumption,1704892763612000000,0.0038564488339396154,paolo-laptop,influx_dest
power_consumption,1704892764616000000,0.010855539561314123,paolo-laptop,influx_dest
power_consumption,1704892765620000000,0.021613993003080176,paolo-laptop,influx_dest
power_consumption,1704892766623000000,0.015939407462671484,paolo-laptop,influx_dest
power_consumption,1704892767627000000,0.0400716134667157,paolo-laptop,influx_dest
power_consumption,1704892768629000000,0.003874629218114798,paolo-laptop,influx_dest
power_consumption,1704892769633000000,0.008955867260329115,paolo-laptop,influx_dest
power_consumption,1704892771640000000,0.008306322114475094,paolo-laptop,influx_dest
power_consumption,1704892772643000000,0.005856277881627139,paolo-laptop,influx_dest
power_consumption,1704892773648000000,0.012400014997936975,paolo-laptop,influx_dest
power_consumption,1704892774650000000,0.016472971984697642,paolo-laptop,influx_dest
power_consumption,1704892776658000000,0.017003895514622492,paolo-laptop,influx_dest
power_consumption,1704892777660000000,0.004402227500687733,paolo-laptop,influx_dest
power_consumption,1704892778663000000,0.017123691966233145,paolo-laptop,influx_dest
power_consumption,1704892779664000000,0.014057688078239101,paolo-laptop,influx_dest
power_consumption,1704892780665000000,0.014839755439631373,paolo-laptop,influx_dest
power_consumption,1704892781667000000,0.012636035984959238,paolo-laptop,influx_dest
power_consumption,1704892782668000000,0.013070107815321178,paolo-laptop,influx_dest
power_consumption,1704892783669000000,0.009272997998578938,paolo-laptop,influx_dest
power_consumption,1704892784670000000,0.010403880136280453,paolo-laptop,influx_dest
power_consumption,1704892785672000000,0.005237196001597938,paolo-laptop,influx_dest
power_consumption,1704892786673000000,0.010624270001259525,paolo-laptop,influx_dest
power_consumption,1704892787677000000,0.012872770026322956,paolo-laptop,influx_dest
power_consumption,1704892788683000000,0.015346122418512706,paolo-laptop,influx_dest
power_consumption,1704892789689000000,0.006558811566785841,paolo-laptop,influx_dest
power_consumption,1704892790693000000,0.02087435359506351,paolo-laptop,influx_dest
power_consumption,1704892791696000000,0.01022838972640639,paolo-laptop,influx_dest
power_consumption,1704892792700000000,0.010921852405559257,paolo-laptop,influx_dest
power_consumption,1704892793705000000,0.017327436719906365,paolo-laptop,influx_dest
power_consumption,1704892794717000000,0.01445289853572956,paolo-laptop,influx_dest
power_consumption,1704892795720000000,0.02209720000639809,paolo-laptop,influx_dest
power_consumption,1704892796725000000,0.016438661235365942,paolo-laptop,influx_dest
power_consumption,1704892797730000000,0.01560856590692947,paolo-laptop,influx_dest
power_consumption,1704892798735000000,0.017140372939301304,paolo-laptop,influx_dest
power_consumption,1704892799739000000,0.0333629723335488,paolo-laptop,influx_dest
power_consumption,1704892800743000000,0.023736859892429643,paolo-laptop,influx_dest
power_consumption,1704892801747000000,0.009158547655052389,paolo-laptop,influx_dest
power_consumption,1704892802751000000,0.00848277509157289,paolo-laptop,influx_dest
power_consumption,1704892803755000000,0.007260065482075042,paolo-laptop,influx_dest
power_consumption,1704892804759000000,0.022115137937708085,paolo-laptop,influx_dest
power_consumption,1704892805761000000,0.005376937708814759,paolo-laptop,influx_dest
power_consumption,1704892806763000000,0.005490320954211821,paolo-laptop,influx_dest
power_consumption,1704892807766000000,0.005199089571371671,paolo-laptop,influx_dest
power_consumption,1704892808768000000,0.0047080540858235875,paolo-laptop,influx_dest
power_consumption,1704892809772000000,0.00415835288351499,paolo-laptop,influx_dest
power_consumption,1704892810774000000,0.04807624990932618,paolo-laptop,influx_dest
power_consumption,1704892811776000000,0.007121089229793664,paolo-laptop,influx_dest
power_consumption,1704892812779000000,0.004580365402411558,paolo-laptop,influx_dest
power_consumption,1704892813782000000,0.006384937514236357,paolo-laptop,influx_dest
power_consumption,1704892814784000000,0.011802653723381386,paolo-laptop,influx_dest
power_consumption,1704892815788000000,0.016957858348530027,paolo-laptop,influx_dest
power_consumption,1704892816791000000,0.005916839864306404,paolo-laptop,influx_dest
power_consumption,1704892817793000000,0.003959855136233194,paolo-laptop,influx_dest
power_consumption,1704892818796000000,0.010328791075809779,paolo-laptop,influx_dest
power_consumption,1704892819802000000,0.010306172607107754,paolo-laptop,influx_dest
power_consumption,1704892820804000000,0.015972663154745635,paolo-laptop,influx_dest
power_consumption,1704892821808000000,0.003996888833726389,paolo-laptop,influx_dest
power_consumption,1704892822809000000,0.007052190374168292,paolo-laptop,influx_dest
power_consumption,1704892823811000000,0.007555866832387624,paolo-laptop,influx_dest
power_consumption,1704892824812000000,0.003952849751152692,paolo-laptop,influx_dest
power_consumption,1704892825813000000,0.005459898091826664,paolo-laptop,influx_dest
power_consumption,1704892826817000000,0.01411987444294732,paolo-laptop,influx_dest
power_consumption,1704892827819000000,0.004063616389198148,paolo-laptop,influx_dest
power_consumption,1704892828821000000,0.05577598649035588,paolo-laptop,influx_dest
power_consumption,1704892829823000000,0.00435788758881878,paolo-laptop,influx_dest
power_consumption,1704892830824000000,0.012028228062790788,paolo-laptop,influx_dest
power_consumption,1704892831826000000,0.006659436044677457,paolo-laptop,influx_dest
power_consumption,1704892832828000000,0.0077805069550562055,paolo-laptop,influx_dest
power_consumption,1704892833829000000,0.009886620693030205,paolo-laptop,influx_dest
power_consumption,1704892834831000000,0.0047103426379500515,paolo-laptop,influx_dest
power_consumption,1704892835833000000,0.009629633273070261,paolo-laptop,influx_dest
power_consumption,1704892836835000000,0.005230505301398854,paolo-laptop,influx_dest
power_consumption,1704892837837000000,0.0051225645452002136,paolo-laptop,influx_dest
power_consumption,1704892838839000000,0.004180261577093449,paolo-laptop,influx_dest
power_consumption,1704892839841000000,0.005106663016227409,paolo-laptop,influx_dest
power_consumption,1704892840845000000,0.026667341052564433,paolo-laptop,influx_dest
power_consumption,1704892841849000000,0.01163525182461712,paolo-laptop,influx_dest
power_consumption,1704892842854000000,0.004293326271132574,paolo-laptop,influx_dest
power_consumption,1704892843855000000,0.020005474619782262,paolo-laptop,influx_dest
power_consumption,1704892844857000000,0.021533857540285053,paolo-laptop,influx_dest
power_consumption,1704892845859000000,0.006170435729150858,paolo-laptop,influx_dest
power_consumption,1704892846861000000,0.0038992860479315434,paolo-laptop,influx_dest
power_consumption,1704892847863000000,0.004045866619018354,paolo-laptop,influx_dest
power_consumption,1704892848864000000,0.010927355580130983,paolo-laptop,influx_dest
power_consumption,1704892849866000000,0.004042009094801618,paolo-laptop,influx_dest
power_consumption,1704892850872000000,0.012617794790762783,paolo-laptop,influx_dest
power_consumption,1704892851875000000,0.004486512164864161,paolo-laptop,influx_dest
power_consumption,1704892852877000000,0.011158903186313556,paolo-laptop,influx_dest
power_consumption,1704892853879000000,0.005785717469929716,paolo-laptop,influx_dest
power_consumption,1704892854882000000,0.0038660044959827992,paolo-laptop,influx_dest
power_consumption,1704892855885000000,0.005448341099595445,paolo-laptop,influx_dest
power_consumption,1704892856887000000,0.005475091330820489,paolo-laptop,influx_dest
power_consumption,1704892857889000000,0.004514754531660947,paolo-laptop,influx_dest
power_consumption,1704892858891000000,0.003510118778493789,paolo-laptop,influx_dest
power_consumption,1704892859895000000,0.0039235847558686116,paolo-laptop,influx_dest
power_consumption,1704892860897000000,0.017602195778404644,paolo-laptop,influx_dest
power_consumption,1704892861899000000,0.005642339003807546,paolo-laptop,influx_dest
power_consumption,1704892862901000000,0.0066226902769040315,paolo-laptop,influx_dest
power_consumption,1704892863903000000,0.005571287786912347,paolo-laptop,influx_dest
power_consumption,1704892864904000000,0.016603352832158105,paolo-laptop,influx_dest
power_consumption,1704892865906000000,0.007672517685311057,paolo-laptop,influx_dest
