name,time,power,sensor,target
power_consumption,1705307493337000000,0.011291166132720186,paolo-laptop,hwpc-sensor-container
power_consumption,1705307494340000000,0.011471946759874932,paolo-laptop,hwpc-sensor-container
power_consumption,1705307495342000000,0.01128163591897201,paolo-laptop,hwpc-sensor-container
power_consumption,1705307496344000000,0.010257485858770714,paolo-laptop,hwpc-sensor-container
power_consumption,1705307497346000000,0.009081287803146366,paolo-laptop,hwpc-sensor-container
power_consumption,1705307498348000000,0.016775494627581117,paolo-laptop,hwpc-sensor-container
power_consumption,1705307502361000000,0.011360935952244262,paolo-laptop,hwpc-sensor-container
power_consumption,1705307503363000000,0.011242054735986886,paolo-laptop,hwpc-sensor-container
power_consumption,1705307504366000000,0.01136088208287495,paolo-laptop,hwpc-sensor-container
power_consumption,1705307505368000000,0.01127708527013801,paolo-laptop,hwpc-sensor-container
power_consumption,1705307506371000000,0.011768760263639816,paolo-laptop,hwpc-sensor-container
power_consumption,1705307507373000000,0.011221554730598132,paolo-laptop,hwpc-sensor-container
power_consumption,1705307508375000000,0.011128304414650087,paolo-laptop,hwpc-sensor-container
power_consumption,1705307509377000000,0.012392236677277053,paolo-laptop,hwpc-sensor-container
power_consumption,1705307510382000000,0.011971494432331559,paolo-laptop,hwpc-sensor-container
power_consumption,1705307511387000000,0.010026095799687879,paolo-laptop,hwpc-sensor-container
power_consumption,1705307512389000000,0.011112038044061601,paolo-laptop,hwpc-sensor-container
power_consumption,1705307513393000000,0.01111752645045232,paolo-laptop,hwpc-sensor-container
power_consumption,1705307514395000000,0.012143684033468917,paolo-laptop,hwpc-sensor-container
power_consumption,1705307515398000000,0.01105807678165811,paolo-laptop,hwpc-sensor-container
power_consumption,1705307516400000000,0.011761069502096193,paolo-laptop,hwpc-sensor-container
power_consumption,1705307519408000000,0.011194238757998659,paolo-laptop,hwpc-sensor-container
power_consumption,1705307520410000000,0.011314365278474937,paolo-laptop,hwpc-sensor-container
power_consumption,1705307521412000000,0.011441116102841702,paolo-laptop,hwpc-sensor-container
power_consumption,1705307530437000000,0.011676187683474473,paolo-laptop,hwpc-sensor-container
power_consumption,1705307531445000000,0.009980953960442171,paolo-laptop,hwpc-sensor-container
power_consumption,1705307532454000000,0.011217910458591244,paolo-laptop,hwpc-sensor-container
power_consumption,1705307533457000000,0.010815422220084005,paolo-laptop,hwpc-sensor-container
power_consumption,1705307534458000000,0.010828046949181618,paolo-laptop,hwpc-sensor-container
power_consumption,1705307535459000000,0.0108277275184402,paolo-laptop,hwpc-sensor-container
power_consumption,1705307536461000000,0.011911068896268258,paolo-laptop,hwpc-sensor-container
power_consumption,1705307537462000000,0.010967906441809075,paolo-laptop,hwpc-sensor-container
power_consumption,1705307538464000000,0.01073096411637185,paolo-laptop,hwpc-sensor-container
power_consumption,1705307539467000000,0.011095256379117444,paolo-laptop,hwpc-sensor-container
power_consumption,1705307540468000000,0.010887785346548239,paolo-laptop,hwpc-sensor-container
power_consumption,1705307541470000000,0.012070020682900494,paolo-laptop,hwpc-sensor-container
power_consumption,1705307542474000000,0.01082086776961224,paolo-laptop,hwpc-sensor-container
power_consumption,1705307543476000000,0.01240370636237475,paolo-laptop,hwpc-sensor-container
power_consumption,1705307545483000000,0.011429616907738407,paolo-laptop,hwpc-sensor-container
power_consumption,1705307546484000000,0.011104081223145426,paolo-laptop,hwpc-sensor-container
power_consumption,1705307547486000000,0.010708951001361613,paolo-laptop,hwpc-sensor-container
power_consumption,1705307548489000000,0.010900659922405121,paolo-laptop,hwpc-sensor-container
power_consumption,1705307549491000000,0.010967200456580305,paolo-laptop,hwpc-sensor-container
power_consumption,1705307550493000000,0.010984837100156221,paolo-laptop,hwpc-sensor-container
power_consumption,1705307551495000000,0.010973083962774422,paolo-laptop,hwpc-sensor-container
power_consumption,1705307552497000000,0.010981606300989152,paolo-laptop,hwpc-sensor-container
power_consumption,1705307553499000000,0.011100872596031038,paolo-laptop,hwpc-sensor-container
power_consumption,1705307554502000000,0.010894521790952062,paolo-laptop,hwpc-sensor-container
power_consumption,1705307555504000000,0.011265900990415856,paolo-laptop,hwpc-sensor-container
power_consumption,1705307556506000000,0.011051500548474764,paolo-laptop,hwpc-sensor-container
power_consumption,1705307557508000000,0.011118907291023616,paolo-laptop,hwpc-sensor-container
power_consumption,1705307558511000000,0.011394754242345883,paolo-laptop,hwpc-sensor-container
power_consumption,1705307559514000000,0.010975897549384047,paolo-laptop,hwpc-sensor-container
power_consumption,1705307560516000000,0.010887453033898202,paolo-laptop,hwpc-sensor-container
power_consumption,1705307561519000000,0.011024738219567386,paolo-laptop,hwpc-sensor-container
power_consumption,1705307562521000000,0.011082703251139508,paolo-laptop,hwpc-sensor-container
power_consumption,1705307563524000000,0.01100037947316999,paolo-laptop,hwpc-sensor-container
power_consumption,1705307564526000000,0.010984316700350053,paolo-laptop,hwpc-sensor-container
power_consumption,1705307565529000000,0.01106402986520909,paolo-laptop,hwpc-sensor-container
power_consumption,1705307566531000000,0.011099986959570157,paolo-laptop,hwpc-sensor-container
power_consumption,1705307567533000000,0.011348791193668346,paolo-laptop,hwpc-sensor-container
power_consumption,1705307568535000000,0.011425843557004295,paolo-laptop,hwpc-sensor-container
power_consumption,1705307569537000000,0.011297639419618033,paolo-laptop,hwpc-sensor-container
power_consumption,1705307570539000000,0.011160649779454038,paolo-laptop,hwpc-sensor-container
power_consumption,1705307571541000000,0.011068725910459015,paolo-laptop,hwpc-sensor-container
power_consumption,1705307572543000000,0.011266533733083837,paolo-laptop,hwpc-sensor-container
power_consumption,1705307573545000000,0.009995061601897648,paolo-laptop,hwpc-sensor-container
power_consumption,1705307574547000000,0.010428021830919001,paolo-laptop,hwpc-sensor-container
power_consumption,1705307577553000000,0.012083403359008487,paolo-laptop,hwpc-sensor-container
power_consumption,1705307578558000000,0.008185109301881542,paolo-laptop,hwpc-sensor-container
power_consumption,1705307580562000000,0.011868077480518935,paolo-laptop,hwpc-sensor-container
power_consumption,1705307583567000000,0.010280536446006721,paolo-laptop,hwpc-sensor-container
power_consumption,1705307584570000000,0.01274900800053477,paolo-laptop,hwpc-sensor-container
power_consumption,1705307585572000000,0.0123893422008825,paolo-laptop,hwpc-sensor-container
power_consumption,1705307586575000000,0.012570104423488864,paolo-laptop,hwpc-sensor-container
power_consumption,1705307587577000000,0.010080993794620803,paolo-laptop,hwpc-sensor-container
power_consumption,1705307588579000000,0.011746009658857522,paolo-laptop,hwpc-sensor-container
power_consumption,1705307589581000000,0.012174246082149868,paolo-laptop,hwpc-sensor-container
power_consumption,1705307590583000000,0.01353066046191996,paolo-laptop,hwpc-sensor-container
power_consumption,1705307591586000000,0.013111399882444724,paolo-laptop,hwpc-sensor-container
power_consumption,1705307592589000000,0.012124884367112239,paolo-laptop,hwpc-sensor-container
power_consumption,1705307593592000000,0.013188915003193562,paolo-laptop,hwpc-sensor-container
power_consumption,1705307594594000000,0.012397324785492953,paolo-laptop,hwpc-sensor-container
power_consumption,1705307595597000000,0.012490563248961629,paolo-laptop,hwpc-sensor-container
power_consumption,1705307596600000000,0.013112628369034962,paolo-laptop,hwpc-sensor-container
power_consumption,1705307597603000000,0.012355868454288096,paolo-laptop,hwpc-sensor-container
power_consumption,1705307602618000000,0.01175936452321974,paolo-laptop,hwpc-sensor-container
power_consumption,1705307606634000000,0.011393769542523285,paolo-laptop,hwpc-sensor-container
power_consumption,1705307607637000000,0.012032501808223864,paolo-laptop,hwpc-sensor-container
power_consumption,1705307610644000000,0.012601392436751246,paolo-laptop,hwpc-sensor-container
power_consumption,1705307611646000000,0.011929580919615386,paolo-laptop,hwpc-sensor-container
power_consumption,1705307612650000000,0.013990936163613802,paolo-laptop,hwpc-sensor-container
power_consumption,1705307615655000000,0.012336022689027814,paolo-laptop,hwpc-sensor-container
power_consumption,1705307616657000000,0.012382552429341973,paolo-laptop,hwpc-sensor-container
power_consumption,1705307617659000000,0.010935362946949719,paolo-laptop,hwpc-sensor-container
power_consumption,1705307618662000000,0.011763522476340747,paolo-laptop,hwpc-sensor-container
power_consumption,1705307619664000000,0.012098681061673555,paolo-laptop,hwpc-sensor-container
power_consumption,1705307620666000000,0.01061880879742235,paolo-laptop,hwpc-sensor-container
power_consumption,1705307621668000000,0.011647853412778257,paolo-laptop,hwpc-sensor-container
power_consumption,1705307622670000000,0.011072987819223841,paolo-laptop,hwpc-sensor-container
power_consumption,1705307630695000000,0.012768815847344649,paolo-laptop,hwpc-sensor-container
power_consumption,1705307634707000000,0.012226960864928593,paolo-laptop,hwpc-sensor-container
power_consumption,1705307635709000000,0.011984102844138086,paolo-laptop,hwpc-sensor-container
power_consumption,1705307636711000000,0.012196486952771647,paolo-laptop,hwpc-sensor-container
power_consumption,1705307637714000000,0.011482579843386367,paolo-laptop,hwpc-sensor-container
power_consumption,1705307638716000000,0.011738915961535257,paolo-laptop,hwpc-sensor-container
power_consumption,1705307639718000000,0.011784928126112926,paolo-laptop,hwpc-sensor-container
power_consumption,1705307640720000000,0.01192589272823657,paolo-laptop,hwpc-sensor-container
power_consumption,1705307641722000000,0.011783354292207485,paolo-laptop,hwpc-sensor-container
power_consumption,1705307642725000000,0.01351873721768179,paolo-laptop,hwpc-sensor-container
power_consumption,1705307643730000000,0.01092143189993331,paolo-laptop,hwpc-sensor-container
power_consumption,1705307644732000000,0.01354668217769076,paolo-laptop,hwpc-sensor-container
power_consumption,1705307645735000000,0.010495617232619072,paolo-laptop,hwpc-sensor-container
power_consumption,1705307646736000000,0.013103345969774933,paolo-laptop,hwpc-sensor-container
power_consumption,1705307647738000000,0.011082361628721407,paolo-laptop,hwpc-sensor-container
power_consumption,1705307648741000000,0.013189947360833246,paolo-laptop,hwpc-sensor-container
power_consumption,1705307649743000000,0.012010274584620452,paolo-laptop,hwpc-sensor-container
power_consumption,1705307650745000000,0.011457515376799992,paolo-laptop,hwpc-sensor-container
power_consumption,1705307651748000000,0.011822750334904382,paolo-laptop,hwpc-sensor-container
power_consumption,1705307652750000000,0.011957914238908025,paolo-laptop,hwpc-sensor-container
power_consumption,1705307653753000000,0.011510357556483712,paolo-laptop,hwpc-sensor-container
power_consumption,1705307654755000000,0.01184983514977297,paolo-laptop,hwpc-sensor-container
power_consumption,1705307655758000000,0.010439619819051421,paolo-laptop,hwpc-sensor-container
power_consumption,1705307656760000000,0.013386820934846153,paolo-laptop,hwpc-sensor-container
power_consumption,1705307657766000000,0.011500181797826872,paolo-laptop,hwpc-sensor-container
power_consumption,1705307658768000000,0.012191916669829758,paolo-laptop,hwpc-sensor-container
power_consumption,1705307659770000000,0.011551871770140162,paolo-laptop,hwpc-sensor-container
power_consumption,1705307660774000000,0.012369537508788931,paolo-laptop,hwpc-sensor-container
power_consumption,1705307661776000000,0.012239644027930846,paolo-laptop,hwpc-sensor-container
power_consumption,1705307662781000000,0.012242153196469817,paolo-laptop,hwpc-sensor-container
power_consumption,1705307663784000000,0.011810914464696641,paolo-laptop,hwpc-sensor-container
power_consumption,1705307666789000000,0.011867659809185242,paolo-laptop,hwpc-sensor-container
power_consumption,1705307670799000000,0.012919067032617663,paolo-laptop,hwpc-sensor-container
power_consumption,1705307671802000000,0.012243233384266541,paolo-laptop,hwpc-sensor-container
power_consumption,1705307672804000000,0.011916748110292183,paolo-laptop,hwpc-sensor-container
power_consumption,1705307673817000000,0.011599147082065333,paolo-laptop,hwpc-sensor-container
power_consumption,1705307674819000000,0.011680113619393622,paolo-laptop,hwpc-sensor-container
power_consumption,1705307675822000000,0.012156687189779476,paolo-laptop,hwpc-sensor-container
power_consumption,1705307677830000000,0.01221165345710895,paolo-laptop,hwpc-sensor-container
power_consumption,1705307678833000000,0.012466129215080585,paolo-laptop,hwpc-sensor-container
power_consumption,1705307679836000000,0.012215015645531391,paolo-laptop,hwpc-sensor-container
power_consumption,1705307680839000000,0.011417722583710006,paolo-laptop,hwpc-sensor-container
power_consumption,1705307681841000000,0.01170479609685553,paolo-laptop,hwpc-sensor-container
power_consumption,1705307682843000000,0.010332604652526355,paolo-laptop,hwpc-sensor-container
power_consumption,1705307683845000000,0.011757990924013528,paolo-laptop,hwpc-sensor-container
power_consumption,1705307684849000000,0.011966348095062748,paolo-laptop,hwpc-sensor-container
power_consumption,1705307685851000000,0.01199301813678855,paolo-laptop,hwpc-sensor-container
power_consumption,1705307694899000000,0.011225931301657003,paolo-laptop,hwpc-sensor-container
power_consumption,1705307698914000000,0.010781993168992669,paolo-laptop,hwpc-sensor-container
power_consumption,1705307701921000000,0.017903923042410144,paolo-laptop,hwpc-sensor-container
power_consumption,1705307717989000000,0.01096590137054773,paolo-laptop,hwpc-sensor-container
power_consumption,1705307719993000000,0.010698056701952478,paolo-laptop,hwpc-sensor-container
power_consumption,1705307722005000000,0.012397901903246846,paolo-laptop,hwpc-sensor-container
power_consumption,1705307723008000000,0.00877922027776512,paolo-laptop,hwpc-sensor-container
power_consumption,1705307726018000000,0.015706675086843383,paolo-laptop,hwpc-sensor-container
power_consumption,1705307727020000000,0.011967387574533516,paolo-laptop,hwpc-sensor-container
power_consumption,1705307729023000000,0.011356971970883822,paolo-laptop,hwpc-sensor-container
power_consumption,1705307732031000000,0.011595364733369109,paolo-laptop,hwpc-sensor-container
power_consumption,1705307733033000000,0.011930155524061459,paolo-laptop,hwpc-sensor-container
power_consumption,1705307734036000000,0.012426798752350272,paolo-laptop,hwpc-sensor-container
power_consumption,1705307736041000000,0.011750293994181055,paolo-laptop,hwpc-sensor-container
power_consumption,1705307737043000000,0.011229992122204682,paolo-laptop,hwpc-sensor-container
power_consumption,1705307738046000000,0.01204500918223789,paolo-laptop,hwpc-sensor-container
power_consumption,1705307739048000000,0.01525063938767549,paolo-laptop,hwpc-sensor-container
power_consumption,1705307741054000000,0.017420556473251553,paolo-laptop,hwpc-sensor-container
power_consumption,1705307743059000000,0.012802037803917482,paolo-laptop,hwpc-sensor-container
power_consumption,1705307744062000000,0.014059564759385312,paolo-laptop,hwpc-sensor-container
power_consumption,1705307745064000000,0.011562239731841551,paolo-laptop,hwpc-sensor-container
power_consumption,1705307746067000000,0.015039420175329209,paolo-laptop,hwpc-sensor-container
power_consumption,1705307747069000000,0.011223916861191695,paolo-laptop,hwpc-sensor-container
power_consumption,1705307749075000000,0.010434274760371127,paolo-laptop,hwpc-sensor-container
power_consumption,1705307751081000000,0.011345062591719995,paolo-laptop,hwpc-sensor-container
power_consumption,1705307752083000000,0.012405427684508478,paolo-laptop,hwpc-sensor-container
power_consumption,1705307753087000000,0.011244047063458901,paolo-laptop,hwpc-sensor-container
power_consumption,1705307755095000000,0.011540230552136075,paolo-laptop,hwpc-sensor-container
power_consumption,1705307757101000000,0.011489182810820075,paolo-laptop,hwpc-sensor-container
power_consumption,1705307760108000000,0.011575842360204189,paolo-laptop,hwpc-sensor-container
power_consumption,1705307761110000000,0.011203453308859083,paolo-laptop,hwpc-sensor-container
power_consumption,1705307762113000000,0.011119583222408573,paolo-laptop,hwpc-sensor-container
power_consumption,1705307763115000000,0.011262475650302941,paolo-laptop,hwpc-sensor-container
power_consumption,1705307764117000000,0.011263715515289596,paolo-laptop,hwpc-sensor-container
power_consumption,1705307765121000000,0.0164060716841289,paolo-laptop,hwpc-sensor-container
power_consumption,1705307766123000000,0.01236179433677643,paolo-laptop,hwpc-sensor-container
power_consumption,1705307767125000000,0.012013133399639424,paolo-laptop,hwpc-sensor-container
power_consumption,1705307768127000000,0.011868559167074003,paolo-laptop,hwpc-sensor-container
power_consumption,1705307770130000000,0.012646814221519361,paolo-laptop,hwpc-sensor-container
power_consumption,1705307771134000000,0.011992769847075866,paolo-laptop,hwpc-sensor-container
power_consumption,1705307772136000000,0.010773121565259735,paolo-laptop,hwpc-sensor-container
power_consumption,1705307774140000000,0.011452211065821123,paolo-laptop,hwpc-sensor-container
power_consumption,1705307775141000000,0.0116625009065289,paolo-laptop,hwpc-sensor-container
power_consumption,1705307776144000000,0.01237900125871533,paolo-laptop,hwpc-sensor-container
power_consumption,1705307777149000000,0.015694965160454787,paolo-laptop,hwpc-sensor-container
power_consumption,1705307778153000000,0.009885410970375793,paolo-laptop,hwpc-sensor-container
power_consumption,1705307779155000000,0.012434311196639989,paolo-laptop,hwpc-sensor-container
power_consumption,1705307780156000000,0.010880211643680696,paolo-laptop,hwpc-sensor-container
power_consumption,1705307781158000000,0.01334213713515369,paolo-laptop,hwpc-sensor-container
power_consumption,1705307782162000000,0.010570013703373954,paolo-laptop,hwpc-sensor-container
power_consumption,1705307785168000000,0.01194078223393293,paolo-laptop,hwpc-sensor-container
power_consumption,1705307786170000000,0.012773401344732083,paolo-laptop,hwpc-sensor-container
power_consumption,1705307788181000000,0.02917139513560705,paolo-laptop,hwpc-sensor-container
power_consumption,1705307789183000000,0.01196655379897236,paolo-laptop,hwpc-sensor-container
power_consumption,1705307790185000000,0.01249963895786821,paolo-laptop,hwpc-sensor-container
power_consumption,1705307791190000000,0.01059426067314826,paolo-laptop,hwpc-sensor-container
power_consumption,1705307793196000000,0.011991148279131884,paolo-laptop,hwpc-sensor-container
power_consumption,1705307794198000000,0.012765829565905981,paolo-laptop,hwpc-sensor-container
power_consumption,1705307795205000000,0.011534051471020214,paolo-laptop,hwpc-sensor-container
power_consumption,1705307797213000000,0.01241906605030767,paolo-laptop,hwpc-sensor-container
power_consumption,1705307798216000000,0.012362730959010856,paolo-laptop,hwpc-sensor-container
power_consumption,1705307799220000000,0.013022142049176209,paolo-laptop,hwpc-sensor-container
power_consumption,1705307800222000000,0.012892495891720951,paolo-laptop,hwpc-sensor-container
power_consumption,1705307801226000000,0.01157828485604586,paolo-laptop,hwpc-sensor-container
power_consumption,1705307802229000000,0.01240161366953803,paolo-laptop,hwpc-sensor-container
power_consumption,1705307804235000000,0.01287258527697105,paolo-laptop,hwpc-sensor-container
power_consumption,1705307805238000000,0.010615853297236529,paolo-laptop,hwpc-sensor-container
power_consumption,1705307806241000000,0.015430180938184636,paolo-laptop,hwpc-sensor-container
power_consumption,1705307808245000000,0.010144582077527326,paolo-laptop,hwpc-sensor-container
power_consumption,1705307809247000000,0.01179258228549343,paolo-laptop,hwpc-sensor-container
power_consumption,1705307810250000000,0.009855981702463781,paolo-laptop,hwpc-sensor-container
power_consumption,1705307811252000000,0.011648103343528227,paolo-laptop,hwpc-sensor-container
power_consumption,1705307812254000000,0.012233331593458286,paolo-laptop,hwpc-sensor-container
power_consumption,1705307814262000000,0.011722159643831305,paolo-laptop,hwpc-sensor-container
power_consumption,1705307815264000000,0.01249989791181404,paolo-laptop,hwpc-sensor-container
power_consumption,1705307816269000000,0.012124775578487049,paolo-laptop,hwpc-sensor-container
power_consumption,1705307818277000000,0.012568948248727252,paolo-laptop,hwpc-sensor-container
power_consumption,1705307820289000000,0.011819159017882936,paolo-laptop,hwpc-sensor-container
power_consumption,1705307821291000000,0.01230185865940384,paolo-laptop,hwpc-sensor-container
power_consumption,1705307822293000000,0.014656514437064902,paolo-laptop,hwpc-sensor-container
power_consumption,1705307823298000000,0.01136973043063709,paolo-laptop,hwpc-sensor-container
power_consumption,1705307825308000000,0.011852898450905574,paolo-laptop,hwpc-sensor-container
power_consumption,1705307826310000000,0.018671693391423355,paolo-laptop,hwpc-sensor-container
power_consumption,1705307827317000000,0.012606751644748806,paolo-laptop,hwpc-sensor-container
power_consumption,1705307828322000000,0.012123645202066418,paolo-laptop,hwpc-sensor-container
power_consumption,1705307829324000000,0.013272970143096958,paolo-laptop,hwpc-sensor-container
power_consumption,1705307830327000000,0.01262875868550457,paolo-laptop,hwpc-sensor-container
power_consumption,1705307831329000000,0.012905411329208,paolo-laptop,hwpc-sensor-container
power_consumption,1705307832332000000,0.013082297682044924,paolo-laptop,hwpc-sensor-container
power_consumption,1705307833340000000,0.01523482158091351,paolo-laptop,hwpc-sensor-container
power_consumption,1705307834347000000,0.011757908718041738,paolo-laptop,hwpc-sensor-container
power_consumption,1705307835351000000,0.014300801800985464,paolo-laptop,hwpc-sensor-container
power_consumption,1705307838361000000,0.01266069806754938,paolo-laptop,hwpc-sensor-container
power_consumption,1705307839363000000,0.012573075012112814,paolo-laptop,hwpc-sensor-container
power_consumption,1705307840365000000,0.014106621516964658,paolo-laptop,hwpc-sensor-container
power_consumption,1705307841367000000,0.01264690020463969,paolo-laptop,hwpc-sensor-container
power_consumption,1705307842368000000,0.011845818471490077,paolo-laptop,hwpc-sensor-container
power_consumption,1705307843371000000,0.013145832748091247,paolo-laptop,hwpc-sensor-container
power_consumption,1705307844373000000,0.012049457649969095,paolo-laptop,hwpc-sensor-container
power_consumption,1705307845375000000,0.011642723201278418,paolo-laptop,hwpc-sensor-container
power_consumption,1705307846377000000,0.012508270162584927,paolo-laptop,hwpc-sensor-container
power_consumption,1705307847378000000,0.010277756924196264,paolo-laptop,hwpc-sensor-container
power_consumption,1705307848380000000,0.01157983747902102,paolo-laptop,hwpc-sensor-container
power_consumption,1705307849381000000,0.012298665407169597,paolo-laptop,hwpc-sensor-container
power_consumption,1705307850385000000,0.012500977317816506,paolo-laptop,hwpc-sensor-container
power_consumption,1705307851387000000,0.011928574169769666,paolo-laptop,hwpc-sensor-container
power_consumption,1705307852389000000,0.013606910407761737,paolo-laptop,hwpc-sensor-container
power_consumption,1705307853393000000,0.012125200378083744,paolo-laptop,hwpc-sensor-container
power_consumption,1705307854395000000,0.010902822490056818,paolo-laptop,hwpc-sensor-container
power_consumption,1705307855399000000,0.011803787629947911,paolo-laptop,hwpc-sensor-container
power_consumption,1705307856405000000,0.012243300166595226,paolo-laptop,hwpc-sensor-container
power_consumption,1705307857408000000,0.013793273109063775,paolo-laptop,hwpc-sensor-container
power_consumption,1705307858411000000,0.011639504295730518,paolo-laptop,hwpc-sensor-container
power_consumption,1705307859413000000,0.014324632939910143,paolo-laptop,hwpc-sensor-container
power_consumption,1705307861420000000,0.015400628923098967,paolo-laptop,hwpc-sensor-container
power_consumption,1705307862422000000,0.022371151811414837,paolo-laptop,hwpc-sensor-container
power_consumption,1705307864425000000,0.011361419825630943,paolo-laptop,hwpc-sensor-container
power_consumption,1705307865429000000,0.011792374919356655,paolo-laptop,hwpc-sensor-container
power_consumption,1705307866431000000,0.011333686852113516,paolo-laptop,hwpc-sensor-container
power_consumption,1705307867432000000,0.011660469205582762,paolo-laptop,hwpc-sensor-container
power_consumption,1705307869436000000,0.012027348759089035,paolo-laptop,hwpc-sensor-container
power_consumption,1705307870438000000,0.01119026747961586,paolo-laptop,hwpc-sensor-container
power_consumption,1705307871440000000,0.011512651551523902,paolo-laptop,hwpc-sensor-container
power_consumption,1705307872442000000,0.011482171909597393,paolo-laptop,hwpc-sensor-container
power_consumption,1705307873444000000,0.012386336805079088,paolo-laptop,hwpc-sensor-container
power_consumption,1705307874446000000,0.011551220547049868,paolo-laptop,hwpc-sensor-container
power_consumption,1705307875449000000,0.011702320750444797,paolo-laptop,hwpc-sensor-container
power_consumption,1705307876451000000,0.011002350654261908,paolo-laptop,hwpc-sensor-container
power_consumption,1705307877453000000,0.011387410263556887,paolo-laptop,hwpc-sensor-container
power_consumption,1705307878456000000,0.012366463338346073,paolo-laptop,hwpc-sensor-container
power_consumption,1705307879458000000,0.011626350693845551,paolo-laptop,hwpc-sensor-container
power_consumption,1705307880461000000,0.011894730763576805,paolo-laptop,hwpc-sensor-container
power_consumption,1705307881464000000,0.01133695737634598,paolo-laptop,hwpc-sensor-container
power_consumption,1705307882467000000,0.011299295817740976,paolo-laptop,hwpc-sensor-container
power_consumption,1705307883469000000,0.012505029397834731,paolo-laptop,hwpc-sensor-container
power_consumption,1705307884472000000,0.010846308212663944,paolo-laptop,hwpc-sensor-container
power_consumption,1705307885473000000,0.014794443545068222,paolo-laptop,hwpc-sensor-container
power_consumption,1705307887477000000,0.011691985769053073,paolo-laptop,hwpc-sensor-container
power_consumption,1705307889482000000,0.01380215366165772,paolo-laptop,hwpc-sensor-container
power_consumption,1705307890485000000,0.015523765094126354,paolo-laptop,hwpc-sensor-container
power_consumption,1705307892491000000,0.011809256574004244,paolo-laptop,hwpc-sensor-container
power_consumption,1705307893494000000,0.011575575963889575,paolo-laptop,hwpc-sensor-container
power_consumption,1705307894496000000,0.014108829519053534,paolo-laptop,hwpc-sensor-container
power_consumption,1705307895500000000,0.014068511891074843,paolo-laptop,hwpc-sensor-container
power_consumption,1705307896502000000,0.012497324015256798,paolo-laptop,hwpc-sensor-container
power_consumption,1705307897505000000,0.012708076086454774,paolo-laptop,hwpc-sensor-container
power_consumption,1705307898507000000,0.015330655754071918,paolo-laptop,hwpc-sensor-container
power_consumption,1705307899511000000,0.016088739108068285,paolo-laptop,hwpc-sensor-container
power_consumption,1705307902537000000,0.013526984134388038,paolo-laptop,hwpc-sensor-container
power_consumption,1705307903541000000,0.015316806002926151,paolo-laptop,hwpc-sensor-container
power_consumption,1705307904543000000,0.01334951806613841,paolo-laptop,hwpc-sensor-container
power_consumption,1705307905547000000,0.015196396901498554,paolo-laptop,hwpc-sensor-container
power_consumption,1705307906549000000,0.012662796634950322,paolo-laptop,hwpc-sensor-container
power_consumption,1705307907553000000,0.013405628636659889,paolo-laptop,hwpc-sensor-container
power_consumption,1705307910562000000,0.011941079353050815,paolo-laptop,hwpc-sensor-container
power_consumption,1705307911563000000,0.012934528299269896,paolo-laptop,hwpc-sensor-container
power_consumption,1705307912565000000,0.00902724515065007,paolo-laptop,hwpc-sensor-container
power_consumption,1705307913566000000,0.0157753333421866,paolo-laptop,hwpc-sensor-container
power_consumption,1705307915573000000,0.012236429577297888,paolo-laptop,hwpc-sensor-container
power_consumption,1705307916577000000,0.012678989671667912,paolo-laptop,hwpc-sensor-container
power_consumption,1705307919590000000,0.016962572840737652,paolo-laptop,hwpc-sensor-container
power_consumption,1705307922599000000,0.013052653357399548,paolo-laptop,hwpc-sensor-container
power_consumption,1705307923602000000,0.011822586907563916,paolo-laptop,hwpc-sensor-container
power_consumption,1705307924605000000,0.01125638863522607,paolo-laptop,hwpc-sensor-container
power_consumption,1705307925610000000,0.016808557583310835,paolo-laptop,hwpc-sensor-container
power_consumption,1705307926616000000,0.010535175477362137,paolo-laptop,hwpc-sensor-container
power_consumption,1705307927618000000,0.011321417488032564,paolo-laptop,hwpc-sensor-container
power_consumption,1705307928620000000,0.010792302187030499,paolo-laptop,hwpc-sensor-container
power_consumption,1705307929621000000,0.01267570995459825,paolo-laptop,hwpc-sensor-container
power_consumption,1705307930625000000,0.012700058095705326,paolo-laptop,hwpc-sensor-container
power_consumption,1705307931627000000,0.014782034489009926,paolo-laptop,hwpc-sensor-container
power_consumption,1705307932630000000,0.012030518185755665,paolo-laptop,hwpc-sensor-container
power_consumption,1705307933632000000,0.013209556603999823,paolo-laptop,hwpc-sensor-container
power_consumption,1705307934634000000,0.011184419257122397,paolo-laptop,hwpc-sensor-container
power_consumption,1705307935636000000,0.011430805738581646,paolo-laptop,hwpc-sensor-container
power_consumption,1705307936638000000,0.0111987098436989,paolo-laptop,hwpc-sensor-container
power_consumption,1705307937641000000,0.011913362193548598,paolo-laptop,hwpc-sensor-container
power_consumption,1705307938644000000,0.011848396093354637,paolo-laptop,hwpc-sensor-container
power_consumption,1705307939647000000,0.01137540578891396,paolo-laptop,hwpc-sensor-container
power_consumption,1705307940650000000,0.011961545992301207,paolo-laptop,hwpc-sensor-container
power_consumption,1705307941653000000,0.012307174302943378,paolo-laptop,hwpc-sensor-container
power_consumption,1705307942655000000,0.012597594124568656,paolo-laptop,hwpc-sensor-container
power_consumption,1705307943657000000,0.012638824765755053,paolo-laptop,hwpc-sensor-container
power_consumption,1705307944659000000,0.011925402990113448,paolo-laptop,hwpc-sensor-container
power_consumption,1705307945661000000,0.012080957270952066,paolo-laptop,hwpc-sensor-container
power_consumption,1705307946663000000,0.012121949448570769,paolo-laptop,hwpc-sensor-container
power_consumption,1705307947665000000,0.011581256499479886,paolo-laptop,hwpc-sensor-container
power_consumption,1705307948669000000,0.015596877866501909,paolo-laptop,hwpc-sensor-container
power_consumption,1705307949671000000,0.011742759629049596,paolo-laptop,hwpc-sensor-container
power_consumption,1705307950675000000,0.011662706768542743,paolo-laptop,hwpc-sensor-container
power_consumption,1705307952678000000,0.01172409127005403,paolo-laptop,hwpc-sensor-container
power_consumption,1705307953680000000,0.013631201477015473,paolo-laptop,hwpc-sensor-container
power_consumption,1705307954682000000,0.01294741051831232,paolo-laptop,hwpc-sensor-container
power_consumption,1705307955685000000,0.012574631489902285,paolo-laptop,hwpc-sensor-container
power_consumption,1705307956687000000,0.015871535122837913,paolo-laptop,hwpc-sensor-container
power_consumption,1705307957693000000,0.015092577284395404,paolo-laptop,hwpc-sensor-container
power_consumption,1705307958696000000,0.020218161983515028,paolo-laptop,hwpc-sensor-container
power_consumption,1705307959697000000,0.009793305871576214,paolo-laptop,hwpc-sensor-container
power_consumption,1705307960699000000,0.015396082561891868,paolo-laptop,hwpc-sensor-container
power_consumption,1705307961701000000,0.013649011888153354,paolo-laptop,hwpc-sensor-container
power_consumption,1705307962703000000,0.011812027802860104,paolo-laptop,hwpc-sensor-container
power_consumption,1705307963706000000,0.01507208377104569,paolo-laptop,hwpc-sensor-container
power_consumption,1705307964708000000,0.011988374095482406,paolo-laptop,hwpc-sensor-container
power_consumption,1705307965709000000,0.012294195870424685,paolo-laptop,hwpc-sensor-container
power_consumption,1705307966711000000,0.013866952531292772,paolo-laptop,hwpc-sensor-container
power_consumption,1705307967713000000,0.012855027740397913,paolo-laptop,hwpc-sensor-container
power_consumption,1705307968716000000,0.01459362713981938,paolo-laptop,hwpc-sensor-container
power_consumption,1705307969717000000,0.012008548960258525,paolo-laptop,hwpc-sensor-container
power_consumption,1705307971722000000,0.011395488190811872,paolo-laptop,hwpc-sensor-container
power_consumption,1705307972725000000,0.01283869257172077,paolo-laptop,hwpc-sensor-container
power_consumption,1705307973727000000,0.011567447847937265,paolo-laptop,hwpc-sensor-container
power_consumption,1705307974730000000,0.01545089257767334,paolo-laptop,hwpc-sensor-container
power_consumption,1705307975732000000,0.012526022512463871,paolo-laptop,hwpc-sensor-container
power_consumption,1705307976734000000,0.01147475336515285,paolo-laptop,hwpc-sensor-container
power_consumption,1705307977736000000,0.01378503476778082,paolo-laptop,hwpc-sensor-container
power_consumption,1705307978739000000,0.014836676978667564,paolo-laptop,hwpc-sensor-container
power_consumption,1705307979742000000,0.011561046854720525,paolo-laptop,hwpc-sensor-container
power_consumption,1705307980746000000,0.016838361534071755,paolo-laptop,hwpc-sensor-container
power_consumption,1705307981750000000,0.022729738654168316,paolo-laptop,hwpc-sensor-container
power_consumption,1705307982754000000,0.01794803765867953,paolo-laptop,hwpc-sensor-container
power_consumption,1705307983758000000,0.013874831584686444,paolo-laptop,hwpc-sensor-container
power_consumption,1705307984762000000,0.01248804908251986,paolo-laptop,hwpc-sensor-container
power_consumption,1705307985766000000,0.012407492555513665,paolo-laptop,hwpc-sensor-container
power_consumption,1705307990785000000,0.016878405202164874,paolo-laptop,hwpc-sensor-container
power_consumption,1705307991787000000,0.014465288152096072,paolo-laptop,hwpc-sensor-container
power_consumption,1705307993792000000,0.011666212435839958,paolo-laptop,hwpc-sensor-container
power_consumption,1705307994795000000,0.013759624987283807,paolo-laptop,hwpc-sensor-container
power_consumption,1705307995798000000,0.012003771727803068,paolo-laptop,hwpc-sensor-container
power_consumption,1705307996802000000,0.011281496833002112,paolo-laptop,hwpc-sensor-container
power_consumption,1705307999814000000,0.012053493753297862,paolo-laptop,hwpc-sensor-container
power_consumption,1705308000816000000,0.011907650013208244,paolo-laptop,hwpc-sensor-container
power_consumption,1705308001817000000,0.011058909262945747,paolo-laptop,hwpc-sensor-container
power_consumption,1705308002820000000,0.015121453541730496,paolo-laptop,hwpc-sensor-container
power_consumption,1705308003822000000,0.014085996679320522,paolo-laptop,hwpc-sensor-container
power_consumption,1705308004824000000,0.015948174462008757,paolo-laptop,hwpc-sensor-container
power_consumption,1705308005828000000,0.015286262564457694,paolo-laptop,hwpc-sensor-container
power_consumption,1705308006834000000,0.014544323419788868,paolo-laptop,hwpc-sensor-container
power_consumption,1705308007835000000,0.012654943641391714,paolo-laptop,hwpc-sensor-container
power_consumption,1705308008837000000,0.013814357890839346,paolo-laptop,hwpc-sensor-container
power_consumption,1705308009839000000,0.011713093655352164,paolo-laptop,hwpc-sensor-container
power_consumption,1705308010842000000,0.01301441708416404,paolo-laptop,hwpc-sensor-container
power_consumption,1705308012849000000,0.013213331525163621,paolo-laptop,hwpc-sensor-container
power_consumption,1705308013851000000,0.01242181711191499,paolo-laptop,hwpc-sensor-container
power_consumption,1705308014852000000,0.013051251164562372,paolo-laptop,hwpc-sensor-container
power_consumption,1705308015853000000,0.010827376841357116,paolo-laptop,hwpc-sensor-container
power_consumption,1705308016855000000,0.010469617337195146,paolo-laptop,hwpc-sensor-container
power_consumption,1705308017856000000,0.01515863205004363,paolo-laptop,hwpc-sensor-container
power_consumption,1705308018858000000,0.012808395036735276,paolo-laptop,hwpc-sensor-container
power_consumption,1705308019860000000,0.011378741363540435,paolo-laptop,hwpc-sensor-container
power_consumption,1705308020862000000,0.009654296522416358,paolo-laptop,hwpc-sensor-container
power_consumption,1705308022865000000,0.01270873062798456,paolo-laptop,hwpc-sensor-container
power_consumption,1705308023867000000,0.012950681014513509,paolo-laptop,hwpc-sensor-container
power_consumption,1705308024870000000,0.014375629110935767,paolo-laptop,hwpc-sensor-container
power_consumption,1705308025873000000,0.015074193360639927,paolo-laptop,hwpc-sensor-container
power_consumption,1705308026879000000,0.012623540619816397,paolo-laptop,hwpc-sensor-container
power_consumption,1705308027883000000,0.019485397091196205,paolo-laptop,hwpc-sensor-container
power_consumption,1705308028888000000,0.012109808295438089,paolo-laptop,hwpc-sensor-container
power_consumption,1705308029890000000,0.015514075362982771,paolo-laptop,hwpc-sensor-container
power_consumption,1705308030896000000,0.011796817186688036,paolo-laptop,hwpc-sensor-container
power_consumption,1705308031897000000,0.01777051571284728,paolo-laptop,hwpc-sensor-container
power_consumption,1705308032901000000,0.011822940701793492,paolo-laptop,hwpc-sensor-container
power_consumption,1705308033905000000,0.014674718908438984,paolo-laptop,hwpc-sensor-container
power_consumption,1705308034907000000,0.015122183388522378,paolo-laptop,hwpc-sensor-container
power_consumption,1705308035912000000,0.012662418204625409,paolo-laptop,hwpc-sensor-container
power_consumption,1705308036921000000,0.01192718528294102,paolo-laptop,hwpc-sensor-container
power_consumption,1705308037922000000,0.01839888150709043,paolo-laptop,hwpc-sensor-container
power_consumption,1705308038926000000,0.011568358307933957,paolo-laptop,hwpc-sensor-container
power_consumption,1705308039930000000,0.012115506892894205,paolo-laptop,hwpc-sensor-container
power_consumption,1705308040932000000,0.012352088485341276,paolo-laptop,hwpc-sensor-container
power_consumption,1705308041934000000,0.012111613530455796,paolo-laptop,hwpc-sensor-container
power_consumption,1705308042936000000,0.012878657340949342,paolo-laptop,hwpc-sensor-container
power_consumption,1705308043938000000,0.011574244635523524,paolo-laptop,hwpc-sensor-container
power_consumption,1705308044940000000,0.011052229189708038,paolo-laptop,hwpc-sensor-container
power_consumption,1705308045942000000,0.01228481758662099,paolo-laptop,hwpc-sensor-container
power_consumption,1705308046946000000,0.013539450217640683,paolo-laptop,hwpc-sensor-container
power_consumption,1705308047949000000,0.011658863979046427,paolo-laptop,hwpc-sensor-container
power_consumption,1705308048953000000,0.01571495659630475,paolo-laptop,hwpc-sensor-container
power_consumption,1705308049954000000,0.014649092043680872,paolo-laptop,hwpc-sensor-container
power_consumption,1705308050956000000,0.01218754506122631,paolo-laptop,hwpc-sensor-container
power_consumption,1705308051958000000,0.014250405011697007,paolo-laptop,hwpc-sensor-container
power_consumption,1705308052960000000,0.0140381272140571,paolo-laptop,hwpc-sensor-container
power_consumption,1705308053961000000,0.010965691304176128,paolo-laptop,hwpc-sensor-container
power_consumption,1705308054963000000,0.012678973378483697,paolo-laptop,hwpc-sensor-container
power_consumption,1705308055965000000,0.01694457393482244,paolo-laptop,hwpc-sensor-container
power_consumption,1705308056967000000,0.01449291202178219,paolo-laptop,hwpc-sensor-container
power_consumption,1705308057970000000,0.010924251344763714,paolo-laptop,hwpc-sensor-container
power_consumption,1705308058972000000,0.01604701766867829,paolo-laptop,hwpc-sensor-container
power_consumption,1705308059974000000,0.01725125311021049,paolo-laptop,hwpc-sensor-container
power_consumption,1705308060976000000,0.015174291007508474,paolo-laptop,hwpc-sensor-container
power_consumption,1705308061978000000,0.01267997272292983,paolo-laptop,hwpc-sensor-container
power_consumption,1705308062980000000,0.014247668710879423,paolo-laptop,hwpc-sensor-container
power_consumption,1705308063982000000,0.012741745348600945,paolo-laptop,hwpc-sensor-container
power_consumption,1705308064984000000,0.017197008959443125,paolo-laptop,hwpc-sensor-container
power_consumption,1705308065985000000,0.012635282122666035,paolo-laptop,hwpc-sensor-container
power_consumption,1705308066989000000,0.01588142085189962,paolo-laptop,hwpc-sensor-container
power_consumption,1705308067993000000,0.010639653781617693,paolo-laptop,hwpc-sensor-container
power_consumption,1705308068995000000,0.011118771157377432,paolo-laptop,hwpc-sensor-container
power_consumption,1705308069997000000,0.012845617249565695,paolo-laptop,hwpc-sensor-container
power_consumption,1705308070998000000,0.015376286397270336,paolo-laptop,hwpc-sensor-container
power_consumption,1705308072000000000,0.01636315120511336,paolo-laptop,hwpc-sensor-container
power_consumption,1705308073004000000,0.008805170049620512,paolo-laptop,hwpc-sensor-container
power_consumption,1705308074006000000,0.02003487203044256,paolo-laptop,hwpc-sensor-container
power_consumption,1705308075007000000,0.012882993280192923,paolo-laptop,hwpc-sensor-container
power_consumption,1705308076008000000,0.014666125257443291,paolo-laptop,hwpc-sensor-container
power_consumption,1705308077010000000,0.016473644796770718,paolo-laptop,hwpc-sensor-container
power_consumption,1705308078012000000,0.014218839816189995,paolo-laptop,hwpc-sensor-container
power_consumption,1705308079014000000,0.013192869464163573,paolo-laptop,hwpc-sensor-container
power_consumption,1705308080015000000,0.012019622340126936,paolo-laptop,hwpc-sensor-container
power_consumption,1705308081016000000,0.01187179027077817,paolo-laptop,hwpc-sensor-container
power_consumption,1705308082018000000,0.013018038958884393,paolo-laptop,hwpc-sensor-container
power_consumption,1705308083019000000,0.013739996653197407,paolo-laptop,hwpc-sensor-container
power_consumption,1705308084023000000,0.018406854429664565,paolo-laptop,hwpc-sensor-container
power_consumption,1705308086028000000,0.017120926539442728,paolo-laptop,hwpc-sensor-container
power_consumption,1705308087031000000,0.01288967722508827,paolo-laptop,hwpc-sensor-container
power_consumption,1705308088033000000,0.014926906472654542,paolo-laptop,hwpc-sensor-container
power_consumption,1705308089035000000,0.01238155261066536,paolo-laptop,hwpc-sensor-container
power_consumption,1705308090036000000,0.01376129864519856,paolo-laptop,hwpc-sensor-container
power_consumption,1705308092039000000,0.011669159421661095,paolo-laptop,hwpc-sensor-container
power_consumption,1705308093041000000,0.014878689768482192,paolo-laptop,hwpc-sensor-container
power_consumption,1705308094042000000,0.013117116826638795,paolo-laptop,hwpc-sensor-container
power_consumption,1705308095044000000,0.013848913246892532,paolo-laptop,hwpc-sensor-container
power_consumption,1705308096045000000,0.010488133165137642,paolo-laptop,hwpc-sensor-container
power_consumption,1705308097047000000,0.01454892474248309,paolo-laptop,hwpc-sensor-container
power_consumption,1705308098051000000,0.012313901587431815,paolo-laptop,hwpc-sensor-container
power_consumption,1705308099054000000,0.021237359504349136,paolo-laptop,hwpc-sensor-container
power_consumption,1705308100056000000,0.01183958919168444,paolo-laptop,hwpc-sensor-container
power_consumption,1705308101058000000,0.012817174705216053,paolo-laptop,hwpc-sensor-container
power_consumption,1705308102061000000,0.012803214529662005,paolo-laptop,hwpc-sensor-container
power_consumption,1705308103064000000,0.012773920044767201,paolo-laptop,hwpc-sensor-container
power_consumption,1705308104067000000,0.012669208239112242,paolo-laptop,hwpc-sensor-container
power_consumption,1705308105070000000,0.012035503436474991,paolo-laptop,hwpc-sensor-container
power_consumption,1705308106072000000,0.012717707264618105,paolo-laptop,hwpc-sensor-container
power_consumption,1705308107074000000,0.011866436221495528,paolo-laptop,hwpc-sensor-container
power_consumption,1705308108077000000,0.012562451666439605,paolo-laptop,hwpc-sensor-container
power_consumption,1705308109079000000,0.012092903123095425,paolo-laptop,hwpc-sensor-container
power_consumption,1705308110081000000,0.012038923434653057,paolo-laptop,hwpc-sensor-container
power_consumption,1705308111085000000,0.015347923126823731,paolo-laptop,hwpc-sensor-container
power_consumption,1705308112092000000,0.012237364890696125,paolo-laptop,hwpc-sensor-container
power_consumption,1705308113095000000,0.010024737034265764,paolo-laptop,hwpc-sensor-container
power_consumption,1705308114096000000,0.013670273056457464,paolo-laptop,hwpc-sensor-container
power_consumption,1705308115100000000,0.014736962473454563,paolo-laptop,hwpc-sensor-container
power_consumption,1705308116104000000,0.011390017967109783,paolo-laptop,hwpc-sensor-container
power_consumption,1705308117105000000,0.011810819008376768,paolo-laptop,hwpc-sensor-container
power_consumption,1705308118112000000,0.01643807946734309,paolo-laptop,hwpc-sensor-container
power_consumption,1705308119118000000,0.012218441886251909,paolo-laptop,hwpc-sensor-container
power_consumption,1705308120121000000,0.010742722557933163,paolo-laptop,hwpc-sensor-container
power_consumption,1705308121123000000,0.019705513904271058,paolo-laptop,hwpc-sensor-container
power_consumption,1705308122127000000,0.01417169741636061,paolo-laptop,hwpc-sensor-container
power_consumption,1705308123131000000,0.011236335384753599,paolo-laptop,hwpc-sensor-container
power_consumption,1705308124135000000,0.023609813222890463,paolo-laptop,hwpc-sensor-container
power_consumption,1705308125137000000,0.010354551908740156,paolo-laptop,hwpc-sensor-container
power_consumption,1705308126140000000,0.01537385272823954,paolo-laptop,hwpc-sensor-container
power_consumption,1705308127145000000,0.01423818006127522,paolo-laptop,hwpc-sensor-container
power_consumption,1705308128147000000,0.012493313229562836,paolo-laptop,hwpc-sensor-container
power_consumption,1705308129149000000,0.013641037814940086,paolo-laptop,hwpc-sensor-container
power_consumption,1705308130152000000,0.022797527329081777,paolo-laptop,hwpc-sensor-container
power_consumption,1705308131157000000,0.010736572357924704,paolo-laptop,hwpc-sensor-container
power_consumption,1705308132158000000,0.012698377187451515,paolo-laptop,hwpc-sensor-container
power_consumption,1705308133162000000,0.016683446258508088,paolo-laptop,hwpc-sensor-container
power_consumption,1705308134168000000,0.015439031558590012,paolo-laptop,hwpc-sensor-container
power_consumption,1705308135173000000,0.01166080403493551,paolo-laptop,hwpc-sensor-container
power_consumption,1705308136175000000,0.020426018113025364,paolo-laptop,hwpc-sensor-container
power_consumption,1705308137177000000,0.014594986365210815,paolo-laptop,hwpc-sensor-container
power_consumption,1705308138181000000,0.017905570434268162,paolo-laptop,hwpc-sensor-container
power_consumption,1705308139183000000,0.01457737753583472,paolo-laptop,hwpc-sensor-container
power_consumption,1705308140184000000,0.015261895947715381,paolo-laptop,hwpc-sensor-container
power_consumption,1705308141187000000,0.01266546851180403,paolo-laptop,hwpc-sensor-container
power_consumption,1705308142192000000,0.01347378794750495,paolo-laptop,hwpc-sensor-container
power_consumption,1705308143198000000,0.014579940094246983,paolo-laptop,hwpc-sensor-container
power_consumption,1705308144201000000,0.011510121962380871,paolo-laptop,hwpc-sensor-container
power_consumption,1705308145204000000,0.02049438857512676,paolo-laptop,hwpc-sensor-container
power_consumption,1705308146206000000,0.011632070438113588,paolo-laptop,hwpc-sensor-container
power_consumption,1705308147208000000,0.014328357655312093,paolo-laptop,hwpc-sensor-container
power_consumption,1705308148214000000,0.015523884967088954,paolo-laptop,hwpc-sensor-container
power_consumption,1705308149216000000,0.011997882017104946,paolo-laptop,hwpc-sensor-container
power_consumption,1705308150219000000,0.013406091574136157,paolo-laptop,hwpc-sensor-container
power_consumption,1705308151220000000,0.012158940039568777,paolo-laptop,hwpc-sensor-container
power_consumption,1705308152224000000,0.018783388926349925,paolo-laptop,hwpc-sensor-container
power_consumption,1705308153225000000,0.012934161382830581,paolo-laptop,hwpc-sensor-container
power_consumption,1705308154227000000,0.012540756619812929,paolo-laptop,hwpc-sensor-container
power_consumption,1705308155229000000,0.01579710542462653,paolo-laptop,hwpc-sensor-container
power_consumption,1705308156231000000,0.012380529874158809,paolo-laptop,hwpc-sensor-container
power_consumption,1705308157232000000,0.011062410764500617,paolo-laptop,hwpc-sensor-container
power_consumption,1705308158234000000,0.013196697983735232,paolo-laptop,hwpc-sensor-container
power_consumption,1705308159236000000,0.011942323572292503,paolo-laptop,hwpc-sensor-container
power_consumption,1705308160237000000,0.010833349157937745,paolo-laptop,hwpc-sensor-container
power_consumption,1705308161239000000,0.0171703918153123,paolo-laptop,hwpc-sensor-container
power_consumption,1705308162240000000,0.012915035049554508,paolo-laptop,hwpc-sensor-container
power_consumption,1705308163242000000,0.010585930344779358,paolo-laptop,hwpc-sensor-container
power_consumption,1705308164244000000,0.010567720527111628,paolo-laptop,hwpc-sensor-container
power_consumption,1705308165246000000,0.010844918391640989,paolo-laptop,hwpc-sensor-container
power_consumption,1705308166249000000,0.011177966673042581,paolo-laptop,hwpc-sensor-container
power_consumption,1705308167250000000,0.015511652242800742,paolo-laptop,hwpc-sensor-container
power_consumption,1705308168253000000,0.014280590425587112,paolo-laptop,hwpc-sensor-container
power_consumption,1705308169255000000,0.015138083826371105,paolo-laptop,hwpc-sensor-container
power_consumption,1705308170258000000,0.013594745947495514,paolo-laptop,hwpc-sensor-container
power_consumption,1705308172268000000,0.012818780343899043,paolo-laptop,hwpc-sensor-container
power_consumption,1705308173270000000,0.012490489713013133,paolo-laptop,hwpc-sensor-container
power_consumption,1705308174276000000,0.01447835911691506,paolo-laptop,hwpc-sensor-container
power_consumption,1705308175278000000,0.012384556014906171,paolo-laptop,hwpc-sensor-container
power_consumption,1705308176282000000,0.01156322704189473,paolo-laptop,hwpc-sensor-container
power_consumption,1705308177286000000,0.023031774291368785,paolo-laptop,hwpc-sensor-container
power_consumption,1705308179294000000,0.012635608875257309,paolo-laptop,hwpc-sensor-container
power_consumption,1705308180299000000,0.012764842176127927,paolo-laptop,hwpc-sensor-container
power_consumption,1705308181301000000,0.015388135496552328,paolo-laptop,hwpc-sensor-container
power_consumption,1705308182305000000,0.011332419624866178,paolo-laptop,hwpc-sensor-container
power_consumption,1705308183307000000,0.020675019463334963,paolo-laptop,hwpc-sensor-container
power_consumption,1705308184311000000,0.015014460457893914,paolo-laptop,hwpc-sensor-container
power_consumption,1705308185312000000,0.01133143182600689,paolo-laptop,hwpc-sensor-container
power_consumption,1705308187318000000,0.012726731205925074,paolo-laptop,hwpc-sensor-container
power_consumption,1705308188320000000,0.014430385824905008,paolo-laptop,hwpc-sensor-container
power_consumption,1705308189324000000,0.01862324724972121,paolo-laptop,hwpc-sensor-container
power_consumption,1705308191329000000,0.010058318470183417,paolo-laptop,hwpc-sensor-container
power_consumption,1705308192331000000,0.014554028081298753,paolo-laptop,hwpc-sensor-container
power_consumption,1705308193335000000,0.01205451904378387,paolo-laptop,hwpc-sensor-container
power_consumption,1705308194339000000,0.011861539817034273,paolo-laptop,hwpc-sensor-container
power_consumption,1705308195341000000,0.011523136270955631,paolo-laptop,hwpc-sensor-container
power_consumption,1705308196342000000,0.013252701533175728,paolo-laptop,hwpc-sensor-container
power_consumption,1705308197344000000,0.013605417627403239,paolo-laptop,hwpc-sensor-container
power_consumption,1705308198346000000,0.013324992635954668,paolo-laptop,hwpc-sensor-container
power_consumption,1705308199349000000,0.01106683605088954,paolo-laptop,hwpc-sensor-container
power_consumption,1705308200351000000,0.011982559506287249,paolo-laptop,hwpc-sensor-container
power_consumption,1705308201353000000,0.012239932569957684,paolo-laptop,hwpc-sensor-container
power_consumption,1705308202355000000,0.012068169336715553,paolo-laptop,hwpc-sensor-container
power_consumption,1705308203358000000,0.01204971499454801,paolo-laptop,hwpc-sensor-container
power_consumption,1705308204360000000,0.011391218712294272,paolo-laptop,hwpc-sensor-container
power_consumption,1705308205362000000,0.011898051902501625,paolo-laptop,hwpc-sensor-container
power_consumption,1705308206364000000,0.012892313319596666,paolo-laptop,hwpc-sensor-container
power_consumption,1705308207366000000,0.010027633541716718,paolo-laptop,hwpc-sensor-container
power_consumption,1705308208367000000,0.012277803002711321,paolo-laptop,hwpc-sensor-container
power_consumption,1705308209369000000,0.012165189650208914,paolo-laptop,hwpc-sensor-container
power_consumption,1705308210371000000,0.013602149747076424,paolo-laptop,hwpc-sensor-container
power_consumption,1705308211374000000,0.014720845885444915,paolo-laptop,hwpc-sensor-container
power_consumption,1705308212376000000,0.013123941214942796,paolo-laptop,hwpc-sensor-container
power_consumption,1705308213377000000,0.011854536229053907,paolo-laptop,hwpc-sensor-container
power_consumption,1705308214379000000,0.012043848106983918,paolo-laptop,hwpc-sensor-container
power_consumption,1705308215381000000,0.011055098724815443,paolo-laptop,hwpc-sensor-container
power_consumption,1705308216382000000,0.011788471213127285,paolo-laptop,hwpc-sensor-container
power_consumption,1705308217387000000,0.01180907180105548,paolo-laptop,hwpc-sensor-container
power_consumption,1705308218389000000,0.015565171696827942,paolo-laptop,hwpc-sensor-container
power_consumption,1705308219391000000,0.011489839309799769,paolo-laptop,hwpc-sensor-container
power_consumption,1705308220393000000,0.013500221352079945,paolo-laptop,hwpc-sensor-container
power_consumption,1705308221394000000,0.012452170564481058,paolo-laptop,hwpc-sensor-container
power_consumption,1705308222396000000,0.012272096307961812,paolo-laptop,hwpc-sensor-container
power_consumption,1705308223398000000,0.01164752891539056,paolo-laptop,hwpc-sensor-container
power_consumption,1705308224402000000,0.012997230411793133,paolo-laptop,hwpc-sensor-container
power_consumption,1705308225404000000,0.011358124982229349,paolo-laptop,hwpc-sensor-container
power_consumption,1705308226406000000,0.013006069222210717,paolo-laptop,hwpc-sensor-container
power_consumption,1705308227407000000,0.012138318477592978,paolo-laptop,hwpc-sensor-container
power_consumption,1705308228408000000,0.011632871496224922,paolo-laptop,hwpc-sensor-container
power_consumption,1705308229410000000,0.015774235699975905,paolo-laptop,hwpc-sensor-container
power_consumption,1705308230411000000,0.00790859776181861,paolo-laptop,hwpc-sensor-container
power_consumption,1705308231413000000,0.012555531522681487,paolo-laptop,hwpc-sensor-container
power_consumption,1705308232414000000,0.011999367766691405,paolo-laptop,hwpc-sensor-container
power_consumption,1705308233416000000,0.01126033491464722,paolo-laptop,hwpc-sensor-container
power_consumption,1705308234417000000,0.0141237074547597,paolo-laptop,hwpc-sensor-container
power_consumption,1705308235421000000,0.009441641192422908,paolo-laptop,hwpc-sensor-container
power_consumption,1705308236423000000,0.012536943497502381,paolo-laptop,hwpc-sensor-container
power_consumption,1705308237425000000,0.013174320765259364,paolo-laptop,hwpc-sensor-container
power_consumption,1705308238427000000,0.011753651587325812,paolo-laptop,hwpc-sensor-container
power_consumption,1705308239431000000,0.01041386080133444,paolo-laptop,hwpc-sensor-container
power_consumption,1705308240436000000,0.013661027508002362,paolo-laptop,hwpc-sensor-container
power_consumption,1705308241438000000,0.011962000806392337,paolo-laptop,hwpc-sensor-container
power_consumption,1705308242440000000,0.014515002206952322,paolo-laptop,hwpc-sensor-container
power_consumption,1705308243442000000,0.011782618737748211,paolo-laptop,hwpc-sensor-container
power_consumption,1705308244444000000,0.015175394285980675,paolo-laptop,hwpc-sensor-container
power_consumption,1705308245449000000,0.014388894459137281,paolo-laptop,hwpc-sensor-container
power_consumption,1705308246455000000,0.03496223925875135,paolo-laptop,hwpc-sensor-container
power_consumption,1705308247461000000,0.017331276678918418,paolo-laptop,hwpc-sensor-container
power_consumption,1705308248462000000,0.01660348769367365,paolo-laptop,hwpc-sensor-container
power_consumption,1705308249466000000,0.020062667932567835,paolo-laptop,hwpc-sensor-container
power_consumption,1705308250468000000,0.012956380123220894,paolo-laptop,hwpc-sensor-container
power_consumption,1705308251470000000,0.015176381940680368,paolo-laptop,hwpc-sensor-container
power_consumption,1705308252475000000,0.012344739367182701,paolo-laptop,hwpc-sensor-container
power_consumption,1705308253478000000,0.012638776373967578,paolo-laptop,hwpc-sensor-container
power_consumption,1705308254480000000,0.011775799382717349,paolo-laptop,hwpc-sensor-container
power_consumption,1705308255484000000,0.01553944584843165,paolo-laptop,hwpc-sensor-container
power_consumption,1705308257492000000,0.01973499566892815,paolo-laptop,hwpc-sensor-container
power_consumption,1705308258493000000,0.014359668913743634,paolo-laptop,hwpc-sensor-container
power_consumption,1705308259494000000,0.013198854387469355,paolo-laptop,hwpc-sensor-container
power_consumption,1705308260498000000,0.012486970270343936,paolo-laptop,hwpc-sensor-container
power_consumption,1705308261502000000,0.016253288635884575,paolo-laptop,hwpc-sensor-container
power_consumption,1705308262507000000,0.01131282056768407,paolo-laptop,hwpc-sensor-container
power_consumption,1705308263511000000,0.011910335957688353,paolo-laptop,hwpc-sensor-container
power_consumption,1705308264513000000,0.009878695241109903,paolo-laptop,hwpc-sensor-container
power_consumption,1705308266522000000,0.01624909308219354,paolo-laptop,hwpc-sensor-container
power_consumption,1705308267527000000,0.015568218008853826,paolo-laptop,hwpc-sensor-container
power_consumption,1705308268532000000,0.029254734022826218,paolo-laptop,hwpc-sensor-container
power_consumption,1705308269536000000,0.012166692319104175,paolo-laptop,hwpc-sensor-container
power_consumption,1705308270538000000,0.012994259710013108,paolo-laptop,hwpc-sensor-container
power_consumption,1705308271543000000,0.01898827100792524,paolo-laptop,hwpc-sensor-container
power_consumption,1705308272547000000,0.01186084198593116,paolo-laptop,hwpc-sensor-container
power_consumption,1705308273551000000,0.013471126330268469,paolo-laptop,hwpc-sensor-container
power_consumption,1705308274553000000,0.010241059444485489,paolo-laptop,hwpc-sensor-container
power_consumption,1705308275557000000,0.014798449927652408,paolo-laptop,hwpc-sensor-container
power_consumption,1705308276561000000,0.030344123144612444,paolo-laptop,hwpc-sensor-container
power_consumption,1705308277563000000,0.011804993523809792,paolo-laptop,hwpc-sensor-container
power_consumption,1705308278568000000,0.01929790511305289,paolo-laptop,hwpc-sensor-container
power_consumption,1705308279570000000,0.01126621758590175,paolo-laptop,hwpc-sensor-container
power_consumption,1705308280572000000,0.015504151266048562,paolo-laptop,hwpc-sensor-container
power_consumption,1705308281577000000,0.011123150671884975,paolo-laptop,hwpc-sensor-container
power_consumption,1705308282582000000,0.02215630246431644,paolo-laptop,hwpc-sensor-container
power_consumption,1705308283583000000,0.010177393578617341,paolo-laptop,hwpc-sensor-container
power_consumption,1705308284587000000,0.012500095909104765,paolo-laptop,hwpc-sensor-container
power_consumption,1705308285589000000,0.012354862792567528,paolo-laptop,hwpc-sensor-container
power_consumption,1705308286590000000,0.010346795728009797,paolo-laptop,hwpc-sensor-container
power_consumption,1705308287594000000,0.012319305211937885,paolo-laptop,hwpc-sensor-container
power_consumption,1705308288595000000,0.011073224089027991,paolo-laptop,hwpc-sensor-container
power_consumption,1705308289597000000,0.013964019644145204,paolo-laptop,hwpc-sensor-container
power_consumption,1705308290599000000,0.013096206820280468,paolo-laptop,hwpc-sensor-container
power_consumption,1705308291601000000,0.011330379559211304,paolo-laptop,hwpc-sensor-container
power_consumption,1705308292602000000,0.011155078516500043,paolo-laptop,hwpc-sensor-container
power_consumption,1705308293604000000,0.012168554124715575,paolo-laptop,hwpc-sensor-container
power_consumption,1705308294605000000,0.015893127267687532,paolo-laptop,hwpc-sensor-container
power_consumption,1705308295613000000,0.011293829464068436,paolo-laptop,hwpc-sensor-container
power_consumption,1705308296615000000,0.013898136489167906,paolo-laptop,hwpc-sensor-container
power_consumption,1705308297617000000,0.011257070023833592,paolo-laptop,hwpc-sensor-container
power_consumption,1705308298619000000,0.013279786153826929,paolo-laptop,hwpc-sensor-container
power_consumption,1705308299622000000,0.013755926024913646,paolo-laptop,hwpc-sensor-container
power_consumption,1705308300625000000,0.013983630484972637,paolo-laptop,hwpc-sensor-container
power_consumption,1705308301627000000,0.01337262880189746,paolo-laptop,hwpc-sensor-container
power_consumption,1705308302628000000,0.011607081279148784,paolo-laptop,hwpc-sensor-container
power_consumption,1705308303630000000,0.012835799480015696,paolo-laptop,hwpc-sensor-container
power_consumption,1705308304633000000,0.013900837192074666,paolo-laptop,hwpc-sensor-container
power_consumption,1705308305635000000,0.013032106020406727,paolo-laptop,hwpc-sensor-container
power_consumption,1705308306640000000,0.010857797261568854,paolo-laptop,hwpc-sensor-container
power_consumption,1705308307641000000,0.010611914035716506,paolo-laptop,hwpc-sensor-container
power_consumption,1705308308643000000,0.012545921946525393,paolo-laptop,hwpc-sensor-container
power_consumption,1705308309647000000,0.01704777945930118,paolo-laptop,hwpc-sensor-container
power_consumption,1705308310649000000,0.011792487893246363,paolo-laptop,hwpc-sensor-container
power_consumption,1705308311654000000,0.011763286967626527,paolo-laptop,hwpc-sensor-container
power_consumption,1705308312660000000,0.010930843313735422,paolo-laptop,hwpc-sensor-container
power_consumption,1705308313665000000,0.013286188074073259,paolo-laptop,hwpc-sensor-container
power_consumption,1705308314667000000,0.014385021721056438,paolo-laptop,hwpc-sensor-container
power_consumption,1705308315670000000,0.01067568377084292,paolo-laptop,hwpc-sensor-container
power_consumption,1705308316674000000,0.010949258601179032,paolo-laptop,hwpc-sensor-container
power_consumption,1705308317678000000,0.014129592344922415,paolo-laptop,hwpc-sensor-container
power_consumption,1705308319685000000,0.011948520961490385,paolo-laptop,hwpc-sensor-container
power_consumption,1705308320687000000,0.012605370306616985,paolo-laptop,hwpc-sensor-container
power_consumption,1705308321688000000,0.013347187312108636,paolo-laptop,hwpc-sensor-container
power_consumption,1705308322690000000,0.011942825542341677,paolo-laptop,hwpc-sensor-container
power_consumption,1705308323694000000,0.01486187987151576,paolo-laptop,hwpc-sensor-container
power_consumption,1705308324697000000,0.016648707349325644,paolo-laptop,hwpc-sensor-container
power_consumption,1705308325701000000,0.02677704387448964,paolo-laptop,hwpc-sensor-container
power_consumption,1705308326705000000,0.015648925509935307,paolo-laptop,hwpc-sensor-container
power_consumption,1705308329715000000,0.02199758029396716,paolo-laptop,hwpc-sensor-container
power_consumption,1705308330719000000,0.015240598768600145,paolo-laptop,hwpc-sensor-container
power_consumption,1705308331724000000,0.02680455537696153,paolo-laptop,hwpc-sensor-container
power_consumption,1705308332727000000,0.014775128780819179,paolo-laptop,hwpc-sensor-container
power_consumption,1705308333729000000,0.01581243969065347,paolo-laptop,hwpc-sensor-container
power_consumption,1705308334733000000,0.015761179427891365,paolo-laptop,hwpc-sensor-container
power_consumption,1705308335737000000,0.015747982544330026,paolo-laptop,hwpc-sensor-container
power_consumption,1705308336739000000,0.01294919853679272,paolo-laptop,hwpc-sensor-container
power_consumption,1705308337740000000,0.015146378369422193,paolo-laptop,hwpc-sensor-container
power_consumption,1705308338745000000,0.013041078619771707,paolo-laptop,hwpc-sensor-container
power_consumption,1705308339748000000,0.011977125302476951,paolo-laptop,hwpc-sensor-container
power_consumption,1705308340753000000,0.016811918360288863,paolo-laptop,hwpc-sensor-container
power_consumption,1705308341762000000,0.013838412767693525,paolo-laptop,hwpc-sensor-container
power_consumption,1705308342765000000,0.011564534790640058,paolo-laptop,hwpc-sensor-container
power_consumption,1705308343769000000,0.018011396080028594,paolo-laptop,hwpc-sensor-container
power_consumption,1705308344772000000,0.010204519380678834,paolo-laptop,hwpc-sensor-container
power_consumption,1705308345774000000,0.01099511107488644,paolo-laptop,hwpc-sensor-container
power_consumption,1705308346776000000,0.013721208397136074,paolo-laptop,hwpc-sensor-container
power_consumption,1705308347777000000,0.012598811135592292,paolo-laptop,hwpc-sensor-container
power_consumption,1705308348780000000,0.015840157112033362,paolo-laptop,hwpc-sensor-container
power_consumption,1705308349782000000,0.02097625995516154,paolo-laptop,hwpc-sensor-container
power_consumption,1705308350784000000,0.013631010124755772,paolo-laptop,hwpc-sensor-container
power_consumption,1705308351785000000,0.013409649392383009,paolo-laptop,hwpc-sensor-container
power_consumption,1705308352788000000,0.01397840900191755,paolo-laptop,hwpc-sensor-container
power_consumption,1705308353790000000,0.011232435512401197,paolo-laptop,hwpc-sensor-container
power_consumption,1705308354792000000,0.01256713167812362,paolo-laptop,hwpc-sensor-container
power_consumption,1705308355795000000,0.014020722722561482,paolo-laptop,hwpc-sensor-container
power_consumption,1705308356797000000,0.012951313417982516,paolo-laptop,hwpc-sensor-container
power_consumption,1705308357800000000,0.01579916135696571,paolo-laptop,hwpc-sensor-container
power_consumption,1705308358802000000,0.01768050280259968,paolo-laptop,hwpc-sensor-container
power_consumption,1705308359805000000,0.012455646853080761,paolo-laptop,hwpc-sensor-container
power_consumption,1705308360807000000,0.012728242900217984,paolo-laptop,hwpc-sensor-container
power_consumption,1705308361809000000,0.01297650935138711,paolo-laptop,hwpc-sensor-container
power_consumption,1705308362811000000,0.012483325639800463,paolo-laptop,hwpc-sensor-container
power_consumption,1705308363813000000,0.012276527646221013,paolo-laptop,hwpc-sensor-container
power_consumption,1705308364815000000,0.011392042046329605,paolo-laptop,hwpc-sensor-container
power_consumption,1705308365819000000,0.016048478288233515,paolo-laptop,hwpc-sensor-container
power_consumption,1705308366821000000,0.020954819434391665,paolo-laptop,hwpc-sensor-container
power_consumption,1705308367825000000,0.024946165492803856,paolo-laptop,hwpc-sensor-container
power_consumption,1705308368826000000,0.010950431363753347,paolo-laptop,hwpc-sensor-container
power_consumption,1705308369829000000,0.012170044772824025,paolo-laptop,hwpc-sensor-container
power_consumption,1705308370834000000,0.011022480215979992,paolo-laptop,hwpc-sensor-container
power_consumption,1705308371836000000,0.012774148514646824,paolo-laptop,hwpc-sensor-container
power_consumption,1705308372841000000,0.024134247518027264,paolo-laptop,hwpc-sensor-container
power_consumption,1705308373853000000,0.01424962041474908,paolo-laptop,hwpc-sensor-container
power_consumption,1705308374858000000,0.016840834642493814,paolo-laptop,hwpc-sensor-container
power_consumption,1705308375860000000,0.013351554595408197,paolo-laptop,hwpc-sensor-container
power_consumption,1705308376862000000,0.01312574286732959,paolo-laptop,hwpc-sensor-container
power_consumption,1705308377866000000,0.020132797535394324,paolo-laptop,hwpc-sensor-container
power_consumption,1705308378870000000,0.011043745978962672,paolo-laptop,hwpc-sensor-container
power_consumption,1705308379874000000,0.012430520225624554,paolo-laptop,hwpc-sensor-container
power_consumption,1705308380878000000,0.012453720703120903,paolo-laptop,hwpc-sensor-container
power_consumption,1705308382886000000,0.020134863989699704,paolo-laptop,hwpc-sensor-container
power_consumption,1705308383890000000,0.02967403613591918,paolo-laptop,hwpc-sensor-container
power_consumption,1705308385898000000,0.014036991018659031,paolo-laptop,hwpc-sensor-container
power_consumption,1705308386899000000,0.012316942182054898,paolo-laptop,hwpc-sensor-container
power_consumption,1705308387903000000,0.015443542648117557,paolo-laptop,hwpc-sensor-container
power_consumption,1705308388907000000,0.03265864287876514,paolo-laptop,hwpc-sensor-container
power_consumption,1705308390913000000,0.01205767612085602,paolo-laptop,hwpc-sensor-container
power_consumption,1705308391917000000,0.044920915352902935,paolo-laptop,hwpc-sensor-container
power_consumption,1705308392921000000,0.015063060000805447,paolo-laptop,hwpc-sensor-container
power_consumption,1705308394928000000,0.0247723224795118,paolo-laptop,hwpc-sensor-container
power_consumption,1705308395932000000,0.013162537521833632,paolo-laptop,hwpc-sensor-container
power_consumption,1705308396934000000,0.012905149786891976,paolo-laptop,hwpc-sensor-container
power_consumption,1705308397938000000,0.01995519884248866,paolo-laptop,hwpc-sensor-container
power_consumption,1705308398944000000,0.05872131712370903,paolo-laptop,hwpc-sensor-container
power_consumption,1705308399949000000,0.01905479798215185,paolo-laptop,hwpc-sensor-container
power_consumption,1705308400954000000,0.030107111929685463,paolo-laptop,hwpc-sensor-container
power_consumption,1705308401958000000,0.010524932168850096,paolo-laptop,hwpc-sensor-container
power_consumption,1705308402959000000,0.011666661529511868,paolo-laptop,hwpc-sensor-container
power_consumption,1705308403963000000,0.01399311298174661,paolo-laptop,hwpc-sensor-container
power_consumption,1705308404965000000,0.010186158299026296,paolo-laptop,hwpc-sensor-container
power_consumption,1705308405968000000,0.011819602306054462,paolo-laptop,hwpc-sensor-container
power_consumption,1705308406970000000,0.013287413212058532,paolo-laptop,hwpc-sensor-container
power_consumption,1705308407971000000,0.013186168345080348,paolo-laptop,hwpc-sensor-container
power_consumption,1705308408973000000,0.01286162877782067,paolo-laptop,hwpc-sensor-container
power_consumption,1705308409975000000,0.01230164926559664,paolo-laptop,hwpc-sensor-container
power_consumption,1705308410977000000,0.011267708085354733,paolo-laptop,hwpc-sensor-container
power_consumption,1705308411979000000,0.011788280611499686,paolo-laptop,hwpc-sensor-container
power_consumption,1705308412981000000,0.01353421695643008,paolo-laptop,hwpc-sensor-container
power_consumption,1705308413984000000,0.011530708648143706,paolo-laptop,hwpc-sensor-container
power_consumption,1705308414986000000,0.011414751553185422,paolo-laptop,hwpc-sensor-container
power_consumption,1705308415987000000,0.013350467884239187,paolo-laptop,hwpc-sensor-container
power_consumption,1705308416990000000,0.013332374294768272,paolo-laptop,hwpc-sensor-container
power_consumption,1705308417992000000,0.015442430342207892,paolo-laptop,hwpc-sensor-container
power_consumption,1705308418995000000,0.010973540433219846,paolo-laptop,hwpc-sensor-container
power_consumption,1705308419997000000,0.014502092220074246,paolo-laptop,hwpc-sensor-container
power_consumption,1705308421002000000,0.013606243443309112,paolo-laptop,hwpc-sensor-container
power_consumption,1705308422008000000,0.012710635488984188,paolo-laptop,hwpc-sensor-container
power_consumption,1705308423010000000,0.010855033030407146,paolo-laptop,hwpc-sensor-container
power_consumption,1705308424014000000,0.012647047689375168,paolo-laptop,hwpc-sensor-container
power_consumption,1705308425019000000,0.012388660691700002,paolo-laptop,hwpc-sensor-container
power_consumption,1705308426022000000,0.014964088221155717,paolo-laptop,hwpc-sensor-container
power_consumption,1705308427024000000,0.012571645268092048,paolo-laptop,hwpc-sensor-container
power_consumption,1705308428027000000,0.013055198264197362,paolo-laptop,hwpc-sensor-container
power_consumption,1705308429029000000,0.013339567949430465,paolo-laptop,hwpc-sensor-container
power_consumption,1705308430046000000,0.02145368946581953,paolo-laptop,hwpc-sensor-container
power_consumption,1705308431053000000,0.019248219497250904,paolo-laptop,hwpc-sensor-container
power_consumption,1705308432058000000,0.012566050662865742,paolo-laptop,hwpc-sensor-container
power_consumption,1705308433060000000,0.018821065717026075,paolo-laptop,hwpc-sensor-container
power_consumption,1705308434065000000,0.011296879359591196,paolo-laptop,hwpc-sensor-container
power_consumption,1705308435067000000,0.015771063450053375,paolo-laptop,hwpc-sensor-container
power_consumption,1705308436071000000,0.013296078497323444,paolo-laptop,hwpc-sensor-container
power_consumption,1705308437073000000,0.011309079155964047,paolo-laptop,hwpc-sensor-container
power_consumption,1705308438077000000,0.013582076637314708,paolo-laptop,hwpc-sensor-container
power_consumption,1705308439081000000,0.029910977775618137,paolo-laptop,hwpc-sensor-container
power_consumption,1705308440083000000,0.009522881130829752,paolo-laptop,hwpc-sensor-container
power_consumption,1705308441085000000,0.011614093420531844,paolo-laptop,hwpc-sensor-container
power_consumption,1705308442087000000,0.01329701709446696,paolo-laptop,hwpc-sensor-container
power_consumption,1705308443092000000,0.013877104384940178,paolo-laptop,hwpc-sensor-container
power_consumption,1705308444097000000,0.014377656082115385,paolo-laptop,hwpc-sensor-container
power_consumption,1705308445102000000,0.013411710523257061,paolo-laptop,hwpc-sensor-container
power_consumption,1705308446105000000,0.01856391053807264,paolo-laptop,hwpc-sensor-container
power_consumption,1705308447106000000,0.013231003295037154,paolo-laptop,hwpc-sensor-container
power_consumption,1705308448110000000,0.012119698384815754,paolo-laptop,hwpc-sensor-container
power_consumption,1705308449111000000,0.012449250935123496,paolo-laptop,hwpc-sensor-container
power_consumption,1705308450113000000,0.012759971844993384,paolo-laptop,hwpc-sensor-container
power_consumption,1705308451115000000,0.013304341980123834,paolo-laptop,hwpc-sensor-container
power_consumption,1705308452117000000,0.012679585654485482,paolo-laptop,hwpc-sensor-container
power_consumption,1705308453119000000,0.014449396637182716,paolo-laptop,hwpc-sensor-container
power_consumption,1705308454121000000,0.010301041374295035,paolo-laptop,hwpc-sensor-container
power_consumption,1705308455123000000,0.01516448217867515,paolo-laptop,hwpc-sensor-container
power_consumption,1705308456124000000,0.01399171514072878,paolo-laptop,hwpc-sensor-container
power_consumption,1705308457128000000,0.015324235803086653,paolo-laptop,hwpc-sensor-container
power_consumption,1705308458130000000,0.01786811610240835,paolo-laptop,hwpc-sensor-container
power_consumption,1705308459132000000,0.013760297677840747,paolo-laptop,hwpc-sensor-container
power_consumption,1705308460135000000,0.01680886062406189,paolo-laptop,hwpc-sensor-container
power_consumption,1705308461136000000,0.018410099222817257,paolo-laptop,hwpc-sensor-container
power_consumption,1705308462138000000,0.01241373682399436,paolo-laptop,hwpc-sensor-container
power_consumption,1705308463139000000,0.011707699408594185,paolo-laptop,hwpc-sensor-container
power_consumption,1705308464140000000,0.01575406462193766,paolo-laptop,hwpc-sensor-container
power_consumption,1705308465142000000,0.013146509837102364,paolo-laptop,hwpc-sensor-container
power_consumption,1705308466146000000,0.010081428782801417,paolo-laptop,hwpc-sensor-container
power_consumption,1705308467149000000,0.015689314702011417,paolo-laptop,hwpc-sensor-container
