name,time,power,sensor,target
power_consumption,1704882876758000000,13.98616931446562,paolo-laptop,crate-container-cd
power_consumption,1704882877759000000,10.508802658989264,paolo-laptop,crate-container-cd
power_consumption,1704882878761000000,10.981305404763733,paolo-laptop,crate-container-cd
power_consumption,1704882879763000000,15.444447176065811,paolo-laptop,crate-container-cd
power_consumption,1704882880769000000,13.010033788646949,paolo-laptop,crate-container-cd
power_consumption,1704882883777000000,9.660606744401827,paolo-laptop,crate-container-cd
power_consumption,1704882884779000000,12.189407251043146,paolo-laptop,crate-container-cd
power_consumption,1704882885780000000,13.07442293637843,paolo-laptop,crate-container-cd
power_consumption,1704882886782000000,10.901293272713433,paolo-laptop,crate-container-cd
power_consumption,1704882887783000000,9.96909370036335,paolo-laptop,crate-container-cd
power_consumption,1704882888785000000,10.951537790507091,paolo-laptop,crate-container-cd
power_consumption,1704882890788000000,11.453578505025174,paolo-laptop,crate-container-cd
power_consumption,1704882891790000000,10.796342111525096,paolo-laptop,crate-container-cd
power_consumption,1704882892791000000,8.038839978198451,paolo-laptop,crate-container-cd
power_consumption,1704882893793000000,11.681263882871542,paolo-laptop,crate-container-cd
power_consumption,1704882894795000000,11.74277147381807,paolo-laptop,crate-container-cd
power_consumption,1704882895796000000,12.600175409695861,paolo-laptop,crate-container-cd
power_consumption,1704882901802000000,12.175803320438881,paolo-laptop,crate-container-cd
power_consumption,1704882903806000000,11.85339631062157,paolo-laptop,crate-container-cd
power_consumption,1704882904808000000,12.139295167217359,paolo-laptop,crate-container-cd
power_consumption,1704882906811000000,11.249029883587864,paolo-laptop,crate-container-cd
power_consumption,1704882907813000000,11.154427945732905,paolo-laptop,crate-container-cd
power_consumption,1704882908814000000,11.608366278821222,paolo-laptop,crate-container-cd
power_consumption,1704882910818000000,11.007441190906306,paolo-laptop,crate-container-cd
power_consumption,1704882911820000000,14.3408904248606,paolo-laptop,crate-container-cd
power_consumption,1704882912824000000,12.893343622333568,paolo-laptop,crate-container-cd
power_consumption,1704882913826000000,10.057210405891084,paolo-laptop,crate-container-cd
power_consumption,1704882914836000000,17.47979308901739,paolo-laptop,crate-container-cd
power_consumption,1704882915837000000,10.558861028542223,paolo-laptop,crate-container-cd
power_consumption,1704882916842000000,10.976327351958574,paolo-laptop,crate-container-cd
power_consumption,1704882917843000000,8.042305591522757,paolo-laptop,crate-container-cd
power_consumption,1704882918846000000,9.917914359153455,paolo-laptop,crate-container-cd
power_consumption,1704882919848000000,11.313588366670025,paolo-laptop,crate-container-cd
power_consumption,1704882920849000000,9.362048295497239,paolo-laptop,crate-container-cd
power_consumption,1704882921851000000,12.882945278839466,paolo-laptop,crate-container-cd
power_consumption,1704882922853000000,10.23975751300247,paolo-laptop,crate-container-cd
power_consumption,1704882923855000000,11.422587489119005,paolo-laptop,crate-container-cd
power_consumption,1704882924857000000,11.28832331541984,paolo-laptop,crate-container-cd
power_consumption,1704882925858000000,11.919689227468766,paolo-laptop,crate-container-cd
power_consumption,1704882926862000000,8.794618271021294,paolo-laptop,crate-container-cd
power_consumption,1704882927864000000,13.182835995563828,paolo-laptop,crate-container-cd
power_consumption,1704882928866000000,9.531485628914583,paolo-laptop,crate-container-cd
power_consumption,1704882930869000000,11.172347895476067,paolo-laptop,crate-container-cd
power_consumption,1704882931871000000,13.783338372165424,paolo-laptop,crate-container-cd
power_consumption,1704882932872000000,14.53615043572725,paolo-laptop,crate-container-cd
power_consumption,1704882935879000000,14.533873813106512,paolo-laptop,crate-container-cd
power_consumption,1704882937887000000,14.719336941154959,paolo-laptop,crate-container-cd
power_consumption,1704882938889000000,15.536803127599915,paolo-laptop,crate-container-cd
power_consumption,1704882939892000000,15.03340724847666,paolo-laptop,crate-container-cd
power_consumption,1704882940895000000,16.0180842429003,paolo-laptop,crate-container-cd
power_consumption,1704882941896000000,12.758074674150077,paolo-laptop,crate-container-cd
power_consumption,1704882942898000000,14.558638295493758,paolo-laptop,crate-container-cd
power_consumption,1704882943899000000,11.272530634164802,paolo-laptop,crate-container-cd
power_consumption,1704882944901000000,14.590359446048243,paolo-laptop,crate-container-cd
power_consumption,1704882945903000000,14.018833361231813,paolo-laptop,crate-container-cd
power_consumption,1704882946905000000,12.394065730540571,paolo-laptop,crate-container-cd
power_consumption,1704882947906000000,13.129619225681754,paolo-laptop,crate-container-cd
power_consumption,1704882948908000000,13.403615286090364,paolo-laptop,crate-container-cd
power_consumption,1704882949910000000,13.465849839503575,paolo-laptop,crate-container-cd
power_consumption,1704882950912000000,13.394636031985932,paolo-laptop,crate-container-cd
power_consumption,1704882951913000000,16.43133341751456,paolo-laptop,crate-container-cd
power_consumption,1704882952915000000,13.433535708062726,paolo-laptop,crate-container-cd
power_consumption,1704882953918000000,12.845407997849174,paolo-laptop,crate-container-cd
power_consumption,1704882954920000000,13.346267461564183,paolo-laptop,crate-container-cd
power_consumption,1704882955923000000,13.099258431974995,paolo-laptop,crate-container-cd
power_consumption,1704882956925000000,13.273079085520338,paolo-laptop,crate-container-cd
power_consumption,1704882957927000000,14.095580405695099,paolo-laptop,crate-container-cd
power_consumption,1704882958930000000,15.26735929930912,paolo-laptop,crate-container-cd
power_consumption,1704882959932000000,12.95108973126271,paolo-laptop,crate-container-cd
power_consumption,1704882960934000000,13.266980392713451,paolo-laptop,crate-container-cd
power_consumption,1704882961936000000,12.99206671177663,paolo-laptop,crate-container-cd
power_consumption,1704882962940000000,14.278000283646815,paolo-laptop,crate-container-cd
power_consumption,1704882963946000000,12.930199569648998,paolo-laptop,crate-container-cd
power_consumption,1704882964951000000,13.32581090081207,paolo-laptop,crate-container-cd
power_consumption,1704882965957000000,13.292255417928835,paolo-laptop,crate-container-cd
power_consumption,1704882966962000000,13.943538002849111,paolo-laptop,crate-container-cd
power_consumption,1704882967964000000,11.578139123367427,paolo-laptop,crate-container-cd
power_consumption,1704882968970000000,13.242940728706648,paolo-laptop,crate-container-cd
power_consumption,1704882969976000000,13.272921871942819,paolo-laptop,crate-container-cd
power_consumption,1704882970982000000,12.158601855900617,paolo-laptop,crate-container-cd
power_consumption,1704882971988000000,12.185337149231911,paolo-laptop,crate-container-cd
power_consumption,1704882972990000000,14.702691557642273,paolo-laptop,crate-container-cd
power_consumption,1704882973992000000,13.946445466928452,paolo-laptop,crate-container-cd
power_consumption,1704882974994000000,14.965872654725512,paolo-laptop,crate-container-cd
power_consumption,1704882975996000000,14.750180895932974,paolo-laptop,crate-container-cd
power_consumption,1704882976998000000,14.286989173043416,paolo-laptop,crate-container-cd
power_consumption,1704882978000000000,14.830691314441914,paolo-laptop,crate-container-cd
power_consumption,1704882979002000000,15.256819130771072,paolo-laptop,crate-container-cd
power_consumption,1704882980004000000,13.915930788225914,paolo-laptop,crate-container-cd
power_consumption,1704882981006000000,12.929728937820045,paolo-laptop,crate-container-cd
power_consumption,1704882982007000000,12.232701057830873,paolo-laptop,crate-container-cd
power_consumption,1704882983009000000,14.45125407781336,paolo-laptop,crate-container-cd
power_consumption,1704882984011000000,13.744356230372345,paolo-laptop,crate-container-cd
power_consumption,1704882985013000000,15.708327158344726,paolo-laptop,crate-container-cd
power_consumption,1704882986015000000,13.269951286901973,paolo-laptop,crate-container-cd
power_consumption,1704882988019000000,15.436723567597173,paolo-laptop,crate-container-cd
power_consumption,1704882989021000000,14.664371166800663,paolo-laptop,crate-container-cd
power_consumption,1704882990022000000,12.322974387266292,paolo-laptop,crate-container-cd
power_consumption,1704882991024000000,13.428060045591756,paolo-laptop,crate-container-cd
power_consumption,1704882992029000000,13.339295322045112,paolo-laptop,crate-container-cd
power_consumption,1704882993032000000,13.438969966235058,paolo-laptop,crate-container-cd
power_consumption,1704882994035000000,13.047043447560961,paolo-laptop,crate-container-cd
power_consumption,1704882995037000000,13.897293984527069,paolo-laptop,crate-container-cd
power_consumption,1704882996039000000,13.065320100235022,paolo-laptop,crate-container-cd
power_consumption,1704882997041000000,13.067538656228901,paolo-laptop,crate-container-cd
power_consumption,1704882998043000000,12.926804819237049,paolo-laptop,crate-container-cd
power_consumption,1704882999046000000,13.269346790093664,paolo-laptop,crate-container-cd
power_consumption,1704883000048000000,12.339792625906416,paolo-laptop,crate-container-cd
power_consumption,1704883001050000000,13.628528519739142,paolo-laptop,crate-container-cd
power_consumption,1704883002053000000,13.325300694437034,paolo-laptop,crate-container-cd
power_consumption,1704883003056000000,12.10660738423286,paolo-laptop,crate-container-cd
power_consumption,1704883004058000000,11.599449160129181,paolo-laptop,crate-container-cd
power_consumption,1704883005060000000,10.454237215699692,paolo-laptop,crate-container-cd
power_consumption,1704883006064000000,12.862706770164257,paolo-laptop,crate-container-cd
power_consumption,1704883007070000000,11.687902667549277,paolo-laptop,crate-container-cd
power_consumption,1704883008076000000,12.360778031048564,paolo-laptop,crate-container-cd
power_consumption,1704883009082000000,10.095869265011466,paolo-laptop,crate-container-cd
power_consumption,1704883010084000000,9.716394964309142,paolo-laptop,crate-container-cd
power_consumption,1704883011086000000,11.452203485979673,paolo-laptop,crate-container-cd
power_consumption,1704883012089000000,11.372930426542236,paolo-laptop,crate-container-cd
power_consumption,1704883013092000000,9.852347335053777,paolo-laptop,crate-container-cd
power_consumption,1704883014094000000,11.40721452651239,paolo-laptop,crate-container-cd
power_consumption,1704883015096000000,11.267973810522854,paolo-laptop,crate-container-cd
power_consumption,1704883016098000000,12.725659571334905,paolo-laptop,crate-container-cd
power_consumption,1704883017101000000,14.348088907315962,paolo-laptop,crate-container-cd
power_consumption,1704883018104000000,16.93452788847033,paolo-laptop,crate-container-cd
power_consumption,1704883019106000000,14.45161669102652,paolo-laptop,crate-container-cd
power_consumption,1704883020109000000,13.83741915227907,paolo-laptop,crate-container-cd
power_consumption,1704883021111000000,13.501459023699363,paolo-laptop,crate-container-cd
power_consumption,1704883022113000000,14.14634166335906,paolo-laptop,crate-container-cd
power_consumption,1704883023116000000,13.92975466895533,paolo-laptop,crate-container-cd
power_consumption,1704883024118000000,13.360640351745518,paolo-laptop,crate-container-cd
power_consumption,1704883025120000000,14.275691009369005,paolo-laptop,crate-container-cd
power_consumption,1704883026122000000,13.44184049499843,paolo-laptop,crate-container-cd
power_consumption,1704883027124000000,13.366136889060364,paolo-laptop,crate-container-cd
power_consumption,1704883028126000000,13.069982915689323,paolo-laptop,crate-container-cd
power_consumption,1704883029128000000,11.887182796128219,paolo-laptop,crate-container-cd
power_consumption,1704883030130000000,11.50781975114007,paolo-laptop,crate-container-cd
power_consumption,1704883031133000000,13.536562655645492,paolo-laptop,crate-container-cd
power_consumption,1704883035160000000,12.96413853936308,paolo-laptop,crate-container-cd
power_consumption,1704883037164000000,13.143674455293684,paolo-laptop,crate-container-cd
power_consumption,1704883038169000000,14.578148992688071,paolo-laptop,crate-container-cd
power_consumption,1704883039175000000,14.144692395836888,paolo-laptop,crate-container-cd
power_consumption,1704883040180000000,14.353839870056971,paolo-laptop,crate-container-cd
power_consumption,1704883041183000000,13.736483835582675,paolo-laptop,crate-container-cd
power_consumption,1704883042185000000,14.48557715643409,paolo-laptop,crate-container-cd
power_consumption,1704883043188000000,13.644884173770624,paolo-laptop,crate-container-cd
power_consumption,1704883044191000000,14.335212706565132,paolo-laptop,crate-container-cd
power_consumption,1704883045194000000,14.039301874525542,paolo-laptop,crate-container-cd
power_consumption,1704883046196000000,14.558927596936552,paolo-laptop,crate-container-cd
power_consumption,1704883047198000000,13.8780142730716,paolo-laptop,crate-container-cd
power_consumption,1704883048200000000,14.623425417654358,paolo-laptop,crate-container-cd
power_consumption,1704883049203000000,14.2116880227013,paolo-laptop,crate-container-cd
power_consumption,1704883050207000000,14.292720956455057,paolo-laptop,crate-container-cd
power_consumption,1704883051209000000,12.001367309599125,paolo-laptop,crate-container-cd
power_consumption,1704883052212000000,14.994821767592166,paolo-laptop,crate-container-cd
power_consumption,1704883053215000000,13.708763996372204,paolo-laptop,crate-container-cd
power_consumption,1704883054218000000,14.512622440839037,paolo-laptop,crate-container-cd
power_consumption,1704883055220000000,13.73359001219622,paolo-laptop,crate-container-cd
power_consumption,1704883056222000000,14.263556173112192,paolo-laptop,crate-container-cd
power_consumption,1704883057224000000,13.779150851269492,paolo-laptop,crate-container-cd
power_consumption,1704883058227000000,12.352715696061743,paolo-laptop,crate-container-cd
power_consumption,1704883062237000000,14.115015961743213,paolo-laptop,crate-container-cd
power_consumption,1704883063239000000,13.439624768013648,paolo-laptop,crate-container-cd
power_consumption,1704883064241000000,11.968047692797631,paolo-laptop,crate-container-cd
power_consumption,1704883073272000000,13.677625878694217,paolo-laptop,crate-container-cd
power_consumption,1704883074274000000,14.097548175111735,paolo-laptop,crate-container-cd
power_consumption,1704883075276000000,14.129196219349613,paolo-laptop,crate-container-cd
power_consumption,1704883077281000000,14.211941050662821,paolo-laptop,crate-container-cd
power_consumption,1704883078283000000,14.368610706005953,paolo-laptop,crate-container-cd
power_consumption,1704883079284000000,13.991414618082748,paolo-laptop,crate-container-cd
power_consumption,1704883080286000000,14.36330686410604,paolo-laptop,crate-container-cd
power_consumption,1704883081288000000,14.04964327804616,paolo-laptop,crate-container-cd
power_consumption,1704883082291000000,14.717099636403784,paolo-laptop,crate-container-cd
power_consumption,1704883083293000000,13.04668795461033,paolo-laptop,crate-container-cd
power_consumption,1704883084296000000,13.302272509677566,paolo-laptop,crate-container-cd
power_consumption,1704883085299000000,12.918048529555017,paolo-laptop,crate-container-cd
power_consumption,1704883086301000000,13.514993506281405,paolo-laptop,crate-container-cd
power_consumption,1704883087307000000,13.332384914645697,paolo-laptop,crate-container-cd
power_consumption,1704883088309000000,13.23520646941603,paolo-laptop,crate-container-cd
power_consumption,1704883089311000000,13.161390589093017,paolo-laptop,crate-container-cd
power_consumption,1704883090313000000,13.346839122690822,paolo-laptop,crate-container-cd
power_consumption,1704883091319000000,12.809019709260914,paolo-laptop,crate-container-cd
power_consumption,1704883092321000000,12.890312658601657,paolo-laptop,crate-container-cd
power_consumption,1704883093324000000,13.073346841820053,paolo-laptop,crate-container-cd
power_consumption,1704883094327000000,13.131785635137286,paolo-laptop,crate-container-cd
power_consumption,1704883095330000000,13.26889745709833,paolo-laptop,crate-container-cd
power_consumption,1704883096332000000,13.264289814871015,paolo-laptop,crate-container-cd
power_consumption,1704883097334000000,13.101985660332947,paolo-laptop,crate-container-cd
power_consumption,1704883098337000000,13.41637112864414,paolo-laptop,crate-container-cd
power_consumption,1704883099339000000,13.300525919858286,paolo-laptop,crate-container-cd
power_consumption,1704883100342000000,13.503222190128021,paolo-laptop,crate-container-cd
power_consumption,1704883101344000000,13.46798791295907,paolo-laptop,crate-container-cd
power_consumption,1704883102346000000,13.58242806778815,paolo-laptop,crate-container-cd
power_consumption,1704883103348000000,13.527963373798073,paolo-laptop,crate-container-cd
power_consumption,1704883104350000000,13.886684069409615,paolo-laptop,crate-container-cd
power_consumption,1704883105353000000,13.671730488511287,paolo-laptop,crate-container-cd
power_consumption,1704883106356000000,14.095659381952018,paolo-laptop,crate-container-cd
power_consumption,1704883107358000000,13.443538195927061,paolo-laptop,crate-container-cd
power_consumption,1704883108361000000,13.332214066207793,paolo-laptop,crate-container-cd
power_consumption,1704883109374000000,13.260922602735029,paolo-laptop,crate-container-cd
power_consumption,1704883110376000000,13.233011195210826,paolo-laptop,crate-container-cd
power_consumption,1704883111379000000,13.257054134064868,paolo-laptop,crate-container-cd
power_consumption,1704883112383000000,12.045360645563237,paolo-laptop,crate-container-cd
power_consumption,1704883115388000000,13.063624447697157,paolo-laptop,crate-container-cd
power_consumption,1704883116390000000,12.95310887522121,paolo-laptop,crate-container-cd
power_consumption,1704883117392000000,13.043082562227864,paolo-laptop,crate-container-cd
power_consumption,1704883118395000000,12.279164093574202,paolo-laptop,crate-container-cd
power_consumption,1704883121401000000,13.406340031429663,paolo-laptop,crate-container-cd
power_consumption,1704883125416000000,12.106537154723178,paolo-laptop,crate-container-cd
power_consumption,1704883128423000000,12.762200314046634,paolo-laptop,crate-container-cd
power_consumption,1704883129424000000,12.950279082946256,paolo-laptop,crate-container-cd
power_consumption,1704883130426000000,12.656769895113335,paolo-laptop,crate-container-cd
power_consumption,1704883131428000000,12.968500386824893,paolo-laptop,crate-container-cd
power_consumption,1704883132430000000,12.217391075038119,paolo-laptop,crate-container-cd
power_consumption,1704883133432000000,12.662108021749496,paolo-laptop,crate-container-cd
power_consumption,1704883134434000000,12.469271427801257,paolo-laptop,crate-container-cd
power_consumption,1704883135439000000,12.743528352152758,paolo-laptop,crate-container-cd
power_consumption,1704883136445000000,12.610040407172544,paolo-laptop,crate-container-cd
power_consumption,1704883137451000000,12.951010490135221,paolo-laptop,crate-container-cd
power_consumption,1704883138457000000,12.335413554830755,paolo-laptop,crate-container-cd
power_consumption,1704883139463000000,12.943815016799128,paolo-laptop,crate-container-cd
power_consumption,1704883140466000000,12.615586172977668,paolo-laptop,crate-container-cd
power_consumption,1704883141468000000,13.112949074647355,paolo-laptop,crate-container-cd
power_consumption,1704883142470000000,12.720622286122413,paolo-laptop,crate-container-cd
power_consumption,1704883143473000000,12.923781516097261,paolo-laptop,crate-container-cd
power_consumption,1704883144476000000,11.447458010444112,paolo-laptop,crate-container-cd
power_consumption,1704883150494000000,11.399165280538298,paolo-laptop,crate-container-cd
power_consumption,1704883152497000000,12.413356703693871,paolo-laptop,crate-container-cd
power_consumption,1704883153500000000,12.027986038056842,paolo-laptop,crate-container-cd
power_consumption,1704883157510000000,12.910405608950047,paolo-laptop,crate-container-cd
power_consumption,1704883158512000000,12.750462983732476,paolo-laptop,crate-container-cd
power_consumption,1704883162519000000,12.707604876071517,paolo-laptop,crate-container-cd
power_consumption,1704883163521000000,13.092575927400146,paolo-laptop,crate-container-cd
power_consumption,1704883164523000000,12.760680274494455,paolo-laptop,crate-container-cd
power_consumption,1704883165525000000,12.288466883051129,paolo-laptop,crate-container-cd
power_consumption,1704883166528000000,12.921399805752031,paolo-laptop,crate-container-cd
power_consumption,1704883172538000000,12.789020768041315,paolo-laptop,crate-container-cd
power_consumption,1704883173542000000,11.679124805578995,paolo-laptop,crate-container-cd
power_consumption,1704883175545000000,13.685257346730335,paolo-laptop,crate-container-cd
power_consumption,1704883176549000000,6.549815288216474,paolo-laptop,crate-container-cd
power_consumption,1704883179559000000,12.831199973226795,paolo-laptop,crate-container-cd
power_consumption,1704883180565000000,9.378604449483301,paolo-laptop,crate-container-cd
power_consumption,1704883183574000000,12.813017635239346,paolo-laptop,crate-container-cd
power_consumption,1704883184576000000,12.969483949188742,paolo-laptop,crate-container-cd
power_consumption,1704883185578000000,12.71530792310115,paolo-laptop,crate-container-cd
power_consumption,1704883186581000000,13.041811829660396,paolo-laptop,crate-container-cd
power_consumption,1704883187583000000,12.741205242574928,paolo-laptop,crate-container-cd
power_consumption,1704883188585000000,12.811465456235354,paolo-laptop,crate-container-cd
power_consumption,1704883189589000000,12.759778609858476,paolo-laptop,crate-container-cd
power_consumption,1704883190591000000,12.708781218602699,paolo-laptop,crate-container-cd
power_consumption,1704883191593000000,12.613910050646563,paolo-laptop,crate-container-cd
power_consumption,1704883192596000000,12.962150196081206,paolo-laptop,crate-container-cd
power_consumption,1704883193598000000,12.788866670694132,paolo-laptop,crate-container-cd
power_consumption,1704883194600000000,12.381402143822747,paolo-laptop,crate-container-cd
power_consumption,1704883195602000000,12.961628141359858,paolo-laptop,crate-container-cd
power_consumption,1704883196603000000,12.974486338423187,paolo-laptop,crate-container-cd
power_consumption,1704883197606000000,12.840323146897727,paolo-laptop,crate-container-cd
power_consumption,1704883198609000000,12.87305679804212,paolo-laptop,crate-container-cd
power_consumption,1704883199615000000,11.957214788290571,paolo-laptop,crate-container-cd
power_consumption,1704883200616000000,13.136823639031942,paolo-laptop,crate-container-cd
power_consumption,1704883201618000000,12.875820684601265,paolo-laptop,crate-container-cd
power_consumption,1704883202621000000,12.95794981751776,paolo-laptop,crate-container-cd
power_consumption,1704883203624000000,12.664639170553418,paolo-laptop,crate-container-cd
power_consumption,1704883204626000000,12.925063839525073,paolo-laptop,crate-container-cd
power_consumption,1704883205628000000,12.864354858881544,paolo-laptop,crate-container-cd
power_consumption,1704883206630000000,12.620264711549586,paolo-laptop,crate-container-cd
power_consumption,1704883207632000000,12.835651542906975,paolo-laptop,crate-container-cd
power_consumption,1704883208634000000,12.947086159038573,paolo-laptop,crate-container-cd
power_consumption,1704883209638000000,8.003971787127586,paolo-laptop,crate-container-cd
power_consumption,1704883211642000000,11.644145519791602,paolo-laptop,crate-container-cd
power_consumption,1704883212644000000,12.036952610952385,paolo-laptop,crate-container-cd
power_consumption,1704883213646000000,11.692317712294152,paolo-laptop,crate-container-cd
power_consumption,1704883216658000000,12.994203533776925,paolo-laptop,crate-container-cd
power_consumption,1704883217661000000,12.76551474284358,paolo-laptop,crate-container-cd
power_consumption,1704883218663000000,13.065441265178208,paolo-laptop,crate-container-cd
power_consumption,1704883219665000000,12.80420044726398,paolo-laptop,crate-container-cd
power_consumption,1704883220667000000,13.049612467414107,paolo-laptop,crate-container-cd
power_consumption,1704883221669000000,12.69966928902939,paolo-laptop,crate-container-cd
power_consumption,1704883222672000000,13.017826022398895,paolo-laptop,crate-container-cd
power_consumption,1704883223674000000,12.866176102443095,paolo-laptop,crate-container-cd
power_consumption,1704883224676000000,12.763110639970963,paolo-laptop,crate-container-cd
power_consumption,1704883225677000000,12.581006011777397,paolo-laptop,crate-container-cd
power_consumption,1704883226679000000,13.037681066627455,paolo-laptop,crate-container-cd
power_consumption,1704883227681000000,12.715613017479596,paolo-laptop,crate-container-cd
power_consumption,1704883228684000000,13.08652086760475,paolo-laptop,crate-container-cd
power_consumption,1704883229686000000,12.81887672091638,paolo-laptop,crate-container-cd
power_consumption,1704883230688000000,13.038725700219057,paolo-laptop,crate-container-cd
power_consumption,1704883231690000000,12.585306552135464,paolo-laptop,crate-container-cd
power_consumption,1704883232692000000,12.902920905955408,paolo-laptop,crate-container-cd
power_consumption,1704883233694000000,12.606023967361068,paolo-laptop,crate-container-cd
power_consumption,1704883234696000000,12.732340278408742,paolo-laptop,crate-container-cd
power_consumption,1704883235698000000,11.973561899894321,paolo-laptop,crate-container-cd
power_consumption,1704883236704000000,12.586268222287863,paolo-laptop,crate-container-cd
power_consumption,1704883237706000000,12.07534080382318,paolo-laptop,crate-container-cd
power_consumption,1704883245722000000,11.02404075753196,paolo-laptop,crate-container-cd
power_consumption,1704883257781000000,6.670771494330841,paolo-laptop,crate-container-cd
power_consumption,1704883259787000000,6.372813804427116,paolo-laptop,crate-container-cd
power_consumption,1704883261791000000,7.101180461570086,paolo-laptop,crate-container-cd
power_consumption,1704883267803000000,10.313727442157656,paolo-laptop,crate-container-cd
power_consumption,1704883268808000000,9.793684720502256,paolo-laptop,crate-container-cd
power_consumption,1704883269810000000,7.721505686269308,paolo-laptop,crate-container-cd
power_consumption,1704883271819000000,3.9010657908059665,paolo-laptop,crate-container-cd
power_consumption,1704883272821000000,7.328110348963072,paolo-laptop,crate-container-cd
power_consumption,1704883273825000000,8.939964002438423,paolo-laptop,crate-container-cd
power_consumption,1704883275834000000,3.5968528577138446,paolo-laptop,crate-container-cd
power_consumption,1704883280850000000,10.459624128654117,paolo-laptop,crate-container-cd
power_consumption,1704883281855000000,1.5595241133124582,paolo-laptop,crate-container-cd
power_consumption,1704883282857000000,12.09170247131956,paolo-laptop,crate-container-cd
power_consumption,1704883283858000000,11.912803268557195,paolo-laptop,crate-container-cd
power_consumption,1704883284860000000,12.086259098768732,paolo-laptop,crate-container-cd
power_consumption,1704883285862000000,11.992399182493891,paolo-laptop,crate-container-cd
power_consumption,1704883286865000000,11.763928929539535,paolo-laptop,crate-container-cd
power_consumption,1704883287868000000,11.305989421730395,paolo-laptop,crate-container-cd
power_consumption,1704883288870000000,11.662271691709405,paolo-laptop,crate-container-cd
power_consumption,1704883289873000000,9.99906192417799,paolo-laptop,crate-container-cd
power_consumption,1704883290875000000,12.107372956541779,paolo-laptop,crate-container-cd
power_consumption,1704883291877000000,11.094133513683463,paolo-laptop,crate-container-cd
power_consumption,1704883292879000000,10.477983668553351,paolo-laptop,crate-container-cd
power_consumption,1704883293881000000,10.892837363731866,paolo-laptop,crate-container-cd
power_consumption,1704883294883000000,11.634386153348977,paolo-laptop,crate-container-cd
power_consumption,1704883295885000000,10.528860256853074,paolo-laptop,crate-container-cd
power_consumption,1704883296887000000,11.109521752727716,paolo-laptop,crate-container-cd
power_consumption,1704883297891000000,8.886649204300351,paolo-laptop,crate-container-cd
power_consumption,1704883300901000000,2.9722066238457616,paolo-laptop,crate-container-cd
power_consumption,1704883302906000000,12.760448602959144,paolo-laptop,crate-container-cd
power_consumption,1704883303908000000,12.999323767143622,paolo-laptop,crate-container-cd
power_consumption,1704883304910000000,11.999637424232239,paolo-laptop,crate-container-cd
power_consumption,1704883306917000000,13.207745706924904,paolo-laptop,crate-container-cd
power_consumption,1704883307919000000,8.41400865516816,paolo-laptop,crate-container-cd
power_consumption,1704883309922000000,8.835581907132859,paolo-laptop,crate-container-cd
power_consumption,1704883310923000000,13.212438354601883,paolo-laptop,crate-container-cd
power_consumption,1704883311925000000,13.462882882968579,paolo-laptop,crate-container-cd
power_consumption,1704883312927000000,13.297097805150774,paolo-laptop,crate-container-cd
power_consumption,1704883313930000000,12.756259306658956,paolo-laptop,crate-container-cd
power_consumption,1704883315938000000,3.2015948532497154,paolo-laptop,crate-container-cd
power_consumption,1704883316940000000,11.603228070100908,paolo-laptop,crate-container-cd
power_consumption,1704883317946000000,11.891480643030793,paolo-laptop,crate-container-cd
power_consumption,1704883318947000000,11.670667758053305,paolo-laptop,crate-container-cd
power_consumption,1704883319951000000,2.697013394855215,paolo-laptop,crate-container-cd
power_consumption,1704883320953000000,6.2468148033634066,paolo-laptop,crate-container-cd
power_consumption,1704883322959000000,1.4353715770099422,paolo-laptop,crate-container-cd
power_consumption,1704883324965000000,10.804194569974483,paolo-laptop,crate-container-cd
power_consumption,1704883325966000000,7.187923527590556,paolo-laptop,crate-container-cd
power_consumption,1704883326971000000,6.546143433086746,paolo-laptop,crate-container-cd
power_consumption,1704883327975000000,2.769337613205598,paolo-laptop,crate-container-cd
power_consumption,1704883329985000000,3.385383681789549,paolo-laptop,crate-container-cd
power_consumption,1704883330986000000,12.702931866900737,paolo-laptop,crate-container-cd
power_consumption,1704883331988000000,12.536646934534769,paolo-laptop,crate-container-cd
power_consumption,1704883332990000000,12.147596457022914,paolo-laptop,crate-container-cd
power_consumption,1704883333992000000,2.9280617255636896,paolo-laptop,crate-container-cd
power_consumption,1704883334996000000,1.6717761149030164,paolo-laptop,crate-container-cd
power_consumption,1704883335998000000,10.281106303445835,paolo-laptop,crate-container-cd
power_consumption,1704883336999000000,10.758471843870275,paolo-laptop,crate-container-cd
power_consumption,1704883339002000000,12.488134348995473,paolo-laptop,crate-container-cd
power_consumption,1704883341010000000,12.2127135540056,paolo-laptop,crate-container-cd
power_consumption,1704883342011000000,12.582210229599808,paolo-laptop,crate-container-cd
power_consumption,1704883343015000000,10.149775404329521,paolo-laptop,crate-container-cd
power_consumption,1704883344016000000,10.579701910331007,paolo-laptop,crate-container-cd
power_consumption,1704883345018000000,9.538216438790451,paolo-laptop,crate-container-cd
power_consumption,1704883346020000000,11.674217675216024,paolo-laptop,crate-container-cd
power_consumption,1704883347021000000,11.00691159714862,paolo-laptop,crate-container-cd
power_consumption,1704883348023000000,9.632897040288746,paolo-laptop,crate-container-cd
power_consumption,1704883349024000000,10.66846151900651,paolo-laptop,crate-container-cd
power_consumption,1704883350026000000,8.077922404219859,paolo-laptop,crate-container-cd
power_consumption,1704883351028000000,11.977229687194642,paolo-laptop,crate-container-cd
power_consumption,1704883352030000000,3.689333729885149,paolo-laptop,crate-container-cd
power_consumption,1704883353033000000,11.340402844996369,paolo-laptop,crate-container-cd
power_consumption,1704883355037000000,11.706600154076352,paolo-laptop,crate-container-cd
power_consumption,1704883356040000000,7.3068096927092565,paolo-laptop,crate-container-cd
power_consumption,1704883357041000000,5.126303777469969,paolo-laptop,crate-container-cd
power_consumption,1704883359049000000,2.1505868335819422,paolo-laptop,crate-container-cd
power_consumption,1704883360051000000,9.588993160308444,paolo-laptop,crate-container-cd
power_consumption,1704883361053000000,7.837606169351604,paolo-laptop,crate-container-cd
power_consumption,1704883362056000000,7.070742936064494,paolo-laptop,crate-container-cd
power_consumption,1704883363058000000,3.6143116796663657,paolo-laptop,crate-container-cd
power_consumption,1704883364060000000,12.196003905489462,paolo-laptop,crate-container-cd
power_consumption,1704883365065000000,6.966782558137167,paolo-laptop,crate-container-cd
power_consumption,1704883368071000000,11.549529524090396,paolo-laptop,crate-container-cd
power_consumption,1704883369072000000,11.94601912524616,paolo-laptop,crate-container-cd
power_consumption,1704883370074000000,11.293124634471043,paolo-laptop,crate-container-cd
power_consumption,1704883373084000000,4.361216632799716,paolo-laptop,crate-container-cd
power_consumption,1704883374086000000,4.753857363154403,paolo-laptop,crate-container-cd
power_consumption,1704883375087000000,4.0945525082806,paolo-laptop,crate-container-cd
power_consumption,1704883377092000000,12.834193978645766,paolo-laptop,crate-container-cd
power_consumption,1704883378093000000,12.436445006301554,paolo-laptop,crate-container-cd
power_consumption,1704883379095000000,12.360227420439326,paolo-laptop,crate-container-cd
power_consumption,1704883380098000000,11.74095211354064,paolo-laptop,crate-container-cd
power_consumption,1704883381100000000,12.35877660158573,paolo-laptop,crate-container-cd
power_consumption,1704883382103000000,12.89374883601798,paolo-laptop,crate-container-cd
power_consumption,1704883383105000000,12.928229922443737,paolo-laptop,crate-container-cd
power_consumption,1704883384109000000,11.717926502777207,paolo-laptop,crate-container-cd
power_consumption,1704883385112000000,12.130152936558686,paolo-laptop,crate-container-cd
power_consumption,1704883386116000000,9.841046313215891,paolo-laptop,crate-container-cd
power_consumption,1704883387118000000,3.9396785058973656,paolo-laptop,crate-container-cd
power_consumption,1704883388122000000,2.714044447245946,paolo-laptop,crate-container-cd
power_consumption,1704883389125000000,11.1286251892727,paolo-laptop,crate-container-cd
power_consumption,1704883390126000000,9.72370050254852,paolo-laptop,crate-container-cd
power_consumption,1704883391128000000,6.022663670465138,paolo-laptop,crate-container-cd
power_consumption,1704883392129000000,3.310820866801405,paolo-laptop,crate-container-cd
power_consumption,1704883393131000000,12.389851161377457,paolo-laptop,crate-container-cd
power_consumption,1704883394132000000,12.01994761140671,paolo-laptop,crate-container-cd
power_consumption,1704883395134000000,12.38454114381814,paolo-laptop,crate-container-cd
power_consumption,1704883396137000000,11.680066903569914,paolo-laptop,crate-container-cd
power_consumption,1704883397139000000,12.103105234937257,paolo-laptop,crate-container-cd
power_consumption,1704883398141000000,12.67123734601353,paolo-laptop,crate-container-cd
power_consumption,1704883399143000000,11.142930994971438,paolo-laptop,crate-container-cd
power_consumption,1704883400146000000,11.918614166111636,paolo-laptop,crate-container-cd
power_consumption,1704883401148000000,12.081602404113715,paolo-laptop,crate-container-cd
power_consumption,1704883402150000000,11.774359730627532,paolo-laptop,crate-container-cd
power_consumption,1704883403152000000,12.786983859101957,paolo-laptop,crate-container-cd
power_consumption,1704883404154000000,11.647235091875975,paolo-laptop,crate-container-cd
power_consumption,1704883405156000000,11.67833876620025,paolo-laptop,crate-container-cd
power_consumption,1704883406158000000,12.06411765905938,paolo-laptop,crate-container-cd
power_consumption,1704883407160000000,12.565706881305314,paolo-laptop,crate-container-cd
power_consumption,1704883408162000000,11.870158114296864,paolo-laptop,crate-container-cd
power_consumption,1704883409163000000,11.75754576420548,paolo-laptop,crate-container-cd
power_consumption,1704883410165000000,11.195406887765522,paolo-laptop,crate-container-cd
power_consumption,1704883411167000000,11.181039462185584,paolo-laptop,crate-container-cd
power_consumption,1704883412169000000,12.974570108386931,paolo-laptop,crate-container-cd
power_consumption,1704883413172000000,11.023883707844755,paolo-laptop,crate-container-cd
power_consumption,1704883414176000000,11.036191806776635,paolo-laptop,crate-container-cd
power_consumption,1704883415178000000,11.446240621155901,paolo-laptop,crate-container-cd
power_consumption,1704883416180000000,11.898505442304852,paolo-laptop,crate-container-cd
power_consumption,1704883417182000000,12.395883865020483,paolo-laptop,crate-container-cd
power_consumption,1704883418184000000,2.753025267414676,paolo-laptop,crate-container-cd
power_consumption,1704883419188000000,3.1213728966286793,paolo-laptop,crate-container-cd
power_consumption,1704883420191000000,3.8265946869918666,paolo-laptop,crate-container-cd
power_consumption,1704883422197000000,5.89364790556705,paolo-laptop,crate-container-cd
power_consumption,1704883423201000000,5.769621095972206,paolo-laptop,crate-container-cd
power_consumption,1704883424203000000,10.741190715826274,paolo-laptop,crate-container-cd
power_consumption,1704883425206000000,12.335356686051096,paolo-laptop,crate-container-cd
power_consumption,1704883426208000000,13.635670353320851,paolo-laptop,crate-container-cd
power_consumption,1704883427211000000,11.632125741726576,paolo-laptop,crate-container-cd
power_consumption,1704883429217000000,9.071092989190713,paolo-laptop,crate-container-cd
power_consumption,1704883430220000000,12.674672032459206,paolo-laptop,crate-container-cd
power_consumption,1704883431222000000,11.664971223435805,paolo-laptop,crate-container-cd
power_consumption,1704883432224000000,11.119330822278748,paolo-laptop,crate-container-cd
power_consumption,1704883433226000000,17.10837725789653,paolo-laptop,crate-container-cd
power_consumption,1704883434228000000,15.478483469744237,paolo-laptop,crate-container-cd
power_consumption,1704883435230000000,10.324569322829518,paolo-laptop,crate-container-cd
power_consumption,1704883436231000000,12.280086994061147,paolo-laptop,crate-container-cd
power_consumption,1704883438237000000,2.7872557492504013,paolo-laptop,crate-container-cd
power_consumption,1704883439240000000,10.034279389786976,paolo-laptop,crate-container-cd
power_consumption,1704883441248000000,12.983976530506379,paolo-laptop,crate-container-cd
power_consumption,1704883442252000000,6.652769169947549,paolo-laptop,crate-container-cd
power_consumption,1704883443254000000,5.153919383012937,paolo-laptop,crate-container-cd
power_consumption,1704883444256000000,4.43505886005042,paolo-laptop,crate-container-cd
power_consumption,1704883445258000000,12.797674374793798,paolo-laptop,crate-container-cd
power_consumption,1704883446261000000,6.601316042248071,paolo-laptop,crate-container-cd
power_consumption,1704883447264000000,2.789420729008362,paolo-laptop,crate-container-cd
power_consumption,1704883448266000000,6.917477412159263,paolo-laptop,crate-container-cd
power_consumption,1704883449268000000,12.79728191544939,paolo-laptop,crate-container-cd
power_consumption,1704883450269000000,11.858503925378937,paolo-laptop,crate-container-cd
power_consumption,1704883451270000000,3.4055928926415477,paolo-laptop,crate-container-cd
power_consumption,1704883453275000000,11.770894745360456,paolo-laptop,crate-container-cd
power_consumption,1704883455278000000,3.7165876808151843,paolo-laptop,crate-container-cd
power_consumption,1704883456280000000,8.204453863908073,paolo-laptop,crate-container-cd
power_consumption,1704883457282000000,2.762806906031696,paolo-laptop,crate-container-cd
power_consumption,1704883459286000000,12.349707538683669,paolo-laptop,crate-container-cd
power_consumption,1704883460288000000,12.015075369274165,paolo-laptop,crate-container-cd
power_consumption,1704883463295000000,5.400560662760387,paolo-laptop,crate-container-cd
power_consumption,1704883464297000000,12.591313921822241,paolo-laptop,crate-container-cd
power_consumption,1704883465299000000,12.48118198487817,paolo-laptop,crate-container-cd
power_consumption,1704883466303000000,4.617762509203873,paolo-laptop,crate-container-cd
power_consumption,1704883467309000000,3.3730480266059355,paolo-laptop,crate-container-cd
power_consumption,1704883468313000000,5.206118713372765,paolo-laptop,crate-container-cd
power_consumption,1704883469318000000,6.074565728369569,paolo-laptop,crate-container-cd
power_consumption,1704883470326000000,2.4829652600104497,paolo-laptop,crate-container-cd
power_consumption,1704883472332000000,1.6806626889436471,paolo-laptop,crate-container-cd
power_consumption,1704883473336000000,11.44044397031103,paolo-laptop,crate-container-cd
power_consumption,1704883474338000000,12.138191429525548,paolo-laptop,crate-container-cd
power_consumption,1704883475344000000,13.277904814805936,paolo-laptop,crate-container-cd
power_consumption,1704883476350000000,12.197196122580554,paolo-laptop,crate-container-cd
power_consumption,1704883477352000000,12.237118921162205,paolo-laptop,crate-container-cd
power_consumption,1704883478356000000,11.30810300474062,paolo-laptop,crate-container-cd
power_consumption,1704883479361000000,3.4021331853483625,paolo-laptop,crate-container-cd
power_consumption,1704883480363000000,7.386139092921402,paolo-laptop,crate-container-cd
power_consumption,1704883481365000000,12.577340680743102,paolo-laptop,crate-container-cd
power_consumption,1704883482366000000,12.75295697241679,paolo-laptop,crate-container-cd
power_consumption,1704883483369000000,12.80756428907635,paolo-laptop,crate-container-cd
power_consumption,1704883484371000000,12.240896969835966,paolo-laptop,crate-container-cd
power_consumption,1704883485373000000,12.80055675196336,paolo-laptop,crate-container-cd
power_consumption,1704883486375000000,12.709737934298143,paolo-laptop,crate-container-cd
power_consumption,1704883487378000000,11.849894606199944,paolo-laptop,crate-container-cd
power_consumption,1704883488379000000,11.628592992360645,paolo-laptop,crate-container-cd
power_consumption,1704883489381000000,12.104949516918989,paolo-laptop,crate-container-cd
power_consumption,1704883490383000000,11.606944229713697,paolo-laptop,crate-container-cd
power_consumption,1704883491385000000,11.932079335624309,paolo-laptop,crate-container-cd
power_consumption,1704883492386000000,11.781043951409956,paolo-laptop,crate-container-cd
power_consumption,1704883493388000000,12.211168177473837,paolo-laptop,crate-container-cd
power_consumption,1704883494391000000,12.711647664238956,paolo-laptop,crate-container-cd
power_consumption,1704883495393000000,12.568598724297285,paolo-laptop,crate-container-cd
power_consumption,1704883496397000000,11.969438435427962,paolo-laptop,crate-container-cd
power_consumption,1704883497399000000,12.38604839481537,paolo-laptop,crate-container-cd
power_consumption,1704883498401000000,11.234926252385826,paolo-laptop,crate-container-cd
power_consumption,1704883499403000000,11.918261894700471,paolo-laptop,crate-container-cd
power_consumption,1704883500407000000,9.476386119869652,paolo-laptop,crate-container-cd
power_consumption,1704883501411000000,2.104046666471271,paolo-laptop,crate-container-cd
power_consumption,1704883503413000000,12.065718636636925,paolo-laptop,crate-container-cd
power_consumption,1704883504415000000,11.099406239949975,paolo-laptop,crate-container-cd
power_consumption,1704883505417000000,1.18999496654844,paolo-laptop,crate-container-cd
power_consumption,1704883507423000000,1.5020138672440064,paolo-laptop,crate-container-cd
power_consumption,1704883508426000000,2.029816413355751,paolo-laptop,crate-container-cd
power_consumption,1704883509428000000,6.036621195983927,paolo-laptop,crate-container-cd
power_consumption,1704883510429000000,10.125425821326605,paolo-laptop,crate-container-cd
power_consumption,1704883511431000000,9.952791008220055,paolo-laptop,crate-container-cd
power_consumption,1704883512433000000,10.181974628698248,paolo-laptop,crate-container-cd
power_consumption,1704883513434000000,10.12024601560194,paolo-laptop,crate-container-cd
power_consumption,1704883515442000000,3.416656766043849,paolo-laptop,crate-container-cd
power_consumption,1704883516443000000,9.345701695481058,paolo-laptop,crate-container-cd
power_consumption,1704883517445000000,12.324639217876207,paolo-laptop,crate-container-cd
power_consumption,1704883518447000000,12.44758555708583,paolo-laptop,crate-container-cd
power_consumption,1704883519449000000,12.032421189041019,paolo-laptop,crate-container-cd
power_consumption,1704883520451000000,11.852012836122423,paolo-laptop,crate-container-cd
power_consumption,1704883521452000000,12.170209799412177,paolo-laptop,crate-container-cd
power_consumption,1704883522454000000,11.657559193982275,paolo-laptop,crate-container-cd
power_consumption,1704883523455000000,10.689003794388725,paolo-laptop,crate-container-cd
power_consumption,1704883524457000000,10.394696129698028,paolo-laptop,crate-container-cd
power_consumption,1704883525458000000,3.254459595409308,paolo-laptop,crate-container-cd
power_consumption,1704883526460000000,1.312914264967822,paolo-laptop,crate-container-cd
power_consumption,1704883527461000000,4.405069552384148,paolo-laptop,crate-container-cd
power_consumption,1704883528463000000,12.133064055931186,paolo-laptop,crate-container-cd
power_consumption,1704883529465000000,12.307244428216771,paolo-laptop,crate-container-cd
power_consumption,1704883530467000000,5.7817060513352025,paolo-laptop,crate-container-cd
power_consumption,1704883531468000000,4.435410281132631,paolo-laptop,crate-container-cd
power_consumption,1704883532470000000,6.2961803607409355,paolo-laptop,crate-container-cd
power_consumption,1704883533472000000,4.464536607223105,paolo-laptop,crate-container-cd
power_consumption,1704883535476000000,1.7895381228300424,paolo-laptop,crate-container-cd
power_consumption,1704883536478000000,4.997672429072853,paolo-laptop,crate-container-cd
power_consumption,1704883537480000000,9.994557017424572,paolo-laptop,crate-container-cd
power_consumption,1704883538484000000,6.130326858520808,paolo-laptop,crate-container-cd
power_consumption,1704883539485000000,1.5949467607553243,paolo-laptop,crate-container-cd
power_consumption,1704883540487000000,1.8109561421194602,paolo-laptop,crate-container-cd
power_consumption,1704883541491000000,1.297826719268457,paolo-laptop,crate-container-cd
power_consumption,1704883543495000000,0.4828869262664464,paolo-laptop,crate-container-cd
power_consumption,1704883544497000000,0.14165381553445475,paolo-laptop,crate-container-cd
power_consumption,1704883545500000000,0.05684232305342682,paolo-laptop,crate-container-cd
power_consumption,1704883547510000000,0.8614857853699251,paolo-laptop,crate-container-cd
power_consumption,1704883548515000000,5.3857073021257005,paolo-laptop,crate-container-cd
power_consumption,1704883549519000000,6.096819614114832,paolo-laptop,crate-container-cd
power_consumption,1704883550523000000,4.482231265031417,paolo-laptop,crate-container-cd
power_consumption,1704883551527000000,3.013384637926462,paolo-laptop,crate-container-cd
power_consumption,1704883552531000000,2.5822900850355355,paolo-laptop,crate-container-cd
power_consumption,1704883553532000000,7.222788329619661,paolo-laptop,crate-container-cd
power_consumption,1704883554534000000,0.18335034340483342,paolo-laptop,crate-container-cd
power_consumption,1704883555537000000,3.898984460527436,paolo-laptop,crate-container-cd
power_consumption,1704883556539000000,8.455186486848504,paolo-laptop,crate-container-cd
power_consumption,1704883557541000000,12.316618140486042,paolo-laptop,crate-container-cd
power_consumption,1704883558545000000,10.259717972400917,paolo-laptop,crate-container-cd
power_consumption,1704883560551000000,2.5636009630892627,paolo-laptop,crate-container-cd
power_consumption,1704883561553000000,10.60145764861111,paolo-laptop,crate-container-cd
power_consumption,1704883562557000000,9.95982316136265,paolo-laptop,crate-container-cd
power_consumption,1704883565567000000,0.6444802830977525,paolo-laptop,crate-container-cd
power_consumption,1704883566571000000,2.769583986205012,paolo-laptop,crate-container-cd
power_consumption,1704883567575000000,4.592368700801001,paolo-laptop,crate-container-cd
power_consumption,1704883568576000000,6.181182842333633,paolo-laptop,crate-container-cd
power_consumption,1704883569578000000,6.5620464185105485,paolo-laptop,crate-container-cd
power_consumption,1704883570580000000,12.83219714336241,paolo-laptop,crate-container-cd
power_consumption,1704883571582000000,11.267529712638382,paolo-laptop,crate-container-cd
power_consumption,1704883572586000000,6.14739763517236,paolo-laptop,crate-container-cd
power_consumption,1704883574590000000,5.015527886345187,paolo-laptop,crate-container-cd
power_consumption,1704883575591000000,11.055362159030842,paolo-laptop,crate-container-cd
power_consumption,1704883576593000000,12.080450718173587,paolo-laptop,crate-container-cd
power_consumption,1704883577595000000,11.831578607967117,paolo-laptop,crate-container-cd
power_consumption,1704883578597000000,11.476180355886925,paolo-laptop,crate-container-cd
power_consumption,1704883579601000000,3.990670172571199,paolo-laptop,crate-container-cd
power_consumption,1704883580605000000,3.798168033786549,paolo-laptop,crate-container-cd
power_consumption,1704883581609000000,4.103874677781129,paolo-laptop,crate-container-cd
power_consumption,1704883582613000000,2.9495134678743273,paolo-laptop,crate-container-cd
power_consumption,1704883583618000000,7.5321265823364305,paolo-laptop,crate-container-cd
power_consumption,1704883585623000000,0.29507766112148964,paolo-laptop,crate-container-cd
power_consumption,1704883586625000000,8.93094074058266,paolo-laptop,crate-container-cd
power_consumption,1704883587627000000,2.172534929351027,paolo-laptop,crate-container-cd
power_consumption,1704883588630000000,1.1468417757082996,paolo-laptop,crate-container-cd
power_consumption,1704883589634000000,6.583335038500378,paolo-laptop,crate-container-cd
power_consumption,1704883591638000000,9.452102836264178,paolo-laptop,crate-container-cd
power_consumption,1704883592640000000,4.121165681736082,paolo-laptop,crate-container-cd
power_consumption,1704883593642000000,3.9437773646157765,paolo-laptop,crate-container-cd
power_consumption,1704883594644000000,7.117932025124593,paolo-laptop,crate-container-cd
power_consumption,1704883595646000000,9.953331745631992,paolo-laptop,crate-container-cd
power_consumption,1704883596649000000,10.343704523208864,paolo-laptop,crate-container-cd
power_consumption,1704883597651000000,10.754034353559973,paolo-laptop,crate-container-cd
power_consumption,1704883598653000000,11.93981582600467,paolo-laptop,crate-container-cd
power_consumption,1704883599655000000,10.658048508758885,paolo-laptop,crate-container-cd
power_consumption,1704883600657000000,8.786793900969657,paolo-laptop,crate-container-cd
power_consumption,1704883601660000000,10.866372375501541,paolo-laptop,crate-container-cd
power_consumption,1704883602662000000,9.86409773541637,paolo-laptop,crate-container-cd
power_consumption,1704883603664000000,7.679136367393113,paolo-laptop,crate-container-cd
power_consumption,1704883605667000000,4.586110195789583,paolo-laptop,crate-container-cd
power_consumption,1704883606669000000,10.641417312024531,paolo-laptop,crate-container-cd
power_consumption,1704883607671000000,9.953731106728124,paolo-laptop,crate-container-cd
power_consumption,1704883608682000000,10.24094937491527,paolo-laptop,crate-container-cd
power_consumption,1704883609684000000,9.370191910824209,paolo-laptop,crate-container-cd
power_consumption,1704883610685000000,10.573268983600894,paolo-laptop,crate-container-cd
power_consumption,1704883611690000000,4.775195953104088,paolo-laptop,crate-container-cd
power_consumption,1704883612692000000,4.5974368269119745,paolo-laptop,crate-container-cd
power_consumption,1704883613694000000,10.029535653524157,paolo-laptop,crate-container-cd
power_consumption,1704883614696000000,10.244124552182653,paolo-laptop,crate-container-cd
power_consumption,1704883615698000000,10.31092270488523,paolo-laptop,crate-container-cd
power_consumption,1704883616699000000,10.239257292257767,paolo-laptop,crate-container-cd
power_consumption,1704883617701000000,10.412146303614467,paolo-laptop,crate-container-cd
power_consumption,1704883618703000000,10.715553734523162,paolo-laptop,crate-container-cd
power_consumption,1704883619708000000,7.2285305356972165,paolo-laptop,crate-container-cd
power_consumption,1704883620711000000,2.3259700608825797,paolo-laptop,crate-container-cd
power_consumption,1704883621713000000,1.5045888178653666,paolo-laptop,crate-container-cd
power_consumption,1704883622715000000,10.923641337714177,paolo-laptop,crate-container-cd
power_consumption,1704883623719000000,10.453250169227697,paolo-laptop,crate-container-cd
power_consumption,1704883625724000000,3.0714820594406893,paolo-laptop,crate-container-cd
power_consumption,1704883626726000000,8.456120595819263,paolo-laptop,crate-container-cd
power_consumption,1704883627728000000,12.17185737975085,paolo-laptop,crate-container-cd
power_consumption,1704883628731000000,11.999163507489115,paolo-laptop,crate-container-cd
power_consumption,1704883629733000000,9.561328027558812,paolo-laptop,crate-container-cd
power_consumption,1704883630735000000,10.28635191446457,paolo-laptop,crate-container-cd
power_consumption,1704883631738000000,1.527919264376222,paolo-laptop,crate-container-cd
power_consumption,1704883633744000000,9.475994111017835,paolo-laptop,crate-container-cd
power_consumption,1704883634745000000,10.645516459935946,paolo-laptop,crate-container-cd
power_consumption,1704883635747000000,10.17970088104693,paolo-laptop,crate-container-cd
power_consumption,1704883636749000000,11.561696680824888,paolo-laptop,crate-container-cd
power_consumption,1704883637753000000,10.142644643487781,paolo-laptop,crate-container-cd
power_consumption,1704883638754000000,10.182144238098598,paolo-laptop,crate-container-cd
power_consumption,1704883639756000000,10.098375762749196,paolo-laptop,crate-container-cd
power_consumption,1704883640757000000,11.324893876043092,paolo-laptop,crate-container-cd
power_consumption,1704883641758000000,10.0260814982373,paolo-laptop,crate-container-cd
power_consumption,1704883642762000000,7.885486673303369,paolo-laptop,crate-container-cd
power_consumption,1704883645769000000,12.06541991012736,paolo-laptop,crate-container-cd
power_consumption,1704883646771000000,11.65972994447041,paolo-laptop,crate-container-cd
power_consumption,1704883647773000000,10.998847741179066,paolo-laptop,crate-container-cd
power_consumption,1704883648775000000,6.348497504833409,paolo-laptop,crate-container-cd
power_consumption,1704883649778000000,1.1203992586529885,paolo-laptop,crate-container-cd
power_consumption,1704883651785000000,9.458732784847715,paolo-laptop,crate-container-cd
power_consumption,1704883652787000000,11.578240240806617,paolo-laptop,crate-container-cd
power_consumption,1704883653788000000,9.573383747467174,paolo-laptop,crate-container-cd
power_consumption,1704883654791000000,9.650059908601756,paolo-laptop,crate-container-cd
power_consumption,1704883656798000000,3.761926034759562,paolo-laptop,crate-container-cd
power_consumption,1704883657800000000,11.922881630822527,paolo-laptop,crate-container-cd
power_consumption,1704883658804000000,10.149844567404571,paolo-laptop,crate-container-cd
power_consumption,1704883659808000000,2.852933042936284,paolo-laptop,crate-container-cd
power_consumption,1704883660811000000,3.7487906967106057,paolo-laptop,crate-container-cd
power_consumption,1704883661813000000,12.337707127226462,paolo-laptop,crate-container-cd
power_consumption,1704883662814000000,12.546313751480454,paolo-laptop,crate-container-cd
power_consumption,1704883663816000000,12.31251621176018,paolo-laptop,crate-container-cd
power_consumption,1704883664818000000,11.94820854914668,paolo-laptop,crate-container-cd
power_consumption,1704883665820000000,12.571278991835818,paolo-laptop,crate-container-cd
power_consumption,1704883666821000000,11.831447685100382,paolo-laptop,crate-container-cd
power_consumption,1704883667823000000,12.07137117126845,paolo-laptop,crate-container-cd
power_consumption,1704883668824000000,12.21967723903995,paolo-laptop,crate-container-cd
power_consumption,1704883669826000000,11.871886100132787,paolo-laptop,crate-container-cd
power_consumption,1704883670829000000,12.484351704327413,paolo-laptop,crate-container-cd
power_consumption,1704883671831000000,12.303414893897248,paolo-laptop,crate-container-cd
power_consumption,1704883672836000000,11.82639966377955,paolo-laptop,crate-container-cd
power_consumption,1704883673838000000,12.367157466440245,paolo-laptop,crate-container-cd
power_consumption,1704883674840000000,12.054215868923004,paolo-laptop,crate-container-cd
power_consumption,1704883675842000000,11.926128641206443,paolo-laptop,crate-container-cd
power_consumption,1704883676844000000,3.2196118540214074,paolo-laptop,crate-container-cd
power_consumption,1704883677845000000,2.897555580432015,paolo-laptop,crate-container-cd
power_consumption,1704883678846000000,4.176620542136932,paolo-laptop,crate-container-cd
power_consumption,1704883679848000000,3.3265182234105897,paolo-laptop,crate-container-cd
power_consumption,1704883680850000000,1.6693365651458174,paolo-laptop,crate-container-cd
power_consumption,1704883681852000000,3.6669989318535072,paolo-laptop,crate-container-cd
power_consumption,1704883682854000000,8.506020352514515,paolo-laptop,crate-container-cd
power_consumption,1704883683859000000,11.2784735261307,paolo-laptop,crate-container-cd
power_consumption,1704883684861000000,3.2798101483793545,paolo-laptop,crate-container-cd
power_consumption,1704883685865000000,2.0709505771456387,paolo-laptop,crate-container-cd
power_consumption,1704883686867000000,9.753787831441791,paolo-laptop,crate-container-cd
power_consumption,1704883687869000000,1.918433020511719,paolo-laptop,crate-container-cd
power_consumption,1704883688872000000,4.502410257658451,paolo-laptop,crate-container-cd
power_consumption,1704883689873000000,7.7807698619818915,paolo-laptop,crate-container-cd
power_consumption,1704883690875000000,1.6971093774444317,paolo-laptop,crate-container-cd
power_consumption,1704883691879000000,2.9265038504542185,paolo-laptop,crate-container-cd
power_consumption,1704883692884000000,5.899106299188942,paolo-laptop,crate-container-cd
power_consumption,1704883693886000000,4.1900978170742285,paolo-laptop,crate-container-cd
power_consumption,1704883694891000000,1.1434186877352759,paolo-laptop,crate-container-cd
power_consumption,1704883695894000000,12.423574225694535,paolo-laptop,crate-container-cd
power_consumption,1704883696898000000,7.475158390619438,paolo-laptop,crate-container-cd
power_consumption,1704883697902000000,6.674403350961507,paolo-laptop,crate-container-cd
power_consumption,1704883698903000000,2.24580247244888,paolo-laptop,crate-container-cd
power_consumption,1704883699907000000,3.527196096051717,paolo-laptop,crate-container-cd
power_consumption,1704883700910000000,5.260888438174665,paolo-laptop,crate-container-cd
power_consumption,1704883701912000000,3.689654780827982,paolo-laptop,crate-container-cd
power_consumption,1704883702915000000,1.3800179317188852,paolo-laptop,crate-container-cd
power_consumption,1704883703919000000,4.158433296174878,paolo-laptop,crate-container-cd
power_consumption,1704883704921000000,8.602788717918013,paolo-laptop,crate-container-cd
power_consumption,1704883705925000000,9.48632879146155,paolo-laptop,crate-container-cd
power_consumption,1704883706929000000,6.14238918571601,paolo-laptop,crate-container-cd
power_consumption,1704883707933000000,4.5958114641986745,paolo-laptop,crate-container-cd
power_consumption,1704883708935000000,2.9670112074151347,paolo-laptop,crate-container-cd
power_consumption,1704883709938000000,2.7064020197751715,paolo-laptop,crate-container-cd
power_consumption,1704883710943000000,6.150865731911347,paolo-laptop,crate-container-cd
power_consumption,1704883712952000000,9.236717651997324,paolo-laptop,crate-container-cd
power_consumption,1704883713954000000,3.4396760618449744,paolo-laptop,crate-container-cd
power_consumption,1704883714958000000,3.528727543824842,paolo-laptop,crate-container-cd
power_consumption,1704883715961000000,10.3803252457211,paolo-laptop,crate-container-cd
power_consumption,1704883716962000000,12.933484881931344,paolo-laptop,crate-container-cd
power_consumption,1704883717964000000,12.49811128887593,paolo-laptop,crate-container-cd
power_consumption,1704883718966000000,2.140376898654788,paolo-laptop,crate-container-cd
power_consumption,1704883719968000000,11.648020209737766,paolo-laptop,crate-container-cd
power_consumption,1704883720972000000,12.956662590223456,paolo-laptop,crate-container-cd
power_consumption,1704883721973000000,10.979165966835577,paolo-laptop,crate-container-cd
power_consumption,1704883722975000000,2.2351835570470158,paolo-laptop,crate-container-cd
power_consumption,1704883723976000000,10.636295838279946,paolo-laptop,crate-container-cd
power_consumption,1704883724980000000,2.23897407123172,paolo-laptop,crate-container-cd
power_consumption,1704883725984000000,4.239562096262407,paolo-laptop,crate-container-cd
power_consumption,1704883727989000000,5.652265827492656,paolo-laptop,crate-container-cd
power_consumption,1704883728991000000,11.99629104208424,paolo-laptop,crate-container-cd
power_consumption,1704883729996000000,4.141516293680411,paolo-laptop,crate-container-cd
power_consumption,1704883730999000000,11.336272551322896,paolo-laptop,crate-container-cd
power_consumption,1704883732002000000,2.8286694923618,paolo-laptop,crate-container-cd
power_consumption,1704883736018000000,0.8783141374884682,paolo-laptop,crate-container-cd
power_consumption,1704883738021000000,8.963240576488491,paolo-laptop,crate-container-cd
power_consumption,1704883740024000000,0.4133654823989187,paolo-laptop,crate-container-cd
power_consumption,1704883741025000000,4.194085114334506,paolo-laptop,crate-container-cd
power_consumption,1704883744031000000,1.8937997013818841,paolo-laptop,crate-container-cd
power_consumption,1704883746035000000,0.5524762642988527,paolo-laptop,crate-container-cd
power_consumption,1704883747039000000,0.4224090505784373,paolo-laptop,crate-container-cd
power_consumption,1704883748043000000,0.4486689884326255,paolo-laptop,crate-container-cd
power_consumption,1704883750049000000,2.4618843583545384,paolo-laptop,crate-container-cd
power_consumption,1704883751051000000,0.8643911977767316,paolo-laptop,crate-container-cd
power_consumption,1704883752053000000,0.4607827152695637,paolo-laptop,crate-container-cd
power_consumption,1704883753056000000,0.41444154864030913,paolo-laptop,crate-container-cd
power_consumption,1704883755064000000,0.48241210309316807,paolo-laptop,crate-container-cd
power_consumption,1704883757071000000,0.3176433689917264,paolo-laptop,crate-container-cd
power_consumption,1704883758075000000,0.6793686778693627,paolo-laptop,crate-container-cd
power_consumption,1704883759079000000,0.41918748185987004,paolo-laptop,crate-container-cd
power_consumption,1704883760083000000,0.5582791068120567,paolo-laptop,crate-container-cd
power_consumption,1704883761087000000,0.8736989216228068,paolo-laptop,crate-container-cd
power_consumption,1704883762090000000,0.539220219882019,paolo-laptop,crate-container-cd
power_consumption,1704883763094000000,0.4135450315826189,paolo-laptop,crate-container-cd
power_consumption,1704883764099000000,0.6295148875838005,paolo-laptop,crate-container-cd
power_consumption,1704883765105000000,0.42459670609441774,paolo-laptop,crate-container-cd
power_consumption,1704883766108000000,0.5053359092830744,paolo-laptop,crate-container-cd
power_consumption,1704883767112000000,0.4294499041965144,paolo-laptop,crate-container-cd
power_consumption,1704883768116000000,0.6217972570475427,paolo-laptop,crate-container-cd
power_consumption,1704883769120000000,0.34777906582341034,paolo-laptop,crate-container-cd
power_consumption,1704883770123000000,0.5964854964526836,paolo-laptop,crate-container-cd
power_consumption,1704883771127000000,0.443119475524725,paolo-laptop,crate-container-cd
power_consumption,1704883772131000000,0.63718734741045,paolo-laptop,crate-container-cd
power_consumption,1704883773135000000,1.0699206055511337,paolo-laptop,crate-container-cd
power_consumption,1704883774139000000,0.48185606678547216,paolo-laptop,crate-container-cd
power_consumption,1704883775142000000,0.6540615869483769,paolo-laptop,crate-container-cd
power_consumption,1704883776147000000,0.34939199775746704,paolo-laptop,crate-container-cd
power_consumption,1704883777152000000,0.336588299042515,paolo-laptop,crate-container-cd
power_consumption,1704883778157000000,0.48034507775041774,paolo-laptop,crate-container-cd
power_consumption,1704883779161000000,0.4820220082595709,paolo-laptop,crate-container-cd
power_consumption,1704883780165000000,0.5361326190368417,paolo-laptop,crate-container-cd
power_consumption,1704883781168000000,0.40859415965262813,paolo-laptop,crate-container-cd
power_consumption,1704883782170000000,0.5935967108693351,paolo-laptop,crate-container-cd
power_consumption,1704883783172000000,0.4171091733853613,paolo-laptop,crate-container-cd
power_consumption,1704883784173000000,0.5301956679814401,paolo-laptop,crate-container-cd
power_consumption,1704883785175000000,0.3744364308938012,paolo-laptop,crate-container-cd
power_consumption,1704883787177000000,0.27462321943887436,paolo-laptop,crate-container-cd
power_consumption,1704883788178000000,0.44578573004665717,paolo-laptop,crate-container-cd
power_consumption,1704883789180000000,0.4742285399427768,paolo-laptop,crate-container-cd
power_consumption,1704883790181000000,0.4625051098443801,paolo-laptop,crate-container-cd
power_consumption,1704883791182000000,4.5146144563103565,paolo-laptop,crate-container-cd
power_consumption,1704883792186000000,12.097901225424426,paolo-laptop,crate-container-cd
power_consumption,1704883793189000000,0.751012833385294,paolo-laptop,crate-container-cd
power_consumption,1704883794193000000,0.5152220570473381,paolo-laptop,crate-container-cd
power_consumption,1704883795196000000,0.47139033120771695,paolo-laptop,crate-container-cd
power_consumption,1704883796201000000,0.49346199579446115,paolo-laptop,crate-container-cd
power_consumption,1704883797202000000,0.9484364535082023,paolo-laptop,crate-container-cd
power_consumption,1704883798204000000,10.14408433260958,paolo-laptop,crate-container-cd
power_consumption,1704883799206000000,10.190960397764627,paolo-laptop,crate-container-cd
power_consumption,1704883800210000000,3.891441433145091,paolo-laptop,crate-container-cd
power_consumption,1704883801213000000,10.159305867389705,paolo-laptop,crate-container-cd
power_consumption,1704883802217000000,11.383940885587744,paolo-laptop,crate-container-cd
power_consumption,1704883803220000000,11.380634319076439,paolo-laptop,crate-container-cd
power_consumption,1704883804221000000,2.0221064774807074,paolo-laptop,crate-container-cd
power_consumption,1704883805223000000,7.860159500488496,paolo-laptop,crate-container-cd
power_consumption,1704883806225000000,7.726419694551045,paolo-laptop,crate-container-cd
power_consumption,1704883807227000000,4.051707095691449,paolo-laptop,crate-container-cd
power_consumption,1704883808229000000,4.614976876897489,paolo-laptop,crate-container-cd
power_consumption,1704883809230000000,5.317983991330283,paolo-laptop,crate-container-cd
power_consumption,1704883810234000000,2.3416336419294375,paolo-laptop,crate-container-cd
power_consumption,1704883811238000000,7.975818804000619,paolo-laptop,crate-container-cd
power_consumption,1704883813243000000,1.695235037623669,paolo-laptop,crate-container-cd
power_consumption,1704883814245000000,10.27895634743657,paolo-laptop,crate-container-cd
power_consumption,1704883815247000000,10.173454818375578,paolo-laptop,crate-container-cd
power_consumption,1704883817252000000,10.355487988854833,paolo-laptop,crate-container-cd
power_consumption,1704883818253000000,10.881698450882626,paolo-laptop,crate-container-cd
power_consumption,1704883819257000000,4.810803008453836,paolo-laptop,crate-container-cd
power_consumption,1704883820260000000,1.919853802912051,paolo-laptop,crate-container-cd
power_consumption,1704883821262000000,5.892911281179947,paolo-laptop,crate-container-cd
power_consumption,1704883822265000000,11.152154160560151,paolo-laptop,crate-container-cd
power_consumption,1704883823267000000,1.3508611780883029,paolo-laptop,crate-container-cd
power_consumption,1704883824271000000,0.4557253445143522,paolo-laptop,crate-container-cd
power_consumption,1704883825274000000,11.404633166325276,paolo-laptop,crate-container-cd
power_consumption,1704883826276000000,11.663556449642154,paolo-laptop,crate-container-cd
power_consumption,1704883827278000000,11.922449218724672,paolo-laptop,crate-container-cd
power_consumption,1704883828279000000,11.52996871385654,paolo-laptop,crate-container-cd
power_consumption,1704883829281000000,12.139378180686503,paolo-laptop,crate-container-cd
power_consumption,1704883830283000000,11.678431400718155,paolo-laptop,crate-container-cd
power_consumption,1704883831284000000,11.689891495793109,paolo-laptop,crate-container-cd
power_consumption,1704883832288000000,12.556546431761053,paolo-laptop,crate-container-cd
power_consumption,1704883833292000000,11.263844439456934,paolo-laptop,crate-container-cd
power_consumption,1704883834295000000,11.253021410206669,paolo-laptop,crate-container-cd
power_consumption,1704883835296000000,11.531019989129256,paolo-laptop,crate-container-cd
power_consumption,1704883836298000000,11.25005462715005,paolo-laptop,crate-container-cd
power_consumption,1704883837300000000,11.346015432384892,paolo-laptop,crate-container-cd
power_consumption,1704883838301000000,11.32080370668005,paolo-laptop,crate-container-cd
power_consumption,1704883839304000000,12.180792913504636,paolo-laptop,crate-container-cd
power_consumption,1704883840306000000,11.416503480130666,paolo-laptop,crate-container-cd
power_consumption,1704883841308000000,11.450972965309054,paolo-laptop,crate-container-cd
power_consumption,1704883842310000000,10.981305341544306,paolo-laptop,crate-container-cd
power_consumption,1704883843311000000,11.857858857037638,paolo-laptop,crate-container-cd
power_consumption,1704883844313000000,1.8678418391573588,paolo-laptop,crate-container-cd
power_consumption,1704883845315000000,1.1029753660286603,paolo-laptop,crate-container-cd
power_consumption,1704883846316000000,9.380028834628693,paolo-laptop,crate-container-cd
power_consumption,1704883847318000000,10.953978881199916,paolo-laptop,crate-container-cd
power_consumption,1704883848319000000,9.080160932011843,paolo-laptop,crate-container-cd
power_consumption,1704883849320000000,1.5313834522277066,paolo-laptop,crate-container-cd
power_consumption,1704883850322000000,4.18876966813704,paolo-laptop,crate-container-cd
power_consumption,1704883851325000000,0.7779824958945475,paolo-laptop,crate-container-cd
power_consumption,1704883852328000000,1.956827036607554,paolo-laptop,crate-container-cd
power_consumption,1704883853330000000,2.786609399945649,paolo-laptop,crate-container-cd
power_consumption,1704883855333000000,8.331376209919027,paolo-laptop,crate-container-cd
power_consumption,1704883856335000000,5.438372605995783,paolo-laptop,crate-container-cd
power_consumption,1704883857343000000,3.9561586087950253,paolo-laptop,crate-container-cd
power_consumption,1704883858345000000,1.2798693133468895,paolo-laptop,crate-container-cd
power_consumption,1704883859348000000,7.906856002656019,paolo-laptop,crate-container-cd
power_consumption,1704883860350000000,6.785309613723771,paolo-laptop,crate-container-cd
power_consumption,1704883861352000000,10.17366378648185,paolo-laptop,crate-container-cd
power_consumption,1704883862354000000,9.281620967721896,paolo-laptop,crate-container-cd
power_consumption,1704883863355000000,1.7807217503439707,paolo-laptop,crate-container-cd
power_consumption,1704883864357000000,0.9674473540923215,paolo-laptop,crate-container-cd
power_consumption,1704883865358000000,10.584653510859944,paolo-laptop,crate-container-cd
power_consumption,1704883866360000000,10.77341021985199,paolo-laptop,crate-container-cd
power_consumption,1704883867362000000,11.326805656762414,paolo-laptop,crate-container-cd
power_consumption,1704883868367000000,4.550730698437084,paolo-laptop,crate-container-cd
power_consumption,1704883869373000000,1.583043801017469,paolo-laptop,crate-container-cd
power_consumption,1704883870378000000,1.1435706270836332,paolo-laptop,crate-container-cd
power_consumption,1704883871382000000,1.7024155310828148,paolo-laptop,crate-container-cd
power_consumption,1704883872386000000,2.611371712254585,paolo-laptop,crate-container-cd
power_consumption,1704883873390000000,6.036480024271308,paolo-laptop,crate-container-cd
power_consumption,1704883874393000000,1.7271615340752877,paolo-laptop,crate-container-cd
power_consumption,1704883875395000000,9.403758161499482,paolo-laptop,crate-container-cd
power_consumption,1704883876398000000,4.742659984746566,paolo-laptop,crate-container-cd
power_consumption,1704883877400000000,8.82947569152492,paolo-laptop,crate-container-cd
power_consumption,1704883878404000000,3.095335461713037,paolo-laptop,crate-container-cd
power_consumption,1704883879406000000,6.963379802189869,paolo-laptop,crate-container-cd
power_consumption,1704883880410000000,0.740090700794432,paolo-laptop,crate-container-cd
power_consumption,1704883881412000000,8.529916271011434,paolo-laptop,crate-container-cd
power_consumption,1704883882414000000,0.9320122420045281,paolo-laptop,crate-container-cd
power_consumption,1704883883415000000,8.268076265170953,paolo-laptop,crate-container-cd
power_consumption,1704883884419000000,1.9115291043283122,paolo-laptop,crate-container-cd
power_consumption,1704883885423000000,2.71283289955716,paolo-laptop,crate-container-cd
power_consumption,1704883886425000000,6.381878989392605,paolo-laptop,crate-container-cd
power_consumption,1704883887428000000,6.49270858937531,paolo-laptop,crate-container-cd
power_consumption,1704883888430000000,1.9928568829608528,paolo-laptop,crate-container-cd
power_consumption,1704883890437000000,11.279949853311512,paolo-laptop,crate-container-cd
power_consumption,1704883891441000000,3.3177683608689366,paolo-laptop,crate-container-cd
power_consumption,1704883892445000000,6.848899897769841,paolo-laptop,crate-container-cd
power_consumption,1704883893446000000,5.451266327385493,paolo-laptop,crate-container-cd
power_consumption,1704883894450000000,1.349200339892822,paolo-laptop,crate-container-cd
power_consumption,1704883895454000000,2.4708767412923818,paolo-laptop,crate-container-cd
power_consumption,1704883896455000000,8.788145538018163,paolo-laptop,crate-container-cd
power_consumption,1704883897457000000,9.575236981915584,paolo-laptop,crate-container-cd
power_consumption,1704883898461000000,3.8690478857199215,paolo-laptop,crate-container-cd
power_consumption,1704883899465000000,2.1719248555114503,paolo-laptop,crate-container-cd
power_consumption,1704883900469000000,6.4138922640141,paolo-laptop,crate-container-cd
power_consumption,1704883901474000000,2.8987240189210364,paolo-laptop,crate-container-cd
power_consumption,1704883902477000000,9.331390252499194,paolo-laptop,crate-container-cd
power_consumption,1704883903480000000,5.805150928987643,paolo-laptop,crate-container-cd
power_consumption,1704883904483000000,3.9213230274531456,paolo-laptop,crate-container-cd
power_consumption,1704883905486000000,6.199430540539785,paolo-laptop,crate-container-cd
power_consumption,1704883906490000000,1.4707858769731634,paolo-laptop,crate-container-cd
power_consumption,1704883907492000000,4.131226629940475,paolo-laptop,crate-container-cd
power_consumption,1704883908495000000,2.5001520673563022,paolo-laptop,crate-container-cd
power_consumption,1704883909498000000,1.626297666411443,paolo-laptop,crate-container-cd
power_consumption,1704883910501000000,3.9164844076297376,paolo-laptop,crate-container-cd
power_consumption,1704883911502000000,4.136455110996657,paolo-laptop,crate-container-cd
power_consumption,1704883912504000000,8.029838527339368,paolo-laptop,crate-container-cd
power_consumption,1704883913505000000,2.5711074162262864,paolo-laptop,crate-container-cd
power_consumption,1704883914508000000,10.734934599188502,paolo-laptop,crate-container-cd
power_consumption,1704883915511000000,5.454258782999094,paolo-laptop,crate-container-cd
power_consumption,1704883916513000000,5.0604273595294735,paolo-laptop,crate-container-cd
power_consumption,1704883917515000000,2.029439609057278,paolo-laptop,crate-container-cd
power_consumption,1704883918517000000,6.963356700970772,paolo-laptop,crate-container-cd
power_consumption,1704883919520000000,6.175195841606657,paolo-laptop,crate-container-cd
power_consumption,1704883920524000000,10.433394094108191,paolo-laptop,crate-container-cd
power_consumption,1704883921529000000,9.16245378879217,paolo-laptop,crate-container-cd
power_consumption,1704883922531000000,10.446695687578636,paolo-laptop,crate-container-cd
power_consumption,1704883923534000000,11.167203186414422,paolo-laptop,crate-container-cd
power_consumption,1704883924536000000,10.31381782318979,paolo-laptop,crate-container-cd
power_consumption,1704883925537000000,11.684905321850799,paolo-laptop,crate-container-cd
power_consumption,1704883926541000000,11.413713101509455,paolo-laptop,crate-container-cd
power_consumption,1704883927543000000,2.287154922100404,paolo-laptop,crate-container-cd
power_consumption,1704883928548000000,0.7164390506766792,paolo-laptop,crate-container-cd
power_consumption,1704883929551000000,11.265706283296522,paolo-laptop,crate-container-cd
power_consumption,1704883930554000000,3.4637432576536313,paolo-laptop,crate-container-cd
power_consumption,1704883931556000000,2.9545911247171976,paolo-laptop,crate-container-cd
power_consumption,1704883932558000000,2.5924276831280735,paolo-laptop,crate-container-cd
power_consumption,1704883933560000000,13.365679254950676,paolo-laptop,crate-container-cd
power_consumption,1704883934561000000,0.6389920925195313,paolo-laptop,crate-container-cd
power_consumption,1704883935567000000,1.2294246367716386,paolo-laptop,crate-container-cd
power_consumption,1704883936572000000,14.517430048901486,paolo-laptop,crate-container-cd
power_consumption,1704883937574000000,8.194075880289036,paolo-laptop,crate-container-cd
power_consumption,1704883938576000000,4.712069358549625,paolo-laptop,crate-container-cd
power_consumption,1704883939579000000,0.7772526978121808,paolo-laptop,crate-container-cd
power_consumption,1704883940583000000,0.2295069926293926,paolo-laptop,crate-container-cd
power_consumption,1704883941586000000,0.2964381664581742,paolo-laptop,crate-container-cd
power_consumption,1704883942590000000,5.001780576436582,paolo-laptop,crate-container-cd
power_consumption,1704883943592000000,6.07538616545198,paolo-laptop,crate-container-cd
power_consumption,1704883944595000000,8.475093687643621,paolo-laptop,crate-container-cd
power_consumption,1704883945597000000,6.8450736851787966,paolo-laptop,crate-container-cd
power_consumption,1704883946601000000,4.384876181567538,paolo-laptop,crate-container-cd
power_consumption,1704883947605000000,0.5369951461298151,paolo-laptop,crate-container-cd
power_consumption,1704883948609000000,0.32211646061845406,paolo-laptop,crate-container-cd
power_consumption,1704883949612000000,0.36236572543200035,paolo-laptop,crate-container-cd
power_consumption,1704883950616000000,0.3630426597555243,paolo-laptop,crate-container-cd
power_consumption,1704883951621000000,0.7802848379674959,paolo-laptop,crate-container-cd
power_consumption,1704883952624000000,0.5452251285188974,paolo-laptop,crate-container-cd
power_consumption,1704883953628000000,0.5472734186773395,paolo-laptop,crate-container-cd
power_consumption,1704883954631000000,0.37184717458297406,paolo-laptop,crate-container-cd
power_consumption,1704883955635000000,0.49323264255541527,paolo-laptop,crate-container-cd
power_consumption,1704883956637000000,5.147863023226183,paolo-laptop,crate-container-cd
power_consumption,1704883957639000000,10.624065880543865,paolo-laptop,crate-container-cd
power_consumption,1704883958644000000,1.7813261949246224,paolo-laptop,crate-container-cd
power_consumption,1704883959646000000,6.717317241380297,paolo-laptop,crate-container-cd
power_consumption,1704883960647000000,7.326548077846686,paolo-laptop,crate-container-cd
power_consumption,1704883961649000000,10.031118366260799,paolo-laptop,crate-container-cd
power_consumption,1704883962651000000,3.9714182598787424,paolo-laptop,crate-container-cd
power_consumption,1704883963653000000,4.243269982306568,paolo-laptop,crate-container-cd
power_consumption,1704883964655000000,5.4212818334035155,paolo-laptop,crate-container-cd
power_consumption,1704883965657000000,2.00211153366619,paolo-laptop,crate-container-cd
power_consumption,1704883966660000000,4.510874150668803,paolo-laptop,crate-container-cd
power_consumption,1704883967664000000,0.04781994487354058,paolo-laptop,crate-container-cd
power_consumption,1704883968666000000,5.948994702949498,paolo-laptop,crate-container-cd
power_consumption,1704883969670000000,6.383169327572037,paolo-laptop,crate-container-cd
power_consumption,1704883970675000000,2.8710959128170392,paolo-laptop,crate-container-cd
power_consumption,1704883971679000000,5.078040000803948,paolo-laptop,crate-container-cd
power_consumption,1704883972680000000,8.579659914867964,paolo-laptop,crate-container-cd
power_consumption,1704883973682000000,3.8982589671567744,paolo-laptop,crate-container-cd
power_consumption,1704883974684000000,10.075437249648676,paolo-laptop,crate-container-cd
power_consumption,1704883975685000000,8.102455398222475,paolo-laptop,crate-container-cd
power_consumption,1704883976688000000,3.9337228441532526,paolo-laptop,crate-container-cd
power_consumption,1704883977692000000,3.4106978329000794,paolo-laptop,crate-container-cd
power_consumption,1704883978693000000,0.4883072090046434,paolo-laptop,crate-container-cd
power_consumption,1704883979695000000,1.690952883358901,paolo-laptop,crate-container-cd
power_consumption,1704883980696000000,3.723880525149349,paolo-laptop,crate-container-cd
power_consumption,1704883981698000000,7.882010559663057,paolo-laptop,crate-container-cd
power_consumption,1704883982699000000,1.284396044868282,paolo-laptop,crate-container-cd
power_consumption,1704883983700000000,1.6667458190732816,paolo-laptop,crate-container-cd
power_consumption,1704883984701000000,1.9289958652965862,paolo-laptop,crate-container-cd
power_consumption,1704883985703000000,4.64874220280047,paolo-laptop,crate-container-cd
power_consumption,1704883986706000000,4.400346501652095,paolo-laptop,crate-container-cd
power_consumption,1704883987708000000,4.928529860259934,paolo-laptop,crate-container-cd
power_consumption,1704883988710000000,3.5500734547056814,paolo-laptop,crate-container-cd
power_consumption,1704883989712000000,6.7978220655262085,paolo-laptop,crate-container-cd
power_consumption,1704883990714000000,5.048866135663869,paolo-laptop,crate-container-cd
power_consumption,1704883991715000000,7.723701573248663,paolo-laptop,crate-container-cd
power_consumption,1704883992717000000,12.56631891063579,paolo-laptop,crate-container-cd
power_consumption,1704883993718000000,1.2224881727282002,paolo-laptop,crate-container-cd
power_consumption,1704883994720000000,2.7525129994896735,paolo-laptop,crate-container-cd
power_consumption,1704883995724000000,2.2873881201477744,paolo-laptop,crate-container-cd
power_consumption,1704883996731000000,10.938421795925057,paolo-laptop,crate-container-cd
power_consumption,1704883997734000000,7.643860025781114,paolo-laptop,crate-container-cd
power_consumption,1704883998738000000,1.1083612014236173,paolo-laptop,crate-container-cd
power_consumption,1704883999743000000,1.4836230391596916,paolo-laptop,crate-container-cd
power_consumption,1704884000747000000,0.48588755500069747,paolo-laptop,crate-container-cd
power_consumption,1704884001748000000,1.271803963231243,paolo-laptop,crate-container-cd
power_consumption,1704884002752000000,1.9119220285900886,paolo-laptop,crate-container-cd
power_consumption,1704884003755000000,2.544567491777181,paolo-laptop,crate-container-cd
power_consumption,1704884004757000000,7.1963460928008045,paolo-laptop,crate-container-cd
power_consumption,1704884005761000000,1.4928976026095702,paolo-laptop,crate-container-cd
power_consumption,1704884006765000000,0.7423427564641802,paolo-laptop,crate-container-cd
power_consumption,1704884007770000000,0.4707812858911619,paolo-laptop,crate-container-cd
power_consumption,1704884008774000000,0.3553151147373214,paolo-laptop,crate-container-cd
power_consumption,1704884011784000000,8.291566695795066,paolo-laptop,crate-container-cd
power_consumption,1704884012788000000,11.485731774216488,paolo-laptop,crate-container-cd
power_consumption,1704884014796000000,6.451490639824425,paolo-laptop,crate-container-cd
power_consumption,1704884015799000000,3.6144914698775854,paolo-laptop,crate-container-cd
power_consumption,1704884016803000000,1.8430750763784909,paolo-laptop,crate-container-cd
power_consumption,1704884017807000000,1.956751728092489,paolo-laptop,crate-container-cd
power_consumption,1704884018811000000,4.002016929441882,paolo-laptop,crate-container-cd
power_consumption,1704884019815000000,4.140260245178722,paolo-laptop,crate-container-cd
power_consumption,1704884020818000000,1.445205744733456,paolo-laptop,crate-container-cd
power_consumption,1704884021822000000,3.008833541590918,paolo-laptop,crate-container-cd
power_consumption,1704884022824000000,2.4879369118239962,paolo-laptop,crate-container-cd
power_consumption,1704884024829000000,0.658100207312282,paolo-laptop,crate-container-cd
power_consumption,1704884025832000000,1.3642777219156206,paolo-laptop,crate-container-cd
power_consumption,1704884026837000000,1.8685111699306467,paolo-laptop,crate-container-cd
power_consumption,1704884027840000000,9.311498519853714,paolo-laptop,crate-container-cd
power_consumption,1704884028842000000,1.6882226564076301,paolo-laptop,crate-container-cd
power_consumption,1704884029846000000,2.0678708787879776,paolo-laptop,crate-container-cd
power_consumption,1704884030848000000,10.388823444871907,paolo-laptop,crate-container-cd
power_consumption,1704884031849000000,11.783016387001766,paolo-laptop,crate-container-cd
power_consumption,1704884032853000000,9.986286742598567,paolo-laptop,crate-container-cd
power_consumption,1704884033855000000,4.809894604304812,paolo-laptop,crate-container-cd
power_consumption,1704884034857000000,6.983378141148085,paolo-laptop,crate-container-cd
power_consumption,1704884035859000000,9.174180767889538,paolo-laptop,crate-container-cd
power_consumption,1704884036861000000,9.743704460753907,paolo-laptop,crate-container-cd
power_consumption,1704884037862000000,4.478262414169383,paolo-laptop,crate-container-cd
power_consumption,1704884038864000000,8.226921984366086,paolo-laptop,crate-container-cd
power_consumption,1704884039865000000,1.9658986637583853,paolo-laptop,crate-container-cd
power_consumption,1704884040866000000,9.04257934500686,paolo-laptop,crate-container-cd
power_consumption,1704884041868000000,6.12518559038651,paolo-laptop,crate-container-cd
power_consumption,1704884042870000000,6.012917683833653,paolo-laptop,crate-container-cd
power_consumption,1704884043872000000,3.7215084394632747,paolo-laptop,crate-container-cd
power_consumption,1704884044873000000,1.8173771314087497,paolo-laptop,crate-container-cd
power_consumption,1704884045875000000,5.086424487632552,paolo-laptop,crate-container-cd
power_consumption,1704884046876000000,5.931039709821282,paolo-laptop,crate-container-cd
power_consumption,1704884047878000000,5.646126244027484,paolo-laptop,crate-container-cd
power_consumption,1704884048882000000,10.360304823041533,paolo-laptop,crate-container-cd
power_consumption,1704884049890000000,9.73951710583568,paolo-laptop,crate-container-cd
power_consumption,1704884050892000000,10.893971462547988,paolo-laptop,crate-container-cd
power_consumption,1704884051896000000,12.46993114708988,paolo-laptop,crate-container-cd
power_consumption,1704884052898000000,5.861173597785183,paolo-laptop,crate-container-cd
power_consumption,1704884053899000000,5.951690081046111,paolo-laptop,crate-container-cd
power_consumption,1704884054901000000,7.907345867501515,paolo-laptop,crate-container-cd
power_consumption,1704884055903000000,6.3801772439793485,paolo-laptop,crate-container-cd
power_consumption,1704884056906000000,4.021490664072349,paolo-laptop,crate-container-cd
power_consumption,1704884057908000000,5.146134391366738,paolo-laptop,crate-container-cd
power_consumption,1704884058909000000,10.134939111323535,paolo-laptop,crate-container-cd
power_consumption,1704884059911000000,6.844484734954271,paolo-laptop,crate-container-cd
power_consumption,1704884060913000000,8.244245335491565,paolo-laptop,crate-container-cd
power_consumption,1704884061915000000,5.2569124553416735,paolo-laptop,crate-container-cd
power_consumption,1704884062916000000,6.146981892321068,paolo-laptop,crate-container-cd
power_consumption,1704884063918000000,1.9841440410844051,paolo-laptop,crate-container-cd
power_consumption,1704884064923000000,2.3265817307431518,paolo-laptop,crate-container-cd
power_consumption,1704884065925000000,3.1861823769453923,paolo-laptop,crate-container-cd
power_consumption,1704884066927000000,11.403245222878837,paolo-laptop,crate-container-cd
power_consumption,1704884067928000000,3.0016956951412563,paolo-laptop,crate-container-cd
power_consumption,1704884068930000000,4.6418400248149645,paolo-laptop,crate-container-cd
power_consumption,1704884069933000000,10.618367387532881,paolo-laptop,crate-container-cd
power_consumption,1704884070935000000,5.497886610478414,paolo-laptop,crate-container-cd
power_consumption,1704884071937000000,10.496981127172363,paolo-laptop,crate-container-cd
power_consumption,1704884072938000000,9.639876034014861,paolo-laptop,crate-container-cd
power_consumption,1704884073940000000,5.648641205338921,paolo-laptop,crate-container-cd
power_consumption,1704884074941000000,9.221367679443869,paolo-laptop,crate-container-cd
power_consumption,1704884075944000000,5.810106480341921,paolo-laptop,crate-container-cd
power_consumption,1704884077947000000,9.219821133674943,paolo-laptop,crate-container-cd
power_consumption,1704884078949000000,6.382189998910817,paolo-laptop,crate-container-cd
power_consumption,1704884079953000000,5.677270695260485,paolo-laptop,crate-container-cd
power_consumption,1704884080954000000,3.692341560599648,paolo-laptop,crate-container-cd
power_consumption,1704884081959000000,6.957222558107556,paolo-laptop,crate-container-cd
power_consumption,1704884082961000000,8.727471962155228,paolo-laptop,crate-container-cd
power_consumption,1704884083964000000,9.356767529820075,paolo-laptop,crate-container-cd
power_consumption,1704884084967000000,1.7009144994559535,paolo-laptop,crate-container-cd
power_consumption,1704884085969000000,10.8775313079015,paolo-laptop,crate-container-cd
power_consumption,1704884086971000000,10.499080813814864,paolo-laptop,crate-container-cd
power_consumption,1704884087973000000,4.507694973231185,paolo-laptop,crate-container-cd
power_consumption,1704884088974000000,5.51442965920108,paolo-laptop,crate-container-cd
power_consumption,1704884089976000000,14.303593145038704,paolo-laptop,crate-container-cd
power_consumption,1704884090977000000,11.477869671243006,paolo-laptop,crate-container-cd
