name,time,power,sensor,target
power_consumption,1704836979525000000,0.0075464342230523035,paolo-laptop,influx_dest
power_consumption,1704836980526000000,0.01806333003344599,paolo-laptop,influx_dest
power_consumption,1704836981528000000,0.008535935089153747,paolo-laptop,influx_dest
power_consumption,1704836984534000000,0.00825256102761171,paolo-laptop,influx_dest
power_consumption,1704836986539000000,0.010153289676633601,paolo-laptop,influx_dest
power_consumption,1704836987540000000,0.00839966796052832,paolo-laptop,influx_dest
power_consumption,1704836988541000000,0.012525281813079932,paolo-laptop,influx_dest
power_consumption,1704836989542000000,0.008268773489106911,paolo-laptop,influx_dest
power_consumption,1704836990544000000,0.01741581336399609,paolo-laptop,influx_dest
power_consumption,1704836991546000000,0.008604175748959234,paolo-laptop,influx_dest
power_consumption,1704836992548000000,0.007107469312730083,paolo-laptop,influx_dest
power_consumption,1704836993549000000,0.007478496972304417,paolo-laptop,influx_dest
power_consumption,1704836994551000000,0.006835621811979819,paolo-laptop,influx_dest
power_consumption,1704836995553000000,0.007986309787331175,paolo-laptop,influx_dest
power_consumption,1704836996554000000,0.0075466628134797315,paolo-laptop,influx_dest
power_consumption,1704836997556000000,0.007268385582350972,paolo-laptop,influx_dest
power_consumption,1704836998558000000,0.0095935629213478,paolo-laptop,influx_dest
power_consumption,1704836999559000000,0.007885502723173355,paolo-laptop,influx_dest
power_consumption,1704837000561000000,0.06630756305687835,paolo-laptop,influx_dest
power_consumption,1704837001562000000,0.007640271871874028,paolo-laptop,influx_dest
power_consumption,1704837002564000000,0.007366287307264895,paolo-laptop,influx_dest
power_consumption,1704837004567000000,0.007940634583791009,paolo-laptop,influx_dest
power_consumption,1704837005568000000,0.006839612298473697,paolo-laptop,influx_dest
power_consumption,1704837007571000000,0.0070666180185625545,paolo-laptop,influx_dest
power_consumption,1704837008573000000,0.008359761795263569,paolo-laptop,influx_dest
power_consumption,1704837010576000000,0.013962131742912338,paolo-laptop,influx_dest
power_consumption,1704837011577000000,0.005424421957000329,paolo-laptop,influx_dest
power_consumption,1704837012579000000,0.006128731247639497,paolo-laptop,influx_dest
power_consumption,1704837013581000000,0.00580715450070652,paolo-laptop,influx_dest
power_consumption,1704837014582000000,0.006255297759851704,paolo-laptop,influx_dest
power_consumption,1704837019589000000,0.005913716921875585,paolo-laptop,influx_dest
power_consumption,1704837020590000000,0.013943863759212824,paolo-laptop,influx_dest
power_consumption,1704837021592000000,0.005020925228284168,paolo-laptop,influx_dest
power_consumption,1704837022593000000,0.004129661925638416,paolo-laptop,influx_dest
power_consumption,1704837023594000000,0.004609628799108404,paolo-laptop,influx_dest
power_consumption,1704837024596000000,0.004116364876957525,paolo-laptop,influx_dest
power_consumption,1704837025597000000,0.004220047224870028,paolo-laptop,influx_dest
power_consumption,1704837026598000000,0.005015419905695784,paolo-laptop,influx_dest
power_consumption,1704837027600000000,0.003885271147668743,paolo-laptop,influx_dest
power_consumption,1704837028602000000,0.003956217483201647,paolo-laptop,influx_dest
power_consumption,1704837029604000000,0.003020034921418998,paolo-laptop,influx_dest
power_consumption,1704837030605000000,0.009850414543550363,paolo-laptop,influx_dest
power_consumption,1704837031606000000,0.002893724114160467,paolo-laptop,influx_dest
power_consumption,1704837032608000000,0.002874960267734515,paolo-laptop,influx_dest
power_consumption,1704837033610000000,0.0028649367681750056,paolo-laptop,influx_dest
power_consumption,1704837034611000000,0.003481483613359845,paolo-laptop,influx_dest
power_consumption,1704837035613000000,0.002873477093868948,paolo-laptop,influx_dest
power_consumption,1704837036615000000,0.003977038380059394,paolo-laptop,influx_dest
power_consumption,1704837037616000000,0.0039047297846004254,paolo-laptop,influx_dest
power_consumption,1704837038618000000,0.0035652659976799193,paolo-laptop,influx_dest
power_consumption,1704837039620000000,0.004050981369526482,paolo-laptop,influx_dest
power_consumption,1704837040622000000,0.011719884208559073,paolo-laptop,influx_dest
power_consumption,1704837041623000000,0.002780779145556401,paolo-laptop,influx_dest
power_consumption,1704837042645000000,0.002763501983917222,paolo-laptop,influx_dest
power_consumption,1704837043647000000,0.0061616207975790085,paolo-laptop,influx_dest
power_consumption,1704837044649000000,0.006740444569054889,paolo-laptop,influx_dest
power_consumption,1704837045651000000,0.00600790983889885,paolo-laptop,influx_dest
power_consumption,1704837046653000000,0.005666019902152208,paolo-laptop,influx_dest
power_consumption,1704837047656000000,0.006281451296894923,paolo-laptop,influx_dest
power_consumption,1704837048658000000,0.007972494447560596,paolo-laptop,influx_dest
power_consumption,1704837049660000000,0.006566143905466723,paolo-laptop,influx_dest
power_consumption,1704837051663000000,0.006588064227366408,paolo-laptop,influx_dest
power_consumption,1704837052665000000,0.00424563663588841,paolo-laptop,influx_dest
power_consumption,1704837053666000000,0.004373935245772075,paolo-laptop,influx_dest
power_consumption,1704837054669000000,0.004281759936639744,paolo-laptop,influx_dest
power_consumption,1704837055670000000,0.0038665870315130304,paolo-laptop,influx_dest
power_consumption,1704837056672000000,0.004528749212322638,paolo-laptop,influx_dest
power_consumption,1704837057678000000,0.004459667762201437,paolo-laptop,influx_dest
power_consumption,1704837058682000000,0.007446518376827545,paolo-laptop,influx_dest
power_consumption,1704837059685000000,0.003946957634929319,paolo-laptop,influx_dest
power_consumption,1704837060687000000,0.01089034913093134,paolo-laptop,influx_dest
power_consumption,1704837061689000000,0.0065477332088414355,paolo-laptop,influx_dest
power_consumption,1704837062691000000,0.004253210355260148,paolo-laptop,influx_dest
power_consumption,1704837063693000000,0.0047047094364808615,paolo-laptop,influx_dest
power_consumption,1704837064695000000,0.004278274250227403,paolo-laptop,influx_dest
power_consumption,1704837065697000000,0.0038526220850374476,paolo-laptop,influx_dest
power_consumption,1704837066699000000,0.004399192884765892,paolo-laptop,influx_dest
power_consumption,1704837067701000000,0.004609877596010722,paolo-laptop,influx_dest
power_consumption,1704837068703000000,0.0043120418747988444,paolo-laptop,influx_dest
power_consumption,1704837069706000000,0.004816832117836282,paolo-laptop,influx_dest
power_consumption,1704837070709000000,0.010728210791844828,paolo-laptop,influx_dest
power_consumption,1704837071711000000,0.00470214709409438,paolo-laptop,influx_dest
power_consumption,1704837072713000000,0.004026792987493371,paolo-laptop,influx_dest
power_consumption,1704837073716000000,0.005264460202096656,paolo-laptop,influx_dest
power_consumption,1704837074718000000,0.004108856604358847,paolo-laptop,influx_dest
power_consumption,1704837075720000000,0.004508735071968343,paolo-laptop,influx_dest
power_consumption,1704837076722000000,0.004136307672302272,paolo-laptop,influx_dest
power_consumption,1704837077725000000,0.007363931419215467,paolo-laptop,influx_dest
power_consumption,1704837078727000000,0.004730978371004916,paolo-laptop,influx_dest
power_consumption,1704837079729000000,0.006512927018637499,paolo-laptop,influx_dest
power_consumption,1704837080732000000,0.1271801288329859,paolo-laptop,influx_dest
power_consumption,1704837081737000000,0.006373654057122134,paolo-laptop,influx_dest
power_consumption,1704837082742000000,0.004235453086324204,paolo-laptop,influx_dest
power_consumption,1704837083744000000,0.007110382745907015,paolo-laptop,influx_dest
power_consumption,1704837084746000000,0.007196129667354599,paolo-laptop,influx_dest
power_consumption,1704837085748000000,0.0068379979977536065,paolo-laptop,influx_dest
power_consumption,1704837086750000000,0.007472742447654561,paolo-laptop,influx_dest
power_consumption,1704837087752000000,0.007489712228901656,paolo-laptop,influx_dest
power_consumption,1704837088754000000,0.0070929230398297845,paolo-laptop,influx_dest
power_consumption,1704837089755000000,0.004192017425648365,paolo-laptop,influx_dest
power_consumption,1704837090757000000,0.010534935157563406,paolo-laptop,influx_dest
power_consumption,1704837091759000000,0.004021798997798174,paolo-laptop,influx_dest
power_consumption,1704837092761000000,0.005153767134519441,paolo-laptop,influx_dest
power_consumption,1704837093763000000,0.003991448492412935,paolo-laptop,influx_dest
power_consumption,1704837094765000000,0.007444313593918535,paolo-laptop,influx_dest
power_consumption,1704837097772000000,0.004322119196061345,paolo-laptop,influx_dest
power_consumption,1704837098774000000,0.006090039345926042,paolo-laptop,influx_dest
power_consumption,1704837099776000000,0.004145090479487428,paolo-laptop,influx_dest
power_consumption,1704837100778000000,0.013489801354536717,paolo-laptop,influx_dest
power_consumption,1704837101780000000,0.0037853971230044667,paolo-laptop,influx_dest
power_consumption,1704837102782000000,0.007172919558410487,paolo-laptop,influx_dest
power_consumption,1704837103785000000,0.0068536057653213875,paolo-laptop,influx_dest
power_consumption,1704837104787000000,0.004443439617923701,paolo-laptop,influx_dest
power_consumption,1704837105789000000,0.006502965763028055,paolo-laptop,influx_dest
power_consumption,1704837106791000000,0.0040376616722182694,paolo-laptop,influx_dest
power_consumption,1704837107792000000,0.004622933582671247,paolo-laptop,influx_dest
power_consumption,1704837108794000000,0.00886311223790173,paolo-laptop,influx_dest
power_consumption,1704837109797000000,0.008431640437260175,paolo-laptop,influx_dest
power_consumption,1704837110800000000,0.011521746085529111,paolo-laptop,influx_dest
power_consumption,1704837111803000000,0.009082021462379485,paolo-laptop,influx_dest
power_consumption,1704837112804000000,0.008693883313190145,paolo-laptop,influx_dest
power_consumption,1704837113806000000,0.007438643115657845,paolo-laptop,influx_dest
power_consumption,1704837114808000000,0.009442231465721148,paolo-laptop,influx_dest
power_consumption,1704837115810000000,0.009342843899119723,paolo-laptop,influx_dest
power_consumption,1704837117813000000,0.010417906206915732,paolo-laptop,influx_dest
power_consumption,1704837118814000000,0.01013387552300234,paolo-laptop,influx_dest
power_consumption,1704837120817000000,0.030749079395518034,paolo-laptop,influx_dest
power_consumption,1704837121819000000,0.012132590706993417,paolo-laptop,influx_dest
power_consumption,1704837122821000000,0.007795112204563974,paolo-laptop,influx_dest
power_consumption,1704837123823000000,0.006547827324113274,paolo-laptop,influx_dest
power_consumption,1704837124824000000,0.013958371082325637,paolo-laptop,influx_dest
power_consumption,1704837125826000000,0.007072329804065267,paolo-laptop,influx_dest
power_consumption,1704837126832000000,0.004267816769459564,paolo-laptop,influx_dest
power_consumption,1704837127837000000,0.006521879762475067,paolo-laptop,influx_dest
power_consumption,1704837128839000000,0.0048997954595694174,paolo-laptop,influx_dest
power_consumption,1704837129842000000,0.005004770012903156,paolo-laptop,influx_dest
power_consumption,1704837130844000000,0.015040724547811609,paolo-laptop,influx_dest
power_consumption,1704837131846000000,0.007102980497214768,paolo-laptop,influx_dest
power_consumption,1704837132850000000,0.00424847045298675,paolo-laptop,influx_dest
power_consumption,1704837133852000000,0.053889282449382805,paolo-laptop,influx_dest
power_consumption,1704837134855000000,0.004653909213390629,paolo-laptop,influx_dest
power_consumption,1704837135857000000,0.004799515039588977,paolo-laptop,influx_dest
power_consumption,1704837136859000000,0.004697902245212055,paolo-laptop,influx_dest
power_consumption,1704837142875000000,0.004695789772198519,paolo-laptop,influx_dest
power_consumption,1704837143880000000,0.0049556298209267515,paolo-laptop,influx_dest
power_consumption,1704837144886000000,0.005077394346129179,paolo-laptop,influx_dest
power_consumption,1704837145888000000,0.004990068582468157,paolo-laptop,influx_dest
power_consumption,1704837146894000000,0.004644944628261986,paolo-laptop,influx_dest
power_consumption,1704837147896000000,0.0049346746976261175,paolo-laptop,influx_dest
power_consumption,1704837148899000000,0.005303899511277333,paolo-laptop,influx_dest
power_consumption,1704837149902000000,0.005198053835191179,paolo-laptop,influx_dest
power_consumption,1704837150904000000,0.010368853633265415,paolo-laptop,influx_dest
power_consumption,1704837151910000000,0.004829991639635461,paolo-laptop,influx_dest
power_consumption,1704837152915000000,0.004393696481181949,paolo-laptop,influx_dest
power_consumption,1704837153918000000,0.00585319489528484,paolo-laptop,influx_dest
power_consumption,1704837154920000000,0.0050173232696310785,paolo-laptop,influx_dest
power_consumption,1704837155922000000,0.004093962847430441,paolo-laptop,influx_dest
power_consumption,1704837156925000000,0.003040083642978679,paolo-laptop,influx_dest
power_consumption,1704837157927000000,0.0038870699777484954,paolo-laptop,influx_dest
power_consumption,1704837158929000000,0.003372870863392957,paolo-laptop,influx_dest
power_consumption,1704837159930000000,0.002888449252877584,paolo-laptop,influx_dest
power_consumption,1704837160932000000,0.010001638066081255,paolo-laptop,influx_dest
power_consumption,1704837161935000000,0.0029658930033879005,paolo-laptop,influx_dest
power_consumption,1704837162937000000,0.00300784742148778,paolo-laptop,influx_dest
power_consumption,1704837163939000000,0.003163326185487734,paolo-laptop,influx_dest
power_consumption,1704837164941000000,0.002837882997082635,paolo-laptop,influx_dest
power_consumption,1704837165944000000,0.00326831979660488,paolo-laptop,influx_dest
power_consumption,1704837166946000000,0.0031020745906697694,paolo-laptop,influx_dest
power_consumption,1704837167947000000,0.003238271101455784,paolo-laptop,influx_dest
power_consumption,1704837168949000000,0.00408641858427126,paolo-laptop,influx_dest
power_consumption,1704837169951000000,0.0030672719763789494,paolo-laptop,influx_dest
power_consumption,1704837170954000000,0.00951936117461485,paolo-laptop,influx_dest
power_consumption,1704837171956000000,0.003034234227496378,paolo-laptop,influx_dest
power_consumption,1704837172959000000,0.0034202061043422443,paolo-laptop,influx_dest
power_consumption,1704837174963000000,0.003621444644087882,paolo-laptop,influx_dest
power_consumption,1704837175965000000,0.003902694768267336,paolo-laptop,influx_dest
power_consumption,1704837176969000000,0.004096265155027183,paolo-laptop,influx_dest
power_consumption,1704837186996000000,0.0032241433801980203,paolo-laptop,influx_dest
power_consumption,1704837187998000000,0.0037543513628832815,paolo-laptop,influx_dest
power_consumption,1704837189000000000,0.004293830146668978,paolo-laptop,influx_dest
power_consumption,1704837190004000000,0.010165739946389585,paolo-laptop,influx_dest
power_consumption,1704837191006000000,0.0030580399558306597,paolo-laptop,influx_dest
power_consumption,1704837192012000000,0.00331902022908475,paolo-laptop,influx_dest
power_consumption,1704837193018000000,0.0027393351291852813,paolo-laptop,influx_dest
power_consumption,1704837194031000000,0.06752527536707878,paolo-laptop,influx_dest
power_consumption,1704837195037000000,0.003468498364213908,paolo-laptop,influx_dest
power_consumption,1704837196042000000,0.0033074866760271957,paolo-laptop,influx_dest
power_consumption,1704837197044000000,0.0030480159017697186,paolo-laptop,influx_dest
power_consumption,1704837198046000000,0.004206356708301768,paolo-laptop,influx_dest
power_consumption,1704837199048000000,0.0037262658260733793,paolo-laptop,influx_dest
power_consumption,1704837201053000000,0.003223780177033143,paolo-laptop,influx_dest
power_consumption,1704837202055000000,0.004044666429638561,paolo-laptop,influx_dest
power_consumption,1704837203057000000,0.0038255927572700124,paolo-laptop,influx_dest
power_consumption,1704837204059000000,0.00393855936943686,paolo-laptop,influx_dest
power_consumption,1704837205062000000,0.0032681586090672296,paolo-laptop,influx_dest
power_consumption,1704837206066000000,0.0041812281858794285,paolo-laptop,influx_dest
power_consumption,1704837207068000000,0.0036398144017253126,paolo-laptop,influx_dest
power_consumption,1704837208070000000,0.0037082096781116645,paolo-laptop,influx_dest
power_consumption,1704837209073000000,0.0051153775366195,paolo-laptop,influx_dest
power_consumption,1704837210075000000,0.01013952060564044,paolo-laptop,influx_dest
power_consumption,1704837214085000000,0.004241560997528253,paolo-laptop,influx_dest
power_consumption,1704837215088000000,0.003956896426059026,paolo-laptop,influx_dest
power_consumption,1704837219112000000,0.0036929055324931696,paolo-laptop,influx_dest
power_consumption,1704837220115000000,0.009827410225277167,paolo-laptop,influx_dest
power_consumption,1704837226135000000,0.003241022326574284,paolo-laptop,influx_dest
power_consumption,1704837229143000000,0.004618306439120089,paolo-laptop,influx_dest
power_consumption,1704837230145000000,0.010858270855095165,paolo-laptop,influx_dest
power_consumption,1704837231147000000,0.003001075917989987,paolo-laptop,influx_dest
power_consumption,1704837232149000000,0.003926083732370482,paolo-laptop,influx_dest
power_consumption,1704837233151000000,0.0031433549087718227,paolo-laptop,influx_dest
power_consumption,1704837234153000000,0.0037576622843580433,paolo-laptop,influx_dest
power_consumption,1704837235156000000,0.003752503919867163,paolo-laptop,influx_dest
power_consumption,1704837236157000000,0.003062678421684618,paolo-laptop,influx_dest
power_consumption,1704837237160000000,0.004188481200397566,paolo-laptop,influx_dest
power_consumption,1704837238162000000,0.004499167527906942,paolo-laptop,influx_dest
power_consumption,1704837239164000000,0.003687877419085263,paolo-laptop,influx_dest
power_consumption,1704837240165000000,0.010896204435970005,paolo-laptop,influx_dest
power_consumption,1704837241167000000,0.0030655721344362936,paolo-laptop,influx_dest
power_consumption,1704837242170000000,0.0038716200548634,paolo-laptop,influx_dest
power_consumption,1704837243172000000,0.0033081629715453,paolo-laptop,influx_dest
power_consumption,1704837244174000000,0.003565503708860608,paolo-laptop,influx_dest
power_consumption,1704837245177000000,0.00371234247064095,paolo-laptop,influx_dest
power_consumption,1704837246179000000,0.003848545812338599,paolo-laptop,influx_dest
power_consumption,1704837247183000000,0.0058047182068955315,paolo-laptop,influx_dest
power_consumption,1704837253199000000,0.0038832734818412596,paolo-laptop,influx_dest
power_consumption,1704837257211000000,0.004551835563221729,paolo-laptop,influx_dest
power_consumption,1704837258213000000,0.0038376047757453257,paolo-laptop,influx_dest
power_consumption,1704837261223000000,0.0038453286047250394,paolo-laptop,influx_dest
power_consumption,1704837262226000000,0.004170420808204683,paolo-laptop,influx_dest
power_consumption,1704837263228000000,0.0037770832818111977,paolo-laptop,influx_dest
power_consumption,1704837264229000000,0.004550642058453726,paolo-laptop,influx_dest
power_consumption,1704837265231000000,0.004832544372320054,paolo-laptop,influx_dest
power_consumption,1704837266233000000,0.004081023566273637,paolo-laptop,influx_dest
power_consumption,1704837267236000000,0.0034782482554710807,paolo-laptop,influx_dest
power_consumption,1704837268238000000,0.0037350994916483153,paolo-laptop,influx_dest
power_consumption,1704837269240000000,0.005778117995239149,paolo-laptop,influx_dest
power_consumption,1704837270242000000,0.011526402098374286,paolo-laptop,influx_dest
power_consumption,1704837271243000000,0.005068649730215867,paolo-laptop,influx_dest
power_consumption,1704837276254000000,0.0026664199794191527,paolo-laptop,influx_dest
power_consumption,1704837277256000000,0.004066629753325928,paolo-laptop,influx_dest
power_consumption,1704837278257000000,0.0037017135855300512,paolo-laptop,influx_dest
power_consumption,1704837280261000000,0.010402451516728061,paolo-laptop,influx_dest
power_consumption,1704837281266000000,0.007347473062898607,paolo-laptop,influx_dest
power_consumption,1704837284271000000,0.005069602992926414,paolo-laptop,influx_dest
power_consumption,1704837286274000000,0.0023965052101905765,paolo-laptop,influx_dest
power_consumption,1704837287276000000,0.004001448441133905,paolo-laptop,influx_dest
power_consumption,1704837288278000000,0.004671240051275875,paolo-laptop,influx_dest
power_consumption,1704837289280000000,0.004778641703982803,paolo-laptop,influx_dest
power_consumption,1704837290282000000,0.01081517917360041,paolo-laptop,influx_dest
power_consumption,1704837291284000000,0.00460477298551329,paolo-laptop,influx_dest
power_consumption,1704837292286000000,0.004030531024463069,paolo-laptop,influx_dest
power_consumption,1704837293287000000,0.005877390251223526,paolo-laptop,influx_dest
power_consumption,1704837294289000000,0.004433679365319503,paolo-laptop,influx_dest
power_consumption,1704837295294000000,0.003996023463162,paolo-laptop,influx_dest
power_consumption,1704837296297000000,0.004998347217087191,paolo-laptop,influx_dest
power_consumption,1704837297298000000,0.003406086123921282,paolo-laptop,influx_dest
power_consumption,1704837298301000000,0.005859304954483316,paolo-laptop,influx_dest
power_consumption,1704837299303000000,0.004776212243255893,paolo-laptop,influx_dest
power_consumption,1704837300305000000,0.011658767622135304,paolo-laptop,influx_dest
power_consumption,1704837301307000000,0.004729874643466605,paolo-laptop,influx_dest
power_consumption,1704837302309000000,0.005059500204504047,paolo-laptop,influx_dest
power_consumption,1704837303311000000,0.004336647276563047,paolo-laptop,influx_dest
power_consumption,1704837304316000000,0.0065163630823660374,paolo-laptop,influx_dest
power_consumption,1704837314351000000,0.002279894496515008,paolo-laptop,influx_dest
power_consumption,1704837315354000000,0.05508229128551131,paolo-laptop,influx_dest
power_consumption,1704837316356000000,0.00337938149383416,paolo-laptop,influx_dest
power_consumption,1704837317358000000,0.003993459085236455,paolo-laptop,influx_dest
power_consumption,1704837318360000000,0.003947333727849605,paolo-laptop,influx_dest
power_consumption,1704837319362000000,0.00368912276380843,paolo-laptop,influx_dest
power_consumption,1704837320364000000,0.011284301856255487,paolo-laptop,influx_dest
power_consumption,1704837321366000000,0.004131751167776891,paolo-laptop,influx_dest
power_consumption,1704837322369000000,0.0038021668025211243,paolo-laptop,influx_dest
power_consumption,1704837323371000000,0.003942353627976979,paolo-laptop,influx_dest
power_consumption,1704837324373000000,0.00398159056811858,paolo-laptop,influx_dest
power_consumption,1704837325375000000,0.0034006758585051,paolo-laptop,influx_dest
power_consumption,1704837326377000000,0.0033903970945534856,paolo-laptop,influx_dest
power_consumption,1704837327379000000,0.00427000372915341,paolo-laptop,influx_dest
power_consumption,1704837328381000000,0.004545562768068372,paolo-laptop,influx_dest
power_consumption,1704837329383000000,0.004916190856987452,paolo-laptop,influx_dest
power_consumption,1704837331389000000,0.009222036075113545,paolo-laptop,influx_dest
power_consumption,1704837332390000000,0.003757501696028076,paolo-laptop,influx_dest
power_consumption,1704837333392000000,0.004295339597045046,paolo-laptop,influx_dest
power_consumption,1704837335397000000,0.0030028936537578807,paolo-laptop,influx_dest
power_consumption,1704837336399000000,0.004379931360419659,paolo-laptop,influx_dest
power_consumption,1704837337401000000,0.003129622586847196,paolo-laptop,influx_dest
power_consumption,1704837338403000000,0.005296113231495285,paolo-laptop,influx_dest
power_consumption,1704837339405000000,0.0035613519912880334,paolo-laptop,influx_dest
power_consumption,1704837340408000000,0.011205853299358054,paolo-laptop,influx_dest
power_consumption,1704837341410000000,0.004119824117621687,paolo-laptop,influx_dest
power_consumption,1704837342413000000,0.003631385266757914,paolo-laptop,influx_dest
power_consumption,1704837343417000000,0.003731568499701257,paolo-laptop,influx_dest
power_consumption,1704837344420000000,0.0044630901369257965,paolo-laptop,influx_dest
power_consumption,1704837345422000000,0.0038488772562837604,paolo-laptop,influx_dest
power_consumption,1704837346425000000,0.004940527382309528,paolo-laptop,influx_dest
power_consumption,1704837347430000000,0.004129756765589177,paolo-laptop,influx_dest
power_consumption,1704837348431000000,0.005118935264848192,paolo-laptop,influx_dest
power_consumption,1704837349434000000,0.00446585753087067,paolo-laptop,influx_dest
power_consumption,1704837350436000000,0.011265519403820888,paolo-laptop,influx_dest
power_consumption,1704837351439000000,0.002690674293975175,paolo-laptop,influx_dest
power_consumption,1704837352441000000,0.008731753465014183,paolo-laptop,influx_dest
power_consumption,1704837353443000000,0.004241710406109558,paolo-laptop,influx_dest
power_consumption,1704837355448000000,0.004958637686792316,paolo-laptop,influx_dest
power_consumption,1704837357454000000,0.0033827266403447568,paolo-laptop,influx_dest
power_consumption,1704837358458000000,0.0033039021315749476,paolo-laptop,influx_dest
power_consumption,1704837360467000000,0.01115811024222442,paolo-laptop,influx_dest
power_consumption,1704837361470000000,0.002407845052345283,paolo-laptop,influx_dest
power_consumption,1704837364477000000,0.0073193740409110775,paolo-laptop,influx_dest
power_consumption,1704837367490000000,0.0033693692165408613,paolo-laptop,influx_dest
power_consumption,1704837370504000000,0.010678014482827345,paolo-laptop,influx_dest
power_consumption,1704837376519000000,0.00276566415588142,paolo-laptop,influx_dest
power_consumption,1704837382542000000,0.006206086964127776,paolo-laptop,influx_dest
power_consumption,1704837384549000000,0.005687254888237974,paolo-laptop,influx_dest
power_consumption,1704837385550000000,0.009506675363454568,paolo-laptop,influx_dest
power_consumption,1704837386554000000,0.0048964809587787985,paolo-laptop,influx_dest
power_consumption,1704837388562000000,0.003060537188228975,paolo-laptop,influx_dest
power_consumption,1704837389566000000,0.006753520113329025,paolo-laptop,influx_dest
power_consumption,1704837392578000000,0.0054193668271631055,paolo-laptop,influx_dest
power_consumption,1704837394581000000,0.005951338930597174,paolo-laptop,influx_dest
power_consumption,1704837396589000000,0.006200558434462411,paolo-laptop,influx_dest
power_consumption,1704837397591000000,0.01093115674926488,paolo-laptop,influx_dest
power_consumption,1704837398595000000,0.0140444858450602,paolo-laptop,influx_dest
power_consumption,1704837399598000000,0.0029941009467704606,paolo-laptop,influx_dest
power_consumption,1704837400601000000,0.024192052428721963,paolo-laptop,influx_dest
power_consumption,1704837401603000000,0.003926189778884426,paolo-laptop,influx_dest
power_consumption,1704837402605000000,0.004159914610774748,paolo-laptop,influx_dest
power_consumption,1704837403608000000,0.004048227505627852,paolo-laptop,influx_dest
power_consumption,1704837404610000000,0.004497177138632106,paolo-laptop,influx_dest
power_consumption,1704837405612000000,0.004775054948114442,paolo-laptop,influx_dest
power_consumption,1704837406614000000,0.005952573164667428,paolo-laptop,influx_dest
power_consumption,1704837407616000000,0.004252820776365096,paolo-laptop,influx_dest
power_consumption,1704837408618000000,0.005843624162561821,paolo-laptop,influx_dest
power_consumption,1704837409621000000,0.0048519405272952985,paolo-laptop,influx_dest
power_consumption,1704837410623000000,0.010489376311438084,paolo-laptop,influx_dest
power_consumption,1704837411626000000,0.004094284421603665,paolo-laptop,influx_dest
power_consumption,1704837412628000000,0.004450967331797305,paolo-laptop,influx_dest
power_consumption,1704837413630000000,0.005014222729017134,paolo-laptop,influx_dest
power_consumption,1704837414631000000,0.005695236615832592,paolo-laptop,influx_dest
power_consumption,1704837415632000000,0.004886322343208439,paolo-laptop,influx_dest
power_consumption,1704837416634000000,0.008019837228774964,paolo-laptop,influx_dest
power_consumption,1704837417637000000,0.011743993937194976,paolo-laptop,influx_dest
power_consumption,1704837419640000000,0.0032171879066961776,paolo-laptop,influx_dest
power_consumption,1704837420642000000,0.010599122736705493,paolo-laptop,influx_dest
power_consumption,1704837421644000000,0.0077562936552466035,paolo-laptop,influx_dest
power_consumption,1704837422646000000,0.0029014876126509156,paolo-laptop,influx_dest
power_consumption,1704837424650000000,0.0045038065711387,paolo-laptop,influx_dest
power_consumption,1704837425653000000,0.00389119757861834,paolo-laptop,influx_dest
power_consumption,1704837426655000000,0.0035740368108955166,paolo-laptop,influx_dest
power_consumption,1704837427661000000,0.004817627591362951,paolo-laptop,influx_dest
power_consumption,1704837428663000000,0.0039054542406271493,paolo-laptop,influx_dest
power_consumption,1704837429665000000,0.0036955446412519992,paolo-laptop,influx_dest
power_consumption,1704837431670000000,0.004362200160515274,paolo-laptop,influx_dest
power_consumption,1704837432673000000,0.004347805613108451,paolo-laptop,influx_dest
power_consumption,1704837433674000000,0.003918907935276139,paolo-laptop,influx_dest
power_consumption,1704837434676000000,0.0042377066822906415,paolo-laptop,influx_dest
power_consumption,1704837435678000000,0.004764385466111267,paolo-laptop,influx_dest
power_consumption,1704837436680000000,0.008697870981332293,paolo-laptop,influx_dest
power_consumption,1704837437683000000,0.003185224503208277,paolo-laptop,influx_dest
power_consumption,1704837439690000000,0.003124833142533597,paolo-laptop,influx_dest
power_consumption,1704837440694000000,0.02526269061682637,paolo-laptop,influx_dest
power_consumption,1704837441699000000,0.010969605081986862,paolo-laptop,influx_dest
power_consumption,1704837443705000000,0.004717247242506214,paolo-laptop,influx_dest
power_consumption,1704837444708000000,0.0041450809113220185,paolo-laptop,influx_dest
power_consumption,1704837446715000000,0.0035588957759358124,paolo-laptop,influx_dest
power_consumption,1704837447719000000,0.01266880581946861,paolo-laptop,influx_dest
power_consumption,1704837448721000000,0.0038709128134428498,paolo-laptop,influx_dest
power_consumption,1704837449723000000,0.004504749683957757,paolo-laptop,influx_dest
power_consumption,1704837450726000000,0.012318962997000468,paolo-laptop,influx_dest
power_consumption,1704837452731000000,0.00364529311645481,paolo-laptop,influx_dest
power_consumption,1704837453733000000,0.00421146540975886,paolo-laptop,influx_dest
power_consumption,1704837454737000000,0.0038190527406770916,paolo-laptop,influx_dest
power_consumption,1704837455739000000,0.003507707856033714,paolo-laptop,influx_dest
power_consumption,1704837458744000000,0.004550263429469393,paolo-laptop,influx_dest
power_consumption,1704837459746000000,0.009906737874678983,paolo-laptop,influx_dest
power_consumption,1704837460748000000,0.009691219551863584,paolo-laptop,influx_dest
power_consumption,1704837461750000000,0.003243505762221139,paolo-laptop,influx_dest
power_consumption,1704837462754000000,0.0050427145443581855,paolo-laptop,influx_dest
power_consumption,1704837463756000000,0.011511825158835318,paolo-laptop,influx_dest
power_consumption,1704837465762000000,0.0038519307570854685,paolo-laptop,influx_dest
power_consumption,1704837466764000000,0.004514228296416898,paolo-laptop,influx_dest
power_consumption,1704837467767000000,0.0039097772754196885,paolo-laptop,influx_dest
power_consumption,1704837469772000000,0.0036783935189365086,paolo-laptop,influx_dest
power_consumption,1704837471779000000,0.0028663938967630267,paolo-laptop,influx_dest
power_consumption,1704837472781000000,0.002974552811634796,paolo-laptop,influx_dest
power_consumption,1704837473782000000,0.00416452234350147,paolo-laptop,influx_dest
power_consumption,1704837474794000000,0.004469799755671978,paolo-laptop,influx_dest
power_consumption,1704837475796000000,0.0032205714745679958,paolo-laptop,influx_dest
power_consumption,1704837476798000000,0.004824399736739165,paolo-laptop,influx_dest
power_consumption,1704837477800000000,0.003262965174662899,paolo-laptop,influx_dest
power_consumption,1704837478802000000,0.005090595944168165,paolo-laptop,influx_dest
power_consumption,1704837479804000000,0.004951327010086757,paolo-laptop,influx_dest
power_consumption,1704837480806000000,0.009571239920052233,paolo-laptop,influx_dest
power_consumption,1704837481811000000,0.0031157233410593586,paolo-laptop,influx_dest
power_consumption,1704837483815000000,0.004292544859276517,paolo-laptop,influx_dest
power_consumption,1704837484820000000,0.01270339485498835,paolo-laptop,influx_dest
power_consumption,1704837486823000000,0.003521950846531516,paolo-laptop,influx_dest
power_consumption,1704837487825000000,0.005477850456228486,paolo-laptop,influx_dest
power_consumption,1704837488827000000,0.01059972166395013,paolo-laptop,influx_dest
power_consumption,1704837491832000000,0.0036440404555042423,paolo-laptop,influx_dest
power_consumption,1704837492833000000,0.0031556493393519783,paolo-laptop,influx_dest
power_consumption,1704837494836000000,0.0032046017313104185,paolo-laptop,influx_dest
power_consumption,1704837495838000000,0.0041821769092476955,paolo-laptop,influx_dest
power_consumption,1704837496840000000,0.004203877555749568,paolo-laptop,influx_dest
power_consumption,1704837497842000000,0.0046733615814677654,paolo-laptop,influx_dest
power_consumption,1704837498843000000,0.0049948895092846385,paolo-laptop,influx_dest
power_consumption,1704837499847000000,0.005339788031175862,paolo-laptop,influx_dest
power_consumption,1704837501851000000,0.004545771457726749,paolo-laptop,influx_dest
power_consumption,1704837502853000000,0.004969402693331044,paolo-laptop,influx_dest
power_consumption,1704837503856000000,0.003132298184949308,paolo-laptop,influx_dest
power_consumption,1704837504858000000,0.0029666875609558165,paolo-laptop,influx_dest
power_consumption,1704837505862000000,0.012029070250325907,paolo-laptop,influx_dest
power_consumption,1704837506864000000,0.003921983580306239,paolo-laptop,influx_dest
power_consumption,1704837507866000000,0.004191069069147112,paolo-laptop,influx_dest
power_consumption,1704837508868000000,0.004359465800519633,paolo-laptop,influx_dest
power_consumption,1704837509870000000,0.004399647484121945,paolo-laptop,influx_dest
power_consumption,1704837510873000000,0.00983960593488833,paolo-laptop,influx_dest
power_consumption,1704837511875000000,0.003821452125020124,paolo-laptop,influx_dest
power_consumption,1704837512877000000,0.004296431181890051,paolo-laptop,influx_dest
power_consumption,1704837513878000000,0.004271785418277904,paolo-laptop,influx_dest
power_consumption,1704837514880000000,0.0034695307239130876,paolo-laptop,influx_dest
power_consumption,1704837515882000000,0.0036374685877951,paolo-laptop,influx_dest
power_consumption,1704837516884000000,0.0038172427962582067,paolo-laptop,influx_dest
power_consumption,1704837517887000000,0.005051855627521159,paolo-laptop,influx_dest
power_consumption,1704837518889000000,0.003233256112321793,paolo-laptop,influx_dest
power_consumption,1704837519891000000,0.0036499317310696488,paolo-laptop,influx_dest
power_consumption,1704837520893000000,0.010607662255221901,paolo-laptop,influx_dest
power_consumption,1704837521895000000,0.06180445243475147,paolo-laptop,influx_dest
power_consumption,1704837522898000000,0.012157067050284982,paolo-laptop,influx_dest
power_consumption,1704837523902000000,0.004046564111434087,paolo-laptop,influx_dest
power_consumption,1704837524904000000,0.003210922478833848,paolo-laptop,influx_dest
power_consumption,1704837525906000000,0.004580630713168242,paolo-laptop,influx_dest
power_consumption,1704837526911000000,0.004932047230942895,paolo-laptop,influx_dest
power_consumption,1704837527916000000,0.003853012252581865,paolo-laptop,influx_dest
power_consumption,1704837528920000000,0.005970791907229409,paolo-laptop,influx_dest
power_consumption,1704837530925000000,0.022118800025790503,paolo-laptop,influx_dest
power_consumption,1704837531928000000,0.002768444225843729,paolo-laptop,influx_dest
power_consumption,1704837532931000000,0.003435824829481137,paolo-laptop,influx_dest
power_consumption,1704837533934000000,0.003143312454734629,paolo-laptop,influx_dest
power_consumption,1704837534936000000,0.0033211329426287186,paolo-laptop,influx_dest
power_consumption,1704837535938000000,0.007210840308540741,paolo-laptop,influx_dest
power_consumption,1704837536940000000,0.004317759795431748,paolo-laptop,influx_dest
power_consumption,1704837539947000000,0.0027405121782148522,paolo-laptop,influx_dest
power_consumption,1704837541951000000,0.004054095667878824,paolo-laptop,influx_dest
power_consumption,1704837542954000000,0.004148284586031325,paolo-laptop,influx_dest
power_consumption,1704837543956000000,0.00420337533677533,paolo-laptop,influx_dest
power_consumption,1704837544958000000,0.003903436830063287,paolo-laptop,influx_dest
power_consumption,1704837545961000000,0.005384219360902692,paolo-laptop,influx_dest
power_consumption,1704837546963000000,0.0037285574200674604,paolo-laptop,influx_dest
power_consumption,1704837547965000000,0.0069485954998379515,paolo-laptop,influx_dest
power_consumption,1704837548968000000,0.004045680683765541,paolo-laptop,influx_dest
power_consumption,1704837549972000000,0.00357853556397402,paolo-laptop,influx_dest
power_consumption,1704837550974000000,0.011427644706966274,paolo-laptop,influx_dest
power_consumption,1704837553985000000,0.00586195943228809,paolo-laptop,influx_dest
power_consumption,1704837554989000000,0.0031639080836179845,paolo-laptop,influx_dest
power_consumption,1704837555991000000,0.003535212362857209,paolo-laptop,influx_dest
power_consumption,1704837556993000000,0.0035144573281374286,paolo-laptop,influx_dest
power_consumption,1704837557998000000,0.01329671506635192,paolo-laptop,influx_dest
power_consumption,1704837558999000000,0.0063874082215823955,paolo-laptop,influx_dest
power_consumption,1704837561006000000,0.004085162905126335,paolo-laptop,influx_dest
power_consumption,1704837563009000000,0.00431213370854262,paolo-laptop,influx_dest
power_consumption,1704837564011000000,0.004701575023662271,paolo-laptop,influx_dest
power_consumption,1704837566014000000,0.0071964834402008975,paolo-laptop,influx_dest
power_consumption,1704837568018000000,0.003578859703039043,paolo-laptop,influx_dest
power_consumption,1704837569021000000,0.005960108677385653,paolo-laptop,influx_dest
power_consumption,1704837570023000000,0.011542267109314283,paolo-laptop,influx_dest
power_consumption,1704837571025000000,0.005648277951220682,paolo-laptop,influx_dest
power_consumption,1704837572027000000,0.003216415628164278,paolo-laptop,influx_dest
power_consumption,1704837573028000000,0.006681478868246394,paolo-laptop,influx_dest
power_consumption,1704837574031000000,0.0036641254505363793,paolo-laptop,influx_dest
power_consumption,1704837575033000000,0.0038157501059475148,paolo-laptop,influx_dest
power_consumption,1704837576035000000,0.006979515710823114,paolo-laptop,influx_dest
power_consumption,1704837577037000000,0.0030017407318951796,paolo-laptop,influx_dest
power_consumption,1704837578039000000,0.004756425279658779,paolo-laptop,influx_dest
power_consumption,1704837579043000000,0.003806989691026161,paolo-laptop,influx_dest
power_consumption,1704837580047000000,0.02905712279508042,paolo-laptop,influx_dest
power_consumption,1704837582056000000,0.006110598558526713,paolo-laptop,influx_dest
power_consumption,1704837584064000000,0.010359829238864252,paolo-laptop,influx_dest
power_consumption,1704837585079000000,0.00350840432658659,paolo-laptop,influx_dest
power_consumption,1704837586082000000,0.005667196365854598,paolo-laptop,influx_dest
power_consumption,1704837587086000000,0.0035596174399534597,paolo-laptop,influx_dest
power_consumption,1704837588097000000,0.09595751625571126,paolo-laptop,influx_dest
power_consumption,1704837589109000000,0.007197851749152624,paolo-laptop,influx_dest
power_consumption,1704837590111000000,0.010801102318006368,paolo-laptop,influx_dest
power_consumption,1704837591113000000,0.004021923639652558,paolo-laptop,influx_dest
power_consumption,1704837592116000000,0.0037031863364125643,paolo-laptop,influx_dest
power_consumption,1704837593118000000,0.0037816250278454064,paolo-laptop,influx_dest
power_consumption,1704837594120000000,0.0037936975413665613,paolo-laptop,influx_dest
power_consumption,1704837595122000000,0.004075212737223214,paolo-laptop,influx_dest
power_consumption,1704837596126000000,0.004733035768956059,paolo-laptop,influx_dest
power_consumption,1704837598131000000,0.006076806692166338,paolo-laptop,influx_dest
power_consumption,1704837600135000000,0.011268505242111553,paolo-laptop,influx_dest
power_consumption,1704837601137000000,0.0039021624063089013,paolo-laptop,influx_dest
power_consumption,1704837602139000000,0.003986838623306399,paolo-laptop,influx_dest
power_consumption,1704837603141000000,0.004199145478612746,paolo-laptop,influx_dest
power_consumption,1704837604143000000,0.0036359172311918857,paolo-laptop,influx_dest
power_consumption,1704837605146000000,0.003186922670177038,paolo-laptop,influx_dest
power_consumption,1704837606148000000,0.004096016755654104,paolo-laptop,influx_dest
power_consumption,1704837607150000000,0.004882276806772598,paolo-laptop,influx_dest
power_consumption,1704837608152000000,0.003551985415002832,paolo-laptop,influx_dest
power_consumption,1704837609155000000,0.005486423622239629,paolo-laptop,influx_dest
power_consumption,1704837610157000000,0.011188311466006141,paolo-laptop,influx_dest
power_consumption,1704837611158000000,0.004107049637535542,paolo-laptop,influx_dest
power_consumption,1704837612160000000,0.004086274429253562,paolo-laptop,influx_dest
power_consumption,1704837613164000000,0.011646850486526979,paolo-laptop,influx_dest
power_consumption,1704837615172000000,0.007987441865484054,paolo-laptop,influx_dest
power_consumption,1704837616175000000,0.005777616526090913,paolo-laptop,influx_dest
power_consumption,1704837617177000000,0.008815866569310115,paolo-laptop,influx_dest
power_consumption,1704837618179000000,0.004815407760056247,paolo-laptop,influx_dest
power_consumption,1704837619183000000,0.006321232875982984,paolo-laptop,influx_dest
power_consumption,1704837620185000000,0.018750007828632315,paolo-laptop,influx_dest
power_consumption,1704837623194000000,0.005868965040693317,paolo-laptop,influx_dest
power_consumption,1704837624196000000,0.0075210016846125795,paolo-laptop,influx_dest
power_consumption,1704837625198000000,0.0037204284380645634,paolo-laptop,influx_dest
power_consumption,1704837626199000000,0.0037496532580886584,paolo-laptop,influx_dest
power_consumption,1704837627201000000,0.004144944910986171,paolo-laptop,influx_dest
power_consumption,1704837628203000000,0.007427784988927227,paolo-laptop,influx_dest
power_consumption,1704837629205000000,0.003871077854296904,paolo-laptop,influx_dest
power_consumption,1704837630208000000,0.012335774764466591,paolo-laptop,influx_dest
power_consumption,1704837631210000000,0.004288654921005331,paolo-laptop,influx_dest
power_consumption,1704837632212000000,0.007070634039735385,paolo-laptop,influx_dest
power_consumption,1704837633214000000,0.004414611085933903,paolo-laptop,influx_dest
power_consumption,1704837634216000000,0.004508762963469938,paolo-laptop,influx_dest
power_consumption,1704837635218000000,0.004460078604925744,paolo-laptop,influx_dest
power_consumption,1704837636220000000,0.004685442925799879,paolo-laptop,influx_dest
power_consumption,1704837637222000000,0.004282881770996671,paolo-laptop,influx_dest
power_consumption,1704837638224000000,0.007796736871924342,paolo-laptop,influx_dest
power_consumption,1704837639226000000,0.009948075924473523,paolo-laptop,influx_dest
power_consumption,1704837640228000000,0.012542052542877371,paolo-laptop,influx_dest
power_consumption,1704837641230000000,0.005494838840408557,paolo-laptop,influx_dest
power_consumption,1704837642233000000,0.006847527079715898,paolo-laptop,influx_dest
power_consumption,1704837643234000000,0.0038387215859875517,paolo-laptop,influx_dest
power_consumption,1704837644236000000,0.007022882342938621,paolo-laptop,influx_dest
power_consumption,1704837645238000000,0.006632029471526912,paolo-laptop,influx_dest
power_consumption,1704837646241000000,0.0036601336849229537,paolo-laptop,influx_dest
power_consumption,1704837648244000000,0.07119537571112905,paolo-laptop,influx_dest
power_consumption,1704837649246000000,0.012141849821535306,paolo-laptop,influx_dest
power_consumption,1704837650249000000,0.02039857345499354,paolo-laptop,influx_dest
power_consumption,1704837651251000000,0.006496473697720339,paolo-laptop,influx_dest
power_consumption,1704837653254000000,0.006314906762946522,paolo-laptop,influx_dest
power_consumption,1704837654257000000,0.007026305241567922,paolo-laptop,influx_dest
power_consumption,1704837655259000000,0.005510883052983194,paolo-laptop,influx_dest
power_consumption,1704837656261000000,0.00648642133934861,paolo-laptop,influx_dest
power_consumption,1704837657263000000,0.0070486130624197035,paolo-laptop,influx_dest
power_consumption,1704837658265000000,0.002914279247576525,paolo-laptop,influx_dest
power_consumption,1704837659267000000,0.005465246051805312,paolo-laptop,influx_dest
power_consumption,1704837660271000000,0.013197321279531061,paolo-laptop,influx_dest
power_consumption,1704837661273000000,0.007450995720056421,paolo-laptop,influx_dest
power_consumption,1704837662275000000,0.003835546575464588,paolo-laptop,influx_dest
power_consumption,1704837667319000000,0.004299559102482516,paolo-laptop,influx_dest
power_consumption,1704837668321000000,0.00396592829932423,paolo-laptop,influx_dest
power_consumption,1704837669323000000,0.006022244115103585,paolo-laptop,influx_dest
power_consumption,1704837670327000000,0.011313875216591851,paolo-laptop,influx_dest
power_consumption,1704837672333000000,0.0037731277264183836,paolo-laptop,influx_dest
power_consumption,1704837673335000000,0.0038657961820527647,paolo-laptop,influx_dest
power_consumption,1704837674336000000,0.0060750140000250105,paolo-laptop,influx_dest
power_consumption,1704837676339000000,0.0050839405638709294,paolo-laptop,influx_dest
power_consumption,1704837677344000000,0.005717283885430538,paolo-laptop,influx_dest
power_consumption,1704837678346000000,0.0032715275134929424,paolo-laptop,influx_dest
power_consumption,1704837679350000000,0.006309345408812851,paolo-laptop,influx_dest
power_consumption,1704837680352000000,0.011440940718936235,paolo-laptop,influx_dest
power_consumption,1704837681354000000,0.004816069297565954,paolo-laptop,influx_dest
power_consumption,1704837682358000000,0.003638510654897724,paolo-laptop,influx_dest
power_consumption,1704837683361000000,0.0064715712422379595,paolo-laptop,influx_dest
power_consumption,1704837684365000000,0.007367371866139248,paolo-laptop,influx_dest
power_consumption,1704837685368000000,0.009753818840266265,paolo-laptop,influx_dest
power_consumption,1704837686370000000,0.018474927880815728,paolo-laptop,influx_dest
power_consumption,1704837687374000000,0.010413642652073342,paolo-laptop,influx_dest
power_consumption,1704837688377000000,0.006940922844332979,paolo-laptop,influx_dest
power_consumption,1704837689381000000,0.009446342190918782,paolo-laptop,influx_dest
power_consumption,1704837690382000000,0.011349157309554405,paolo-laptop,influx_dest
power_consumption,1704837691384000000,0.005349604299398269,paolo-laptop,influx_dest
power_consumption,1704837692387000000,0.008918584202706357,paolo-laptop,influx_dest
power_consumption,1704837693391000000,0.019816046679196446,paolo-laptop,influx_dest
power_consumption,1704837694393000000,0.004097677464748366,paolo-laptop,influx_dest
power_consumption,1704837695395000000,0.004475527978576148,paolo-laptop,influx_dest
power_consumption,1704837696399000000,0.003760459572350082,paolo-laptop,influx_dest
power_consumption,1704837698404000000,0.0036943497846039872,paolo-laptop,influx_dest
power_consumption,1704837699407000000,0.0039450352048054855,paolo-laptop,influx_dest
power_consumption,1704837700411000000,0.012262867964907258,paolo-laptop,influx_dest
power_consumption,1704837701415000000,0.015302789980012287,paolo-laptop,influx_dest
power_consumption,1704837702416000000,0.0038870962023988187,paolo-laptop,influx_dest
power_consumption,1704837703419000000,0.005329325334670287,paolo-laptop,influx_dest
power_consumption,1704837704421000000,0.00445399079762618,paolo-laptop,influx_dest
power_consumption,1704837705423000000,0.00471869388936197,paolo-laptop,influx_dest
power_consumption,1704837706424000000,0.003625295345249903,paolo-laptop,influx_dest
power_consumption,1704837707426000000,0.0033767747270875533,paolo-laptop,influx_dest
power_consumption,1704837708428000000,0.00953413630749381,paolo-laptop,influx_dest
power_consumption,1704837709429000000,0.007866241962538927,paolo-laptop,influx_dest
power_consumption,1704837710431000000,0.012766815167631743,paolo-laptop,influx_dest
power_consumption,1704837711433000000,0.0035155517277990524,paolo-laptop,influx_dest
power_consumption,1704837712435000000,0.01345864345672334,paolo-laptop,influx_dest
power_consumption,1704837713436000000,0.006747492840738582,paolo-laptop,influx_dest
power_consumption,1704837715440000000,0.0057123170684961685,paolo-laptop,influx_dest
power_consumption,1704837716442000000,0.00582310564459716,paolo-laptop,influx_dest
power_consumption,1704837717446000000,0.005648618437296759,paolo-laptop,influx_dest
power_consumption,1704837718448000000,0.11417581705422838,paolo-laptop,influx_dest
power_consumption,1704837719450000000,0.002820957828069568,paolo-laptop,influx_dest
power_consumption,1704837720452000000,0.013361540248961905,paolo-laptop,influx_dest
power_consumption,1704837721455000000,0.003611769784341319,paolo-laptop,influx_dest
power_consumption,1704837722457000000,0.003332186393636461,paolo-laptop,influx_dest
power_consumption,1704837723459000000,0.0060080346836469505,paolo-laptop,influx_dest
power_consumption,1704837724461000000,0.004285045966654057,paolo-laptop,influx_dest
power_consumption,1704837725464000000,0.005913989628873895,paolo-laptop,influx_dest
power_consumption,1704837726465000000,0.0056890510048503515,paolo-laptop,influx_dest
power_consumption,1704837727467000000,0.00608777203396065,paolo-laptop,influx_dest
power_consumption,1704837728469000000,0.006426300104808305,paolo-laptop,influx_dest
power_consumption,1704837729471000000,0.005173767163073571,paolo-laptop,influx_dest
power_consumption,1704837730473000000,0.015497644166660914,paolo-laptop,influx_dest
power_consumption,1704837731476000000,0.005815946406941996,paolo-laptop,influx_dest
power_consumption,1704837732478000000,0.0047718123222277465,paolo-laptop,influx_dest
power_consumption,1704837733480000000,0.00761666116875732,paolo-laptop,influx_dest
power_consumption,1704837734482000000,0.0055419007490196065,paolo-laptop,influx_dest
power_consumption,1704837735483000000,0.005114754479668067,paolo-laptop,influx_dest
power_consumption,1704837736484000000,0.00703476832350469,paolo-laptop,influx_dest
power_consumption,1704837737486000000,0.0044966092030698495,paolo-laptop,influx_dest
power_consumption,1704837738488000000,0.009086608776603089,paolo-laptop,influx_dest
power_consumption,1704837739490000000,0.006494979815257037,paolo-laptop,influx_dest
power_consumption,1704837740494000000,0.01433985572568999,paolo-laptop,influx_dest
power_consumption,1704837741496000000,0.004667090847665664,paolo-laptop,influx_dest
power_consumption,1704837742498000000,0.006356053699934761,paolo-laptop,influx_dest
power_consumption,1704837743502000000,0.012063923214628307,paolo-laptop,influx_dest
power_consumption,1704837745508000000,0.006100916337120564,paolo-laptop,influx_dest
power_consumption,1704837746509000000,0.008952760057726609,paolo-laptop,influx_dest
power_consumption,1704837747513000000,0.003594818364243131,paolo-laptop,influx_dest
power_consumption,1704837749520000000,0.005729268555751722,paolo-laptop,influx_dest
power_consumption,1704837750521000000,0.01661045186547566,paolo-laptop,influx_dest
power_consumption,1704837751526000000,0.00624522834788022,paolo-laptop,influx_dest
power_consumption,1704837752528000000,0.0062549028358209816,paolo-laptop,influx_dest
power_consumption,1704837753529000000,0.006263406455822464,paolo-laptop,influx_dest
power_consumption,1704837754533000000,0.010632991044405474,paolo-laptop,influx_dest
power_consumption,1704837755536000000,0.007410819943546018,paolo-laptop,influx_dest
power_consumption,1704837756537000000,0.00506067607221811,paolo-laptop,influx_dest
power_consumption,1704837759546000000,0.003147736244097316,paolo-laptop,influx_dest
power_consumption,1704837760548000000,0.01966874788750441,paolo-laptop,influx_dest
power_consumption,1704837761550000000,0.006631861128068207,paolo-laptop,influx_dest
power_consumption,1704837762553000000,0.008955907077070044,paolo-laptop,influx_dest
power_consumption,1704837763557000000,0.019376149794179898,paolo-laptop,influx_dest
power_consumption,1704837764559000000,0.003631023703587171,paolo-laptop,influx_dest
power_consumption,1704837765561000000,0.005842218135215995,paolo-laptop,influx_dest
power_consumption,1704837766563000000,0.006130162678085914,paolo-laptop,influx_dest
power_consumption,1704837767565000000,0.005633017563149226,paolo-laptop,influx_dest
power_consumption,1704837768569000000,0.0070550968550095235,paolo-laptop,influx_dest
power_consumption,1704837769572000000,0.005409078321177084,paolo-laptop,influx_dest
power_consumption,1704837770575000000,0.0117337186819696,paolo-laptop,influx_dest
power_consumption,1704837771578000000,0.005485930478652611,paolo-laptop,influx_dest
power_consumption,1704837772579000000,0.006090963651691593,paolo-laptop,influx_dest
power_consumption,1704837773581000000,0.005851528378235445,paolo-laptop,influx_dest
power_consumption,1704837774584000000,0.004900954271729773,paolo-laptop,influx_dest
power_consumption,1704837775586000000,0.005741519847147138,paolo-laptop,influx_dest
power_consumption,1704837776592000000,0.0057522011398570185,paolo-laptop,influx_dest
power_consumption,1704837777594000000,0.005296129640624236,paolo-laptop,influx_dest
power_consumption,1704837778595000000,0.004444297668297042,paolo-laptop,influx_dest
power_consumption,1704837779597000000,0.011580368011394606,paolo-laptop,influx_dest
power_consumption,1704837780599000000,0.01921481920072186,paolo-laptop,influx_dest
power_consumption,1704837781601000000,0.00585395481530108,paolo-laptop,influx_dest
power_consumption,1704837782602000000,0.018267638772031664,paolo-laptop,influx_dest
power_consumption,1704837783604000000,0.006116026219864659,paolo-laptop,influx_dest
power_consumption,1704837784605000000,0.006735610569251387,paolo-laptop,influx_dest
power_consumption,1704837785607000000,0.005621202924541066,paolo-laptop,influx_dest
power_consumption,1704837786608000000,0.0093689153784175,paolo-laptop,influx_dest
power_consumption,1704837787610000000,0.0061609954792338825,paolo-laptop,influx_dest
power_consumption,1704837788610000000,0.0066306106186306306,paolo-laptop,influx_dest
power_consumption,1704837789612000000,0.00566789622696408,paolo-laptop,influx_dest
power_consumption,1704837790615000000,0.08532545832636829,paolo-laptop,influx_dest
power_consumption,1704837791616000000,0.004012742481643792,paolo-laptop,influx_dest
power_consumption,1704837792621000000,0.009201185933867474,paolo-laptop,influx_dest
power_consumption,1704837793627000000,0.013136471625043165,paolo-laptop,influx_dest
power_consumption,1704837794629000000,0.0030064694670475845,paolo-laptop,influx_dest
power_consumption,1704837795633000000,0.004721400814745218,paolo-laptop,influx_dest
power_consumption,1704837796635000000,0.004911829578933822,paolo-laptop,influx_dest
power_consumption,1704837797637000000,0.007460647395176339,paolo-laptop,influx_dest
power_consumption,1704837798640000000,0.008549901464629129,paolo-laptop,influx_dest
power_consumption,1704837799646000000,0.009107294003458923,paolo-laptop,influx_dest
power_consumption,1704837800650000000,0.025766268724205697,paolo-laptop,influx_dest
power_consumption,1704837801652000000,0.005890308256657467,paolo-laptop,influx_dest
power_consumption,1704837802656000000,0.007682232609837899,paolo-laptop,influx_dest
power_consumption,1704837803660000000,0.003910715354847287,paolo-laptop,influx_dest
power_consumption,1704837804663000000,0.018506527187225223,paolo-laptop,influx_dest
power_consumption,1704837805665000000,0.014161307953419008,paolo-laptop,influx_dest
power_consumption,1704837806671000000,0.006838122779090109,paolo-laptop,influx_dest
power_consumption,1704837807674000000,0.006543230227928994,paolo-laptop,influx_dest
power_consumption,1704837808678000000,0.005893070631249921,paolo-laptop,influx_dest
power_consumption,1704837809682000000,0.0037617915936105843,paolo-laptop,influx_dest
power_consumption,1704837811687000000,0.009971173878725481,paolo-laptop,influx_dest
power_consumption,1704837812689000000,0.004092242521072658,paolo-laptop,influx_dest
power_consumption,1704837813693000000,0.010761092087286627,paolo-laptop,influx_dest
power_consumption,1704837814697000000,0.004778362994248939,paolo-laptop,influx_dest
power_consumption,1704837815698000000,0.005745386532752278,paolo-laptop,influx_dest
power_consumption,1704837816703000000,0.005085545320875167,paolo-laptop,influx_dest
power_consumption,1704837817705000000,0.004989130585855825,paolo-laptop,influx_dest
power_consumption,1704837818709000000,0.007007171488929237,paolo-laptop,influx_dest
power_consumption,1704837819713000000,0.013807102622859236,paolo-laptop,influx_dest
power_consumption,1704837820716000000,0.01759289291038275,paolo-laptop,influx_dest
power_consumption,1704837821719000000,0.004988539817760519,paolo-laptop,influx_dest
power_consumption,1704837822721000000,0.008204258929903983,paolo-laptop,influx_dest
power_consumption,1704837823723000000,0.004209078638459983,paolo-laptop,influx_dest
power_consumption,1704837824724000000,0.0063080825933260155,paolo-laptop,influx_dest
power_consumption,1704837825726000000,0.005940013574966634,paolo-laptop,influx_dest
power_consumption,1704837826727000000,0.01138140089082982,paolo-laptop,influx_dest
power_consumption,1704837827731000000,0.007416126659645981,paolo-laptop,influx_dest
power_consumption,1704837829739000000,0.0048340489399655625,paolo-laptop,influx_dest
power_consumption,1704837830741000000,0.01311712588967796,paolo-laptop,influx_dest
power_consumption,1704837831743000000,0.003698869505549443,paolo-laptop,influx_dest
power_consumption,1704837832745000000,0.005712834147666739,paolo-laptop,influx_dest
power_consumption,1704837833746000000,0.005051210082385876,paolo-laptop,influx_dest
power_consumption,1704837834749000000,0.004700867908816852,paolo-laptop,influx_dest
power_consumption,1704837835754000000,0.0047064007799025535,paolo-laptop,influx_dest
power_consumption,1704837836757000000,0.006021972323238183,paolo-laptop,influx_dest
power_consumption,1704837838765000000,0.018434808034909256,paolo-laptop,influx_dest
power_consumption,1704837839769000000,0.014898074189488282,paolo-laptop,influx_dest
power_consumption,1704837840771000000,0.014966273886108206,paolo-laptop,influx_dest
power_consumption,1704837841773000000,0.006492428539439176,paolo-laptop,influx_dest
power_consumption,1704837842775000000,0.004688487802495277,paolo-laptop,influx_dest
power_consumption,1704837843776000000,0.005582892996026571,paolo-laptop,influx_dest
power_consumption,1704837844777000000,0.007471209425309799,paolo-laptop,influx_dest
power_consumption,1704837845778000000,0.005637384406732537,paolo-laptop,influx_dest
power_consumption,1704837846780000000,0.0048851123469571545,paolo-laptop,influx_dest
power_consumption,1704837847782000000,0.005807290588237576,paolo-laptop,influx_dest
power_consumption,1704837848784000000,0.005036623916607675,paolo-laptop,influx_dest
power_consumption,1704837849785000000,0.006755114087731799,paolo-laptop,influx_dest
power_consumption,1704837850786000000,0.032839603614419656,paolo-laptop,influx_dest
power_consumption,1704837851788000000,0.008106603990327218,paolo-laptop,influx_dest
power_consumption,1704837852793000000,0.00606866314235752,paolo-laptop,influx_dest
power_consumption,1704837853795000000,0.005863661673004142,paolo-laptop,influx_dest
power_consumption,1704837854797000000,0.008735412063833001,paolo-laptop,influx_dest
power_consumption,1704837855801000000,0.004214149335029237,paolo-laptop,influx_dest
power_consumption,1704837856803000000,0.003508779659985942,paolo-laptop,influx_dest
power_consumption,1704837857805000000,0.005185114560227142,paolo-laptop,influx_dest
power_consumption,1704837858807000000,0.0056181389910127605,paolo-laptop,influx_dest
power_consumption,1704837859812000000,0.004698808333348128,paolo-laptop,influx_dest
power_consumption,1704837860825000000,0.011529754176061498,paolo-laptop,influx_dest
power_consumption,1704837861829000000,0.011337101177231555,paolo-laptop,influx_dest
power_consumption,1704837862830000000,0.004239401201395313,paolo-laptop,influx_dest
power_consumption,1704837863832000000,0.0040019507093156026,paolo-laptop,influx_dest
power_consumption,1704837864834000000,0.004959892980148225,paolo-laptop,influx_dest
power_consumption,1704837865837000000,0.004871124841969123,paolo-laptop,influx_dest
power_consumption,1704837866839000000,0.0052310511519399975,paolo-laptop,influx_dest
power_consumption,1704837867843000000,0.006920294468146339,paolo-laptop,influx_dest
power_consumption,1704837868847000000,0.003941000999358004,paolo-laptop,influx_dest
power_consumption,1704837869848000000,0.06682644023798479,paolo-laptop,influx_dest
power_consumption,1704837870850000000,0.012930531310811868,paolo-laptop,influx_dest
power_consumption,1704837871852000000,0.026224608059540147,paolo-laptop,influx_dest
power_consumption,1704837872855000000,0.006220183803940229,paolo-laptop,influx_dest
power_consumption,1704837873857000000,0.0047001353477387,paolo-laptop,influx_dest
power_consumption,1704837874859000000,0.005378209432830905,paolo-laptop,influx_dest
power_consumption,1704837875861000000,0.005606914510177233,paolo-laptop,influx_dest
power_consumption,1704837876863000000,0.004909038253438326,paolo-laptop,influx_dest
power_consumption,1704837877865000000,0.005762673532844384,paolo-laptop,influx_dest
power_consumption,1704837878867000000,0.0066630903780262405,paolo-laptop,influx_dest
power_consumption,1704837879869000000,0.007601901276921699,paolo-laptop,influx_dest
power_consumption,1704837880871000000,0.012854105888685904,paolo-laptop,influx_dest
power_consumption,1704837881873000000,0.005860810539002483,paolo-laptop,influx_dest
power_consumption,1704837882875000000,0.0057597088150608995,paolo-laptop,influx_dest
power_consumption,1704837883877000000,0.005639490826006307,paolo-laptop,influx_dest
power_consumption,1704837884880000000,0.006748795373198746,paolo-laptop,influx_dest
power_consumption,1704837885881000000,0.0074019904124106774,paolo-laptop,influx_dest
power_consumption,1704837886883000000,0.006777515840545861,paolo-laptop,influx_dest
power_consumption,1704837887885000000,0.008578053952701352,paolo-laptop,influx_dest
power_consumption,1704837888887000000,0.006086298787608529,paolo-laptop,influx_dest
power_consumption,1704837889889000000,0.01055236874717477,paolo-laptop,influx_dest
power_consumption,1704837890890000000,0.01283950921872216,paolo-laptop,influx_dest
power_consumption,1704837891892000000,0.006085431154726982,paolo-laptop,influx_dest
power_consumption,1704837892895000000,0.005024289911746976,paolo-laptop,influx_dest
power_consumption,1704837893897000000,0.005467523415477935,paolo-laptop,influx_dest
power_consumption,1704837894899000000,0.005754447587717957,paolo-laptop,influx_dest
power_consumption,1704837895900000000,0.005561345957245357,paolo-laptop,influx_dest
power_consumption,1704837896902000000,0.004886331026518571,paolo-laptop,influx_dest
power_consumption,1704837897904000000,0.004887598472391808,paolo-laptop,influx_dest
power_consumption,1704837898905000000,0.005691575016758241,paolo-laptop,influx_dest
power_consumption,1704837899908000000,0.007530784531118572,paolo-laptop,influx_dest
power_consumption,1704837900910000000,0.013763926956184058,paolo-laptop,influx_dest
power_consumption,1704837901914000000,0.00771389284664239,paolo-laptop,influx_dest
power_consumption,1704837902915000000,0.005140430010210811,paolo-laptop,influx_dest
power_consumption,1704837903919000000,0.016099588751402598,paolo-laptop,influx_dest
power_consumption,1704837904923000000,0.003980499995017401,paolo-laptop,influx_dest
power_consumption,1704837905925000000,0.005257462576614476,paolo-laptop,influx_dest
power_consumption,1704837906927000000,0.0038814524106435266,paolo-laptop,influx_dest
power_consumption,1704837907932000000,0.008233814522367612,paolo-laptop,influx_dest
power_consumption,1704837908934000000,0.006288925160271783,paolo-laptop,influx_dest
power_consumption,1704837909937000000,0.007566658862809984,paolo-laptop,influx_dest
power_consumption,1704837910941000000,0.017398513491486092,paolo-laptop,influx_dest
power_consumption,1704837911943000000,0.0036270426188151255,paolo-laptop,influx_dest
power_consumption,1704837912946000000,0.006076633467913819,paolo-laptop,influx_dest
power_consumption,1704837913950000000,0.005939655830902767,paolo-laptop,influx_dest
power_consumption,1704837914952000000,0.004169793545532545,paolo-laptop,influx_dest
power_consumption,1704837915955000000,0.007350165433709699,paolo-laptop,influx_dest
power_consumption,1704837916957000000,0.007723177974816466,paolo-laptop,influx_dest
power_consumption,1704837917960000000,0.005238170940908657,paolo-laptop,influx_dest
power_consumption,1704837918962000000,0.006233116177290878,paolo-laptop,influx_dest
power_consumption,1704837919966000000,0.006871877363346246,paolo-laptop,influx_dest
power_consumption,1704837920967000000,0.011771661433309023,paolo-laptop,influx_dest
power_consumption,1704837921969000000,0.005313354008403973,paolo-laptop,influx_dest
power_consumption,1704837922971000000,0.008072815882362406,paolo-laptop,influx_dest
power_consumption,1704837923972000000,0.0065232798637220825,paolo-laptop,influx_dest
power_consumption,1704837924973000000,0.006459654045625421,paolo-laptop,influx_dest
power_consumption,1704837925975000000,0.006975427576099114,paolo-laptop,influx_dest
power_consumption,1704837926977000000,0.015636598601276964,paolo-laptop,influx_dest
power_consumption,1704837927978000000,0.003832604928030056,paolo-laptop,influx_dest
power_consumption,1704837928980000000,0.005833174914578599,paolo-laptop,influx_dest
power_consumption,1704837929982000000,0.006899390462052543,paolo-laptop,influx_dest
power_consumption,1704837930984000000,0.018109292346518653,paolo-laptop,influx_dest
power_consumption,1704837931988000000,0.0037356622392997964,paolo-laptop,influx_dest
power_consumption,1704837932990000000,0.004830074424224414,paolo-laptop,influx_dest
power_consumption,1704837933991000000,0.008084198409774052,paolo-laptop,influx_dest
power_consumption,1704837934993000000,0.00882944799383483,paolo-laptop,influx_dest
power_consumption,1704837935995000000,0.0054661709531457,paolo-laptop,influx_dest
power_consumption,1704837936999000000,0.010199632106216126,paolo-laptop,influx_dest
power_consumption,1704837938001000000,0.005719050530506915,paolo-laptop,influx_dest
power_consumption,1704837939003000000,0.008014205031043446,paolo-laptop,influx_dest
power_consumption,1704837940012000000,0.09381581639401078,paolo-laptop,influx_dest
power_consumption,1704837941017000000,0.014145994054121074,paolo-laptop,influx_dest
power_consumption,1704837942019000000,0.005377699643369668,paolo-laptop,influx_dest
power_consumption,1704837943023000000,0.004087866702746976,paolo-laptop,influx_dest
power_consumption,1704837944027000000,0.014893869713879057,paolo-laptop,influx_dest
power_consumption,1704837945029000000,0.005605683189562923,paolo-laptop,influx_dest
power_consumption,1704837946031000000,0.008036090786499604,paolo-laptop,influx_dest
power_consumption,1704837947033000000,0.007028226912191713,paolo-laptop,influx_dest
power_consumption,1704837948034000000,0.007800501062350003,paolo-laptop,influx_dest
power_consumption,1704837949036000000,0.009202829406099577,paolo-laptop,influx_dest
power_consumption,1704837950039000000,0.017483193906638734,paolo-laptop,influx_dest
power_consumption,1704837951043000000,0.02197582374581777,paolo-laptop,influx_dest
power_consumption,1704837952045000000,0.009143991746059042,paolo-laptop,influx_dest
power_consumption,1704837953048000000,0.006551831426052976,paolo-laptop,influx_dest
power_consumption,1704837954051000000,0.0064861214671381425,paolo-laptop,influx_dest
power_consumption,1704837955056000000,0.006185159218741831,paolo-laptop,influx_dest
power_consumption,1704837956062000000,0.004284046454365602,paolo-laptop,influx_dest
power_consumption,1704837957066000000,0.025471036661886715,paolo-laptop,influx_dest
power_consumption,1704837958069000000,0.007346922874080546,paolo-laptop,influx_dest
power_consumption,1704837959073000000,0.00506368546016443,paolo-laptop,influx_dest
power_consumption,1704837960077000000,0.03272878601228903,paolo-laptop,influx_dest
power_consumption,1704837961079000000,0.005097547115056028,paolo-laptop,influx_dest
power_consumption,1704837962082000000,0.005210045863519584,paolo-laptop,influx_dest
power_consumption,1704837963084000000,0.006157635435002499,paolo-laptop,influx_dest
power_consumption,1704837964088000000,0.014820724069260625,paolo-laptop,influx_dest
power_consumption,1704837965092000000,0.0174310124034588,paolo-laptop,influx_dest
power_consumption,1704837966094000000,0.003736644794580058,paolo-laptop,influx_dest
power_consumption,1704837967097000000,0.005778336890703074,paolo-laptop,influx_dest
power_consumption,1704837968099000000,0.008763929538907053,paolo-laptop,influx_dest
power_consumption,1704837969102000000,0.008921017266995776,paolo-laptop,influx_dest
power_consumption,1704837970104000000,0.02112714417024722,paolo-laptop,influx_dest
power_consumption,1704837971109000000,0.006447822343104204,paolo-laptop,influx_dest
power_consumption,1704837972112000000,0.005387498688194262,paolo-laptop,influx_dest
power_consumption,1704837973114000000,0.004393196996208695,paolo-laptop,influx_dest
power_consumption,1704837974115000000,0.00642441004057712,paolo-laptop,influx_dest
power_consumption,1704837975116000000,0.009909899534524522,paolo-laptop,influx_dest
power_consumption,1704837976118000000,0.014071115987678871,paolo-laptop,influx_dest
power_consumption,1704837977119000000,0.009473583826167522,paolo-laptop,influx_dest
power_consumption,1704837978121000000,0.013177961914999495,paolo-laptop,influx_dest
power_consumption,1704837979125000000,0.006705404652014782,paolo-laptop,influx_dest
power_consumption,1704837980127000000,0.01414600227351431,paolo-laptop,influx_dest
power_consumption,1704837981129000000,0.006955233823862919,paolo-laptop,influx_dest
power_consumption,1704837982131000000,0.007147151336090413,paolo-laptop,influx_dest
power_consumption,1704837983136000000,0.007814389106450432,paolo-laptop,influx_dest
power_consumption,1704837984137000000,0.006551901443558635,paolo-laptop,influx_dest
power_consumption,1704837985139000000,0.003730904191971536,paolo-laptop,influx_dest
power_consumption,1704837986141000000,0.003926979382945274,paolo-laptop,influx_dest
power_consumption,1704837987143000000,0.004518212738809393,paolo-laptop,influx_dest
power_consumption,1704837988145000000,0.00577057869405594,paolo-laptop,influx_dest
power_consumption,1704837989147000000,0.004918500722149299,paolo-laptop,influx_dest
power_consumption,1704837990149000000,0.017890528611773565,paolo-laptop,influx_dest
power_consumption,1704837991151000000,0.00787858481258802,paolo-laptop,influx_dest
power_consumption,1704837992152000000,0.0041664512326957705,paolo-laptop,influx_dest
power_consumption,1704837993155000000,0.006278729266643832,paolo-laptop,influx_dest
power_consumption,1704837994162000000,0.014128828889215279,paolo-laptop,influx_dest
power_consumption,1704837995164000000,0.005994122837999982,paolo-laptop,influx_dest
power_consumption,1704837996168000000,0.004120245814575601,paolo-laptop,influx_dest
power_consumption,1704837997170000000,0.005673121751859633,paolo-laptop,influx_dest
power_consumption,1704837998175000000,0.004572448817940198,paolo-laptop,influx_dest
power_consumption,1704837999177000000,0.0063367419985416095,paolo-laptop,influx_dest
power_consumption,1704838000180000000,0.02743970898148034,paolo-laptop,influx_dest
power_consumption,1704838001181000000,0.0163500051819335,paolo-laptop,influx_dest
power_consumption,1704838002183000000,0.00784090000531311,paolo-laptop,influx_dest
power_consumption,1704838003188000000,0.01678523689562896,paolo-laptop,influx_dest
power_consumption,1704838004192000000,0.016117792837615323,paolo-laptop,influx_dest
power_consumption,1704838005196000000,0.008657708969740075,paolo-laptop,influx_dest
power_consumption,1704838006201000000,0.008200666142727466,paolo-laptop,influx_dest
power_consumption,1704838008209000000,0.016029037065314056,paolo-laptop,influx_dest
power_consumption,1704838009214000000,0.01917049517087997,paolo-laptop,influx_dest
power_consumption,1704838010216000000,0.014074290099346836,paolo-laptop,influx_dest
power_consumption,1704838011217000000,0.0061112995661506625,paolo-laptop,influx_dest
power_consumption,1704838012218000000,0.0059104601405105765,paolo-laptop,influx_dest
power_consumption,1704838013220000000,0.005065986219187265,paolo-laptop,influx_dest
power_consumption,1704838014223000000,0.006442052808276078,paolo-laptop,influx_dest
power_consumption,1704838015226000000,0.017193631860385913,paolo-laptop,influx_dest
power_consumption,1704838016228000000,0.006209412379891748,paolo-laptop,influx_dest
power_consumption,1704838017229000000,0.0843600085074232,paolo-laptop,influx_dest
power_consumption,1704838018231000000,0.005859960384448959,paolo-laptop,influx_dest
power_consumption,1704838019235000000,0.00530415546741597,paolo-laptop,influx_dest
power_consumption,1704838020236000000,0.014506234327185232,paolo-laptop,influx_dest
power_consumption,1704838021239000000,0.00800327691077779,paolo-laptop,influx_dest
power_consumption,1704838022243000000,0.005398762416903608,paolo-laptop,influx_dest
power_consumption,1704838023249000000,0.005816305799658541,paolo-laptop,influx_dest
power_consumption,1704838024251000000,0.004163115964000654,paolo-laptop,influx_dest
power_consumption,1704838025254000000,0.009029155506783716,paolo-laptop,influx_dest
power_consumption,1704838026258000000,0.013344228164095457,paolo-laptop,influx_dest
power_consumption,1704838027259000000,0.0061213323373475684,paolo-laptop,influx_dest
power_consumption,1704838028261000000,0.006625789052440025,paolo-laptop,influx_dest
power_consumption,1704838029263000000,0.006522228329100254,paolo-laptop,influx_dest
power_consumption,1704838030267000000,0.020561405521137124,paolo-laptop,influx_dest
power_consumption,1704838031270000000,0.0037946445299936924,paolo-laptop,influx_dest
power_consumption,1704838032271000000,0.0057847830741931585,paolo-laptop,influx_dest
power_consumption,1704838033273000000,0.008566149404270931,paolo-laptop,influx_dest
power_consumption,1704838034276000000,0.007089836046492482,paolo-laptop,influx_dest
power_consumption,1704838035280000000,0.00771388908576343,paolo-laptop,influx_dest
power_consumption,1704838036283000000,0.0306069653291556,paolo-laptop,influx_dest
power_consumption,1704838037285000000,0.009928950541279213,paolo-laptop,influx_dest
power_consumption,1704838038289000000,0.004366275741266185,paolo-laptop,influx_dest
power_consumption,1704838039293000000,0.008587512607852985,paolo-laptop,influx_dest
power_consumption,1704838040294000000,0.02425534129349985,paolo-laptop,influx_dest
power_consumption,1704838041295000000,0.006699867908515784,paolo-laptop,influx_dest
power_consumption,1704838042297000000,0.0075120094969906015,paolo-laptop,influx_dest
power_consumption,1704838043298000000,0.013644064227521341,paolo-laptop,influx_dest
power_consumption,1704838044300000000,0.0040924518594307735,paolo-laptop,influx_dest
power_consumption,1704838045302000000,0.005012619438984659,paolo-laptop,influx_dest
power_consumption,1704838046304000000,0.010015685223589161,paolo-laptop,influx_dest
power_consumption,1704838047305000000,0.0042926162043303824,paolo-laptop,influx_dest
power_consumption,1704838048308000000,0.006716063207128651,paolo-laptop,influx_dest
power_consumption,1704838049310000000,0.007461495270113115,paolo-laptop,influx_dest
power_consumption,1704838050311000000,0.022793087663658076,paolo-laptop,influx_dest
power_consumption,1704838051312000000,0.012373035174760705,paolo-laptop,influx_dest
power_consumption,1704838052314000000,0.004276545867815045,paolo-laptop,influx_dest
power_consumption,1704838053317000000,0.007349818527037663,paolo-laptop,influx_dest
power_consumption,1704838054318000000,0.007010158093206466,paolo-laptop,influx_dest
power_consumption,1704838055323000000,0.006896356458758019,paolo-laptop,influx_dest
power_consumption,1704838056326000000,0.008380943471470793,paolo-laptop,influx_dest
power_consumption,1704838057330000000,0.0078442451569394,paolo-laptop,influx_dest
power_consumption,1704838059340000000,0.013835635545157154,paolo-laptop,influx_dest
power_consumption,1704838060345000000,0.027579845235619446,paolo-laptop,influx_dest
power_consumption,1704838061348000000,0.00566549850063533,paolo-laptop,influx_dest
power_consumption,1704838063355000000,0.008706882487564726,paolo-laptop,influx_dest
power_consumption,1704838064359000000,0.017879089434206283,paolo-laptop,influx_dest
power_consumption,1704838065363000000,0.010132916630842845,paolo-laptop,influx_dest
power_consumption,1704838066367000000,0.018941364997163368,paolo-laptop,influx_dest
power_consumption,1704838068375000000,0.012146192973164195,paolo-laptop,influx_dest
power_consumption,1704838070380000000,0.017579003513992858,paolo-laptop,influx_dest
power_consumption,1704838071385000000,0.005559907465242701,paolo-laptop,influx_dest
power_consumption,1704838072388000000,0.007797349775973514,paolo-laptop,influx_dest
power_consumption,1704838074396000000,0.01951902115594449,paolo-laptop,influx_dest
power_consumption,1704838076403000000,0.009896226035624841,paolo-laptop,influx_dest
power_consumption,1704838079415000000,0.014848180890907779,paolo-laptop,influx_dest
power_consumption,1704838080417000000,0.017028338498348915,paolo-laptop,influx_dest
power_consumption,1704838081418000000,0.004059190958215279,paolo-laptop,influx_dest
power_consumption,1704838082422000000,0.005170796015701841,paolo-laptop,influx_dest
power_consumption,1704838083426000000,0.0076443829137697724,paolo-laptop,influx_dest
power_consumption,1704838084429000000,0.006767559434321491,paolo-laptop,influx_dest
power_consumption,1704838085430000000,0.003948078687625409,paolo-laptop,influx_dest
power_consumption,1704838086432000000,0.004602529669985797,paolo-laptop,influx_dest
power_consumption,1704838087437000000,0.008031078055949083,paolo-laptop,influx_dest
power_consumption,1704838088438000000,0.07412027436504592,paolo-laptop,influx_dest
power_consumption,1704838089440000000,0.00421800483663934,paolo-laptop,influx_dest
power_consumption,1704838090441000000,0.011172457460199379,paolo-laptop,influx_dest
power_consumption,1704838091445000000,0.00454041248743779,paolo-laptop,influx_dest
power_consumption,1704838092448000000,0.0047850149364948285,paolo-laptop,influx_dest
power_consumption,1704838093450000000,0.007947768677717824,paolo-laptop,influx_dest
power_consumption,1704838094454000000,0.009319885441113271,paolo-laptop,influx_dest
power_consumption,1704838095455000000,0.007586193397662041,paolo-laptop,influx_dest
power_consumption,1704838096457000000,0.009650949398753229,paolo-laptop,influx_dest
power_consumption,1704838097460000000,0.011137534678985709,paolo-laptop,influx_dest
power_consumption,1704838098462000000,0.009763457896631937,paolo-laptop,influx_dest
power_consumption,1704838099464000000,0.004840603149349677,paolo-laptop,influx_dest
power_consumption,1704838100466000000,0.01214521222064371,paolo-laptop,influx_dest
power_consumption,1704838101467000000,0.004280518519481171,paolo-laptop,influx_dest
power_consumption,1704838102469000000,0.007891482464407443,paolo-laptop,influx_dest
power_consumption,1704838103470000000,0.008196309041937983,paolo-laptop,influx_dest
power_consumption,1704838104472000000,0.017633401718411348,paolo-laptop,influx_dest
power_consumption,1704838105474000000,0.009016652756220876,paolo-laptop,influx_dest
power_consumption,1704838106478000000,0.005499369537170378,paolo-laptop,influx_dest
power_consumption,1704838107480000000,0.01115258292435257,paolo-laptop,influx_dest
power_consumption,1704838108482000000,0.008171535599251309,paolo-laptop,influx_dest
power_consumption,1704838109487000000,0.005078495885040872,paolo-laptop,influx_dest
power_consumption,1704838111496000000,0.011854235149099532,paolo-laptop,influx_dest
power_consumption,1704838112498000000,0.003725180817449144,paolo-laptop,influx_dest
power_consumption,1704838113500000000,0.009344638327619207,paolo-laptop,influx_dest
power_consumption,1704838114502000000,0.005595993400484471,paolo-laptop,influx_dest
power_consumption,1704838115505000000,0.00805515990601894,paolo-laptop,influx_dest
power_consumption,1704838116509000000,0.004036625835635818,paolo-laptop,influx_dest
power_consumption,1704838117511000000,0.004044226618944851,paolo-laptop,influx_dest
power_consumption,1704838118512000000,0.006232261277068449,paolo-laptop,influx_dest
power_consumption,1704838119513000000,0.00829326714943087,paolo-laptop,influx_dest
power_consumption,1704838120517000000,0.019162570383717242,paolo-laptop,influx_dest
power_consumption,1704838121522000000,0.006030935883412317,paolo-laptop,influx_dest
power_consumption,1704838122526000000,0.008272908682199941,paolo-laptop,influx_dest
power_consumption,1704838123527000000,0.00492278294002286,paolo-laptop,influx_dest
power_consumption,1704838124529000000,0.010678744705597041,paolo-laptop,influx_dest
power_consumption,1704838125531000000,0.00489284236985444,paolo-laptop,influx_dest
power_consumption,1704838126534000000,0.006440058872289489,paolo-laptop,influx_dest
power_consumption,1704838127536000000,0.013380135163947343,paolo-laptop,influx_dest
power_consumption,1704838128537000000,0.006927965451927212,paolo-laptop,influx_dest
power_consumption,1704838129546000000,0.0038379784498820415,paolo-laptop,influx_dest
power_consumption,1704838130558000000,0.01222153593536961,paolo-laptop,influx_dest
power_consumption,1704838131559000000,0.004859555051086942,paolo-laptop,influx_dest
power_consumption,1704838132562000000,0.0042430520999788245,paolo-laptop,influx_dest
power_consumption,1704838133563000000,0.0034223876666636247,paolo-laptop,influx_dest
power_consumption,1704838134565000000,0.004437043412906287,paolo-laptop,influx_dest
power_consumption,1704838135567000000,0.006723272703718536,paolo-laptop,influx_dest
power_consumption,1704838136569000000,0.007235657892908922,paolo-laptop,influx_dest
power_consumption,1704838137570000000,0.004833548368806046,paolo-laptop,influx_dest
power_consumption,1704838138572000000,0.005986672783821231,paolo-laptop,influx_dest
power_consumption,1704838139573000000,0.004662075266952707,paolo-laptop,influx_dest
power_consumption,1704838140577000000,0.015079365241696386,paolo-laptop,influx_dest
power_consumption,1704838142583000000,0.005139504275091419,paolo-laptop,influx_dest
power_consumption,1704838143585000000,0.00508533150331982,paolo-laptop,influx_dest
power_consumption,1704838144587000000,0.004996821112637566,paolo-laptop,influx_dest
power_consumption,1704838145590000000,0.0065202131925423575,paolo-laptop,influx_dest
power_consumption,1704838146594000000,0.0076193324462021025,paolo-laptop,influx_dest
power_consumption,1704838147596000000,0.00526131382802183,paolo-laptop,influx_dest
power_consumption,1704838148599000000,0.007939469606848347,paolo-laptop,influx_dest
power_consumption,1704838149601000000,0.014936187639681658,paolo-laptop,influx_dest
power_consumption,1704838150604000000,0.012451738975657194,paolo-laptop,influx_dest
power_consumption,1704838151606000000,0.008426520372261097,paolo-laptop,influx_dest
