name,time,power,sensor,target
power_consumption,1704459181034000000,0.060749577331919574,paolo-laptop,mongo_source
power_consumption,1704459182036000000,0.11999237253967525,paolo-laptop,mongo_source
power_consumption,1704459183038000000,0.06382931668155509,paolo-laptop,mongo_source
power_consumption,1704459184040000000,0.08107725637832283,paolo-laptop,mongo_source
power_consumption,1704459185041000000,0.05371959728065834,paolo-laptop,mongo_source
power_consumption,1704459186043000000,0.0916785195959843,paolo-laptop,mongo_source
power_consumption,1704459187045000000,0.047990144881722804,paolo-laptop,mongo_source
power_consumption,1704459188046000000,0.07851064414931506,paolo-laptop,mongo_source
power_consumption,1704459189047000000,0.0645785968733291,paolo-laptop,mongo_source
power_consumption,1704459190050000000,0.03922962479329694,paolo-laptop,mongo_source
power_consumption,1704459192055000000,0.07478921914185166,paolo-laptop,mongo_source
power_consumption,1704459193056000000,0.0422106814988623,paolo-laptop,mongo_source
power_consumption,1704459194059000000,0.039711006894377135,paolo-laptop,mongo_source
power_consumption,1704459195060000000,0.061408194896943644,paolo-laptop,mongo_source
power_consumption,1704459197063000000,0.03612023226700876,paolo-laptop,mongo_source
power_consumption,1704459200068000000,0.032763842540375135,paolo-laptop,mongo_source
power_consumption,1704459201070000000,0.03291691509176466,paolo-laptop,mongo_source
power_consumption,1704459203073000000,0.032393159381844554,paolo-laptop,mongo_source
power_consumption,1704459204074000000,0.03219219787497465,paolo-laptop,mongo_source
power_consumption,1704459205077000000,0.032182122895521685,paolo-laptop,mongo_source
power_consumption,1704459207080000000,0.03153087443923529,paolo-laptop,mongo_source
power_consumption,1704459208082000000,0.03125605458286211,paolo-laptop,mongo_source
power_consumption,1704459209083000000,0.03280643369239427,paolo-laptop,mongo_source
power_consumption,1704459210085000000,0.03148868104902954,paolo-laptop,mongo_source
power_consumption,1704459212088000000,0.06699145079589086,paolo-laptop,mongo_source
power_consumption,1704459213089000000,0.03058322174508471,paolo-laptop,mongo_source
power_consumption,1704459214090000000,0.03166462477914539,paolo-laptop,mongo_source
power_consumption,1704459215092000000,0.03343669989944286,paolo-laptop,mongo_source
power_consumption,1704459218097000000,0.03238794947002789,paolo-laptop,mongo_source
power_consumption,1704459219099000000,0.03279859494934721,paolo-laptop,mongo_source
power_consumption,1704459223104000000,0.15185037668282714,paolo-laptop,mongo_source
power_consumption,1704459224106000000,0.15912871620626806,paolo-laptop,mongo_source
power_consumption,1704459226108000000,0.06882795461135899,paolo-laptop,mongo_source
power_consumption,1704459227110000000,0.04344808909232307,paolo-laptop,mongo_source
power_consumption,1704459228111000000,0.05738784022820325,paolo-laptop,mongo_source
power_consumption,1704459229115000000,0.06959338956564136,paolo-laptop,mongo_source
power_consumption,1704459230116000000,0.04072655222302764,paolo-laptop,mongo_source
power_consumption,1704459231118000000,0.0419681438542609,paolo-laptop,mongo_source
power_consumption,1704459232119000000,0.08129486227458683,paolo-laptop,mongo_source
power_consumption,1704459234123000000,0.034753507542209204,paolo-laptop,mongo_source
power_consumption,1704459235124000000,0.03560703474727769,paolo-laptop,mongo_source
power_consumption,1704459236126000000,0.036007442793736515,paolo-laptop,mongo_source
power_consumption,1704459238131000000,0.035431295319879125,paolo-laptop,mongo_source
power_consumption,1704459239134000000,0.034405055228139504,paolo-laptop,mongo_source
power_consumption,1704459240136000000,0.0360944453594676,paolo-laptop,mongo_source
power_consumption,1704459241139000000,0.045678465302357044,paolo-laptop,mongo_source
power_consumption,1704459242140000000,0.08133203187622087,paolo-laptop,mongo_source
power_consumption,1704459243142000000,0.052194135584034504,paolo-laptop,mongo_source
power_consumption,1704459244144000000,0.034763241513405554,paolo-laptop,mongo_source
power_consumption,1704459245147000000,0.036519307587146846,paolo-laptop,mongo_source
power_consumption,1704459246151000000,0.03441064653612478,paolo-laptop,mongo_source
power_consumption,1704459248159000000,0.09076227107337365,paolo-laptop,mongo_source
power_consumption,1704459249162000000,0.09457333362503569,paolo-laptop,mongo_source
power_consumption,1704459250164000000,0.09225244899747831,paolo-laptop,mongo_source
power_consumption,1704459251166000000,0.04788068904874937,paolo-laptop,mongo_source
power_consumption,1704459252168000000,0.08577828057005962,paolo-laptop,mongo_source
power_consumption,1704459253170000000,0.04586436734820476,paolo-laptop,mongo_source
power_consumption,1704459254172000000,0.03616799196717591,paolo-laptop,mongo_source
power_consumption,1704459255174000000,0.04701349140992273,paolo-laptop,mongo_source
power_consumption,1704459256176000000,0.04468691289249756,paolo-laptop,mongo_source
power_consumption,1704459257178000000,0.04352275409743696,paolo-laptop,mongo_source
power_consumption,1704459258180000000,0.046096307898985,paolo-laptop,mongo_source
power_consumption,1704459259182000000,0.05019137821409044,paolo-laptop,mongo_source
power_consumption,1704459260190000000,0.032541304013684554,paolo-laptop,mongo_source
power_consumption,1704459261192000000,0.046177139826536005,paolo-laptop,mongo_source
power_consumption,1704459262194000000,0.08645106975532871,paolo-laptop,mongo_source
power_consumption,1704459263196000000,0.04708292815303969,paolo-laptop,mongo_source
power_consumption,1704459264198000000,0.05009728681908713,paolo-laptop,mongo_source
power_consumption,1704459265200000000,0.04584967759251371,paolo-laptop,mongo_source
power_consumption,1704459266202000000,0.045763766723192045,paolo-laptop,mongo_source
power_consumption,1704459267204000000,0.046671946626010326,paolo-laptop,mongo_source
power_consumption,1704459268206000000,0.04453785441939701,paolo-laptop,mongo_source
power_consumption,1704459269208000000,0.04700960501172539,paolo-laptop,mongo_source
power_consumption,1704459270210000000,0.04605224946770989,paolo-laptop,mongo_source
power_consumption,1704459271216000000,0.04673315038070896,paolo-laptop,mongo_source
power_consumption,1704459272218000000,0.07785200971871982,paolo-laptop,mongo_source
power_consumption,1704459273224000000,0.027614867716447493,paolo-laptop,mongo_source
power_consumption,1704459274226000000,0.04743197105468693,paolo-laptop,mongo_source
power_consumption,1704459275228000000,0.04418066141845301,paolo-laptop,mongo_source
power_consumption,1704459276230000000,0.029328001956433106,paolo-laptop,mongo_source
power_consumption,1704459277233000000,0.04334515216358275,paolo-laptop,mongo_source
power_consumption,1704459278235000000,0.04387106863657922,paolo-laptop,mongo_source
power_consumption,1704459279237000000,0.09938467629435707,paolo-laptop,mongo_source
power_consumption,1704459280239000000,0.043977796869522315,paolo-laptop,mongo_source
power_consumption,1704459281240000000,0.029977212759933227,paolo-laptop,mongo_source
power_consumption,1704459282242000000,0.0782779723382725,paolo-laptop,mongo_source
power_consumption,1704459283244000000,0.030291524740488483,paolo-laptop,mongo_source
power_consumption,1704459284246000000,0.030147773234070238,paolo-laptop,mongo_source
power_consumption,1704459285248000000,0.04534204526435013,paolo-laptop,mongo_source
power_consumption,1704459286250000000,0.04811430904167415,paolo-laptop,mongo_source
power_consumption,1704459287254000000,0.044874080661761406,paolo-laptop,mongo_source
power_consumption,1704459288255000000,0.046232494908022344,paolo-laptop,mongo_source
power_consumption,1704459289258000000,0.04652246316741746,paolo-laptop,mongo_source
power_consumption,1704459290260000000,0.028719928044844203,paolo-laptop,mongo_source
power_consumption,1704459291263000000,0.041058378610339855,paolo-laptop,mongo_source
power_consumption,1704459292266000000,0.0981203465273971,paolo-laptop,mongo_source
power_consumption,1704459293267000000,0.042906749338236475,paolo-laptop,mongo_source
power_consumption,1704459294269000000,0.04733845003475318,paolo-laptop,mongo_source
power_consumption,1704459295271000000,0.04240100581499527,paolo-laptop,mongo_source
power_consumption,1704459296273000000,0.04675865659274922,paolo-laptop,mongo_source
power_consumption,1704459297275000000,0.04469167060756242,paolo-laptop,mongo_source
power_consumption,1704459298277000000,0.04582931449975426,paolo-laptop,mongo_source
power_consumption,1704459299280000000,0.042930729888933344,paolo-laptop,mongo_source
power_consumption,1704459300282000000,0.04581995031019545,paolo-laptop,mongo_source
power_consumption,1704459301286000000,0.05446049246108381,paolo-laptop,mongo_source
power_consumption,1704459302289000000,0.10496455503015545,paolo-laptop,mongo_source
power_consumption,1704459303291000000,0.06407525923933502,paolo-laptop,mongo_source
power_consumption,1704459304293000000,0.04801809905651369,paolo-laptop,mongo_source
power_consumption,1704459305295000000,0.05367189362259859,paolo-laptop,mongo_source
power_consumption,1704459306297000000,0.05807359423609432,paolo-laptop,mongo_source
power_consumption,1704459307299000000,0.051675800348248487,paolo-laptop,mongo_source
power_consumption,1704459308301000000,0.052836104672104006,paolo-laptop,mongo_source
power_consumption,1704459309304000000,0.05836958639777159,paolo-laptop,mongo_source
power_consumption,1704459310306000000,0.05791616185252071,paolo-laptop,mongo_source
power_consumption,1704459311308000000,0.05485484301177426,paolo-laptop,mongo_source
power_consumption,1704459312311000000,0.126718321030378,paolo-laptop,mongo_source
power_consumption,1704459313312000000,0.054032047278835434,paolo-laptop,mongo_source
power_consumption,1704459314315000000,0.061625927570351006,paolo-laptop,mongo_source
power_consumption,1704459315316000000,0.06235159707251234,paolo-laptop,mongo_source
power_consumption,1704459316318000000,0.06205079662141596,paolo-laptop,mongo_source
power_consumption,1704459317320000000,0.04957882304835475,paolo-laptop,mongo_source
power_consumption,1704459318322000000,0.042599189669117285,paolo-laptop,mongo_source
power_consumption,1704459319324000000,0.0441351263943179,paolo-laptop,mongo_source
power_consumption,1704459320326000000,0.04820079303709379,paolo-laptop,mongo_source
power_consumption,1704459321329000000,0.044569142301315326,paolo-laptop,mongo_source
power_consumption,1704459322331000000,0.09680885338785739,paolo-laptop,mongo_source
power_consumption,1704459323333000000,0.04566489771899491,paolo-laptop,mongo_source
power_consumption,1704459324335000000,0.04967990147812203,paolo-laptop,mongo_source
power_consumption,1704459325337000000,0.04516406383948407,paolo-laptop,mongo_source
power_consumption,1704459326339000000,0.04689709786864392,paolo-laptop,mongo_source
power_consumption,1704459327341000000,0.046603477585520435,paolo-laptop,mongo_source
power_consumption,1704459328344000000,0.04284755365349797,paolo-laptop,mongo_source
power_consumption,1704459329350000000,0.044361428239387206,paolo-laptop,mongo_source
power_consumption,1704459330352000000,0.04638329944731551,paolo-laptop,mongo_source
power_consumption,1704459331356000000,0.043900951966543575,paolo-laptop,mongo_source
power_consumption,1704459332358000000,0.09922859259194794,paolo-laptop,mongo_source
power_consumption,1704459337381000000,0.04659777075702719,paolo-laptop,mongo_source
power_consumption,1704459338385000000,0.04762923081843332,paolo-laptop,mongo_source
power_consumption,1704459339387000000,0.04444225740680503,paolo-laptop,mongo_source
power_consumption,1704459340390000000,0.04809725423762926,paolo-laptop,mongo_source
power_consumption,1704459341391000000,0.045853257838755344,paolo-laptop,mongo_source
power_consumption,1704459342393000000,0.09997847062989723,paolo-laptop,mongo_source
power_consumption,1704459343396000000,0.04851411291341151,paolo-laptop,mongo_source
power_consumption,1704459344398000000,0.04841829024300048,paolo-laptop,mongo_source
power_consumption,1704459345400000000,0.04437930200998356,paolo-laptop,mongo_source
power_consumption,1704459346402000000,0.04546751023439169,paolo-laptop,mongo_source
power_consumption,1704459347404000000,0.04648877347644002,paolo-laptop,mongo_source
power_consumption,1704459348406000000,0.04637231849968942,paolo-laptop,mongo_source
power_consumption,1704459349409000000,0.04910148281777918,paolo-laptop,mongo_source
power_consumption,1704459350415000000,0.04673546709822694,paolo-laptop,mongo_source
power_consumption,1704459351421000000,0.04636367189318239,paolo-laptop,mongo_source
power_consumption,1704459352427000000,0.10310289685563262,paolo-laptop,mongo_source
power_consumption,1704459353433000000,0.048134393339207576,paolo-laptop,mongo_source
power_consumption,1704459354438000000,0.046901920272458986,paolo-laptop,mongo_source
power_consumption,1704459355442000000,0.09867169538870821,paolo-laptop,mongo_source
power_consumption,1704459356444000000,0.0470805224652238,paolo-laptop,mongo_source
power_consumption,1704459357450000000,0.04509410871031843,paolo-laptop,mongo_source
power_consumption,1704459358452000000,0.04754280377724346,paolo-laptop,mongo_source
power_consumption,1704459359458000000,0.04341198854999624,paolo-laptop,mongo_source
power_consumption,1704459360460000000,0.04379875040996714,paolo-laptop,mongo_source
power_consumption,1704459361464000000,0.05933204061464305,paolo-laptop,mongo_source
power_consumption,1704459362471000000,0.11780125020696182,paolo-laptop,mongo_source
power_consumption,1704459363473000000,0.06122515733227955,paolo-laptop,mongo_source
power_consumption,1704459364475000000,0.04763383401754467,paolo-laptop,mongo_source
power_consumption,1704459366481000000,0.04476544654312058,paolo-laptop,mongo_source
power_consumption,1704459367483000000,0.046107851975615274,paolo-laptop,mongo_source
power_consumption,1704459375509000000,0.04736756833476749,paolo-laptop,mongo_source
power_consumption,1704459376511000000,0.04778366198891268,paolo-laptop,mongo_source
power_consumption,1704459377512000000,0.04436203671268951,paolo-laptop,mongo_source
power_consumption,1704459378514000000,0.047994494133160405,paolo-laptop,mongo_source
power_consumption,1704459379516000000,0.04489337524671941,paolo-laptop,mongo_source
power_consumption,1704459380518000000,0.04505594317328464,paolo-laptop,mongo_source
power_consumption,1704459381521000000,0.04418994315588723,paolo-laptop,mongo_source
power_consumption,1704459382524000000,0.10859543504030138,paolo-laptop,mongo_source
power_consumption,1704459383526000000,0.04661546483147417,paolo-laptop,mongo_source
power_consumption,1704459384528000000,0.04897345996420656,paolo-laptop,mongo_source
power_consumption,1704459385530000000,0.048064715631974966,paolo-laptop,mongo_source
power_consumption,1704459386532000000,0.04551565332212639,paolo-laptop,mongo_source
power_consumption,1704459387535000000,0.045534499231024164,paolo-laptop,mongo_source
power_consumption,1704459388537000000,0.046068477066026556,paolo-laptop,mongo_source
power_consumption,1704459389539000000,0.04465587328756809,paolo-laptop,mongo_source
power_consumption,1704459390547000000,0.04831058171960954,paolo-laptop,mongo_source
power_consumption,1704459391550000000,0.04457189485425031,paolo-laptop,mongo_source
power_consumption,1704459392553000000,0.10604082015857264,paolo-laptop,mongo_source
power_consumption,1704459393555000000,0.04912597214400666,paolo-laptop,mongo_source
power_consumption,1704459394557000000,0.04636935586071206,paolo-laptop,mongo_source
power_consumption,1704459395559000000,0.04577602815294057,paolo-laptop,mongo_source
power_consumption,1704459396561000000,0.0441096259761326,paolo-laptop,mongo_source
power_consumption,1704459397563000000,0.04445028876271279,paolo-laptop,mongo_source
power_consumption,1704459398565000000,0.048536897417807395,paolo-laptop,mongo_source
power_consumption,1704459399568000000,0.04519234063320336,paolo-laptop,mongo_source
power_consumption,1704459401576000000,0.04885190876275998,paolo-laptop,mongo_source
power_consumption,1704459402578000000,0.11107557881059522,paolo-laptop,mongo_source
power_consumption,1704459406590000000,0.04711071090346408,paolo-laptop,mongo_source
power_consumption,1704459407593000000,0.04183827374507329,paolo-laptop,mongo_source
power_consumption,1704459412607000000,0.1095422407776204,paolo-laptop,mongo_source
power_consumption,1704459414612000000,0.04680696054085905,paolo-laptop,mongo_source
power_consumption,1704459415615000000,0.04904562391105566,paolo-laptop,mongo_source
power_consumption,1704459416619000000,0.05899425116408325,paolo-laptop,mongo_source
power_consumption,1704459417621000000,0.04374944776937223,paolo-laptop,mongo_source
power_consumption,1704459418623000000,0.045487877183835686,paolo-laptop,mongo_source
power_consumption,1704459419625000000,0.045583846811084974,paolo-laptop,mongo_source
power_consumption,1704459420628000000,0.046547696557000626,paolo-laptop,mongo_source
power_consumption,1704459421630000000,0.12957147919883322,paolo-laptop,mongo_source
power_consumption,1704459422632000000,0.06603343937776164,paolo-laptop,mongo_source
power_consumption,1704459423635000000,0.061826055638085825,paolo-laptop,mongo_source
power_consumption,1704459424637000000,0.07412486571838298,paolo-laptop,mongo_source
power_consumption,1704459425639000000,0.04470434436146127,paolo-laptop,mongo_source
power_consumption,1704459426641000000,0.046819270368289694,paolo-laptop,mongo_source
power_consumption,1704459427643000000,0.04379574461588226,paolo-laptop,mongo_source
power_consumption,1704459428645000000,0.08422267843940223,paolo-laptop,mongo_source
power_consumption,1704459433668000000,0.08145664268466855,paolo-laptop,mongo_source
power_consumption,1704459436674000000,0.04296079628474408,paolo-laptop,mongo_source
power_consumption,1704459437676000000,0.04398747723202338,paolo-laptop,mongo_source
power_consumption,1704459441686000000,0.04427932277276686,paolo-laptop,mongo_source
power_consumption,1704459442690000000,0.0690239045567103,paolo-laptop,mongo_source
power_consumption,1704459445698000000,0.04992526269829008,paolo-laptop,mongo_source
power_consumption,1704459446699000000,0.04673370090308573,paolo-laptop,mongo_source
power_consumption,1704459447702000000,0.04968295487484621,paolo-laptop,mongo_source
power_consumption,1704459448705000000,0.04634126101072311,paolo-laptop,mongo_source
power_consumption,1704459449707000000,0.046209706426291866,paolo-laptop,mongo_source
power_consumption,1704459456729000000,0.07176603958106473,paolo-laptop,mongo_source
power_consumption,1704459457731000000,0.08814206797758661,paolo-laptop,mongo_source
power_consumption,1704459460739000000,0.04651800774522487,paolo-laptop,mongo_source
power_consumption,1704459461742000000,0.045034172020571056,paolo-laptop,mongo_source
power_consumption,1704459464750000000,0.045516231910584425,paolo-laptop,mongo_source
power_consumption,1704459467755000000,0.044295368325226604,paolo-laptop,mongo_source
power_consumption,1704459468757000000,0.04388141644796746,paolo-laptop,mongo_source
power_consumption,1704459469759000000,0.04554537396896313,paolo-laptop,mongo_source
power_consumption,1704459470761000000,0.044466027589272795,paolo-laptop,mongo_source
power_consumption,1704459471763000000,0.046059359754879674,paolo-laptop,mongo_source
power_consumption,1704459472766000000,0.07210647817705924,paolo-laptop,mongo_source
power_consumption,1704459473769000000,0.04720239417834919,paolo-laptop,mongo_source
power_consumption,1704459474771000000,0.047108757313562205,paolo-laptop,mongo_source
power_consumption,1704459475774000000,0.044532969063758795,paolo-laptop,mongo_source
power_consumption,1704459476776000000,0.042510494376614576,paolo-laptop,mongo_source
power_consumption,1704459477778000000,0.043283318408022804,paolo-laptop,mongo_source
power_consumption,1704459478780000000,0.04534643409247878,paolo-laptop,mongo_source
power_consumption,1704459479782000000,0.04588759078767283,paolo-laptop,mongo_source
power_consumption,1704459480785000000,0.04789397626681324,paolo-laptop,mongo_source
power_consumption,1704459482790000000,0.08901500960315845,paolo-laptop,mongo_source
power_consumption,1704459483792000000,0.06069747112279578,paolo-laptop,mongo_source
power_consumption,1704459484794000000,0.042102057179158506,paolo-laptop,mongo_source
power_consumption,1704459485796000000,0.04851115930053447,paolo-laptop,mongo_source
power_consumption,1704459486798000000,0.04493432623703165,paolo-laptop,mongo_source
power_consumption,1704459487800000000,0.045249665915071444,paolo-laptop,mongo_source
power_consumption,1704459488808000000,0.046486372742650495,paolo-laptop,mongo_source
power_consumption,1704459489812000000,0.045954438460998386,paolo-laptop,mongo_source
power_consumption,1704459490814000000,0.04511937537373999,paolo-laptop,mongo_source
power_consumption,1704459491817000000,0.04270851604334332,paolo-laptop,mongo_source
power_consumption,1704459492818000000,0.0774604205452673,paolo-laptop,mongo_source
power_consumption,1704459493820000000,0.04648703673742221,paolo-laptop,mongo_source
power_consumption,1704459494821000000,0.04505826125410324,paolo-laptop,mongo_source
power_consumption,1704459495823000000,0.044564930661637414,paolo-laptop,mongo_source
power_consumption,1704459496827000000,0.045195334948439095,paolo-laptop,mongo_source
power_consumption,1704459498830000000,0.04518305096622472,paolo-laptop,mongo_source
power_consumption,1704459499832000000,0.04375045135528471,paolo-laptop,mongo_source
power_consumption,1704459500834000000,0.045389835358380426,paolo-laptop,mongo_source
power_consumption,1704459503842000000,0.04921495610591465,paolo-laptop,mongo_source
power_consumption,1704459504844000000,0.045587451320258376,paolo-laptop,mongo_source
power_consumption,1704459506849000000,0.0446425831591604,paolo-laptop,mongo_source
power_consumption,1704459507851000000,0.04688852869668743,paolo-laptop,mongo_source
power_consumption,1704459508852000000,0.04404578093982765,paolo-laptop,mongo_source
power_consumption,1704459509855000000,0.04273829134443729,paolo-laptop,mongo_source
power_consumption,1704459510857000000,0.04533035163290397,paolo-laptop,mongo_source
power_consumption,1704459511859000000,0.044442663421202094,paolo-laptop,mongo_source
power_consumption,1704459512861000000,0.07773486499870932,paolo-laptop,mongo_source
power_consumption,1704459513863000000,0.04733549399500999,paolo-laptop,mongo_source
power_consumption,1704459514865000000,0.04526867839457273,paolo-laptop,mongo_source
power_consumption,1704459515867000000,0.04527604702934698,paolo-laptop,mongo_source
power_consumption,1704459516869000000,0.04648615684221188,paolo-laptop,mongo_source
power_consumption,1704459517870000000,0.04586602758895111,paolo-laptop,mongo_source
power_consumption,1704459518875000000,0.02362036324684916,paolo-laptop,mongo_source
power_consumption,1704459523888000000,0.04899893094627168,paolo-laptop,mongo_source
power_consumption,1704459525901000000,0.024087028869831797,paolo-laptop,mongo_source
power_consumption,1704459527907000000,0.04266758560720134,paolo-laptop,mongo_source
power_consumption,1704459533924000000,0.04637809493021174,paolo-laptop,mongo_source
power_consumption,1704459544957000000,0.07392292061790291,paolo-laptop,mongo_source
power_consumption,1704459550971000000,0.02421083408326192,paolo-laptop,mongo_source
power_consumption,1704459563008000000,0.07577010866096835,paolo-laptop,mongo_source
power_consumption,1704459567020000000,0.02151212131116398,paolo-laptop,mongo_source
power_consumption,1704459568022000000,0.027388679195478598,paolo-laptop,mongo_source
power_consumption,1704459569024000000,0.059492540286915634,paolo-laptop,mongo_source
power_consumption,1704459570026000000,0.06594842837492285,paolo-laptop,mongo_source
power_consumption,1704459571028000000,0.06226465957760912,paolo-laptop,mongo_source
power_consumption,1704459572030000000,0.12684907041311622,paolo-laptop,mongo_source
power_consumption,1704459573032000000,0.05627389235871556,paolo-laptop,mongo_source
power_consumption,1704459574033000000,0.06421721593036261,paolo-laptop,mongo_source
power_consumption,1704459575035000000,0.07114112363227945,paolo-laptop,mongo_source
power_consumption,1704459576038000000,0.07233372426310511,paolo-laptop,mongo_source
power_consumption,1704459577039000000,0.06280490738129994,paolo-laptop,mongo_source
power_consumption,1704459578043000000,0.0231239782600001,paolo-laptop,mongo_source
power_consumption,1704459579046000000,0.025422327849835467,paolo-laptop,mongo_source
power_consumption,1704459580048000000,0.02308438734111466,paolo-laptop,mongo_source
power_consumption,1704459581051000000,0.023388399028671587,paolo-laptop,mongo_source
power_consumption,1704459582053000000,0.10816051002470911,paolo-laptop,mongo_source
power_consumption,1704459583055000000,0.021707148880879233,paolo-laptop,mongo_source
power_consumption,1704459584057000000,0.06594247795726763,paolo-laptop,mongo_source
power_consumption,1704459587062000000,0.05359057852594647,paolo-laptop,mongo_source
power_consumption,1704459588066000000,0.022854807678177262,paolo-laptop,mongo_source
power_consumption,1704459591074000000,0.04967891938322913,paolo-laptop,mongo_source
power_consumption,1704459593080000000,0.027139763514034396,paolo-laptop,mongo_source
power_consumption,1704459594082000000,0.024739035265948783,paolo-laptop,mongo_source
power_consumption,1704459595085000000,0.05327219683229624,paolo-laptop,mongo_source
power_consumption,1704459596087000000,0.05706038376980897,paolo-laptop,mongo_source
power_consumption,1704459597090000000,0.05618259975431113,paolo-laptop,mongo_source
power_consumption,1704459598092000000,0.06355527348124676,paolo-laptop,mongo_source
power_consumption,1704459599094000000,0.08399615776853651,paolo-laptop,mongo_source
power_consumption,1704459600096000000,0.02155206325137412,paolo-laptop,mongo_source
power_consumption,1704459601099000000,0.05894283221956343,paolo-laptop,mongo_source
power_consumption,1704459602101000000,0.12149790817946565,paolo-laptop,mongo_source
power_consumption,1704459603104000000,0.09689515291754103,paolo-laptop,mongo_source
power_consumption,1704459604108000000,0.08113193769832722,paolo-laptop,mongo_source
power_consumption,1704459606112000000,0.03215951117740881,paolo-laptop,mongo_source
power_consumption,1704459607114000000,0.11038651350869702,paolo-laptop,mongo_source
power_consumption,1704459608116000000,0.029213303658444347,paolo-laptop,mongo_source
power_consumption,1704459609120000000,0.04031883221329264,paolo-laptop,mongo_source
power_consumption,1704459611123000000,0.04131887435325903,paolo-laptop,mongo_source
power_consumption,1704459612125000000,0.11508632141763134,paolo-laptop,mongo_source
power_consumption,1704459613128000000,0.0969501648011835,paolo-laptop,mongo_source
power_consumption,1704459614133000000,0.04758392210674904,paolo-laptop,mongo_source
power_consumption,1704459615140000000,0.02382981534628761,paolo-laptop,mongo_source
power_consumption,1704459616142000000,0.023409696229967348,paolo-laptop,mongo_source
power_consumption,1704459617144000000,0.05381755047910319,paolo-laptop,mongo_source
power_consumption,1704459618145000000,0.07214786364258956,paolo-laptop,mongo_source
power_consumption,1704459619148000000,0.05766141635589987,paolo-laptop,mongo_source
power_consumption,1704459620150000000,0.04411746861258256,paolo-laptop,mongo_source
power_consumption,1704459621152000000,0.024386740300295785,paolo-laptop,mongo_source
power_consumption,1704459622154000000,0.11801116450566856,paolo-laptop,mongo_source
power_consumption,1704459623155000000,0.02349500514221936,paolo-laptop,mongo_source
power_consumption,1704459624157000000,0.060454804579899137,paolo-laptop,mongo_source
power_consumption,1704459625162000000,0.023890335306984763,paolo-laptop,mongo_source
power_consumption,1704459627182000000,0.022465144126395872,paolo-laptop,mongo_source
power_consumption,1704459628187000000,0.022267225576258726,paolo-laptop,mongo_source
power_consumption,1704459631201000000,0.02252220231440485,paolo-laptop,mongo_source
power_consumption,1704459632206000000,0.12277942082909701,paolo-laptop,mongo_source
power_consumption,1704459633207000000,0.026842456873004128,paolo-laptop,mongo_source
power_consumption,1704459634209000000,0.06545033267520886,paolo-laptop,mongo_source
power_consumption,1704459635213000000,0.06905589115115407,paolo-laptop,mongo_source
power_consumption,1704459637219000000,0.0696228363197042,paolo-laptop,mongo_source
power_consumption,1704459640228000000,0.05797042755087276,paolo-laptop,mongo_source
power_consumption,1704459641231000000,0.024381993494614097,paolo-laptop,mongo_source
power_consumption,1704459642235000000,0.10707193870428977,paolo-laptop,mongo_source
power_consumption,1704459643237000000,0.027676887859160438,paolo-laptop,mongo_source
power_consumption,1704459644239000000,0.05405696838443378,paolo-laptop,mongo_source
power_consumption,1704459645240000000,0.024910379484187534,paolo-laptop,mongo_source
power_consumption,1704459646246000000,0.02270466052445312,paolo-laptop,mongo_source
power_consumption,1704459647249000000,0.11993460073049196,paolo-laptop,mongo_source
power_consumption,1704459648251000000,0.023353399432145004,paolo-laptop,mongo_source
power_consumption,1704459649253000000,0.06365963352009038,paolo-laptop,mongo_source
power_consumption,1704459650255000000,0.06214555030624471,paolo-laptop,mongo_source
power_consumption,1704459651259000000,0.021964910242307983,paolo-laptop,mongo_source
power_consumption,1704459652262000000,0.1059793084057503,paolo-laptop,mongo_source
power_consumption,1704459653264000000,0.12896952439763804,paolo-laptop,mongo_source
power_consumption,1704459654268000000,0.02893300813457778,paolo-laptop,mongo_source
power_consumption,1704459655272000000,0.024111857463750285,paolo-laptop,mongo_source
power_consumption,1704459656276000000,0.038232164125120864,paolo-laptop,mongo_source
power_consumption,1704459657278000000,0.03944040499826851,paolo-laptop,mongo_source
power_consumption,1704459658280000000,0.06037121848699458,paolo-laptop,mongo_source
power_consumption,1704459659283000000,0.06266079260404894,paolo-laptop,mongo_source
power_consumption,1704459660285000000,0.05638731254334539,paolo-laptop,mongo_source
power_consumption,1704459661286000000,0.07288168858226042,paolo-laptop,mongo_source
power_consumption,1704459662289000000,0.12944309018850841,paolo-laptop,mongo_source
power_consumption,1704459663291000000,0.08027879497796284,paolo-laptop,mongo_source
power_consumption,1704459664295000000,0.05616322430540947,paolo-laptop,mongo_source
power_consumption,1704459665297000000,0.05812757037811207,paolo-laptop,mongo_source
power_consumption,1704459666299000000,0.06228629724513651,paolo-laptop,mongo_source
power_consumption,1704459667302000000,0.06089759631491757,paolo-laptop,mongo_source
power_consumption,1704459668306000000,0.04090660041637882,paolo-laptop,mongo_source
power_consumption,1704459669309000000,0.02200063898947853,paolo-laptop,mongo_source
power_consumption,1704459670311000000,0.052416405268848956,paolo-laptop,mongo_source
power_consumption,1704459671314000000,0.06350714982033923,paolo-laptop,mongo_source
power_consumption,1704459673318000000,0.06095469504807004,paolo-laptop,mongo_source
power_consumption,1704459674320000000,0.06268142730959686,paolo-laptop,mongo_source
power_consumption,1704459675322000000,0.06330077429498102,paolo-laptop,mongo_source
power_consumption,1704459676324000000,0.05858218516982815,paolo-laptop,mongo_source
power_consumption,1704459677326000000,0.05863581372228828,paolo-laptop,mongo_source
power_consumption,1704459678328000000,0.05564297711662315,paolo-laptop,mongo_source
power_consumption,1704459679330000000,0.057195334456228625,paolo-laptop,mongo_source
power_consumption,1704459680333000000,0.055202006103977505,paolo-laptop,mongo_source
power_consumption,1704459681335000000,0.05848166853294679,paolo-laptop,mongo_source
power_consumption,1704459682337000000,0.1425398151485811,paolo-laptop,mongo_source
power_consumption,1704459683339000000,0.06834343119950184,paolo-laptop,mongo_source
power_consumption,1704459684341000000,0.06049693448515367,paolo-laptop,mongo_source
power_consumption,1704459685344000000,0.06060026880236948,paolo-laptop,mongo_source
power_consumption,1704459686346000000,0.05945326158106859,paolo-laptop,mongo_source
power_consumption,1704459687349000000,0.06000645340000045,paolo-laptop,mongo_source
power_consumption,1704459688351000000,0.07444123777266605,paolo-laptop,mongo_source
power_consumption,1704459689352000000,0.02426106326351505,paolo-laptop,mongo_source
power_consumption,1704459691369000000,0.021866034360905427,paolo-laptop,mongo_source
power_consumption,1704459692371000000,0.1252867489154188,paolo-laptop,mongo_source
power_consumption,1704459693376000000,0.10867126555156659,paolo-laptop,mongo_source
power_consumption,1704459694378000000,0.05973874365040096,paolo-laptop,mongo_source
power_consumption,1704459695382000000,0.1191812253974228,paolo-laptop,mongo_source
power_consumption,1704459699397000000,0.03854503205332769,paolo-laptop,mongo_source
power_consumption,1704459700399000000,0.023158492335868176,paolo-laptop,mongo_source
power_consumption,1704459701402000000,0.046045120583321344,paolo-laptop,mongo_source
power_consumption,1704459702404000000,0.11090083953397445,paolo-laptop,mongo_source
power_consumption,1704459703408000000,0.0597276795929655,paolo-laptop,mongo_source
power_consumption,1704459704414000000,0.06903731501216512,paolo-laptop,mongo_source
power_consumption,1704459705421000000,0.05194553232544172,paolo-laptop,mongo_source
power_consumption,1704459706441000000,0.023920680853106,paolo-laptop,mongo_source
power_consumption,1704459707443000000,0.05404515745024141,paolo-laptop,mongo_source
power_consumption,1704459708445000000,0.057063441090558206,paolo-laptop,mongo_source
power_consumption,1704459709447000000,0.053206173167253845,paolo-laptop,mongo_source
power_consumption,1704459710449000000,0.053475972620040724,paolo-laptop,mongo_source
power_consumption,1704459711451000000,0.056705722929390835,paolo-laptop,mongo_source
power_consumption,1704459712453000000,0.11099141566193244,paolo-laptop,mongo_source
power_consumption,1704459714460000000,0.052512473444978544,paolo-laptop,mongo_source
power_consumption,1704459715462000000,0.04125432848076206,paolo-laptop,mongo_source
power_consumption,1704459716468000000,0.039752434816703375,paolo-laptop,mongo_source
power_consumption,1704459717472000000,0.12595806524834133,paolo-laptop,mongo_source
power_consumption,1704459718473000000,0.027424001052051113,paolo-laptop,mongo_source
power_consumption,1704459720479000000,0.048574428680386,paolo-laptop,mongo_source
power_consumption,1704459722485000000,0.03345521420367387,paolo-laptop,mongo_source
power_consumption,1704459723486000000,0.04983662350818853,paolo-laptop,mongo_source
power_consumption,1704459725495000000,0.056368808959091174,paolo-laptop,mongo_source
power_consumption,1704459726499000000,0.04895921685872668,paolo-laptop,mongo_source
power_consumption,1704459727503000000,0.02734912397242356,paolo-laptop,mongo_source
power_consumption,1704459729506000000,0.060290043946104425,paolo-laptop,mongo_source
power_consumption,1704459731515000000,0.04972212576015203,paolo-laptop,mongo_source
power_consumption,1704459733521000000,0.0242649215910237,paolo-laptop,mongo_source
power_consumption,1704459734523000000,0.06345386132821375,paolo-laptop,mongo_source
power_consumption,1704459735527000000,0.027188751362402647,paolo-laptop,mongo_source
power_consumption,1704459736531000000,0.03399282257424057,paolo-laptop,mongo_source
power_consumption,1704459737533000000,0.05184998861890903,paolo-laptop,mongo_source
power_consumption,1704459739539000000,0.023689649288603072,paolo-laptop,mongo_source
power_consumption,1704459740542000000,0.048132337571294564,paolo-laptop,mongo_source
power_consumption,1704459741545000000,0.027603866902552194,paolo-laptop,mongo_source
power_consumption,1704459742551000000,0.07810153301525788,paolo-laptop,mongo_source
power_consumption,1704459743553000000,0.05963211748864024,paolo-laptop,mongo_source
power_consumption,1704459744556000000,0.060616829003580654,paolo-laptop,mongo_source
power_consumption,1704459745558000000,0.04870403308309179,paolo-laptop,mongo_source
power_consumption,1704459746560000000,0.04681209037971236,paolo-laptop,mongo_source
power_consumption,1704459747562000000,0.05333340240491711,paolo-laptop,mongo_source
power_consumption,1704459748565000000,0.05806340297957038,paolo-laptop,mongo_source
power_consumption,1704459749568000000,0.040758203748116735,paolo-laptop,mongo_source
power_consumption,1704459750571000000,0.028568814933445985,paolo-laptop,mongo_source
power_consumption,1704459752574000000,0.06438715915769964,paolo-laptop,mongo_source
power_consumption,1704459753576000000,0.0638697638171431,paolo-laptop,mongo_source
power_consumption,1704459754579000000,0.062100454765129244,paolo-laptop,mongo_source
power_consumption,1704459755580000000,0.0608584866748761,paolo-laptop,mongo_source
power_consumption,1704459756582000000,0.06436981519775828,paolo-laptop,mongo_source
power_consumption,1704459757584000000,0.0633481956977136,paolo-laptop,mongo_source
power_consumption,1704459758585000000,0.06289839898441918,paolo-laptop,mongo_source
power_consumption,1704459760589000000,0.041940811878412955,paolo-laptop,mongo_source
power_consumption,1704459761591000000,0.05692006286866171,paolo-laptop,mongo_source
power_consumption,1704459763596000000,0.12977392350037614,paolo-laptop,mongo_source
power_consumption,1704459764598000000,0.04555230840872833,paolo-laptop,mongo_source
power_consumption,1704459765599000000,0.026164331005247222,paolo-laptop,mongo_source
power_consumption,1704459766601000000,0.06102942313792139,paolo-laptop,mongo_source
power_consumption,1704459767602000000,0.06072666910475969,paolo-laptop,mongo_source
power_consumption,1704459768604000000,0.06373490154470637,paolo-laptop,mongo_source
power_consumption,1704459769605000000,0.05771237538508894,paolo-laptop,mongo_source
power_consumption,1704459770607000000,0.056506478243689755,paolo-laptop,mongo_source
power_consumption,1704459771610000000,0.06397535136180807,paolo-laptop,mongo_source
power_consumption,1704459772612000000,0.08413805932869126,paolo-laptop,mongo_source
power_consumption,1704459773614000000,0.06071558824675113,paolo-laptop,mongo_source
power_consumption,1704459774616000000,0.051944909633910546,paolo-laptop,mongo_source
power_consumption,1704459775620000000,0.060336873520174396,paolo-laptop,mongo_source
power_consumption,1704459776623000000,0.033515778220177386,paolo-laptop,mongo_source
power_consumption,1704459777625000000,0.049896949912991345,paolo-laptop,mongo_source
power_consumption,1704459778630000000,0.0578474726753402,paolo-laptop,mongo_source
power_consumption,1704459779634000000,0.056618399517065474,paolo-laptop,mongo_source
power_consumption,1704459780636000000,0.05134193926946091,paolo-laptop,mongo_source
power_consumption,1704459782641000000,0.1107624928413545,paolo-laptop,mongo_source
power_consumption,1704459783643000000,0.046926680563402684,paolo-laptop,mongo_source
power_consumption,1704459784644000000,0.053174286902194084,paolo-laptop,mongo_source
power_consumption,1704459785648000000,0.07188582264834723,paolo-laptop,mongo_source
power_consumption,1704459787655000000,0.05382751963665254,paolo-laptop,mongo_source
power_consumption,1704459788657000000,0.04545919324303345,paolo-laptop,mongo_source
power_consumption,1704459789661000000,0.06882507394556833,paolo-laptop,mongo_source
power_consumption,1704459790663000000,0.11222503754578139,paolo-laptop,mongo_source
power_consumption,1704459791666000000,0.14442698512107183,paolo-laptop,mongo_source
power_consumption,1704459793672000000,0.07825189181450602,paolo-laptop,mongo_source
power_consumption,1704459794674000000,0.0359795861273098,paolo-laptop,mongo_source
power_consumption,1704459795675000000,0.06636080262124905,paolo-laptop,mongo_source
power_consumption,1704459796679000000,0.04507588293275852,paolo-laptop,mongo_source
power_consumption,1704459800695000000,0.02648312888807825,paolo-laptop,mongo_source
power_consumption,1704459806716000000,0.11349701315729023,paolo-laptop,mongo_source
power_consumption,1704459807718000000,0.046739717974494,paolo-laptop,mongo_source
power_consumption,1704459808722000000,0.024626008014122933,paolo-laptop,mongo_source
power_consumption,1704459809724000000,0.02542498844832554,paolo-laptop,mongo_source
power_consumption,1704459812736000000,0.08495460270487133,paolo-laptop,mongo_source
power_consumption,1704459813738000000,0.08744934682069228,paolo-laptop,mongo_source
power_consumption,1704459815743000000,0.06310062672539399,paolo-laptop,mongo_source
power_consumption,1704459816745000000,0.0823793966475635,paolo-laptop,mongo_source
power_consumption,1704459818751000000,0.025238957182292486,paolo-laptop,mongo_source
power_consumption,1704459819752000000,0.056081527142379725,paolo-laptop,mongo_source
power_consumption,1704459820754000000,0.13808626030044638,paolo-laptop,mongo_source
power_consumption,1704459822757000000,0.0825057037379353,paolo-laptop,mongo_source
power_consumption,1704459823759000000,0.06009306668088468,paolo-laptop,mongo_source
power_consumption,1704459824761000000,0.06482231592254546,paolo-laptop,mongo_source
power_consumption,1704459826772000000,0.08823010255927818,paolo-laptop,mongo_source
power_consumption,1704459827778000000,0.0275211659577575,paolo-laptop,mongo_source
power_consumption,1704459828781000000,0.02352418494045157,paolo-laptop,mongo_source
power_consumption,1704459829785000000,0.049074221334008364,paolo-laptop,mongo_source
power_consumption,1704459830786000000,0.02528893956943646,paolo-laptop,mongo_source
power_consumption,1704459831788000000,0.05509848083447476,paolo-laptop,mongo_source
power_consumption,1704459832791000000,0.08805768949948092,paolo-laptop,mongo_source
power_consumption,1704459835801000000,0.058955005393522865,paolo-laptop,mongo_source
power_consumption,1704459836803000000,0.06804273248501932,paolo-laptop,mongo_source
power_consumption,1704459837805000000,0.047569776981450304,paolo-laptop,mongo_source
power_consumption,1704459838807000000,0.06455181208017559,paolo-laptop,mongo_source
power_consumption,1704459839813000000,0.07226999737474878,paolo-laptop,mongo_source
power_consumption,1704459840822000000,0.16671887198549848,paolo-laptop,mongo_source
power_consumption,1704459841823000000,0.10866432393826188,paolo-laptop,mongo_source
power_consumption,1704459842827000000,0.0999815408207079,paolo-laptop,mongo_source
power_consumption,1704459843829000000,0.07714458612167821,paolo-laptop,mongo_source
power_consumption,1704459844832000000,0.13130424894488385,paolo-laptop,mongo_source
power_consumption,1704459845834000000,0.08034468029159941,paolo-laptop,mongo_source
power_consumption,1704459846838000000,0.10289131787129721,paolo-laptop,mongo_source
power_consumption,1704459847842000000,0.1013355776179478,paolo-laptop,mongo_source
power_consumption,1704459848844000000,0.027994974721392712,paolo-laptop,mongo_source
power_consumption,1704459849848000000,0.04380271339241935,paolo-laptop,mongo_source
power_consumption,1704459850849000000,0.03999081200650946,paolo-laptop,mongo_source
power_consumption,1704459851853000000,0.02412603262351033,paolo-laptop,mongo_source
power_consumption,1704459852857000000,0.1738090535531411,paolo-laptop,mongo_source
power_consumption,1704459853860000000,0.0395867524036059,paolo-laptop,mongo_source
power_consumption,1704459854862000000,0.08089900087613774,paolo-laptop,mongo_source
power_consumption,1704459855866000000,0.02410293947814824,paolo-laptop,mongo_source
power_consumption,1704459856868000000,0.027410081571656933,paolo-laptop,mongo_source
power_consumption,1704459857869000000,0.03593876825270872,paolo-laptop,mongo_source
power_consumption,1704459858873000000,0.048673711395927646,paolo-laptop,mongo_source
power_consumption,1704459859877000000,0.035038847209505904,paolo-laptop,mongo_source
power_consumption,1704459860879000000,0.04248088690676773,paolo-laptop,mongo_source
power_consumption,1704459861880000000,0.06129797036008412,paolo-laptop,mongo_source
power_consumption,1704459863883000000,0.06669517948617726,paolo-laptop,mongo_source
power_consumption,1704459864885000000,0.05785380393087097,paolo-laptop,mongo_source
power_consumption,1704459865887000000,0.058391494973058344,paolo-laptop,mongo_source
power_consumption,1704459866890000000,0.028790987990870622,paolo-laptop,mongo_source
power_consumption,1704459867894000000,0.10192678958124402,paolo-laptop,mongo_source
power_consumption,1704459868896000000,0.034716098254237375,paolo-laptop,mongo_source
power_consumption,1704459869898000000,0.060648211373994294,paolo-laptop,mongo_source
power_consumption,1704459870900000000,0.060652451336223344,paolo-laptop,mongo_source
power_consumption,1704459871902000000,0.06473336490276288,paolo-laptop,mongo_source
power_consumption,1704459872904000000,0.12083352235895002,paolo-laptop,mongo_source
power_consumption,1704459873906000000,0.06824239944828023,paolo-laptop,mongo_source
power_consumption,1704459874910000000,0.0693850597650425,paolo-laptop,mongo_source
power_consumption,1704459875911000000,0.07079432473869898,paolo-laptop,mongo_source
power_consumption,1704459876913000000,0.07275298038632796,paolo-laptop,mongo_source
power_consumption,1704459877915000000,0.061684304217101214,paolo-laptop,mongo_source
power_consumption,1704459878917000000,0.07761015076237032,paolo-laptop,mongo_source
power_consumption,1704459879919000000,0.0658961387478613,paolo-laptop,mongo_source
power_consumption,1704459880921000000,0.07488080071810735,paolo-laptop,mongo_source
power_consumption,1704459881922000000,0.06332281517925452,paolo-laptop,mongo_source
power_consumption,1704459882925000000,0.1268019976837684,paolo-laptop,mongo_source
power_consumption,1704459883928000000,0.10960474181025417,paolo-laptop,mongo_source
power_consumption,1704459884930000000,0.02465113855121995,paolo-laptop,mongo_source
power_consumption,1704459885932000000,0.06888720424326783,paolo-laptop,mongo_source
power_consumption,1704459886936000000,0.09039410001013384,paolo-laptop,mongo_source
power_consumption,1704459887940000000,0.08087872947794306,paolo-laptop,mongo_source
power_consumption,1704459888942000000,0.03573471265872475,paolo-laptop,mongo_source
power_consumption,1704459889944000000,0.09027670490669759,paolo-laptop,mongo_source
power_consumption,1704459890946000000,0.08074024220766306,paolo-laptop,mongo_source
power_consumption,1704459891948000000,0.06340584421298928,paolo-laptop,mongo_source
power_consumption,1704459892950000000,0.11038907698243512,paolo-laptop,mongo_source
power_consumption,1704459893951000000,0.04065344397623601,paolo-laptop,mongo_source
power_consumption,1704459894954000000,0.05988687375432656,paolo-laptop,mongo_source
power_consumption,1704459895956000000,0.04785604395411508,paolo-laptop,mongo_source
power_consumption,1704459896959000000,0.06359863574717678,paolo-laptop,mongo_source
power_consumption,1704459897961000000,0.0624711774591547,paolo-laptop,mongo_source
power_consumption,1704459898966000000,0.07656915588147425,paolo-laptop,mongo_source
power_consumption,1704459899968000000,0.07192536305069017,paolo-laptop,mongo_source
power_consumption,1704459900970000000,0.2205758133695592,paolo-laptop,mongo_source
power_consumption,1704459901974000000,0.2657499933351149,paolo-laptop,mongo_source
power_consumption,1704459902976000000,0.11452541425526218,paolo-laptop,mongo_source
power_consumption,1704459903977000000,0.07901653952471788,paolo-laptop,mongo_source
power_consumption,1704459904982000000,0.04728091855908384,paolo-laptop,mongo_source
power_consumption,1704459906987000000,0.12531154752084855,paolo-laptop,mongo_source
power_consumption,1704459907989000000,0.05340506689446956,paolo-laptop,mongo_source
power_consumption,1704459908991000000,0.08304766743121822,paolo-laptop,mongo_source
power_consumption,1704459909993000000,0.08679760415449728,paolo-laptop,mongo_source
power_consumption,1704459910995000000,0.07561467191697033,paolo-laptop,mongo_source
power_consumption,1704459911997000000,0.11919722034431367,paolo-laptop,mongo_source
power_consumption,1704459914017000000,0.0371478705580359,paolo-laptop,mongo_source
power_consumption,1704459915020000000,0.059043150446784605,paolo-laptop,mongo_source
power_consumption,1704459916021000000,0.09757876113146277,paolo-laptop,mongo_source
power_consumption,1704459917025000000,0.0506193352746373,paolo-laptop,mongo_source
power_consumption,1704459918028000000,0.11221894962859291,paolo-laptop,mongo_source
power_consumption,1704459919029000000,0.1214769512823122,paolo-laptop,mongo_source
power_consumption,1704459920033000000,0.07295144345461588,paolo-laptop,mongo_source
power_consumption,1704459921035000000,0.08320019228445003,paolo-laptop,mongo_source
power_consumption,1704459922037000000,0.10553832884940208,paolo-laptop,mongo_source
power_consumption,1704459923038000000,0.11382700025577501,paolo-laptop,mongo_source
power_consumption,1704459924040000000,0.07575522894658795,paolo-laptop,mongo_source
power_consumption,1704459925043000000,0.04412652954123249,paolo-laptop,mongo_source
power_consumption,1704459927051000000,0.029026774493376272,paolo-laptop,mongo_source
power_consumption,1704459928055000000,0.1016368547751067,paolo-laptop,mongo_source
power_consumption,1704459929056000000,0.026982225755847578,paolo-laptop,mongo_source
power_consumption,1704459930060000000,0.045726569363676306,paolo-laptop,mongo_source
power_consumption,1704459931064000000,0.1730714734162061,paolo-laptop,mongo_source
power_consumption,1704459932068000000,0.15769572444987767,paolo-laptop,mongo_source
power_consumption,1704459933070000000,0.16329383580400283,paolo-laptop,mongo_source
power_consumption,1704459934074000000,0.038652962794135416,paolo-laptop,mongo_source
power_consumption,1704459935078000000,0.02767514173960826,paolo-laptop,mongo_source
power_consumption,1704459936082000000,0.02580531121682965,paolo-laptop,mongo_source
power_consumption,1704459937086000000,0.1860633250324636,paolo-laptop,mongo_source
power_consumption,1704459938088000000,0.10046166144324113,paolo-laptop,mongo_source
power_consumption,1704459939091000000,0.11390928321674279,paolo-laptop,mongo_source
power_consumption,1704459940096000000,0.18641001039092292,paolo-laptop,mongo_source
power_consumption,1704459941100000000,0.11966481972031486,paolo-laptop,mongo_source
power_consumption,1704459942102000000,0.10689072920743303,paolo-laptop,mongo_source
power_consumption,1704459943106000000,0.045421704750949685,paolo-laptop,mongo_source
power_consumption,1704459944109000000,0.18488968368178127,paolo-laptop,mongo_source
power_consumption,1704459945113000000,0.05545552884917972,paolo-laptop,mongo_source
power_consumption,1704459946118000000,0.03591239503687846,paolo-laptop,mongo_source
power_consumption,1704459947120000000,0.03634870034027808,paolo-laptop,mongo_source
power_consumption,1704459948124000000,0.08775073627383995,paolo-laptop,mongo_source
power_consumption,1704459949127000000,0.12590501895030123,paolo-laptop,mongo_source
power_consumption,1704459950132000000,0.039760568231646365,paolo-laptop,mongo_source
power_consumption,1704459951133000000,0.027718652614639995,paolo-laptop,mongo_source
power_consumption,1704459952137000000,0.13622926701166754,paolo-laptop,mongo_source
power_consumption,1704459953138000000,0.04595738859112428,paolo-laptop,mongo_source
power_consumption,1704459954140000000,0.049968154842223056,paolo-laptop,mongo_source
power_consumption,1704459955142000000,0.08497793275920498,paolo-laptop,mongo_source
power_consumption,1704459956144000000,0.037198540132071814,paolo-laptop,mongo_source
power_consumption,1704459957145000000,0.04932370291796569,paolo-laptop,mongo_source
power_consumption,1704459958147000000,0.04186935560990379,paolo-laptop,mongo_source
power_consumption,1704459959149000000,0.02634308394450826,paolo-laptop,mongo_source
power_consumption,1704459960150000000,0.043882422933124575,paolo-laptop,mongo_source
power_consumption,1704459961153000000,0.0679004531358517,paolo-laptop,mongo_source
power_consumption,1704459962155000000,0.14309471924712983,paolo-laptop,mongo_source
power_consumption,1704459963157000000,0.10186601754702526,paolo-laptop,mongo_source
power_consumption,1704459964159000000,0.05202965814781944,paolo-laptop,mongo_source
power_consumption,1704459965162000000,0.04508672045266511,paolo-laptop,mongo_source
power_consumption,1704459966164000000,0.027392704414011725,paolo-laptop,mongo_source
power_consumption,1704459967166000000,0.05146452838621303,paolo-laptop,mongo_source
power_consumption,1704459968173000000,0.1254133169937427,paolo-laptop,mongo_source
power_consumption,1704459969175000000,0.055286414451870804,paolo-laptop,mongo_source
power_consumption,1704459970177000000,0.061315717633975704,paolo-laptop,mongo_source
power_consumption,1704459971181000000,0.1393413657997581,paolo-laptop,mongo_source
power_consumption,1704459972187000000,0.11380521405098096,paolo-laptop,mongo_source
power_consumption,1704459973190000000,0.03624619569687582,paolo-laptop,mongo_source
power_consumption,1704459974192000000,0.05745862628217617,paolo-laptop,mongo_source
power_consumption,1704459975194000000,0.05774160830467373,paolo-laptop,mongo_source
power_consumption,1704459976202000000,0.02671690175681554,paolo-laptop,mongo_source
power_consumption,1704459977208000000,0.19802553154506866,paolo-laptop,mongo_source
power_consumption,1704459978210000000,0.027949235492824454,paolo-laptop,mongo_source
power_consumption,1704459979211000000,0.07337806506076544,paolo-laptop,mongo_source
power_consumption,1704459980215000000,0.08334396472939122,paolo-laptop,mongo_source
power_consumption,1704459981218000000,0.19046855420191555,paolo-laptop,mongo_source
power_consumption,1704459982223000000,0.11978403610181088,paolo-laptop,mongo_source
power_consumption,1704459983227000000,0.02917564766434972,paolo-laptop,mongo_source
power_consumption,1704459984231000000,0.18607980907102897,paolo-laptop,mongo_source
power_consumption,1704459985233000000,0.041956809432997684,paolo-laptop,mongo_source
power_consumption,1704459986237000000,0.034674029703555806,paolo-laptop,mongo_source
power_consumption,1704459987239000000,0.02831415267379723,paolo-laptop,mongo_source
power_consumption,1704459988241000000,0.22096700883071524,paolo-laptop,mongo_source
power_consumption,1704459989244000000,0.05773932371616562,paolo-laptop,mongo_source
power_consumption,1704459990247000000,0.07346097474444631,paolo-laptop,mongo_source
power_consumption,1704459991249000000,0.06968968468053542,paolo-laptop,mongo_source
power_consumption,1704459992250000000,0.23473955061310636,paolo-laptop,mongo_source
power_consumption,1704459993252000000,0.07227472524047582,paolo-laptop,mongo_source
power_consumption,1704459994254000000,0.13896804706103788,paolo-laptop,mongo_source
power_consumption,1704459995256000000,0.06001140231887721,paolo-laptop,mongo_source
power_consumption,1704459996258000000,0.04763001790086033,paolo-laptop,mongo_source
power_consumption,1704459997260000000,0.055414423134334645,paolo-laptop,mongo_source
power_consumption,1704459998263000000,0.05485938483551597,paolo-laptop,mongo_source
power_consumption,1704459999265000000,0.056378932903879075,paolo-laptop,mongo_source
power_consumption,1704460000267000000,0.05195062371765422,paolo-laptop,mongo_source
power_consumption,1704460001269000000,0.0523436184593615,paolo-laptop,mongo_source
power_consumption,1704460002272000000,0.10571517553589335,paolo-laptop,mongo_source
power_consumption,1704460003275000000,0.05429726268568744,paolo-laptop,mongo_source
power_consumption,1704460004281000000,0.054937071309148,paolo-laptop,mongo_source
power_consumption,1704460006287000000,0.0734040541137488,paolo-laptop,mongo_source
power_consumption,1704460007291000000,0.04476455908366685,paolo-laptop,mongo_source
power_consumption,1704460008293000000,0.08164715630564585,paolo-laptop,mongo_source
power_consumption,1704460009295000000,0.06734300337877677,paolo-laptop,mongo_source
power_consumption,1704460010297000000,0.06672750321714672,paolo-laptop,mongo_source
power_consumption,1704460011299000000,0.051613744661094293,paolo-laptop,mongo_source
power_consumption,1704460012301000000,0.13502919385179496,paolo-laptop,mongo_source
power_consumption,1704460013302000000,0.057646129602421756,paolo-laptop,mongo_source
power_consumption,1704460014304000000,0.06433692557713305,paolo-laptop,mongo_source
power_consumption,1704460015306000000,0.059287262920875966,paolo-laptop,mongo_source
power_consumption,1704460016308000000,0.055607355021847084,paolo-laptop,mongo_source
power_consumption,1704460017310000000,0.06308339428587748,paolo-laptop,mongo_source
power_consumption,1704460018312000000,0.06173527115919214,paolo-laptop,mongo_source
power_consumption,1704460019314000000,0.06550372070036274,paolo-laptop,mongo_source
power_consumption,1704460020318000000,0.06157962132754362,paolo-laptop,mongo_source
power_consumption,1704460021319000000,0.15135599559353907,paolo-laptop,mongo_source
power_consumption,1704460022321000000,0.07219603028646998,paolo-laptop,mongo_source
power_consumption,1704460023322000000,0.07076379839109934,paolo-laptop,mongo_source
power_consumption,1704460024324000000,0.0708253097142876,paolo-laptop,mongo_source
power_consumption,1704460025326000000,0.06537589274072306,paolo-laptop,mongo_source
power_consumption,1704460026328000000,0.06249752610655913,paolo-laptop,mongo_source
power_consumption,1704460027329000000,0.06263022027052778,paolo-laptop,mongo_source
power_consumption,1704460028331000000,0.0644784301133697,paolo-laptop,mongo_source
power_consumption,1704460029333000000,0.06768264063669104,paolo-laptop,mongo_source
power_consumption,1704460030335000000,0.056169016882294594,paolo-laptop,mongo_source
power_consumption,1704460031336000000,0.06638068046583755,paolo-laptop,mongo_source
power_consumption,1704460032338000000,0.08453302782882594,paolo-laptop,mongo_source
power_consumption,1704460033340000000,0.06457233390599454,paolo-laptop,mongo_source
power_consumption,1704460034343000000,0.03626189777545147,paolo-laptop,mongo_source
power_consumption,1704460035345000000,0.10629258604612525,paolo-laptop,mongo_source
power_consumption,1704460036346000000,0.03666734783747486,paolo-laptop,mongo_source
power_consumption,1704460037347000000,0.07677492913580389,paolo-laptop,mongo_source
power_consumption,1704460038349000000,0.07281853187626616,paolo-laptop,mongo_source
power_consumption,1704460040355000000,0.042380949969315615,paolo-laptop,mongo_source
power_consumption,1704460041357000000,0.22823700150201676,paolo-laptop,mongo_source
power_consumption,1704460042359000000,0.14636706594798238,paolo-laptop,mongo_source
power_consumption,1704460043365000000,0.03528462102040573,paolo-laptop,mongo_source
power_consumption,1704460045375000000,0.08722539736459765,paolo-laptop,mongo_source
power_consumption,1704460046377000000,0.040746598314371385,paolo-laptop,mongo_source
power_consumption,1704460047380000000,0.04130873917563125,paolo-laptop,mongo_source
power_consumption,1704460048384000000,0.027411710234959235,paolo-laptop,mongo_source
power_consumption,1704460049385000000,0.03680729126922902,paolo-laptop,mongo_source
power_consumption,1704460050389000000,0.04441025967168803,paolo-laptop,mongo_source
power_consumption,1704460051395000000,0.12552314240072912,paolo-laptop,mongo_source
power_consumption,1704460052398000000,0.0879910868161951,paolo-laptop,mongo_source
power_consumption,1704460053400000000,0.058697832603950256,paolo-laptop,mongo_source
power_consumption,1704460054402000000,0.04878848852638139,paolo-laptop,mongo_source
power_consumption,1704460055406000000,0.08545182982742734,paolo-laptop,mongo_source
power_consumption,1704460056407000000,0.08412360000379539,paolo-laptop,mongo_source
power_consumption,1704460057409000000,0.05579729748765265,paolo-laptop,mongo_source
power_consumption,1704460058411000000,0.13987904042230492,paolo-laptop,mongo_source
power_consumption,1704460059412000000,0.06625982426789487,paolo-laptop,mongo_source
power_consumption,1704460060416000000,0.1522231965938083,paolo-laptop,mongo_source
power_consumption,1704460061420000000,0.0819661416354534,paolo-laptop,mongo_source
power_consumption,1704460062424000000,0.11885499622879914,paolo-laptop,mongo_source
power_consumption,1704460063427000000,0.21748972397901328,paolo-laptop,mongo_source
power_consumption,1704460064431000000,0.029053962913811356,paolo-laptop,mongo_source
power_consumption,1704460065433000000,0.025493407162649247,paolo-laptop,mongo_source
power_consumption,1704460066437000000,0.03272945044393152,paolo-laptop,mongo_source
power_consumption,1704460067438000000,0.03843136207273376,paolo-laptop,mongo_source
power_consumption,1704460068439000000,0.04248868392685187,paolo-laptop,mongo_source
power_consumption,1704460069442000000,0.23877771425393754,paolo-laptop,mongo_source
power_consumption,1704460070446000000,0.03715392209485631,paolo-laptop,mongo_source
power_consumption,1704460071450000000,0.07991251712527025,paolo-laptop,mongo_source
power_consumption,1704460073455000000,0.03800838802429063,paolo-laptop,mongo_source
power_consumption,1704460074459000000,0.09093360674100673,paolo-laptop,mongo_source
power_consumption,1704460075463000000,0.09927097483378908,paolo-laptop,mongo_source
power_consumption,1704460076466000000,0.11685016077728932,paolo-laptop,mongo_source
power_consumption,1704460077469000000,0.028568555662146503,paolo-laptop,mongo_source
power_consumption,1704460079479000000,0.036435074447606935,paolo-laptop,mongo_source
power_consumption,1704460080481000000,0.03093644545094125,paolo-laptop,mongo_source
power_consumption,1704460081485000000,0.05322652262636132,paolo-laptop,mongo_source
power_consumption,1704460082488000000,0.07972687156693999,paolo-laptop,mongo_source
power_consumption,1704460083490000000,0.13340277790018912,paolo-laptop,mongo_source
power_consumption,1704460084492000000,0.03917711443867177,paolo-laptop,mongo_source
power_consumption,1704460085497000000,0.08957151800407857,paolo-laptop,mongo_source
power_consumption,1704460086502000000,0.037660925788812145,paolo-laptop,mongo_source
power_consumption,1704460087509000000,0.04383770499353069,paolo-laptop,mongo_source
power_consumption,1704460088511000000,0.0973672076235434,paolo-laptop,mongo_source
power_consumption,1704460089512000000,0.03680094066875916,paolo-laptop,mongo_source
power_consumption,1704460090514000000,0.046155960673027206,paolo-laptop,mongo_source
power_consumption,1704460091516000000,0.056002861421284876,paolo-laptop,mongo_source
power_consumption,1704460092518000000,0.09092828639865887,paolo-laptop,mongo_source
power_consumption,1704460093521000000,0.03462361910556255,paolo-laptop,mongo_source
power_consumption,1704460094523000000,0.028038862622627468,paolo-laptop,mongo_source
power_consumption,1704460095525000000,0.027947104296755766,paolo-laptop,mongo_source
power_consumption,1704460096527000000,0.17402286271572184,paolo-laptop,mongo_source
power_consumption,1704460097528000000,0.036735001510538094,paolo-laptop,mongo_source
power_consumption,1704460098530000000,0.081822891563651,paolo-laptop,mongo_source
power_consumption,1704460099531000000,0.12813205532474095,paolo-laptop,mongo_source
power_consumption,1704460100533000000,0.03343665556510286,paolo-laptop,mongo_source
power_consumption,1704460101534000000,0.02865935629113465,paolo-laptop,mongo_source
power_consumption,1704460102536000000,0.21246884613605693,paolo-laptop,mongo_source
power_consumption,1704460103541000000,0.08407715385822764,paolo-laptop,mongo_source
power_consumption,1704460104543000000,0.03746988541599684,paolo-laptop,mongo_source
power_consumption,1704460105545000000,0.035729603554559716,paolo-laptop,mongo_source
power_consumption,1704460106547000000,0.044893689147284206,paolo-laptop,mongo_source
power_consumption,1704460107551000000,0.03250605930092115,paolo-laptop,mongo_source
power_consumption,1704460108558000000,0.10588761070296657,paolo-laptop,mongo_source
power_consumption,1704460109562000000,0.17660218096071564,paolo-laptop,mongo_source
power_consumption,1704460110564000000,0.04565917503582141,paolo-laptop,mongo_source
power_consumption,1704460111568000000,0.03871847365099115,paolo-laptop,mongo_source
power_consumption,1704460112574000000,0.08583972800570767,paolo-laptop,mongo_source
power_consumption,1704460113577000000,0.09092289158310769,paolo-laptop,mongo_source
power_consumption,1704460114582000000,0.0380744273128684,paolo-laptop,mongo_source
power_consumption,1704460115584000000,0.05449778162370926,paolo-laptop,mongo_source
power_consumption,1704460116585000000,0.05846930150902397,paolo-laptop,mongo_source
power_consumption,1704460117587000000,0.05243979314951654,paolo-laptop,mongo_source
power_consumption,1704460118589000000,0.04418089257965069,paolo-laptop,mongo_source
power_consumption,1704460119591000000,0.0634171969603102,paolo-laptop,mongo_source
power_consumption,1704460120593000000,0.06483105554344522,paolo-laptop,mongo_source
power_consumption,1704460121597000000,0.045031724557773864,paolo-laptop,mongo_source
power_consumption,1704460122601000000,0.15815481980111784,paolo-laptop,mongo_source
power_consumption,1704460123602000000,0.033739368062638886,paolo-laptop,mongo_source
power_consumption,1704460124608000000,0.04922485640060643,paolo-laptop,mongo_source
power_consumption,1704460125611000000,0.20707295029220013,paolo-laptop,mongo_source
power_consumption,1704460126613000000,0.08797798845955881,paolo-laptop,mongo_source
power_consumption,1704460127617000000,0.09660642586701085,paolo-laptop,mongo_source
power_consumption,1704460128618000000,0.043013444511375086,paolo-laptop,mongo_source
power_consumption,1704460129623000000,0.04359770207600672,paolo-laptop,mongo_source
power_consumption,1704460131626000000,0.03152938932796473,paolo-laptop,mongo_source
power_consumption,1704460132630000000,0.11956832508002668,paolo-laptop,mongo_source
power_consumption,1704460133632000000,0.20692987893958759,paolo-laptop,mongo_source
power_consumption,1704460134635000000,0.02818982100082664,paolo-laptop,mongo_source
power_consumption,1704460136643000000,0.18524395744192163,paolo-laptop,mongo_source
power_consumption,1704460137645000000,0.1721402119953597,paolo-laptop,mongo_source
power_consumption,1704460138647000000,0.03525818303034362,paolo-laptop,mongo_source
power_consumption,1704460139648000000,0.05981587045265763,paolo-laptop,mongo_source
power_consumption,1704460140652000000,0.05529514330168116,paolo-laptop,mongo_source
power_consumption,1704460141654000000,0.20869985641425115,paolo-laptop,mongo_source
power_consumption,1704460142658000000,0.09942969831677087,paolo-laptop,mongo_source
power_consumption,1704460144667000000,0.23116869284066466,paolo-laptop,mongo_source
power_consumption,1704460145672000000,0.0366471124966592,paolo-laptop,mongo_source
power_consumption,1704460146678000000,0.21142618160312213,paolo-laptop,mongo_source
power_consumption,1704460147682000000,0.028019781216809855,paolo-laptop,mongo_source
power_consumption,1704460148686000000,0.2282774084931622,paolo-laptop,mongo_source
power_consumption,1704460149689000000,0.03681238798680261,paolo-laptop,mongo_source
power_consumption,1704460151695000000,0.19153031860602282,paolo-laptop,mongo_source
power_consumption,1704460152698000000,0.3140873825562443,paolo-laptop,mongo_source
power_consumption,1704460153700000000,0.03198612837437942,paolo-laptop,mongo_source
power_consumption,1704460154702000000,0.05928338643740853,paolo-laptop,mongo_source
power_consumption,1704460155704000000,0.03590537246245118,paolo-laptop,mongo_source
power_consumption,1704460156706000000,0.05987997147132808,paolo-laptop,mongo_source
power_consumption,1704460157708000000,0.030342741054112433,paolo-laptop,mongo_source
power_consumption,1704460158709000000,0.06468182237465381,paolo-laptop,mongo_source
power_consumption,1704460159711000000,0.03803781926800958,paolo-laptop,mongo_source
power_consumption,1704460160713000000,0.034322412819736595,paolo-laptop,mongo_source
power_consumption,1704460161715000000,0.030986030212135654,paolo-laptop,mongo_source
power_consumption,1704460162717000000,0.21329582432345287,paolo-laptop,mongo_source
power_consumption,1704460163721000000,0.038515215465062015,paolo-laptop,mongo_source
power_consumption,1704460164727000000,0.18002574994244525,paolo-laptop,mongo_source
power_consumption,1704460165731000000,0.03593358537192319,paolo-laptop,mongo_source
power_consumption,1704460166732000000,0.04331189780753157,paolo-laptop,mongo_source
power_consumption,1704460167737000000,0.10849827858722408,paolo-laptop,mongo_source
power_consumption,1704460168740000000,0.03245166046358685,paolo-laptop,mongo_source
power_consumption,1704460169741000000,0.028895157465575527,paolo-laptop,mongo_source
power_consumption,1704460170745000000,0.03592556087794372,paolo-laptop,mongo_source
power_consumption,1704460171747000000,0.043197154521339994,paolo-laptop,mongo_source
power_consumption,1704460172751000000,0.09997259065054334,paolo-laptop,mongo_source
power_consumption,1704460173754000000,0.03501648305471744,paolo-laptop,mongo_source
power_consumption,1704460174756000000,0.07565947825683197,paolo-laptop,mongo_source
power_consumption,1704460175758000000,0.06438512466199828,paolo-laptop,mongo_source
power_consumption,1704460176760000000,0.057521785035534005,paolo-laptop,mongo_source
power_consumption,1704460177762000000,0.06798524321262861,paolo-laptop,mongo_source
power_consumption,1704460178765000000,0.03444408142032751,paolo-laptop,mongo_source
power_consumption,1704460179767000000,0.032643272185959124,paolo-laptop,mongo_source
power_consumption,1704460180769000000,0.057775509335809536,paolo-laptop,mongo_source
power_consumption,1704460182776000000,0.13960634343341222,paolo-laptop,mongo_source
power_consumption,1704460183778000000,0.05061590677328425,paolo-laptop,mongo_source
power_consumption,1704460184782000000,0.03179589393178228,paolo-laptop,mongo_source
power_consumption,1704460185783000000,0.03913445267601654,paolo-laptop,mongo_source
power_consumption,1704460186788000000,0.0387048982882994,paolo-laptop,mongo_source
power_consumption,1704460187794000000,0.08382333691076584,paolo-laptop,mongo_source
power_consumption,1704460188798000000,0.04074952225805432,paolo-laptop,mongo_source
power_consumption,1704460189801000000,0.03185313629962473,paolo-laptop,mongo_source
power_consumption,1704460190803000000,0.03901213329110774,paolo-laptop,mongo_source
power_consumption,1704460191808000000,0.03398632335697849,paolo-laptop,mongo_source
power_consumption,1704460192810000000,0.10950815962389086,paolo-laptop,mongo_source
power_consumption,1704460193812000000,0.05841096815712249,paolo-laptop,mongo_source
power_consumption,1704460194816000000,0.08466064441717042,paolo-laptop,mongo_source
power_consumption,1704460195820000000,0.22088030691883592,paolo-laptop,mongo_source
power_consumption,1704460196824000000,0.18201018860254523,paolo-laptop,mongo_source
power_consumption,1704460198832000000,0.029460497039697456,paolo-laptop,mongo_source
power_consumption,1704460199833000000,0.18606911222138509,paolo-laptop,mongo_source
power_consumption,1704460200837000000,0.1111351105995228,paolo-laptop,mongo_source
power_consumption,1704460201841000000,0.1752133280832668,paolo-laptop,mongo_source
power_consumption,1704460202844000000,0.10248008361712724,paolo-laptop,mongo_source
power_consumption,1704460204853000000,0.22516467405616242,paolo-laptop,mongo_source
power_consumption,1704460205857000000,0.110056361306553,paolo-laptop,mongo_source
power_consumption,1704460206862000000,0.04002159125208312,paolo-laptop,mongo_source
power_consumption,1704460209875000000,0.0354395039258295,paolo-laptop,mongo_source
power_consumption,1704460210879000000,0.05225657076322085,paolo-laptop,mongo_source
power_consumption,1704460211883000000,0.10359971949866291,paolo-laptop,mongo_source
power_consumption,1704460213891000000,0.3148801818593696,paolo-laptop,mongo_source
power_consumption,1704460214893000000,0.3172698136938863,paolo-laptop,mongo_source
power_consumption,1704460215894000000,0.22634426686451015,paolo-laptop,mongo_source
power_consumption,1704460216895000000,0.17075242753476488,paolo-laptop,mongo_source
power_consumption,1704460217897000000,0.08597056957967111,paolo-laptop,mongo_source
power_consumption,1704460218899000000,0.05367029060982979,paolo-laptop,mongo_source
power_consumption,1704460219901000000,0.040745282446542616,paolo-laptop,mongo_source
power_consumption,1704460220903000000,0.05349813973848283,paolo-laptop,mongo_source
power_consumption,1704460221908000000,0.05464071195474674,paolo-laptop,mongo_source
power_consumption,1704460222911000000,0.09555674883852065,paolo-laptop,mongo_source
power_consumption,1704460223914000000,0.05784290114836833,paolo-laptop,mongo_source
power_consumption,1704460224916000000,0.059736561259572704,paolo-laptop,mongo_source
power_consumption,1704460225918000000,0.058061614603608716,paolo-laptop,mongo_source
power_consumption,1704460226923000000,0.12455999922001303,paolo-laptop,mongo_source
power_consumption,1704460227926000000,0.031885808684251934,paolo-laptop,mongo_source
power_consumption,1704460228928000000,0.0654437732439298,paolo-laptop,mongo_source
power_consumption,1704460229932000000,0.05345974142401311,paolo-laptop,mongo_source
power_consumption,1704460230938000000,0.09148707303893222,paolo-laptop,mongo_source
power_consumption,1704460231944000000,0.02891234180093525,paolo-laptop,mongo_source
power_consumption,1704460232947000000,0.12382278584781269,paolo-laptop,mongo_source
power_consumption,1704460233951000000,0.18055288764805577,paolo-laptop,mongo_source
power_consumption,1704460234954000000,0.05321607869825604,paolo-laptop,mongo_source
power_consumption,1704460235959000000,0.04647804459433058,paolo-laptop,mongo_source
power_consumption,1704460236961000000,0.18952427906641225,paolo-laptop,mongo_source
power_consumption,1704460237963000000,0.04909079016357992,paolo-laptop,mongo_source
power_consumption,1704460238965000000,0.11891098780539958,paolo-laptop,mongo_source
power_consumption,1704460239968000000,0.0696000157974952,paolo-laptop,mongo_source
power_consumption,1704460240973000000,0.03312616360602675,paolo-laptop,mongo_source
power_consumption,1704460241974000000,0.040827886527039475,paolo-laptop,mongo_source
power_consumption,1704460242978000000,0.12069814093784567,paolo-laptop,mongo_source
power_consumption,1704460243983000000,0.1110641509840143,paolo-laptop,mongo_source
power_consumption,1704460244985000000,0.12564190203952078,paolo-laptop,mongo_source
power_consumption,1704460245987000000,0.029143021836587544,paolo-laptop,mongo_source
power_consumption,1704460246989000000,0.042361744849481964,paolo-laptop,mongo_source
power_consumption,1704460247990000000,0.037002983165887,paolo-laptop,mongo_source
power_consumption,1704460248992000000,0.043925138682637116,paolo-laptop,mongo_source
power_consumption,1704460249994000000,0.061325829145775626,paolo-laptop,mongo_source
power_consumption,1704460250995000000,0.04318994331024722,paolo-laptop,mongo_source
power_consumption,1704460251997000000,0.044154600711837445,paolo-laptop,mongo_source
power_consumption,1704460253000000000,0.16861732512483227,paolo-laptop,mongo_source
power_consumption,1704460254002000000,0.12961758457751713,paolo-laptop,mongo_source
power_consumption,1704460255006000000,0.06352300926136792,paolo-laptop,mongo_source
power_consumption,1704460256007000000,0.03933930964059883,paolo-laptop,mongo_source
power_consumption,1704460257011000000,0.04012051883679589,paolo-laptop,mongo_source
power_consumption,1704460258013000000,0.10057169732218278,paolo-laptop,mongo_source
power_consumption,1704460259014000000,0.27296216445979027,paolo-laptop,mongo_source
power_consumption,1704460260015000000,0.06030575599351061,paolo-laptop,mongo_source
power_consumption,1704460261017000000,0.0313445252748063,paolo-laptop,mongo_source
power_consumption,1704460262018000000,0.12854618243144417,paolo-laptop,mongo_source
power_consumption,1704460263020000000,0.07614480724888306,paolo-laptop,mongo_source
power_consumption,1704460264022000000,0.13824471109594744,paolo-laptop,mongo_source
power_consumption,1704460265024000000,0.03555813016096341,paolo-laptop,mongo_source
power_consumption,1704460266030000000,0.045882972477353325,paolo-laptop,mongo_source
power_consumption,1704460267034000000,0.03336600147632956,paolo-laptop,mongo_source
power_consumption,1704460268040000000,0.06783911863581157,paolo-laptop,mongo_source
power_consumption,1704460269042000000,0.05550719310812648,paolo-laptop,mongo_source
power_consumption,1704460270046000000,0.04361914168441506,paolo-laptop,mongo_source
power_consumption,1704460271047000000,0.04052917246402847,paolo-laptop,mongo_source
power_consumption,1704460272052000000,0.16602106364003424,paolo-laptop,mongo_source
power_consumption,1704460273054000000,0.12635232747564948,paolo-laptop,mongo_source
power_consumption,1704460274056000000,0.06581295049436242,paolo-laptop,mongo_source
power_consumption,1704460275057000000,0.040848009771146554,paolo-laptop,mongo_source
power_consumption,1704460276059000000,0.051397244193847634,paolo-laptop,mongo_source
power_consumption,1704460277061000000,0.03994829057512102,paolo-laptop,mongo_source
power_consumption,1704460278062000000,0.05795909246867744,paolo-laptop,mongo_source
power_consumption,1704460279066000000,0.04178752077427108,paolo-laptop,mongo_source
power_consumption,1704460280067000000,0.03849560351068746,paolo-laptop,mongo_source
power_consumption,1704460281069000000,0.08722211017563478,paolo-laptop,mongo_source
power_consumption,1704460282070000000,0.12855117345437123,paolo-laptop,mongo_source
power_consumption,1704460283072000000,0.03856432427039443,paolo-laptop,mongo_source
